code,date,time,floor,type,basicPrice,ceilingPrice,floorPrice,open,high,low,close,average,adOpen,adHigh,adLow,adClose,adAverage,nmVolume,nmValue,ptVolume,ptValue,change,adChange,pctChange
SSI,2025-11-03,15:11:02,HOSE,STOCK,34.3,36.7,31.9,34.3,34.55,32.5,32.5,33.417,34.3,34.55,32.5,32.5,33.417,50015100.0,1671338090000.0,90040.0,3015076000.0,-1.8,-1.8,-5.2478
SSI,2025-10-31,15:10:02,HOSE,STOCK,34.85,37.25,32.45,34.75,35.25,34.3,34.3,34.653,34.75,35.25,34.3,34.3,34.653,26772900.0,927756830000.0,3543404.0,115304129800.0,-0.55,-0.55,-1.5782
SSI,2025-10-30,15:10:03,HOSE,STOCK,35.6,38.05,33.15,35.65,35.85,34.8,34.85,35.144,35.65,35.85,34.8,34.85,35.144,28037300.0,985340375000.0,60001.0,2148033150.0,-0.75,-0.75,-2.1067
SSI,2025-10-29,15:10:02,HOSE,STOCK,35.85,38.35,33.35,35.95,36.2,35.6,35.6,35.913,35.95,36.2,35.6,35.6,35.913,22897000.0,822309015000.0,120017.0,4081066950.0,-0.25,-0.25,-0.6974
SSI,2025-10-28,15:10:03,HOSE,STOCK,34.8,37.2,32.4,34.7,36.0,34.7,35.85,35.18,34.7,36.0,34.7,35.85,35.18,34464100.0,1212450690000.0,550001.0,18600032400.0,1.05,1.05,3.0172
SSI,2025-10-27,15:10:01,HOSE,STOCK,36.0,38.5,33.5,36.4,36.55,34.55,34.8,35.26,36.4,36.55,34.55,34.8,35.26,71137600.0,2508286260000.0,400000.0,13420000000.0,-1.2,-1.2,-3.3333
SSI,2025-10-24,15:10:03,HOSE,STOCK,37.5,40.1,34.9,37.2,37.4,35.7,36.0,36.239,37.2,37.4,35.7,36.0,36.239,82075200.0,2974302000000.0,0.0,0.0,-1.5,-1.5,-4.0
SSI,2025-10-23,15:10:01,HOSE,STOCK,38.45,41.1,35.8,38.5,38.65,37.5,37.5,37.953,38.5,38.65,37.5,37.5,37.953,24279700.0,921486385000.0,71402.0,2709611600.0,-0.95,-0.95,-2.4707
SSI,2025-10-22,15:10:02,HOSE,STOCK,38.6,41.3,35.9,38.8,38.8,37.2,38.45,37.966,38.8,38.8,37.2,38.45,37.966,32795900.0,1245133515000.0,450001.0,18038035900.0,-0.15,-0.15,-0.3886
SSI,2025-10-21,15:10:02,HOSE,STOCK,37.95,40.6,35.3,37.95,39.5,36.95,38.6,38.164,37.95,39.5,36.95,38.6,38.164,81186900.0,3098417945000.0,2076004.0,79018085200.0,0.65,0.65,1.7128
SSI,2025-10-20,15:10:02,HOSE,STOCK,40.8,43.65,37.95,40.75,41.8,37.95,37.95,39.358,40.75,41.8,37.95,37.95,39.358,70585900.0,2778105265000.0,201003.0,8341613850.0,-2.85,-2.85,-6.9853
SSI,2025-10-17,15:10:02,HOSE,STOCK,41.35,44.2,38.5,41.5,41.95,40.7,40.8,41.321,41.5,41.95,40.7,40.8,41.321,38969300.0,1610241805000.0,50001.0,1969788500.0,-0.55,-0.55,-1.3301
SSI,2025-10-16,15:10:01,HOSE,STOCK,41.45,44.35,38.55,41.7,42.25,41.15,41.35,41.6,41.7,42.25,41.15,41.35,41.6,29760800.0,1238062025000.0,1071004.0,44320654200.0,-0.1,-0.1,-0.2413
SSI,2025-10-15,15:10:01,HOSE,STOCK,41.0,43.85,38.15,41.1,41.75,40.85,41.45,41.244,41.1,41.75,40.85,41.45,41.244,30114300.0,1242021455000.0,120004.0,4966158300.0,0.45,0.45,1.0976
SSI,2025-10-14,15:10:02,HOSE,STOCK,41.35,44.2,38.5,42.35,43.3,41.0,41.0,42.251,42.35,43.3,41.0,41.0,42.251,65269200.0,2757713485000.0,4950005.0,203467692500.0,-0.35,-0.35,-0.8464
SSI,2025-10-13,15:10:01,HOSE,STOCK,40.7,43.5,37.9,40.15,41.7,40.0,41.35,40.863,40.15,41.7,40.0,41.35,40.863,42263800.0,1727012345000.0,100001.0,4070037900.0,0.65,0.65,1.5971
SSI,2025-10-10,15:10:02,HOSE,STOCK,40.65,43.45,37.85,40.9,41.5,40.6,40.7,40.981,40.9,41.5,40.6,40.7,40.981,29024800.0,1189464730000.0,1630300.0,62939195000.0,0.05,0.05,0.123
SSI,2025-10-09,15:10:02,HOSE,STOCK,41.2,44.05,38.35,41.25,41.3,40.55,40.65,40.801,41.25,41.3,40.55,40.65,40.801,33451500.0,1364859155000.0,80000.0,3104000000.0,-0.55,-0.55,-1.335
SSI,2025-10-08,15:10:03,HOSE,STOCK,40.8,43.65,37.95,41.75,42.5,40.55,41.2,41.439,41.75,42.5,40.55,41.2,41.439,53747600.0,2227256430000.0,60000.0,2448000000.0,0.4,0.4,0.9804
SSI,2025-10-07,15:10:02,HOSE,STOCK,40.25,43.05,37.45,41.0,41.35,40.55,40.8,40.941,41.0,41.35,40.55,40.8,40.941,40540800.0,1659781570000.0,4350000.0,180325000000.0,0.55,0.55,1.3665
SSI,2025-10-06,15:10:03,HOSE,STOCK,37.65,40.25,35.05,38.5,40.25,38.45,40.25,39.765,38.5,40.25,38.45,40.25,39.765,53500100.0,2127432275000.0,280002.0,10725070100.0,2.6,2.6,6.9057
SSI,2025-10-03,15:10:02,HOSE,STOCK,37.85,40.45,35.25,37.75,38.2,37.2,37.65,37.703,37.75,38.2,37.2,37.65,37.703,25057700.0,944748195000.0,120000.0,4354800000.0,-0.2,-0.2,-0.5284
SSI,2025-10-02,15:10:02,HOSE,STOCK,38.6,41.3,35.9,38.65,38.95,37.7,37.85,38.324,38.65,38.95,37.7,37.85,38.324,21157600.0,810833870000.0,210000.0,8190000000.0,-0.75,-0.75,-1.943
SSI,2025-10-01,15:10:01,HOSE,STOCK,38.55,41.2,35.9,38.85,39.2,38.45,38.6,38.691,38.85,39.2,38.45,38.6,38.691,16967100.0,656477455000.0,2000004.0,74000143600.0,0.05,0.05,0.1297
SSI,2025-09-30,15:09:02,HOSE,STOCK,37.55,40.15,34.95,37.6,38.8,37.3,38.55,38.025,37.6,38.8,37.3,38.55,38.025,38227200.0,1453573690000.0,191801.0,7412986950.0,1.0,1.0,2.6631
SSI,2025-09-29,15:09:02,HOSE,STOCK,38.0,40.65,35.35,38.05,38.2,37.2,37.55,37.582,38.05,38.2,37.2,37.55,37.582,34409300.0,1293173275000.0,100000.0,3596000000.0,-0.45,-0.45,-1.1842
SSI,2025-09-26,15:09:02,HOSE,STOCK,39.0,41.7,36.3,38.9,38.95,38.0,38.0,38.366,38.9,38.95,38.0,38.0,38.366,38838600.0,1490101120000.0,2035000.0,83072250000.0,-1.0,-1.0,-2.5641
SSI,2025-09-25,15:09:02,HOSE,STOCK,39.25,41.95,36.55,39.5,39.65,39.0,39.0,39.232,39.5,39.65,39.0,39.0,39.232,25997200.0,1019919475000.0,1334000.0,52279700000.0,-0.25,-0.25,-0.6369
SSI,2025-09-24,15:09:02,HOSE,STOCK,39.4,42.15,36.65,39.5,40.25,38.55,40.25,39.277,38.52,39.252,37.594,39.252,38.303,36376800.0,1428761520000.0,120353.0,4444400010.0,0.85,0.8289,2.1574
SSI,2025-09-23,15:09:02,HOSE,STOCK,39.3,42.05,36.55,39.4,40.1,39.4,39.4,39.709,38.423,39.106,38.423,38.423,38.724,21429500.0,850936280000.0,0.0,0.0,0.1,0.0975,0.2545
SSI,2025-09-22,15:09:02,HOSE,STOCK,40.35,43.15,37.55,40.5,40.75,39.2,39.3,39.79,39.496,39.739,38.228,38.325,38.803,43538600.0,1732401745000.0,0.0,0.0,-1.05,-1.024,-2.6022
SSI,2025-09-19,15:09:02,HOSE,STOCK,40.8,43.65,37.95,41.0,41.25,40.35,40.35,40.724,39.983,40.227,39.349,39.349,39.714,27872000.0,1135061850000.0,0.0,0.0,-0.45,-0.4388,-1.1029
SSI,2025-09-18,15:09:01,HOSE,STOCK,40.6,43.4,37.8,40.85,41.4,40.3,40.8,40.789,39.837,40.373,39.301,39.788,39.777,26356200.0,1075051060000.0,0.0,0.0,0.2,0.195,0.4926
SSI,2025-09-17,15:09:02,HOSE,STOCK,41.6,44.5,38.7,41.4,41.65,40.5,40.6,40.968,40.373,40.617,39.496,39.593,39.952,37920700.0,1553521345000.0,0.0,0.0,-1.0,-0.9752,-2.4038
SSI,2025-09-16,15:09:02,HOSE,STOCK,42.2,45.15,39.25,43.0,43.0,41.6,41.6,42.281,41.934,41.934,40.568,40.568,41.232,37917500.0,1603176825000.0,0.0,0.0,-0.6,-0.5851,-1.4218
SSI,2025-09-15,15:09:02,HOSE,STOCK,41.9,44.8,39.0,42.1,42.65,41.45,42.2,41.992,41.056,41.592,40.422,41.153,40.951,40521000.0,1701562670000.0,0.0,0.0,0.3,0.2926,0.716
SSI,2025-09-12,15:09:01,HOSE,STOCK,42.45,45.4,39.5,42.85,42.9,41.55,41.9,42.311,41.787,41.836,40.52,40.861,41.262,34559500.0,1462244245000.0,0.0,0.0,-0.55,-0.5364,-1.2956
SSI,2025-09-11,15:09:02,HOSE,STOCK,42.45,45.4,39.5,41.8,42.6,39.8,42.45,40.886,40.763,41.544,38.813,41.397,39.872,85920600.0,3512936185000.0,0.0,0.0,0.0,0.0,0.0
SSI,2025-09-10,15:09:02,HOSE,STOCK,42.0,44.9,39.1,42.8,43.4,41.65,42.45,42.485,41.739,42.324,40.617,41.397,41.431,43275200.0,1838549655000.0,0.0,0.0,0.45,0.4388,1.0714
SSI,2025-09-09,15:09:02,HOSE,STOCK,40.2,43.0,37.4,40.55,42.0,39.3,42.0,40.442,39.544,40.958,38.325,40.958,39.439,51995900.0,2102836635000.0,0.0,0.0,1.8,1.7553,4.4776
SSI,2025-09-08,15:09:02,HOSE,STOCK,40.5,43.3,37.7,40.3,41.6,40.1,40.2,40.751,39.301,40.568,39.106,39.203,39.74,72146900.0,2940028530000.0,0.0,0.0,-0.3,-0.2926,-0.7407
SSI,2025-09-05,15:09:01,HOSE,STOCK,42.3,45.25,39.35,42.75,43.4,40.5,40.5,42.18,41.69,42.324,39.496,39.496,41.134,51528200.0,2173438975000.0,0.0,0.0,-1.8,-1.7554,-4.2553
SSI,2025-09-04,15:09:02,HOSE,STOCK,41.35,44.2,38.5,41.6,42.6,41.15,42.3,41.863,40.568,41.544,40.129,41.251,40.825,33209200.0,1390244495000.0,0.0,0.0,0.95,0.9264,2.2975
SSI,2025-09-03,15:09:02,HOSE,STOCK,42.2,45.15,39.25,42.2,42.65,40.9,41.35,41.539,41.153,41.592,39.886,40.325,40.509,54126400.0,2248379295000.0,0.0,0.0,-0.85,-0.8289,-2.0142
SSI,2025-08-29,15:08:02,HOSE,STOCK,42.0,44.9,39.1,42.95,44.15,42.2,42.2,43.123,41.885,43.055,41.153,41.153,42.054,52457300.0,2262129195000.0,0.0,0.0,0.2,0.195,0.4762
SSI,2025-08-28,15:08:02,HOSE,STOCK,40.25,43.05,37.45,40.5,42.0,40.15,42.0,41.244,39.496,40.958,39.154,40.958,40.221,54930700.0,2265585610000.0,0.0,0.0,1.75,1.7066,4.3478
SSI,2025-08-27,15:08:02,HOSE,STOCK,39.2,41.9,36.5,40.45,41.2,40.1,40.25,40.619,39.447,40.178,39.106,39.252,39.612,59655800.0,2423133350000.0,0.0,0.0,1.05,1.024,2.6786
SSI,2025-08-26,15:08:02,HOSE,STOCK,36.65,39.2,34.1,36.55,39.2,36.15,39.2,37.978,35.644,38.228,35.253,38.228,37.036,94358400.0,3583577185000.0,0.0,0.0,2.55,2.4868,6.9577
SSI,2025-08-25,15:08:02,HOSE,STOCK,35.75,38.25,33.25,36.4,37.8,35.85,36.65,36.825,35.497,36.863,34.961,35.741,35.912,69348200.0,2553713255000.0,0.0,0.0,0.9,0.8777,2.5175
SSI,2025-08-22,15:08:02,HOSE,STOCK,37.05,39.6,34.5,36.45,36.8,35.35,35.75,36.121,35.546,35.887,34.473,34.863,35.225,63807300.0,2304756750000.0,0.0,0.0,-1.3,-1.2677,-3.5088
SSI,2025-08-21,15:08:01,HOSE,STOCK,36.1,38.6,33.6,36.2,37.9,36.1,37.05,37.049,35.302,36.96,35.205,36.131,36.13,72277300.0,2677829515000.0,0.0,0.0,0.95,0.9264,2.6316
SSI,2025-08-20,15:08:02,HOSE,STOCK,36.75,39.3,34.2,36.75,36.8,34.5,36.1,35.721,35.839,35.887,33.644,35.205,34.835,60341100.0,2155436655000.0,0.0,0.0,-0.65,-0.6339,-1.7687
SSI,2025-08-19,15:08:02,HOSE,STOCK,35.8,38.3,33.3,35.5,37.3,35.5,36.75,36.463,34.62,36.375,34.62,35.839,35.559,59106200.0,2155209685000.0,0.0,0.0,0.95,0.9265,2.6536
SSI,2025-08-18,15:08:02,HOSE,STOCK,36.55,39.1,34.0,36.6,36.8,35.65,35.8,36.037,35.692,35.887,34.766,34.912,35.143,50226000.0,1810004665000.0,0.0,0.0,-0.75,-0.7314,-2.052
SSI,2025-08-15,15:08:02,HOSE,STOCK,36.8,39.35,34.25,37.4,37.55,36.25,36.55,36.937,36.472,36.619,35.351,35.644,36.021,58499100.0,2160787585000.0,0.0,0.0,-0.25,-0.2438,-0.6793
SSI,2025-08-14,15:08:02,HOSE,STOCK,36.75,39.3,34.2,37.0,37.8,36.1,36.8,37.101,36.082,36.863,35.205,35.887,36.181,70443500.0,2613542355000.0,0.0,0.0,0.05,0.0488,0.1361
SSI,2025-08-13,15:08:03,HOSE,STOCK,36.75,39.3,34.2,37.05,37.15,35.6,36.75,36.362,36.131,36.229,34.717,35.839,35.46,67780700.0,2464649610000.0,0.0,0.0,0.0,0.0,0.0
SSI,2025-08-12,15:08:01,HOSE,STOCK,37.5,40.1,34.9,37.9,37.95,36.4,36.75,37.044,36.96,37.009,35.497,35.839,36.125,45373500.0,1680811990000.0,0.0,0.0,-0.75,-0.7314,-2.0
SSI,2025-08-11,15:08:02,HOSE,STOCK,35.5,37.95,33.05,35.8,37.75,35.3,37.5,36.37,34.912,36.814,34.425,36.57,35.468,59260500.0,2155328215000.0,0.0,0.0,2.0,1.9504,5.6338
SSI,2025-08-08,15:08:02,HOSE,STOCK,35.15,37.6,32.7,35.7,37.2,35.1,35.5,35.933,34.815,36.277,34.23,34.62,35.042,95427300.0,3429003375000.0,0.0,0.0,0.35,0.3413,0.9957
SSI,2025-08-07,15:08:02,HOSE,STOCK,35.3,37.75,32.85,35.8,35.8,34.75,35.15,35.138,34.912,34.912,33.888,34.278,34.267,37109400.0,1303966865000.0,0.0,0.0,-0.15,-0.1463,-0.4249
SSI,2025-08-06,15:08:02,HOSE,STOCK,34.65,37.05,32.25,34.75,35.3,34.4,35.3,34.927,33.888,34.425,33.547,34.425,34.061,50091400.0,1749552430000.0,0.0,0.0,0.65,0.6339,1.8759
SSI,2025-08-05,15:08:02,HOSE,STOCK,34.0,36.35,31.65,34.4,35.9,32.5,34.65,34.625,33.547,35.01,31.694,33.791,33.766,91934400.0,3183218970000.0,0.0,0.0,0.65,0.6339,1.9118
SSI,2025-08-04,15:08:01,HOSE,STOCK,33.2,35.5,30.9,32.5,34.0,32.4,34.0,32.983,31.694,33.157,31.596,33.157,32.165,56726000.0,1870985560000.0,0.0,0.0,0.8,0.7802,2.4096
SSI,2025-08-01,15:08:01,HOSE,STOCK,34.2,36.55,31.85,34.0,34.8,33.1,33.2,33.65,33.157,33.937,32.279,32.377,32.815,56677600.0,1907223435000.0,0.0,0.0,-1.0,-0.9752,-2.924
SSI,2025-07-31,15:07:02,HOSE,STOCK,33.9,36.25,31.55,34.1,34.6,33.1,34.2,34.017,33.254,33.742,32.279,33.352,33.173,49380200.0,1679782370000.0,0.0,0.0,0.3,0.2926,0.885
SSI,2025-07-30,15:07:02,HOSE,STOCK,33.3,35.6,31.0,33.6,34.15,32.7,33.9,33.391,32.767,33.303,31.889,33.059,32.563,62743900.0,2095103725000.0,0.0,0.0,0.6,0.5851,1.8018
SSI,2025-07-29,15:07:02,HOSE,STOCK,35.8,38.3,33.3,36.1,36.2,33.3,33.3,34.333,35.205,35.302,32.474,32.474,33.482,104999100.0,3604957420000.0,0.0,0.0,-2.5,-2.438,-6.9832
SSI,2025-07-28,15:07:02,HOSE,STOCK,34.0,36.35,31.65,34.8,35.85,34.45,35.8,35.311,33.937,34.961,33.596,34.912,34.435,49584700.0,1750869250000.0,0.0,0.0,1.8,1.7554,5.2941
SSI,2025-07-25,15:07:02,HOSE,STOCK,32.0,34.2,29.8,32.15,34.1,32.0,34.0,33.194,31.353,33.254,31.206,33.157,32.371,62122900.0,2062122645000.0,0.0,0.0,2.0,1.9504,6.25
SSI,2025-07-24,15:07:02,HOSE,STOCK,32.25,34.5,30.0,32.3,32.35,31.35,32.0,31.796,31.499,31.548,30.573,31.206,31.007,43190300.0,1373273555000.0,0.0,0.0,-0.25,-0.2438,-0.7752
SSI,2025-07-23,15:07:02,HOSE,STOCK,32.0,34.2,29.8,32.3,33.35,31.9,32.25,32.391,31.499,32.523,31.109,31.45,31.588,43849400.0,1420319835000.0,0.0,0.0,0.25,0.2438,0.7813
SSI,2025-07-22,15:07:02,HOSE,STOCK,31.35,33.5,29.2,31.0,32.0,30.55,32.0,31.284,30.231,31.206,29.792,31.206,30.508,61716000.0,1930732435000.0,0.0,0.0,0.65,0.6339,2.0734
SSI,2025-07-21,15:07:02,HOSE,STOCK,31.8,34.0,29.6,32.05,32.1,30.8,31.35,31.291,31.255,31.304,30.036,30.573,30.515,55033300.0,1722052045000.0,0.0,0.0,-0.45,-0.4388,-1.4151
SSI,2025-07-18,15:07:02,HOSE,STOCK,31.9,34.1,29.7,32.05,32.3,31.5,31.8,31.856,31.255,31.499,30.719,31.011,31.066,38374200.0,1222438710000.0,0.0,0.0,-0.1,-0.0975,-0.3135
SSI,2025-07-17,15:07:01,HOSE,STOCK,31.6,33.8,29.4,32.0,32.1,31.35,31.9,31.655,31.206,31.304,30.573,31.109,30.87,49672400.0,1572379030000.0,0.0,0.0,0.3,0.2926,0.9494
SSI,2025-07-16,15:07:02,HOSE,STOCK,30.5,32.6,28.4,30.5,31.9,30.3,31.6,31.214,29.744,31.109,29.549,30.816,30.44,47110600.0,1470525015000.0,0.0,0.0,1.1,1.0727,3.6066
SSI,2025-07-15,15:07:02,HOSE,STOCK,29.75,31.8,27.7,29.8,31.8,29.65,30.5,30.79,29.061,31.011,28.915,29.744,30.026,62849100.0,1935134770000.0,0.0,0.0,0.75,0.7314,2.521
SSI,2025-07-14,15:07:02,HOSE,STOCK,29.65,31.7,27.6,29.8,29.95,29.0,29.75,29.533,29.061,29.207,28.281,29.012,28.801,51458700.0,1519744570000.0,0.0,0.0,0.1,0.0975,0.3373
SSI,2025-07-11,15:07:02,HOSE,STOCK,28.95,30.95,26.95,28.95,30.0,28.95,29.65,29.51,28.232,29.256,28.232,28.915,28.778,62931400.0,1857084305000.0,0.0,0.0,0.7,0.6826,2.418
SSI,2025-07-10,15:07:02,HOSE,STOCK,28.55,30.5,26.6,28.9,29.15,28.6,28.95,28.882,28.183,28.427,27.891,28.232,28.166,51768100.0,1495167055000.0,0.0,0.0,0.4,0.3901,1.4011
SSI,2025-07-09,15:07:01,HOSE,STOCK,27.05,28.9,25.2,27.25,28.85,27.25,28.55,28.129,26.574,28.135,26.574,27.842,27.431,72536400.0,2040396460000.0,0.0,0.0,1.5,1.4628,5.5453
SSI,2025-07-08,15:07:01,HOSE,STOCK,26.3,28.1,24.5,26.4,27.15,26.25,27.05,26.781,25.745,26.477,25.599,26.379,26.117,65007600.0,1740970365000.0,0.0,0.0,0.75,0.7314,2.8517
SSI,2025-07-07,15:07:01,HOSE,STOCK,25.9,27.7,24.1,26.2,26.45,26.05,26.3,26.256,25.55,25.794,25.404,25.648,25.605,33309100.0,874567650000.0,0.0,0.0,0.4,0.3901,1.5444
SSI,2025-07-04,15:07:02,HOSE,STOCK,25.75,27.55,23.95,25.9,26.15,25.6,25.9,25.822,25.258,25.501,24.965,25.258,25.182,21022600.0,542855135000.0,0.0,0.0,0.15,0.1463,0.5825
SSI,2025-07-03,15:07:02,HOSE,STOCK,25.5,27.25,23.75,25.5,26.3,25.15,25.75,25.804,24.868,25.648,24.526,25.111,25.164,58323300.0,1504968295000.0,0.0,0.0,0.25,0.2438,0.9804
SSI,2025-07-02,15:07:02,HOSE,STOCK,24.45,26.15,22.75,24.4,25.8,24.35,25.5,25.082,23.795,25.16,23.746,24.868,24.46,41265000.0,1035029205000.0,0.0,0.0,1.05,1.024,4.2945
SSI,2025-07-01,15:07:02,HOSE,STOCK,24.7,26.4,23.0,24.75,24.8,24.35,24.45,24.548,24.136,24.185,23.746,23.844,23.939,15143300.0,371745275000.0,0.0,0.0,-0.25,-0.2438,-1.0121
SSI,2025-06-30,15:06:02,HOSE,STOCK,24.65,26.35,22.95,25.0,25.15,24.7,24.7,24.888,24.38,24.526,24.087,24.087,24.271,26590700.0,661793770000.0,0.0,0.0,0.05,0.0488,0.2028
SSI,2025-06-27,15:06:01,HOSE,STOCK,24.5,26.2,22.8,24.6,24.85,24.45,24.65,24.579,23.99,24.234,23.844,24.039,23.969,19508400.0,479493640000.0,0.0,0.0,0.15,0.1463,0.6122
SSI,2025-06-26,15:06:02,HOSE,STOCK,24.5,26.2,22.8,24.5,24.6,24.15,24.5,24.346,23.892,23.99,23.551,23.892,23.742,18417100.0,448378080000.0,0.0,0.0,0.0,0.0,0.0
SSI,2025-06-25,15:06:02,HOSE,STOCK,24.3,26.0,22.6,24.35,24.8,24.2,24.5,24.52,23.746,24.185,23.6,23.892,23.912,25856200.0,634003230000.0,0.0,0.0,0.2,0.195,0.823
SSI,2025-06-24,15:06:02,HOSE,STOCK,23.75,25.4,22.1,24.15,24.55,24.0,24.3,24.291,23.551,23.941,23.405,23.697,23.689,48489100.0,1177847805000.0,0.0,0.0,0.55,0.5364,2.3158
SSI,2025-06-23,15:06:01,HOSE,STOCK,24.0,25.65,22.35,23.7,23.85,23.55,23.75,23.729,23.112,23.259,22.966,23.161,23.141,15661100.0,371628490000.0,0.0,0.0,-0.25,-0.2438,-1.0417
SSI,2025-06-20,15:06:01,HOSE,STOCK,23.9,25.55,22.25,24.05,24.35,23.85,24.0,24.055,23.454,23.746,23.259,23.405,23.458,25086200.0,603441290000.0,0.0,0.0,0.1,0.0975,0.4184
SSI,2025-06-19,15:06:02,HOSE,STOCK,23.6,25.25,21.95,23.6,23.95,23.5,23.9,23.737,23.015,23.356,22.917,23.307,23.148,19690200.0,467387915000.0,0.0,0.0,0.3,0.2926,1.2712
SSI,2025-06-18,15:06:02,HOSE,STOCK,23.85,25.5,22.2,23.85,23.95,23.6,23.6,23.759,23.259,23.356,23.015,23.015,23.17,21794300.0,517802575000.0,0.0,0.0,-0.25,-0.2438,-1.0482
SSI,2025-06-17,15:06:01,HOSE,STOCK,23.85,25.5,22.2,23.9,23.95,23.65,23.85,23.824,23.307,23.356,23.063,23.259,23.233,16346700.0,389439430000.0,0.0,0.0,0.0,0.0,0.0
SSI,2025-06-16,15:06:02,HOSE,STOCK,23.15,24.75,21.55,23.1,23.85,23.1,23.85,23.538,22.527,23.259,22.527,23.259,22.954,16823100.0,395975455000.0,0.0,0.0,0.7,0.6827,3.0238
SSI,2025-06-13,15:06:02,HOSE,STOCK,23.65,25.3,22.0,23.5,23.55,23.05,23.15,23.272,22.917,22.966,22.478,22.576,22.695,35039900.0,815461510000.0,0.0,0.0,-0.5,-0.4876,-2.1142
SSI,2025-06-12,15:06:02,HOSE,STOCK,23.5,25.1,21.9,23.6,23.85,23.55,23.65,23.693,23.015,23.259,22.966,23.063,23.105,13812400.0,327254585000.0,0.0,0.0,0.15,0.1463,0.6383
SSI,2025-06-11,15:06:02,HOSE,STOCK,23.35,24.95,21.75,23.4,23.6,23.35,23.5,23.483,22.82,23.015,22.771,22.917,22.901,12900900.0,302956610000.0,0.0,0.0,0.15,0.1463,0.6424
SSI,2025-06-10,15:06:02,HOSE,STOCK,23.35,24.95,21.75,23.4,23.55,23.3,23.35,23.417,22.82,22.966,22.722,22.771,22.836,13479500.0,315646855000.0,0.0,0.0,0.0,0.0,0.0
SSI,2025-06-09,15:06:01,HOSE,STOCK,23.6,25.25,21.95,23.65,23.7,23.35,23.35,23.492,23.063,23.112,22.771,22.771,22.909,15704100.0,368923490000.0,0.0,0.0,-0.25,-0.2438,-1.0593
SSI,2025-06-06,15:06:01,HOSE,STOCK,23.95,25.6,22.3,23.9,24.0,23.6,23.6,23.747,23.307,23.405,23.015,23.015,23.158,28033000.0,665707440000.0,0.0,0.0,-0.35,-0.3413,-1.4614
SSI,2025-06-05,15:06:08,HOSE,STOCK,24.2,25.85,22.55,24.2,24.3,23.9,23.95,24.057,23.6,23.697,23.307,23.356,23.46,24655300.0,593122055000.0,0.0,0.0,-0.25,-0.2438,-1.0331
SSI,2025-06-04,15:06:02,HOSE,STOCK,24.5,26.2,22.8,24.7,24.7,24.15,24.2,24.381,24.087,24.087,23.551,23.6,23.776,19435500.0,473860590000.0,0.0,0.0,-0.3,-0.2926,-1.2245
SSI,2025-06-03,15:06:01,HOSE,STOCK,23.7,25.35,22.05,24.1,24.85,24.1,24.5,24.412,23.502,24.234,23.502,23.892,23.807,58587500.0,1430236840000.0,0.0,0.0,0.8,0.7801,3.3755
SSI,2025-06-02,15:06:02,HOSE,STOCK,23.45,25.05,21.85,23.35,23.7,23.35,23.7,23.554,22.771,23.112,22.771,23.112,22.97,12057800.0,284004585000.0,0.0,0.0,0.25,0.2438,1.0661
SSI,2025-05-30,15:05:01,HOSE,STOCK,23.5,25.1,21.9,23.5,23.95,23.4,23.45,23.6,22.917,23.356,22.82,22.868,23.015,19752200.0,466156040000.0,0.0,0.0,-0.05,-0.0488,-0.2128
SSI,2025-05-29,15:05:02,HOSE,STOCK,23.7,25.35,22.05,23.85,23.9,23.5,23.5,23.634,23.259,23.307,22.917,22.917,23.048,14889300.0,351897450000.0,0.0,0.0,-0.2,-0.195,-0.8439
SSI,2025-05-28,15:05:02,HOSE,STOCK,23.7,25.35,22.05,23.95,24.2,23.55,23.7,23.902,23.356,23.6,22.966,23.112,23.309,24600300.0,587998100000.0,0.0,0.0,0.0,0.0,0.0
SSI,2025-05-27,15:05:01,HOSE,STOCK,23.6,25.25,21.95,23.7,24.0,23.5,23.7,23.765,23.112,23.405,22.917,23.112,23.176,24420300.0,580357950000.0,0.0,0.0,0.1,0.0975,0.4237
SSI,2025-05-26,15:05:02,HOSE,STOCK,23.35,24.95,21.75,23.45,23.6,22.8,23.6,23.292,22.868,23.015,22.235,23.015,22.714,20912800.0,487098380000.0,0.0,0.0,0.25,0.2438,1.0707
SSI,2025-05-23,15:05:02,HOSE,STOCK,23.35,24.95,21.75,23.4,23.55,23.25,23.35,23.379,22.82,22.966,22.673,22.771,22.799,16226300.0,379357115000.0,0.0,0.0,0.0,0.0,0.0
SSI,2025-05-22,15:05:01,HOSE,STOCK,23.35,24.95,21.75,23.35,23.9,23.25,23.35,23.547,22.771,23.307,22.673,22.771,22.963,27664700.0,651415995000.0,0.0,0.0,0.0,0.0,0.0
SSI,2025-05-21,15:05:02,HOSE,STOCK,23.5,25.1,21.9,23.55,23.7,23.25,23.35,23.397,22.966,23.112,22.673,22.771,22.817,24381300.0,570450060000.0,0.0,0.0,-0.15,-0.1463,-0.6383
SSI,2025-05-20,15:05:01,HOSE,STOCK,23.35,24.95,21.75,23.4,23.65,23.3,23.5,23.476,22.82,23.063,22.722,22.917,22.894,15335600.0,360015095000.0,0.0,0.0,0.15,0.1463,0.6424
SSI,2025-05-19,15:05:01,HOSE,STOCK,23.7,25.35,22.05,23.55,23.7,23.35,23.35,23.485,22.966,23.112,22.771,22.771,22.903,19744300.0,463693925000.0,0.0,0.0,-0.35,-0.3413,-1.4768
SSI,2025-05-16,15:05:02,HOSE,STOCK,23.9,25.55,22.25,23.95,24.4,23.7,23.7,24.02,23.356,23.795,23.112,23.112,23.424,30215900.0,725793665000.0,0.0,0.0,-0.2,-0.195,-0.8368
SSI,2025-05-15,15:05:01,HOSE,STOCK,23.9,25.55,22.25,24.15,24.25,23.85,23.9,24.009,23.551,23.649,23.259,23.307,23.414,23847200.0,572551185000.0,0.0,0.0,0.0,0.0,0.0
SSI,2025-05-14,15:05:02,HOSE,STOCK,23.4,25.0,21.8,23.45,24.2,23.3,23.9,23.683,22.868,23.6,22.722,23.307,23.096,36621500.0,867290810000.0,0.0,0.0,0.5,0.4876,2.1368
SSI,2025-05-13,15:05:02,HOSE,STOCK,23.2,24.8,21.6,23.55,23.9,23.35,23.4,23.579,22.966,23.307,22.771,22.82,22.994,25553900.0,602527305000.0,0.0,0.0,0.2,0.195,0.8621
SSI,2025-05-12,15:05:03,HOSE,STOCK,22.95,24.55,21.35,23.1,23.2,22.85,23.2,23.042,22.527,22.625,22.283,22.625,22.471,20022500.0,461351785000.0,0.0,0.0,0.25,0.2438,1.0893
SSI,2025-05-09,15:05:02,HOSE,STOCK,23.1,24.7,21.5,23.2,23.3,22.9,22.95,23.059,22.625,22.722,22.332,22.381,22.487,15341500.0,353759750000.0,0.0,0.0,-0.15,-0.1463,-0.6494
SSI,2025-05-08,15:05:02,HOSE,STOCK,22.85,24.4,21.3,22.95,23.3,22.75,23.1,23.013,22.381,22.722,22.186,22.527,22.442,18519000.0,426184175000.0,0.0,0.0,0.25,0.2438,1.0941
SSI,2025-05-07,15:05:26,HOSE,STOCK,23.15,24.75,21.55,23.15,23.15,22.75,22.85,22.933,22.576,22.576,22.186,22.283,22.364,18887200.0,433144865000.0,0.0,0.0,-0.3,-0.2926,-1.2959
SSI,2025-05-06,15:05:01,HOSE,STOCK,23.1,24.7,21.5,23.2,23.5,23.1,23.15,23.332,22.625,22.917,22.527,22.576,22.753,16475000.0,384392980000.0,0.0,0.0,0.05,0.0488,0.2165
SSI,2025-05-05,16:05:56,HOSE,STOCK,22.95,24.55,21.35,23.4,23.45,23.0,23.1,23.139,22.82,22.868,22.43,22.527,22.565,9314500.0,215524235000.0,0.0,0.0,0.15,0.1463,0.6536
SSI,2025-04-29,15:04:17,HOSE,STOCK,23.05,24.65,21.45,23.15,23.15,22.95,22.95,23.024,22.576,22.576,22.381,22.381,22.453,9778300.0,225138780000.0,0.0,0.0,-0.1,-0.0975,-0.4338
SSI,2025-04-28,15:04:18,HOSE,STOCK,22.8,24.35,21.25,22.9,23.15,22.8,23.05,22.96,22.332,22.576,22.235,22.478,22.391,12060400.0,276900705000.0,0.0,0.0,0.25,0.2438,1.0965
SSI,2025-04-25,15:04:20,HOSE,STOCK,23.0,24.6,21.4,23.2,23.2,22.8,22.8,22.979,22.625,22.625,22.235,22.235,22.409,15312300.0,351855530000.0,0.0,0.0,-0.2,-0.195,-0.8696
SSI,2025-04-24,15:04:17,HOSE,STOCK,22.75,24.3,21.2,22.9,23.15,22.65,23.0,22.895,22.332,22.576,22.088,22.43,22.327,17946000.0,410877240000.0,0.0,0.0,0.25,0.2438,1.0989
SSI,2025-04-23,15:04:18,HOSE,STOCK,22.25,23.8,20.7,22.95,22.95,22.6,22.75,22.781,22.381,22.381,22.04,22.186,22.216,13492900.0,307374440000.0,0.0,0.0,0.5,0.4876,2.2472
SSI,2025-04-22,15:04:17,HOSE,STOCK,22.9,24.5,21.3,22.5,22.9,21.3,22.25,21.788,21.942,22.332,20.772,21.698,21.248,48457200.0,1055776435000.0,0.0,0.0,-0.65,-0.6339,-2.8384
SSI,2025-04-21,15:04:18,HOSE,STOCK,23.35,24.95,21.75,23.4,23.5,22.85,22.9,23.078,22.82,22.917,22.283,22.332,22.506,18530600.0,427649630000.0,0.0,0.0,-0.45,-0.4388,-1.9272
SSI,2025-04-18,15:04:21,HOSE,STOCK,23.1,24.7,21.5,23.3,23.95,23.25,23.35,23.555,22.722,23.356,22.673,22.771,22.971,26355500.0,620796630000.0,0.0,0.0,0.25,0.2438,1.0823
SSI,2025-04-17,15:04:18,HOSE,STOCK,23.0,24.6,21.4,22.8,23.35,22.8,23.1,23.038,22.235,22.771,22.235,22.527,22.467,18654800.0,429759825000.0,0.0,0.0,0.1,0.0975,0.4348
SSI,2025-04-16,15:04:19,HOSE,STOCK,23.3,24.9,21.7,23.4,23.6,23.0,23.0,23.23,22.82,23.015,22.43,22.43,22.654,18889600.0,438808225000.0,0.0,0.0,-0.3,-0.2926,-1.2876
SSI,2025-04-15,15:04:18,HOSE,STOCK,24.1,25.75,22.45,23.8,24.0,23.2,23.3,23.509,23.21,23.405,22.625,22.722,22.926,26171500.0,615264680000.0,0.0,0.0,-0.8,-0.7802,-3.3195
SSI,2025-04-14,15:04:22,HOSE,STOCK,23.45,25.05,21.85,23.7,24.1,23.4,24.1,23.734,23.112,23.502,22.82,23.502,23.145,36800400.0,873403965000.0,0.0,0.0,0.65,0.6339,2.7719
SSI,2025-04-11,15:04:23,HOSE,STOCK,22.0,23.5,20.5,23.0,23.45,22.4,23.45,22.896,22.43,22.868,21.844,22.868,22.328,65051200.0,1489414415000.0,0.0,0.0,1.45,1.414,6.5909
SSI,2025-04-10,15:04:19,HOSE,STOCK,20.6,22.0,19.2,22.0,22.0,22.0,22.0,22.0,21.454,21.454,21.454,21.454,21.454,5220200.0,114844400000.0,0.0,0.0,1.4,1.3653,6.7961
SSI,2025-04-09,15:04:25,HOSE,STOCK,22.1,23.6,20.6,20.6,22.05,20.6,20.6,20.809,20.089,21.503,20.089,20.089,20.293,73685900.0,1533319690000.0,0.0,0.0,-1.5,-1.4628,-6.7873
SSI,2025-04-08,15:04:27,HOSE,STOCK,23.75,25.4,22.1,23.0,23.1,22.1,22.1,22.273,22.43,22.527,21.552,21.552,21.721,31521000.0,702072490000.0,0.0,0.0,-1.65,-1.6091,-6.9474
SSI,2025-04-04,15:04:29,HOSE,STOCK,24.6,26.3,22.9,22.9,23.85,22.9,23.75,23.109,22.332,23.259,22.332,23.161,22.536,82040000.0,1895841425000.0,0.0,0.0,-0.85,-0.8289,-3.4553
SSI,2025-04-03,15:04:21,HOSE,STOCK,26.45,28.3,24.6,25.2,25.8,24.6,24.6,24.971,24.575,25.16,23.99,23.99,24.352,54284800.0,1355527970000.0,0.0,0.0,-1.85,-1.8041,-6.9943
SSI,2025-04-02,15:04:20,HOSE,STOCK,26.05,27.85,24.25,26.15,26.5,26.1,26.45,26.301,25.501,25.843,25.453,25.794,25.649,15569000.0,409483120000.0,0.0,0.0,0.4,0.3901,1.5355
SSI,2025-04-01,15:04:18,HOSE,STOCK,26.0,27.8,24.2,26.2,26.25,25.8,26.05,26.005,25.55,25.599,25.16,25.404,25.36,18403500.0,478577015000.0,0.0,0.0,0.05,0.0488,0.1923
SSI,2025-03-31,15:03:25,HOSE,STOCK,26.35,28.15,24.55,26.15,26.35,26.0,26.0,26.123,25.501,25.697,25.355,25.355,25.475,19494500.0,509253770000.0,0.0,0.0,-0.35,-0.3413,-1.3283
SSI,2025-03-28,15:03:21,HOSE,STOCK,26.3,28.1,24.5,26.35,26.55,26.05,26.35,26.271,25.697,25.892,25.404,25.697,25.619,17622200.0,462953930000.0,0.0,0.0,0.05,0.0488,0.1901
SSI,2025-03-27,15:03:18,HOSE,STOCK,26.5,28.35,24.65,26.5,26.6,26.3,26.3,26.419,25.843,25.94,25.648,25.648,25.764,15067400.0,398060080000.0,0.0,0.0,-0.2,-0.195,-0.7547
SSI,2025-03-26,15:03:23,HOSE,STOCK,26.9,28.75,25.05,26.9,27.05,26.4,26.5,26.717,26.233,26.379,25.745,25.843,26.054,26160400.0,698927075000.0,0.0,0.0,-0.4,-0.3901,-1.487
SSI,2025-03-25,15:03:19,HOSE,STOCK,27.15,29.05,25.25,27.3,27.45,26.9,26.9,27.191,26.623,26.769,26.233,26.233,26.517,23603700.0,641805680000.0,0.0,0.0,-0.25,-0.2438,-0.9208
SSI,2025-03-24,15:03:26,HOSE,STOCK,26.6,28.45,24.75,26.75,27.15,26.5,27.15,26.779,26.087,26.477,25.843,26.477,26.115,24444800.0,654617855000.0,0.0,0.0,0.55,0.5364,2.0677
SSI,2025-03-21,15:03:24,HOSE,STOCK,26.55,28.4,24.7,26.6,26.85,26.5,26.6,26.669,25.94,26.184,25.843,25.94,26.008,21205500.0,565526885000.0,0.0,0.0,0.05,0.0488,0.1883
SSI,2025-03-20,15:03:21,HOSE,STOCK,26.55,28.4,24.7,26.65,26.85,26.4,26.55,26.582,25.989,26.184,25.745,25.892,25.923,19539500.0,519400035000.0,0.0,0.0,0.0,0.0,0.0
SSI,2025-03-19,15:03:20,HOSE,STOCK,26.8,28.65,24.95,26.7,26.85,26.5,26.55,26.634,26.038,26.184,25.843,25.892,25.973,24310900.0,647493920000.0,0.0,0.0,-0.25,-0.2438,-0.9328
SSI,2025-03-18,15:03:24,HOSE,STOCK,27.0,28.85,25.15,27.1,27.45,26.8,26.8,27.093,26.428,26.769,26.135,26.135,26.421,29540500.0,800337190000.0,0.0,0.0,-0.2,-0.195,-0.7407
SSI,2025-03-17,15:03:18,HOSE,STOCK,26.95,28.8,25.1,27.1,27.15,26.85,27.0,27.001,26.428,26.477,26.184,26.33,26.331,18091800.0,488499935000.0,0.0,0.0,0.05,0.0488,0.1855
SSI,2025-03-14,15:03:21,HOSE,STOCK,26.95,28.8,25.1,27.0,27.2,26.8,26.95,27.038,26.33,26.525,26.135,26.282,26.367,29000300.0,784121560000.0,0.0,0.0,0.0,0.0,0.0
SSI,2025-03-13,15:03:19,HOSE,STOCK,26.7,28.55,24.85,26.75,27.4,26.45,26.95,26.979,26.087,26.72,25.794,26.282,26.31,50816000.0,1370950570000.0,0.0,0.0,0.25,0.2438,0.9363
SSI,2025-03-12,15:03:18,HOSE,STOCK,26.7,28.55,24.85,26.85,26.95,26.55,26.7,26.747,26.184,26.282,25.892,26.038,26.084,26789200.0,716537605000.0,0.0,0.0,0.0,0.0,0.0
SSI,2025-03-11,15:03:19,HOSE,STOCK,26.65,28.5,24.8,26.35,26.7,26.35,26.7,26.535,25.697,26.038,25.697,26.038,25.877,26426500.0,701227835000.0,0.0,0.0,0.05,0.0488,0.1876
SSI,2025-03-10,15:03:21,HOSE,STOCK,26.9,28.75,25.05,27.0,27.25,26.5,26.65,26.845,26.33,26.574,25.843,25.989,26.179,45642300.0,1225287325000.0,0.0,0.0,-0.25,-0.2438,-0.9294
SSI,2025-03-07,15:03:22,HOSE,STOCK,26.9,28.75,25.05,27.1,27.15,26.8,26.9,26.93,26.428,26.477,26.135,26.233,26.262,22896800.0,616614585000.0,0.0,0.0,0.0,0.0,0.0
SSI,2025-03-06,15:03:18,HOSE,STOCK,26.1,27.9,24.3,26.2,26.95,26.2,26.9,26.592,25.55,26.282,25.55,26.233,25.933,44988800.0,1196359075000.0,0.0,0.0,0.8,0.7802,3.0651
SSI,2025-03-05,15:03:21,HOSE,STOCK,26.35,28.15,24.55,26.4,26.65,26.1,26.1,26.349,25.745,25.989,25.453,25.453,25.696,27564200.0,726277530000.0,0.0,0.0,-0.25,-0.2438,-0.9488
SSI,2025-03-04,15:03:19,HOSE,STOCK,26.6,28.45,24.75,26.45,26.6,26.1,26.35,26.346,25.794,25.94,25.453,25.697,25.693,24072400.0,634205430000.0,0.0,0.0,-0.25,-0.2438,-0.9398
SSI,2025-03-03,15:03:24,HOSE,STOCK,26.3,28.1,24.5,26.3,26.8,26.15,26.6,26.512,25.648,26.135,25.501,25.94,25.855,25645100.0,679900025000.0,0.0,0.0,0.3,0.2926,1.1407
SSI,2025-02-28,15:02:23,HOSE,STOCK,26.1,27.9,24.3,26.2,26.8,26.2,26.3,26.435,25.55,26.135,25.55,25.648,25.779,41396500.0,1094327555000.0,0.0,0.0,0.2,0.195,0.7663
SSI,2025-02-27,15:02:25,HOSE,STOCK,25.85,27.65,24.05,25.95,26.1,25.6,26.1,25.864,25.306,25.453,24.965,25.453,25.223,17996300.0,465454455000.0,0.0,0.0,0.25,0.2438,0.9671
SSI,2025-02-26,15:02:26,HOSE,STOCK,25.85,27.65,24.05,25.85,26.1,25.6,25.85,25.855,25.209,25.453,24.965,25.209,25.214,25212900.0,651872040000.0,0.0,0.0,0.0,0.0,0.0
SSI,2025-02-25,15:02:21,HOSE,STOCK,25.85,27.65,24.05,25.9,26.2,25.75,25.85,25.947,25.258,25.55,25.111,25.209,25.304,28069100.0,728305840000.0,0.0,0.0,0.0,0.0,0.0
SSI,2025-02-24,15:02:21,HOSE,STOCK,25.35,27.1,23.6,25.3,25.85,25.25,25.85,25.641,24.673,25.209,24.624,25.209,25.005,25063000.0,642639885000.0,0.0,0.0,0.5,0.4876,1.9724
SSI,2025-02-21,15:02:20,HOSE,STOCK,25.25,27.0,23.5,25.2,25.4,25.15,25.35,25.28,24.575,24.77,24.526,24.721,24.653,11577200.0,292669760000.0,0.0,0.0,0.1,0.0975,0.396
SSI,2025-02-20,15:02:21,HOSE,STOCK,25.35,27.1,23.6,25.45,25.55,25.25,25.25,25.365,24.819,24.916,24.624,24.624,24.736,13806600.0,350198970000.0,0.0,0.0,-0.1,-0.0975,-0.3945
SSI,2025-02-19,15:02:24,HOSE,STOCK,25.15,26.9,23.4,25.25,25.4,25.05,25.35,25.277,24.624,24.77,24.429,24.721,24.65,15517000.0,392225005000.0,0.0,0.0,0.2,0.195,0.7952
SSI,2025-02-18,15:02:18,HOSE,STOCK,25.0,26.75,23.25,25.1,25.3,25.0,25.15,25.156,24.478,24.673,24.38,24.526,24.532,9839100.0,247510455000.0,0.0,0.0,0.15,0.1463,0.6
SSI,2025-02-17,15:02:18,HOSE,STOCK,24.9,26.6,23.2,24.9,25.35,24.8,25.0,25.06,24.282,24.721,24.185,24.38,24.439,18463600.0,462701435000.0,0.0,0.0,0.1,0.0975,0.4016
SSI,2025-02-14,15:02:19,HOSE,STOCK,24.8,26.5,23.1,25.0,25.3,24.9,24.9,25.052,24.38,24.673,24.282,24.282,24.431,16151100.0,404609880000.0,0.0,0.0,0.1,0.0975,0.4032
SSI,2025-02-13,15:02:21,HOSE,STOCK,24.75,26.45,23.05,24.75,24.9,24.7,24.8,24.79,24.136,24.282,24.087,24.185,24.175,6768300.0,167787755000.0,0.0,0.0,0.05,0.0488,0.202
SSI,2025-02-12,15:02:20,HOSE,STOCK,24.7,26.4,23.0,24.8,25.05,24.75,24.75,24.866,24.185,24.429,24.136,24.136,24.249,6964800.0,173182910000.0,0.0,0.0,0.05,0.0488,0.2024
SSI,2025-02-11,15:02:19,HOSE,STOCK,24.9,26.6,23.2,24.95,25.0,24.65,24.7,24.776,24.331,24.38,24.039,24.087,24.162,12930400.0,320358570000.0,0.0,0.0,-0.2,-0.195,-0.8032
SSI,2025-02-10,15:02:21,HOSE,STOCK,25.0,26.75,23.25,24.95,25.15,24.65,24.9,24.912,24.331,24.526,24.039,24.282,24.294,15857200.0,395037830000.0,0.0,0.0,-0.1,-0.0975,-0.4
SSI,2025-02-07,15:02:20,HOSE,STOCK,25.05,26.8,23.3,25.05,25.2,24.95,25.0,25.043,24.429,24.575,24.331,24.38,24.422,7845200.0,196468645000.0,0.0,0.0,-0.05,-0.0488,-0.1996
SSI,2025-02-06,15:02:21,HOSE,STOCK,25.05,26.8,23.3,25.2,25.4,25.05,25.05,25.159,24.575,24.77,24.429,24.429,24.535,9261600.0,233014740000.0,0.0,0.0,0.0,0.0,0.0
SSI,2025-02-05,15:02:21,HOSE,STOCK,25.3,27.05,23.55,25.45,25.45,25.05,25.05,25.141,24.819,24.819,24.429,24.429,24.518,9632200.0,242166345000.0,0.0,0.0,-0.25,-0.2438,-0.9881
SSI,2025-02-04,15:02:16,HOSE,STOCK,24.8,26.5,23.1,24.9,25.45,24.8,25.3,25.089,24.282,24.819,24.185,24.673,24.467,15668800.0,393114550000.0,0.0,0.0,0.5,0.4876,2.0161
SSI,2025-02-03,15:02:22,HOSE,STOCK,25.25,27.0,23.5,24.85,25.05,24.75,24.8,24.88,24.234,24.429,24.136,24.185,24.263,12857000.0,319886760000.0,0.0,0.0,-0.45,-0.4388,-1.7822
SSI,2025-01-24,15:01:16,HOSE,STOCK,25.15,26.9,23.4,25.1,25.25,25.0,25.25,25.152,24.478,24.624,24.38,24.624,24.528,9711000.0,244251335000.0,0.0,0.0,0.1,0.0975,0.3976
SSI,2025-01-23,15:01:13,HOSE,STOCK,24.4,26.1,22.7,24.45,25.25,24.45,25.15,24.881,23.844,24.624,23.844,24.526,24.264,18477200.0,459727930000.0,0.0,0.0,0.75,0.7314,3.0738
SSI,2025-01-22,15:01:19,HOSE,STOCK,24.45,26.15,22.75,24.5,24.75,24.4,24.4,24.506,23.892,24.136,23.795,23.795,23.898,9555200.0,234163390000.0,0.0,0.0,-0.05,-0.0488,-0.2045
SSI,2025-01-21,15:01:14,HOSE,STOCK,24.5,26.2,22.8,24.55,24.8,24.4,24.45,24.563,23.941,24.185,23.795,23.844,23.954,8023600.0,197081145000.0,0.0,0.0,-0.05,-0.0488,-0.2041
SSI,2025-01-20,15:01:20,HOSE,STOCK,24.55,26.25,22.85,24.65,24.65,24.35,24.5,24.515,24.039,24.039,23.746,23.892,23.907,6981800.0,171161685000.0,0.0,0.0,-0.05,-0.0488,-0.2037
SSI,2025-01-17,15:01:17,HOSE,STOCK,24.4,26.1,22.7,24.4,24.6,24.25,24.55,24.445,23.795,23.99,23.649,23.941,23.839,7043000.0,172166890000.0,0.0,0.0,0.15,0.1463,0.6148
SSI,2025-01-16,15:01:12,HOSE,STOCK,24.15,25.8,22.5,24.4,25.2,24.3,24.4,24.703,23.795,24.575,23.697,23.795,24.09,18541100.0,458014650000.0,0.0,0.0,0.25,0.2438,1.0352
SSI,2025-01-15,15:01:15,HOSE,STOCK,23.95,25.6,22.3,24.15,24.35,24.0,24.15,24.164,23.551,23.746,23.405,23.551,23.565,9867500.0,238435670000.0,0.0,0.0,0.2,0.195,0.8351
SSI,2025-01-14,15:01:16,HOSE,STOCK,24.15,25.8,22.5,24.2,24.2,23.9,23.95,24.031,23.6,23.6,23.307,23.356,23.435,8104900.0,194765115000.0,0.0,0.0,-0.2,-0.195,-0.8282
SSI,2025-01-13,15:01:16,HOSE,STOCK,23.7,25.35,22.05,23.55,24.3,23.55,24.15,23.889,22.966,23.697,22.966,23.551,23.297,10836600.0,258872345000.0,0.0,0.0,0.45,0.4388,1.8987
SSI,2025-01-10,15:01:15,HOSE,STOCK,24.4,26.1,22.7,24.3,24.55,23.5,23.7,24.069,23.697,23.941,22.917,23.112,23.472,21372700.0,514412380000.0,0.0,0.0,-0.7,-0.6826,-2.8689
SSI,2025-01-09,15:01:13,HOSE,STOCK,24.7,26.4,23.0,24.7,24.95,24.4,24.4,24.599,24.087,24.331,23.795,23.795,23.989,8907600.0,219114675000.0,0.0,0.0,-0.3,-0.2926,-1.2146
SSI,2025-01-08,15:01:19,HOSE,STOCK,24.55,26.25,22.85,24.5,24.8,24.45,24.7,24.607,23.892,24.185,23.844,24.087,23.997,9134400.0,224765445000.0,0.0,0.0,0.15,0.1463,0.611
SSI,2025-01-07,15:01:15,HOSE,STOCK,24.9,26.6,23.2,25.35,25.35,24.5,24.55,24.771,24.721,24.721,23.892,23.941,24.157,18563600.0,459835505000.0,0.0,0.0,-0.35,-0.3413,-1.4056
SSI,2025-01-06,15:01:17,HOSE,STOCK,25.35,27.1,23.6,25.35,25.5,24.85,24.9,25.169,24.721,24.868,24.234,24.282,24.545,9985000.0,251308220000.0,0.0,0.0,-0.45,-0.4388,-1.7751
SSI,2025-01-03,15:01:17,HOSE,STOCK,25.95,27.75,24.15,25.9,25.95,25.35,25.35,25.62,25.258,25.306,24.721,24.721,24.985,16065900.0,411609355000.0,0.0,0.0,-0.6,-0.5851,-2.3121
SSI,2025-01-02,15:01:20,HOSE,STOCK,26.05,27.85,24.25,26.05,26.35,25.9,25.95,26.021,25.404,25.697,25.258,25.306,25.376,8938200.0,232580505000.0,0.0,0.0,-0.1,-0.0975,-0.3839
SSI,2024-12-31,15:12:14,HOSE,STOCK,26.45,28.3,24.6,26.45,26.45,26.05,26.05,26.246,25.794,25.794,25.404,25.404,25.595,8234000.0,216105550000.0,0.0,0.0,-0.4,-0.3901,-1.5123
SSI,2024-12-30,15:12:15,HOSE,STOCK,26.6,28.45,24.75,26.6,26.9,26.45,26.45,26.608,25.94,26.233,25.794,25.794,25.948,11494000.0,305828385000.0,0.0,0.0,-0.15,-0.1463,-0.5639
SSI,2024-12-27,15:12:21,HOSE,STOCK,26.35,28.15,24.55,26.4,26.7,26.3,26.6,26.496,25.745,26.038,25.648,25.94,25.839,16346900.0,433119875000.0,0.0,0.0,0.25,0.2438,0.9488
SSI,2024-12-26,15:12:17,HOSE,STOCK,26.55,28.4,24.7,26.5,26.6,26.35,26.35,26.444,25.843,25.94,25.697,25.697,25.788,8764400.0,231764390000.0,0.0,0.0,-0.2,-0.195,-0.7533
SSI,2024-12-25,15:12:14,HOSE,STOCK,25.95,27.75,24.15,26.0,26.75,25.9,26.55,26.409,25.355,26.087,25.258,25.892,25.754,26221100.0,692466960000.0,0.0,0.0,0.6,0.5851,2.3121
SSI,2024-12-24,15:12:13,HOSE,STOCK,25.85,27.65,24.05,25.85,25.95,25.5,25.95,25.745,25.209,25.306,24.868,25.306,25.107,12299200.0,316641525000.0,0.0,0.0,0.1,0.0975,0.3868
SSI,2024-12-23,15:12:16,HOSE,STOCK,26.25,28.05,24.45,26.2,26.3,25.85,25.85,26.093,25.55,25.648,25.209,25.209,25.446,7842600.0,204636865000.0,0.0,0.0,-0.4,-0.3901,-1.5238
SSI,2024-12-20,15:12:13,HOSE,STOCK,26.2,28.0,24.4,26.1,26.25,25.9,26.25,26.126,25.453,25.599,25.258,25.599,25.478,12287800.0,321028610000.0,0.0,0.0,0.05,0.0488,0.1908
SSI,2024-12-19,15:12:14,HOSE,STOCK,26.2,28.0,24.4,25.8,26.2,25.45,26.2,25.775,25.16,25.55,24.819,25.55,25.136,30712700.0,791620940000.0,0.0,0.0,0.0,0.0,0.0
SSI,2024-12-18,15:12:12,HOSE,STOCK,26.0,27.8,24.2,26.0,26.2,25.8,26.2,26.029,25.355,25.55,25.16,25.55,25.383,7203300.0,187496005000.0,0.0,0.0,0.2,0.195,0.7692
SSI,2024-12-17,15:12:12,HOSE,STOCK,26.1,27.9,24.3,26.1,26.15,25.85,26.0,25.961,25.453,25.501,25.209,25.355,25.317,6199400.0,160945095000.0,0.0,0.0,-0.1,-0.0975,-0.3831
SSI,2024-12-16,15:12:16,HOSE,STOCK,25.8,27.6,24.0,25.9,26.2,25.75,26.1,25.962,25.258,25.55,25.111,25.453,25.318,14599300.0,379033010000.0,0.0,0.0,0.3,0.2926,1.1628
SSI,2024-12-13,15:12:15,HOSE,STOCK,26.0,27.8,24.2,25.95,26.0,25.7,25.8,25.834,25.306,25.355,25.063,25.16,25.193,10969600.0,283390860000.0,0.0,0.0,-0.2,-0.195,-0.7692
SSI,2024-12-12,15:12:13,HOSE,STOCK,26.15,27.95,24.35,26.1,26.45,26.0,26.0,26.166,25.453,25.794,25.355,25.355,25.517,12180000.0,318703580000.0,0.0,0.0,-0.15,-0.1463,-0.5736
SSI,2024-12-11,15:12:14,HOSE,STOCK,26.25,28.05,24.45,26.3,26.4,25.95,26.15,26.139,25.648,25.745,25.306,25.501,25.491,12560400.0,328317660000.0,0.0,0.0,-0.1,-0.0975,-0.381
SSI,2024-12-10,15:12:13,HOSE,STOCK,26.2,28.0,24.4,26.15,26.4,26.0,26.25,26.205,25.501,25.745,25.355,25.599,25.555,12619100.0,330679625000.0,0.0,0.0,0.05,0.0488,0.1908
SSI,2024-12-09,15:12:14,HOSE,STOCK,26.35,28.15,24.55,26.3,26.4,26.0,26.2,26.161,25.648,25.745,25.355,25.55,25.512,18860200.0,493409880000.0,0.0,0.0,-0.15,-0.1463,-0.5693
SSI,2024-12-06,15:12:16,HOSE,STOCK,25.7,27.45,23.95,26.0,26.45,25.8,26.35,26.14,25.355,25.794,25.16,25.697,25.492,33824400.0,884153295000.0,0.0,0.0,0.65,0.6339,2.5292
SSI,2024-12-05,15:12:14,HOSE,STOCK,24.05,25.7,22.4,24.1,25.7,23.65,25.7,24.974,23.502,25.063,23.063,25.063,24.355,35613300.0,889409890000.0,0.0,0.0,1.65,1.6091,6.8607
SSI,2024-12-04,15:12:12,HOSE,STOCK,24.3,26.0,22.6,24.25,24.3,24.0,24.05,24.12,23.649,23.697,23.405,23.454,23.522,9139300.0,220440550000.0,0.0,0.0,-0.25,-0.2438,-1.0288
SSI,2024-12-03,15:12:12,HOSE,STOCK,24.45,26.15,22.75,24.45,24.5,24.25,24.3,24.356,23.844,23.892,23.649,23.697,23.752,12527000.0,305105500000.0,0.0,0.0,-0.15,-0.1463,-0.6135
SSI,2024-12-02,15:12:13,HOSE,STOCK,24.55,26.25,22.85,24.6,24.75,24.3,24.45,24.486,23.99,24.136,23.697,23.844,23.879,7836700.0,191890070000.0,0.0,0.0,-0.1,-0.0975,-0.4073
SSI,2024-11-29,15:11:15,HOSE,STOCK,24.3,26.0,22.6,24.3,24.65,24.2,24.55,24.447,23.697,24.039,23.6,23.941,23.841,9018200.0,220464845000.0,0.0,0.0,0.25,0.2438,1.0288
SSI,2024-11-28,15:11:12,HOSE,STOCK,24.3,26.0,22.6,24.45,24.55,24.25,24.3,24.361,23.844,23.941,23.649,23.697,23.757,8460700.0,206110650000.0,0.0,0.0,0.0,0.0,0.0
SSI,2024-11-27,15:11:11,HOSE,STOCK,24.6,26.3,22.9,24.6,24.7,24.25,24.3,24.417,23.99,24.087,23.649,23.697,23.811,9322900.0,227636200000.0,0.0,0.0,-0.3,-0.2926,-1.2195
SSI,2024-11-26,15:11:12,HOSE,STOCK,24.5,26.2,22.8,24.6,24.9,24.5,24.6,24.738,23.99,24.282,23.892,23.99,24.124,9334300.0,230907760000.0,0.0,0.0,0.1,0.0975,0.4082
SSI,2024-11-25,15:11:12,HOSE,STOCK,24.35,26.05,22.65,24.4,24.5,24.2,24.5,24.32,23.795,23.892,23.6,23.892,23.717,10156700.0,247013535000.0,0.0,0.0,0.15,0.1463,0.616
SSI,2024-11-22,15:11:12,HOSE,STOCK,24.6,26.3,22.9,24.5,24.6,24.25,24.35,24.38,23.892,23.99,23.649,23.746,23.775,12804200.0,312167865000.0,0.0,0.0,-0.25,-0.2438,-1.0163
SSI,2024-11-21,15:11:11,HOSE,STOCK,24.3,26.0,22.6,24.3,24.65,24.05,24.6,24.294,23.697,24.039,23.454,23.99,23.692,14195600.0,344864820000.0,0.0,0.0,0.3,0.2926,1.2346
SSI,2024-11-20,15:11:13,HOSE,STOCK,23.85,25.5,22.2,23.9,24.7,23.75,24.3,24.284,23.307,24.087,23.161,23.697,23.682,17961700.0,436186615000.0,0.0,0.0,0.45,0.4388,1.8868
SSI,2024-11-19,15:11:09,HOSE,STOCK,24.3,26.0,22.6,24.35,24.5,23.8,23.85,24.098,23.746,23.892,23.21,23.259,23.5,10705300.0,257976090000.0,0.0,0.0,-0.45,-0.4388,-1.8519
SSI,2024-11-18,15:11:11,HOSE,STOCK,23.95,25.6,22.3,23.95,24.6,23.8,24.3,24.13,23.356,23.99,23.21,23.697,23.532,24877000.0,600276205000.0,0.0,0.0,0.35,0.3413,1.4614
SSI,2024-11-15,15:11:15,HOSE,STOCK,24.7,26.4,23.0,24.7,24.7,23.8,23.95,24.117,24.087,24.087,23.21,23.356,23.519,25501800.0,615028340000.0,0.0,0.0,-0.75,-0.7314,-3.0364
SSI,2024-11-14,15:11:11,HOSE,STOCK,25.45,27.2,23.7,25.45,25.45,24.65,24.7,25.057,24.819,24.819,24.039,24.087,24.436,12754600.0,319592085000.0,0.0,0.0,-0.75,-0.7314,-2.947
SSI,2024-11-13,15:11:12,HOSE,STOCK,25.7,27.45,23.95,25.7,25.7,25.25,25.45,25.465,25.063,25.063,24.624,24.819,24.833,12418200.0,316233955000.0,0.0,0.0,-0.25,-0.2438,-0.9728
SSI,2024-11-12,15:11:12,HOSE,STOCK,25.7,27.45,23.95,25.8,26.15,25.55,25.7,25.836,25.16,25.501,24.916,25.063,25.195,10035100.0,259266625000.0,0.0,0.0,0.0,0.0,0.0
SSI,2024-11-11,15:11:18,HOSE,STOCK,26.1,27.9,24.3,26.1,26.1,25.55,25.7,25.739,25.453,25.453,24.916,25.063,25.101,12696500.0,326791495000.0,0.0,0.0,-0.4,-0.3901,-1.5326
SSI,2024-11-08,15:11:14,HOSE,STOCK,26.35,28.15,24.55,26.35,26.45,26.05,26.1,26.253,25.697,25.794,25.404,25.453,25.602,7720000.0,202670955000.0,0.0,0.0,-0.25,-0.2438,-0.9488
SSI,2024-11-07,15:11:13,HOSE,STOCK,26.45,28.3,24.6,26.65,26.7,26.35,26.35,26.473,25.989,26.038,25.697,25.697,25.816,5991000.0,158601755000.0,0.0,0.0,-0.1,-0.0975,-0.3781
SSI,2024-11-06,15:11:11,HOSE,STOCK,26.15,27.95,24.35,26.3,26.6,26.2,26.45,26.365,25.648,25.94,25.55,25.794,25.711,10676500.0,281486060000.0,0.0,0.0,0.3,0.2926,1.1472
SSI,2024-11-05,15:11:10,HOSE,STOCK,26.25,28.05,24.45,26.25,26.45,26.15,26.15,26.257,25.599,25.794,25.501,25.501,25.606,3203100.0,84104815000.0,0.0,0.0,-0.1,-0.0975,-0.381
SSI,2024-11-04,15:11:11,HOSE,STOCK,26.2,28.0,24.4,26.2,26.55,25.9,26.25,26.154,25.55,25.892,25.258,25.599,25.505,13413500.0,350809790000.0,0.0,0.0,0.05,0.0488,0.1908
SSI,2024-11-01,15:11:13,HOSE,STOCK,26.6,28.45,24.75,26.5,26.5,26.05,26.2,26.253,25.843,25.843,25.404,25.55,25.602,8377200.0,219928840000.0,0.0,0.0,-0.4,-0.3901,-1.5038
SSI,2024-10-31,15:10:12,HOSE,STOCK,26.35,28.15,24.55,26.35,26.6,26.3,26.6,26.433,25.697,25.94,25.648,25.94,25.777,7085500.0,187288995000.0,0.0,0.0,0.25,0.2438,0.9488
SSI,2024-10-30,15:10:11,HOSE,STOCK,26.7,28.55,24.85,26.8,26.85,26.2,26.35,26.504,26.135,26.184,25.55,25.697,25.847,9615800.0,254857365000.0,0.0,0.0,-0.35,-0.3413,-1.3109
SSI,2024-10-29,15:10:11,HOSE,STOCK,26.8,28.65,24.95,26.85,27.0,26.7,26.7,26.836,26.184,26.33,26.038,26.038,26.17,5358800.0,143809205000.0,0.0,0.0,-0.1,-0.0975,-0.3731
SSI,2024-10-28,15:10:12,HOSE,STOCK,26.7,28.55,24.85,26.65,27.0,26.65,26.8,26.85,25.989,26.33,25.989,26.135,26.184,6128800.0,164559150000.0,0.0,0.0,0.1,0.0975,0.3745
SSI,2024-10-25,15:10:13,HOSE,STOCK,26.8,28.65,24.95,26.8,26.9,26.7,26.7,26.76,26.135,26.233,26.038,26.038,26.096,7953400.0,212830925000.0,0.0,0.0,-0.1,-0.0975,-0.3731
SSI,2024-10-24,15:10:13,HOSE,STOCK,26.9,28.75,25.05,26.9,27.1,26.8,26.8,26.928,26.233,26.428,26.135,26.135,26.26,11773000.0,317024845000.0,0.0,0.0,-0.1,-0.0975,-0.3717
SSI,2024-10-23,15:10:13,HOSE,STOCK,26.7,28.55,24.85,26.8,27.0,26.7,26.9,26.85,26.135,26.33,26.038,26.233,26.184,8135500.0,218437600000.0,0.0,0.0,0.2,0.195,0.7491
SSI,2024-10-22,15:10:11,HOSE,STOCK,26.9,28.75,25.05,26.8,27.2,26.7,26.7,26.913,26.135,26.525,26.038,26.038,26.246,15345800.0,412999695000.0,0.0,0.0,-0.2,-0.195,-0.7435
SSI,2024-10-21,15:10:18,HOSE,STOCK,27.35,29.25,25.45,27.35,27.4,26.9,26.9,27.125,26.672,26.72,26.233,26.233,26.452,11792200.0,319867595000.0,0.0,0.0,-0.45,-0.4388,-1.6453
SSI,2024-10-18,15:10:15,HOSE,STOCK,27.45,29.35,25.55,27.55,27.75,27.35,27.35,27.547,26.867,27.062,26.672,26.672,26.864,11887200.0,327450325000.0,0.0,0.0,-0.1,-0.0975,-0.3643
SSI,2024-10-17,15:10:13,HOSE,STOCK,27.1,28.95,25.25,27.15,27.45,26.95,27.45,27.19,26.477,26.769,26.282,26.769,26.516,11043700.0,300274485000.0,0.0,0.0,0.35,0.3413,1.2915
SSI,2024-10-16,15:10:10,HOSE,STOCK,27.25,29.15,25.35,27.05,27.45,27.05,27.1,27.209,26.379,26.769,26.379,26.428,26.534,9811400.0,266956785000.0,0.0,0.0,-0.15,-0.1463,-0.5505
SSI,2024-10-15,15:10:10,HOSE,STOCK,27.65,29.55,25.75,27.65,27.9,27.25,27.25,27.563,26.964,27.208,26.574,26.574,26.879,12559000.0,346169115000.0,0.0,0.0,-0.4,-0.3901,-1.4467
SSI,2024-10-14,15:10:11,HOSE,STOCK,27.45,29.35,25.55,27.7,28.0,27.5,27.65,27.745,27.013,27.306,26.818,26.964,27.057,12591700.0,349357970000.0,0.0,0.0,0.2,0.195,0.7286
SSI,2024-10-11,15:10:12,HOSE,STOCK,27.55,29.45,25.65,27.65,27.65,27.35,27.45,27.483,26.964,26.964,26.672,26.769,26.801,8286200.0,227728305000.0,0.0,0.0,-0.1,-0.0975,-0.363
SSI,2024-10-10,15:10:11,HOSE,STOCK,27.3,29.2,25.4,27.5,27.8,27.35,27.55,27.607,26.818,27.111,26.672,26.867,26.922,14886300.0,410958690000.0,0.0,0.0,0.25,0.2438,0.9158
SSI,2024-10-09,15:10:14,HOSE,STOCK,27.4,29.3,25.5,27.35,27.6,27.1,27.3,27.318,26.672,26.916,26.428,26.623,26.641,17220400.0,470424490000.0,0.0,0.0,-0.1,-0.0975,-0.365
SSI,2024-10-08,15:10:10,HOSE,STOCK,27.6,29.5,25.7,27.75,27.9,27.35,27.4,27.539,27.062,27.208,26.672,26.72,26.856,12340400.0,339845605000.0,0.0,0.0,-0.2,-0.195,-0.7246
SSI,2024-10-07,15:10:12,HOSE,STOCK,27.3,29.2,25.4,27.5,27.6,27.25,27.6,27.42,26.818,26.916,26.574,26.916,26.74,9644300.0,264443380000.0,0.0,0.0,0.3,0.2926,1.0989
SSI,2024-10-04,15:10:14,HOSE,STOCK,27.55,29.45,25.65,27.55,27.8,27.3,27.3,27.501,26.867,27.111,26.623,26.623,26.819,8506100.0,233929830000.0,0.0,0.0,-0.25,-0.2438,-0.9074
SSI,2024-10-03,15:10:11,HOSE,STOCK,27.6,29.5,25.7,27.6,27.95,27.35,27.55,27.63,26.916,27.257,26.672,26.867,26.945,12830600.0,354505325000.0,0.0,0.0,-0.05,-0.0488,-0.1812
SSI,2024-10-02,15:10:11,HOSE,STOCK,27.8,29.7,25.9,27.6,27.8,27.5,27.6,27.611,26.916,27.111,26.818,26.916,26.926,11820100.0,326368320000.0,0.0,0.0,-0.2,-0.195,-0.7194
SSI,2024-10-01,15:10:10,HOSE,STOCK,27.9,29.85,25.95,28.0,28.35,27.8,27.8,28.1,27.306,27.647,27.111,27.111,27.403,14445300.0,405915200000.0,0.0,0.0,-0.1,-0.0975,-0.3584
SSI,2024-09-30,15:09:14,HOSE,STOCK,27.6,29.5,25.7,27.5,28.15,27.25,27.9,27.831,26.818,27.452,26.574,27.208,27.141,12749400.0,354827475000.0,0.0,0.0,0.3,0.2926,1.087
SSI,2024-09-27,15:09:13,HOSE,STOCK,27.5,29.4,25.6,27.5,27.75,27.4,27.6,27.621,26.818,27.062,26.72,26.916,26.936,12575200.0,347338765000.0,0.0,0.0,0.1,0.0975,0.3636
SSI,2024-09-26,15:09:11,HOSE,STOCK,27.45,29.35,25.55,27.45,27.7,27.35,27.5,27.542,26.769,27.013,26.672,26.818,26.859,14945400.0,411619050000.0,0.0,0.0,0.05,0.0488,0.1821
SSI,2024-09-25,15:09:12,HOSE,STOCK,26.6,28.45,24.75,26.75,27.6,26.7,27.45,27.208,26.087,26.916,26.038,26.769,26.533,27327900.0,743533455000.0,0.0,0.0,0.85,0.8289,3.1955
SSI,2024-09-24,15:09:09,HOSE,STOCK,26.6,28.45,24.75,26.65,26.65,26.4,26.6,26.533,25.989,25.989,25.745,25.94,25.875,8610900.0,228469610000.0,0.0,0.0,0.0,0.0,0.0
SSI,2024-09-23,15:09:12,HOSE,STOCK,26.25,28.05,24.45,26.85,26.95,26.45,26.6,26.639,26.184,26.282,25.794,25.94,25.978,19233700.0,512371640000.0,0.0,0.0,0.35,0.3413,1.3333
SSI,2024-09-20,15:09:12,HOSE,STOCK,33.6,35.95,31.25,33.8,33.85,33.4,33.6,33.576,25.733,25.771,25.429,25.581,25.563,31676100.0,1063544245000.0,0.0,0.0,0.0,0.0,0.0
SSI,2024-09-19,15:09:12,HOSE,STOCK,33.4,35.7,31.1,33.75,33.9,33.55,33.6,33.728,25.695,25.809,25.543,25.581,25.678,24638000.0,830986550000.0,0.0,0.0,0.2,0.1523,0.5988
SSI,2024-09-18,15:09:14,HOSE,STOCK,32.7,34.95,30.45,32.9,33.75,32.8,33.4,33.435,25.048,25.695,24.972,25.429,25.455,28151100.0,941242205000.0,0.0,0.0,0.7,0.5329,2.1407
SSI,2024-09-17,15:09:13,HOSE,STOCK,32.1,34.3,29.9,32.1,32.7,32.05,32.7,32.367,24.439,24.896,24.401,24.896,24.642,9660800.0,312689300000.0,0.0,0.0,0.6,0.4568,1.8692
SSI,2024-09-16,15:09:12,HOSE,STOCK,32.3,34.55,30.05,32.3,32.65,32.05,32.1,32.349,24.591,24.858,24.401,24.439,24.629,9523800.0,308081235000.0,0.0,0.0,-0.2,-0.1523,-0.6192
SSI,2024-09-13,15:09:15,HOSE,STOCK,32.25,34.5,30.0,32.3,32.7,32.1,32.3,32.436,24.591,24.896,24.439,24.591,24.695,11642600.0,377635745000.0,0.0,0.0,0.05,0.0381,0.155
SSI,2024-09-12,15:09:10,HOSE,STOCK,32.5,34.75,30.25,32.7,32.75,32.25,32.25,32.427,24.896,24.934,24.553,24.553,24.688,5941600.0,192667315000.0,0.0,0.0,-0.25,-0.1903,-0.7692
SSI,2024-09-11,15:09:10,HOSE,STOCK,32.4,34.65,30.15,32.4,32.6,31.85,32.5,32.187,24.667,24.82,24.249,24.744,24.505,8911200.0,286827330000.0,0.0,0.0,0.1,0.0761,0.3086
SSI,2024-09-10,15:09:09,HOSE,STOCK,32.9,35.2,30.6,33.1,33.35,32.0,32.4,32.573,25.2,25.391,24.363,24.667,24.799,13278400.0,432510850000.0,0.0,0.0,-0.5,-0.3807,-1.5198
SSI,2024-09-09,15:09:11,HOSE,STOCK,33.4,35.7,31.1,33.2,33.35,32.85,32.9,33.051,25.276,25.391,25.01,25.048,25.163,10104900.0,333971670000.0,0.0,0.0,-0.5,-0.3807,-1.497
SSI,2024-09-06,15:09:14,HOSE,STOCK,33.1,35.4,30.8,33.1,33.4,32.8,33.4,33.081,25.2,25.429,24.972,25.429,25.186,9538100.0,315530920000.0,0.0,0.0,0.3,0.2284,0.9063
SSI,2024-09-05,15:09:10,HOSE,STOCK,33.15,35.45,30.85,33.5,33.75,32.9,33.1,33.323,25.505,25.695,25.048,25.2,25.37,9857300.0,328476910000.0,0.0,0.0,-0.05,-0.0381,-0.1508
SSI,2024-09-04,15:09:11,HOSE,STOCK,33.7,36.05,31.35,33.15,33.45,33.0,33.15,33.213,25.238,25.467,25.124,25.238,25.286,10057700.0,334041960000.0,0.0,0.0,-0.55,-0.4187,-1.632
SSI,2024-08-30,15:08:11,HOSE,STOCK,33.95,36.3,31.6,33.85,34.0,33.65,33.7,33.828,25.771,25.886,25.619,25.657,25.755,8631800.0,291994845000.0,0.0,0.0,-0.25,-0.1903,-0.7364
SSI,2024-08-29,15:08:11,HOSE,STOCK,34.05,36.4,31.7,34.1,34.2,33.75,33.95,33.944,25.962,26.038,25.695,25.847,25.843,8714300.0,295796445000.0,0.0,0.0,-0.1,-0.0761,-0.2937
SSI,2024-08-28,15:08:10,HOSE,STOCK,33.4,35.7,31.1,33.5,34.25,33.15,34.05,33.772,25.505,26.076,25.238,25.924,25.712,20047900.0,677051950000.0,0.0,0.0,0.65,0.4949,1.9461
SSI,2024-08-27,15:08:10,HOSE,STOCK,33.95,36.3,31.6,33.55,33.9,33.4,33.4,33.551,25.543,25.809,25.429,25.429,25.544,9974200.0,334647735000.0,0.0,0.0,-0.55,-0.4187,-1.62
SSI,2024-08-26,15:08:11,HOSE,STOCK,33.6,35.95,31.25,33.9,34.3,33.6,33.95,33.905,25.809,26.114,25.581,25.847,25.813,19841200.0,672707290000.0,0.0,0.0,0.35,0.2665,1.0417
SSI,2024-08-23,15:08:10,HOSE,STOCK,33.1,35.4,30.8,33.2,33.9,32.75,33.6,33.354,25.276,25.809,24.934,25.581,25.394,15977700.0,532918775000.0,0.0,0.0,0.5,0.3807,1.5106
SSI,2024-08-22,15:08:14,HOSE,STOCK,33.05,35.35,30.75,33.05,33.25,32.7,33.1,32.992,25.162,25.315,24.896,25.2,25.118,10210700.0,336867620000.0,0.0,0.0,0.05,0.0381,0.1513
SSI,2024-08-21,15:08:14,HOSE,STOCK,32.65,34.9,30.4,32.65,33.05,32.45,33.05,32.727,24.858,25.162,24.705,25.162,24.916,12951100.0,423850835000.0,0.0,0.0,0.4,0.3045,1.2251
SSI,2024-08-20,15:08:13,HOSE,STOCK,32.4,34.65,30.15,32.4,32.95,32.3,32.65,32.599,24.667,25.086,24.591,24.858,24.819,13817500.0,450433360000.0,0.0,0.0,0.25,0.1903,0.7716
SSI,2024-08-19,15:08:11,HOSE,STOCK,32.7,34.95,30.45,33.0,33.0,32.4,32.4,32.624,25.124,25.124,24.667,24.667,24.838,9673300.0,315580355000.0,0.0,0.0,-0.3,-0.2284,-0.9174
SSI,2024-08-16,15:08:12,HOSE,STOCK,30.9,33.05,28.75,31.25,32.7,31.15,32.7,32.181,23.792,24.896,23.716,24.896,24.501,27282400.0,877971660000.0,0.0,0.0,1.8,1.3704,5.8252
SSI,2024-08-15,15:08:12,HOSE,STOCK,31.4,33.55,29.25,31.4,31.55,30.8,30.9,31.032,23.906,24.02,23.449,23.525,23.626,9340200.0,289844830000.0,0.0,0.0,-0.5,-0.3807,-1.5924
SSI,2024-08-14,15:08:09,HOSE,STOCK,31.7,33.9,29.5,31.8,31.85,31.3,31.4,31.519,24.211,24.249,23.83,23.906,23.997,7222100.0,227636225000.0,0.0,0.0,-0.3,-0.2284,-0.9464
SSI,2024-08-13,15:08:10,HOSE,STOCK,32.0,34.2,29.8,31.95,31.95,31.25,31.7,31.527,24.325,24.325,23.792,24.134,24.003,9397100.0,296263205000.0,0.0,0.0,-0.3,-0.2284,-0.9375
SSI,2024-08-12,15:08:11,HOSE,STOCK,31.3,33.45,29.15,31.6,32.0,31.2,32.0,31.643,24.058,24.363,23.754,24.363,24.091,11074900.0,350445935000.0,0.0,0.0,0.7,0.5329,2.2364
SSI,2024-08-09,15:08:10,HOSE,STOCK,30.0,32.1,27.9,30.55,31.6,30.3,31.3,31.025,23.259,24.058,23.069,23.83,23.621,14921400.0,462934595000.0,0.0,0.0,1.3,0.9897,4.3333
SSI,2024-08-08,15:08:09,HOSE,STOCK,30.6,32.7,28.5,30.3,30.7,29.9,30.0,30.274,23.069,23.373,22.764,22.84,23.049,11140000.0,337248040000.0,0.0,0.0,-0.6,-0.4568,-1.9608
SSI,2024-08-07,15:08:10,HOSE,STOCK,30.6,32.7,28.5,30.9,30.9,30.25,30.6,30.496,23.525,23.525,23.03,23.297,23.218,6527000.0,199046175000.0,0.0,0.0,0.0,0.0,0.0
SSI,2024-08-06,15:08:09,HOSE,STOCK,29.6,31.65,27.55,30.3,31.0,29.65,30.6,30.273,23.069,23.601,22.574,23.297,23.048,17111000.0,517998925000.0,0.0,0.0,1.0,0.7613,3.3784
SSI,2024-08-05,15:08:09,HOSE,STOCK,31.25,33.4,29.1,30.65,30.8,29.6,29.6,30.101,23.335,23.449,22.536,22.536,22.917,22026300.0,663021455000.0,0.0,0.0,-1.65,-1.2562,-5.28
SSI,2024-08-02,15:08:11,HOSE,STOCK,30.3,32.4,28.2,29.85,31.35,29.75,31.25,30.376,22.726,23.868,22.65,23.792,23.126,15346200.0,466161265000.0,0.0,0.0,0.95,0.7233,3.1353
SSI,2024-08-01,15:08:09,HOSE,STOCK,31.8,34.0,29.6,32.1,32.1,30.0,30.3,30.848,24.439,24.439,22.84,23.069,23.486,23876700.0,736550450000.0,0.0,0.0,-1.5,-1.142,-4.717
SSI,2024-07-31,15:07:11,HOSE,STOCK,31.95,34.15,29.75,32.2,32.3,31.7,31.8,32.021,24.515,24.591,24.134,24.211,24.379,7852600.0,251445455000.0,0.0,0.0,-0.15,-0.1142,-0.4695
SSI,2024-07-30,15:07:09,HOSE,STOCK,32.2,34.45,29.95,32.2,32.4,31.9,31.95,32.124,24.515,24.667,24.287,24.325,24.457,5987100.0,192328040000.0,0.0,0.0,-0.25,-0.1903,-0.7764
SSI,2024-07-29,15:07:09,HOSE,STOCK,32.1,34.3,29.9,32.35,32.55,32.2,32.2,32.373,24.629,24.782,24.515,24.515,24.647,5697800.0,184457140000.0,0.0,0.0,0.1,0.0761,0.3115
SSI,2024-07-26,21:07:59,HOSE,STOCK,31.9,34.1,29.7,32.1,32.3,31.9,32.1,32.015,24.439,24.591,24.287,24.439,24.374,6997600.0,224029630000.0,0.0,0.0,0.2,0.1523,0.627
SSI,2024-07-25,15:07:08,HOSE,STOCK,32.9,35.2,30.6,32.3,32.65,31.8,31.9,32.083,24.591,24.858,24.211,24.287,24.426,16462300.0,528155065000.0,0.0,0.0,-1.0,-0.7613,-3.0395
SSI,2024-07-24,15:07:09,HOSE,STOCK,33.85,36.2,31.5,33.65,33.9,31.95,32.9,32.882,25.619,25.809,24.325,25.048,25.034,21938000.0,721361770000.0,0.0,0.0,-0.95,-0.7233,-2.8065
SSI,2024-07-23,15:07:11,HOSE,STOCK,34.65,37.05,32.25,34.65,34.75,33.85,33.85,34.187,26.38,26.457,25.771,25.771,26.028,12721500.0,434906215000.0,0.0,0.0,-0.8,-0.6091,-2.3088
SSI,2024-07-22,15:07:09,HOSE,STOCK,34.8,37.2,32.4,34.75,35.05,34.15,34.65,34.654,26.457,26.685,26.0,26.38,26.383,10111600.0,350405590000.0,0.0,0.0,-0.15,-0.1142,-0.431
SSI,2024-07-19,15:07:09,HOSE,STOCK,34.35,36.75,31.95,34.7,35.2,34.5,34.8,34.834,26.418,26.799,26.266,26.495,26.52,17264600.0,601389240000.0,0.0,0.0,0.45,0.3426,1.31
SSI,2024-07-18,15:07:10,HOSE,STOCK,34.15,36.5,31.8,34.35,34.4,33.8,34.35,34.085,26.152,26.19,25.733,26.152,25.95,9452500.0,322190060000.0,0.0,0.0,0.2,0.1523,0.5857
SSI,2024-07-17,15:07:09,HOSE,STOCK,34.4,36.8,32.0,34.6,34.95,33.95,34.15,34.507,26.342,26.609,25.847,26.0,26.272,14342000.0,494905055000.0,0.0,0.0,-0.25,-0.1903,-0.7267
SSI,2024-07-16,15:07:09,HOSE,STOCK,34.3,36.7,31.9,34.5,35.0,34.35,34.4,34.627,26.266,26.647,26.152,26.19,26.363,7479100.0,258981730000.0,0.0,0.0,0.1,0.0761,0.2915
SSI,2024-07-15,15:07:11,HOSE,STOCK,34.45,36.85,32.05,34.7,34.7,34.3,34.3,34.469,26.418,26.418,26.114,26.114,26.243,3953500.0,136272735000.0,0.0,0.0,-0.15,-0.1142,-0.4354
SSI,2024-07-12,15:07:09,HOSE,STOCK,34.8,37.2,32.4,34.8,34.9,34.45,34.45,34.603,26.495,26.571,26.228,26.228,26.345,5109200.0,176794735000.0,0.0,0.0,-0.35,-0.2665,-1.0057
SSI,2024-07-11,15:07:09,HOSE,STOCK,34.35,36.75,31.95,34.6,35.15,34.45,34.8,34.774,26.342,26.761,26.228,26.495,26.475,11001000.0,382545890000.0,0.0,0.0,0.45,0.3426,1.31
SSI,2024-07-10,15:07:08,HOSE,STOCK,34.65,37.05,32.25,34.7,34.75,34.35,34.35,34.562,26.418,26.457,26.152,26.152,26.313,5763700.0,199207210000.0,0.0,0.0,-0.3,-0.2284,-0.8658
SSI,2024-07-09,15:07:10,HOSE,STOCK,34.55,36.95,32.15,34.6,34.9,34.3,34.65,34.63,26.342,26.571,26.114,26.38,26.365,10076200.0,348940560000.0,0.0,0.0,0.1,0.0761,0.2894
SSI,2024-07-08,15:07:11,HOSE,STOCK,34.65,37.05,32.25,34.8,35.05,34.4,34.55,34.646,26.495,26.685,26.19,26.304,26.377,7626900.0,264240045000.0,0.0,0.0,-0.1,-0.0761,-0.2886
SSI,2024-07-05,15:07:10,HOSE,STOCK,34.4,36.8,32.0,34.4,34.65,34.15,34.65,34.411,26.19,26.38,26.0,26.38,26.198,7440000.0,256016140000.0,0.0,0.0,0.25,0.1903,0.7267
SSI,2024-07-04,15:07:10,HOSE,STOCK,34.45,36.85,32.05,34.45,34.8,34.3,34.4,34.535,26.228,26.495,26.114,26.19,26.293,5766000.0,199126890000.0,0.0,0.0,-0.05,-0.0381,-0.1451
SSI,2024-07-03,15:07:09,HOSE,STOCK,34.35,36.75,31.95,34.35,34.6,34.35,34.45,34.482,26.152,26.342,26.152,26.228,26.252,5952500.0,205252775000.0,0.0,0.0,0.1,0.0761,0.2911
SSI,2024-07-02,15:07:08,HOSE,STOCK,33.9,36.25,31.55,34.05,34.35,33.9,34.35,34.183,25.924,26.152,25.809,26.152,26.025,7213600.0,246580485000.0,0.0,0.0,0.45,0.3426,1.3274
SSI,2024-07-01,15:07:09,HOSE,STOCK,33.95,36.3,31.6,34.05,34.1,33.45,33.9,33.703,25.924,25.962,25.467,25.809,25.659,7933900.0,267398985000.0,0.0,0.0,-0.05,-0.0381,-0.1473
SSI,2024-06-28,15:06:10,HOSE,STOCK,34.3,36.7,31.9,34.3,34.45,33.75,33.95,34.016,26.114,26.228,25.695,25.847,25.898,11362600.0,386511175000.0,0.0,0.0,-0.35,-0.2665,-1.0204
SSI,2024-06-27,15:06:08,HOSE,STOCK,34.4,36.8,32.0,34.3,34.55,34.1,34.3,34.279,26.114,26.304,25.962,26.114,26.098,5308600.0,181971430000.0,0.0,0.0,-0.1,-0.0761,-0.2907
SSI,2024-06-26,15:06:09,HOSE,STOCK,34.55,36.95,32.15,34.55,34.65,33.6,34.4,34.23,26.304,26.38,25.581,26.19,26.061,11515000.0,394155475000.0,0.0,0.0,-0.15,-0.1142,-0.4342
SSI,2024-06-25,15:06:09,HOSE,STOCK,34.6,37.0,32.2,34.6,34.85,34.4,34.55,34.611,26.342,26.533,26.19,26.304,26.351,6523500.0,225786490000.0,0.0,0.0,-0.05,-0.0381,-0.1445
SSI,2024-06-24,15:06:10,HOSE,STOCK,35.5,37.95,33.05,35.45,35.5,34.2,34.6,34.628,26.989,27.028,26.038,26.342,26.364,27186000.0,941395900000.0,0.0,0.0,-0.9,-0.6852,-2.5352
SSI,2024-06-21,15:06:10,HOSE,STOCK,35.9,38.4,33.4,35.8,36.0,35.5,35.5,35.674,27.256,27.408,27.028,27.028,27.16,9055100.0,323028310000.0,0.0,0.0,-0.4,-0.3045,-1.1142
SSI,2024-06-20,15:06:08,HOSE,STOCK,36.2,38.7,33.7,36.2,36.3,35.4,35.9,35.819,27.56,27.637,26.951,27.332,27.27,14274900.0,511314155000.0,0.0,0.0,-0.3,-0.2284,-0.8287
SSI,2024-06-19,15:06:10,HOSE,STOCK,36.1,38.6,33.6,36.2,36.3,35.8,36.2,36.048,27.56,27.637,27.256,27.56,27.445,9768900.0,352144625000.0,0.0,0.0,0.1,0.0761,0.277
SSI,2024-06-18,15:06:08,HOSE,STOCK,35.9,38.4,33.4,36.1,36.3,35.85,36.1,36.094,27.484,27.637,27.294,27.484,27.48,9692800.0,349851915000.0,0.0,0.0,0.2,0.1523,0.5571
SSI,2024-06-17,15:06:08,HOSE,STOCK,36.1,38.6,33.6,36.0,36.25,35.75,35.9,35.941,27.408,27.599,27.218,27.332,27.363,12551300.0,451109000000.0,0.0,0.0,-0.2,-0.1523,-0.554
SSI,2024-06-14,15:06:09,HOSE,STOCK,36.5,39.05,33.95,36.7,37.2,36.1,36.1,36.758,27.941,28.322,27.484,27.484,27.985,26737800.0,982824130000.0,0.0,0.0,-0.4,-0.3045,-1.0959
SSI,2024-06-13,15:06:08,HOSE,STOCK,36.6,39.15,34.05,36.8,36.9,36.35,36.5,36.559,28.017,28.093,27.675,27.789,27.834,13008300.0,475575810000.0,0.0,0.0,-0.1,-0.0761,-0.2732
SSI,2024-06-12,15:06:08,HOSE,STOCK,35.8,38.3,33.3,35.85,36.6,35.8,36.6,36.315,27.294,27.865,27.256,27.865,27.648,27346000.0,993061365000.0,0.0,0.0,0.8,0.6091,2.2346
SSI,2024-06-11,15:06:08,HOSE,STOCK,35.35,37.8,32.9,35.5,35.8,35.25,35.8,35.543,27.028,27.256,26.837,27.256,27.06,14775200.0,525154510000.0,0.0,0.0,0.45,0.3426,1.273
SSI,2024-06-10,15:06:09,HOSE,STOCK,35.45,37.9,33.0,35.5,35.8,35.35,35.35,35.586,27.028,27.256,26.913,26.913,27.093,13313100.0,473754460000.0,0.0,0.0,-0.1,-0.0761,-0.2821
SSI,2024-06-07,15:06:09,HOSE,STOCK,35.4,37.85,32.95,35.65,35.65,35.3,35.45,35.457,27.142,27.142,26.875,26.989,26.995,6447800.0,228621605000.0,0.0,0.0,0.05,0.0381,0.1412
SSI,2024-06-06,15:06:07,HOSE,STOCK,35.4,37.85,32.95,35.6,35.65,35.2,35.4,35.416,27.104,27.142,26.799,26.951,26.964,8633500.0,305761250000.0,0.0,0.0,0.0,0.0,0.0
SSI,2024-06-05,15:06:07,HOSE,STOCK,35.4,37.85,32.95,35.45,35.8,35.4,35.4,35.624,26.989,27.256,26.951,26.951,27.122,14108600.0,502606355000.0,0.0,0.0,0.0,0.0,0.0
SSI,2024-06-04,15:06:07,HOSE,STOCK,35.4,37.85,32.95,35.4,35.9,35.35,35.4,35.602,26.951,27.332,26.913,26.951,27.105,11440300.0,407300855000.0,0.0,0.0,0.0,0.0,0.0
SSI,2024-06-03,15:06:07,HOSE,STOCK,34.7,37.1,32.3,35.0,35.6,35.0,35.4,35.374,26.647,27.104,26.647,26.951,26.932,12486400.0,441692820000.0,0.0,0.0,0.7,0.5329,2.0173
SSI,2024-05-31,15:05:07,HOSE,STOCK,34.85,37.25,32.45,34.85,35.0,34.6,34.7,34.816,26.533,26.647,26.342,26.418,26.507,8441300.0,293895860000.0,0.0,0.0,-0.15,-0.1142,-0.4304
SSI,2024-05-30,15:05:08,HOSE,STOCK,35.2,37.65,32.75,35.0,35.05,34.3,34.85,34.705,26.647,26.685,26.114,26.533,26.422,18861700.0,654594185000.0,0.0,0.0,-0.35,-0.2665,-0.9943
SSI,2024-05-29,15:05:07,HOSE,STOCK,35.6,38.05,33.15,35.75,35.9,35.1,35.2,35.56,27.218,27.332,26.723,26.799,27.073,13092100.0,465556645000.0,0.0,0.0,-0.4,-0.3045,-1.1236
SSI,2024-05-28,15:05:10,HOSE,STOCK,35.1,37.55,32.65,35.3,35.6,35.15,35.6,35.445,26.875,27.104,26.761,27.104,26.986,13044000.0,462345515000.0,0.0,0.0,0.5,0.3807,1.4245
SSI,2024-05-27,15:05:06,HOSE,STOCK,35.25,37.7,32.8,35.25,35.5,34.8,35.1,35.074,26.837,27.028,26.495,26.723,26.703,16841300.0,590692430000.0,0.0,0.0,-0.15,-0.1142,-0.4255
SSI,2024-05-24,15:05:08,HOSE,STOCK,36.7,39.25,34.15,36.3,36.45,34.8,35.25,35.799,27.637,27.751,26.495,26.837,27.255,28294900.0,1012929205000.0,0.0,0.0,-1.45,-1.1039,-3.951
SSI,2024-05-23,15:05:06,HOSE,STOCK,36.45,39.0,33.9,36.4,36.7,35.85,36.7,36.223,27.713,27.941,27.294,27.941,27.578,16679200.0,604175350000.0,0.0,0.0,0.25,0.1903,0.6859
SSI,2024-05-22,15:05:07,HOSE,STOCK,36.8,39.35,34.25,36.8,37.35,36.4,36.45,36.909,28.017,28.436,27.713,27.751,28.1,22688000.0,837398725000.0,0.0,0.0,-0.35,-0.2665,-0.9511
SSI,2024-05-21,15:05:06,HOSE,STOCK,36.65,39.2,34.1,36.55,36.8,36.3,36.8,36.541,27.827,28.017,27.637,28.017,27.82,14037400.0,512944580000.0,0.0,0.0,0.15,0.1142,0.4093
SSI,2024-05-20,15:05:07,HOSE,STOCK,36.4,38.9,33.9,36.6,37.1,36.5,36.65,36.845,27.865,28.246,27.789,27.903,28.052,19945200.0,734880955000.0,0.0,0.0,0.25,0.1903,0.6868
SSI,2024-05-17,15:05:07,HOSE,STOCK,36.1,38.6,33.6,36.1,36.6,35.95,36.4,36.321,27.484,27.865,27.37,27.713,27.653,14815700.0,538126865000.0,0.0,0.0,0.3,0.2284,0.831
SSI,2024-05-16,15:05:06,HOSE,STOCK,35.95,38.45,33.45,36.35,36.4,36.05,36.1,36.243,27.675,27.713,27.446,27.484,27.593,13615900.0,493477525000.0,0.0,0.0,0.15,0.1142,0.4172
SSI,2024-05-15,15:05:05,HOSE,STOCK,35.5,37.95,33.05,35.7,36.3,35.5,35.95,35.959,27.18,27.637,27.028,27.37,27.377,20293600.0,729727275000.0,0.0,0.0,0.45,0.3426,1.2676
SSI,2024-05-14,15:05:06,HOSE,STOCK,35.6,38.05,33.15,35.65,35.9,35.35,35.5,35.557,27.142,27.332,26.913,27.028,27.071,7029000.0,249932625000.0,0.0,0.0,-0.1,-0.0761,-0.2809
SSI,2024-05-13,15:05:05,HOSE,STOCK,35.45,37.9,33.0,35.65,35.9,35.25,35.6,35.648,27.142,27.332,26.837,27.104,27.14,10272700.0,366203345000.0,0.0,0.0,0.15,0.1142,0.4231
SSI,2024-05-10,15:05:07,HOSE,STOCK,35.2,37.65,32.75,35.3,35.5,35.0,35.45,35.272,26.875,27.028,26.647,26.989,26.854,12118500.0,427444765000.0,0.0,0.0,0.25,0.1903,0.7102
SSI,2024-05-09,15:05:06,HOSE,STOCK,35.65,38.1,33.2,35.85,35.9,35.05,35.2,35.373,27.294,27.332,26.685,26.799,26.931,15342900.0,542720695000.0,0.0,0.0,-0.45,-0.3426,-1.2623
SSI,2024-05-08,15:05:06,HOSE,STOCK,35.55,38.0,33.1,35.2,35.9,35.1,35.65,35.547,26.799,27.332,26.723,27.142,27.063,13710900.0,487382695000.0,0.0,0.0,0.1,0.0761,0.2813
SSI,2024-05-07,15:05:06,HOSE,STOCK,35.65,38.1,33.2,35.8,36.0,35.4,35.55,35.587,27.256,27.408,26.951,27.066,27.094,8273300.0,294423980000.0,0.0,0.0,-0.1,-0.0761,-0.2805
SSI,2024-05-06,15:05:07,HOSE,STOCK,34.65,37.05,32.25,35.0,36.05,34.95,35.65,35.576,26.647,27.446,26.609,27.142,27.085,16789600.0,597307395000.0,0.0,0.0,1.0,0.7613,2.886
SSI,2024-05-03,15:05:07,HOSE,STOCK,34.7,37.1,32.3,35.1,35.3,34.6,34.65,34.981,26.723,26.875,26.342,26.38,26.632,9163900.0,320563305000.0,0.0,0.0,-0.05,-0.0381,-0.1441
SSI,2024-05-02,15:05:06,HOSE,STOCK,35.2,37.65,32.75,35.2,35.3,34.3,34.7,34.633,26.799,26.875,26.114,26.418,26.367,12220400.0,423229455000.0,0.0,0.0,-0.5,-0.3807,-1.4205
SSI,2024-04-26,15:04:06,HOSE,STOCK,35.35,37.8,32.9,34.85,35.35,34.7,35.2,35.012,26.533,26.913,26.418,26.799,26.656,13819800.0,483859475000.0,0.0,0.0,-0.15,-0.1142,-0.4243
SSI,2024-04-25,15:04:07,HOSE,STOCK,35.65,38.1,33.2,35.65,35.65,35.1,35.35,35.286,27.142,27.142,26.723,26.913,26.865,10578200.0,373259380000.0,0.0,0.0,-0.3,-0.2284,-0.8415
SSI,2024-04-24,16:04:43,HOSE,STOCK,34.5,36.9,32.1,35.0,35.95,34.9,35.65,35.441,26.647,27.37,26.571,27.142,26.983,21326800.0,755835570000.0,0.0,0.0,1.15,0.8755,3.3333
SSI,2024-04-23,15:04:06,HOSE,STOCK,35.1,37.55,32.65,35.1,35.3,34.3,34.5,34.801,26.723,26.875,26.114,26.266,26.495,16741600.0,582628255000.0,0.0,0.0,-0.6,-0.4568,-1.7094
SSI,2024-04-22,15:04:08,HOSE,STOCK,33.2,35.5,30.9,34.2,35.5,33.95,35.1,34.598,26.038,27.028,25.847,26.723,26.341,19499700.0,674651535000.0,0.0,0.0,1.9,1.4465,5.7229
SSI,2024-04-19,15:04:05,HOSE,STOCK,34.4,36.8,32.0,33.95,34.8,33.05,33.2,33.849,25.847,26.495,25.162,25.276,25.771,29562900.0,1000671565000.0,0.0,0.0,-1.2,-0.9136,-3.4884
SSI,2024-04-17,15:04:05,HOSE,STOCK,35.2,37.65,32.75,35.45,35.5,34.4,34.4,34.834,26.989,27.028,26.19,26.19,26.52,13931600.0,485288975000.0,0.0,0.0,-0.8,-0.6091,-2.2727
SSI,2024-04-16,15:04:06,HOSE,STOCK,34.95,37.35,32.55,35.1,35.3,34.1,35.2,34.829,26.723,26.875,25.962,26.799,26.517,32795000.0,1142208035000.0,0.0,0.0,0.25,0.1903,0.7153
SSI,2024-04-15,15:04:08,HOSE,STOCK,37.55,40.15,34.95,37.3,37.65,34.95,34.95,36.179,28.398,28.664,26.609,26.609,27.544,29936900.0,1083095720000.0,0.0,0.0,-2.6,-1.9795,-6.9241
SSI,2024-04-12,15:04:07,HOSE,STOCK,37.15,39.75,34.55,37.35,37.8,37.05,37.55,37.45,28.436,28.779,28.208,28.588,28.512,19498500.0,730227280000.0,0.0,0.0,0.4,0.3045,1.0767
SSI,2024-04-11,15:04:05,HOSE,STOCK,36.95,39.5,34.4,36.55,37.4,36.55,37.15,37.046,27.827,28.474,27.827,28.284,28.205,11888000.0,440400910000.0,0.0,0.0,0.2,0.1523,0.5413
SSI,2024-04-10,15:04:05,HOSE,STOCK,37.5,40.1,34.9,37.6,37.6,36.95,36.95,37.275,28.626,28.626,28.131,28.131,28.379,8525400.0,317781455000.0,0.0,0.0,-0.55,-0.4187,-1.4667
SSI,2024-04-09,15:04:05,HOSE,STOCK,36.7,39.25,34.15,36.9,37.5,36.7,37.5,37.124,28.093,28.55,27.941,28.55,28.264,13235500.0,491360040000.0,0.0,0.0,0.8,0.6091,2.1798
SSI,2024-04-08,15:04:05,HOSE,STOCK,36.8,39.35,34.25,36.8,37.0,36.65,36.7,36.82,28.017,28.17,27.903,27.941,28.032,12118300.0,446198625000.0,0.0,0.0,-0.1,-0.0761,-0.2717
SSI,2024-04-05,15:04:05,HOSE,STOCK,37.65,40.25,35.05,37.15,37.3,36.8,36.8,37.039,28.284,28.398,28.017,28.017,28.199,31244300.0,1157247495000.0,0.0,0.0,-0.85,-0.6471,-2.2576
SSI,2024-04-04,15:04:05,HOSE,STOCK,38.05,40.7,35.4,38.05,38.2,37.65,37.65,37.935,28.969,29.083,28.664,28.664,28.881,24883900.0,943970605000.0,0.0,0.0,-0.4,-0.3045,-1.0512
SSI,2024-04-03,15:04:05,HOSE,STOCK,38.9,41.6,36.2,38.8,39.2,38.0,38.05,38.575,29.54,29.844,28.931,28.969,29.369,25750600.0,993331465000.0,0.0,0.0,-0.85,-0.6471,-2.1851
SSI,2024-04-02,15:04:04,HOSE,STOCK,38.8,41.5,36.1,38.3,39.0,38.0,38.9,38.51,29.159,29.692,28.931,29.616,29.319,21148300.0,814409640000.0,0.0,0.0,0.1,0.0761,0.2577
SSI,2024-04-01,23:04:05,HOSE,STOCK,38.5,41.15,35.85,38.5,39.2,37.85,38.8,38.379,29.312,29.844,28.817,29.54,29.219,31091500.0,1193254030000.0,0.0,0.0,0.3,0.2284,0.7792
SSI,2024-03-29,14:04:35,HOSE,STOCK,39.15,41.85,36.45,39.05,39.1,38.5,38.5,38.701,29.73,29.768,29.312,29.312,29.465,17529500.0,678416700000.0,0.0,0.0,-0.65,-0.4949,-1.6603
SSI,2024-03-28,14:04:10,HOSE,STOCK,38.5,41.15,35.85,39.0,39.25,38.8,39.15,38.985,29.692,29.883,29.54,29.806,29.681,26417300.0,1029888185000.0,0.0,0.0,0.65,0.4949,1.6883
SSI,2024-03-27,17:03:32,HOSE,STOCK,38.0,40.65,35.35,38.3,38.5,37.9,38.5,38.194,29.159,29.312,28.855,29.312,29.079,18775000.0,717087915000.0,0.0,0.0,0.5,0.3807,1.3158
SSI,2024-03-26,17:03:28,HOSE,STOCK,37.5,40.1,34.9,37.4,38.2,37.15,38.0,37.757,28.474,29.083,28.284,28.931,28.746,19515300.0,736830230000.0,0.0,0.0,0.5,0.3807,1.3333
SSI,2024-03-25,16:03:37,HOSE,STOCK,37.8,40.4,35.2,37.85,38.3,37.3,37.5,37.827,28.817,29.159,28.398,28.55,28.799,24344200.0,920876405000.0,0.0,0.0,-0.3,-0.2284,-0.7937
SSI,2024-03-22,15:03:08,HOSE,STOCK,37.65,40.25,35.05,37.8,38.45,37.6,37.8,37.92,28.779,29.273,28.626,28.779,28.87,29818700.0,1130804840000.0,0.0,0.0,0.15,0.1142,0.3984
SSI,2024-03-21,15:03:07,HOSE,STOCK,37.2,39.8,34.6,37.95,38.0,37.5,37.65,37.73,28.893,28.931,28.55,28.664,28.725,27175200.0,1025349455000.0,0.0,0.0,0.45,0.3426,1.2097
SSI,2024-03-20,15:03:08,HOSE,STOCK,36.15,38.65,33.65,36.4,37.2,36.25,37.2,36.67,27.713,28.322,27.599,28.322,27.918,16364200.0,600078345000.0,0.0,0.0,1.05,0.7994,2.9046
SSI,2024-03-19,15:03:06,HOSE,STOCK,36.65,39.2,34.1,36.7,37.0,36.15,36.15,36.41,27.941,28.17,27.522,27.522,27.72,14628400.0,532583330000.0,0.0,0.0,-0.5,-0.3807,-1.3643
SSI,2024-03-18,15:03:07,HOSE,STOCK,37.8,40.4,35.2,37.85,38.0,35.6,36.65,36.5,28.817,28.931,27.104,27.903,27.789,48614200.0,1774315470000.0,0.0,0.0,-1.15,-0.8755,-3.0423
SSI,2024-03-15,15:03:11,HOSE,STOCK,37.85,40.45,35.25,37.8,37.9,37.1,37.8,37.51,28.779,28.855,28.246,28.779,28.558,27977200.0,1049366555000.0,0.0,0.0,-0.05,-0.0381,-0.1321
SSI,2024-03-14,15:03:07,HOSE,STOCK,37.95,40.6,35.3,38.05,39.0,37.8,37.85,38.28,28.969,29.692,28.779,28.817,29.144,39364400.0,1506812430000.0,0.0,0.0,-0.1,-0.0761,-0.2635
SSI,2024-03-13,15:03:07,HOSE,STOCK,36.3,38.8,33.8,36.4,38.1,36.3,37.95,37.28,27.713,29.007,27.637,28.893,28.383,35787800.0,1334280745000.0,0.0,0.0,1.65,1.2562,4.5455
SSI,2024-03-12,15:03:07,HOSE,STOCK,36.35,38.85,33.85,36.35,36.6,36.05,36.3,36.3,27.675,27.865,27.446,27.637,27.637,21926800.0,795996100000.0,0.0,0.0,-0.05,-0.0381,-0.1376
SSI,2024-03-11,15:03:05,HOSE,STOCK,36.8,39.35,34.25,36.8,37.15,36.2,36.35,36.72,28.017,28.284,27.56,27.675,27.956,24846500.0,912370040000.0,0.0,0.0,-0.45,-0.3426,-1.2228
SSI,2024-03-08,15:03:07,HOSE,STOCK,37.7,40.3,35.1,37.9,38.1,36.8,36.8,37.25,28.855,29.007,28.017,28.017,28.36,35882600.0,1336495500000.0,0.0,0.0,-0.9,-0.6852,-2.3873
SSI,2024-03-07,15:03:07,HOSE,STOCK,37.1,39.65,34.55,37.0,37.95,36.85,37.7,37.58,28.17,28.893,28.055,28.702,28.611,34060200.0,1280067835000.0,0.0,0.0,0.6,0.4568,1.6173
SSI,2024-03-06,15:03:06,HOSE,STOCK,37.4,40.0,34.8,37.4,37.8,36.7,37.1,37.1,28.474,28.779,27.941,28.246,28.246,27681300.0,1026925175000.0,0.0,0.0,-0.3,-0.2284,-0.8021
SSI,2024-03-05,15:03:06,HOSE,STOCK,37.15,39.75,34.55,37.15,37.45,36.65,37.4,36.99,28.284,28.512,27.903,28.474,28.162,31386200.0,1160927460000.0,0.0,0.0,0.25,0.1903,0.6729
SSI,2024-03-04,15:03:06,HOSE,STOCK,37.35,39.95,34.75,37.8,37.85,37.0,37.15,37.29,28.779,28.817,28.17,28.284,28.39,25346200.0,945283825000.0,0.0,0.0,-0.2,-0.1523,-0.5355
SSI,2024-03-01,15:03:06,HOSE,STOCK,37.0,39.55,34.45,37.4,37.7,37.0,37.35,37.36,28.474,28.702,28.17,28.436,28.444,21490800.0,802791135000.0,0.0,0.0,0.35,0.2665,0.9459
SSI,2024-02-29,15:02:07,HOSE,STOCK,36.1,38.6,33.6,36.4,37.7,36.3,37.0,37.13,27.713,28.702,27.637,28.17,28.269,43188500.0,1603414105000.0,0.0,0.0,0.9,0.6852,2.4931
SSI,2024-02-28,15:02:05,HOSE,STOCK,35.9,38.4,33.4,36.1,36.25,35.65,36.1,35.96,27.484,27.599,27.142,27.484,27.378,26065500.0,937438005000.0,0.0,0.0,0.2,0.1523,0.5571
SSI,2024-02-27,15:02:06,HOSE,STOCK,35.1,37.55,32.65,35.25,36.45,35.1,35.9,35.84,26.837,27.751,26.723,27.332,27.286,47040400.0,1685901690000.0,0.0,0.0,0.8,0.6091,2.2792
SSI,2024-02-26,15:02:08,HOSE,STOCK,34.15,36.5,31.8,34.1,35.35,34.05,35.1,34.73,25.962,26.913,25.924,26.723,26.441,26875500.0,933460035000.0,0.0,0.0,0.95,0.7233,2.7818
SSI,2024-02-23,15:02:06,HOSE,STOCK,34.65,37.05,32.25,34.6,34.9,34.05,34.15,34.48,26.342,26.571,25.924,26.0,26.251,24143200.0,832411845000.0,0.0,0.0,-0.5,-0.3807,-1.443
SSI,2024-02-22,15:02:05,HOSE,STOCK,34.95,37.35,32.55,34.85,34.95,34.55,34.65,34.69,26.533,26.609,26.304,26.38,26.411,14411900.0,500008505000.0,0.0,0.0,-0.3,-0.2284,-0.8584
SSI,2024-02-21,15:02:05,HOSE,STOCK,35.3,37.75,32.85,35.3,35.3,34.7,34.95,34.97,26.875,26.875,26.418,26.609,26.624,18553100.0,648746170000.0,0.0,0.0,-0.35,-0.2665,-0.9915
SSI,2024-02-20,15:02:05,HOSE,STOCK,35.2,37.65,32.75,35.65,35.8,35.25,35.3,35.49,27.142,27.256,26.837,26.875,27.02,18101700.0,642494120000.0,0.0,0.0,0.1,0.0761,0.2841
SSI,2024-02-19,15:02:08,HOSE,STOCK,35.0,37.45,32.55,35.0,35.2,34.4,35.2,34.7,26.647,26.799,26.19,26.799,26.418,32834200.0,1139400345000.0,0.0,0.0,0.2,0.1523,0.5714
SSI,2024-02-16,15:02:06,HOSE,STOCK,35.1,37.55,32.65,35.35,35.4,34.9,35.0,35.07,26.913,26.951,26.571,26.647,26.7,18037300.0,632518125000.0,0.0,0.0,-0.1,-0.0761,-0.2849
SSI,2024-02-15,15:02:04,HOSE,STOCK,35.1,37.55,32.65,35.2,35.5,35.0,35.1,35.22,26.799,27.028,26.647,26.723,26.814,14888800.0,524336915000.0,0.0,0.0,0.0,0.0,0.0
SSI,2024-02-07,15:02:05,HOSE,STOCK,35.0,37.45,32.55,35.0,35.35,34.9,35.1,35.1,26.647,26.913,26.571,26.723,26.723,15710800.0,551444175000.0,0.0,0.0,0.1,0.0761,0.2857
SSI,2024-02-06,15:02:04,HOSE,STOCK,34.95,37.35,32.55,35.15,35.45,34.9,35.0,35.15,26.761,26.989,26.571,26.647,26.761,13195400.0,463805820000.0,0.0,0.0,0.05,0.0381,0.1431
SSI,2024-02-05,15:02:05,HOSE,STOCK,34.8,37.2,32.4,34.8,35.15,34.5,34.95,34.8,26.495,26.761,26.266,26.609,26.495,19528500.0,679547125000.0,0.0,0.0,0.15,0.1142,0.431
SSI,2024-02-02,15:02:04,HOSE,STOCK,34.65,37.05,32.25,34.9,35.45,34.8,34.8,35.02,26.571,26.989,26.495,26.495,26.662,23506100.0,823128455000.0,0.0,0.0,0.15,0.1142,0.4329
SSI,2024-02-01,15:02:05,HOSE,STOCK,34.4,36.8,32.0,34.45,34.85,34.4,34.65,34.58,26.228,26.533,26.19,26.38,26.327,11153200.0,385683125000.0,0.0,0.0,0.25,0.1903,0.7267
SSI,2024-01-31,15:01:04,HOSE,STOCK,34.15,36.5,31.8,34.3,35.15,34.2,34.4,34.76,26.114,26.761,26.038,26.19,26.464,44818700.0,1557949710000.0,0.0,0.0,0.25,0.1903,0.7321
SSI,2024-01-30,15:01:04,HOSE,STOCK,33.95,36.3,31.6,33.85,34.15,33.8,34.15,33.94,25.771,26.0,25.733,26.0,25.84,11905200.0,404100705000.0,0.0,0.0,0.2,0.1523,0.5891
SSI,2024-01-29,15:01:04,HOSE,STOCK,34.1,36.45,31.75,34.2,34.4,33.85,33.95,34.08,26.038,26.19,25.771,25.847,25.946,12259400.0,417756720000.0,0.0,0.0,-0.15,-0.1142,-0.4399
SSI,2024-01-26,15:01:04,HOSE,STOCK,33.95,36.3,31.6,34.15,34.35,33.95,34.1,34.17,26.0,26.152,25.847,25.962,26.015,14288200.0,488244920000.0,0.0,0.0,0.15,0.1142,0.4418
SSI,2024-01-25,15:01:04,HOSE,STOCK,34.0,36.35,31.65,34.05,34.2,33.85,33.95,34.01,25.924,26.038,25.771,25.847,25.893,10942200.0,372155095000.0,0.0,0.0,-0.05,-0.0381,-0.1471
SSI,2024-01-24,15:01:04,HOSE,STOCK,33.8,36.15,31.45,33.75,34.4,33.7,34.0,34.11,25.695,26.19,25.657,25.886,25.969,27351500.0,933006805000.0,0.0,0.0,0.2,0.1523,0.5917
SSI,2024-01-23,15:01:04,HOSE,STOCK,33.95,36.3,31.6,34.0,34.1,33.65,33.8,33.83,25.886,25.962,25.619,25.733,25.756,12564800.0,425016620000.0,0.0,0.0,-0.15,-0.1142,-0.4418
SSI,2024-01-22,15:01:03,HOSE,STOCK,33.7,36.05,31.35,33.9,34.0,33.4,33.95,33.63,25.809,25.886,25.429,25.847,25.604,16814700.0,565471185000.0,0.0,0.0,0.25,0.1903,0.7418
SSI,2024-01-19,15:01:03,HOSE,STOCK,33.8,36.15,31.45,34.0,34.1,33.4,33.7,33.68,25.886,25.962,25.429,25.657,25.642,22389300.0,754091995000.0,0.0,0.0,-0.1,-0.0761,-0.2959
SSI,2024-01-18,15:01:03,HOSE,STOCK,33.65,36.0,31.3,33.8,34.05,33.65,33.8,33.86,25.733,25.924,25.619,25.733,25.779,14736700.0,499011305000.0,0.0,0.0,0.15,0.1142,0.4458
SSI,2024-01-17,15:01:03,HOSE,STOCK,33.5,35.8,31.2,33.5,34.5,33.45,33.65,34.03,25.505,26.266,25.467,25.619,25.908,26218900.0,892270305000.0,0.0,0.0,0.15,0.1142,0.4478
SSI,2024-01-16,15:01:03,HOSE,STOCK,33.0,35.3,30.7,33.0,33.5,32.75,33.5,32.98,25.124,25.505,24.934,25.505,25.109,19315100.0,637007325000.0,0.0,0.0,0.5,0.3807,1.5152
SSI,2024-01-15,15:01:03,HOSE,STOCK,33.85,36.2,31.5,34.0,34.1,33.0,33.0,33.45,25.886,25.962,25.124,25.124,25.467,22246200.0,744181445000.0,0.0,0.0,-0.85,-0.6471,-2.5111
SSI,2024-01-12,15:01:03,HOSE,STOCK,33.9,36.25,31.55,33.6,34.0,33.35,33.85,33.7,25.581,25.886,25.391,25.771,25.657,25258800.0,851146920000.0,0.0,0.0,-0.05,-0.0381,-0.1475
SSI,2024-01-11,15:01:03,HOSE,STOCK,33.7,36.05,31.35,33.75,34.4,33.6,33.9,33.91,25.695,26.19,25.581,25.809,25.817,25471700.0,863725715000.0,0.0,0.0,0.2,0.1523,0.5935
SSI,2024-01-10,15:01:03,HOSE,STOCK,34.0,36.35,31.65,33.95,34.05,33.35,33.7,33.68,25.847,25.924,25.391,25.657,25.642,23828800.0,802665070000.0,0.0,0.0,-0.3,-0.2284,-0.8824
SSI,2024-01-09,15:01:03,HOSE,STOCK,34.1,36.45,31.75,34.2,34.35,33.9,34.0,34.1,26.038,26.152,25.809,25.886,25.962,18985200.0,647348930000.0,0.0,0.0,-0.1,-0.0761,-0.2933
SSI,2024-01-08,15:01:04,HOSE,STOCK,34.15,36.5,31.8,34.45,34.5,34.0,34.1,34.23,26.228,26.266,25.886,25.962,26.061,20729000.0,709474285000.0,0.0,0.0,-0.05,-0.0381,-0.1464
SSI,2024-01-05,15:01:03,HOSE,STOCK,33.6,35.95,31.25,33.8,34.15,33.6,34.15,33.89,25.733,26.0,25.581,26.0,25.802,25137200.0,851906750000.0,0.0,0.0,0.55,0.4187,1.6369
SSI,2024-01-04,15:01:04,HOSE,STOCK,32.95,35.25,30.65,33.0,34.2,33.0,33.6,33.81,25.124,26.038,25.124,25.581,25.741,58713300.0,1984926965000.0,0.0,0.0,0.65,0.4949,1.9727
SSI,2024-01-03,15:01:03,HOSE,STOCK,32.5,34.75,30.25,32.35,32.95,32.3,32.95,32.65,24.629,25.086,24.591,25.086,24.858,11408700.0,372451065000.0,0.0,0.0,0.45,0.3426,1.3846
SSI,2024-01-02,15:01:03,HOSE,STOCK,32.8,35.05,30.55,33.0,33.2,32.5,32.5,32.81,25.124,25.276,24.744,24.744,24.98,18052300.0,592207020000.0,0.0,0.0,-0.3,-0.2284,-0.9146
SSI,2023-12-29,15:12:01,HOSE,STOCK,33.0,35.3,30.7,32.95,33.1,32.75,32.8,32.89,25.086,25.2,24.934,24.972,25.04,12790300.0,420618540000.0,0.0,0.0,-0.2,-0.1523,-0.6061
SSI,2023-12-28,15:12:03,HOSE,STOCK,32.8,35.05,30.55,32.85,33.15,32.65,33.0,32.87,25.01,25.238,24.858,25.124,25.025,10895900.0,358168400000.0,0.0,0.0,0.2,0.1523,0.6098
SSI,2023-12-27,15:12:02,HOSE,STOCK,32.75,35.0,30.5,32.95,33.15,32.8,32.8,32.95,25.086,25.238,24.972,24.972,25.086,16101500.0,530489750000.0,0.0,0.0,0.05,0.0381,0.1527
SSI,2023-12-26,15:12:01,HOSE,STOCK,32.55,34.8,30.3,32.6,32.9,32.5,32.75,32.7,24.82,25.048,24.744,24.934,24.896,14005700.0,457989990000.0,0.0,0.0,0.2,0.1523,0.6144
SSI,2023-12-25,15:12:02,HOSE,STOCK,32.35,34.6,30.1,32.35,32.75,32.1,32.55,32.47,24.629,24.934,24.439,24.782,24.721,13953300.0,453087190000.0,0.0,0.0,0.2,0.1523,0.6182
SSI,2023-12-22,15:12:02,HOSE,STOCK,32.2,34.45,29.95,32.35,32.95,32.2,32.35,32.6,24.629,25.086,24.515,24.629,24.82,17457600.0,569097055000.0,0.0,0.0,0.15,0.1142,0.4658
SSI,2023-12-21,15:12:02,HOSE,STOCK,32.3,34.55,30.05,32.05,32.3,32.0,32.2,32.17,24.401,24.591,24.363,24.515,24.492,8083600.0,260027450000.0,0.0,0.0,-0.1,-0.0761,-0.3096
SSI,2023-12-20,15:12:01,HOSE,STOCK,32.15,34.4,29.9,32.15,32.6,31.95,32.3,32.27,24.477,24.82,24.325,24.591,24.568,13506600.0,435823830000.0,0.0,0.0,0.15,0.1142,0.4666
SSI,2023-12-19,15:12:02,HOSE,STOCK,31.7,33.9,29.5,31.75,32.15,31.35,32.15,31.74,24.173,24.477,23.868,24.477,24.165,15687700.0,497974350000.0,0.0,0.0,0.45,0.3426,1.4196
SSI,2023-12-18,15:12:01,HOSE,STOCK,31.8,34.0,29.6,31.85,32.15,31.65,31.7,31.84,24.249,24.477,24.096,24.134,24.241,11323400.0,360502805000.0,0.0,0.0,-0.1,-0.0761,-0.3145
SSI,2023-12-15,15:12:01,HOSE,STOCK,32.0,34.2,29.8,32.1,32.5,31.7,31.8,31.99,24.439,24.744,24.134,24.211,24.355,19871000.0,635658605000.0,0.0,0.0,-0.2,-0.1523,-0.625
SSI,2023-12-14,15:12:01,HOSE,STOCK,32.0,34.2,29.8,32.5,32.5,31.9,32.0,32.22,24.744,24.744,24.287,24.363,24.53,15658600.0,504492130000.0,0.0,0.0,0.0,0.0,0.0
SSI,2023-12-13,15:12:03,HOSE,STOCK,32.6,34.85,30.35,32.9,32.95,32.0,32.0,32.52,25.048,25.086,24.363,24.363,24.759,21549400.0,700751300000.0,0.0,0.0,-0.6,-0.4568,-1.8405
SSI,2023-12-12,15:12:02,HOSE,STOCK,32.7,34.95,30.45,32.8,33.0,32.5,32.6,32.67,24.972,25.124,24.744,24.82,24.873,12453800.0,406841225000.0,0.0,0.0,-0.1,-0.0761,-0.3058
SSI,2023-12-11,15:12:02,HOSE,STOCK,32.6,34.85,30.35,32.6,33.05,32.1,32.7,32.47,24.82,25.162,24.439,24.896,24.721,19996900.0,649302820000.0,0.0,0.0,0.1,0.0761,0.3067
SSI,2023-12-08,15:12:02,HOSE,STOCK,32.85,35.1,30.6,32.7,33.0,32.3,32.6,32.71,24.896,25.124,24.591,24.82,24.903,18079900.0,591368815000.0,0.0,0.0,-0.25,-0.1903,-0.761
SSI,2023-12-07,15:12:03,HOSE,STOCK,33.6,35.95,31.25,33.6,33.7,32.05,32.85,32.72,25.581,25.657,24.401,25.01,24.911,44212600.0,1446779725000.0,0.0,0.0,-0.75,-0.571,-2.2321
SSI,2023-12-06,15:12:03,HOSE,STOCK,33.3,35.6,31.0,33.35,33.85,33.25,33.6,33.61,25.391,25.771,25.315,25.581,25.589,17904800.0,601776990000.0,0.0,0.0,0.3,0.2284,0.9009
SSI,2023-12-05,15:12:03,HOSE,STOCK,33.6,35.95,31.25,33.65,33.7,33.15,33.3,33.35,25.619,25.657,25.238,25.353,25.391,23475500.0,782830265000.0,0.0,0.0,-0.3,-0.2284,-0.8929
SSI,2023-12-04,15:12:02,HOSE,STOCK,32.0,34.2,29.8,32.9,34.0,32.55,33.6,33.22,25.048,25.886,24.782,25.581,25.292,45276900.0,1503891225000.0,0.0,0.0,1.6,1.2181,5.0
SSI,2023-12-01,15:12:02,HOSE,STOCK,31.3,33.45,29.15,31.7,32.25,31.25,32.0,31.72,24.134,24.553,23.792,24.363,24.15,20043200.0,635717470000.0,0.0,0.0,0.7,0.5329,2.2364
SSI,2023-11-30,15:11:03,HOSE,STOCK,31.6,33.8,29.4,31.6,32.15,31.3,31.3,31.79,24.058,24.477,23.83,23.83,24.203,16679400.0,530178265000.0,0.0,0.0,-0.3,-0.2284,-0.9494
SSI,2023-11-29,15:11:02,HOSE,STOCK,31.4,33.55,29.25,31.5,31.95,31.3,31.6,31.61,23.982,24.325,23.83,24.058,24.066,12215700.0,386097060000.0,0.0,0.0,0.2,0.1523,0.6369
SSI,2023-11-28,15:11:01,HOSE,STOCK,31.0,33.15,28.85,31.0,31.5,30.2,31.4,30.74,23.601,23.982,22.992,23.906,23.404,21396800.0,657666370000.0,0.0,0.0,0.4,0.3045,1.2903
SSI,2023-11-27,15:11:01,HOSE,STOCK,32.0,34.2,29.8,31.95,32.0,31.0,31.0,31.35,24.325,24.363,23.601,23.601,23.868,15100900.0,473394345000.0,0.0,0.0,-1.0,-0.7613,-3.125
SSI,2023-11-24,15:11:03,HOSE,STOCK,30.9,33.05,28.75,31.25,32.0,30.7,32.0,31.15,23.792,24.363,23.373,24.363,23.716,24682500.0,768776110000.0,0.0,0.0,1.1,0.8375,3.5599
SSI,2023-11-23,15:11:02,HOSE,STOCK,32.9,35.2,30.6,33.2,33.2,30.9,30.9,32.32,25.276,25.276,23.525,23.525,24.606,27082200.0,875254265000.0,0.0,0.0,-2.0,-1.5227,-6.079
SSI,2023-11-22,15:11:03,HOSE,STOCK,32.55,34.8,30.3,32.5,32.95,32.3,32.9,32.63,24.744,25.086,24.591,25.048,24.842,22922800.0,748017560000.0,0.0,0.0,0.35,0.2665,1.0753
SSI,2023-11-21,15:11:02,HOSE,STOCK,32.4,34.65,30.15,32.8,32.8,32.3,32.55,32.55,24.972,24.972,24.591,24.782,24.782,17289800.0,562704610000.0,0.0,0.0,0.15,0.1142,0.463
SSI,2023-11-20,15:11:02,HOSE,STOCK,31.5,33.7,29.3,30.7,32.7,30.65,32.4,31.78,23.373,24.896,23.335,24.667,24.195,26502900.0,842315605000.0,0.0,0.0,0.9,0.6852,2.8571
SSI,2023-11-17,15:11:01,HOSE,STOCK,32.3,34.55,30.05,32.35,32.6,31.1,31.5,31.74,24.629,24.82,23.678,23.982,24.165,29287800.0,929542675000.0,0.0,0.0,-0.8,-0.6091,-2.4768
SSI,2023-11-16,15:11:01,HOSE,STOCK,31.95,34.15,29.75,31.9,32.3,31.35,32.3,31.83,24.287,24.591,23.868,24.591,24.233,19053100.0,606495025000.0,0.0,0.0,0.35,0.2665,1.0955
SSI,2023-11-15,15:11:01,HOSE,STOCK,31.75,33.95,29.55,32.8,32.8,31.9,31.95,32.49,24.972,24.972,24.287,24.325,24.736,26908500.0,874289825000.0,0.0,0.0,0.2,0.1523,0.6299
SSI,2023-11-14,15:11:02,HOSE,STOCK,31.45,33.65,29.25,31.95,32.2,31.35,31.75,31.8,24.325,24.515,23.868,24.173,24.211,23240100.0,739132920000.0,0.0,0.0,0.3,0.2284,0.9539
SSI,2023-11-13,15:11:01,HOSE,STOCK,30.8,32.95,28.65,31.0,31.6,30.8,31.45,31.2,23.601,24.058,23.449,23.944,23.754,20864700.0,650995275000.0,0.0,0.0,0.65,0.4949,2.1104
SSI,2023-11-10,15:11:02,HOSE,STOCK,30.85,33.0,28.7,30.6,31.9,30.55,30.8,31.21,23.297,24.287,23.259,23.449,23.761,32344200.0,1009596115000.0,0.0,0.0,-0.05,-0.0381,-0.1621
SSI,2023-11-09,15:11:02,HOSE,STOCK,30.3,32.4,28.2,30.65,31.6,30.55,30.85,31.1,23.335,24.058,23.259,23.487,23.678,33982300.0,1056992780000.0,0.0,0.0,0.55,0.4187,1.8152
SSI,2023-11-08,15:11:01,HOSE,STOCK,28.35,30.3,26.4,28.35,30.3,28.3,30.3,29.51,21.584,23.069,21.546,23.069,22.467,31630200.0,933464270000.0,0.0,0.0,1.95,1.4846,6.8783
SSI,2023-11-07,15:11:01,HOSE,STOCK,29.0,31.0,27.0,28.9,29.3,28.3,28.35,28.73,22.003,22.307,21.546,21.584,21.873,18329600.0,526593255000.0,0.0,0.0,-0.65,-0.4949,-2.2414
SSI,2023-11-06,15:11:01,HOSE,STOCK,28.9,30.9,26.9,29.15,29.3,28.8,29.0,29.0,22.193,22.307,21.927,22.079,22.079,17861300.0,517918890000.0,0.0,0.0,0.1,0.0761,0.346
SSI,2023-11-03,15:11:01,HOSE,STOCK,28.9,30.9,26.9,29.0,29.05,28.3,28.9,28.7,22.079,22.117,21.546,22.003,21.85,25384900.0,728657930000.0,0.0,0.0,0.0,0.0,0.0
SSI,2023-11-02,15:11:02,HOSE,STOCK,27.15,29.05,25.25,27.6,29.0,27.5,28.9,28.16,21.013,22.079,20.937,22.003,21.439,27480700.0,773776120000.0,0.0,0.0,1.75,1.3324,6.4457
SSI,2023-11-01,15:11:02,HOSE,STOCK,25.75,27.55,23.95,25.75,27.15,25.75,27.15,26.44,19.604,20.67,19.604,20.67,20.13,30977100.0,818910850000.0,0.0,0.0,1.4,1.0659,5.4369
SSI,2023-10-31,15:10:02,HOSE,STOCK,27.5,29.4,25.6,27.55,27.9,25.65,25.75,26.62,20.975,21.241,19.528,19.604,20.267,36435600.0,969826800000.0,0.0,0.0,-1.75,-1.3323,-6.3636
SSI,2023-10-30,15:10:01,HOSE,STOCK,29.45,31.5,27.4,29.0,29.35,27.5,27.5,28.45,22.079,22.345,20.937,20.937,21.66,16792400.0,477742310000.0,0.0,0.0,-1.95,-1.4846,-6.6214
SSI,2023-10-27,15:10:02,HOSE,STOCK,28.7,30.7,26.7,29.25,29.8,28.75,29.45,29.15,22.269,22.688,21.888,22.421,22.193,20052100.0,584542540000.0,0.0,0.0,0.75,0.571,2.6132
SSI,2023-10-26,15:10:02,HOSE,STOCK,30.8,32.95,28.65,29.7,29.95,28.65,28.7,28.81,22.612,22.802,21.812,21.85,21.934,54159900.0,1560584360000.0,0.0,0.0,-2.1,-1.5988,-6.8182
SSI,2023-10-25,15:10:02,HOSE,STOCK,31.05,33.2,28.9,31.0,31.55,30.8,30.8,31.15,23.601,24.02,23.449,23.449,23.716,14381400.0,448043365000.0,0.0,0.0,-0.25,-0.1903,-0.8052
SSI,2023-10-24,15:10:02,HOSE,STOCK,30.6,32.7,28.5,31.0,31.15,30.45,31.05,30.87,23.601,23.716,23.183,23.64,23.503,14254500.0,440076290000.0,0.0,0.0,0.45,0.3426,1.4706
SSI,2023-10-23,15:10:02,HOSE,STOCK,31.3,33.45,29.15,30.6,31.35,30.4,30.6,30.85,23.297,23.868,23.145,23.297,23.487,15339400.0,473230130000.0,0.0,0.0,-0.7,-0.5329,-2.2364
SSI,2023-10-20,15:10:06,HOSE,STOCK,30.1,32.2,28.0,30.1,31.4,29.1,31.3,30.09,22.916,23.906,22.155,23.83,22.909,28197400.0,848456670000.0,0.0,0.0,1.2,0.9136,3.9867
SSI,2023-10-19,15:10:02,HOSE,STOCK,31.55,33.75,29.35,31.55,31.75,29.8,30.1,30.56,24.02,24.173,22.688,22.916,23.267,28868500.0,882180060000.0,0.0,0.0,-1.45,-1.1039,-4.5959
SSI,2023-10-18,15:10:02,HOSE,STOCK,31.45,33.65,29.25,31.8,32.15,29.8,31.55,31.25,24.211,24.477,22.688,24.02,23.792,28495000.0,890488545000.0,0.0,0.0,0.1,0.0761,0.318
SSI,2023-10-17,15:10:02,HOSE,STOCK,32.1,34.3,29.9,32.4,32.9,31.45,31.45,32.2,24.667,25.048,23.944,23.944,24.515,19536600.0,628998775000.0,0.0,0.0,-0.65,-0.4949,-2.0249
SSI,2023-10-16,15:10:02,HOSE,STOCK,33.55,35.85,31.25,33.55,33.6,31.9,32.1,32.8,25.543,25.581,24.287,24.439,24.972,28362600.0,930268565000.0,0.0,0.0,-1.45,-1.1039,-4.3219
SSI,2023-10-13,15:10:02,HOSE,STOCK,33.6,35.95,31.25,33.3,34.1,33.0,33.55,33.4,25.353,25.962,25.124,25.543,25.429,22031600.0,735889185000.0,0.0,0.0,-0.05,-0.0381,-0.1488
SSI,2023-10-12,15:10:02,HOSE,STOCK,34.0,36.35,31.65,34.1,34.1,33.4,33.6,33.82,25.962,25.962,25.429,25.581,25.748,18148200.0,613853690000.0,0.0,0.0,-0.4,-0.3045,-1.1765
SSI,2023-10-11,15:10:02,HOSE,STOCK,32.7,34.95,30.45,32.8,34.0,32.55,34.0,33.21,24.972,25.886,24.782,25.886,25.284,23560400.0,782446040000.0,0.0,0.0,1.3,0.9898,3.9755
SSI,2023-10-10,15:10:02,HOSE,STOCK,33.2,35.5,30.9,33.6,33.9,32.7,32.7,33.27,25.581,25.809,24.896,24.896,25.33,27779700.0,924359525000.0,0.0,0.0,-0.5,-0.3807,-1.506
SSI,2023-10-09,15:10:02,HOSE,STOCK,32.95,35.25,30.65,32.9,33.5,32.4,33.2,33.04,25.048,25.505,24.667,25.276,25.155,21954400.0,725315390000.0,0.0,0.0,0.25,0.1903,0.7587
SSI,2023-10-06,15:10:01,HOSE,STOCK,31.65,33.85,29.45,31.65,32.95,31.2,32.95,32.06,24.096,25.086,23.754,25.086,24.409,26498900.0,849425225000.0,0.0,0.0,1.3,0.9897,4.1074
SSI,2023-10-05,15:10:01,HOSE,STOCK,31.75,33.95,29.55,31.9,32.4,31.5,31.65,31.92,24.287,24.667,23.982,24.096,24.302,22264000.0,710743670000.0,0.0,0.0,-0.1,-0.0761,-0.315
SSI,2023-10-04,15:10:01,HOSE,STOCK,30.2,32.3,28.1,29.8,32.3,29.65,31.75,31.35,22.688,24.591,22.574,24.173,23.868,33560600.0,1052030260000.0,0.0,0.0,1.55,1.1801,5.1325
SSI,2023-10-03,15:10:02,HOSE,STOCK,32.1,34.3,29.9,31.6,31.65,30.1,30.2,30.82,24.058,24.096,22.916,22.992,23.464,42246000.0,1302124015000.0,0.0,0.0,-1.9,-1.4465,-5.919
SSI,2023-10-02,15:10:01,HOSE,STOCK,31.8,34.0,29.6,31.8,32.65,31.7,32.1,32.23,24.211,24.858,24.134,24.439,24.538,17212200.0,554803355000.0,0.0,0.0,0.3,0.2284,0.9434
SSI,2023-09-29,15:09:01,HOSE,STOCK,32.3,34.55,30.05,32.9,32.9,31.8,31.8,32.3,25.048,25.048,24.211,24.211,24.591,19989100.0,645635435000.0,0.0,0.0,-0.5,-0.3807,-1.548
SSI,2023-09-28,15:09:01,HOSE,STOCK,33.0,35.3,30.7,32.8,32.9,31.7,32.3,32.24,24.972,25.048,24.134,24.591,24.546,27911500.0,899948985000.0,0.0,0.0,-0.7,-0.5329,-2.1212
SSI,2023-09-27,15:09:01,HOSE,STOCK,30.9,33.05,28.75,31.7,33.0,30.9,33.0,31.85,24.134,25.124,23.525,25.124,24.249,32046400.0,1020642880000.0,0.0,0.0,2.1,1.5988,6.7961
SSI,2023-09-26,15:09:01,HOSE,STOCK,30.35,32.45,28.25,31.0,32.45,30.3,30.9,31.34,23.601,24.705,23.069,23.525,23.86,38702100.0,1213069475000.0,0.0,0.0,0.55,0.4187,1.8122
SSI,2023-09-25,15:09:01,HOSE,STOCK,32.6,34.85,30.35,32.2,33.1,30.35,30.35,31.47,24.515,25.2,23.107,23.107,23.959,42948600.0,1351695515000.0,0.0,0.0,-2.25,-1.713,-6.9018
SSI,2023-09-22,15:09:01,HOSE,STOCK,34.75,37.15,32.35,33.65,33.95,32.35,32.6,32.92,25.619,25.847,24.629,24.82,25.063,69559100.0,2290018150000.0,0.0,0.0,-2.15,-1.6369,-6.1871
SSI,2023-09-21,15:09:01,HOSE,STOCK,36.45,39.0,33.9,36.4,36.45,34.75,34.75,35.51,27.713,27.751,26.457,26.457,27.035,49186800.0,1746538955000.0,0.0,0.0,-1.7,-1.2943,-4.6639
SSI,2023-09-20,15:09:02,HOSE,STOCK,36.2,38.7,33.7,36.4,37.0,36.1,36.45,36.6,27.713,28.17,27.484,27.751,27.865,22951800.0,840075180000.0,0.0,0.0,0.25,0.1903,0.6906
SSI,2023-09-19,15:09:01,HOSE,STOCK,35.7,38.15,33.25,35.8,36.2,35.2,36.2,35.77,27.256,27.56,26.799,27.56,27.233,19558300.0,699529450000.0,0.0,0.0,0.5,0.3807,1.4006
SSI,2023-09-18,15:09:02,HOSE,STOCK,35.5,37.95,33.05,35.0,35.95,34.9,35.7,35.32,26.647,27.37,26.571,27.18,26.89,25487500.0,900275565000.0,0.0,0.0,0.2,0.1523,0.5634
SSI,2023-09-15,15:09:03,HOSE,STOCK,35.65,38.1,33.2,35.9,36.05,35.0,35.5,35.49,27.332,27.446,26.647,27.028,27.02,23626000.0,838375935000.0,0.0,0.0,-0.15,-0.1142,-0.4208
SSI,2023-09-14,15:09:03,HOSE,STOCK,35.8,38.3,33.3,35.8,36.25,34.9,35.65,35.64,27.256,27.599,26.571,27.142,27.134,33908800.0,1208519205000.0,0.0,0.0,-0.15,-0.1142,-0.419
SSI,2023-09-13,15:09:02,HOSE,STOCK,35.8,38.3,33.3,36.2,36.6,35.5,35.8,36.04,27.56,27.865,27.028,27.256,27.439,35639800.0,1284539885000.0,0.0,0.0,0.0,0.0,0.0
SSI,2023-09-12,15:09:02,HOSE,STOCK,33.5,35.8,31.2,33.65,35.8,33.5,35.8,34.89,25.619,27.256,25.505,27.256,26.563,37129000.0,1295346365000.0,0.0,0.0,2.3,1.7511,6.8657
SSI,2023-09-11,15:09:02,HOSE,STOCK,33.75,36.1,31.4,34.0,34.35,33.4,33.5,33.83,25.886,26.152,25.429,25.505,25.756,34427300.0,1164821960000.0,0.0,0.0,-0.25,-0.1903,-0.7407
SSI,2023-09-08,15:09:03,HOSE,STOCK,33.65,36.0,31.3,33.5,34.1,33.4,33.75,33.82,25.505,25.962,25.429,25.695,25.748,16656500.0,563379165000.0,0.0,0.0,0.1,0.0761,0.2972
SSI,2023-09-07,15:09:01,HOSE,STOCK,34.0,36.35,31.65,34.1,34.15,33.3,33.65,33.73,25.962,26.0,25.353,25.619,25.68,21471400.0,724222240000.0,0.0,0.0,-0.35,-0.2665,-1.0294
SSI,2023-09-06,15:09:03,HOSE,STOCK,33.35,35.65,31.05,33.35,34.5,32.95,34.0,33.93,25.391,26.266,25.086,25.886,25.832,19656200.0,666967065000.0,0.0,0.0,0.65,0.4949,1.949
SSI,2023-09-05,15:09:04,HOSE,STOCK,33.4,35.7,31.1,33.6,33.7,32.8,33.35,33.25,25.581,25.657,24.972,25.391,25.315,27135900.0,902377605000.0,0.0,0.0,-0.05,-0.0381,-0.1497
SSI,2023-08-31,15:08:04,HOSE,STOCK,33.5,35.8,31.2,33.5,33.75,33.3,33.4,33.52,25.505,25.695,25.353,25.429,25.52,17637700.0,591156285000.0,0.0,0.0,-0.1,-0.0761,-0.2985
SSI,2023-08-30,15:08:02,HOSE,STOCK,32.35,34.6,30.1,32.4,33.9,32.1,33.5,32.9,24.667,25.809,24.439,25.505,25.048,24980800.0,821771335000.0,0.0,0.0,1.15,0.8755,3.5549
SSI,2023-08-29,15:08:02,HOSE,STOCK,32.45,34.7,30.2,32.5,32.8,31.7,32.35,32.17,24.744,24.972,24.134,24.629,24.492,35197500.0,1132173500000.0,0.0,0.0,-0.1,-0.0761,-0.3082
SSI,2023-08-28,15:08:02,HOSE,STOCK,32.2,34.45,29.95,32.3,32.7,32.1,32.45,32.43,24.591,24.896,24.439,24.705,24.69,26966500.0,874491090000.0,0.0,0.0,0.25,0.1903,0.7764
SSI,2023-08-25,15:08:03,HOSE,STOCK,32.0,34.2,29.8,31.7,32.5,31.65,32.2,32.0,24.134,24.744,24.096,24.515,24.363,32433300.0,1037740530000.0,0.0,0.0,0.2,0.1523,0.625
SSI,2023-08-24,15:08:02,HOSE,STOCK,30.4,32.5,28.3,30.3,32.1,30.15,32.0,31.2,23.069,24.439,22.954,24.363,23.754,38295900.0,1194826550000.0,0.0,0.0,1.6,1.2182,5.2632
SSI,2023-08-23,15:08:01,HOSE,STOCK,30.7,32.8,28.6,31.0,31.15,30.15,30.4,30.67,23.601,23.716,22.954,23.145,23.35,32898700.0,1008976775000.0,0.0,0.0,-0.3,-0.2284,-0.9772
SSI,2023-08-22,15:08:02,HOSE,STOCK,28.85,30.85,26.85,29.0,30.7,27.85,30.7,29.26,22.079,23.373,21.203,23.373,22.277,51810600.0,1516117825000.0,0.0,0.0,1.85,1.4085,6.4125
SSI,2023-08-21,15:08:02,HOSE,STOCK,28.3,30.25,26.35,29.0,29.15,28.5,28.85,28.89,22.079,22.193,21.698,21.965,21.995,35538400.0,1026549510000.0,0.0,0.0,0.55,0.4187,1.9435
SSI,2023-08-18,15:08:02,HOSE,STOCK,29.95,32.0,27.9,29.7,30.4,28.0,28.3,29.41,22.612,23.145,21.317,21.546,22.391,46437600.0,1365929485000.0,0.0,0.0,-1.65,-1.2562,-5.5092
SSI,2023-08-17,15:08:02,HOSE,STOCK,28.85,30.85,26.85,29.05,30.6,29.05,29.95,29.99,22.117,23.297,22.117,22.802,22.833,59158400.0,1774343760000.0,0.0,0.0,1.1,0.8375,3.8128
SSI,2023-08-16,15:08:02,HOSE,STOCK,28.7,30.7,26.7,28.65,29.15,28.45,28.85,28.8,21.812,22.193,21.66,21.965,21.927,14335800.0,412816285000.0,0.0,0.0,0.15,0.1142,0.5226
SSI,2023-08-15,15:08:02,HOSE,STOCK,29.15,31.15,27.15,29.2,29.2,28.65,28.7,28.82,22.231,22.231,21.812,21.85,21.942,13184400.0,380007640000.0,0.0,0.0,-0.45,-0.3426,-1.5437
SSI,2023-08-14,15:08:02,HOSE,STOCK,28.15,30.1,26.2,28.45,29.4,28.1,29.15,28.86,21.66,22.383,21.394,22.193,21.972,30333100.0,875343875000.0,0.0,0.0,1.0,0.7613,3.5524
SSI,2023-08-11,15:08:02,HOSE,STOCK,28.1,30.05,26.15,28.25,28.3,27.65,28.15,27.94,21.508,21.546,21.051,21.432,21.272,27536000.0,769411290000.0,0.0,0.0,0.05,0.0381,0.1779
SSI,2023-08-10,15:08:02,HOSE,STOCK,28.6,30.6,26.6,28.6,28.85,28.1,28.1,28.37,21.774,21.965,21.394,21.394,21.599,23382100.0,663258205000.0,0.0,0.0,-0.5,-0.3807,-1.7483
SSI,2023-08-09,15:08:04,HOSE,STOCK,29.1,31.1,27.1,28.9,29.2,28.55,28.6,28.86,22.003,22.231,21.736,21.774,21.972,16620200.0,479603315000.0,0.0,0.0,-0.5,-0.3807,-1.7182
SSI,2023-08-08,15:08:02,HOSE,STOCK,29.7,31.75,27.65,29.85,29.85,29.0,29.1,29.38,22.726,22.726,22.079,22.155,22.368,11628700.0,341664485000.0,0.0,0.0,-0.6,-0.4568,-2.0202
SSI,2023-08-07,15:08:02,HOSE,STOCK,29.2,31.2,27.2,29.6,29.95,29.4,29.7,29.65,22.536,22.802,22.383,22.612,22.574,15093300.0,447494770000.0,0.0,0.0,0.5,0.3807,1.7123
SSI,2023-08-04,15:08:02,HOSE,STOCK,28.5,30.45,26.55,28.5,29.4,28.5,29.2,28.94,21.698,22.383,21.698,22.231,22.033,14992000.0,433824755000.0,0.0,0.0,0.7,0.5329,2.4561
SSI,2023-08-03,15:08:02,HOSE,STOCK,29.0,31.0,27.0,28.95,29.05,28.3,28.5,28.68,22.041,22.117,21.546,21.698,21.835,15210400.0,436166820000.0,0.0,0.0,-0.5,-0.3807,-1.7241
SSI,2023-08-02,15:08:01,HOSE,STOCK,28.8,30.8,26.8,28.7,29.15,28.6,29.0,28.89,21.85,22.193,21.774,22.079,21.995,11458900.0,331034135000.0,0.0,0.0,0.2,0.1523,0.6944
SSI,2023-08-01,15:08:02,HOSE,STOCK,29.65,31.7,27.6,29.7,29.7,28.8,28.8,29.28,22.612,22.612,21.927,21.927,22.292,16376600.0,479456820000.0,0.0,0.0,-0.85,-0.6472,-2.8668
SSI,2023-07-31,15:07:02,HOSE,STOCK,29.75,31.8,27.7,29.95,30.2,29.35,29.65,29.63,22.802,22.992,22.345,22.574,22.558,15219300.0,450985675000.0,0.0,0.0,-0.1,-0.0761,-0.3361
SSI,2023-07-28,15:07:03,HOSE,STOCK,29.45,31.5,27.4,29.45,29.9,29.35,29.75,29.63,22.421,22.764,22.345,22.65,22.558,13130200.0,389080050000.0,0.0,0.0,0.3,0.2284,1.0187
SSI,2023-07-27,15:07:03,HOSE,STOCK,29.0,31.0,27.0,29.0,29.7,28.9,29.45,29.29,22.079,22.612,22.003,22.421,22.3,16465600.0,482248590000.0,0.0,0.0,0.45,0.3426,1.5517
SSI,2023-07-26,15:07:02,HOSE,STOCK,28.8,30.8,26.8,28.8,29.05,28.4,29.0,28.77,21.927,22.117,21.622,22.079,21.904,12780300.0,367721865000.0,0.0,0.0,0.2,0.1523,0.6944
SSI,2023-07-25,15:07:01,HOSE,STOCK,28.7,30.7,26.7,28.7,29.1,28.5,28.8,28.79,21.85,22.155,21.698,21.927,21.919,14449000.0,415978105000.0,0.0,0.0,0.1,0.0761,0.3484
SSI,2023-07-24,15:07:02,HOSE,STOCK,28.75,30.75,26.75,29.1,29.2,28.4,28.7,28.79,22.155,22.231,21.622,21.85,21.919,14535600.0,418497855000.0,0.0,0.0,-0.05,-0.0381,-0.1739
SSI,2023-07-21,15:07:02,HOSE,STOCK,28.0,29.95,26.05,28.0,28.8,27.85,28.75,28.25,21.317,21.927,21.203,21.888,21.508,16462800.0,465150490000.0,0.0,0.0,0.75,0.571,2.6786
SSI,2023-07-20,15:07:02,HOSE,STOCK,28.5,30.45,26.55,28.5,28.5,27.6,28.0,27.94,21.698,21.698,21.013,21.317,21.272,28832600.0,805576610000.0,0.0,0.0,-0.5,-0.3807,-1.7544
SSI,2023-07-19,15:07:02,HOSE,STOCK,28.55,30.5,26.6,28.6,28.9,28.45,28.5,28.59,21.774,22.003,21.66,21.698,21.767,10046700.0,287277300000.0,0.0,0.0,-0.05,-0.0381,-0.1751
SSI,2023-07-18,15:07:01,HOSE,STOCK,28.8,30.8,26.8,28.8,28.8,28.45,28.55,28.6,21.927,21.927,21.66,21.736,21.774,12415400.0,355098630000.0,0.0,0.0,-0.25,-0.1903,-0.8681
SSI,2023-07-17,15:07:01,HOSE,STOCK,28.5,30.45,26.55,28.55,29.2,28.55,28.8,28.97,21.736,22.231,21.736,21.927,22.056,14468100.0,419174020000.0,0.0,0.0,0.3,0.2284,1.0526
SSI,2023-07-14,15:07:03,HOSE,STOCK,28.4,30.35,26.45,28.5,28.6,27.95,28.5,28.27,21.698,21.774,21.279,21.698,21.523,16102800.0,455291265000.0,0.0,0.0,0.1,0.0761,0.3521
SSI,2023-07-13,15:07:03,HOSE,STOCK,27.95,29.9,26.0,28.25,28.5,28.0,28.4,28.24,21.508,21.698,21.317,21.622,21.5,16156700.0,456189655000.0,0.0,0.0,0.45,0.3426,1.61
SSI,2023-07-12,15:07:02,HOSE,STOCK,28.05,30.0,26.1,28.3,28.6,27.65,27.95,28.16,21.546,21.774,21.051,21.279,21.439,23044800.0,648922440000.0,0.0,0.0,-0.1,-0.0761,-0.3565
SSI,2023-07-11,15:07:02,HOSE,STOCK,27.5,29.4,25.6,27.4,28.45,27.4,28.05,27.91,20.861,21.66,20.861,21.356,21.249,27100700.0,756318515000.0,0.0,0.0,0.55,0.4187,2.0
SSI,2023-07-10,15:07:02,HOSE,STOCK,26.45,28.3,24.6,26.65,27.5,26.65,27.5,27.15,20.29,20.937,20.29,20.937,20.67,30633600.0,831653335000.0,0.0,0.0,1.05,0.7994,3.9698
SSI,2023-07-07,15:07:02,HOSE,STOCK,26.3,28.1,24.5,26.1,26.45,25.65,26.45,26.17,19.871,20.137,19.528,20.137,19.924,14796500.0,387161970000.0,0.0,0.0,0.15,0.1142,0.5703
SSI,2023-07-06,15:07:01,HOSE,STOCK,26.2,28.0,24.4,26.2,26.7,25.8,26.3,26.26,19.947,20.328,19.643,20.023,19.993,26806400.0,703880555000.0,0.0,0.0,0.1,0.0761,0.3817
SSI,2023-07-05,15:07:02,HOSE,STOCK,26.5,28.35,24.65,26.7,26.7,26.2,26.2,26.46,20.328,20.328,19.947,19.947,20.145,15873600.0,419974245000.0,0.0,0.0,-0.3,-0.2284,-1.1321
SSI,2023-07-04,15:07:04,HOSE,STOCK,25.7,27.45,23.95,25.7,26.5,25.55,26.5,26.12,19.566,20.175,19.452,20.175,19.886,24381900.0,636807370000.0,0.0,0.0,0.8,0.6091,3.1128
SSI,2023-07-03,15:07:24,HOSE,STOCK,25.8,27.6,24.0,26.05,26.1,25.65,25.7,25.79,19.833,19.871,19.528,19.566,19.635,13141200.0,338889290000.0,0.0,0.0,-0.1,-0.0761,-0.3876
SSI,2023-06-30,15:06:02,HOSE,STOCK,25.45,27.2,23.7,25.5,25.9,25.4,25.8,25.66,19.414,19.719,19.338,19.643,19.536,14517400.0,372571705000.0,0.0,0.0,0.35,0.2665,1.3752
SSI,2023-06-29,15:06:02,HOSE,STOCK,26.55,28.4,24.7,26.65,26.65,25.45,25.45,25.94,20.29,20.29,19.376,19.376,19.749,19941700.0,517211465000.0,0.0,0.0,-1.1,-0.8375,-4.1431
SSI,2023-06-28,15:06:02,HOSE,STOCK,26.6,28.45,24.75,26.6,26.95,26.4,26.55,26.63,20.252,20.518,20.099,20.214,20.274,16422600.0,437326065000.0,0.0,0.0,-0.05,-0.0381,-0.188
SSI,2023-06-27,15:06:03,HOSE,STOCK,25.8,27.6,24.0,25.85,26.75,25.8,26.6,26.34,19.681,20.366,19.643,20.252,20.054,20384500.0,536932025000.0,0.0,0.0,0.8,0.6091,3.1008
SSI,2023-06-26,15:06:02,HOSE,STOCK,26.0,27.8,24.2,26.0,26.05,25.25,25.8,25.55,19.795,19.833,19.224,19.643,19.452,17384100.0,444232410000.0,0.0,0.0,-0.2,-0.1523,-0.7692
SSI,2023-06-23,15:06:02,HOSE,STOCK,26.1,27.9,24.3,26.1,26.2,25.75,26.0,26.03,19.871,19.947,19.604,19.795,19.818,12483200.0,324944540000.0,0.0,0.0,-0.1,-0.0761,-0.3831
SSI,2023-06-22,15:06:05,HOSE,STOCK,26.0,27.8,24.2,26.1,26.5,25.8,26.1,25.99,19.871,20.175,19.643,19.871,19.787,15245600.0,396241525000.0,0.0,0.0,0.1,0.0761,0.3846
SSI,2023-06-21,15:06:02,HOSE,STOCK,25.7,27.45,23.95,25.7,26.2,25.6,26.0,25.92,19.566,19.947,19.49,19.795,19.734,19258600.0,499208200000.0,0.0,0.0,0.3,0.2284,1.1673
SSI,2023-06-20,15:06:01,HOSE,STOCK,25.4,27.15,23.65,25.8,25.95,24.95,25.7,25.35,19.643,19.757,18.995,19.566,19.3,19253600.0,487996385000.0,0.0,0.0,0.3,0.2284,1.1811
SSI,2023-06-19,15:06:02,HOSE,STOCK,26.1,27.9,24.3,26.3,26.7,26.1,26.4,26.35,19.264,19.557,19.118,19.338,19.301,15014000.0,395552060000.0,0.0,0.0,0.3,0.2198,1.1494
SSI,2023-06-16,15:06:02,HOSE,STOCK,25.7,27.45,23.95,26.05,27.2,26.05,26.1,26.53,19.081,19.924,19.081,19.118,19.433,34448400.0,913882290000.0,0.0,0.0,0.4,0.293,1.5564
SSI,2023-06-15,15:06:02,HOSE,STOCK,25.4,27.15,23.65,25.5,25.8,25.45,25.7,25.65,18.678,18.898,18.642,18.825,18.788,14244700.0,365343540000.0,0.0,0.0,0.3,0.2197,1.1811
SSI,2023-06-14,15:06:02,HOSE,STOCK,25.35,27.1,23.6,25.5,26.2,25.35,25.4,25.7,18.678,19.191,18.568,18.605,18.825,25250900.0,648850310000.0,0.0,0.0,0.05,0.0366,0.1972
SSI,2023-06-13,15:06:02,HOSE,STOCK,25.35,27.1,23.6,25.5,25.7,25.1,25.35,25.36,18.678,18.825,18.385,18.568,18.576,18419600.0,467140280000.0,0.0,0.0,0.0,0.0,0.0
SSI,2023-06-12,15:06:02,HOSE,STOCK,25.25,27.0,23.5,25.25,25.4,24.7,25.35,25.05,18.495,18.605,18.092,18.568,18.349,17308500.0,433506295000.0,0.0,0.0,0.1,0.0732,0.396
SSI,2023-06-09,15:06:02,HOSE,STOCK,24.3,26.0,22.6,24.5,25.25,24.25,25.25,24.67,17.946,18.495,17.763,18.495,18.07,22956500.0,566284780000.0,0.0,0.0,0.95,0.6959,3.9095
SSI,2023-06-08,15:06:03,HOSE,STOCK,25.1,26.85,23.35,25.3,25.4,24.3,24.3,24.8,18.532,18.605,17.799,17.799,18.166,34755100.0,861832880000.0,0.0,0.0,-0.8,-0.586,-3.1873
SSI,2023-06-07,15:06:02,HOSE,STOCK,25.15,26.9,23.4,25.15,25.4,24.9,25.1,25.13,18.422,18.605,18.239,18.385,18.407,18172300.0,456660060000.0,0.0,0.0,-0.05,-0.0366,-0.1988
SSI,2023-06-06,15:06:02,HOSE,STOCK,24.1,25.75,22.45,24.1,25.3,23.9,25.15,24.59,17.653,18.532,17.506,18.422,18.012,34323800.0,844093910000.0,0.0,0.0,1.05,0.7691,4.3568
SSI,2023-06-05,15:06:03,HOSE,STOCK,24.1,25.75,22.45,24.45,24.6,23.9,24.1,24.16,17.909,18.019,17.506,17.653,17.697,18890400.0,456425785000.0,0.0,0.0,0.0,0.0,0.0
SSI,2023-06-02,15:06:01,HOSE,STOCK,23.45,25.05,21.85,23.8,24.35,23.7,24.1,24.08,17.433,17.836,17.36,17.653,17.638,27301900.0,657521025000.0,0.0,0.0,0.65,0.4761,2.7719
SSI,2023-06-01,15:06:02,HOSE,STOCK,23.15,24.75,21.55,23.2,23.6,23.05,23.45,23.31,16.994,17.287,16.884,17.177,17.074,16361000.0,381400155000.0,0.0,0.0,0.3,0.2197,1.2959
SSI,2023-05-31,15:05:03,HOSE,STOCK,23.35,24.95,21.75,23.25,23.5,23.0,23.15,23.26,17.03,17.213,16.847,16.957,17.038,18626100.0,433257470000.0,0.0,0.0,-0.2,-0.1465,-0.8565
SSI,2023-05-30,15:05:02,HOSE,STOCK,23.4,25.0,21.8,23.5,23.6,23.1,23.35,23.32,17.213,17.287,16.92,17.103,17.082,14844600.0,346177885000.0,0.0,0.0,-0.05,-0.0366,-0.2137
SSI,2023-05-29,15:05:02,HOSE,STOCK,22.55,24.1,21.0,22.85,23.45,22.75,23.4,23.08,16.737,17.177,16.664,17.14,16.906,17596200.0,406204485000.0,0.0,0.0,0.85,0.6226,3.7694
SSI,2023-05-26,15:05:02,HOSE,STOCK,22.5,24.05,20.95,22.55,22.7,22.5,22.55,22.58,16.518,16.627,16.481,16.518,16.539,8272300.0,186773475000.0,0.0,0.0,0.05,0.0366,0.2222
SSI,2023-05-25,15:05:01,HOSE,STOCK,22.7,24.25,21.15,22.6,22.7,22.45,22.5,22.58,16.554,16.627,16.444,16.481,16.539,15722000.0,354958765000.0,0.0,0.0,-0.2,-0.1465,-0.8811
SSI,2023-05-24,15:05:02,HOSE,STOCK,22.85,24.4,21.3,23.15,23.2,22.7,22.7,22.98,16.957,16.994,16.627,16.627,16.832,24777300.0,569388775000.0,0.0,0.0,-0.15,-0.1099,-0.6565
SSI,2023-05-23,15:05:02,HOSE,STOCK,22.9,24.5,21.3,23.0,23.3,22.8,22.85,23.01,16.847,17.067,16.701,16.737,16.854,20307600.0,467355885000.0,0.0,0.0,-0.05,-0.0366,-0.2183
SSI,2023-05-22,15:05:02,HOSE,STOCK,22.9,24.5,21.3,23.1,23.2,22.85,22.9,22.99,16.92,16.994,16.737,16.774,16.84,14775300.0,339665115000.0,0.0,0.0,0.0,0.0,0.0
SSI,2023-05-19,15:05:02,HOSE,STOCK,22.8,24.35,21.25,22.8,23.3,22.65,22.9,22.98,16.701,17.067,16.591,16.774,16.832,15667300.0,360012660000.0,0.0,0.0,0.1,0.0732,0.4386
SSI,2023-05-18,17:05:32,HOSE,STOCK,22.45,24.0,20.9,22.6,23.15,22.45,22.8,22.79,16.554,16.957,16.444,16.701,16.693,27097400.0,617586765000.0,0.0,0.0,0.35,0.2564,1.559
SSI,2023-05-17,15:05:14,HOSE,STOCK,22.9,24.5,21.3,22.9,23.0,22.4,22.45,22.66,16.774,16.847,16.408,16.444,16.598,22648300.0,513100220000.0,0.0,0.0,-0.45,-0.3296,-1.9651
SSI,2023-05-16,15:05:08,HOSE,STOCK,22.9,24.5,21.3,22.9,23.15,22.85,22.9,22.99,16.774,16.957,16.737,16.774,16.84,19670500.0,452183215000.0,0.0,0.0,0.0,0.0,0.0
SSI,2023-05-15,15:05:15,HOSE,STOCK,23.25,24.85,21.65,23.5,23.6,22.9,22.9,23.16,17.213,17.287,16.774,16.774,16.964,20845400.0,482695150000.0,0.0,0.0,-0.35,-0.2564,-1.5054
SSI,2023-05-12,15:05:05,HOSE,STOCK,22.4,23.95,20.85,22.35,23.25,22.3,23.25,22.8,16.371,17.03,16.334,17.03,16.701,27507700.0,627101400000.0,0.0,0.0,0.85,0.6226,3.7946
SSI,2023-05-11,15:05:03,HOSE,STOCK,22.5,24.05,20.95,22.5,22.9,22.4,22.4,22.65,16.481,16.774,16.408,16.408,16.591,19755500.0,447401565000.0,0.0,0.0,-0.1,-0.0733,-0.4444
SSI,2023-05-10,15:05:03,HOSE,STOCK,22.25,23.8,20.7,22.25,22.7,22.25,22.5,22.5,16.298,16.627,16.298,16.481,16.481,19035600.0,428285900000.0,0.0,0.0,0.25,0.1831,1.1236
SSI,2023-05-09,15:05:05,HOSE,STOCK,22.3,23.85,20.75,22.4,22.45,22.05,22.25,22.24,16.408,16.444,16.151,16.298,16.29,13213400.0,293894465000.0,0.0,0.0,-0.05,-0.0366,-0.2242
SSI,2023-05-08,15:05:07,HOSE,STOCK,21.45,22.95,19.95,21.65,22.3,21.6,22.3,22.04,15.858,16.334,15.822,16.334,16.144,28566300.0,629568775000.0,0.0,0.0,0.85,0.6226,3.9627
SSI,2023-05-05,15:05:04,HOSE,STOCK,21.75,23.25,20.25,21.75,21.8,21.45,21.45,21.57,15.932,15.968,15.712,15.712,15.8,8503400.0,183412360000.0,0.0,0.0,-0.3,-0.2197,-1.3793
SSI,2023-05-04,15:05:05,HOSE,STOCK,21.55,23.05,20.05,21.35,21.9,21.3,21.75,21.67,15.639,16.041,15.602,15.932,15.873,16515900.0,357819200000.0,0.0,0.0,0.2,0.1465,0.9281
SSI,2023-04-28,15:04:02,HOSE,STOCK,21.15,22.6,19.7,21.3,21.55,21.25,21.55,21.43,15.602,15.785,15.565,15.785,15.697,16660000.0,357080940000.0,0.0,0.0,0.4,0.293,1.8913
SSI,2023-04-27,15:04:07,HOSE,STOCK,21.35,22.8,19.9,21.4,21.45,21.1,21.15,21.29,15.675,15.712,15.455,15.492,15.595,9135900.0,194492855000.0,0.0,0.0,-0.2,-0.1465,-0.9368
SSI,2023-04-26,15:04:02,HOSE,STOCK,21.1,22.55,19.65,21.1,21.35,20.7,21.35,20.96,15.455,15.639,15.162,15.639,15.353,17553400.0,367902285000.0,0.0,0.0,0.25,0.1831,1.1848
SSI,2023-04-25,15:04:04,HOSE,STOCK,21.5,23.0,20.0,21.65,21.7,20.95,21.1,21.28,15.858,15.895,15.346,15.455,15.587,18712800.0,398151505000.0,0.0,0.0,-0.4,-0.293,-1.8605
SSI,2023-04-24,15:04:02,HOSE,STOCK,21.65,23.15,20.15,21.7,21.9,21.45,21.5,21.64,15.895,16.041,15.712,15.748,15.851,9652100.0,208828500000.0,0.0,0.0,-0.15,-0.1099,-0.6928
SSI,2023-04-21,15:04:02,HOSE,STOCK,21.1,22.55,19.65,21.4,22.2,21.35,21.65,21.75,15.675,16.261,15.639,15.858,15.932,30661000.0,666762250000.0,0.0,0.0,0.55,0.4029,2.6066
SSI,2023-04-20,15:04:03,HOSE,STOCK,21.3,22.75,19.85,21.2,21.4,21.05,21.1,21.2,15.529,15.675,15.419,15.455,15.529,9547400.0,202431405000.0,0.0,0.0,-0.2,-0.1465,-0.939
SSI,2023-04-19,15:04:02,HOSE,STOCK,21.75,23.25,20.25,21.8,21.85,21.25,21.3,21.54,15.968,16.005,15.565,15.602,15.778,13629400.0,293608870000.0,0.0,0.0,-0.45,-0.3296,-2.069
SSI,2023-04-18,15:04:04,HOSE,STOCK,21.35,22.8,19.9,21.45,21.75,21.15,21.75,21.47,15.712,15.932,15.492,15.932,15.726,19091400.0,409807015000.0,0.0,0.0,0.4,0.293,1.8735
SSI,2023-04-17,15:04:02,HOSE,STOCK,21.2,22.65,19.75,21.2,21.5,21.15,21.35,21.32,15.529,15.748,15.492,15.639,15.617,12903000.0,275031155000.0,0.0,0.0,0.15,0.1099,0.7075
SSI,2023-04-14,15:04:01,HOSE,STOCK,21.75,23.25,20.25,21.9,22.05,21.2,21.2,21.56,16.041,16.151,15.529,15.529,15.792,26940800.0,580904575000.0,0.0,0.0,-0.55,-0.4029,-2.5287
SSI,2023-04-13,15:04:02,HOSE,STOCK,22.0,23.5,20.5,22.1,22.25,21.65,21.75,21.9,16.188,16.298,15.858,15.932,16.041,17746800.0,388684045000.0,0.0,0.0,-0.25,-0.1831,-1.1364
SSI,2023-04-12,15:04:04,HOSE,STOCK,22.6,24.15,21.05,22.6,22.7,21.95,22.0,22.31,16.554,16.627,16.078,16.115,16.342,17022900.0,379864095000.0,0.0,0.0,-0.6,-0.4395,-2.6549
SSI,2023-04-11,15:04:02,HOSE,STOCK,22.4,23.95,20.85,22.4,22.6,21.8,22.6,22.19,16.408,16.554,15.968,16.554,16.254,25248600.0,560329280000.0,0.0,0.0,0.2,0.1465,0.8929
SSI,2023-04-10,15:04:02,HOSE,STOCK,22.5,24.05,20.95,22.75,23.2,22.25,22.4,22.75,16.664,16.994,16.298,16.408,16.664,26255600.0,597339605000.0,0.0,0.0,-0.1,-0.0733,-0.4444
SSI,2023-04-07,15:04:02,HOSE,STOCK,21.85,23.35,20.35,21.9,22.5,21.75,22.5,22.12,16.041,16.481,15.932,16.481,16.203,25286000.0,559437595000.0,0.0,0.0,0.65,0.4761,2.9748
SSI,2023-04-06,15:04:02,HOSE,STOCK,22.5,24.05,20.95,22.65,23.0,21.85,21.85,22.34,16.591,16.847,16.005,16.005,16.364,25225900.0,563568230000.0,0.0,0.0,-0.65,-0.4761,-2.8889
SSI,2023-04-05,15:04:02,HOSE,STOCK,22.5,24.05,20.95,22.4,22.6,22.1,22.5,22.36,16.408,16.554,16.188,16.481,16.378,18373200.0,410821195000.0,0.0,0.0,0.0,0.0,0.0
SSI,2023-04-04,15:04:02,HOSE,STOCK,22.0,23.5,20.5,22.1,22.7,21.8,22.5,22.21,16.188,16.627,15.968,16.481,16.268,31003800.0,688569185000.0,0.0,0.0,0.5,0.3662,2.2727
SSI,2023-04-03,15:04:02,HOSE,STOCK,21.5,23.0,20.0,22.0,22.15,21.9,22.0,22.01,16.115,16.225,16.041,16.115,16.122,31835600.0,700643205000.0,0.0,0.0,0.5,0.3663,2.3256
SSI,2023-03-31,15:03:02,HOSE,STOCK,20.95,22.4,19.5,21.05,21.7,20.85,21.5,21.29,15.419,15.895,15.272,15.748,15.595,31980500.0,680856110000.0,0.0,0.0,0.55,0.4029,2.6253
SSI,2023-03-30,15:03:01,HOSE,STOCK,21.05,22.5,19.6,21.5,21.7,20.95,20.95,21.38,15.748,15.895,15.346,15.346,15.661,23213000.0,496209480000.0,0.0,0.0,-0.1,-0.0733,-0.4751
SSI,2023-03-29,15:03:01,HOSE,STOCK,20.8,22.25,19.35,20.8,21.1,20.75,21.05,20.91,15.236,15.455,15.199,15.419,15.316,15837600.0,331190295000.0,0.0,0.0,0.25,0.1831,1.2019
SSI,2023-03-28,15:03:02,HOSE,STOCK,21.0,22.45,19.55,21.2,21.3,20.75,20.8,21.02,15.529,15.602,15.199,15.236,15.397,18885500.0,396896280000.0,0.0,0.0,-0.2,-0.1465,-0.9524
SSI,2023-03-27,15:03:01,HOSE,STOCK,20.45,21.85,19.05,20.5,21.4,20.45,21.0,21.01,15.016,15.675,14.979,15.382,15.389,23493200.0,493524615000.0,0.0,0.0,0.55,0.4029,2.6895
SSI,2023-03-24,15:03:01,HOSE,STOCK,20.35,21.75,18.95,20.45,20.65,20.4,20.45,20.52,14.979,15.126,14.943,14.979,15.031,18614400.0,381982930000.0,0.0,0.0,0.1,0.0732,0.4914
SSI,2023-03-23,15:03:01,HOSE,STOCK,19.85,21.2,18.5,19.7,20.4,19.65,20.35,20.12,14.43,14.943,14.393,14.906,14.738,17493200.0,351967930000.0,0.0,0.0,0.5,0.3662,2.5189
SSI,2023-03-22,15:03:01,HOSE,STOCK,20.0,21.4,18.6,20.15,20.3,19.85,19.85,20.12,14.76,14.869,14.54,14.54,14.738,12303400.0,247524290000.0,0.0,0.0,-0.15,-0.1099,-0.75
SSI,2023-03-21,15:03:01,HOSE,STOCK,19.5,20.85,18.15,19.7,20.0,19.35,20.0,19.63,14.43,14.65,14.174,14.65,14.379,17547200.0,344368105000.0,0.0,0.0,0.5,0.3663,2.5641
SSI,2023-03-20,15:03:01,HOSE,STOCK,20.3,21.7,18.9,20.2,20.25,19.5,19.5,19.82,14.796,14.833,14.283,14.283,14.518,18548100.0,367635295000.0,0.0,0.0,-0.8,-0.586,-3.9409
SSI,2023-03-17,15:03:01,HOSE,STOCK,20.15,21.55,18.75,20.4,20.5,20.05,20.3,20.25,14.943,15.016,14.686,14.869,14.833,19301900.0,390786240000.0,0.0,0.0,0.15,0.1099,0.7444
SSI,2023-03-16,15:03:01,HOSE,STOCK,20.35,21.75,18.95,20.2,20.65,20.15,20.15,20.34,14.796,15.126,14.76,14.76,14.899,19590700.0,398474690000.0,0.0,0.0,-0.2,-0.1465,-0.9828
SSI,2023-03-15,15:03:01,HOSE,STOCK,19.05,20.35,17.75,19.65,20.35,19.5,20.35,20.11,14.393,14.906,14.283,14.906,14.73,28458900.0,572224520000.0,0.0,0.0,1.3,0.9522,6.8241
SSI,2023-03-14,15:03:02,HOSE,STOCK,19.65,21.0,18.3,19.65,19.7,19.0,19.05,19.3,14.393,14.43,13.917,13.954,14.137,15079900.0,290972090000.0,0.0,0.0,-0.6,-0.4395,-3.0534
SSI,2023-03-13,15:03:02,HOSE,STOCK,19.8,21.15,18.45,19.55,19.95,19.2,19.65,19.58,14.32,14.613,14.064,14.393,14.342,20540900.0,402117190000.0,0.0,0.0,-0.15,-0.1099,-0.7576
SSI,2023-03-10,15:03:01,HOSE,STOCK,19.8,21.15,18.45,19.55,19.85,19.45,19.8,19.65,14.32,14.54,14.247,14.503,14.393,13374000.0,262796305000.0,0.0,0.0,0.0,0.0,0.0
SSI,2023-03-09,15:03:02,HOSE,STOCK,19.8,21.15,18.45,19.8,20.1,19.75,19.8,19.92,14.503,14.723,14.467,14.503,14.591,17709900.0,352722205000.0,0.0,0.0,0.0,0.0,0.0
SSI,2023-03-08,15:03:01,HOSE,STOCK,19.4,20.75,18.05,19.1,19.8,19.0,19.8,19.45,13.99,14.503,13.917,14.503,14.247,14656100.0,285037715000.0,0.0,0.0,0.4,0.293,2.0619
SSI,2023-03-07,15:03:01,HOSE,STOCK,18.75,20.05,17.45,19.0,19.5,18.8,19.4,19.19,13.917,14.283,13.771,14.21,14.056,16202800.0,310931875000.0,0.0,0.0,0.65,0.4761,3.4667
SSI,2023-03-06,15:03:02,HOSE,STOCK,18.45,19.7,17.2,18.85,19.2,18.75,18.75,18.97,13.807,14.064,13.734,13.734,13.895,10340100.0,196148540000.0,0.0,0.0,0.3,0.2197,1.626
SSI,2023-03-03,15:03:01,HOSE,STOCK,18.65,19.95,17.35,18.85,18.85,18.45,18.45,18.62,13.807,13.807,13.514,13.514,13.639,7382600.0,137453870000.0,0.0,0.0,-0.2,-0.1465,-1.0724
SSI,2023-03-02,15:03:01,HOSE,STOCK,18.95,20.25,17.65,19.0,19.1,18.65,18.65,18.88,13.917,13.99,13.661,13.661,13.829,5341200.0,100818160000.0,0.0,0.0,-0.3,-0.2197,-1.5831
SSI,2023-03-01,15:03:02,HOSE,STOCK,18.25,19.5,17.0,18.3,19.0,18.15,18.95,18.56,13.404,13.917,13.295,13.881,13.595,11380400.0,211196860000.0,0.0,0.0,0.7,0.5128,3.8356
SSI,2023-02-28,15:02:01,HOSE,STOCK,18.25,19.5,17.0,18.6,18.75,18.2,18.25,18.42,13.624,13.734,13.331,13.368,13.492,11908000.0,219391025000.0,0.0,0.0,0.0,0.0,0.0
SSI,2023-02-27,15:02:01,HOSE,STOCK,19.0,20.3,17.7,18.8,18.9,18.25,18.25,18.52,13.771,13.844,13.368,13.368,13.566,14834700.0,274783545000.0,0.0,0.0,-0.75,-0.5494,-3.9474
SSI,2023-02-24,15:02:01,HOSE,STOCK,19.7,21.05,18.35,19.75,19.75,19.0,19.0,19.24,14.467,14.467,13.917,13.917,14.093,7726100.0,148678660000.0,0.0,0.0,-0.7,-0.5127,-3.5533
SSI,2023-02-23,15:02:02,HOSE,STOCK,19.3,20.65,17.95,19.3,19.7,18.8,19.7,19.17,14.137,14.43,13.771,14.43,14.042,17946400.0,344080220000.0,0.0,0.0,0.4,0.293,2.0725
SSI,2023-02-22,15:02:01,HOSE,STOCK,20.45,21.85,19.05,20.2,20.4,19.3,19.3,19.94,14.796,14.943,14.137,14.137,14.606,24069100.0,480004225000.0,0.0,0.0,-1.15,-0.8424,-5.6235
SSI,2023-02-21,15:02:01,HOSE,STOCK,20.75,22.2,19.3,20.8,20.95,20.45,20.45,20.68,15.236,15.346,14.979,14.979,15.148,14060300.0,290725155000.0,0.0,0.0,-0.3,-0.2197,-1.4458
SSI,2023-02-20,15:02:01,HOSE,STOCK,19.45,20.8,18.1,19.45,20.75,19.4,20.75,20.2,14.247,15.199,14.21,15.199,14.796,23655300.0,477725685000.0,0.0,0.0,1.3,0.9522,6.6838
SSI,2023-02-17,15:02:01,HOSE,STOCK,19.5,20.85,18.15,19.45,19.65,19.2,19.45,19.41,14.247,14.393,14.064,14.247,14.218,8056100.0,156377635000.0,0.0,0.0,-0.05,-0.0366,-0.2564
SSI,2023-02-16,15:02:02,HOSE,STOCK,19.1,20.4,17.8,19.3,19.5,19.15,19.5,19.38,14.137,14.283,14.027,14.283,14.196,9828100.0,190470135000.0,0.0,0.0,0.4,0.293,2.0942
SSI,2023-02-15,15:02:01,HOSE,STOCK,18.9,20.2,17.6,18.9,19.35,18.8,19.1,19.13,13.844,14.174,13.771,13.99,14.012,10344500.0,197874815000.0,0.0,0.0,0.2,0.1465,1.0582
SSI,2023-02-14,15:02:02,HOSE,STOCK,18.5,19.75,17.25,18.75,18.9,18.5,18.9,18.74,13.734,13.844,13.551,13.844,13.727,6180800.0,115813040000.0,0.0,0.0,0.4,0.293,2.1622
SSI,2023-02-13,15:02:01,HOSE,STOCK,19.0,20.3,17.7,18.95,19.0,18.15,18.5,18.52,13.881,13.917,13.295,13.551,13.566,11360100.0,210399070000.0,0.0,0.0,-0.5,-0.3662,-2.6316
SSI,2023-02-10,15:02:01,HOSE,STOCK,19.35,20.7,18.0,19.35,19.6,18.85,19.0,19.14,14.174,14.357,13.807,13.917,14.02,9538000.0,182583765000.0,0.0,0.0,-0.35,-0.2564,-1.8088
SSI,2023-02-09,15:02:01,HOSE,STOCK,19.5,20.85,18.15,19.45,19.75,19.3,19.35,19.53,14.247,14.467,14.137,14.174,14.305,7434300.0,145165190000.0,0.0,0.0,-0.15,-0.1099,-0.7692
SSI,2023-02-08,15:02:02,HOSE,STOCK,19.05,20.35,17.75,19.4,19.7,18.7,19.5,19.18,14.21,14.43,13.697,14.283,14.049,12539800.0,240498755000.0,0.0,0.0,0.45,0.3296,2.3622
SSI,2023-02-07,15:02:01,HOSE,STOCK,20.0,21.4,18.6,20.1,20.35,19.05,19.05,19.6,14.723,14.906,13.954,13.954,14.357,17388300.0,340800830000.0,0.0,0.0,-0.95,-0.6959,-4.75
SSI,2023-02-06,15:02:01,HOSE,STOCK,19.75,21.1,18.4,19.6,20.0,19.4,20.0,19.65,14.357,14.65,14.21,14.65,14.393,11552300.0,227023525000.0,0.0,0.0,0.25,0.1831,1.2658
SSI,2023-02-03,15:02:02,HOSE,STOCK,20.15,21.55,18.75,20.1,20.3,19.6,19.75,19.94,14.723,14.869,14.357,14.467,14.606,13217100.0,263536685000.0,0.0,0.0,-0.4,-0.293,-1.9851
SSI,2023-02-02,15:02:01,HOSE,STOCK,20.15,21.55,18.75,20.3,20.4,19.9,20.15,20.17,14.869,14.943,14.576,14.76,14.774,11997700.0,241933690000.0,0.0,0.0,0.0,0.0,0.0
SSI,2023-02-01,15:02:01,HOSE,STOCK,21.6,23.1,20.1,21.7,21.85,20.1,20.15,21.09,15.895,16.005,14.723,14.76,15.448,26556600.0,560125580000.0,0.0,0.0,-1.45,-1.0621,-6.713
SSI,2023-01-31,15:01:02,HOSE,STOCK,21.0,22.45,19.55,21.15,21.65,20.85,21.6,21.14,15.492,15.858,15.272,15.822,15.485,17924900.0,379000095000.0,0.0,0.0,0.6,0.4395,2.8571
SSI,2023-01-30,16:01:08,HOSE,STOCK,20.95,22.4,19.5,20.95,21.7,20.7,21.0,21.15,15.346,15.895,15.162,15.382,15.492,19239700.0,406952485000.0,0.0,0.0,0.05,0.0366,0.2387
SSI,2023-01-27,15:01:02,HOSE,STOCK,21.2,22.65,19.75,21.5,21.6,20.85,20.95,21.14,15.748,15.822,15.272,15.346,15.485,19460600.0,411367200000.0,0.0,0.0,-0.25,-0.1831,-1.1792
SSI,2023-01-19,15:01:02,HOSE,STOCK,20.55,21.95,19.15,20.45,21.25,20.4,21.2,20.99,14.979,15.565,14.943,15.529,15.375,26454500.0,555332030000.0,0.0,0.0,0.65,0.4761,3.163
SSI,2023-01-18,15:01:01,HOSE,STOCK,20.4,21.8,19.0,20.5,21.0,20.3,20.55,20.64,15.016,15.382,14.869,15.053,15.118,19367400.0,399664555000.0,0.0,0.0,0.15,0.1099,0.7353
SSI,2023-01-17,15:01:01,HOSE,STOCK,19.4,20.75,18.05,19.6,20.4,19.5,20.4,20.01,14.357,14.943,14.283,14.943,14.657,21992300.0,440034230000.0,0.0,0.0,1.0,0.7325,5.1546
SSI,2023-01-16,15:01:01,HOSE,STOCK,19.2,20.5,17.9,19.3,19.5,19.1,19.4,19.31,14.137,14.283,13.99,14.21,14.144,7329600.0,141529000000.0,0.0,0.0,0.2,0.1465,1.0417
SSI,2023-01-13,15:01:01,HOSE,STOCK,19.3,20.65,17.95,19.5,19.85,19.1,19.2,19.51,14.283,14.54,13.99,14.064,14.291,14327200.0,279572560000.0,0.0,0.0,-0.1,-0.0733,-0.5181
SSI,2023-01-12,15:01:02,HOSE,STOCK,19.3,20.65,17.95,19.35,19.5,19.1,19.3,19.29,14.174,14.283,13.99,14.137,14.13,6542800.0,126186780000.0,0.0,0.0,0.0,0.0,0.0
SSI,2023-01-11,15:01:01,HOSE,STOCK,18.9,20.2,17.6,19.05,19.75,19.05,19.3,19.39,13.954,14.467,13.954,14.137,14.203,13973900.0,270962505000.0,0.0,0.0,0.4,0.293,2.1164
SSI,2023-01-10,15:01:02,HOSE,STOCK,19.0,20.3,17.7,19.0,19.25,18.45,18.9,18.85,13.917,14.1,13.514,13.844,13.807,11623700.0,219051475000.0,0.0,0.0,-0.1,-0.0732,-0.5263
SSI,2023-01-09,15:01:01,HOSE,STOCK,18.9,20.2,17.6,19.1,19.35,18.85,19.0,19.09,13.99,14.174,13.807,13.917,13.983,9711500.0,185419645000.0,0.0,0.0,0.1,0.0732,0.5291
SSI,2023-01-06,15:01:01,HOSE,STOCK,19.3,20.65,17.95,19.3,19.6,18.9,18.9,19.31,14.137,14.357,13.844,13.844,14.144,13143700.0,253812315000.0,0.0,0.0,-0.4,-0.293,-2.0725
SSI,2023-01-05,15:01:01,HOSE,STOCK,19.0,20.3,17.7,19.15,19.35,18.7,19.3,19.05,14.027,14.174,13.697,14.137,13.954,13309500.0,253542700000.0,0.0,0.0,0.3,0.2197,1.5789
SSI,2023-01-04,15:01:01,HOSE,STOCK,18.9,20.2,17.6,19.2,19.5,18.95,19.0,19.18,14.064,14.283,13.881,13.917,14.049,10680500.0,204829750000.0,0.0,0.0,0.1,0.0732,0.5291
SSI,2023-01-03,15:01:01,HOSE,STOCK,17.7,18.9,16.5,17.8,18.9,17.8,18.9,18.63,13.038,13.844,13.038,13.844,13.646,18046200.0,336288015000.0,0.0,0.0,1.2,0.879,6.7797
SSI,2022-12-30,15:12:01,HOSE,STOCK,17.6,18.8,16.4,17.75,18.1,17.6,17.7,17.87,13.002,13.258,12.892,12.965,13.089,6422100.0,114754825000.0,0.0,0.0,0.1,0.0732,0.5682
SSI,2022-12-29,15:12:01,HOSE,STOCK,18.15,19.4,16.9,18.0,18.25,17.6,17.6,17.92,13.185,13.368,12.892,12.892,13.126,8747600.0,156775715000.0,0.0,0.0,-0.55,-0.4029,-3.0303
SSI,2022-12-28,15:12:01,HOSE,STOCK,18.2,19.45,16.95,18.45,18.45,17.8,18.15,18.15,13.514,13.514,13.038,13.295,13.295,10979500.0,199237875000.0,0.0,0.0,-0.05,-0.0366,-0.2747
SSI,2022-12-27,15:12:01,HOSE,STOCK,17.05,18.2,15.9,17.0,18.2,17.0,18.2,17.63,12.452,13.331,12.452,13.331,12.914,14748000.0,259966010000.0,0.0,0.0,1.15,0.8423,6.7449
SSI,2022-12-26,15:12:01,HOSE,STOCK,18.3,19.55,17.05,18.2,18.3,17.05,17.05,17.56,13.331,13.404,12.489,12.489,12.862,18630300.0,327090815000.0,0.0,0.0,-1.25,-0.9156,-6.8306
SSI,2022-12-23,15:12:01,HOSE,STOCK,19.1,20.4,17.8,19.0,19.1,18.25,18.3,18.56,13.917,13.99,13.368,13.404,13.595,11363200.0,210845715000.0,0.0,0.0,-0.8,-0.586,-4.1885
SSI,2022-12-22,15:12:02,HOSE,STOCK,19.3,20.65,17.95,19.5,19.55,18.6,19.1,19.14,14.283,14.32,13.624,13.99,14.02,13108700.0,250835035000.0,0.0,0.0,-0.2,-0.1465,-1.0363
SSI,2022-12-21,15:12:01,HOSE,STOCK,19.8,21.15,18.45,20.2,20.2,18.45,19.3,19.18,14.796,14.796,13.514,14.137,14.049,26446400.0,507323535000.0,0.0,0.0,-0.5,-0.3662,-2.5253
SSI,2022-12-20,15:12:01,HOSE,STOCK,20.5,21.9,19.1,20.5,20.75,19.35,19.8,20.02,15.016,15.199,14.174,14.503,14.664,26808800.0,536658375000.0,0.0,0.0,-0.7,-0.5127,-3.4146
SSI,2022-12-19,15:12:01,HOSE,STOCK,20.5,21.9,19.1,20.5,21.85,20.35,20.5,21.18,15.016,16.005,14.906,15.016,15.514,41725400.0,883752160000.0,0.0,0.0,0.0,0.0,0.0
SSI,2022-12-16,15:12:02,HOSE,STOCK,20.25,21.65,18.85,20.0,20.6,20.0,20.5,20.43,14.65,15.089,14.65,15.016,14.965,21449000.0,438157830000.0,0.0,0.0,0.25,0.1831,1.2346
SSI,2022-12-15,15:12:01,HOSE,STOCK,20.1,21.5,18.7,20.1,20.35,19.95,20.25,20.14,14.723,14.906,14.613,14.833,14.752,15553300.0,313314280000.0,0.0,0.0,0.15,0.1099,0.7463
SSI,2022-12-14,18:12:45,HOSE,STOCK,20.4,21.8,19.0,21.0,21.0,20.1,20.1,20.463,15.382,15.382,14.723,14.723,14.989,20741200.0,424427355000.0,0.0,0.0,-0.3,-0.2197,-1.4706
SSI,2022-12-13,15:12:02,HOSE,STOCK,19.15,20.45,17.85,19.15,20.4,18.85,20.4,19.41,14.027,14.943,13.807,14.943,14.218,25352700.0,492149360000.0,0.0,0.0,1.25,0.9156,6.5274
SSI,2022-12-12,15:12:01,HOSE,STOCK,20.25,21.65,18.85,20.4,20.75,19.1,19.15,20.02,14.943,15.199,13.99,14.027,14.664,26511100.0,530732840000.0,0.0,0.0,-1.1,-0.8057,-5.4321
SSI,2022-12-09,15:12:01,HOSE,STOCK,20.55,21.95,19.15,20.7,20.8,19.9,20.25,20.31,15.162,15.236,14.576,14.833,14.877,18581200.0,377471765000.0,0.0,0.0,-0.3,-0.2197,-1.4599
SSI,2022-12-08,15:12:01,HOSE,STOCK,19.25,20.55,17.95,19.75,20.55,19.55,20.55,20.42,14.467,15.053,14.32,15.053,14.957,34618000.0,707069955000.0,0.0,0.0,1.3,0.9523,6.7532
SSI,2022-12-07,15:12:01,HOSE,STOCK,19.55,20.9,18.2,19.55,19.95,18.9,19.25,19.39,14.32,14.613,13.844,14.1,14.203,21179900.0,410675350000.0,0.0,0.0,-0.3,-0.2197,-1.5345
SSI,2022-12-06,15:12:01,HOSE,STOCK,20.8,22.25,19.35,20.4,20.95,19.55,19.55,20.3,14.943,15.346,14.32,14.32,14.869,41336800.0,839323235000.0,0.0,0.0,-1.25,-0.9156,-6.0096
SSI,2022-12-05,15:12:01,HOSE,STOCK,19.45,20.8,18.1,20.3,20.8,19.8,20.8,20.25,14.869,15.236,14.503,15.236,14.833,35813500.0,725400750000.0,0.0,0.0,1.35,0.9889,6.9409
SSI,2022-12-02,15:12:01,HOSE,STOCK,18.2,19.45,16.95,18.1,19.45,18.1,19.45,18.86,13.258,14.247,13.258,14.247,13.815,29326500.0,553132925000.0,0.0,0.0,1.25,0.9156,6.8681
SSI,2022-12-01,15:12:01,HOSE,STOCK,19.25,20.55,17.95,19.5,19.65,18.2,18.2,19.08,14.283,14.393,13.331,13.331,13.976,37109400.0,708038225000.0,0.0,0.0,-1.05,-0.7691,-5.4545
SSI,2022-11-30,15:11:01,HOSE,STOCK,18.95,20.25,17.65,18.7,19.4,18.45,19.25,18.9,13.697,14.21,13.514,14.1,13.844,29645300.0,560440530000.0,0.0,0.0,0.3,0.2197,1.5831
SSI,2022-11-29,15:11:02,HOSE,STOCK,18.25,19.5,17.0,18.5,19.15,18.0,18.95,18.6,13.551,14.027,13.185,13.881,13.624,32279800.0,600339830000.0,0.0,0.0,0.7,0.5128,3.8356
SSI,2022-11-28,15:11:01,HOSE,STOCK,17.1,18.25,15.95,17.5,18.25,17.5,18.25,18.0,12.818,13.368,12.818,13.368,13.185,32638900.0,587624090000.0,0.0,0.0,1.15,0.8424,6.7251
SSI,2022-11-25,15:11:01,HOSE,STOCK,16.0,17.1,14.9,16.4,17.1,16.15,17.1,16.64,12.013,12.525,11.83,12.525,12.189,22569200.0,375628615000.0,0.0,0.0,1.1,0.8057,6.875
SSI,2022-11-24,15:11:01,HOSE,STOCK,15.8,16.9,14.7,15.45,16.0,15.25,16.0,15.6,11.317,11.72,11.17,11.72,11.427,16226000.0,253051275000.0,0.0,0.0,0.2,0.1465,1.2658
SSI,2022-11-23,15:11:01,HOSE,STOCK,16.35,17.45,15.25,16.2,16.45,15.8,15.8,16.16,11.866,12.049,11.573,11.573,11.837,13126800.0,212136390000.0,0.0,0.0,-0.55,-0.4029,-3.3639
SSI,2022-11-22,15:11:02,HOSE,STOCK,16.1,17.2,15.0,15.9,17.0,15.9,16.35,16.46,11.646,12.452,11.646,11.976,12.057,29655000.0,488179995000.0,0.0,0.0,0.25,0.1831,1.5528
SSI,2022-11-21,15:11:01,HOSE,STOCK,16.25,17.35,15.15,16.45,16.5,15.95,16.1,16.19,12.049,12.086,11.683,11.793,11.859,12527900.0,202767165000.0,0.0,0.0,-0.15,-0.1099,-0.9231
SSI,2022-11-18,15:11:01,HOSE,STOCK,15.8,16.9,14.7,15.75,16.6,15.35,16.25,15.93,11.537,12.159,11.244,11.903,11.668,34596600.0,551002750000.0,0.0,0.0,0.45,0.3296,2.8481
SSI,2022-11-17,15:11:01,HOSE,STOCK,14.85,15.85,13.85,15.15,15.85,15.1,15.8,15.57,11.097,11.61,11.061,11.573,11.405,23384900.0,364197595000.0,0.0,0.0,0.95,0.6958,6.3973
SSI,2022-11-16,15:11:01,HOSE,STOCK,13.9,14.85,12.95,13.1,14.85,13.05,14.85,14.2,9.596,10.877,9.559,10.877,10.401,26998600.0,383435250000.0,0.0,0.0,0.95,0.6958,6.8345
SSI,2022-11-15,15:11:02,HOSE,STOCK,14.25,15.2,13.3,14.0,14.25,13.3,13.9,13.66,10.255,10.438,9.742,10.182,10.006,24236100.0,330983110000.0,0.0,0.0,-0.35,-0.2564,-2.4561
SSI,2022-11-14,15:11:01,HOSE,STOCK,14.1,15.05,13.15,13.8,14.5,13.2,14.25,13.9,10.108,10.621,9.669,10.438,10.182,20560100.0,285855535000.0,0.0,0.0,0.15,0.1099,1.0638
SSI,2022-11-11,15:11:01,HOSE,STOCK,13.9,14.85,12.95,14.3,14.6,13.8,14.1,14.26,10.475,10.694,10.108,10.328,10.445,19859900.0,283168695000.0,0.0,0.0,0.2,0.1465,1.4388
SSI,2022-11-10,15:11:01,HOSE,STOCK,14.9,15.9,13.9,14.7,14.8,13.9,13.9,14.08,10.768,10.841,10.182,10.182,10.313,18406100.0,259116830000.0,0.0,0.0,-1.0,-0.7325,-6.7114
SSI,2022-11-09,15:11:01,HOSE,STOCK,15.0,16.05,13.95,15.15,15.6,14.9,14.9,15.24,11.097,11.427,10.914,10.914,11.163,8615900.0,131311220000.0,0.0,0.0,-0.1,-0.0732,-0.6667
SSI,2022-11-08,15:11:01,HOSE,STOCK,14.3,15.3,13.3,13.8,15.15,13.8,15.0,14.62,10.108,11.097,10.108,10.987,10.709,16380300.0,239439835000.0,0.0,0.0,0.7,0.5127,4.8951
SSI,2022-11-07,15:11:01,HOSE,STOCK,15.35,16.4,14.3,15.25,15.5,14.3,14.3,14.58,11.17,11.354,10.475,10.475,10.68,21167600.0,308627570000.0,0.0,0.0,-1.05,-0.7691,-6.8404
SSI,2022-11-04,15:11:01,HOSE,STOCK,16.5,17.65,15.35,16.25,16.3,15.35,15.35,15.65,11.903,11.939,11.244,11.244,11.463,25310800.0,396027935000.0,0.0,0.0,-1.15,-0.8424,-6.9697
SSI,2022-11-03,15:11:01,HOSE,STOCK,16.5,17.65,15.35,16.2,16.8,16.15,16.5,16.56,11.866,12.306,11.83,12.086,12.13,11302200.0,187116900000.0,0.0,0.0,0.0,0.0,0.0
SSI,2022-11-02,15:11:01,HOSE,STOCK,16.95,18.1,15.8,16.95,17.05,16.5,16.5,16.77,12.416,12.489,12.086,12.086,12.284,15911800.0,266827460000.0,0.0,0.0,-0.45,-0.3296,-2.6549
SSI,2022-11-01,15:11:01,HOSE,STOCK,16.3,17.4,15.2,16.6,17.05,16.3,16.95,16.69,12.159,12.489,11.939,12.416,12.225,22328100.0,372662960000.0,0.0,0.0,0.65,0.4761,3.9877
SSI,2022-10-31,15:10:01,HOSE,STOCK,15.9,17.0,14.8,15.9,16.4,15.2,16.3,15.84,11.646,12.013,11.134,11.939,11.603,20501900.0,324773160000.0,0.0,0.0,0.4,0.293,2.5157
SSI,2022-10-28,15:10:01,HOSE,STOCK,15.85,16.95,14.75,16.2,16.4,15.85,15.9,16.1,11.866,12.013,11.61,11.646,11.793,16262500.0,261868925000.0,0.0,0.0,0.05,0.0366,0.3155
SSI,2022-10-27,15:10:02,HOSE,STOCK,14.85,15.85,13.85,15.1,15.85,15.0,15.85,15.55,11.061,11.61,10.987,11.61,11.39,21710300.0,337679345000.0,0.0,0.0,1.0,0.7325,6.734
SSI,2022-10-26,15:10:01,HOSE,STOCK,15.05,16.1,14.0,15.3,15.6,14.7,14.85,15.07,11.207,11.427,10.768,10.877,11.039,9014400.0,135861535000.0,0.0,0.0,-0.2,-0.1465,-1.3289
SSI,2022-10-25,15:10:01,HOSE,STOCK,15.1,16.15,14.05,15.1,16.05,14.3,15.05,15.05,11.061,11.756,10.475,11.024,11.024,22999400.0,346099225000.0,0.0,0.0,-0.05,-0.0366,-0.3311
SSI,2022-10-24,15:10:01,HOSE,STOCK,16.2,17.3,15.1,16.3,16.4,15.1,15.1,15.46,11.939,12.013,11.061,11.061,11.324,23354200.0,361098345000.0,0.0,0.0,-1.1,-0.8058,-6.7901
SSI,2022-10-21,15:10:01,HOSE,STOCK,17.4,18.6,16.2,17.4,17.45,16.2,16.2,16.45,12.745,12.782,11.866,11.866,12.049,28076400.0,461794975000.0,0.0,0.0,-1.2,-0.879,-6.8966
SSI,2022-10-20,15:10:01,HOSE,STOCK,17.65,18.85,16.45,17.5,17.85,17.25,17.4,17.53,12.818,13.075,12.635,12.745,12.84,11211900.0,196558745000.0,0.0,0.0,-0.25,-0.1831,-1.4164
SSI,2022-10-19,15:10:01,HOSE,STOCK,17.8,19.0,16.6,17.9,18.0,17.5,17.65,17.75,13.111,13.185,12.818,12.928,13.002,12345400.0,219126345000.0,0.0,0.0,-0.15,-0.1099,-0.8427
SSI,2022-10-18,15:10:02,HOSE,STOCK,18.0,19.25,16.75,18.4,18.5,17.7,17.8,18.17,13.478,13.551,12.965,13.038,13.309,18797300.0,341618840000.0,0.0,0.0,-0.2,-0.1465,-1.1111
SSI,2022-10-17,15:10:02,HOSE,STOCK,17.9,19.15,16.65,17.6,18.0,17.25,18.0,17.64,12.892,13.185,12.635,13.185,12.921,13716400.0,242012630000.0,0.0,0.0,0.1,0.0733,0.5587
SSI,2022-10-14,15:10:02,HOSE,STOCK,17.5,18.7,16.3,18.0,18.4,17.8,17.9,18.01,13.185,13.478,13.038,13.111,13.192,22036600.0,396795225000.0,0.0,0.0,0.4,0.293,2.2857
SSI,2022-10-13,15:10:02,HOSE,STOCK,17.25,18.45,16.05,17.25,17.7,17.0,17.5,17.24,12.635,12.965,12.452,12.818,12.628,12486200.0,215279110000.0,0.0,0.0,0.25,0.1831,1.4493
SSI,2022-10-12,15:10:01,HOSE,STOCK,16.2,17.3,15.1,16.4,17.3,16.25,17.25,17.07,12.013,12.672,11.903,12.635,12.504,18582200.0,317125010000.0,0.0,0.0,1.05,0.7691,6.4815
SSI,2022-10-11,15:10:01,HOSE,STOCK,17.4,18.6,16.2,17.05,17.4,16.2,16.2,16.58,12.489,12.745,11.866,11.866,12.145,16403900.0,271913710000.0,0.0,0.0,-1.2,-0.879,-6.8966
SSI,2022-10-10,15:10:02,HOSE,STOCK,16.8,17.95,15.65,16.75,17.7,16.55,17.4,17.18,12.269,12.965,12.123,12.745,12.584,17618200.0,302744380000.0,0.0,0.0,0.6,0.4395,3.5714
SSI,2022-10-07,15:10:01,HOSE,STOCK,17.4,18.6,16.2,17.05,17.1,16.2,16.8,16.54,12.489,12.525,11.866,12.306,12.115,24130800.0,399016635000.0,0.0,0.0,-0.6,-0.4395,-3.4483
SSI,2022-10-06,15:10:02,HOSE,STOCK,18.65,19.95,17.35,18.65,18.65,17.4,17.4,17.99,13.661,13.661,12.745,12.745,13.177,12072300.0,217179065000.0,0.0,0.0,-1.25,-0.9156,-6.7024
SSI,2022-10-05,15:10:01,HOSE,STOCK,17.8,19.0,16.6,18.35,18.8,18.2,18.65,18.5,13.441,13.771,13.331,13.661,13.551,13616200.0,251860330000.0,0.0,0.0,0.85,0.6226,4.7753
SSI,2022-10-04,15:10:01,HOSE,STOCK,18.45,19.7,17.2,18.9,19.1,17.6,17.8,18.39,13.844,13.99,12.892,13.038,13.47,15613300.0,287124955000.0,0.0,0.0,-0.65,-0.4761,-3.523
SSI,2022-10-03,15:10:02,HOSE,STOCK,19.8,21.15,18.45,19.6,19.65,18.45,18.45,18.87,14.357,14.393,13.514,13.514,13.822,15843300.0,299034595000.0,0.0,0.0,-1.35,-0.9888,-6.8182
SSI,2022-09-30,15:09:02,HOSE,STOCK,19.3,20.65,17.95,19.15,19.8,18.3,19.8,19.0,14.027,14.503,13.404,14.503,13.917,20628400.0,392042555000.0,0.0,0.0,0.5,0.3662,2.5907
SSI,2022-09-29,15:09:01,HOSE,STOCK,19.75,21.1,18.4,20.2,20.2,19.3,19.3,19.79,14.796,14.796,14.137,14.137,14.496,11341000.0,224449875000.0,0.0,0.0,-0.45,-0.3296,-2.2785
SSI,2022-09-28,15:09:01,HOSE,STOCK,19.55,20.9,18.2,19.4,20.05,19.4,19.75,19.74,14.21,14.686,14.21,14.467,14.459,14119800.0,278776135000.0,0.0,0.0,0.2,0.1465,1.023
SSI,2022-09-27,15:09:01,HOSE,STOCK,19.5,20.85,18.15,19.7,20.0,19.5,19.55,19.72,14.43,14.65,14.283,14.32,14.445,10953800.0,215982800000.0,0.0,0.0,0.05,0.0366,0.2564
SSI,2022-09-26,15:09:02,HOSE,STOCK,20.65,22.05,19.25,20.05,20.3,19.25,19.5,19.68,14.686,14.869,14.1,14.283,14.415,22906700.0,450694130000.0,0.0,0.0,-1.15,-0.8423,-5.569
SSI,2022-09-23,15:09:02,HOSE,STOCK,21.1,22.55,19.65,21.0,21.3,20.55,20.65,20.94,15.382,15.602,15.053,15.126,15.338,10814000.0,226405335000.0,0.0,0.0,-0.45,-0.3296,-2.1327
SSI,2022-09-22,15:09:01,HOSE,STOCK,20.55,21.95,19.15,20.3,21.2,20.2,21.1,20.75,14.869,15.529,14.796,15.455,15.199,17206400.0,357105560000.0,0.0,0.0,0.55,0.4029,2.6764
SSI,2022-09-21,15:09:02,HOSE,STOCK,20.7,22.1,19.3,20.5,20.8,20.35,20.55,20.58,15.016,15.236,14.906,15.053,15.075,8382000.0,172518990000.0,0.0,0.0,-0.15,-0.1099,-0.7246
SSI,2022-09-20,15:09:01,HOSE,STOCK,19.9,21.25,18.55,20.2,20.75,19.9,20.7,20.31,14.796,15.199,14.576,15.162,14.877,14145700.0,287242310000.0,0.0,0.0,0.8,0.586,4.0201
SSI,2022-09-19,15:09:01,HOSE,STOCK,21.15,22.6,19.7,21.15,21.15,19.9,19.9,20.39,15.492,15.492,14.576,14.576,14.935,22693700.0,462821610000.0,0.0,0.0,-1.25,-0.9156,-5.9102
SSI,2022-09-16,15:09:02,HOSE,STOCK,21.65,23.15,20.15,21.5,21.7,21.05,21.15,21.28,15.748,15.895,15.419,15.492,15.587,19466700.0,414248630000.0,0.0,0.0,-0.5,-0.3662,-2.3095
SSI,2022-09-15,15:09:01,HOSE,STOCK,21.95,23.45,20.45,22.1,22.1,21.6,21.65,21.83,16.188,16.188,15.822,15.858,15.99,9452700.0,206334820000.0,0.0,0.0,-0.3,-0.2197,-1.3667
SSI,2022-09-14,15:09:01,HOSE,STOCK,21.65,23.15,20.15,21.0,22.15,21.0,21.95,21.58,15.382,16.225,15.382,16.078,15.807,25849700.0,557729895000.0,0.0,0.0,0.3,0.2197,1.3857
SSI,2022-09-13,15:09:02,HOSE,STOCK,21.85,23.35,20.35,21.85,22.05,21.2,21.65,21.58,16.005,16.151,15.529,15.858,15.807,18972100.0,409472610000.0,0.0,0.0,-0.2,-0.1465,-0.9153
SSI,2022-09-12,15:09:01,HOSE,STOCK,22.2,23.75,20.65,22.5,22.5,21.85,21.85,22.11,16.481,16.481,16.005,16.005,16.195,11998300.0,265331995000.0,0.0,0.0,-0.35,-0.2564,-1.5766
SSI,2022-09-09,15:09:02,HOSE,STOCK,22.05,23.55,20.55,22.0,22.2,21.3,22.2,21.73,16.115,16.261,15.602,16.261,15.917,33441100.0,726821075000.0,0.0,0.0,0.15,0.1099,0.6803
SSI,2022-09-08,15:09:01,HOSE,STOCK,22.55,24.1,21.0,22.95,23.0,22.05,22.05,22.45,16.811,16.847,16.151,16.151,16.444,15977000.0,358706635000.0,0.0,0.0,-0.5,-0.3662,-2.2173
SSI,2022-09-07,15:09:02,HOSE,STOCK,23.75,25.4,22.1,23.7,23.95,22.55,22.55,23.19,17.36,17.543,16.518,16.518,16.986,23212800.0,538201730000.0,0.0,0.0,-1.2,-0.879,-5.0526
SSI,2022-09-06,15:09:02,HOSE,STOCK,23.7,25.35,22.05,23.85,24.15,23.5,23.75,23.86,17.47,17.689,17.213,17.396,17.477,11026900.0,263155900000.0,0.0,0.0,0.05,0.0366,0.211
SSI,2022-09-05,15:09:02,HOSE,STOCK,24.0,25.65,22.35,24.1,24.3,23.7,23.7,23.91,17.653,17.799,17.36,17.36,17.514,10158000.0,242846400000.0,0.0,0.0,-0.3,-0.2197,-1.25
SSI,2022-08-31,15:08:01,HOSE,STOCK,23.95,25.6,22.3,23.7,24.2,23.7,24.0,23.92,17.36,17.726,17.36,17.58,17.521,10846400.0,259423330000.0,0.0,0.0,0.05,0.0366,0.2088
SSI,2022-08-30,15:08:01,HOSE,STOCK,24.4,26.1,22.7,24.65,24.8,23.9,23.95,24.33,18.056,18.166,17.506,17.543,17.821,12094600.0,294208415000.0,0.0,0.0,-0.45,-0.3296,-1.8443
SSI,2022-08-29,15:08:02,HOSE,STOCK,24.8,26.5,23.1,24.2,24.4,23.55,24.4,24.0,17.726,17.873,17.25,17.873,17.58,28608300.0,686733380000.0,0.0,0.0,-0.4,-0.293,-1.6129
SSI,2022-08-26,15:08:02,HOSE,STOCK,25.5,27.25,23.75,25.5,25.65,24.8,24.8,25.16,18.678,18.788,18.166,18.166,18.429,23266700.0,585453740000.0,0.0,0.0,-0.7,-0.5128,-2.7451
SSI,2022-08-25,15:08:02,HOSE,STOCK,25.25,27.0,23.5,25.35,26.0,25.35,25.5,25.7,18.568,19.045,18.568,18.678,18.825,14782800.0,379865480000.0,0.0,0.0,0.25,0.1831,0.9901
SSI,2022-08-24,15:08:03,HOSE,STOCK,25.4,27.15,23.65,25.65,25.7,25.15,25.25,25.41,18.788,18.825,18.422,18.495,18.612,13465300.0,342214965000.0,0.0,0.0,-0.15,-0.1099,-0.5906
SSI,2022-08-23,15:08:02,HOSE,STOCK,24.7,26.4,23.0,24.3,25.4,23.8,25.4,24.59,17.799,18.605,17.433,18.605,18.012,32424700.0,797383620000.0,0.0,0.0,0.7,0.5127,2.834
SSI,2022-08-22,15:08:01,HOSE,STOCK,25.15,26.9,23.4,25.15,25.35,24.6,24.7,24.97,18.422,18.568,18.019,18.092,18.29,16747900.0,418121385000.0,0.0,0.0,-0.45,-0.3296,-1.7893
SSI,2022-08-19,15:08:02,HOSE,STOCK,25.1,26.85,23.35,25.1,25.45,24.9,25.15,25.2,18.385,18.642,18.239,18.422,18.459,15752800.0,396895680000.0,0.0,0.0,0.05,0.0366,0.1992
SSI,2022-08-18,15:08:03,HOSE,STOCK,24.55,26.25,22.85,24.3,25.5,24.3,25.1,25.04,17.799,18.678,17.799,18.385,18.341,28626400.0,716676795000.0,0.0,0.0,0.55,0.4029,2.2403
SSI,2022-08-17,15:08:02,HOSE,STOCK,24.6,26.3,22.9,24.8,25.15,24.5,24.55,24.75,18.166,18.422,17.946,17.982,18.129,21210600.0,524895820000.0,0.0,0.0,-0.05,-0.0366,-0.2033
SSI,2022-08-16,15:08:03,HOSE,STOCK,24.75,26.45,23.05,24.75,25.0,24.45,24.6,24.65,18.129,18.312,17.909,18.019,18.056,11764700.0,290043760000.0,0.0,0.0,-0.15,-0.1099,-0.6061
SSI,2022-08-15,15:08:02,HOSE,STOCK,24.9,26.6,23.2,25.15,25.3,24.6,24.75,24.97,18.422,18.532,18.019,18.129,18.29,14575600.0,363938150000.0,0.0,0.0,-0.15,-0.1099,-0.6024
SSI,2022-08-12,15:08:02,HOSE,STOCK,24.4,26.1,22.7,24.35,24.9,24.05,24.9,24.52,17.836,18.239,17.616,18.239,17.961,17178600.0,421157375000.0,0.0,0.0,0.5,0.3662,2.0492
SSI,2022-08-11,15:08:02,HOSE,STOCK,24.55,26.25,22.85,24.85,25.2,23.8,24.4,24.62,18.202,18.459,17.433,17.873,18.034,28045800.0,690418825000.0,0.0,0.0,-0.15,-0.1099,-0.611
SSI,2022-08-10,15:08:03,HOSE,STOCK,24.8,26.5,23.1,24.55,25.0,24.45,24.55,24.64,17.982,18.312,17.909,17.982,18.048,14584500.0,359349255000.0,0.0,0.0,-0.25,-0.1831,-1.0081
SSI,2022-08-09,15:08:02,HOSE,STOCK,24.65,26.35,22.95,24.7,24.95,24.35,24.8,24.65,18.092,18.275,17.836,18.166,18.056,14949200.0,368444200000.0,0.0,0.0,0.15,0.1099,0.6085
SSI,2022-08-08,15:08:02,HOSE,STOCK,24.8,26.5,23.1,25.15,25.35,24.35,24.65,24.82,18.422,18.568,17.836,18.056,18.18,21251600.0,527560470000.0,0.0,0.0,-0.15,-0.1099,-0.6048
SSI,2022-08-05,15:08:01,HOSE,STOCK,23.55,25.15,21.95,23.35,25.1,23.25,24.8,24.04,17.103,18.385,17.03,18.166,17.609,28994000.0,696871210000.0,0.0,0.0,1.25,0.9156,5.3079
SSI,2022-08-04,15:08:03,HOSE,STOCK,23.55,25.15,21.95,23.8,23.9,23.0,23.55,23.46,17.433,17.506,16.847,17.25,17.184,20941700.0,491253445000.0,0.0,0.0,0.0,0.0,0.0
SSI,2022-08-03,15:08:01,HOSE,STOCK,23.2,24.8,21.6,22.9,23.7,22.85,23.55,23.23,16.774,17.36,16.737,17.25,17.016,22269900.0,517249730000.0,0.0,0.0,0.35,0.2564,1.5086
SSI,2022-08-02,15:08:01,HOSE,STOCK,22.8,24.35,21.25,23.0,23.65,22.9,23.2,23.25,16.847,17.323,16.774,16.994,17.03,35526300.0,825978805000.0,0.0,0.0,0.4,0.293,1.7544
SSI,2022-08-01,15:08:02,HOSE,STOCK,21.35,22.8,19.9,21.35,22.8,21.35,22.8,22.34,15.639,16.701,15.639,16.701,16.364,29169900.0,651624600000.0,0.0,0.0,1.45,1.0621,6.7916
SSI,2022-07-29,15:07:02,HOSE,STOCK,21.15,22.6,19.7,21.3,21.65,21.05,21.35,21.39,15.602,15.858,15.419,15.639,15.668,20792200.0,444693885000.0,0.0,0.0,0.2,0.1465,0.9456
SSI,2022-07-28,15:07:03,HOSE,STOCK,20.4,21.8,19.0,20.9,21.35,20.7,21.15,21.02,15.309,15.639,15.162,15.492,15.397,19481100.0,409580555000.0,0.0,0.0,0.75,0.5494,3.6765
SSI,2022-07-27,15:07:03,HOSE,STOCK,20.25,21.65,18.85,20.0,20.4,19.8,20.4,20.09,14.65,14.943,14.503,14.943,14.716,17804700.0,357655720000.0,0.0,0.0,0.15,0.1099,0.7407
SSI,2022-07-26,15:07:03,HOSE,STOCK,20.45,21.85,19.05,20.55,20.7,20.1,20.25,20.41,15.053,15.162,14.723,14.833,14.95,16457400.0,335838055000.0,0.0,0.0,-0.2,-0.1465,-0.978
SSI,2022-07-25,15:07:02,HOSE,STOCK,20.9,22.35,19.45,20.7,21.05,20.3,20.45,20.58,15.162,15.419,14.869,14.979,15.075,18310100.0,376897910000.0,0.0,0.0,-0.45,-0.3296,-2.1531
SSI,2022-07-22,15:07:03,HOSE,STOCK,21.3,22.75,19.85,21.3,21.5,20.9,20.9,21.21,15.602,15.748,15.309,15.309,15.536,17909200.0,379898860000.0,0.0,0.0,-0.4,-0.293,-1.8779
SSI,2022-07-21,15:07:02,HOSE,STOCK,21.3,22.75,19.85,21.2,21.6,21.1,21.3,21.31,15.529,15.822,15.455,15.602,15.609,15960000.0,340035735000.0,0.0,0.0,0.0,0.0,0.0
SSI,2022-07-20,15:07:03,HOSE,STOCK,20.65,22.05,19.25,21.0,21.6,20.9,21.3,21.25,15.382,15.822,15.309,15.602,15.565,22292300.0,473704285000.0,0.0,0.0,0.65,0.4761,3.1477
SSI,2022-07-19,15:07:03,HOSE,STOCK,20.9,22.35,19.45,20.65,20.9,20.1,20.65,20.53,15.126,15.309,14.723,15.126,15.038,19867100.0,407774875000.0,0.0,0.0,-0.25,-0.1831,-1.1962
SSI,2022-07-18,15:07:03,HOSE,STOCK,21.1,22.55,19.65,21.3,21.4,20.7,20.9,21.04,15.602,15.675,15.162,15.309,15.411,18016400.0,378979965000.0,0.0,0.0,-0.2,-0.1465,-0.9479
SSI,2022-07-15,15:07:03,HOSE,STOCK,21.5,23.0,20.0,21.6,21.75,21.1,21.1,21.42,15.822,15.932,15.455,15.455,15.69,16577600.0,355155275000.0,0.0,0.0,-0.4,-0.293,-1.8605
SSI,2022-07-14,15:07:02,HOSE,STOCK,20.7,22.1,19.3,20.5,21.95,20.35,21.5,21.03,15.016,16.078,14.906,15.748,15.404,23495100.0,494071505000.0,0.0,0.0,0.8,0.586,3.8647
SSI,2022-07-13,15:07:03,HOSE,STOCK,20.9,22.35,19.45,20.9,21.1,20.3,20.7,20.83,15.309,15.455,14.869,15.162,15.258,17839400.0,371619250000.0,0.0,0.0,-0.2,-0.1465,-0.9569
SSI,2022-07-12,15:07:03,HOSE,STOCK,20.65,22.05,19.25,20.55,21.15,20.4,20.9,20.77,15.053,15.492,14.943,15.309,15.214,11926200.0,247702650000.0,0.0,0.0,0.25,0.1831,1.2107
SSI,2022-07-11,15:07:04,HOSE,STOCK,20.4,21.8,19.0,20.45,21.15,19.9,20.65,20.52,14.979,15.492,14.576,15.126,15.031,26063700.0,534813915000.0,0.0,0.0,0.25,0.1831,1.2255
SSI,2022-07-08,15:07:03,HOSE,STOCK,19.1,20.4,17.8,19.3,20.4,19.3,20.4,20.12,14.137,14.943,14.137,14.943,14.738,30285700.0,609462025000.0,0.0,0.0,1.3,0.9523,6.8063
SSI,2022-07-07,15:07:02,HOSE,STOCK,19.0,20.3,17.7,18.8,19.2,18.65,19.1,18.94,13.771,14.064,13.661,13.99,13.873,9823100.0,186013985000.0,0.0,0.0,0.1,0.0732,0.5263
SSI,2022-07-06,15:07:02,HOSE,STOCK,19.7,21.05,18.35,19.2,19.8,18.9,19.0,19.29,14.064,14.503,13.844,13.917,14.13,15164800.0,292536895000.0,0.0,0.0,-0.7,-0.5127,-3.5533
SSI,2022-07-05,15:07:02,HOSE,STOCK,20.2,21.6,18.8,20.15,20.35,19.7,19.7,20.04,14.76,14.906,14.43,14.43,14.679,14220100.0,284903230000.0,0.0,0.0,-0.5,-0.3662,-2.4752
SSI,2022-07-04,15:07:03,HOSE,STOCK,19.7,21.05,18.35,20.05,20.6,19.95,20.2,20.35,14.686,15.089,14.613,14.796,14.906,19712000.0,401072475000.0,0.0,0.0,0.5,0.3662,2.5381
SSI,2022-07-01,15:07:02,HOSE,STOCK,18.8,20.1,17.5,18.65,19.8,17.95,19.7,18.88,13.661,14.503,13.148,14.43,13.829,15527500.0,293197845000.0,0.0,0.0,0.9,0.6592,4.7872
SSI,2022-06-30,15:06:03,HOSE,STOCK,19.75,21.1,18.4,19.7,19.85,18.8,18.8,19.37,14.43,14.54,13.771,13.771,14.188,13242100.0,256510005000.0,0.0,0.0,-0.95,-0.6959,-4.8101
SSI,2022-06-29,15:06:02,HOSE,STOCK,19.6,20.95,18.25,19.3,20.2,19.2,19.75,19.83,14.137,14.796,14.064,14.467,14.525,14242800.0,282422020000.0,0.0,0.0,0.15,0.1099,0.7653
SSI,2022-06-28,15:06:02,HOSE,STOCK,19.85,21.2,18.5,19.9,19.95,19.45,19.6,19.7,14.576,14.613,14.247,14.357,14.43,13211000.0,260311085000.0,0.0,0.0,-0.25,-0.1831,-1.2594
SSI,2022-06-27,15:06:04,HOSE,STOCK,18.6,19.9,17.3,18.75,19.85,18.6,19.85,19.23,13.734,14.54,13.624,14.54,14.086,13895600.0,267180400000.0,0.0,0.0,1.25,0.9156,6.7204
SSI,2022-06-24,15:06:03,HOSE,STOCK,18.5,19.75,17.25,18.4,19.1,18.35,18.6,18.72,13.478,13.99,13.441,13.624,13.712,11929000.0,223367360000.0,0.0,0.0,0.1,0.0732,0.5405
SSI,2022-06-23,15:06:02,HOSE,STOCK,17.7,18.9,16.5,18.0,18.5,17.9,18.5,18.12,13.185,13.551,13.111,13.551,13.273,13697300.0,248224705000.0,0.0,0.0,0.8,0.586,4.5198
SSI,2022-06-22,15:06:04,HOSE,STOCK,16.55,17.7,15.4,17.7,17.7,17.5,17.7,17.69,12.965,12.965,12.818,12.965,12.958,11892500.0,210411120000.0,0.0,0.0,1.15,0.8424,6.9486
SSI,2022-06-21,15:06:02,HOSE,STOCK,19.2,20.5,17.9,18.35,19.9,18.05,18.3,18.85,12.143,13.168,11.944,12.11,12.474,24985100.0,470982670000.0,0.0,0.0,-0.9,-0.5956,-4.6875
SSI,2022-06-20,15:06:02,HOSE,STOCK,20.6,22.0,19.2,20.65,21.3,19.2,19.2,19.77,13.665,14.095,12.705,12.705,13.082,18264500.0,361161100000.0,0.0,0.0,-1.4,-0.9264,-6.7961
SSI,2022-06-17,15:06:04,HOSE,STOCK,22.15,23.7,20.6,20.85,21.5,20.6,20.6,20.68,13.797,14.227,13.632,13.632,13.684,20938200.0,433098780000.0,0.0,0.0,-1.55,-1.0257,-6.9977
SSI,2022-06-16,15:06:04,HOSE,STOCK,22.65,24.2,21.1,23.4,23.4,21.95,22.15,22.83,15.484,15.484,14.525,14.657,15.107,13558700.0,309586795000.0,0.0,0.0,-0.5,-0.3309,-2.2075
SSI,2022-06-15,15:06:05,HOSE,STOCK,24.35,26.05,22.65,24.5,24.75,22.65,22.65,23.09,16.212,16.378,14.988,14.988,15.279,19494300.0,450076865000.0,0.0,0.0,-1.7,-1.1249,-6.9815
SSI,2022-06-14,15:06:04,HOSE,STOCK,25.95,27.75,24.15,25.4,25.7,24.15,24.35,24.86,16.808,17.006,15.981,16.113,16.451,18121100.0,450534010000.0,0.0,0.0,-1.6,-1.0588,-6.1657
SSI,2022-06-13,15:06:04,HOSE,STOCK,27.85,29.75,25.95,26.5,27.0,25.95,25.95,26.25,17.536,17.867,17.172,17.172,17.37,20886700.0,548242390000.0,0.0,0.0,-1.9,-1.2573,-6.8223
SSI,2022-06-10,15:06:03,HOSE,STOCK,29.0,31.0,27.0,28.6,29.0,27.85,27.85,28.48,18.925,19.19,18.429,18.429,18.846,15662200.0,445993945000.0,0.0,0.0,-1.15,-0.761,-3.9655
SSI,2022-06-09,15:06:02,HOSE,STOCK,29.3,31.35,27.25,29.35,29.6,28.85,29.0,29.2,19.422,19.587,19.091,19.19,19.322,7971900.0,232779065000.0,0.0,0.0,-0.3,-0.1985,-1.0239
SSI,2022-06-08,15:06:04,HOSE,STOCK,28.2,30.15,26.25,28.5,29.75,28.2,29.3,29.01,18.859,19.686,18.661,19.389,19.197,15160100.0,439866650000.0,0.0,0.0,1.1,0.7279,3.9007
SSI,2022-06-07,15:06:03,HOSE,STOCK,29.0,31.0,27.0,28.7,28.95,27.25,28.2,28.02,18.992,19.157,18.032,18.661,18.542,18575400.0,520470990000.0,0.0,0.0,-0.8,-0.5294,-2.7586
SSI,2022-06-06,15:06:03,HOSE,STOCK,29.25,31.25,27.25,29.55,29.9,28.8,29.0,29.32,19.554,19.786,19.058,19.19,19.402,13164700.0,386007380000.0,0.0,0.0,-0.25,-0.1654,-0.8547
SSI,2022-06-03,15:06:05,HOSE,STOCK,29.0,31.0,27.0,28.8,29.7,28.8,29.25,29.14,19.058,19.653,19.058,19.355,19.283,17260500.0,502984295000.0,0.0,0.0,0.25,0.1654,0.8621
SSI,2022-06-02,15:06:03,HOSE,STOCK,29.55,31.6,27.5,29.6,30.2,28.8,29.0,29.61,19.587,19.984,19.058,19.19,19.594,19231800.0,569449795000.0,0.0,0.0,-0.55,-0.3639,-1.8613
SSI,2022-06-01,15:06:04,HOSE,STOCK,29.65,31.7,27.6,29.5,29.9,28.7,29.55,29.26,19.521,19.786,18.992,19.554,19.362,14547600.0,425702735000.0,0.0,0.0,-0.1,-0.0662,-0.3373
SSI,2022-05-31,15:05:03,HOSE,STOCK,29.9,31.95,27.85,29.4,30.05,29.0,29.65,29.56,19.455,19.885,19.19,19.62,19.561,18324500.0,541683570000.0,0.0,0.0,-0.25,-0.1654,-0.8361
SSI,2022-05-30,15:05:03,HOSE,STOCK,29.9,31.95,27.85,30.05,30.7,29.5,29.9,30.15,19.885,20.315,19.521,19.786,19.951,14626400.0,441001775000.0,0.0,0.0,0.0,0.0,0.0
SSI,2022-05-27,15:05:03,HOSE,STOCK,29.45,31.5,27.4,29.3,30.45,29.25,29.9,29.72,19.389,20.15,19.355,19.786,19.666,21093000.0,626810615000.0,0.0,0.0,0.45,0.2978,1.528
SSI,2022-05-26,15:05:04,HOSE,STOCK,28.8,30.8,26.8,28.9,30.2,28.8,29.45,29.59,19.124,19.984,19.058,19.488,19.58,29090600.0,860672005000.0,0.0,0.0,0.65,0.4301,2.2569
SSI,2022-05-25,15:05:03,HOSE,STOCK,28.1,30.05,26.15,28.1,29.3,28.0,28.8,28.63,18.594,19.389,18.528,19.058,18.945,17343300.0,496538325000.0,0.0,0.0,0.7,0.4632,2.4911
SSI,2022-05-24,15:05:02,HOSE,STOCK,26.5,28.35,24.65,26.4,28.1,25.15,28.1,26.13,17.47,18.594,16.642,18.594,17.291,21835700.0,570583110000.0,0.0,0.0,1.6,1.0587,6.0377
SSI,2022-05-23,15:05:03,HOSE,STOCK,28.45,30.4,26.5,28.5,28.65,26.5,26.5,27.21,18.859,18.958,17.536,17.536,18.006,30832900.0,838974460000.0,0.0,0.0,-1.95,-1.2904,-6.8541
SSI,2022-05-20,15:05:02,HOSE,STOCK,28.5,30.45,26.55,28.8,29.5,28.4,28.45,28.82,19.058,19.521,18.793,18.826,19.071,16547700.0,476921625000.0,0.0,0.0,-0.05,-0.0331,-0.1754
SSI,2022-05-19,15:05:05,HOSE,STOCK,28.65,30.65,26.65,27.6,29.0,27.6,28.5,28.28,18.264,19.19,18.264,18.859,18.714,19089300.0,539869990000.0,0.0,0.0,-0.15,-0.0993,-0.5236
SSI,2022-05-18,15:05:01,HOSE,STOCK,29.15,31.15,27.15,29.2,29.95,28.6,28.65,29.2,19.322,19.819,18.925,18.958,19.322,24752200.0,722763565000.0,0.0,0.0,-0.5,-0.3309,-1.7153
SSI,2022-05-17,15:05:02,HOSE,STOCK,27.3,29.2,25.4,27.0,29.15,26.9,29.15,28.39,17.867,19.289,17.8,19.289,18.786,19673100.0,558441090000.0,0.0,0.0,1.85,1.2242,6.7766
SSI,2022-05-16,15:05:02,HOSE,STOCK,25.8,27.6,24.0,27.4,27.6,27.2,27.3,27.54,18.131,18.264,17.999,18.065,18.224,18681800.0,514455270000.0,0.0,0.0,1.5,0.9926,5.814
SSI,2022-05-13,15:05:03,HOSE,STOCK,25.8,27.6,24.0,26.0,26.6,25.05,25.8,25.91,17.205,17.602,16.576,17.073,17.145,25052800.0,649047465000.0,0.0,0.0,0.0,0.0,0.0
SSI,2022-05-12,15:05:04,HOSE,STOCK,27.7,29.6,25.8,27.25,27.55,25.8,25.8,26.3,18.032,18.231,17.073,17.073,17.403,15874500.0,417506350000.0,0.0,0.0,-1.9,-1.2573,-6.8592
SSI,2022-05-11,15:05:03,HOSE,STOCK,27.9,29.85,25.95,28.05,28.1,27.35,27.7,27.795,18.561,18.594,18.098,18.33,18.393,6152600.0,171008935000.0,0.0,0.0,-0.2,-0.1323,-0.7168
SSI,2022-05-10,15:05:03,HOSE,STOCK,26.85,28.7,25.0,26.0,28.05,25.95,27.9,27.13,17.205,18.561,17.172,18.462,17.953,15410200.0,418072445000.0,0.0,0.0,1.05,0.6948,3.9106
SSI,2022-05-09,15:05:02,HOSE,STOCK,28.85,30.85,26.85,28.45,28.5,26.85,26.85,27.33,18.826,18.859,17.767,17.767,18.085,19409400.0,530370590000.0,0.0,0.0,-2.0,-1.3234,-6.9324
SSI,2022-05-06,15:05:04,HOSE,STOCK,31.0,33.15,28.85,30.0,30.7,28.85,28.85,29.74,19.852,20.315,19.091,19.091,19.68,15138700.0,450190030000.0,0.0,0.0,-2.15,-1.4227,-6.9355
SSI,2022-05-05,15:05:03,HOSE,STOCK,32.0,34.2,29.8,32.5,32.75,30.3,31.0,31.39,21.506,21.672,20.05,20.514,20.772,10130600.0,318013960000.0,0.0,0.0,-1.0,-0.6617,-3.125
SSI,2022-05-04,15:05:03,HOSE,STOCK,33.55,35.85,31.25,33.55,33.8,32.0,32.0,32.88,22.201,22.366,21.175,21.175,21.758,7448400.0,244934325000.0,0.0,0.0,-1.55,-1.0257,-4.62
SSI,2022-04-29,15:04:02,HOSE,STOCK,33.5,35.8,31.2,33.5,34.2,33.15,33.55,33.56,22.168,22.631,21.936,22.201,22.208,9311700.0,312472910000.0,0.0,0.0,0.05,0.0331,0.1493
SSI,2022-04-28,15:04:02,HOSE,STOCK,34.4,36.8,32.0,34.3,34.65,33.3,33.5,34.0,22.697,22.929,22.035,22.168,22.499,6207900.0,211093155000.0,0.0,0.0,-0.9,-0.5956,-2.6163
SSI,2022-04-27,15:04:04,HOSE,STOCK,34.5,36.9,32.1,34.25,34.6,33.7,34.4,34.15,22.664,22.896,22.3,22.763,22.598,5114300.0,174660890000.0,0.0,0.0,-0.1,-0.0662,-0.2899
SSI,2022-04-26,15:04:03,HOSE,STOCK,33.55,35.85,31.25,32.5,34.5,31.35,34.5,32.99,21.506,22.83,20.745,22.83,21.83,12730000.0,419940880000.0,0.0,0.0,0.95,0.6287,2.8316
SSI,2022-04-25,15:04:03,HOSE,STOCK,36.05,38.55,33.55,36.0,36.25,33.55,33.55,34.32,23.822,23.988,22.201,22.201,22.71,11146000.0,382585450000.0,0.0,0.0,-2.5,-1.6543,-6.9348
SSI,2022-04-22,15:04:04,HOSE,STOCK,36.05,38.55,33.55,36.5,36.65,35.0,36.05,36.07,24.153,24.252,23.16,23.855,23.868,7077100.0,255286990000.0,0.0,0.0,0.0,0.0,0.0
SSI,2022-04-21,15:04:02,HOSE,STOCK,35.2,37.65,32.75,34.6,36.8,34.5,36.05,35.69,22.896,24.352,22.83,23.855,23.617,12545000.0,447749845000.0,0.0,0.0,0.85,0.5625,2.4148
SSI,2022-04-20,15:04:02,HOSE,STOCK,35.0,37.45,32.55,34.95,36.0,34.7,35.2,35.31,23.127,23.822,22.962,23.293,23.366,10151300.0,358456540000.0,0.0,0.0,0.2,0.1323,0.5714
SSI,2022-04-19,15:04:03,HOSE,STOCK,37.5,40.1,34.9,37.6,38.4,35.0,35.0,36.68,24.881,25.41,23.16,23.16,24.272,12058200.0,442245210000.0,0.0,0.0,-2.5,-1.6543,-6.6667
SSI,2022-04-18,15:04:03,HOSE,STOCK,40.0,42.8,37.2,39.3,40.0,37.2,37.5,37.98,26.006,26.469,24.616,24.815,25.132,16501500.0,626780030000.0,0.0,0.0,-2.5,-1.6543,-6.25
SSI,2022-04-15,15:04:02,HOSE,STOCK,42.0,44.9,39.1,41.8,42.1,39.85,40.0,40.96,27.66,27.859,26.37,26.469,27.104,9691100.0,396986420000.0,0.0,0.0,-2.0,-1.3235,-4.7619
SSI,2022-04-14,15:04:02,HOSE,STOCK,42.55,45.5,39.6,42.95,42.95,41.9,42.0,42.41,28.421,28.421,27.726,27.792,28.064,4295500.0,182156075000.0,0.0,0.0,-0.55,-0.3639,-1.2926
SSI,2022-04-13,15:04:02,HOSE,STOCK,41.8,44.7,38.9,42.0,42.75,40.9,42.55,41.78,27.792,28.289,27.065,28.156,27.647,8424200.0,351942195000.0,0.0,0.0,0.75,0.4963,1.7943
SSI,2022-04-12,15:04:02,HOSE,STOCK,43.0,46.0,40.0,43.1,43.4,41.6,41.8,42.23,28.52,28.719,27.528,27.66,27.945,7028900.0,296807280000.0,0.0,0.0,-1.2,-0.7941,-2.7907
SSI,2022-04-08,15:04:02,HOSE,STOCK,44.05,47.1,41.0,44.0,44.25,43.0,43.0,43.51,29.116,29.281,28.454,28.454,28.792,7310200.0,318076705000.0,0.0,0.0,-1.05,-0.6948,-2.3837
SSI,2022-04-07,15:04:01,HOSE,STOCK,44.6,47.7,41.5,44.6,45.35,44.05,44.05,44.63,29.513,30.009,29.149,29.149,29.533,9640400.0,430210305000.0,0.0,0.0,-0.55,-0.3639,-1.2332
SSI,2022-04-06,15:04:02,HOSE,STOCK,44.3,47.4,41.2,43.7,44.9,43.7,44.6,44.43,28.917,29.711,28.917,29.513,29.4,8151700.0,362185915000.0,0.0,0.0,0.3,0.1985,0.6772
SSI,2022-04-05,15:04:02,HOSE,STOCK,45.0,48.15,41.85,44.8,45.4,44.25,44.3,44.91,29.645,30.042,29.281,29.314,29.718,7217300.0,324158540000.0,0.0,0.0,-0.7,-0.4632,-1.5556
SSI,2022-04-04,15:04:02,HOSE,STOCK,42.9,45.9,39.9,43.5,45.05,43.1,45.0,44.56,28.785,29.811,28.52,29.778,29.487,14810300.0,659932620000.0,0.0,0.0,2.1,1.3896,4.8951
SSI,2022-04-01,15:04:01,HOSE,STOCK,42.0,44.9,39.1,42.0,42.9,41.4,42.9,42.09,27.792,28.388,27.395,28.388,27.852,7804400.0,328448825000.0,0.0,0.0,0.9,0.5956,2.1429
SSI,2022-03-31,15:03:04,HOSE,STOCK,42.3,45.25,39.35,42.8,42.8,42.0,42.0,42.35,28.322,28.322,27.792,27.792,28.024,4239600.0,179540705000.0,0.0,0.0,-0.3,-0.1985,-0.7092
SSI,2022-03-30,15:03:02,HOSE,STOCK,42.65,45.6,39.7,42.1,43.2,42.05,42.3,42.71,27.859,28.587,27.826,27.991,28.262,6997900.0,298873685000.0,0.0,0.0,-0.35,-0.2316,-0.8206
SSI,2022-03-29,15:03:03,HOSE,STOCK,42.25,45.2,39.3,42.9,42.9,42.6,42.65,42.71,28.388,28.388,28.19,28.223,28.262,4100800.0,175163060000.0,0.0,0.0,0.4,0.2647,0.9467
SSI,2022-03-28,15:03:04,HOSE,STOCK,43.45,46.45,40.45,42.9,43.25,41.8,42.25,42.64,28.388,28.62,27.66,27.958,28.216,10391600.0,443086110000.0,0.0,0.0,-1.2,-0.7941,-2.7618
SSI,2022-03-25,15:03:03,HOSE,STOCK,43.8,46.85,40.75,43.75,43.95,43.3,43.45,43.58,28.951,29.083,28.653,28.752,28.838,7927800.0,345521600000.0,0.0,0.0,-0.35,-0.2316,-0.7991
SSI,2022-03-24,15:03:03,HOSE,STOCK,44.2,47.25,41.15,44.45,44.45,43.75,43.8,44.0,29.414,29.414,28.951,28.984,29.116,7095000.0,312169775000.0,0.0,0.0,-0.4,-0.2647,-0.905
SSI,2022-03-23,15:03:02,HOSE,STOCK,44.35,47.45,41.25,44.5,44.7,44.2,44.2,44.44,29.447,29.579,29.248,29.248,29.407,6329400.0,281290240000.0,0.0,0.0,-0.15,-0.0993,-0.3382
SSI,2022-03-22,15:03:03,HOSE,STOCK,44.3,47.4,41.2,44.3,44.8,44.2,44.35,44.55,29.314,29.645,29.248,29.348,29.48,6005800.0,267549495000.0,0.0,0.0,0.05,0.0331,0.1129
SSI,2022-03-21,15:03:02,HOSE,STOCK,43.8,46.85,40.75,44.3,44.45,43.8,44.3,44.01,29.314,29.414,28.984,29.314,29.123,6957300.0,306203665000.0,0.0,0.0,0.5,0.3309,1.1416
SSI,2022-03-18,15:03:02,HOSE,STOCK,43.8,46.85,40.75,43.95,44.5,43.7,43.8,43.98,29.083,29.447,28.917,28.984,29.103,7818900.0,343892060000.0,0.0,0.0,0.0,0.0,0.0
SSI,2022-03-17,15:03:02,HOSE,STOCK,43.8,46.85,40.75,44.45,44.45,43.8,43.8,44.12,29.414,29.414,28.984,28.984,29.195,4717000.0,208133605000.0,0.0,0.0,0.0,0.0,0.0
SSI,2022-03-16,15:03:04,HOSE,STOCK,43.3,46.3,40.3,43.5,44.45,43.4,43.8,43.87,28.785,29.414,28.719,28.984,29.03,7098600.0,311417405000.0,0.0,0.0,0.5,0.3309,1.1547
SSI,2022-03-15,15:03:03,HOSE,STOCK,43.2,46.2,40.2,43.05,44.1,43.0,43.3,43.42,28.487,29.182,28.454,28.653,28.732,7812500.0,339199370000.0,0.0,0.0,0.1,0.0662,0.2315
SSI,2022-03-14,15:03:04,HOSE,STOCK,45.0,48.15,41.85,44.6,44.8,42.9,43.2,43.63,29.513,29.645,28.388,28.587,28.871,16641300.0,726104455000.0,0.0,0.0,-1.8,-1.1911,-4.0
SSI,2022-03-11,15:03:03,HOSE,STOCK,46.6,49.85,43.35,46.2,46.5,44.7,45.0,45.52,30.572,30.77,29.579,29.778,30.122,16762700.0,763103570000.0,0.0,0.0,-1.6,-1.0588,-3.4335
SSI,2022-03-10,15:03:03,HOSE,STOCK,46.6,49.85,43.35,47.8,47.8,46.6,46.6,47.15,31.631,31.631,30.836,30.836,31.2,8503400.0,400971425000.0,0.0,0.0,0.0,0.0,0.0
SSI,2022-03-09,15:03:03,HOSE,STOCK,47.0,50.2,43.75,47.3,47.5,45.9,46.6,46.73,31.3,31.432,30.373,30.836,30.922,12310400.0,575243130000.0,0.0,0.0,-0.4,-0.2647,-0.8511
SSI,2022-03-08,15:03:02,HOSE,STOCK,46.8,50.0,43.55,46.5,48.2,46.1,47.0,47.58,30.77,31.895,30.506,31.101,31.485,24333500.0,1157760030000.0,0.0,0.0,0.2,0.1323,0.4274
SSI,2022-03-07,15:03:03,HOSE,STOCK,46.6,49.85,43.35,46.1,46.85,45.75,46.8,46.45,30.506,31.002,30.274,30.969,30.737,11608800.0,539190165000.0,0.0,0.0,0.2,0.1323,0.4292
SSI,2022-03-04,15:03:03,HOSE,STOCK,45.5,48.65,42.35,46.0,47.4,45.95,46.6,46.84,30.439,31.366,30.406,30.836,30.995,20515200.0,960997195000.0,0.0,0.0,1.1,0.7279,2.4176
SSI,2022-03-03,15:03:04,HOSE,STOCK,44.8,47.9,41.7,45.0,45.5,44.5,45.5,44.92,29.778,30.109,29.447,30.109,29.725,8443700.0,379290695000.0,0.0,0.0,0.7,0.4632,1.5625
SSI,2022-03-02,15:03:03,HOSE,STOCK,46.0,49.2,42.8,45.6,45.85,44.55,44.8,45.18,30.175,30.34,29.48,29.645,29.897,12606700.0,569532405000.0,0.0,0.0,-1.2,-0.7941,-2.6087
SSI,2022-03-01,15:03:04,HOSE,STOCK,45.7,48.85,42.55,46.0,46.3,45.4,46.0,45.8,30.439,30.638,30.042,30.439,30.307,8804700.0,403215445000.0,0.0,0.0,0.3,0.1985,0.6565
SSI,2022-02-28,15:02:03,HOSE,STOCK,45.7,48.85,42.55,45.8,46.6,45.65,45.7,45.99,30.307,30.836,30.208,30.241,30.433,7527000.0,346144905000.0,0.0,0.0,0.0,0.0,0.0
SSI,2022-02-25,15:02:04,HOSE,STOCK,44.6,47.7,41.5,45.0,46.55,44.8,45.7,45.8,29.778,30.803,29.645,30.241,30.307,15679600.0,718200280000.0,0.0,0.0,1.1,0.7279,2.4664
SSI,2022-02-24,15:02:03,HOSE,STOCK,45.3,48.45,42.15,45.1,46.0,43.45,44.6,44.8,29.844,30.439,28.752,29.513,29.645,12752500.0,571305140000.0,0.0,0.0,-0.7,-0.4632,-1.5453
SSI,2022-02-23,15:02:03,HOSE,STOCK,45.0,48.15,41.85,45.2,45.6,45.2,45.3,45.43,29.91,30.175,29.91,29.976,30.062,5632600.0,255887850000.0,0.0,0.0,0.3,0.1985,0.6667
SSI,2022-02-22,15:02:02,HOSE,STOCK,46.0,49.2,42.8,45.3,45.7,44.5,45.0,45.06,29.976,30.241,29.447,29.778,29.817,7703800.0,347156485000.0,0.0,0.0,-1.0,-0.6617,-2.1739
SSI,2022-02-21,15:02:03,HOSE,STOCK,45.2,48.35,42.05,45.3,46.4,45.3,46.0,45.98,29.976,30.704,29.976,30.439,30.426,10975700.0,504711500000.0,0.0,0.0,0.8,0.5294,1.7699
SSI,2022-02-18,15:02:03,HOSE,STOCK,45.0,48.15,41.85,44.5,45.8,44.4,45.2,45.06,29.447,30.307,29.381,29.91,29.817,9386200.0,422959350000.0,0.0,0.0,0.2,0.1323,0.4444
SSI,2022-02-17,15:02:03,HOSE,STOCK,44.9,48.0,41.8,44.8,45.15,44.8,45.0,44.95,29.645,29.877,29.645,29.778,29.745,5870700.0,263913665000.0,0.0,0.0,0.1,0.0662,0.2227
SSI,2022-02-16,15:02:03,HOSE,STOCK,44.2,47.25,41.15,44.7,45.1,44.3,44.9,44.82,29.579,29.844,29.314,29.711,29.659,4864700.0,218038875000.0,0.0,0.0,0.7,0.4632,1.5837
SSI,2022-02-15,15:02:03,HOSE,STOCK,43.6,46.65,40.55,44.2,44.7,43.35,44.2,44.01,29.248,29.579,28.686,29.248,29.123,5733800.0,252356720000.0,0.0,0.0,0.6,0.397,1.3761
SSI,2022-02-14,15:02:02,HOSE,STOCK,45.1,48.25,41.95,44.5,44.7,43.6,43.6,44.17,29.447,29.579,28.851,28.851,29.228,10485300.0,463135050000.0,0.0,0.0,-1.5,-0.9926,-3.3259
SSI,2022-02-11,15:02:05,HOSE,STOCK,45.1,48.25,41.95,45.0,45.65,44.8,45.1,45.16,29.778,30.208,29.645,29.844,29.884,5557600.0,250997045000.0,0.0,0.0,0.0,0.0,0.0
SSI,2022-02-10,15:02:04,HOSE,STOCK,45.7,48.85,42.55,45.8,45.9,44.6,45.1,45.36,30.307,30.373,29.513,29.844,30.016,6996200.0,317328130000.0,0.0,0.0,-0.6,-0.397,-1.3129
SSI,2022-02-09,15:02:03,HOSE,STOCK,45.65,48.8,42.5,45.3,46.3,45.3,45.7,45.93,29.976,30.638,29.976,30.241,30.393,8230800.0,378061765000.0,0.0,0.0,0.05,0.0331,0.1095
SSI,2022-02-08,15:02:03,HOSE,STOCK,45.85,49.05,42.65,45.5,46.1,45.0,45.65,45.54,30.109,30.506,29.778,30.208,30.135,6658100.0,303202655000.0,0.0,0.0,-0.2,-0.1323,-0.4362
SSI,2022-02-07,15:02:03,HOSE,STOCK,45.05,48.2,41.9,46.0,46.9,45.3,45.85,45.94,30.439,31.035,29.976,30.34,30.4,9690500.0,445188555000.0,0.0,0.0,0.8,0.5294,1.7758
SSI,2022-01-28,15:01:03,HOSE,STOCK,43.4,46.4,40.4,43.3,45.05,43.2,45.05,44.26,28.653,29.811,28.587,29.811,29.288,7793600.0,344939205000.0,0.0,0.0,1.65,1.0919,3.8018
SSI,2022-01-27,15:01:04,HOSE,STOCK,42.45,45.4,39.5,42.5,44.5,42.1,43.4,43.45,28.123,29.447,27.859,28.719,28.752,7544500.0,327814170000.0,0.0,0.0,0.95,0.6286,2.2379
SSI,2022-01-26,15:01:03,HOSE,STOCK,42.8,45.75,39.85,43.0,43.4,42.4,42.45,42.92,28.454,28.719,28.057,28.09,28.401,8416100.0,361245975000.0,0.0,0.0,-0.35,-0.2316,-0.8178
SSI,2022-01-25,15:01:03,HOSE,STOCK,41.45,44.35,38.55,41.0,42.9,40.9,42.8,41.91,27.131,28.388,27.065,28.322,27.733,10236600.0,429038425000.0,0.0,0.0,1.35,0.8933,3.2569
SSI,2022-01-24,15:01:03,HOSE,STOCK,44.55,47.65,41.45,43.8,44.3,41.45,41.45,42.26,28.984,29.314,27.429,27.429,27.965,18790500.0,793994135000.0,0.0,0.0,-3.1,-2.0514,-6.9585
SSI,2022-01-21,15:01:02,HOSE,STOCK,45.7,48.85,42.55,45.2,45.6,44.2,44.55,44.93,29.91,30.175,29.248,29.48,29.731,8527900.0,383190785000.0,0.0,0.0,-1.15,-0.761,-2.5164
SSI,2022-01-20,15:01:03,HOSE,STOCK,45.2,48.35,42.05,45.4,46.2,44.45,45.7,45.17,30.042,30.572,29.414,30.241,29.89,9055600.0,409030700000.0,0.0,0.0,0.5,0.3309,1.1062
SSI,2022-01-19,15:01:02,HOSE,STOCK,42.3,45.25,39.35,43.9,45.2,43.35,45.2,44.07,29.05,29.91,28.686,29.91,29.162,11085500.0,488587305000.0,0.0,0.0,2.9,1.919,6.8558
SSI,2022-01-18,15:01:03,HOSE,STOCK,45.3,48.45,42.15,44.3,45.1,42.15,42.3,43.72,29.314,29.844,27.892,27.991,28.931,15992300.0,699221410000.0,0.0,0.0,-3.0,-1.9852,-6.6225
SSI,2022-01-17,15:01:03,HOSE,STOCK,48.7,52.1,45.3,48.5,48.9,45.3,45.3,46.29,32.094,32.358,29.976,29.976,30.631,32346300.0,1497218290000.0,0.0,0.0,-3.4,-2.2499,-6.9815
SSI,2022-01-14,15:01:03,HOSE,STOCK,48.85,52.2,45.45,48.45,49.45,48.3,48.7,48.85,32.061,32.722,31.961,32.226,32.325,6678400.0,326231380000.0,0.0,0.0,-0.15,-0.0993,-0.3071
SSI,2022-01-13,15:01:02,HOSE,STOCK,50.5,54.0,47.0,51.0,51.1,48.85,48.85,49.85,33.748,33.814,32.325,32.325,32.987,11392500.0,567936850000.0,0.0,0.0,-1.65,-1.0918,-3.2673
SSI,2022-01-12,15:01:03,HOSE,STOCK,48.1,51.4,44.75,48.5,50.5,48.1,50.5,49.23,32.094,33.417,31.829,33.417,32.577,15464300.0,761336370000.0,0.0,0.0,2.4,1.5881,4.9896
SSI,2022-01-11,15:01:02,HOSE,STOCK,49.55,53.0,46.1,49.7,50.6,48.0,48.1,49.1,32.888,33.483,31.763,31.829,32.491,15601500.0,765971200000.0,0.0,0.0,-1.45,-0.9595,-2.9263
SSI,2022-01-10,15:01:03,HOSE,STOCK,51.6,55.2,48.0,51.6,52.0,49.55,49.55,50.77,34.145,34.41,32.789,32.789,33.596,17471200.0,886967150000.0,0.0,0.0,-2.05,-1.3566,-3.9729
SSI,2022-01-07,15:01:02,HOSE,STOCK,51.9,55.5,48.3,51.7,52.5,51.2,51.6,51.67,34.211,34.741,33.88,34.145,34.191,13974400.0,722016030000.0,0.0,0.0,-0.3,-0.1985,-0.578
SSI,2022-01-06,15:01:03,HOSE,STOCK,52.8,56.4,49.15,52.4,53.0,51.9,51.9,52.39,34.674,35.071,34.344,34.344,34.668,13248000.0,694083570000.0,0.0,0.0,-0.9,-0.5956,-1.7045
SSI,2022-01-05,15:01:03,HOSE,STOCK,53.0,56.7,49.3,53.0,53.9,52.5,52.8,53.09,35.071,35.667,34.741,34.939,35.131,15701400.0,833634960000.0,0.0,0.0,-0.2,-0.1323,-0.3774
SSI,2022-01-04,15:01:02,HOSE,STOCK,51.8,55.4,48.2,52.5,53.4,51.9,53.0,52.65,34.741,35.336,34.344,35.071,34.84,16445000.0,865814680000.0,0.0,0.0,1.2,0.7941,2.3166
SSI,2021-12-31,15:12:02,HOSE,STOCK,52.6,56.2,48.95,52.9,53.0,51.6,51.8,52.11,35.005,35.071,34.145,34.277,34.483,9609300.0,500751620000.0,0.0,0.0,-0.8,-0.5294,-1.5209
SSI,2021-12-30,15:12:03,HOSE,STOCK,49.65,53.1,46.2,50.2,52.8,50.1,52.6,51.73,33.219,34.939,33.152,34.807,34.231,16605600.0,859050550000.0,0.0,0.0,2.95,1.9521,5.9416
SSI,2021-12-29,15:12:02,HOSE,STOCK,48.8,52.2,45.4,48.9,50.4,48.1,49.65,49.36,32.358,33.351,31.829,32.855,32.663,9809600.0,484198185000.0,0.0,0.0,0.85,0.5625,1.7418
SSI,2021-12-28,15:12:02,HOSE,STOCK,49.15,52.5,45.75,49.3,49.55,48.8,48.8,49.16,32.623,32.789,32.292,32.292,32.53,9860100.0,484693300000.0,0.0,0.0,-0.35,-0.2316,-0.7121
SSI,2021-12-27,15:12:02,HOSE,STOCK,49.05,52.4,45.65,49.95,49.95,49.0,49.15,49.31,33.053,33.053,32.425,32.524,32.63,6529300.0,321987400000.0,0.0,0.0,0.1,0.0662,0.2039
SSI,2021-12-24,15:12:02,HOSE,STOCK,49.0,52.4,45.6,49.2,49.95,48.4,49.05,49.16,32.557,33.053,32.028,32.458,32.53,8847400.0,434931590000.0,0.0,0.0,0.05,0.0331,0.102
SSI,2021-12-23,15:12:04,HOSE,STOCK,51.1,54.6,47.55,50.8,50.9,48.0,49.0,49.56,33.616,33.682,31.763,32.425,32.795,26281600.0,1302596470000.0,0.0,0.0,-2.1,-1.3896,-4.1096
SSI,2021-12-22,15:12:02,HOSE,STOCK,52.5,56.1,48.85,52.5,52.8,50.8,51.1,51.54,34.741,34.939,33.616,33.814,34.105,22770800.0,1173710250000.0,0.0,0.0,-1.4,-0.9264,-2.6667
SSI,2021-12-21,15:12:02,HOSE,STOCK,53.5,57.2,49.8,53.1,53.7,52.5,52.5,52.95,35.138,35.535,34.741,34.741,35.038,12291900.0,650904520000.0,0.0,0.0,-1.0,-0.6617,-1.8692
SSI,2021-12-20,15:12:02,HOSE,STOCK,52.5,56.1,48.85,52.5,54.5,52.1,53.5,53.62,34.741,36.064,34.476,35.402,35.482,18584000.0,996481440000.0,0.0,0.0,1.0,0.6617,1.9048
SSI,2021-12-17,15:12:03,HOSE,STOCK,50.9,54.4,47.35,51.0,52.9,50.9,52.5,51.87,33.748,35.005,33.682,34.741,34.324,16143000.0,837294060000.0,0.0,0.0,1.6,1.0588,3.1434
SSI,2021-12-16,15:12:03,HOSE,STOCK,51.7,55.3,48.1,51.9,52.0,50.5,50.9,51.02,34.344,34.41,33.417,33.682,33.761,22318500.0,1138643790000.0,0.0,0.0,-0.8,-0.5294,-1.5474
SSI,2021-12-15,15:12:03,HOSE,STOCK,52.7,56.3,49.05,52.5,53.1,51.7,51.7,52.26,34.741,35.138,34.211,34.211,34.582,13911100.0,726932970000.0,0.0,0.0,-1.0,-0.6617,-1.8975
SSI,2021-12-14,15:12:03,HOSE,STOCK,53.4,57.1,49.7,53.3,53.9,52.6,52.7,53.09,35.27,35.667,34.807,34.873,35.131,14532300.0,771467380000.0,0.0,0.0,-0.7,-0.4632,-1.3109
SSI,2021-12-13,15:12:02,HOSE,STOCK,53.0,56.7,49.3,53.2,54.0,52.3,53.4,53.1,35.204,35.733,34.608,35.336,35.138,15527800.0,824551740000.0,0.0,0.0,0.4,0.2647,0.7547
SSI,2021-12-10,15:12:03,HOSE,STOCK,53.8,57.5,50.1,53.7,53.8,52.6,53.0,53.15,35.535,35.601,34.807,35.071,35.171,13984900.0,743259660000.0,0.0,0.0,-0.8,-0.5294,-1.487
SSI,2021-12-09,15:12:03,HOSE,STOCK,51.8,55.4,48.2,51.0,53.8,51.0,53.8,52.1,33.748,35.601,33.748,35.601,34.476,16383100.0,853574540000.0,0.0,0.0,2.0,1.3235,3.861
SSI,2021-12-08,15:12:01,HOSE,STOCK,52.2,55.8,48.55,52.5,52.9,51.8,51.8,52.25,34.741,35.005,34.277,34.277,34.575,13008700.0,679646870000.0,0.0,0.0,-0.4,-0.2647,-0.7663
SSI,2021-12-07,15:12:03,HOSE,STOCK,51.0,54.5,47.45,52.0,52.5,50.8,52.2,51.64,34.41,34.741,33.616,34.542,34.172,15874100.0,819698660000.0,0.0,0.0,1.2,0.7941,2.3529
SSI,2021-12-06,15:12:02,HOSE,STOCK,50.5,54.0,47.0,50.6,52.3,49.0,51.0,50.96,33.483,34.608,32.425,33.748,33.722,31273800.0,1593640000000.0,0.0,0.0,0.5,0.3309,0.9901
SSI,2021-12-03,15:12:06,HOSE,STOCK,54.0,57.7,50.3,54.1,54.4,50.5,50.5,52.4,35.799,35.998,33.417,33.417,34.674,44930900.0,2354240230000.0,0.0,0.0,-3.5,-2.316,-6.4815
SSI,2021-12-02,15:12:03,HOSE,STOCK,55.2,59.0,51.4,55.0,55.8,54.0,54.0,54.95,36.395,36.924,35.733,35.733,36.362,21243400.0,1167422240000.0,0.0,0.0,-1.2,-0.7941,-2.1739
SSI,2021-12-01,15:12:03,HOSE,STOCK,55.9,59.8,52.0,55.5,56.2,54.1,55.2,55.21,36.726,37.189,35.799,36.527,36.534,23255800.0,1283955920000.0,0.0,0.0,-0.7,-0.4632,-1.2522
SSI,2021-11-30,15:11:03,HOSE,STOCK,55.3,59.1,51.5,56.8,57.7,55.0,55.9,56.21,37.586,38.182,36.395,36.99,37.196,23961600.0,1346835200000.0,0.0,0.0,0.6,0.397,1.085
SSI,2021-11-29,15:11:03,HOSE,STOCK,53.5,57.2,49.8,52.5,55.4,52.5,55.3,53.83,34.741,36.66,34.741,36.593,35.621,29749300.0,1601276280000.0,0.0,0.0,1.8,1.1911,3.3645
SSI,2021-11-26,15:11:03,HOSE,STOCK,55.0,58.8,51.2,54.7,55.4,53.0,53.5,54.3,36.196,36.66,35.071,35.402,35.932,30833000.0,1674319170000.0,0.0,0.0,-1.5,-0.9926,-2.7273
SSI,2021-11-25,15:11:02,HOSE,STOCK,53.2,56.9,49.5,53.3,55.5,52.8,55.0,54.27,35.27,36.726,34.939,36.395,35.912,25420300.0,1379634820000.0,0.0,0.0,1.8,1.1911,3.3835
SSI,2021-11-24,15:11:03,HOSE,STOCK,52.0,55.6,48.4,53.0,54.4,52.7,53.2,53.39,35.071,35.998,34.873,35.204,35.33,23397200.0,1249214920000.0,0.0,0.0,1.2,0.7941,2.3077
SSI,2021-11-23,15:11:04,HOSE,STOCK,48.6,52.0,45.2,48.3,52.0,47.9,52.0,49.61,31.961,34.41,31.697,34.41,32.828,37416800.0,1856293755000.0,0.0,0.0,3.4,2.2499,6.9959
SSI,2021-11-22,15:11:04,HOSE,STOCK,48.5,51.8,45.15,48.5,49.9,47.9,48.6,48.94,32.094,33.02,31.697,32.16,32.385,20365200.0,996773675000.0,0.0,0.0,0.1,0.0662,0.2062
SSI,2021-11-19,15:11:05,HOSE,STOCK,49.05,52.4,45.65,50.0,50.8,45.7,48.5,49.34,33.086,33.616,30.241,32.094,32.65,31044500.0,1531760195000.0,0.0,0.0,-0.55,-0.364,-1.1213
SSI,2021-11-18,15:11:03,HOSE,STOCK,45.85,49.05,42.65,48.4,49.05,47.0,49.05,48.66,32.028,32.458,31.101,32.458,32.2,40958900.0,1993261630000.0,0.0,0.0,3.2,2.1175,6.9793
SSI,2021-11-17,15:11:04,HOSE,STOCK,44.75,47.85,41.65,44.8,46.25,44.6,45.85,45.66,29.645,30.605,29.513,30.34,30.214,19988000.0,912634010000.0,0.0,0.0,1.1,0.7279,2.4581
SSI,2021-11-16,15:11:02,HOSE,STOCK,45.8,49.0,42.6,45.2,45.85,44.5,44.75,45.19,29.91,30.34,29.447,29.612,29.903,16351800.0,738970575000.0,0.0,0.0,-1.05,-0.6948,-2.2926
SSI,2021-11-15,15:11:02,HOSE,STOCK,44.6,47.7,41.5,45.5,46.8,45.1,45.8,46.0,30.109,30.969,29.844,30.307,30.439,28456000.0,1308996680000.0,0.0,0.0,1.2,0.7941,2.6906
SSI,2021-11-12,15:11:03,HOSE,STOCK,44.15,47.2,41.1,44.4,45.2,44.05,44.6,44.52,29.381,29.91,29.149,29.513,29.46,12313600.0,548249180000.0,0.0,0.0,0.45,0.2978,1.0193
SSI,2021-11-11,15:11:04,HOSE,STOCK,44.7,47.8,41.6,44.75,45.5,43.25,44.15,44.17,29.612,30.109,28.62,29.215,29.228,24636000.0,1088139935000.0,0.0,0.0,-0.55,-0.3639,-1.2304
SSI,2021-11-10,15:11:02,HOSE,STOCK,44.3,47.4,41.2,44.5,45.7,44.3,44.7,45.08,29.447,30.241,29.314,29.579,29.831,19738700.0,889739435000.0,0.0,0.0,0.4,0.2647,0.9029
SSI,2021-11-09,15:11:05,HOSE,STOCK,44.5,47.6,41.4,44.5,44.8,43.8,44.3,44.23,29.447,29.645,28.984,29.314,29.268,16144000.0,714057645000.0,0.0,0.0,-0.2,-0.1323,-0.4494
SSI,2021-11-08,15:11:03,HOSE,STOCK,42.9,45.9,39.9,43.3,44.95,43.1,44.5,44.05,28.653,29.745,28.52,29.447,29.149,31640500.0,1393803470000.0,0.0,0.0,1.6,1.0588,3.7296
SSI,2021-11-05,15:11:11,HOSE,STOCK,43.0,46.0,40.0,43.3,43.4,42.8,42.9,43.04,28.653,28.719,28.322,28.388,28.481,14206300.0,611433310000.0,0.0,0.0,-0.1,-0.0662,-0.2326
SSI,2021-11-04,15:11:03,HOSE,STOCK,41.7,44.6,38.8,41.8,43.9,41.7,43.0,43.05,27.66,29.05,27.594,28.454,28.487,24896200.0,1071897285000.0,0.0,0.0,1.3,0.8602,3.1175
SSI,2021-11-03,15:11:01,HOSE,STOCK,42.35,45.3,39.4,42.75,42.85,41.4,41.7,42.21,28.289,28.355,27.395,27.594,27.931,18570100.0,783761020000.0,0.0,0.0,-0.65,-0.4301,-1.5348
SSI,2021-11-02,15:11:03,HOSE,STOCK,41.4,44.25,38.55,41.5,42.5,41.4,42.35,42.07,27.462,28.123,27.395,28.024,27.839,18597700.0,782466500000.0,0.0,0.0,0.95,0.6286,2.2947
SSI,2021-11-01,15:11:03,HOSE,STOCK,40.5,43.3,37.7,40.6,41.8,40.5,41.4,41.22,26.866,27.66,26.8,27.395,27.276,23755600.0,979313185000.0,0.0,0.0,0.9,0.5955,2.2222
SSI,2021-10-29,15:10:03,HOSE,STOCK,40.8,43.65,37.95,40.85,41.0,40.2,40.5,40.61,27.032,27.131,26.601,26.8,26.873,11708600.0,475461555000.0,0.0,0.0,-0.3,-0.1985,-0.7353
SSI,2021-10-28,15:10:03,HOSE,STOCK,40.4,43.2,37.6,40.5,41.4,40.25,40.8,40.9,26.8,27.395,26.634,26.998,27.065,12968500.0,530457010000.0,0.0,0.0,0.4,0.2647,0.9901
SSI,2021-10-27,15:10:03,HOSE,STOCK,38.8,41.5,36.1,39.0,40.5,38.9,40.4,39.78,25.807,26.8,25.741,26.734,26.323,12399100.0,493228950000.0,0.0,0.0,1.6,1.0588,4.1237
SSI,2021-10-26,15:10:02,HOSE,STOCK,38.3,40.95,35.65,38.3,38.85,38.0,38.8,38.49,25.344,25.708,25.146,25.675,25.47,8808900.0,339090295000.0,0.0,0.0,0.5,0.3309,1.3055
SSI,2021-10-25,15:10:02,HOSE,STOCK,39.2,41.9,36.5,39.0,39.1,38.1,38.3,38.6,25.807,25.873,25.212,25.344,25.543,15456100.0,596645325000.0,0.0,0.0,-0.9,-0.5956,-2.2959
SSI,2021-10-22,15:10:02,HOSE,STOCK,39.7,42.45,36.95,39.7,39.95,39.05,39.2,39.45,26.271,26.436,25.84,25.94,26.105,11207400.0,442130675000.0,0.0,0.0,-0.5,-0.3309,-1.2594
SSI,2021-10-21,15:10:03,HOSE,STOCK,40.3,43.1,37.5,40.4,40.45,39.7,39.7,39.94,26.734,26.767,26.271,26.271,26.429,10218000.0,408079055000.0,0.0,0.0,-0.6,-0.397,-1.4888
SSI,2021-10-20,15:10:02,HOSE,STOCK,40.9,43.75,38.05,40.9,40.95,39.9,40.3,40.42,27.065,27.098,26.403,26.668,26.747,13477800.0,544751285000.0,0.0,0.0,-0.6,-0.397,-1.467
SSI,2021-10-19,15:10:03,HOSE,STOCK,40.85,43.7,38.0,41.0,41.7,40.8,40.9,41.32,27.131,27.594,26.998,27.065,27.343,8862700.0,366246160000.0,0.0,0.0,0.05,0.0331,0.1224
SSI,2021-10-18,15:10:02,HOSE,STOCK,40.75,43.6,37.9,40.75,41.6,40.25,40.85,40.81,26.965,27.528,26.634,27.032,27.005,11323100.0,462042465000.0,0.0,0.0,0.1,0.0662,0.2454
SSI,2021-10-15,15:10:03,HOSE,STOCK,41.0,43.85,38.15,41.2,41.4,40.7,40.75,40.99,27.263,27.395,26.932,26.965,27.124,6386300.0,261760130000.0,0.0,0.0,-0.25,-0.1654,-0.6098
SSI,2021-10-14,15:10:02,HOSE,STOCK,41.0,43.85,38.15,41.0,41.6,40.65,41.0,41.08,27.131,27.528,26.899,27.131,27.184,10561900.0,433877140000.0,0.0,0.0,0.0,0.0,0.0
SSI,2021-10-13,15:10:02,HOSE,STOCK,41.4,44.25,38.55,41.4,41.75,41.0,41.0,41.32,27.395,27.627,27.131,27.131,27.343,7219600.0,298293195000.0,0.0,0.0,-0.4,-0.2647,-0.9662
SSI,2021-10-12,15:10:02,HOSE,STOCK,41.9,44.8,39.0,41.9,42.15,41.4,41.4,41.66,27.726,27.892,27.395,27.395,27.568,7551900.0,314608715000.0,0.0,0.0,-0.5,-0.3309,-1.1933
SSI,2021-10-11,15:10:02,HOSE,STOCK,40.85,43.7,38.0,41.0,41.9,41.0,41.9,41.48,27.131,27.726,27.131,27.726,27.448,8232600.0,341459665000.0,0.0,0.0,1.05,0.6948,2.5704
SSI,2021-10-08,15:10:03,HOSE,STOCK,40.7,43.5,37.9,40.7,41.2,40.5,40.85,40.81,26.932,27.263,26.8,27.032,27.005,6802700.0,277610140000.0,0.0,0.0,0.15,0.0993,0.3686
SSI,2021-10-07,15:10:02,HOSE,STOCK,39.95,42.7,37.2,40.0,40.95,39.75,40.7,40.41,26.469,27.098,26.304,26.932,26.74,8504400.0,343673970000.0,0.0,0.0,0.75,0.4963,1.8773
SSI,2021-10-06,15:10:03,HOSE,STOCK,40.4,43.2,37.6,40.7,40.75,39.9,39.95,40.07,26.932,26.965,26.403,26.436,26.515,7264600.0,291097190000.0,0.0,0.0,-0.45,-0.2978,-1.1139
SSI,2021-10-05,15:10:02,HOSE,STOCK,38.6,41.3,35.9,39.45,40.7,39.2,40.4,39.96,26.105,26.932,25.94,26.734,26.443,9677500.0,386732575000.0,0.0,0.0,1.8,1.1911,4.6632
SSI,2021-10-04,15:10:01,HOSE,STOCK,39.2,41.9,36.5,39.0,39.1,37.85,38.6,38.37,25.807,25.873,25.046,25.543,25.39,10207600.0,391640170000.0,0.0,0.0,-0.6,-0.397,-1.5306
SSI,2021-10-01,15:10:02,HOSE,STOCK,40.65,43.45,37.85,40.2,40.4,39.2,39.2,39.8,26.601,26.734,25.94,25.94,26.337,10729800.0,427055275000.0,0.0,0.0,-1.45,-0.9595,-3.567
SSI,2021-09-30,15:09:01,HOSE,STOCK,40.1,42.9,37.3,40.3,40.7,40.1,40.65,40.42,26.668,26.932,26.535,26.899,26.747,4365600.0,176461230000.0,0.0,0.0,0.55,0.3639,1.3716
SSI,2021-09-29,15:09:01,HOSE,STOCK,40.6,43.4,37.8,40.5,40.55,39.8,40.1,40.19,26.8,26.833,26.337,26.535,26.595,5520900.0,221868575000.0,0.0,0.0,-0.5,-0.3309,-1.2315
SSI,2021-09-28,15:09:02,HOSE,STOCK,40.0,42.8,37.2,40.0,40.9,39.8,40.6,40.28,26.469,27.065,26.337,26.866,26.654,6877900.0,277017015000.0,0.0,0.0,0.6,0.397,1.5
SSI,2021-09-27,15:09:03,HOSE,STOCK,41.8,44.7,38.9,41.8,41.95,40.0,40.0,40.95,27.66,27.759,26.469,26.469,27.098,10914300.0,446916280000.0,0.0,0.0,-1.8,-1.1911,-4.3062
SSI,2021-09-24,15:09:03,HOSE,STOCK,41.9,44.8,39.0,42.0,42.3,41.75,41.8,41.93,27.792,27.991,27.627,27.66,27.746,5155100.0,216138480000.0,0.0,0.0,-0.1,-0.0662,-0.2387
SSI,2021-09-23,15:09:03,HOSE,STOCK,41.8,44.7,38.9,42.0,42.7,41.8,41.9,42.13,27.792,28.256,27.66,27.726,27.879,5774900.0,243304200000.0,0.0,0.0,0.1,0.0662,0.2392
SSI,2021-09-22,15:09:02,HOSE,STOCK,42.1,45.0,39.2,42.35,42.4,41.65,41.8,41.89,28.024,28.057,27.561,27.66,27.72,6579500.0,275614555000.0,0.0,0.0,-0.3,-0.1985,-0.7126
SSI,2021-09-21,15:09:02,HOSE,STOCK,42.8,45.75,39.85,42.5,42.7,41.8,42.1,42.23,28.123,28.256,27.66,27.859,27.945,9068100.0,382908655000.0,0.0,0.0,-0.7,-0.4632,-1.6355
SSI,2021-09-20,15:09:02,HOSE,STOCK,43.0,46.0,40.0,43.7,43.75,42.75,42.8,43.26,28.917,28.951,28.289,28.322,28.626,7586000.0,328140840000.0,0.0,0.0,-0.2,-0.1323,-0.4651
SSI,2021-09-17,15:09:02,HOSE,STOCK,42.5,45.45,39.55,42.55,43.95,42.3,43.0,43.11,28.156,29.083,27.991,28.454,28.527,14047100.0,605584565000.0,0.0,0.0,0.5,0.3309,1.1765
SSI,2021-09-16,15:09:02,HOSE,STOCK,42.9,45.9,39.9,43.05,43.2,42.35,42.5,42.72,28.487,28.587,28.024,28.123,28.269,4853700.0,207363300000.0,0.0,0.0,-0.4,-0.2647,-0.9324
SSI,2021-09-15,15:09:03,HOSE,STOCK,42.5,45.45,39.55,42.0,43.15,41.9,42.9,42.57,27.792,28.553,27.726,28.388,28.17,7744800.0,329658290000.0,0.0,0.0,0.4,0.2647,0.9412
SSI,2021-09-14,15:09:01,HOSE,STOCK,43.6,46.65,40.55,43.1,43.3,42.5,42.5,42.81,28.52,28.653,28.123,28.123,28.328,8359100.0,357819760000.0,0.0,0.0,-1.1,-0.7279,-2.5229
SSI,2021-09-13,15:09:02,HOSE,STOCK,43.8,46.85,40.75,43.8,43.8,42.7,43.6,43.19,28.984,28.984,28.256,28.851,28.58,12043700.0,520135600000.0,0.0,0.0,-0.2,-0.1323,-0.4566
SSI,2021-09-10,15:09:03,HOSE,STOCK,43.95,47.0,40.9,44.0,44.3,43.6,43.8,43.95,29.116,29.314,28.851,28.984,29.083,10409900.0,457544745000.0,0.0,0.0,-0.15,-0.0993,-0.3413
SSI,2021-09-09,15:09:02,HOSE,STOCK,44.25,47.3,41.2,44.4,45.3,43.75,43.95,44.34,29.381,29.976,28.951,29.083,29.341,20144300.0,893245550000.0,0.0,0.0,-0.3,-0.1985,-0.678
SSI,2021-09-08,15:09:03,HOSE,STOCK,41.4,44.25,38.55,44.25,44.25,44.05,44.25,44.25,29.281,29.281,29.149,29.281,29.281,14560700.0,644281305000.0,0.0,0.0,2.85,1.8859,6.8841
SSI,2021-09-07,15:09:05,HOSE,STOCK,60.0,64.2,55.8,60.5,61.4,59.8,60.4,60.49,27.428,27.836,27.11,27.382,27.423,24553700.0,1485130770000.0,0.0,0.0,0.4,0.1813,0.6667
SSI,2021-09-06,15:09:02,HOSE,STOCK,61.2,65.4,57.0,61.4,61.7,60.0,60.0,60.52,27.836,27.972,27.201,27.201,27.437,17069400.0,1033113500000.0,0.0,0.0,-1.2,-0.544,-1.9608
SSI,2021-09-01,15:09:03,HOSE,STOCK,61.8,66.1,57.5,61.3,62.0,60.9,61.2,61.25,27.79,28.108,27.609,27.745,27.768,9400800.0,575767190000.0,0.0,0.0,-0.6,-0.272,-0.9709
SSI,2021-08-31,15:08:02,HOSE,STOCK,62.4,66.7,58.1,62.9,63.2,61.0,61.8,62.27,28.516,28.652,27.654,28.017,28.23,9650100.0,600897520000.0,0.0,0.0,-0.6,-0.272,-0.9615
SSI,2021-08-30,15:08:04,HOSE,STOCK,61.2,65.4,57.0,61.6,62.5,60.7,62.4,61.79,27.926,28.334,27.518,28.289,28.012,12314000.0,760918370000.0,0.0,0.0,1.2,0.544,1.9608
SSI,2021-08-27,15:08:03,HOSE,STOCK,61.1,65.3,56.9,60.2,61.4,59.8,61.2,60.65,27.292,27.836,27.11,27.745,27.496,10605600.0,643245380000.0,0.0,0.0,0.1,0.0453,0.1637
SSI,2021-08-26,15:08:03,HOSE,STOCK,62.0,66.3,57.7,62.0,62.3,59.7,61.1,60.96,28.108,28.244,27.065,27.7,27.636,12231000.0,745659940000.0,0.0,0.0,-0.9,-0.408,-1.4516
SSI,2021-08-25,15:08:03,HOSE,STOCK,61.2,65.4,57.0,61.2,62.0,60.4,62.0,61.21,27.745,28.108,27.382,28.108,27.749,11074200.0,677853230000.0,0.0,0.0,0.8,0.3627,1.3072
SSI,2021-08-24,15:08:02,HOSE,STOCK,63.4,67.8,59.0,63.0,63.6,59.7,61.2,61.35,28.561,28.833,27.065,27.745,27.813,23297300.0,1429356780000.0,0.0,0.0,-2.2,-0.9974,-3.47
SSI,2021-08-23,15:08:03,HOSE,STOCK,62.5,66.8,58.2,62.5,63.4,61.8,63.4,62.81,28.334,28.742,28.017,28.742,28.475,14406400.0,904913160000.0,0.0,0.0,0.9,0.408,1.44
SSI,2021-08-20,15:08:01,HOSE,STOCK,62.7,67.0,58.4,62.7,63.5,60.7,62.5,62.23,28.425,28.788,27.518,28.334,28.212,26611200.0,1655896310000.0,0.0,0.0,-0.2,-0.0907,-0.319
SSI,2021-08-19,15:08:01,HOSE,STOCK,60.2,64.4,56.0,60.9,62.9,60.8,62.7,61.82,27.609,28.516,27.564,28.425,28.026,15710800.0,971198930000.0,0.0,0.0,2.5,1.1334,4.1528
SSI,2021-08-18,15:08:01,HOSE,STOCK,61.3,65.5,57.1,60.9,62.5,60.2,60.2,61.31,27.609,28.334,27.292,27.292,27.795,17610600.0,1079669220000.0,0.0,0.0,-1.1,-0.4987,-1.7945
SSI,2021-08-17,15:08:02,HOSE,STOCK,62.1,66.4,57.8,61.8,62.2,60.8,61.3,61.5,28.017,28.198,27.564,27.79,27.881,12968000.0,797588750000.0,0.0,0.0,-0.8,-0.3627,-1.2882
SSI,2021-08-16,15:08:01,HOSE,STOCK,59.0,63.1,54.9,61.3,62.5,60.9,62.1,61.76,27.79,28.334,27.609,28.153,27.999,16930200.0,1045590190000.0,0.0,0.0,3.1,1.4054,5.2542
SSI,2021-08-13,15:08:01,HOSE,STOCK,57.7,61.7,53.7,58.0,59.7,57.7,59.0,58.69,26.294,27.065,26.158,26.748,26.607,21481600.0,1260795780000.0,0.0,0.0,1.3,0.5894,2.253
SSI,2021-08-12,15:08:02,HOSE,STOCK,57.7,61.7,53.7,57.4,58.9,57.4,57.7,58.19,26.022,26.702,26.022,26.158,26.38,13641400.0,793753510000.0,0.0,0.0,0.0,0.0,0.0
SSI,2021-08-11,15:08:02,HOSE,STOCK,59.4,63.5,55.3,59.7,59.8,57.7,57.7,58.75,27.065,27.11,26.158,26.158,26.634,17689000.0,1039205610000.0,0.0,0.0,-1.7,-0.7707,-2.862
SSI,2021-08-10,15:08:03,HOSE,STOCK,59.3,63.4,55.2,60.2,60.3,59.0,59.4,59.54,27.292,27.337,26.748,26.929,26.992,12566600.0,748240760000.0,0.0,0.0,0.1,0.0453,0.1686
SSI,2021-08-09,15:08:02,HOSE,STOCK,56.4,60.3,52.5,56.1,60.2,56.1,59.3,58.64,25.433,27.292,25.433,26.884,26.584,22821200.0,1338262250000.0,0.0,0.0,2.9,1.3147,5.1418
SSI,2021-08-06,15:08:04,HOSE,STOCK,57.5,61.5,53.5,57.2,57.7,56.4,56.4,57.09,25.932,26.158,25.569,25.569,25.882,16432800.0,938117250000.0,0.0,0.0,-1.1,-0.4987,-1.913
SSI,2021-08-05,15:08:05,HOSE,STOCK,56.8,60.7,52.9,56.3,57.8,56.1,57.5,57.05,25.524,26.204,25.433,26.068,25.864,12213800.0,696849560000.0,0.0,0.0,0.7,0.3173,1.2324
SSI,2021-08-04,15:08:03,HOSE,STOCK,56.5,60.4,52.6,57.3,57.3,56.2,56.8,56.83,25.977,25.977,25.478,25.75,25.764,11942000.0,678664860000.0,0.0,0.0,0.3,0.136,0.531
SSI,2021-08-03,15:08:02,HOSE,STOCK,55.0,58.8,51.2,54.8,56.5,54.5,56.5,55.39,24.843,25.614,24.707,25.614,25.111,18144400.0,1005107740000.0,0.0,0.0,1.5,0.68,2.7273
SSI,2021-08-02,15:08:02,HOSE,STOCK,54.6,58.4,50.8,54.1,55.6,54.0,55.0,54.93,24.526,25.206,24.481,24.934,24.902,15405800.0,846278890000.0,0.0,0.0,0.4,0.1813,0.7326
SSI,2021-07-30,15:07:01,HOSE,STOCK,54.0,57.7,50.3,54.0,55.0,53.6,54.6,54.36,24.481,24.934,24.299,24.753,24.644,15168400.0,824487310000.0,0.0,0.0,0.6,0.272,1.1111
SSI,2021-07-29,15:07:03,HOSE,STOCK,52.4,56.0,48.75,53.0,54.0,52.7,54.0,53.424,24.027,24.481,23.891,24.481,24.22,12969400.0,692876080000.0,0.0,0.0,1.6,0.7254,3.0534
SSI,2021-07-28,15:07:03,HOSE,STOCK,52.0,55.6,48.4,51.9,53.0,51.8,52.4,52.53,23.529,24.027,23.483,23.755,23.814,7034200.0,369497200000.0,0.0,0.0,0.4,0.1813,0.7692
SSI,2021-07-27,15:07:02,HOSE,STOCK,50.8,54.3,47.25,51.8,53.4,51.6,52.0,52.53,23.483,24.209,23.393,23.574,23.814,14778900.0,776277440000.0,0.0,0.0,1.2,0.544,2.3622
SSI,2021-07-26,15:07:03,HOSE,STOCK,50.6,54.1,47.1,50.6,51.6,50.0,50.8,50.604,22.939,23.393,22.667,23.03,22.941,9710400.0,491388300000.0,0.0,0.0,0.2,0.0907,0.3953
SSI,2021-07-23,15:07:02,HOSE,STOCK,52.2,55.8,48.55,51.8,52.4,50.6,50.6,51.53,23.483,23.755,22.939,22.939,23.361,12283900.0,632928940000.0,0.0,0.0,-1.6,-0.7253,-3.0651
SSI,2021-07-22,15:07:02,HOSE,STOCK,51.5,55.1,47.9,51.2,53.0,51.1,52.2,52.116,23.211,24.027,23.166,23.665,23.627,10004900.0,521414180000.0,0.0,0.0,0.7,0.3173,1.3592
SSI,2021-07-21,15:07:01,HOSE,STOCK,52.7,56.3,49.05,52.6,53.0,51.4,51.5,52.14,23.846,24.027,23.302,23.347,23.638,9507600.0,495722240000.0,0.0,0.0,-1.2,-0.544,-2.277
SSI,2021-07-20,15:07:02,HOSE,STOCK,49.3,52.7,45.85,50.1,52.7,48.8,52.7,50.49,22.713,23.891,22.123,23.891,22.89,15305500.0,772770890000.0,0.0,0.0,3.4,1.5414,6.8966
SSI,2021-07-19,15:07:02,HOSE,STOCK,52.8,56.4,49.15,51.0,51.8,49.3,49.3,50.48,23.121,23.483,22.35,22.35,22.885,16575100.0,836715225000.0,0.0,0.0,-3.5,-1.5867,-6.6288
SSI,2021-07-16,15:07:02,HOSE,STOCK,53.7,57.4,49.95,53.7,53.9,52.7,52.8,53.31,24.345,24.435,23.891,23.937,24.168,10805600.0,576044940000.0,0.0,0.0,-0.9,-0.408,-1.676
SSI,2021-07-15,15:07:01,HOSE,STOCK,51.0,54.5,47.45,50.0,53.7,50.0,53.7,52.14,22.667,24.345,22.667,24.345,23.638,13611900.0,709735810000.0,0.0,0.0,2.7,1.2241,5.2941
SSI,2021-07-14,15:07:02,HOSE,STOCK,51.8,55.4,48.2,51.8,52.1,49.05,51.0,50.68,23.483,23.619,22.237,23.121,22.976,12030700.0,609753505000.0,0.0,0.0,-0.8,-0.3627,-1.5444
SSI,2021-07-13,15:07:02,HOSE,STOCK,49.5,52.9,46.05,50.4,51.8,49.25,51.8,50.3,22.849,23.483,22.327,23.483,22.803,12467000.0,627150830000.0,0.0,0.0,2.3,1.0427,4.6465
SSI,2021-07-12,15:07:01,HOSE,STOCK,52.6,56.2,48.95,51.5,52.5,48.95,49.5,49.48,23.347,23.801,22.191,22.441,22.432,23911200.0,1183135245000.0,0.0,0.0,-3.1,-1.4054,-5.8935
SSI,2021-07-09,15:07:02,HOSE,STOCK,54.4,58.2,50.6,53.7,55.0,52.1,52.6,53.88,24.345,24.934,23.619,23.846,24.426,13645400.0,735237020000.0,0.0,0.0,-1.8,-0.816,-3.3088
SSI,2021-07-08,15:07:02,HOSE,STOCK,54.5,58.3,50.7,54.8,55.5,53.5,54.4,54.58,24.843,25.161,24.254,24.662,24.744,10311700.0,562805370000.0,0.0,0.0,-0.1,-0.0453,-0.1835
SSI,2021-07-07,15:07:01,HOSE,STOCK,52.6,56.2,48.95,53.0,54.5,50.5,54.5,52.88,24.027,24.707,22.894,24.707,23.973,18452600.0,975723750000.0,0.0,0.0,1.9,0.8613,3.6122
SSI,2021-07-06,15:07:02,HOSE,STOCK,56.5,60.4,52.6,56.5,57.8,52.6,52.6,55.99,25.614,26.204,23.846,23.846,25.383,16593800.0,929026320000.0,0.0,0.0,-3.9,-1.768,-6.9027
SSI,2021-07-05,15:07:01,HOSE,STOCK,57.9,61.9,53.9,57.3,57.6,54.8,56.5,56.25,25.977,26.113,24.843,25.614,25.501,18789800.0,1056996830000.0,0.0,0.0,-1.4,-0.6347,-2.418
SSI,2021-07-02,15:07:02,HOSE,STOCK,57.5,61.5,53.5,57.9,59.0,57.0,57.9,57.89,26.249,26.748,25.841,26.249,26.244,12668600.0,733376610000.0,0.0,0.0,0.4,0.1813,0.6957
SSI,2021-07-01,15:07:01,HOSE,STOCK,55.0,58.8,51.2,56.0,58.2,55.4,57.5,56.54,25.388,26.385,25.116,26.068,25.632,13724500.0,775968730000.0,0.0,0.0,2.5,1.1334,4.5455
SSI,2021-06-30,15:06:02,HOSE,STOCK,54.6,58.4,50.8,54.1,55.3,54.0,55.0,54.65,24.526,25.07,24.481,24.934,24.775,11623300.0,635186540000.0,0.0,0.0,0.4,0.1813,0.7326
SSI,2021-06-29,15:06:01,HOSE,STOCK,53.9,57.6,50.2,53.9,55.8,53.6,54.6,54.45,24.435,25.297,24.299,24.753,24.685,10429100.0,567862900000.0,0.0,0.0,0.7,0.3173,1.2987
SSI,2021-06-28,15:06:02,HOSE,STOCK,53.7,57.4,49.95,54.8,54.8,53.2,53.9,53.95,24.843,24.843,24.118,24.435,24.458,9639500.0,520018340000.0,0.0,0.0,0.2,0.0907,0.3724
SSI,2021-06-25,15:06:02,HOSE,STOCK,50.2,53.7,46.7,50.5,53.7,50.4,53.7,52.18,22.894,24.345,22.849,24.345,23.656,23685000.0,1235881860000.0,0.0,0.0,3.5,1.5867,6.9721
SSI,2021-06-24,15:06:02,HOSE,STOCK,49.9,53.3,46.45,50.0,50.5,49.7,50.2,50.05,22.667,22.894,22.531,22.758,22.69,7398300.0,370261105000.0,0.0,0.0,0.3,0.136,0.6012
SSI,2021-06-23,15:06:02,HOSE,STOCK,49.5,52.9,46.05,49.5,50.8,49.2,49.9,50.21,22.441,23.03,22.305,22.622,22.763,9637700.0,483913040000.0,0.0,0.0,0.4,0.1813,0.8081
SSI,2021-06-22,15:06:01,HOSE,STOCK,49.0,52.4,45.6,49.9,49.9,49.1,49.5,49.53,22.622,22.622,22.259,22.441,22.454,9039100.0,447687145000.0,0.0,0.0,0.5,0.2267,1.0204
SSI,2021-06-21,15:06:02,HOSE,STOCK,50.5,54.0,47.0,50.1,50.5,48.9,49.0,49.64,22.713,22.894,22.169,22.214,22.504,12541700.0,622518075000.0,0.0,0.0,-1.5,-0.68,-2.9703
SSI,2021-06-18,15:06:02,HOSE,STOCK,50.5,54.0,47.0,51.5,51.5,50.1,50.5,50.71,23.347,23.347,22.713,22.894,22.989,7798000.0,395428380000.0,0.0,0.0,0.0,0.0,0.0
SSI,2021-06-17,15:06:01,HOSE,STOCK,49.4,52.8,45.95,48.1,51.4,48.1,50.5,49.66,21.806,23.302,21.806,22.894,22.513,10762100.0,534499065000.0,0.0,0.0,1.1,0.4987,2.2267
SSI,2021-06-16,15:06:03,HOSE,STOCK,52.0,55.6,48.4,50.8,51.7,48.95,49.4,50.07,23.03,23.438,22.191,22.395,22.699,22090600.0,1106015815000.0,0.0,0.0,-2.6,-1.1787,-5.0
SSI,2021-06-15,15:06:02,HOSE,STOCK,52.0,55.6,48.4,52.0,53.5,51.5,52.0,52.46,23.574,24.254,23.347,23.574,23.783,14842900.0,778687290000.0,0.0,0.0,0.0,0.0,0.0
SSI,2021-06-14,15:06:03,HOSE,STOCK,50.1,53.6,46.6,50.5,53.6,50.0,53.0,51.74,22.461,23.84,22.239,23.573,23.013,18579800.0,961367540000.0,0.0,0.0,2.9,1.2898,5.7884
SSI,2021-06-11,15:06:02,HOSE,STOCK,47.0,50.2,43.75,46.5,50.2,46.4,50.1,48.93,20.682,22.328,20.638,22.283,21.763,22212500.0,1086758345000.0,0.0,0.0,3.1,1.3788,6.5957
SSI,2021-06-10,15:06:03,HOSE,STOCK,46.7,49.95,43.45,46.7,47.75,46.5,47.0,47.18,20.771,21.238,20.682,20.905,20.985,14900900.0,703034125000.0,0.0,0.0,0.3,0.1334,0.6424
SSI,2021-06-09,15:06:02,HOSE,STOCK,44.0,47.05,40.95,44.6,47.05,43.0,46.7,45.0,19.837,20.927,19.126,20.771,20.015,21306400.0,958730640000.0,0.0,0.0,2.7,1.2009,6.1364
SSI,2021-06-08,15:06:01,HOSE,STOCK,47.15,50.4,43.85,47.0,47.9,44.0,44.0,46.09,20.905,21.305,19.57,19.57,20.5,19617700.0,904113400000.0,0.0,0.0,-3.15,-1.401,-6.6808
SSI,2021-06-07,15:06:03,HOSE,STOCK,48.75,52.1,45.35,48.2,49.3,45.5,47.15,47.17,21.438,21.928,20.237,20.971,20.98,23994300.0,1131768810000.0,0.0,0.0,-1.6,-0.7116,-3.2821
SSI,2021-06-04,15:06:02,HOSE,STOCK,48.75,52.1,45.35,48.8,50.0,48.0,48.75,48.77,21.705,22.239,21.349,21.683,21.692,15977800.0,779174825000.0,0.0,0.0,0.0,0.0,0.0
SSI,2021-06-03,15:06:01,HOSE,STOCK,46.0,49.2,42.8,47.7,49.2,47.0,48.9,48.34,21.216,21.883,20.905,21.75,21.501,14693000.0,710220775000.0,0.0,0.0,2.9,1.2899,6.3043
SSI,2021-06-02,15:06:04,HOSE,STOCK,43.7,46.75,40.65,43.0,46.0,43.0,46.0,44.55,19.126,20.46,19.126,20.46,19.815,16616900.0,740299280000.0,0.0,0.0,2.3,1.023,5.2632
SSI,2021-06-01,15:06:03,HOSE,STOCK,44.4,47.5,41.3,45.0,45.3,43.3,43.7,44.53,20.015,20.149,19.259,19.437,19.806,12399700.0,552219230000.0,0.0,0.0,-0.7,-0.3113,-1.5766
SSI,2021-05-31,15:05:01,HOSE,STOCK,41.8,44.7,38.9,42.4,44.5,42.0,44.4,43.13,18.859,19.793,18.681,19.748,19.183,12192900.0,525825995000.0,0.0,0.0,2.6,1.1564,6.2201
SSI,2021-05-28,15:05:02,HOSE,STOCK,39.6,42.35,36.85,39.9,41.9,39.5,41.8,40.53,17.747,18.636,17.569,18.592,18.027,17028000.0,690155855000.0,0.0,0.0,2.2,0.9785,5.5556
SSI,2021-05-27,15:05:02,HOSE,STOCK,40.95,43.8,38.1,40.95,41.1,39.0,39.6,40.25,18.214,18.28,17.346,17.613,17.902,16156700.0,650310500000.0,0.0,0.0,-1.35,-0.6004,-3.2967
SSI,2021-05-26,15:05:02,HOSE,STOCK,40.9,43.75,38.05,40.8,41.7,40.5,40.95,40.99,18.147,18.547,18.014,18.214,18.232,13254600.0,543320320000.0,0.0,0.0,0.05,0.0222,0.1222
SSI,2021-05-25,15:05:03,HOSE,STOCK,39.8,42.55,37.05,39.8,41.0,39.5,40.9,39.96,17.702,18.236,17.569,18.192,17.773,14778500.0,590571480000.0,0.0,0.0,1.1,0.4893,2.7638
SSI,2021-05-24,15:05:02,HOSE,STOCK,39.0,41.7,36.3,39.2,39.85,38.6,39.8,39.26,17.435,17.724,17.169,17.702,17.462,16564900.0,650310200000.0,0.0,0.0,0.8,0.3558,2.0513
SSI,2021-05-21,15:05:02,HOSE,STOCK,38.5,41.15,35.85,39.0,40.3,38.5,39.0,39.43,17.346,17.925,17.124,17.346,17.538,15936600.0,628409975000.0,0.0,0.0,0.5,0.2224,1.2987
SSI,2021-05-20,15:05:02,HOSE,STOCK,36.0,38.5,33.5,36.15,38.5,36.0,38.5,37.75,16.079,17.124,16.012,17.124,16.79,28128900.0,1061924680000.0,0.0,0.0,2.5,1.1119,6.9444
SSI,2021-05-19,15:05:03,HOSE,STOCK,35.25,37.7,32.8,35.25,36.2,35.0,36.0,35.59,15.679,16.101,15.567,16.012,15.83,16376200.0,582774805000.0,0.0,0.0,0.75,0.3336,2.1277
SSI,2021-05-18,15:05:03,HOSE,STOCK,35.45,37.9,33.0,35.4,35.9,34.9,35.25,35.35,15.745,15.968,15.523,15.679,15.723,11559500.0,408622450000.0,0.0,0.0,-0.2,-0.089,-0.5642
SSI,2021-05-17,15:05:03,HOSE,STOCK,35.3,37.75,32.85,36.0,36.3,35.3,35.45,35.83,16.012,16.146,15.701,15.767,15.936,16948500.0,607264050000.0,0.0,0.0,0.15,0.0667,0.4249
SSI,2021-05-14,15:05:02,HOSE,STOCK,35.05,37.5,32.6,35.35,35.9,35.05,35.3,35.48,15.723,15.968,15.59,15.701,15.781,13050200.0,463048170000.0,0.0,0.0,0.25,0.1112,0.7133
SSI,2021-05-13,15:05:02,HOSE,STOCK,34.8,37.2,32.4,34.4,36.15,34.4,35.05,35.49,15.3,16.079,15.3,15.59,15.785,20974300.0,744397730000.0,0.0,0.0,0.25,0.1112,0.7184
SSI,2021-05-12,15:05:02,HOSE,STOCK,34.2,36.55,31.85,34.0,34.85,34.0,34.8,34.39,15.123,15.501,15.123,15.478,15.296,10131500.0,348429865000.0,0.0,0.0,0.6,0.2669,1.7544
SSI,2021-05-11,15:05:02,HOSE,STOCK,34.7,37.1,32.3,35.0,35.3,34.2,34.2,34.86,15.567,15.701,15.211,15.211,15.505,16042700.0,559231610000.0,0.0,0.0,-0.5,-0.2224,-1.4409
SSI,2021-05-10,15:05:02,HOSE,STOCK,32.7,34.95,30.45,32.5,34.9,32.3,34.7,33.94,14.455,15.523,14.366,15.434,15.096,22718700.0,771147220000.0,0.0,0.0,2.0,0.8896,6.1162
SSI,2021-05-07,15:05:03,HOSE,STOCK,32.85,35.1,30.6,32.5,33.5,32.4,32.7,32.76,14.455,14.9,14.411,14.544,14.571,9370400.0,306962230000.0,0.0,0.0,-0.15,-0.0667,-0.4566
SSI,2021-05-06,15:05:02,HOSE,STOCK,33.6,35.95,31.25,33.5,33.95,32.75,32.85,33.25,14.9,15.1,14.567,14.611,14.789,10716100.0,356261415000.0,0.0,0.0,-0.75,-0.3336,-2.2321
SSI,2021-05-05,15:05:02,HOSE,STOCK,32.9,35.2,30.6,33.1,34.2,32.95,33.6,33.55,14.722,15.211,14.656,14.945,14.922,12386200.0,415551985000.0,0.0,0.0,0.7,0.3114,2.1277
SSI,2021-05-04,15:05:02,HOSE,STOCK,32.6,34.85,30.35,31.8,32.9,31.6,32.9,32.23,14.144,14.633,14.055,14.633,14.335,9998200.0,322199755000.0,0.0,0.0,0.3,0.1334,0.9202
SSI,2021-04-29,15:04:05,HOSE,STOCK,32.1,34.3,29.9,32.1,33.0,32.1,32.6,32.58,14.277,14.678,14.277,14.5,14.491,9170100.0,298721210000.0,0.0,0.0,0.5,0.2224,1.5576
SSI,2021-04-28,15:04:02,HOSE,STOCK,31.8,34.0,29.6,31.8,32.55,31.7,32.1,32.02,14.144,14.478,14.1,14.277,14.242,8752800.0,280293400000.0,0.0,0.0,0.3,0.1334,0.9434
SSI,2021-04-27,15:04:02,HOSE,STOCK,31.7,33.9,29.5,31.7,32.0,31.15,31.8,31.74,14.1,14.233,13.855,14.144,14.117,5350000.0,169802625000.0,0.0,0.0,0.1,0.0445,0.3155
SSI,2021-04-26,15:04:04,HOSE,STOCK,33.0,35.3,30.7,33.0,33.1,31.6,31.7,32.24,14.678,14.722,14.055,14.1,14.34,9931300.0,320160300000.0,0.0,0.0,-1.3,-0.5782,-3.9394
SSI,2021-04-23,15:04:04,HOSE,STOCK,31.75,33.95,29.55,32.0,33.0,31.55,33.0,32.17,14.233,14.678,14.033,14.678,14.309,14676900.0,472096805000.0,0.0,0.0,1.25,0.556,3.937
SSI,2021-04-22,15:04:01,HOSE,STOCK,34.1,36.45,31.75,33.6,34.0,31.75,31.75,33.05,14.945,15.123,14.122,14.122,14.7,14783000.0,488509650000.0,0.0,0.0,-2.35,-1.0453,-6.8915
SSI,2021-04-20,15:04:03,HOSE,STOCK,34.8,37.2,32.4,35.5,35.55,33.9,34.1,34.76,15.79,15.812,15.078,15.167,15.461,14901200.0,517895240000.0,0.0,0.0,-0.7,-0.3113,-2.0115
SSI,2021-04-19,15:04:03,HOSE,STOCK,34.0,36.35,31.65,34.5,34.8,33.8,34.8,34.2,15.345,15.478,15.034,15.478,15.211,11875700.0,406116080000.0,0.0,0.0,0.8,0.3558,2.3529
SSI,2021-04-16,15:04:02,HOSE,STOCK,34.85,37.25,32.45,34.65,35.05,33.3,34.0,34.08,15.412,15.59,14.811,15.123,15.158,18210800.0,620698235000.0,0.0,0.0,-0.85,-0.3781,-2.439
SSI,2021-04-15,15:04:02,HOSE,STOCK,35.95,38.45,33.45,35.95,35.95,34.7,34.85,35.15,15.99,15.99,15.434,15.501,15.634,18715900.0,657896425000.0,0.0,0.0,-1.1,-0.4893,-3.0598
SSI,2021-04-14,15:04:03,HOSE,STOCK,35.6,38.05,33.15,35.2,36.2,35.0,35.95,35.43,15.656,16.101,15.567,15.99,15.759,16502500.0,584741370000.0,0.0,0.0,0.35,0.1557,0.9831
SSI,2021-04-13,15:04:04,HOSE,STOCK,36.5,39.05,33.95,36.9,36.9,35.15,35.6,36.14,16.412,16.412,15.634,15.834,16.074,17662700.0,638364875000.0,0.0,0.0,-0.9,-0.4003,-2.4658
SSI,2021-04-12,15:04:03,HOSE,STOCK,35.25,37.7,32.8,35.6,36.85,35.2,36.5,35.83,15.834,16.39,15.656,16.234,15.936,16962300.0,607711690000.0,0.0,0.0,1.25,0.556,3.5461
SSI,2021-04-09,15:04:03,HOSE,STOCK,35.2,37.65,32.75,35.1,35.7,35.0,35.25,35.36,15.612,15.879,15.567,15.679,15.727,11376200.0,402213460000.0,0.0,0.0,0.05,0.0222,0.142
SSI,2021-04-08,15:04:03,HOSE,STOCK,35.35,37.8,32.9,35.7,35.7,34.95,35.2,35.3,15.879,15.879,15.545,15.656,15.701,10999100.0,388246990000.0,0.0,0.0,-0.15,-0.0667,-0.4243
SSI,2021-04-07,15:04:03,HOSE,STOCK,35.0,37.45,32.55,35.0,35.5,34.8,35.35,35.2,15.567,15.79,15.478,15.723,15.656,13001600.0,457624270000.0,0.0,0.0,0.35,0.1557,1.0
SSI,2021-04-06,15:04:03,HOSE,STOCK,35.0,37.45,32.55,34.5,35.3,34.5,35.0,34.98,15.345,15.701,15.345,15.567,15.558,15886800.0,555715305000.0,0.0,0.0,0.0,0.0,0.0
SSI,2021-04-05,15:04:03,HOSE,STOCK,34.3,36.7,31.9,35.0,35.5,34.4,35.0,35.06,15.567,15.79,15.3,15.567,15.594,18659500.0,654123150000.0,0.0,0.0,0.7,0.3113,2.0408
SSI,2021-04-02,15:04:02,HOSE,STOCK,33.95,36.3,31.6,34.9,34.95,34.05,34.3,34.63,15.523,15.545,15.145,15.256,15.403,13802300.0,477967405000.0,0.0,0.0,0.35,0.1557,1.0309
SSI,2021-04-01,15:04:03,HOSE,STOCK,31.75,33.95,29.55,31.8,33.95,31.75,33.95,33.07,14.144,15.1,14.122,15.1,14.709,21897600.0,724208365000.0,0.0,0.0,2.2,0.9785,6.9291
SSI,2021-03-31,15:03:01,HOSE,STOCK,31.8,34.0,29.6,31.7,32.15,31.65,31.75,31.84,14.1,14.3,14.077,14.122,14.162,7641900.0,243343485000.0,0.0,0.0,-0.05,-0.0222,-0.1572
SSI,2021-03-30,15:03:03,HOSE,STOCK,31.4,33.55,29.25,31.9,31.9,31.2,31.8,31.55,14.188,14.188,13.877,14.144,14.033,7282100.0,229783710000.0,0.0,0.0,0.4,0.1779,1.2739
SSI,2021-03-29,15:03:03,HOSE,STOCK,30.9,33.05,28.75,31.3,31.45,31.0,31.4,31.27,13.922,13.988,13.788,13.966,13.908,5694300.0,178033620000.0,0.0,0.0,0.5,0.2224,1.6181
SSI,2021-03-26,15:03:01,HOSE,STOCK,30.8,32.95,28.65,30.65,31.1,29.4,30.9,30.38,13.633,13.833,13.077,13.744,13.512,10140300.0,308029815000.0,0.0,0.0,0.1,0.0445,0.3247
SSI,2021-03-25,15:03:03,HOSE,STOCK,31.3,33.45,29.15,31.5,31.75,30.7,30.8,31.28,14.011,14.122,13.655,13.699,13.913,13265200.0,414871460000.0,0.0,0.0,-0.5,-0.2224,-1.5974
SSI,2021-03-24,15:03:02,HOSE,STOCK,32.9,35.2,30.6,32.3,32.75,31.0,31.3,32.03,14.366,14.567,13.788,13.922,14.246,13279700.0,425309750000.0,0.0,0.0,-1.6,-0.7117,-4.8632
SSI,2021-03-23,15:03:02,HOSE,STOCK,33.4,35.7,31.1,33.4,33.4,32.55,32.9,32.97,14.856,14.856,14.478,14.633,14.664,8829200.0,291108380000.0,0.0,0.0,-0.5,-0.2224,-1.497
SSI,2021-03-22,15:03:02,HOSE,STOCK,33.3,35.6,31.0,33.6,33.75,33.2,33.4,33.43,14.945,15.011,14.767,14.856,14.869,7606900.0,254316620000.0,0.0,0.0,0.1,0.0445,0.3003
SSI,2021-03-19,15:03:02,HOSE,STOCK,33.3,35.6,31.0,33.1,34.0,33.1,33.3,33.62,14.722,15.123,14.722,14.811,14.954,11156300.0,375052455000.0,0.0,0.0,0.0,0.0,0.0
SSI,2021-03-18,15:03:02,HOSE,STOCK,32.6,34.85,30.35,33.2,33.5,33.0,33.3,33.26,14.767,14.9,14.678,14.811,14.793,7073300.0,235226420000.0,0.0,0.0,0.7,0.3113,2.1472
SSI,2021-03-17,15:03:03,HOSE,STOCK,32.7,34.95,30.45,32.45,32.9,32.35,32.6,32.65,14.433,14.633,14.389,14.5,14.522,7522500.0,245617255000.0,0.0,0.0,-0.1,-0.0445,-0.3058
SSI,2021-03-16,15:03:02,HOSE,STOCK,33.2,35.5,30.9,33.2,33.2,32.4,32.7,32.76,14.767,14.767,14.411,14.544,14.571,12975900.0,425096890000.0,0.0,0.0,-0.5,-0.2224,-1.506
SSI,2021-03-15,15:03:03,HOSE,STOCK,33.5,35.8,31.2,33.5,33.7,33.2,33.2,33.39,14.9,14.989,14.767,14.767,14.851,7094400.0,236892330000.0,0.0,0.0,-0.3,-0.1334,-0.8955
SSI,2021-03-12,15:03:03,HOSE,STOCK,33.95,36.3,31.6,33.95,34.1,33.4,33.5,33.77,15.1,15.167,14.856,14.9,15.02,6189600.0,209024385000.0,0.0,0.0,-0.45,-0.2001,-1.3255
SSI,2021-03-11,15:03:03,HOSE,STOCK,33.1,35.4,30.8,33.6,34.3,33.3,33.95,33.84,14.945,15.256,14.811,15.1,15.051,10817400.0,366077390000.0,0.0,0.0,0.85,0.3781,2.568
SSI,2021-03-10,15:03:03,HOSE,STOCK,33.05,35.35,30.75,32.8,33.25,32.3,33.1,32.71,14.589,14.789,14.366,14.722,14.549,10935600.0,357747920000.0,0.0,0.0,0.05,0.0222,0.1513
SSI,2021-03-09,15:03:03,HOSE,STOCK,33.55,35.85,31.25,33.3,33.55,32.75,33.05,33.03,14.811,14.922,14.567,14.7,14.691,10483300.0,346289875000.0,0.0,0.0,-0.5,-0.2224,-1.4903
SSI,2021-03-08,15:03:02,HOSE,STOCK,33.45,35.75,31.15,34.15,34.45,33.35,33.55,33.99,15.189,15.323,14.833,14.922,15.118,10821800.0,367786120000.0,0.0,0.0,0.1,0.0445,0.299
SSI,2021-03-05,15:03:03,HOSE,STOCK,33.45,35.75,31.15,33.0,33.45,32.5,33.45,32.98,14.678,14.878,14.455,14.878,14.669,14142300.0,466403930000.0,0.0,0.0,0.0,0.0,0.0
SSI,2021-03-04,15:03:03,HOSE,STOCK,34.85,37.25,32.45,34.95,34.95,33.0,33.45,33.94,15.545,15.545,14.678,14.878,15.096,15631000.0,530593900000.0,0.0,0.0,-1.4,-0.6227,-4.0172
SSI,2021-03-03,15:03:03,HOSE,STOCK,35.05,37.5,32.6,34.75,35.1,34.6,34.85,34.86,15.456,15.612,15.389,15.501,15.505,9827100.0,342540440000.0,0.0,0.0,-0.2,-0.089,-0.5706
SSI,2021-03-02,15:03:03,HOSE,STOCK,35.0,37.45,32.55,35.5,35.5,34.65,35.05,35.17,15.79,15.79,15.412,15.59,15.643,12530900.0,440696645000.0,0.0,0.0,0.05,0.0222,0.1429
SSI,2021-03-01,15:03:01,HOSE,STOCK,33.2,35.5,30.9,33.6,35.1,33.3,35.0,34.34,14.945,15.612,14.811,15.567,15.274,19294900.0,662541380000.0,0.0,0.0,1.8,0.8006,5.4217
SSI,2021-02-26,15:02:03,HOSE,STOCK,33.45,35.75,31.15,32.7,33.4,32.6,33.2,32.94,14.544,14.856,14.5,14.767,14.651,13946600.0,459457780000.0,0.0,0.0,-0.25,-0.1112,-0.7474
SSI,2021-02-25,15:02:03,HOSE,STOCK,33.45,35.75,31.15,33.7,33.75,32.9,33.45,33.39,14.989,15.011,14.633,14.878,14.851,11141000.0,371978370000.0,0.0,0.0,0.0,0.0,0.0
SSI,2021-02-24,15:02:03,HOSE,STOCK,33.6,35.95,31.25,34.3,34.45,33.0,33.45,33.76,15.256,15.323,14.678,14.878,15.016,14635500.0,494055845000.0,0.0,0.0,-0.15,-0.0667,-0.4464
SSI,2021-02-23,15:02:02,HOSE,STOCK,32.85,35.1,30.6,32.95,33.95,32.65,33.6,33.26,14.656,15.1,14.522,14.945,14.793,15568700.0,517742060000.0,0.0,0.0,0.75,0.3336,2.2831
SSI,2021-02-22,15:02:02,HOSE,STOCK,33.15,35.45,30.85,33.15,33.75,32.7,32.85,33.23,14.744,15.011,14.544,14.611,14.78,13412000.0,445664015000.0,0.0,0.0,-0.3,-0.1334,-0.905
SSI,2021-02-19,15:02:03,HOSE,STOCK,33.3,35.6,31.0,32.7,33.6,32.7,33.15,33.23,14.544,14.945,14.544,14.744,14.78,11921100.0,396085300000.0,0.0,0.0,-0.15,-0.0667,-0.4505
SSI,2021-02-18,15:02:03,HOSE,STOCK,33.55,35.85,31.25,33.5,33.75,32.75,33.3,33.27,14.9,15.011,14.567,14.811,14.798,14644800.0,487189170000.0,0.0,0.0,-0.25,-0.1112,-0.7452
SSI,2021-02-17,15:02:03,HOSE,STOCK,31.75,33.95,29.55,32.5,33.6,32.2,33.55,33.0,14.455,14.945,14.322,14.922,14.678,11244000.0,371000130000.0,0.0,0.0,1.8,0.8006,5.6693
SSI,2021-02-09,15:02:03,HOSE,STOCK,30.6,32.7,28.5,30.8,31.9,29.6,31.75,31.07,13.699,14.188,13.165,14.122,13.819,15890800.0,493733740000.0,0.0,0.0,1.15,0.5115,3.7582
SSI,2021-02-08,15:02:02,HOSE,STOCK,31.5,33.7,29.3,31.8,32.75,29.6,30.6,31.32,14.144,14.567,13.165,13.61,13.931,21430000.0,671208830000.0,0.0,0.0,-0.9,-0.4003,-2.8571
SSI,2021-02-05,15:02:03,HOSE,STOCK,29.7,31.75,27.65,29.8,31.5,29.75,31.5,30.77,13.254,14.011,13.232,14.011,13.686,12415200.0,382046325000.0,0.0,0.0,1.8,0.8006,6.0606
SSI,2021-02-04,15:02:02,HOSE,STOCK,29.7,31.75,27.65,29.7,30.6,29.2,29.7,30.01,13.21,13.61,12.988,13.21,13.348,12070400.0,362229930000.0,0.0,0.0,0.0,0.0,0.0
SSI,2021-02-03,15:02:02,HOSE,STOCK,27.8,29.7,25.9,28.5,29.7,28.0,29.7,28.98,12.676,13.21,12.454,13.21,12.89,14370500.0,416523285000.0,0.0,0.0,1.9,0.8451,6.8345
SSI,2021-02-02,15:02:02,HOSE,STOCK,26.8,28.65,24.95,26.7,28.0,25.7,27.8,27.07,11.876,12.454,11.431,12.365,12.04,11603300.0,314145495000.0,0.0,0.0,1.0,0.4448,3.7313
SSI,2021-02-01,15:02:02,HOSE,STOCK,28.8,30.8,26.8,28.8,29.5,26.8,26.8,27.5,12.81,13.121,11.92,11.92,12.231,15664500.0,430752415000.0,0.0,0.0,-2.0,-0.8896,-6.9444
SSI,2021-01-29,15:01:03,HOSE,STOCK,27.75,29.65,25.85,26.0,29.65,26.0,28.8,27.96,11.564,13.188,11.564,12.81,12.436,14006900.0,391672960000.0,0.0,0.0,1.05,0.467,3.7838
SSI,2021-01-28,15:01:02,HOSE,STOCK,29.8,31.85,27.75,27.75,28.25,27.75,27.75,27.8,12.343,12.565,12.343,12.343,12.365,18067700.0,502366940000.0,0.0,0.0,-2.05,-0.9118,-6.8792
SSI,2021-01-27,15:01:03,HOSE,STOCK,32.0,34.2,29.8,31.1,32.0,29.8,29.8,30.56,13.833,14.233,13.254,13.254,13.592,14058600.0,429691220000.0,0.0,0.0,-2.2,-0.9785,-6.875
SSI,2021-01-26,15:01:02,HOSE,STOCK,33.7,36.05,31.35,33.45,33.6,31.6,32.0,32.5,14.878,14.945,14.055,14.233,14.455,10631800.0,345507535000.0,0.0,0.0,-1.7,-0.7561,-5.0445
SSI,2021-01-25,15:01:03,HOSE,STOCK,33.75,36.1,31.4,33.2,34.55,32.9,33.7,33.47,14.767,15.367,14.633,14.989,14.887,12151400.0,406743900000.0,0.0,0.0,-0.05,-0.0222,-0.1481
SSI,2021-01-22,15:01:03,HOSE,STOCK,34.55,36.95,32.15,34.3,34.7,33.4,33.75,34.0,15.256,15.434,14.856,15.011,15.123,11501200.0,391039510000.0,0.0,0.0,-0.8,-0.3558,-2.3155
SSI,2021-01-21,15:01:03,HOSE,STOCK,33.3,35.6,31.0,33.4,35.0,33.0,34.55,33.7,14.856,15.567,14.678,15.367,14.989,13084500.0,441012060000.0,0.0,0.0,1.25,0.556,3.7538
SSI,2021-01-20,15:01:03,HOSE,STOCK,33.8,36.15,31.45,34.2,34.5,31.55,33.3,33.1,15.211,15.345,14.033,14.811,14.722,14483300.0,479396055000.0,0.0,0.0,-0.5,-0.2224,-1.4793
SSI,2021-01-19,15:01:02,HOSE,STOCK,36.3,38.8,33.8,35.8,36.35,33.8,33.8,34.75,15.923,16.168,15.034,15.034,15.456,19694000.0,684300275000.0,0.0,0.0,-2.5,-1.112,-6.8871
SSI,2021-01-18,15:01:03,HOSE,STOCK,36.95,39.5,34.4,36.95,36.95,36.05,36.3,36.53,16.435,16.435,16.034,16.146,16.248,11612500.0,424181405000.0,0.0,0.0,-0.65,-0.2891,-1.7591
SSI,2021-01-15,15:01:03,HOSE,STOCK,35.35,37.8,32.9,35.8,37.25,35.45,36.95,36.2,15.923,16.568,15.767,16.435,16.101,14649600.0,530354995000.0,0.0,0.0,1.6,0.7117,4.5262
SSI,2021-01-14,15:01:03,HOSE,STOCK,33.5,35.8,31.2,33.5,35.8,33.0,35.35,34.34,14.9,15.923,14.678,15.723,15.274,22844000.0,784569915000.0,0.0,0.0,1.85,0.8228,5.5224
SSI,2021-01-13,15:01:02,HOSE,STOCK,34.1,36.45,31.75,34.5,34.5,33.4,33.5,33.81,15.345,15.345,14.856,14.9,15.038,9755200.0,329791370000.0,0.0,0.0,-0.6,-0.2669,-1.7595
SSI,2021-01-12,15:01:03,HOSE,STOCK,33.55,35.85,31.25,33.2,34.5,32.5,34.1,33.62,14.767,15.345,14.455,15.167,14.954,16390400.0,551099175000.0,0.0,0.0,0.55,0.2446,1.6393
SSI,2021-01-11,15:01:02,HOSE,STOCK,34.15,36.5,31.8,34.1,34.2,33.05,33.55,33.57,15.167,15.211,14.7,14.922,14.931,13473300.0,452349125000.0,0.0,0.0,-0.6,-0.2669,-1.757
SSI,2021-01-08,15:01:03,HOSE,STOCK,34.4,36.8,32.0,34.9,34.9,33.55,34.15,34.33,15.523,15.523,14.922,15.189,15.269,11401100.0,391442320000.0,0.0,0.0,-0.25,-0.1112,-0.7267
SSI,2021-01-07,15:01:03,HOSE,STOCK,34.0,36.35,31.65,34.5,34.6,33.55,34.4,33.93,15.345,15.389,14.922,15.3,15.091,13783700.0,467749395000.0,0.0,0.0,0.4,0.1779,1.1765
SSI,2021-01-06,15:01:01,HOSE,STOCK,33.75,36.1,31.4,34.2,34.95,33.0,34.0,34.4,15.211,15.545,14.678,15.123,15.3,10370000.0,356696455000.0,0.0,0.0,0.25,0.1112,0.7407
SSI,2021-01-05,15:01:03,HOSE,STOCK,33.8,36.15,31.45,33.25,34.1,33.1,33.75,33.77,14.789,15.167,14.722,15.011,15.02,8624800.0,291225080000.0,0.0,0.0,-0.05,-0.0222,-0.1479
SSI,2021-01-04,15:01:01,HOSE,STOCK,33.1,35.4,30.8,34.5,34.6,33.8,33.8,34.19,15.345,15.389,15.034,15.034,15.207,9011500.0,308130915000.0,0.0,0.0,0.7,0.3114,2.1148
SSI,2020-12-31,15:12:03,HOSE,STOCK,31.5,33.7,29.3,31.5,33.45,31.45,33.1,32.32,14.011,14.878,13.988,14.722,14.375,9645420.0,311704187500.0,0.0,0.0,1.6,0.7116,5.0794
SSI,2020-12-30,15:12:02,HOSE,STOCK,31.7,33.9,29.5,31.4,31.95,31.0,31.5,31.62,13.966,14.211,13.788,14.011,14.064,10530310.0,333002299000.0,0.0,0.0,-0.2,-0.089,-0.6309
SSI,2020-12-29,15:12:03,HOSE,STOCK,32.0,34.2,29.8,31.5,32.15,31.1,31.7,31.7,14.011,14.3,13.833,14.1,14.1,11912020.0,377561590500.0,0.0,0.0,-0.3,-0.1334,-0.9375
SSI,2020-12-28,15:12:02,HOSE,STOCK,30.3,32.4,28.2,31.7,32.25,31.1,32.0,31.93,14.1,14.344,13.833,14.233,14.202,12578470.0,401600786000.0,0.0,0.0,1.7,0.7561,5.6106
SSI,2020-12-25,15:12:01,HOSE,STOCK,28.35,30.3,26.4,28.0,30.3,27.65,30.3,29.6,12.454,13.477,12.298,13.477,13.165,16010740.0,473877542000.0,0.0,0.0,1.95,0.8673,6.8783
SSI,2020-12-24,15:12:03,HOSE,STOCK,28.8,30.8,26.8,28.7,28.8,26.8,28.35,27.71,12.765,12.81,11.92,12.61,12.325,15882040.0,440033553500.0,0.0,0.0,-0.45,-0.2002,-1.5625
SSI,2020-12-23,15:12:01,HOSE,STOCK,29.6,31.65,27.55,29.35,29.4,28.5,28.8,28.96,13.054,13.077,12.676,12.81,12.881,13975960.0,404805508500.0,0.0,0.0,-0.8,-0.3558,-2.7027
SSI,2020-12-22,15:12:02,HOSE,STOCK,28.65,30.65,26.65,29.0,29.95,28.45,29.6,29.22,12.899,13.321,12.654,13.165,12.996,12607350.0,368323790000.0,0.0,0.0,0.95,0.4225,3.3159
SSI,2020-12-21,15:12:02,HOSE,STOCK,26.8,28.65,24.95,27.4,28.65,27.2,28.65,28.37,12.187,12.743,12.098,12.743,12.618,14052330.0,398666429500.0,0.0,0.0,1.85,0.8228,6.903
SSI,2020-12-18,15:12:04,HOSE,STOCK,25.05,26.8,23.3,25.4,26.8,25.15,26.8,26.07,11.297,11.92,11.186,11.92,11.595,14808270.0,386083255000.0,0.0,0.0,1.75,0.7784,6.986
SSI,2020-12-17,15:12:02,HOSE,STOCK,25.05,26.8,23.3,24.8,25.6,24.6,25.05,25.06,11.031,11.386,10.942,11.142,11.146,13209050.0,331081102000.0,0.0,0.0,0.0,0.0,0.0
SSI,2020-12-16,15:12:02,HOSE,STOCK,25.5,27.25,23.75,25.6,25.8,25.0,25.05,25.4,11.386,11.475,11.12,11.142,11.297,14443400.0,366893614500.0,0.0,0.0,-0.45,-0.2002,-1.7647
SSI,2020-12-15,15:12:02,HOSE,STOCK,25.15,26.9,23.4,24.8,26.1,24.8,25.5,25.43,11.031,11.609,11.031,11.342,11.311,15342550.0,390172290500.0,0.0,0.0,0.35,0.1557,1.3917
SSI,2020-12-14,15:12:02,HOSE,STOCK,23.55,25.15,21.95,24.1,25.15,24.0,25.15,24.84,10.719,11.186,10.675,11.186,11.048,11829490.0,293804898500.0,0.0,0.0,1.6,0.7116,6.7941
SSI,2020-12-11,15:12:03,HOSE,STOCK,22.8,24.35,21.25,22.8,23.55,22.55,23.55,23.08,10.141,10.475,10.03,10.475,10.266,9023250.0,208232177500.0,0.0,0.0,0.75,0.3336,3.2895
SSI,2020-12-10,15:12:02,HOSE,STOCK,22.7,24.25,21.15,22.7,23.25,22.4,22.8,22.78,10.097,10.341,9.963,10.141,10.132,9858070.0,224613926000.0,0.0,0.0,0.1,0.0445,0.4405
SSI,2020-12-09,15:12:02,HOSE,STOCK,21.9,23.4,20.4,22.2,23.2,22.2,22.7,22.71,9.874,10.319,9.874,10.097,10.101,13762100.0,312553258500.0,0.0,0.0,0.8,0.3558,3.653
SSI,2020-12-08,15:12:02,HOSE,STOCK,20.55,21.95,19.15,20.65,21.95,20.65,21.9,21.33,9.185,9.763,9.185,9.741,9.487,11532900.0,245966609000.0,0.0,0.0,1.35,0.6005,6.5693
SSI,2020-12-07,15:12:02,HOSE,STOCK,20.05,21.45,18.65,20.35,20.6,20.25,20.55,20.47,9.051,9.162,9.007,9.14,9.105,7082510.0,144945569500.0,0.0,0.0,0.5,0.2224,2.4938
SSI,2020-12-04,15:12:02,HOSE,STOCK,20.2,21.6,18.8,20.2,20.3,20.0,20.05,20.14,8.985,9.029,8.896,8.918,8.958,6343360.0,127775936500.0,0.0,0.0,-0.15,-0.0667,-0.7426
SSI,2020-12-03,15:12:02,HOSE,STOCK,19.7,21.05,18.35,19.9,20.4,19.8,20.2,20.17,8.851,9.074,8.807,8.985,8.971,8053380.0,162400778500.0,0.0,0.0,0.5,0.2224,2.5381
SSI,2020-12-02,15:12:02,HOSE,STOCK,19.4,20.75,18.05,19.4,19.85,19.35,19.7,19.67,8.629,8.829,8.606,8.762,8.749,7098230.0,139616469500.0,0.0,0.0,0.3,0.1334,1.5464
SSI,2020-12-01,15:12:02,HOSE,STOCK,19.25,20.55,17.95,18.8,19.4,18.8,19.4,19.08,8.362,8.629,8.362,8.629,8.486,8794040.0,167782465000.0,0.0,0.0,0.15,0.0667,0.7792
SSI,2020-11-30,15:11:02,HOSE,STOCK,19.35,20.7,18.0,19.4,19.6,19.2,19.25,19.39,8.629,8.718,8.54,8.562,8.624,6728330.0,130446817000.0,0.0,0.0,-0.1,-0.0445,-0.5168
SSI,2020-11-27,15:11:03,HOSE,STOCK,19.15,20.45,17.85,19.15,19.4,19.15,19.35,19.29,8.518,8.629,8.518,8.606,8.58,4608770.0,88913077000.0,0.0,0.0,0.2,0.089,1.0444
SSI,2020-11-26,15:11:02,HOSE,STOCK,19.2,20.5,17.9,19.15,19.3,18.85,19.15,19.07,8.518,8.584,8.384,8.518,8.482,5344370.0,101941679500.0,0.0,0.0,-0.05,-0.0222,-0.2604
SSI,2020-11-25,15:11:02,HOSE,STOCK,18.95,20.25,17.65,19.0,19.3,18.95,19.2,19.16,8.451,8.584,8.429,8.54,8.522,8630730.0,165382303500.0,0.0,0.0,0.25,0.1112,1.3193
SSI,2020-11-24,15:11:02,HOSE,STOCK,18.7,20.0,17.4,18.8,19.1,18.6,18.95,18.85,8.362,8.495,8.273,8.429,8.384,10946270.0,206381854000.0,0.0,0.0,0.25,0.1112,1.3369
SSI,2020-11-23,15:11:02,HOSE,STOCK,18.2,19.45,16.95,18.2,18.75,18.05,18.7,18.45,8.095,8.34,8.028,8.317,8.206,9362300.0,172779651000.0,0.0,0.0,0.5,0.2224,2.7473
SSI,2020-11-20,15:11:02,HOSE,STOCK,18.45,19.7,17.2,18.45,18.5,18.1,18.2,18.26,8.206,8.228,8.051,8.095,8.122,6053890.0,110532022000.0,0.0,0.0,-0.25,-0.1112,-1.355
SSI,2020-11-19,15:11:03,HOSE,STOCK,18.4,19.65,17.15,18.55,18.6,18.3,18.45,18.48,8.251,8.273,8.139,8.206,8.22,5201760.0,96122551500.0,0.0,0.0,0.05,0.0222,0.2717
SSI,2020-11-18,15:11:02,HOSE,STOCK,18.25,19.5,17.0,18.3,18.6,18.2,18.4,18.42,8.139,8.273,8.095,8.184,8.193,7510860.0,138372998500.0,0.0,0.0,0.15,0.0667,0.8219
SSI,2020-11-17,15:11:02,HOSE,STOCK,17.7,18.9,16.5,17.85,18.25,17.65,18.25,17.97,7.939,8.117,7.85,8.117,7.993,8582800.0,154275559000.0,0.0,0.0,0.55,0.2446,3.1073
SSI,2020-11-16,15:11:02,HOSE,STOCK,17.8,19.0,16.6,18.0,18.1,17.7,17.7,17.87,8.006,8.051,7.873,7.873,7.948,6268580.0,112030459500.0,0.0,0.0,-0.1,-0.0445,-0.5618
SSI,2020-11-13,15:11:02,HOSE,STOCK,17.5,18.7,16.3,17.6,17.8,17.45,17.8,17.63,7.828,7.917,7.761,7.917,7.841,4197980.0,74024868500.0,0.0,0.0,0.3,0.1334,1.7143
SSI,2020-11-12,15:11:02,HOSE,STOCK,17.5,18.7,16.3,17.6,17.7,17.45,17.5,17.56,7.828,7.873,7.761,7.784,7.81,3643040.0,63965975000.0,0.0,0.0,0.0,0.0,0.0
SSI,2020-11-11,15:11:02,HOSE,STOCK,17.7,18.9,16.5,17.8,17.9,17.5,17.5,17.7,7.917,7.962,7.784,7.784,7.873,4848370.0,85799284000.0,0.0,0.0,-0.2,-0.089,-1.1299
SSI,2020-11-10,15:11:02,HOSE,STOCK,17.5,18.7,16.3,17.75,18.05,17.6,17.7,17.82,7.895,8.028,7.828,7.873,7.926,8816320.0,157145524500.0,0.0,0.0,0.2,0.089,1.1429
SSI,2020-11-09,15:11:02,HOSE,STOCK,17.15,18.35,15.95,17.25,17.6,17.25,17.5,17.48,7.672,7.828,7.672,7.784,7.775,3963600.0,69271458000.0,0.0,0.0,0.35,0.1557,2.0408
SSI,2020-11-06,15:11:02,HOSE,STOCK,17.25,18.45,16.05,17.25,17.35,17.05,17.15,17.14,7.672,7.717,7.584,7.628,7.624,1527160.0,26181589500.0,0.0,0.0,-0.1,-0.0445,-0.5797
SSI,2020-11-05,15:11:02,HOSE,STOCK,17.5,18.7,16.3,17.4,17.55,17.25,17.25,17.41,7.739,7.806,7.672,7.672,7.744,2486250.0,43276509000.0,0.0,0.0,-0.25,-0.1112,-1.4286
SSI,2020-11-04,15:11:02,HOSE,STOCK,17.35,18.55,16.15,17.4,17.55,17.25,17.5,17.47,7.739,7.806,7.672,7.784,7.77,4575940.0,79928886500.0,0.0,0.0,0.15,0.0667,0.8646
SSI,2020-11-03,15:11:02,HOSE,STOCK,17.15,18.35,15.95,17.25,17.4,17.2,17.35,17.31,7.672,7.739,7.65,7.717,7.699,3118820.0,53992408000.0,0.0,0.0,0.2,0.089,1.1662
SSI,2020-11-02,15:11:01,HOSE,STOCK,17.1,18.25,15.95,17.1,17.15,16.9,17.15,17.03,7.606,7.628,7.517,7.628,7.575,1678320.0,28582012500.0,0.0,0.0,0.05,0.0222,0.2924
SSI,2020-10-30,15:10:03,HOSE,STOCK,17.1,18.25,15.95,17.1,17.15,16.7,17.1,16.96,7.606,7.628,7.428,7.606,7.543,3028990.0,51376602500.0,0.0,0.0,0.0,0.0,0.0
SSI,2020-10-29,15:10:01,HOSE,STOCK,16.7,17.85,15.55,16.5,17.1,16.45,17.1,16.74,7.339,7.606,7.317,7.606,7.446,4799470.0,80330722000.0,0.0,0.0,0.4,0.1779,2.3952
SSI,2020-10-28,15:10:02,HOSE,STOCK,17.2,18.4,16.0,17.1,17.25,16.5,16.7,16.96,7.606,7.672,7.339,7.428,7.543,5918990.0,100367242000.0,0.0,0.0,-0.5,-0.2224,-2.907
SSI,2020-10-27,15:10:03,HOSE,STOCK,17.6,18.8,16.4,17.5,17.65,17.2,17.2,17.43,7.784,7.85,7.65,7.65,7.753,5449930.0,94983992500.0,0.0,0.0,-0.4,-0.1779,-2.2727
SSI,2020-10-26,15:10:02,HOSE,STOCK,17.9,19.15,16.65,17.9,18.1,17.6,17.6,17.85,7.962,8.051,7.828,7.828,7.939,4731880.0,84452793500.0,0.0,0.0,-0.3,-0.1334,-1.676
SSI,2020-10-23,15:10:03,HOSE,STOCK,18.0,19.25,16.75,18.1,18.15,17.7,17.9,17.88,8.051,8.073,7.873,7.962,7.953,4370330.0,78123395000.0,0.0,0.0,-0.1,-0.0445,-0.5556
SSI,2020-10-22,15:10:02,HOSE,STOCK,17.7,18.9,16.5,17.55,18.0,17.4,18.0,17.6,7.806,8.006,7.739,8.006,7.828,6686080.0,117703143000.0,0.0,0.0,0.3,0.1334,1.6949
SSI,2020-10-21,15:10:02,HOSE,STOCK,18.2,19.45,16.95,18.2,18.3,17.7,17.7,18.0,8.095,8.139,7.873,7.873,8.006,7065620.0,127180170000.0,0.0,0.0,-0.5,-0.2224,-2.7473
SSI,2020-10-20,15:10:02,HOSE,STOCK,18.35,19.6,17.1,18.35,18.35,17.9,18.2,18.187,8.162,8.162,7.962,8.095,8.089,4191320.0,76227131000.0,0.0,0.0,-0.15,-0.0667,-0.8174
SSI,2020-10-19,15:10:03,HOSE,STOCK,18.15,19.4,16.9,18.3,18.7,18.15,18.35,18.46,8.139,8.317,8.073,8.162,8.211,9462400.0,174634738000.0,0.0,0.0,0.2,0.089,1.1019
SSI,2020-10-16,15:10:02,HOSE,STOCK,18.15,19.4,16.9,18.1,18.3,17.95,18.15,18.12,8.051,8.139,7.984,8.073,8.059,4444100.0,80548843000.0,0.0,0.0,0.0,0.0,0.0
SSI,2020-10-15,15:10:01,HOSE,STOCK,18.1,19.35,16.85,18.3,18.35,18.05,18.15,18.21,8.139,8.162,8.028,8.073,8.099,4732880.0,86190471500.0,0.0,0.0,0.05,0.0222,0.2762
SSI,2020-10-14,15:10:03,HOSE,STOCK,17.55,18.75,16.35,17.6,18.1,17.45,18.1,17.833,7.828,8.051,7.761,8.051,7.932,5379490.0,95930951000.0,0.0,0.0,0.55,0.2446,3.1339
SSI,2020-10-13,15:10:02,HOSE,STOCK,17.85,19.05,16.65,17.85,17.95,17.55,17.55,17.738,7.939,7.984,7.806,7.806,7.89,4374250.0,77588961000.0,0.0,0.0,-0.3,-0.1334,-1.6807
SSI,2020-10-12,15:10:02,HOSE,STOCK,18.0,19.25,16.75,18.2,18.2,17.75,17.85,17.99,8.095,8.095,7.895,7.939,8.002,4849320.0,87259031500.0,0.0,0.0,-0.15,-0.0667,-0.8333
SSI,2020-10-09,15:10:02,HOSE,STOCK,17.85,19.05,16.65,18.0,18.25,17.85,18.0,18.06,8.006,8.117,7.939,8.006,8.033,3870610.0,69917646000.0,0.0,0.0,0.15,0.0667,0.8403
SSI,2020-10-08,15:10:02,HOSE,STOCK,17.85,19.05,16.65,18.0,18.05,17.6,17.85,17.8,8.006,8.028,7.828,7.939,7.917,4663470.0,82987050500.0,0.0,0.0,0.0,0.0,0.0
SSI,2020-10-07,15:10:02,HOSE,STOCK,18.15,19.4,16.9,18.0,18.15,17.8,17.85,17.98,8.006,8.073,7.917,7.939,7.997,5770720.0,103768955500.0,0.0,0.0,-0.3,-0.1334,-1.6529
SSI,2020-10-06,15:10:02,HOSE,STOCK,18.25,19.5,17.0,18.25,18.35,17.95,18.15,18.16,8.117,8.162,7.984,8.073,8.077,5228170.0,94956373500.0,0.0,0.0,-0.1,-0.0445,-0.5479
SSI,2020-10-05,15:10:03,HOSE,STOCK,17.75,18.95,16.55,18.05,18.3,17.8,18.25,18.08,8.028,8.139,7.917,8.117,8.042,6672820.0,120677591500.0,0.0,0.0,0.5,0.2224,2.8169
SSI,2020-10-02,15:10:02,HOSE,STOCK,17.8,19.0,16.6,17.9,18.05,17.0,17.75,17.71,7.962,8.028,7.561,7.895,7.877,10961430.0,194140044500.0,0.0,0.0,-0.05,-0.0222,-0.2809
SSI,2020-10-01,15:10:02,HOSE,STOCK,16.95,18.1,15.8,17.1,18.0,17.0,17.8,17.57,7.606,8.006,7.561,7.917,7.815,10321030.0,181348712000.0,0.0,0.0,0.85,0.3781,5.0147
SSI,2020-09-30,15:09:02,HOSE,STOCK,16.75,17.9,15.6,16.75,17.0,16.6,16.95,16.78,7.45,7.561,7.383,7.539,7.463,4432160.0,74386746000.0,0.0,0.0,0.2,0.089,1.194
SSI,2020-09-29,15:09:03,HOSE,STOCK,16.9,18.05,15.75,17.1,17.15,16.7,16.75,17.0,7.606,7.628,7.428,7.45,7.561,6122220.0,104062051000.0,0.0,0.0,-0.15,-0.0667,-0.8876
SSI,2020-09-28,15:09:02,HOSE,STOCK,16.45,17.6,15.3,16.55,16.95,16.55,16.9,16.77,7.361,7.539,7.361,7.517,7.459,5215260.0,87460244000.0,0.0,0.0,0.45,0.2002,2.7356
SSI,2020-09-25,15:09:02,HOSE,STOCK,16.55,17.7,15.4,16.6,16.65,16.25,16.45,16.39,7.383,7.406,7.228,7.317,7.29,7290520.0,119469159000.0,0.0,0.0,-0.1,-0.0445,-0.6042
SSI,2020-09-24,15:09:03,HOSE,STOCK,16.7,17.85,15.55,16.6,16.8,16.5,16.55,16.61,7.383,7.472,7.339,7.361,7.388,4564860.0,75813468000.0,0.0,0.0,-0.15,-0.0667,-0.8982
SSI,2020-09-23,15:09:03,HOSE,STOCK,16.55,17.7,15.4,16.55,16.8,16.55,16.7,16.68,7.361,7.472,7.361,7.428,7.419,5699700.0,95045008500.0,0.0,0.0,0.15,0.0667,0.9063
SSI,2020-09-22,15:09:05,HOSE,STOCK,16.5,17.65,15.35,16.35,16.6,16.35,16.55,16.51,7.272,7.383,7.272,7.361,7.343,6821140.0,112649733500.0,0.0,0.0,0.05,0.0222,0.303
SSI,2020-09-21,15:09:03,HOSE,STOCK,16.3,17.4,15.2,16.45,16.75,16.35,16.5,16.59,7.317,7.45,7.272,7.339,7.379,8122870.0,134746156000.0,0.0,0.0,0.2,0.089,1.227
SSI,2020-09-18,15:09:02,HOSE,STOCK,16.0,17.1,14.9,16.0,16.45,15.95,16.3,16.28,7.116,7.317,7.094,7.25,7.241,7903190.0,128676580500.0,0.0,0.0,0.3,0.1334,1.875
SSI,2020-09-17,15:09:03,HOSE,STOCK,15.9,17.0,14.8,15.95,16.05,15.8,16.0,15.93,7.094,7.139,7.028,7.116,7.085,6000380.0,95615619000.0,0.0,0.0,0.1,0.0445,0.6289
SSI,2020-09-16,15:09:03,HOSE,STOCK,15.8,16.9,14.7,15.8,16.1,15.8,15.9,15.94,7.028,7.161,7.028,7.072,7.09,3807390.0,60675492500.0,0.0,0.0,0.1,0.0445,0.6329
SSI,2020-09-15,15:09:03,HOSE,STOCK,15.75,16.85,14.65,15.8,16.15,15.75,15.8,15.95,7.028,7.183,7.005,7.028,7.094,7005050.0,111739784000.0,0.0,0.0,0.05,0.0222,0.3175
SSI,2020-09-14,15:09:02,HOSE,STOCK,15.75,16.85,14.65,15.85,15.9,15.65,15.75,15.76,7.05,7.072,6.961,7.005,7.01,4644580.0,73203333500.0,0.0,0.0,0.0,0.0,0.0
SSI,2020-09-11,15:09:05,HOSE,STOCK,15.85,16.95,14.75,15.85,15.95,15.7,15.75,15.85,7.05,7.094,6.983,7.005,7.05,4402790.0,69793742500.0,0.0,0.0,-0.1,-0.0445,-0.6309
SSI,2020-09-10,15:09:03,HOSE,STOCK,15.85,16.95,14.75,15.95,16.15,15.85,15.85,15.99,7.094,7.183,7.05,7.05,7.112,8787650.0,140537255500.0,0.0,0.0,0.0,0.0,0.0
SSI,2020-09-09,15:09:01,HOSE,STOCK,15.8,16.9,14.7,15.5,15.9,15.45,15.85,15.74,6.894,7.072,6.872,7.05,7.001,7044490.0,110893680500.0,0.0,0.0,0.05,0.0222,0.3165
SSI,2020-09-08,15:09:05,HOSE,STOCK,15.35,16.4,14.3,15.45,15.8,15.3,15.8,15.55,6.872,7.028,6.805,7.028,6.916,6831470.0,106209855500.0,0.0,0.0,0.45,0.2002,2.9316
SSI,2020-09-07,15:09:02,HOSE,STOCK,15.4,16.45,14.35,15.5,15.85,15.3,15.35,15.59,6.894,7.05,6.805,6.827,6.934,9582630.0,149351115500.0,0.0,0.0,-0.05,-0.0222,-0.3247
SSI,2020-09-04,15:09:03,HOSE,STOCK,15.25,16.3,14.2,15.0,15.7,14.85,15.4,15.34,6.672,6.983,6.605,6.85,6.823,9713580.0,149016967000.0,0.0,0.0,0.15,0.0667,0.9836
SSI,2020-09-03,15:09:02,HOSE,STOCK,15.1,16.15,14.05,15.35,15.35,15.1,15.25,15.23,6.827,6.827,6.716,6.783,6.774,4876180.0,74287086500.0,0.0,0.0,0.15,0.0667,0.9934
SSI,2020-09-01,15:09:02,HOSE,STOCK,14.9,15.9,13.9,14.85,15.1,14.8,15.1,14.96,6.605,6.716,6.583,6.716,6.654,3449300.0,51593089000.0,0.0,0.0,0.2,0.089,1.3423
SSI,2020-08-31,15:08:04,HOSE,STOCK,15.1,16.15,14.05,15.15,15.25,14.85,14.9,15.04,6.738,6.783,6.605,6.627,6.689,3994730.0,60088024500.0,0.0,0.0,-0.2,-0.089,-1.3245
SSI,2020-08-28,15:08:03,HOSE,STOCK,15.1,16.15,14.05,15.25,15.4,15.1,15.1,15.24,6.783,6.85,6.716,6.716,6.778,5869960.0,89477150000.0,0.0,0.0,0.0,0.0,0.0
SSI,2020-08-27,15:08:04,HOSE,STOCK,15.05,16.1,14.0,15.05,15.15,14.95,15.1,15.05,6.694,6.738,6.649,6.716,6.694,3711300.0,55870615500.0,0.0,0.0,0.05,0.0222,0.3322
SSI,2020-08-26,15:08:04,HOSE,STOCK,15.0,16.05,13.95,15.05,15.2,14.95,15.05,15.11,6.694,6.761,6.649,6.694,6.721,5419820.0,81878583500.0,0.0,0.0,0.05,0.0222,0.3333
SSI,2020-08-25,15:08:03,HOSE,STOCK,15.0,16.05,13.95,15.15,15.25,14.95,15.0,15.06,6.738,6.783,6.649,6.672,6.698,4611300.0,69444404500.0,0.0,0.0,0.0,0.0,0.0
SSI,2020-08-24,15:08:03,HOSE,STOCK,14.7,15.7,13.7,14.85,15.1,14.75,15.0,14.94,6.605,6.716,6.561,6.672,6.645,7044900.0,105267292000.0,0.0,0.0,0.3,0.1334,2.0408
SSI,2020-08-21,15:08:03,HOSE,STOCK,14.35,15.35,13.35,14.45,14.7,14.35,14.7,14.57,6.427,6.538,6.383,6.538,6.48,3758250.0,54769928000.0,0.0,0.0,0.35,0.1557,2.439
SSI,2020-08-20,15:08:03,HOSE,STOCK,14.55,15.55,13.55,14.55,14.6,14.35,14.35,14.43,6.472,6.494,6.383,6.383,6.418,2703510.0,39009315500.0,0.0,0.0,-0.2,-0.089,-1.3746
SSI,2020-08-19,15:08:02,HOSE,STOCK,14.4,15.4,13.4,14.35,14.6,14.35,14.55,14.46,6.383,6.494,6.383,6.472,6.432,2670190.0,38621900000.0,0.0,0.0,0.15,0.0667,1.0417
SSI,2020-08-18,15:08:03,HOSE,STOCK,14.5,15.5,13.5,14.5,14.6,14.35,14.4,14.48,6.449,6.494,6.383,6.405,6.44,1931160.0,27956976000.0,0.0,0.0,-0.1,-0.0445,-0.6897
SSI,2020-08-17,15:08:02,HOSE,STOCK,14.6,15.6,13.6,14.6,14.6,14.25,14.5,14.41,6.494,6.494,6.338,6.449,6.409,3811840.0,54941832000.0,0.0,0.0,-0.1,-0.0445,-0.6849
SSI,2020-08-14,15:08:02,HOSE,STOCK,14.85,15.85,13.85,14.8,14.9,14.45,14.6,14.68,6.583,6.627,6.427,6.494,6.529,4301340.0,63155607000.0,0.0,0.0,-0.25,-0.1112,-1.6835
SSI,2020-08-13,15:08:02,HOSE,STOCK,14.65,15.65,13.65,14.7,14.9,14.6,14.85,14.74,6.538,6.627,6.494,6.605,6.556,3734680.0,55063672500.0,0.0,0.0,0.2,0.089,1.3652
SSI,2020-08-12,15:08:03,HOSE,STOCK,14.7,15.7,13.7,14.75,14.8,14.5,14.65,14.63,6.561,6.583,6.449,6.516,6.507,2877790.0,42114474500.0,0.0,0.0,-0.05,-0.0222,-0.3401
SSI,2020-08-11,15:08:03,HOSE,STOCK,14.4,15.4,13.4,14.55,14.75,14.4,14.7,14.59,6.472,6.561,6.405,6.538,6.489,5313900.0,77541773500.0,0.0,0.0,0.3,0.1334,2.0833
SSI,2020-08-10,15:08:02,HOSE,STOCK,14.25,15.2,13.3,14.5,14.6,14.4,14.4,14.5,6.449,6.494,6.405,6.405,6.449,3288010.0,47688663500.0,0.0,0.0,0.15,0.0667,1.0526
SSI,2020-08-07,15:08:02,HOSE,STOCK,14.35,15.35,13.35,14.35,14.45,14.2,14.25,14.31,6.383,6.427,6.316,6.338,6.365,2562160.0,36653238000.0,0.0,0.0,-0.1,-0.0445,-0.6969
SSI,2020-08-06,15:08:02,HOSE,STOCK,14.5,15.5,13.5,14.45,14.55,14.3,14.35,14.41,6.427,6.472,6.36,6.383,6.409,4168520.0,60084091500.0,0.0,0.0,-0.15,-0.0667,-1.0345
SSI,2020-08-05,15:08:01,HOSE,STOCK,14.35,15.35,13.35,14.2,14.7,14.15,14.5,14.49,6.316,6.538,6.294,6.449,6.445,4672060.0,67711410500.0,0.0,0.0,0.15,0.0667,1.0453
SSI,2020-08-04,15:08:03,HOSE,STOCK,14.1,15.05,13.15,14.35,14.45,14.05,14.35,14.24,6.383,6.427,6.249,6.383,6.334,4642760.0,66130163000.0,0.0,0.0,0.25,0.1112,1.773
SSI,2020-08-03,15:08:03,HOSE,STOCK,13.55,14.45,12.65,13.5,14.2,13.5,14.1,13.93,6.005,6.316,6.005,6.271,6.196,5017010.0,69893549500.0,0.0,0.0,0.55,0.2446,4.059
SSI,2020-07-31,15:07:04,HOSE,STOCK,13.75,14.7,12.8,13.4,13.8,13.35,13.55,13.61,5.96,6.138,5.938,6.027,6.053,2832300.0,38539845000.0,0.0,0.0,-0.2,-0.089,-1.4545
SSI,2020-07-30,15:07:02,HOSE,STOCK,13.55,14.45,12.65,13.6,13.9,13.6,13.75,13.75,6.049,6.182,6.049,6.116,6.116,2699550.0,37131859500.0,0.0,0.0,0.2,0.089,1.476
SSI,2020-07-29,15:07:02,HOSE,STOCK,14.2,15.15,13.25,14.0,14.0,13.25,13.55,13.55,6.227,6.227,5.893,6.027,6.027,6325100.0,85696429000.0,0.0,0.0,-0.65,-0.2891,-4.5775
SSI,2020-07-28,15:07:03,HOSE,STOCK,13.3,14.2,12.4,13.8,14.2,13.35,14.2,13.837,6.138,6.316,5.938,6.316,6.154,6648230.0,91990595000.0,0.0,0.0,0.9,0.4003,6.7669
SSI,2020-07-27,15:07:01,HOSE,STOCK,14.3,15.3,13.3,13.5,14.0,13.3,13.3,13.52,6.005,6.227,5.916,5.916,6.013,8310880.0,112350588500.0,0.0,0.0,-1.0,-0.4448,-6.993
SSI,2020-07-24,15:07:02,HOSE,STOCK,14.9,15.9,13.9,14.85,14.9,13.95,14.3,14.36,6.605,6.627,6.205,6.36,6.387,9774930.0,140371174000.0,0.0,0.0,-0.6,-0.2669,-4.0268
SSI,2020-07-23,15:07:01,HOSE,STOCK,15.05,16.1,14.0,15.1,15.15,14.85,14.9,14.97,6.716,6.738,6.605,6.627,6.658,4378660.0,65545732000.0,0.0,0.0,-0.15,-0.0667,-0.9967
SSI,2020-07-22,15:07:02,HOSE,STOCK,15.25,16.3,14.2,15.4,15.45,15.05,15.05,15.22,6.85,6.872,6.694,6.694,6.77,3959010.0,60267767500.0,0.0,0.0,-0.2,-0.089,-1.3115
SSI,2020-07-21,15:07:02,HOSE,STOCK,15.45,16.5,14.4,15.65,15.7,15.1,15.25,15.37,6.961,6.983,6.716,6.783,6.836,6953920.0,106848954500.0,0.0,0.0,-0.2,-0.089,-1.2945
SSI,2020-07-20,15:07:02,HOSE,STOCK,15.7,16.75,14.65,16.0,16.0,15.45,15.45,15.72,7.116,7.116,6.872,6.872,6.992,6438130.0,101220394000.0,0.0,0.0,-0.25,-0.1112,-1.5924
SSI,2020-07-17,15:07:02,HOSE,STOCK,16.6,17.75,15.45,16.55,16.95,16.5,16.7,16.74,6.92,7.087,6.899,6.983,7.0,6824380.0,114253759500.0,0.0,0.0,0.1,0.0418,0.6024
SSI,2020-07-16,15:07:03,HOSE,STOCK,16.55,17.7,15.4,16.6,16.7,16.5,16.6,16.58,6.941,6.983,6.899,6.941,6.933,3531900.0,58575043000.0,0.0,0.0,0.05,0.0209,0.3021
SSI,2020-07-15,15:07:02,HOSE,STOCK,16.7,17.85,15.55,16.8,16.8,16.5,16.55,16.67,7.025,7.025,6.899,6.92,6.97,4340580.0,72353221500.0,0.0,0.0,-0.15,-0.0627,-0.8982
SSI,2020-07-14,15:07:02,HOSE,STOCK,15.95,17.05,14.85,15.9,16.7,15.9,16.7,16.288,6.648,6.983,6.648,6.983,6.811,9138070.0,148841467500.0,0.0,0.0,0.75,0.3136,4.7022
SSI,2020-07-13,15:07:02,HOSE,STOCK,15.95,17.05,14.85,16.2,16.25,15.85,15.95,16.05,6.774,6.795,6.627,6.669,6.711,5298630.0,85063119500.0,0.0,0.0,0.0,0.0,0.0
SSI,2020-07-10,15:07:02,HOSE,STOCK,15.85,16.95,14.75,15.75,16.15,15.75,15.95,15.97,6.586,6.753,6.586,6.669,6.678,9082870.0,145021710500.0,0.0,0.0,0.1,0.0418,0.6309
SSI,2020-07-09,15:07:02,HOSE,STOCK,15.7,16.75,14.65,15.9,16.0,15.7,15.85,15.85,6.648,6.69,6.565,6.627,6.627,4876340.0,77313129000.0,0.0,0.0,0.15,0.0627,0.9554
SSI,2020-07-08,15:07:02,HOSE,STOCK,15.55,16.6,14.5,15.5,15.7,15.35,15.7,15.59,6.481,6.565,6.418,6.565,6.519,2493090.0,38859741000.0,0.0,0.0,0.15,0.0627,0.9646
SSI,2020-07-07,15:07:02,HOSE,STOCK,15.6,16.65,14.55,15.7,15.85,15.5,15.55,15.71,6.565,6.627,6.481,6.502,6.569,4850680.0,76186230000.0,0.0,0.0,-0.05,-0.0209,-0.3205
SSI,2020-07-06,15:07:03,HOSE,STOCK,15.15,16.2,14.1,15.3,15.6,15.15,15.6,15.42,6.398,6.523,6.335,6.523,6.448,3984350.0,61421094000.0,0.0,0.0,0.45,0.1882,2.9703
SSI,2020-07-03,15:07:02,HOSE,STOCK,15.15,16.2,14.1,15.3,15.3,15.1,15.15,15.19,6.398,6.398,6.314,6.335,6.352,2288480.0,34768612000.0,0.0,0.0,0.0,0.0,0.0
SSI,2020-07-02,15:07:02,HOSE,STOCK,15.3,16.35,14.25,15.3,15.3,15.05,15.15,15.18,6.398,6.398,6.293,6.335,6.347,2325600.0,35302097500.0,0.0,0.0,-0.15,-0.0627,-0.9804
SSI,2020-07-01,15:07:02,HOSE,STOCK,14.8,15.8,13.8,14.95,15.4,14.75,15.3,15.1,6.251,6.439,6.168,6.398,6.314,3435740.0,51885037500.0,0.0,0.0,0.5,0.2091,3.3784
SSI,2020-06-30,15:06:02,HOSE,STOCK,14.8,15.8,13.8,15.2,15.25,14.45,14.8,14.82,6.356,6.377,6.042,6.188,6.197,3781930.0,56039558000.0,0.0,0.0,0.0,0.0,0.0
SSI,2020-06-29,15:06:02,HOSE,STOCK,15.5,16.55,14.45,15.5,15.5,14.65,14.8,15.0,6.481,6.481,6.126,6.188,6.272,7502050.0,112554228500.0,0.0,0.0,-0.7,-0.2927,-4.5161
SSI,2020-06-26,15:06:02,HOSE,STOCK,15.8,16.9,14.7,15.9,16.2,15.45,15.5,15.74,6.648,6.774,6.46,6.481,6.581,4919890.0,77459329500.0,0.0,0.0,-0.3,-0.1254,-1.8987
SSI,2020-06-25,15:06:02,HOSE,STOCK,15.75,16.85,14.65,15.65,15.85,15.4,15.8,15.64,6.544,6.627,6.439,6.607,6.54,3914840.0,61233920500.0,0.0,0.0,0.05,0.0209,0.3175
SSI,2020-06-24,15:06:02,HOSE,STOCK,16.1,17.2,15.0,16.1,16.35,15.7,15.75,16.01,6.732,6.837,6.565,6.586,6.694,5975970.0,95704039000.0,0.0,0.0,-0.35,-0.1464,-2.1739
SSI,2020-06-23,15:06:02,HOSE,STOCK,15.2,16.25,14.15,15.45,16.25,15.45,16.1,15.98,6.46,6.795,6.46,6.732,6.682,14025040.0,224155934500.0,0.0,0.0,0.9,0.3763,5.9211
SSI,2020-06-22,15:06:02,HOSE,STOCK,15.3,16.35,14.25,15.3,15.5,14.95,15.2,15.2,6.398,6.481,6.251,6.356,6.356,3766890.0,57268846000.0,0.0,0.0,-0.1,-0.0418,-0.6536
SSI,2020-06-19,15:06:02,HOSE,STOCK,15.0,16.05,13.95,15.0,15.3,14.9,15.3,15.18,6.272,6.398,6.23,6.398,6.347,4986110.0,75672688500.0,0.0,0.0,0.3,0.1255,2.0
SSI,2020-06-18,15:06:02,HOSE,STOCK,15.0,16.05,13.95,14.7,15.0,14.7,15.0,14.9,6.147,6.272,6.147,6.272,6.23,1838500.0,27395826000.0,0.0,0.0,0.0,0.0,0.0
SSI,2020-06-17,15:06:02,HOSE,STOCK,15.2,16.25,14.15,15.15,15.25,14.85,15.0,15.06,6.335,6.377,6.209,6.272,6.297,2911920.0,43861558500.0,0.0,0.0,-0.2,-0.0836,-1.3158
SSI,2020-06-16,15:06:02,HOSE,STOCK,14.45,15.45,13.45,15.0,15.25,14.75,15.2,15.03,6.272,6.377,6.168,6.356,6.285,5005720.0,75222859500.0,0.0,0.0,0.75,0.3136,5.1903
SSI,2020-06-15,15:06:02,HOSE,STOCK,15.5,16.55,14.45,15.5,15.55,14.45,14.45,14.76,6.481,6.502,6.042,6.042,6.172,7253720.0,107057847000.0,0.0,0.0,-1.05,-0.439,-6.7742
SSI,2020-06-12,15:06:02,HOSE,STOCK,14.9,15.9,13.9,14.6,15.5,14.3,15.5,14.81,6.105,6.481,5.979,6.481,6.193,7587730.0,112354385000.0,0.0,0.0,0.6,0.2509,4.0268
SSI,2020-06-11,15:06:02,HOSE,STOCK,16.0,17.1,14.9,16.0,16.2,14.9,14.9,15.66,6.69,6.774,6.23,6.23,6.548,9349070.0,146439522000.0,0.0,0.0,-1.1,-0.4599,-6.875
SSI,2020-06-10,15:06:02,HOSE,STOCK,15.85,16.95,14.75,15.75,16.1,15.4,16.0,15.79,6.586,6.732,6.439,6.69,6.602,6544090.0,103362704000.0,0.0,0.0,0.15,0.0627,0.9464
SSI,2020-06-09,15:06:03,HOSE,STOCK,16.05,17.15,14.95,16.3,16.3,15.8,15.85,16.01,6.816,6.816,6.607,6.627,6.694,6435790.0,103028423000.0,0.0,0.0,-0.2,-0.0836,-1.2461
SSI,2020-06-08,15:06:03,HOSE,STOCK,15.7,16.75,14.65,16.2,16.2,15.9,16.05,16.08,6.774,6.774,6.648,6.711,6.724,5993130.0,96380866000.0,0.0,0.0,0.35,0.1463,2.2293
SSI,2020-06-05,15:06:03,HOSE,STOCK,15.7,16.75,14.65,15.7,15.8,15.5,15.7,15.68,6.565,6.607,6.481,6.565,6.556,5731890.0,89857481500.0,0.0,0.0,0.0,0.0,0.0
SSI,2020-06-04,15:06:04,HOSE,STOCK,15.2,16.25,14.15,15.45,15.95,15.45,15.7,15.75,6.46,6.669,6.46,6.565,6.586,9360040.0,147389066500.0,0.0,0.0,0.5,0.2091,3.2895
SSI,2020-06-03,15:06:02,HOSE,STOCK,15.05,16.1,14.0,15.1,15.2,15.0,15.2,15.1,6.314,6.356,6.272,6.356,6.314,3251400.0,49087244500.0,0.0,0.0,0.15,0.0627,0.9967
SSI,2020-06-02,15:06:03,HOSE,STOCK,15.2,16.25,14.15,15.3,15.35,15.0,15.05,15.21,6.398,6.418,6.272,6.293,6.36,6106810.0,92880563000.0,0.0,0.0,-0.15,-0.0627,-0.9868
SSI,2020-06-01,15:06:04,HOSE,STOCK,14.8,15.8,13.8,14.9,15.3,14.85,15.2,15.13,6.23,6.398,6.209,6.356,6.326,4455460.0,67418840000.0,0.0,0.0,0.4,0.1673,2.7027
SSI,2020-05-29,15:05:02,HOSE,STOCK,14.85,15.85,13.85,14.8,14.9,14.65,14.8,14.77,6.188,6.23,6.126,6.188,6.176,3573780.0,52787741500.0,0.0,0.0,-0.05,-0.0209,-0.3367
SSI,2020-05-28,15:05:03,HOSE,STOCK,14.9,15.9,13.9,14.9,15.1,14.8,14.85,14.94,6.23,6.314,6.188,6.209,6.247,4876490.0,72832030500.0,0.0,0.0,-0.05,-0.0209,-0.3356
SSI,2020-05-27,15:05:03,HOSE,STOCK,15.35,16.4,14.3,15.5,15.55,14.9,14.9,15.32,6.481,6.502,6.23,6.23,6.406,7938010.0,121604993500.0,0.0,0.0,-0.45,-0.1882,-2.9316
SSI,2020-05-26,15:05:03,HOSE,STOCK,14.55,15.55,13.55,14.7,15.4,14.65,15.35,15.11,6.147,6.439,6.126,6.418,6.318,8120570.0,122711566000.0,0.0,0.0,0.8,0.3345,5.4983
SSI,2020-05-25,15:05:03,HOSE,STOCK,14.3,15.3,13.3,14.4,14.6,14.3,14.55,14.5,6.021,6.105,5.979,6.084,6.063,6022830.0,87321454500.0,0.0,0.0,0.25,0.1045,1.7483
SSI,2020-05-22,15:05:02,HOSE,STOCK,14.35,15.35,13.35,14.2,14.7,14.1,14.3,14.44,5.938,6.147,5.896,5.979,6.038,7455010.0,107616482500.0,0.0,0.0,-0.05,-0.0209,-0.3484
SSI,2020-05-21,15:05:02,HOSE,STOCK,14.3,15.3,13.3,14.45,14.5,14.2,14.35,14.34,6.042,6.063,5.938,6.0,5.996,3314490.0,47535064000.0,0.0,0.0,0.05,0.0209,0.3497
SSI,2020-05-20,15:05:03,HOSE,STOCK,14.3,15.3,13.3,14.25,14.4,14.2,14.3,14.3,5.958,6.021,5.938,5.979,5.979,2577550.0,36853041000.0,0.0,0.0,0.0,0.0,0.0
SSI,2020-05-19,15:05:02,HOSE,STOCK,14.15,15.1,13.2,14.5,14.6,14.2,14.3,14.45,6.063,6.105,5.938,5.979,6.042,6873020.0,99296862000.0,0.0,0.0,0.15,0.0627,1.0601
SSI,2020-05-18,15:05:02,HOSE,STOCK,13.95,14.9,13.0,13.95,14.2,13.85,14.15,14.04,5.833,5.938,5.791,5.917,5.871,2313840.0,32497427500.0,0.0,0.0,0.2,0.0836,1.4337
SSI,2020-05-15,15:05:02,HOSE,STOCK,14.25,15.2,13.3,14.35,14.45,13.9,13.95,14.1,6.0,6.042,5.812,5.833,5.896,3732360.0,52635591500.0,0.0,0.0,-0.3,-0.1254,-2.1053
SSI,2020-05-14,15:05:02,HOSE,STOCK,14.05,15.0,13.1,13.85,14.65,13.85,14.25,14.32,5.791,6.126,5.791,5.958,5.988,5857120.0,83876997000.0,0.0,0.0,0.2,0.0836,1.4235
SSI,2020-05-13,15:05:02,HOSE,STOCK,14.2,15.15,13.25,14.0,14.3,13.7,14.05,14.0,5.854,5.979,5.728,5.875,5.854,5490540.0,76874555500.0,0.0,0.0,-0.15,-0.0627,-1.0563
SSI,2020-05-12,15:05:02,HOSE,STOCK,14.15,15.1,13.2,14.0,14.35,13.8,14.2,14.12,5.854,6.0,5.77,5.938,5.904,3956090.0,55861649500.0,0.0,0.0,0.05,0.0209,0.3534
SSI,2020-05-11,15:05:02,HOSE,STOCK,13.5,14.4,12.6,13.7,14.15,13.65,14.15,13.92,5.728,5.917,5.708,5.917,5.82,6209600.0,86453079000.0,0.0,0.0,0.65,0.2718,4.8148
SSI,2020-05-08,15:05:01,HOSE,STOCK,13.2,14.1,12.3,13.2,13.8,13.2,13.5,13.55,5.519,5.77,5.519,5.645,5.666,7919390.0,107294889000.0,0.0,0.0,0.3,0.1254,2.2727
SSI,2020-05-07,15:05:02,HOSE,STOCK,12.95,13.85,12.05,12.95,13.2,12.9,13.2,13.04,5.415,5.519,5.394,5.519,5.453,2332040.0,30400930000.0,0.0,0.0,0.25,0.1045,1.9305
SSI,2020-05-06,15:05:02,HOSE,STOCK,12.65,13.5,11.8,12.75,13.0,12.7,12.95,12.85,5.331,5.436,5.31,5.415,5.373,1675700.0,21534356000.0,0.0,0.0,0.3,0.1254,2.3715
SSI,2020-05-05,15:05:02,HOSE,STOCK,12.7,13.55,11.85,12.7,12.9,12.6,12.65,12.71,5.31,5.394,5.269,5.289,5.315,1667710.0,21192705000.0,0.0,0.0,-0.05,-0.0209,-0.3937
SSI,2020-05-04,15:05:02,HOSE,STOCK,13.0,13.9,12.1,12.9,13.0,12.7,12.7,12.82,5.394,5.436,5.31,5.31,5.361,2180310.0,27943410500.0,0.0,0.0,-0.3,-0.1254,-2.3077
SSI,2020-04-29,15:04:03,HOSE,STOCK,12.95,13.85,12.05,13.0,13.1,12.9,13.0,12.99,5.436,5.478,5.394,5.436,5.432,1454150.0,18886714500.0,0.0,0.0,0.05,0.0209,0.3861
SSI,2020-04-28,15:04:02,HOSE,STOCK,13.1,14.0,12.2,13.1,13.1,12.8,12.95,12.92,5.478,5.478,5.352,5.415,5.402,2587110.0,33423571500.0,0.0,0.0,-0.15,-0.0627,-1.145
SSI,2020-04-27,15:04:03,HOSE,STOCK,13.25,14.15,12.35,13.35,13.35,13.05,13.1,13.17,5.582,5.582,5.457,5.478,5.507,2112890.0,27821207000.0,0.0,0.0,-0.15,-0.0627,-1.1321
SSI,2020-04-24,15:04:02,HOSE,STOCK,13.3,14.2,12.4,13.25,13.35,13.05,13.25,13.2,5.54,5.582,5.457,5.54,5.519,1507530.0,19895127500.0,0.0,0.0,-0.05,-0.0209,-0.3759
SSI,2020-04-23,15:04:02,HOSE,STOCK,13.3,14.2,12.4,13.5,13.8,13.3,13.3,13.55,5.645,5.77,5.561,5.561,5.666,2594810.0,35148380000.0,0.0,0.0,0.0,0.0,0.0
SSI,2020-04-22,15:04:02,HOSE,STOCK,12.85,13.7,12.0,12.5,13.45,12.5,13.3,12.86,5.227,5.624,5.227,5.561,5.377,3435210.0,44175173500.0,0.0,0.0,0.45,0.1882,3.5019
SSI,2020-04-21,15:04:02,HOSE,STOCK,13.7,14.65,12.75,13.3,13.45,12.75,12.85,13.08,5.561,5.624,5.331,5.373,5.469,4437860.0,58043833500.0,0.0,0.0,-0.85,-0.3554,-6.2044
SSI,2020-04-20,15:04:03,HOSE,STOCK,13.6,14.55,12.65,13.65,13.8,13.45,13.7,13.63,5.708,5.77,5.624,5.728,5.699,3326260.0,45327077000.0,0.0,0.0,0.1,0.0418,0.7353
SSI,2020-04-17,15:04:01,HOSE,STOCK,13.35,14.25,12.45,13.5,13.8,13.45,13.6,13.59,5.645,5.77,5.624,5.687,5.682,3936040.0,53496273000.0,0.0,0.0,0.25,0.1045,1.8727
SSI,2020-04-16,15:04:02,HOSE,STOCK,13.35,14.25,12.45,13.2,13.55,13.1,13.35,13.36,5.519,5.666,5.478,5.582,5.586,2603060.0,34764665500.0,0.0,0.0,0.0,0.0,0.0
SSI,2020-04-15,15:04:02,HOSE,STOCK,13.2,14.1,12.3,13.3,13.45,13.2,13.35,13.33,5.561,5.624,5.519,5.582,5.574,3075990.0,41017377000.0,0.0,0.0,0.15,0.0627,1.1364
SSI,2020-04-14,15:04:02,HOSE,STOCK,13.15,14.05,12.25,13.05,13.2,12.75,13.2,12.99,5.457,5.519,5.331,5.519,5.432,3902110.0,50671643500.0,0.0,0.0,0.05,0.0209,0.3802
SSI,2020-04-13,15:04:03,HOSE,STOCK,13.3,14.2,12.4,13.15,13.4,13.0,13.15,13.24,5.499,5.603,5.436,5.499,5.536,3573400.0,47324625500.0,0.0,0.0,-0.15,-0.0627,-1.1278
SSI,2020-04-10,15:04:01,HOSE,STOCK,13.2,14.1,12.3,13.3,13.6,13.0,13.3,13.34,5.561,5.687,5.436,5.561,5.578,3233820.0,43140998000.0,0.0,0.0,0.1,0.0418,0.7576
SSI,2020-04-09,15:04:02,HOSE,STOCK,12.4,13.2,11.55,13.0,13.2,12.95,13.2,13.15,5.436,5.519,5.415,5.519,5.499,5507100.0,72393309000.0,0.0,0.0,0.8,0.3345,6.4516
SSI,2020-04-08,15:04:02,HOSE,STOCK,14.15,15.1,13.2,13.9,14.5,13.6,14.35,13.94,5.011,5.227,4.902,5.173,5.025,4091610.0,57057415000.0,0.0,0.0,0.2,0.0721,1.4134
SSI,2020-04-07,15:04:02,HOSE,STOCK,14.15,15.1,13.2,14.5,14.55,14.0,14.15,14.22,5.227,5.245,5.047,5.101,5.126,6377610.0,90669198500.0,0.0,0.0,0.0,0.0,0.0
SSI,2020-04-06,15:04:02,HOSE,STOCK,13.25,14.15,12.35,13.95,14.15,13.8,14.15,14.1,5.029,5.101,4.975,5.101,5.083,5473010.0,77187298500.0,0.0,0.0,0.9,0.3244,6.7925
SSI,2020-04-03,15:04:02,HOSE,STOCK,12.4,13.25,11.55,12.9,13.25,12.8,13.25,13.18,4.65,4.776,4.614,4.776,4.751,4544530.0,59914520500.0,0.0,0.0,0.85,0.3064,6.8548
SSI,2020-04-01,15:04:02,HOSE,STOCK,11.6,12.4,10.8,11.6,12.4,11.6,12.4,12.32,4.182,4.47,4.182,4.47,4.441,3715270.0,45772805000.0,0.0,0.0,0.8,0.2884,6.8966
SSI,2020-03-31,15:03:03,HOSE,STOCK,11.5,12.3,10.7,11.65,11.95,11.1,11.6,11.61,4.2,4.308,4.001,4.182,4.185,1680730.0,19517387500.0,0.0,0.0,0.1,0.0361,0.8696
SSI,2020-03-30,15:03:02,HOSE,STOCK,12.35,13.2,11.5,11.9,11.9,11.5,11.5,11.6,4.29,4.29,4.145,4.145,4.182,2427550.0,28169173500.0,0.0,0.0,-0.85,-0.3064,-6.8826
SSI,2020-03-27,15:03:02,HOSE,STOCK,12.95,13.85,12.05,13.0,13.05,12.35,12.35,12.74,4.686,4.704,4.452,4.452,4.592,2469460.0,31457706500.0,0.0,0.0,-0.6,-0.2163,-4.6332
SSI,2020-03-26,15:03:02,HOSE,STOCK,13.35,14.25,12.45,13.2,13.25,12.9,12.95,13.04,4.758,4.776,4.65,4.668,4.701,1256940.0,16394021000.0,0.0,0.0,-0.4,-0.1442,-2.9963
SSI,2020-03-25,15:03:02,HOSE,STOCK,12.5,13.35,11.65,13.0,13.35,12.75,13.35,13.07,4.686,4.812,4.596,4.812,4.711,2376040.0,31061853500.0,0.0,0.0,0.85,0.3064,6.8
SSI,2020-03-24,15:03:02,HOSE,STOCK,12.9,13.8,12.0,12.95,13.0,12.2,12.5,12.67,4.668,4.686,4.398,4.506,4.567,3009990.0,38134560500.0,0.0,0.0,-0.4,-0.1442,-3.1008
SSI,2020-03-23,15:03:02,HOSE,STOCK,13.85,14.8,12.9,13.2,13.4,12.9,12.9,12.98,4.758,4.83,4.65,4.65,4.679,3296350.0,42782044000.0,0.0,0.0,-0.95,-0.3424,-6.8592
SSI,2020-03-20,15:03:02,HOSE,STOCK,13.7,14.65,12.75,14.0,14.05,13.6,13.85,13.8,5.047,5.065,4.902,4.993,4.975,2868770.0,39599619500.0,0.0,0.0,0.15,0.0541,1.0949
SSI,2020-03-19,15:03:02,HOSE,STOCK,13.7,14.65,12.75,13.4,13.9,13.3,13.7,13.64,4.83,5.011,4.794,4.939,4.917,2568540.0,35022861500.0,0.0,0.0,0.0,0.0,0.0
SSI,2020-03-18,15:03:02,HOSE,STOCK,14.2,15.15,13.25,14.4,14.4,13.6,13.7,13.89,5.191,5.191,4.902,4.939,5.007,3190370.0,44327956000.0,0.0,0.0,-0.5,-0.1803,-3.5211
SSI,2020-03-17,15:03:02,HOSE,STOCK,13.3,14.2,12.4,13.1,14.2,12.8,14.2,13.52,4.722,5.119,4.614,5.119,4.874,4834780.0,65343799000.0,0.0,0.0,0.9,0.3244,6.7669
SSI,2020-03-16,15:03:03,HOSE,STOCK,13.3,14.2,12.4,13.5,13.6,13.2,13.3,13.36,4.866,4.902,4.758,4.794,4.816,2897920.0,38728020000.0,0.0,0.0,0.0,0.0,0.0
SSI,2020-03-13,15:03:03,HOSE,STOCK,13.55,14.45,12.65,12.7,13.75,12.7,13.3,13.05,4.578,4.957,4.578,4.794,4.704,4484960.0,58530190000.0,0.0,0.0,-0.25,-0.0901,-1.845
SSI,2020-03-12,15:03:07,HOSE,STOCK,14.5,15.5,13.5,13.8,14.0,13.5,13.55,13.65,4.975,5.047,4.866,4.884,4.921,4606030.0,62851463500.0,0.0,0.0,-0.95,-0.3424,-6.5517
SSI,2020-03-11,15:03:03,HOSE,STOCK,15.55,16.6,14.5,15.85,15.85,14.5,14.5,14.77,5.714,5.714,5.227,5.227,5.324,3614130.0,53393469000.0,0.0,0.0,-1.05,-0.3785,-6.7524
SSI,2020-03-10,15:03:03,HOSE,STOCK,15.55,16.6,14.5,14.9,15.65,14.9,15.55,15.24,5.371,5.641,5.371,5.605,5.494,3374030.0,51431449500.0,0.0,0.0,0.0,0.0,0.0
SSI,2020-03-09,15:03:02,HOSE,STOCK,16.7,17.85,15.55,15.55,15.8,15.55,15.55,15.6,5.605,5.696,5.605,5.605,5.623,3576610.0,55796910000.0,0.0,0.0,-1.15,-0.4145,-6.8862
SSI,2020-03-06,15:03:04,HOSE,STOCK,16.8,17.95,15.65,16.75,16.75,16.45,16.7,16.61,6.038,6.038,5.93,6.02,5.988,1362870.0,22635769000.0,0.0,0.0,-0.1,-0.036,-0.5952
SSI,2020-03-05,15:03:04,HOSE,STOCK,16.25,17.35,15.15,16.55,16.95,16.45,16.8,16.72,5.966,6.11,5.93,6.056,6.027,3298460.0,55154270500.0,0.0,0.0,0.55,0.1983,3.3846
SSI,2020-03-04,15:03:02,HOSE,STOCK,15.95,17.05,14.85,16.0,16.45,15.9,16.25,16.22,5.768,5.93,5.732,5.858,5.847,2852970.0,46279753000.0,0.0,0.0,0.3,0.1081,1.8809
SSI,2020-03-03,15:03:03,HOSE,STOCK,15.8,16.9,14.7,16.1,16.25,15.95,15.95,16.1,5.804,5.858,5.75,5.75,5.804,2088500.0,33616389500.0,0.0,0.0,0.15,0.0541,0.9494
SSI,2020-03-02,15:03:04,HOSE,STOCK,15.9,17.0,14.8,16.05,16.1,15.75,15.8,15.87,5.786,5.804,5.678,5.696,5.721,2114140.0,33552717500.0,0.0,0.0,-0.1,-0.0361,-0.6289
SSI,2020-02-28,15:02:02,HOSE,STOCK,16.5,17.65,15.35,16.15,16.2,15.8,15.9,16.0,5.822,5.84,5.696,5.732,5.768,1987700.0,31796350000.0,0.0,0.0,-0.6,-0.2163,-3.6364
SSI,2020-02-27,15:02:02,HOSE,STOCK,16.1,17.2,15.0,16.0,16.5,15.95,16.5,16.21,5.768,5.948,5.75,5.948,5.843,1490420.0,24155892000.0,0.0,0.0,0.4,0.1442,2.4845
SSI,2020-02-26,15:02:03,HOSE,STOCK,16.4,17.5,15.3,16.0,16.7,15.9,16.1,16.17,5.768,6.02,5.732,5.804,5.829,1038320.0,16794399500.0,0.0,0.0,-0.3,-0.1081,-1.8293
SSI,2020-02-25,15:02:02,HOSE,STOCK,16.25,17.35,15.15,15.85,16.45,15.85,16.4,16.09,5.714,5.93,5.714,5.912,5.8,1693240.0,27248080000.0,0.0,0.0,0.15,0.0541,0.9231
SSI,2020-02-24,15:02:03,HOSE,STOCK,17.45,18.65,16.25,17.05,17.15,16.25,16.25,16.62,6.146,6.182,5.858,5.858,5.991,3482920.0,57875343000.0,0.0,0.0,-1.2,-0.4326,-6.8768
SSI,2020-02-21,15:02:02,HOSE,STOCK,17.6,18.8,16.4,17.6,17.65,17.45,17.45,17.55,6.344,6.362,6.29,6.29,6.326,1197860.0,21016566500.0,0.0,0.0,-0.15,-0.0541,-0.8523
SSI,2020-02-20,15:02:03,HOSE,STOCK,17.6,18.8,16.4,17.7,17.85,17.5,17.6,17.65,6.38,6.435,6.308,6.344,6.362,1664520.0,29374098000.0,0.0,0.0,0.0,0.0,0.0
SSI,2020-02-19,15:02:02,HOSE,STOCK,17.55,18.75,16.35,17.6,17.65,17.45,17.6,17.56,6.344,6.362,6.29,6.344,6.33,1668460.0,29305837000.0,0.0,0.0,0.05,0.018,0.2849
SSI,2020-02-18,15:02:04,HOSE,STOCK,17.65,18.85,16.45,17.65,17.7,17.4,17.55,17.57,6.362,6.38,6.272,6.326,6.334,1478110.0,25974147000.0,0.0,0.0,-0.1,-0.036,-0.5666
SSI,2020-02-17,15:02:03,HOSE,STOCK,17.8,19.0,16.6,17.8,17.95,17.65,17.65,17.79,6.416,6.471,6.362,6.362,6.413,1955060.0,34787900000.0,0.0,0.0,-0.15,-0.0541,-0.8427
SSI,2020-02-14,15:02:03,HOSE,STOCK,17.6,18.8,16.4,17.6,17.85,17.5,17.8,17.68,6.344,6.435,6.308,6.416,6.373,1102790.0,19492959000.0,0.0,0.0,0.2,0.0721,1.1364
SSI,2020-02-13,15:02:03,HOSE,STOCK,17.8,19.0,16.6,17.6,17.7,17.55,17.6,17.61,6.344,6.38,6.326,6.344,6.348,1264660.0,22270313000.0,0.0,0.0,-0.2,-0.0721,-1.1236
SSI,2020-02-12,15:02:02,HOSE,STOCK,17.45,18.65,16.25,17.5,17.8,17.5,17.8,17.7,6.308,6.416,6.308,6.416,6.38,2789960.0,49376078000.0,0.0,0.0,0.35,0.1262,2.0057
SSI,2020-02-11,15:02:04,HOSE,STOCK,17.55,18.75,16.35,17.55,17.6,17.4,17.45,17.52,6.326,6.344,6.272,6.29,6.316,1521880.0,26665873500.0,0.0,0.0,-0.1,-0.036,-0.5698
SSI,2020-02-10,15:02:02,HOSE,STOCK,17.7,18.9,16.5,17.2,17.6,16.8,17.55,17.43,6.2,6.344,6.056,6.326,6.283,775620.0,13521553000.0,0.0,0.0,-0.15,-0.0541,-0.8475
SSI,2020-02-07,15:02:03,HOSE,STOCK,17.7,18.9,16.5,17.7,17.95,17.5,17.7,17.76,6.38,6.471,6.308,6.38,6.402,2561750.0,45485275500.0,0.0,0.0,0.0,0.0,0.0
SSI,2020-02-06,15:02:03,HOSE,STOCK,16.95,18.1,15.8,17.0,17.7,16.9,17.7,17.33,6.128,6.38,6.092,6.38,6.247,2870780.0,49744374500.0,0.0,0.0,0.75,0.2703,4.4248
SSI,2020-02-05,15:02:02,HOSE,STOCK,17.0,18.15,15.85,17.1,17.25,16.9,16.95,17.07,6.164,6.218,6.092,6.11,6.153,2164080.0,36945158500.0,0.0,0.0,-0.05,-0.018,-0.2941
SSI,2020-02-04,15:02:02,HOSE,STOCK,17.05,18.2,15.9,17.1,17.25,16.8,17.0,17.05,6.164,6.218,6.056,6.128,6.146,1782240.0,30390799000.0,0.0,0.0,-0.05,-0.018,-0.2933
SSI,2020-02-03,15:02:03,HOSE,STOCK,17.7,18.9,16.5,16.8,17.1,16.5,17.05,16.78,6.056,6.164,5.948,6.146,6.049,3144570.0,52772344000.0,0.0,0.0,-0.65,-0.2343,-3.6723
SSI,2020-01-31,15:01:02,HOSE,STOCK,18.5,19.75,17.25,18.1,18.3,17.25,17.7,17.8,6.525,6.597,6.218,6.38,6.416,4457280.0,79328389500.0,0.0,0.0,-0.8,-0.2884,-4.3243
SSI,2020-01-30,15:01:01,HOSE,STOCK,19.3,20.65,17.95,18.95,18.95,18.1,18.5,18.53,6.831,6.831,6.525,6.669,6.68,2412920.0,44712840000.0,0.0,0.0,-0.8,-0.2884,-4.1451
SSI,2020-01-22,15:01:02,HOSE,STOCK,19.25,20.55,17.95,19.25,19.4,19.15,19.3,19.27,6.939,6.993,6.903,6.957,6.946,1729500.0,33329784500.0,0.0,0.0,0.05,0.018,0.2597
SSI,2020-01-21,15:01:03,HOSE,STOCK,19.25,20.55,17.95,19.1,19.45,19.05,19.25,19.31,6.885,7.011,6.867,6.939,6.961,1541100.0,29756379500.0,0.0,0.0,0.0,0.0,0.0
SSI,2020-01-20,15:01:02,HOSE,STOCK,19.25,20.55,17.95,19.25,19.25,19.0,19.25,19.16,6.939,6.939,6.849,6.939,6.907,1288010.0,24672723000.0,0.0,0.0,0.0,0.0,0.0
SSI,2020-01-17,15:01:02,HOSE,STOCK,19.1,20.4,17.8,19.2,19.5,19.0,19.25,19.24,6.921,7.029,6.849,6.939,6.936,2832740.0,54503939500.0,0.0,0.0,0.15,0.0541,0.7853
SSI,2020-01-16,15:01:01,HOSE,STOCK,18.4,19.65,17.15,18.4,19.1,18.4,19.1,18.77,6.633,6.885,6.633,6.885,6.766,2384770.0,44756281000.0,0.0,0.0,0.7,0.2523,3.8043
SSI,2020-01-15,15:01:02,HOSE,STOCK,18.4,19.65,17.15,18.45,18.45,18.3,18.4,18.39,6.651,6.651,6.597,6.633,6.629,830260.0,15269375500.0,0.0,0.0,0.0,0.0,0.0
SSI,2020-01-14,15:01:02,HOSE,STOCK,18.3,19.55,17.05,18.3,18.45,18.25,18.4,18.37,6.597,6.651,6.579,6.633,6.622,1066740.0,19597066500.0,0.0,0.0,0.1,0.036,0.5464
SSI,2020-01-13,15:01:03,HOSE,STOCK,18.3,19.55,17.05,18.2,18.5,18.2,18.3,18.38,6.561,6.669,6.561,6.597,6.626,1125380.0,20687745000.0,0.0,0.0,0.0,0.0,0.0
SSI,2020-01-10,15:01:03,HOSE,STOCK,17.95,19.2,16.7,18.0,18.35,17.9,18.3,18.11,6.489,6.615,6.453,6.597,6.528,2067400.0,37432776000.0,0.0,0.0,0.35,0.1262,1.9499
SSI,2020-01-09,15:01:03,HOSE,STOCK,17.75,18.95,16.55,17.95,18.05,17.85,17.95,17.94,6.471,6.507,6.435,6.471,6.467,1149130.0,20619363500.0,0.0,0.0,0.2,0.0721,1.1268
SSI,2020-01-08,15:01:02,HOSE,STOCK,18.25,19.5,17.0,18.05,18.1,17.55,17.75,17.9,6.507,6.525,6.326,6.398,6.453,2622960.0,46945413000.0,0.0,0.0,-0.5,-0.1802,-2.7397
SSI,2020-01-07,15:01:02,HOSE,STOCK,18.2,19.45,16.95,18.2,18.3,18.15,18.25,18.22,6.561,6.597,6.543,6.579,6.568,643090.0,11718520000.0,0.0,0.0,0.05,0.018,0.2747
SSI,2020-01-06,15:01:02,HOSE,STOCK,18.25,19.5,17.0,18.15,18.3,18.05,18.2,18.19,6.543,6.597,6.507,6.561,6.557,1348120.0,24525116000.0,0.0,0.0,-0.05,-0.018,-0.274
SSI,2020-01-03,15:01:03,HOSE,STOCK,18.4,19.65,17.15,18.5,18.6,18.15,18.25,18.36,6.669,6.705,6.543,6.579,6.618,703890.0,12920452500.0,0.0,0.0,-0.15,-0.0541,-0.8152
SSI,2020-01-02,15:01:02,HOSE,STOCK,18.05,19.3,16.8,18.1,18.4,18.05,18.4,18.23,6.525,6.633,6.507,6.633,6.571,991450.0,18075093000.0,0.0,0.0,0.35,0.1262,1.9391
SSI,2019-12-31,15:12:01,HOSE,STOCK,18.15,19.4,16.9,18.15,18.2,18.05,18.05,18.1,6.543,6.561,6.507,6.507,6.525,1060150.0,19193276000.0,0.0,0.0,-0.1,-0.036,-0.551
SSI,2019-12-30,15:12:02,HOSE,STOCK,18.1,19.35,16.85,18.3,18.45,18.1,18.15,18.24,6.597,6.651,6.525,6.543,6.575,1089430.0,19872276500.0,0.0,0.0,0.05,0.018,0.2762
SSI,2019-12-27,15:12:02,HOSE,STOCK,18.25,19.5,17.0,18.15,18.25,18.05,18.1,18.12,6.543,6.579,6.507,6.525,6.532,1253730.0,22713003000.0,0.0,0.0,-0.15,-0.0541,-0.8219
SSI,2019-12-26,15:12:03,HOSE,STOCK,18.2,19.45,16.95,18.15,18.3,18.1,18.25,18.19,6.543,6.597,6.525,6.579,6.557,712470.0,12960543500.0,0.0,0.0,0.05,0.018,0.2747
SSI,2019-12-25,15:12:01,HOSE,STOCK,18.35,19.6,17.1,18.35,18.35,18.15,18.2,18.27,6.615,6.615,6.543,6.561,6.586,915210.0,16719703500.0,0.0,0.0,-0.15,-0.0541,-0.8174
SSI,2019-12-24,15:12:03,HOSE,STOCK,18.35,19.6,17.1,18.3,18.45,18.2,18.35,18.29,6.597,6.651,6.561,6.615,6.593,879570.0,16089437500.0,0.0,0.0,0.0,0.0,0.0
SSI,2019-12-23,15:12:01,HOSE,STOCK,18.3,19.55,17.05,18.3,18.5,18.3,18.35,18.37,6.597,6.669,6.597,6.615,6.622,1083840.0,19908143500.0,0.0,0.0,0.05,0.018,0.2732
SSI,2019-12-20,15:12:02,HOSE,STOCK,18.1,19.35,16.85,18.2,18.45,18.1,18.3,18.28,6.561,6.651,6.525,6.597,6.59,1297840.0,23725110000.0,0.0,0.0,0.2,0.0721,1.105
SSI,2019-12-19,15:12:02,HOSE,STOCK,18.4,19.65,17.15,18.4,18.6,18.1,18.1,18.32,6.633,6.705,6.525,6.525,6.604,992680.0,18182015000.0,0.0,0.0,-0.3,-0.1081,-1.6304
SSI,2019-12-18,15:12:02,HOSE,STOCK,18.65,19.95,17.35,18.75,18.85,18.4,18.4,18.62,6.759,6.795,6.633,6.633,6.712,1375490.0,25605623500.0,0.0,0.0,-0.25,-0.0901,-1.3405
SSI,2019-12-17,15:12:01,HOSE,STOCK,19.05,20.35,17.75,19.1,19.15,18.65,18.65,18.86,6.885,6.903,6.723,6.723,6.799,1565970.0,29528277500.0,0.0,0.0,-0.4,-0.1442,-2.0997
SSI,2019-12-16,15:12:02,HOSE,STOCK,19.2,20.5,17.9,19.2,19.3,19.0,19.05,19.13,6.921,6.957,6.849,6.867,6.896,826290.0,15806367000.0,0.0,0.0,-0.15,-0.0541,-0.7813
SSI,2019-12-13,15:12:01,HOSE,STOCK,19.4,20.75,18.05,19.5,19.55,19.2,19.2,19.39,7.029,7.047,6.921,6.921,6.99,1035860.0,20080175000.0,0.0,0.0,-0.2,-0.0721,-1.0309
SSI,2019-12-12,15:12:02,HOSE,STOCK,19.0,20.3,17.7,19.15,19.4,18.95,19.4,19.13,6.903,6.993,6.831,6.993,6.896,1480900.0,28324697500.0,0.0,0.0,0.4,0.1442,2.1053
SSI,2019-12-11,15:12:02,HOSE,STOCK,19.2,20.5,17.9,19.15,19.3,18.75,19.0,19.0,6.903,6.957,6.759,6.849,6.849,1402910.0,26662014000.0,0.0,0.0,-0.2,-0.0721,-1.0417
SSI,2019-12-10,15:12:04,HOSE,STOCK,19.6,20.95,18.25,19.6,19.6,19.1,19.2,19.31,7.065,7.065,6.885,6.921,6.961,1237160.0,23894682500.0,0.0,0.0,-0.4,-0.1442,-2.0408
SSI,2019-12-09,15:12:02,HOSE,STOCK,19.5,20.85,18.15,19.5,19.85,19.45,19.6,19.68,7.029,7.155,7.011,7.065,7.094,842290.0,16574079500.0,0.0,0.0,0.1,0.036,0.5128
SSI,2019-12-06,15:12:02,HOSE,STOCK,19.6,20.95,18.25,19.65,19.7,19.5,19.5,19.6,7.083,7.101,7.029,7.029,7.065,606440.0,11883221500.0,0.0,0.0,-0.1,-0.036,-0.5102
SSI,2019-12-05,15:12:02,HOSE,STOCK,19.8,21.15,18.45,19.9,20.0,19.6,19.6,19.82,7.173,7.21,7.065,7.065,7.145,718100.0,14234103000.0,0.0,0.0,-0.2,-0.0721,-1.0101
SSI,2019-12-04,15:12:02,HOSE,STOCK,19.3,20.65,17.95,19.35,19.8,19.3,19.8,19.54,6.975,7.137,6.957,7.137,7.044,1058620.0,20690623500.0,0.0,0.0,0.5,0.1802,2.5907
SSI,2019-12-03,15:12:03,HOSE,STOCK,19.5,20.85,18.15,19.25,19.6,19.25,19.3,19.43,6.939,7.065,6.939,6.957,7.004,1208130.0,23476958000.0,0.0,0.0,-0.2,-0.0721,-1.0256
SSI,2019-12-02,15:12:02,HOSE,STOCK,19.8,21.15,18.45,19.8,19.95,19.5,19.5,19.74,7.137,7.192,7.029,7.029,7.116,1531820.0,30238256000.0,0.0,0.0,-0.3,-0.1081,-1.5152
SSI,2019-11-29,15:11:02,HOSE,STOCK,19.85,21.2,18.5,19.85,19.95,19.8,19.8,19.86,7.155,7.192,7.137,7.137,7.159,1003800.0,19938911500.0,0.0,0.0,-0.05,-0.018,-0.2519
SSI,2019-11-28,15:11:04,HOSE,STOCK,19.85,21.2,18.5,19.9,20.0,19.75,19.85,19.86,7.173,7.21,7.119,7.155,7.159,1132110.0,22486496500.0,0.0,0.0,0.0,0.0,0.0
SSI,2019-11-27,15:11:03,HOSE,STOCK,20.0,21.4,18.6,20.1,20.1,19.85,19.85,19.98,7.246,7.246,7.155,7.155,7.202,1816170.0,36289011000.0,0.0,0.0,-0.15,-0.0541,-0.75
SSI,2019-11-26,15:11:02,HOSE,STOCK,20.25,21.65,18.85,20.3,20.4,20.0,20.0,20.2,7.318,7.354,7.21,7.21,7.282,1658300.0,33494325500.0,0.0,0.0,-0.25,-0.0901,-1.2346
SSI,2019-11-25,15:11:03,HOSE,STOCK,20.1,21.5,18.7,20.2,20.3,20.05,20.25,20.17,7.282,7.318,7.228,7.3,7.271,954610.0,19258526000.0,0.0,0.0,0.15,0.0541,0.7463
SSI,2019-11-22,15:11:02,HOSE,STOCK,20.4,21.8,19.0,20.6,20.65,20.05,20.1,20.25,7.426,7.444,7.228,7.246,7.3,1895590.0,38394911500.0,0.0,0.0,-0.3,-0.1081,-1.4706
SSI,2019-11-21,15:11:04,HOSE,STOCK,20.9,22.35,19.45,20.9,20.9,20.4,20.4,20.64,7.534,7.534,7.354,7.354,7.44,2083430.0,42999621000.0,0.0,0.0,-0.5,-0.1802,-2.3923
SSI,2019-11-20,15:11:04,HOSE,STOCK,21.1,22.55,19.65,21.15,21.15,20.9,20.9,20.99,7.624,7.624,7.534,7.534,7.566,1248390.0,26200699500.0,0.0,0.0,-0.2,-0.0721,-0.9479
SSI,2019-11-19,15:11:04,HOSE,STOCK,21.0,22.45,19.55,21.0,21.25,21.0,21.1,21.1,7.57,7.66,7.57,7.606,7.606,904070.0,19078315000.0,0.0,0.0,0.1,0.036,0.4762
SSI,2019-11-18,15:11:02,HOSE,STOCK,21.1,22.55,19.65,21.15,21.2,20.95,21.0,21.03,7.624,7.642,7.552,7.57,7.581,1089630.0,22919206000.0,0.0,0.0,-0.1,-0.036,-0.4739
SSI,2019-11-15,15:11:02,HOSE,STOCK,21.45,22.95,19.95,21.4,21.45,21.1,21.1,21.23,7.714,7.732,7.606,7.606,7.653,1624740.0,34489133500.0,0.0,0.0,-0.35,-0.1262,-1.6317
SSI,2019-11-14,15:11:02,HOSE,STOCK,21.65,23.15,20.15,21.6,21.7,21.3,21.45,21.49,7.786,7.822,7.678,7.732,7.747,1586090.0,34079982000.0,0.0,0.0,-0.2,-0.0721,-0.9238
SSI,2019-11-13,15:11:05,HOSE,STOCK,21.65,23.15,20.15,21.7,21.75,21.5,21.65,21.65,7.822,7.84,7.75,7.804,7.804,1294780.0,28037516500.0,0.0,0.0,0.0,0.0,0.0
SSI,2019-11-12,15:11:03,HOSE,STOCK,21.7,23.2,20.2,21.7,21.9,21.65,21.65,21.75,7.822,7.894,7.804,7.804,7.84,1526400.0,33202390000.0,0.0,0.0,-0.05,-0.018,-0.2304
SSI,2019-11-11,15:11:02,HOSE,STOCK,22.05,23.55,20.55,22.05,22.05,21.7,21.7,21.88,7.949,7.949,7.822,7.822,7.887,1804140.0,39474587500.0,0.0,0.0,-0.35,-0.1262,-1.5873
SSI,2019-11-08,15:11:01,HOSE,STOCK,22.05,23.55,20.55,22.25,22.3,21.95,22.05,22.12,8.021,8.039,7.912,7.949,7.974,2388020.0,52819880500.0,0.0,0.0,0.0,0.0,0.0
SSI,2019-11-07,15:11:02,HOSE,STOCK,21.7,23.2,20.2,21.7,22.2,21.65,22.05,21.92,7.822,8.003,7.804,7.949,7.902,2939090.0,64435971000.0,0.0,0.0,0.35,0.1262,1.6129
SSI,2019-11-06,15:11:01,HOSE,STOCK,21.8,23.3,20.3,21.8,21.85,21.65,21.7,21.76,7.858,7.876,7.804,7.822,7.844,1545130.0,33623832000.0,0.0,0.0,-0.1,-0.036,-0.4587
SSI,2019-11-05,15:11:03,HOSE,STOCK,21.75,23.25,20.25,21.85,21.95,21.75,21.8,21.81,7.876,7.912,7.84,7.858,7.862,2130290.0,46453627000.0,0.0,0.0,0.05,0.018,0.2299
SSI,2019-11-04,15:11:03,HOSE,STOCK,21.5,23.0,20.0,21.6,21.85,21.55,21.75,21.75,7.786,7.876,7.768,7.84,7.84,3298180.0,71747378500.0,0.0,0.0,0.25,0.0901,1.1628
SSI,2019-11-01,15:11:03,HOSE,STOCK,21.35,22.8,19.9,21.3,21.7,21.15,21.5,21.47,7.678,7.822,7.624,7.75,7.739,3104820.0,66659843500.0,0.0,0.0,0.15,0.0541,0.7026
SSI,2019-10-31,15:10:04,HOSE,STOCK,21.35,22.8,19.9,21.4,21.45,21.0,21.35,21.28,7.714,7.732,7.57,7.696,7.671,1786810.0,38017698500.0,0.0,0.0,0.0,0.0,0.0
SSI,2019-10-30,15:10:04,HOSE,STOCK,21.15,22.6,19.7,21.15,21.4,21.15,21.35,21.29,7.624,7.714,7.624,7.696,7.675,1056930.0,22499803000.0,0.0,0.0,0.2,0.0721,0.9456
SSI,2019-10-29,15:10:01,HOSE,STOCK,21.25,22.7,19.8,21.25,21.4,21.15,21.15,21.29,7.66,7.714,7.624,7.624,7.675,1162360.0,24752120000.0,0.0,0.0,-0.1,-0.036,-0.4706
SSI,2019-10-28,15:10:03,HOSE,STOCK,21.3,22.75,19.85,21.5,21.65,21.25,21.25,21.41,7.75,7.804,7.66,7.66,7.718,1507540.0,32274387000.0,0.0,0.0,-0.05,-0.018,-0.2347
SSI,2019-10-25,15:10:01,HOSE,STOCK,21.3,22.75,19.85,21.3,21.45,21.25,21.3,21.36,7.678,7.732,7.66,7.678,7.7,1154870.0,24662289500.0,0.0,0.0,0.0,0.0,0.0
SSI,2019-10-24,15:10:01,HOSE,STOCK,20.8,22.25,19.35,20.9,21.3,20.85,21.3,21.06,7.534,7.678,7.516,7.678,7.592,1454750.0,30643041000.0,0.0,0.0,0.5,0.1802,2.4038
SSI,2019-10-23,15:10:03,HOSE,STOCK,20.9,22.35,19.45,20.85,21.0,20.8,20.8,20.91,7.516,7.57,7.498,7.498,7.538,736320.0,15393721000.0,0.0,0.0,-0.1,-0.036,-0.4785
SSI,2019-10-22,15:10:02,HOSE,STOCK,20.8,22.25,19.35,20.9,20.95,20.65,20.9,20.8,7.534,7.552,7.444,7.534,7.498,1056960.0,21988164000.0,0.0,0.0,0.1,0.036,0.4808
SSI,2019-10-21,15:10:03,HOSE,STOCK,21.1,22.55,19.65,20.9,21.0,20.8,20.8,20.89,7.534,7.57,7.498,7.498,7.53,1386210.0,28952986500.0,0.0,0.0,-0.3,-0.1081,-1.4218
SSI,2019-10-18,15:10:05,HOSE,STOCK,21.35,22.8,19.9,21.3,21.5,21.1,21.1,21.29,7.678,7.75,7.606,7.606,7.675,1287590.0,27414534000.0,0.0,0.0,-0.25,-0.0901,-1.171
SSI,2019-10-17,15:10:02,HOSE,STOCK,21.55,23.05,20.05,21.55,21.55,21.3,21.35,21.42,7.768,7.768,7.678,7.696,7.721,1092380.0,23399157000.0,0.0,0.0,-0.2,-0.0721,-0.9281
SSI,2019-10-16,15:10:03,HOSE,STOCK,21.6,23.1,20.1,21.7,21.7,21.5,21.55,21.61,7.822,7.822,7.75,7.768,7.79,1399280.0,30240858500.0,0.0,0.0,-0.05,-0.018,-0.2315
SSI,2019-10-15,15:10:02,HOSE,STOCK,21.75,23.25,20.25,21.85,21.85,21.55,21.6,21.67,7.876,7.876,7.768,7.786,7.812,1175550.0,25469808500.0,0.0,0.0,-0.15,-0.0541,-0.6897
SSI,2019-10-14,15:10:02,HOSE,STOCK,21.3,22.75,19.85,21.5,21.9,21.5,21.75,21.67,7.75,7.894,7.75,7.84,7.812,2618430.0,56733390500.0,0.0,0.0,0.45,0.1622,2.1127
SSI,2019-10-11,15:10:03,HOSE,STOCK,21.3,22.75,19.85,21.35,21.4,21.2,21.3,21.3,7.696,7.714,7.642,7.678,7.678,1868890.0,39803624500.0,0.0,0.0,0.0,0.0,0.0
SSI,2019-10-10,15:10:03,HOSE,STOCK,21.3,22.75,19.85,21.3,21.5,21.25,21.3,21.37,7.678,7.75,7.66,7.678,7.703,1479760.0,31629365000.0,0.0,0.0,0.0,0.0,0.0
SSI,2019-10-09,15:10:01,HOSE,STOCK,21.4,22.85,19.95,21.5,21.6,21.2,21.3,21.37,7.75,7.786,7.642,7.678,7.703,1626100.0,34744653500.0,0.0,0.0,-0.1,-0.036,-0.4673
SSI,2019-10-08,15:10:02,HOSE,STOCK,21.1,22.55,19.65,21.05,21.55,21.05,21.4,21.27,7.588,7.768,7.588,7.714,7.667,1284020.0,27314714000.0,0.0,0.0,0.3,0.1081,1.4218
SSI,2019-10-07,15:10:02,HOSE,STOCK,21.6,23.1,20.1,21.65,21.8,21.1,21.1,21.41,7.804,7.858,7.606,7.606,7.718,1748860.0,37448435500.0,0.0,0.0,-0.5,-0.1802,-2.3148
SSI,2019-10-04,15:10:04,HOSE,STOCK,22.4,23.95,20.85,22.8,22.8,21.6,21.6,22.24,8.219,8.219,7.786,7.786,8.017,3431800.0,76320741500.0,0.0,0.0,-0.8,-0.2884,-3.5714
SSI,2019-10-03,15:10:02,HOSE,STOCK,23.4,25.0,21.8,23.15,23.5,23.0,23.4,23.28,7.989,8.109,7.937,8.075,8.034,2017010.0,46960409500.0,0.0,0.0,0.0,0.0,0.0
SSI,2019-10-02,15:10:03,HOSE,STOCK,23.15,24.75,21.55,23.1,23.7,23.0,23.4,23.41,7.971,8.178,7.937,8.075,8.078,3730500.0,87322939500.0,0.0,0.0,0.25,0.0863,1.0799
SSI,2019-10-01,15:10:03,HOSE,STOCK,23.0,24.6,21.4,22.9,23.2,22.85,23.15,23.02,7.902,8.006,7.885,7.989,7.944,2998990.0,69040412500.0,0.0,0.0,0.15,0.0518,0.6522
SSI,2019-09-30,15:09:03,HOSE,STOCK,23.2,24.8,21.6,23.35,23.4,22.95,23.0,23.18,8.058,8.075,7.92,7.937,7.999,2832330.0,65651738000.0,0.0,0.0,-0.2,-0.069,-0.8621
SSI,2019-09-27,15:09:09,HOSE,STOCK,22.65,24.2,21.1,22.75,23.25,22.6,23.2,22.95,7.851,8.023,7.799,8.006,7.92,4052950.0,92995059500.0,0.0,0.0,0.55,0.1898,2.4283
SSI,2019-09-26,15:09:02,HOSE,STOCK,21.65,23.15,20.15,21.8,22.65,21.8,22.65,22.2,7.523,7.816,7.523,7.816,7.661,6380250.0,141614864000.0,0.0,0.0,1.0,0.3451,4.6189
SSI,2019-09-25,15:09:03,HOSE,STOCK,21.65,23.15,20.15,21.6,21.75,21.45,21.65,21.56,7.454,7.506,7.402,7.471,7.44,1466500.0,31615903500.0,0.0,0.0,0.0,0.0,0.0
SSI,2019-09-24,15:09:04,HOSE,STOCK,21.35,22.8,19.9,21.35,21.95,21.3,21.65,21.62,7.368,7.575,7.35,7.471,7.461,2397510.0,51827780000.0,0.0,0.0,0.3,0.1035,1.4052
SSI,2019-09-23,15:09:02,HOSE,STOCK,21.45,22.95,19.95,21.6,21.65,21.35,21.35,21.49,7.454,7.471,7.368,7.368,7.416,1513730.0,32535407500.0,0.0,0.0,-0.1,-0.0345,-0.4662
SSI,2019-09-20,15:09:03,HOSE,STOCK,21.75,23.25,20.25,21.8,21.8,21.35,21.45,21.53,7.523,7.523,7.368,7.402,7.43,3372950.0,72617385000.0,0.0,0.0,-0.3,-0.1035,-1.3793
SSI,2019-09-19,15:09:04,HOSE,STOCK,21.6,23.1,20.1,21.75,21.75,21.4,21.75,21.55,7.506,7.506,7.385,7.506,7.437,1475040.0,31789326500.0,0.0,0.0,0.15,0.0518,0.6944
SSI,2019-09-18,15:09:02,HOSE,STOCK,21.65,23.15,20.15,21.75,21.9,21.55,21.6,21.72,7.506,7.557,7.437,7.454,7.495,2024510.0,43976294500.0,0.0,0.0,-0.05,-0.0173,-0.2309
SSI,2019-09-17,15:09:02,HOSE,STOCK,21.45,22.95,19.95,21.45,21.65,21.3,21.65,21.47,7.402,7.471,7.35,7.471,7.409,1290550.0,27702389500.0,0.0,0.0,0.2,0.069,0.9324
SSI,2019-09-16,15:09:03,HOSE,STOCK,21.35,22.8,19.9,21.5,21.75,21.45,21.45,21.59,7.419,7.506,7.402,7.402,7.45,2321920.0,50125880500.0,0.0,0.0,0.1,0.0345,0.4684
SSI,2019-09-13,15:09:03,HOSE,STOCK,20.85,22.3,19.4,20.9,21.5,20.85,21.35,21.19,7.212,7.419,7.195,7.368,7.312,2871350.0,60854815500.0,0.0,0.0,0.5,0.1726,2.3981
SSI,2019-09-12,15:09:03,HOSE,STOCK,20.75,22.2,19.3,20.85,21.0,20.75,20.85,20.9,7.195,7.247,7.16,7.195,7.212,681850.0,14248503500.0,0.0,0.0,0.1,0.0345,0.4819
SSI,2019-09-11,15:09:02,HOSE,STOCK,20.7,22.1,19.3,20.8,20.85,20.6,20.75,20.73,7.178,7.195,7.109,7.16,7.154,569010.0,11797147500.0,0.0,0.0,0.05,0.0173,0.2415
SSI,2019-09-10,15:09:02,HOSE,STOCK,20.9,22.35,19.45,21.2,21.2,20.7,20.7,20.92,7.316,7.316,7.143,7.143,7.219,1105140.0,23120617000.0,0.0,0.0,-0.2,-0.069,-0.9569
SSI,2019-09-09,15:09:06,HOSE,STOCK,21.1,22.55,19.65,21.0,21.1,20.8,20.9,20.9,7.247,7.281,7.178,7.212,7.212,864150.0,18063770500.0,0.0,0.0,-0.2,-0.069,-0.9479
SSI,2019-09-06,15:09:03,HOSE,STOCK,21.3,22.75,19.85,21.1,21.35,21.1,21.1,21.17,7.281,7.368,7.281,7.281,7.305,472420.0,10002068500.0,0.0,0.0,-0.2,-0.069,-0.939
SSI,2019-09-05,15:09:04,HOSE,STOCK,21.4,22.85,19.95,21.5,21.55,21.2,21.3,21.29,7.419,7.437,7.316,7.35,7.347,733580.0,15618776500.0,0.0,0.0,-0.1,-0.0345,-0.4673
SSI,2019-09-04,15:09:04,HOSE,STOCK,21.45,22.95,19.95,21.35,21.4,21.15,21.4,21.28,7.368,7.385,7.299,7.385,7.343,622780.0,13255045000.0,0.0,0.0,-0.05,-0.0173,-0.2331
SSI,2019-09-03,15:09:04,HOSE,STOCK,21.5,23.0,20.0,21.35,21.5,21.15,21.45,21.33,7.368,7.419,7.299,7.402,7.361,544160.0,11608224000.0,0.0,0.0,-0.05,-0.0173,-0.2326
SSI,2019-08-30,15:08:01,HOSE,STOCK,21.15,22.6,19.7,21.3,21.55,21.3,21.5,21.41,7.35,7.437,7.35,7.419,7.388,713630.0,15282126500.0,0.0,0.0,0.35,0.1208,1.6548
SSI,2019-08-29,15:08:03,HOSE,STOCK,21.35,22.8,19.9,21.3,21.4,21.1,21.15,21.23,7.35,7.385,7.281,7.299,7.326,822670.0,17461266500.0,0.0,0.0,-0.2,-0.069,-0.9368
SSI,2019-08-28,15:08:07,HOSE,STOCK,21.4,22.85,19.95,21.4,21.55,21.3,21.35,21.37,7.385,7.437,7.35,7.368,7.374,491400.0,10503330500.0,0.0,0.0,-0.05,-0.0173,-0.2336
SSI,2019-08-27,15:08:02,HOSE,STOCK,21.6,23.1,20.1,21.75,21.8,21.35,21.4,21.57,7.506,7.523,7.368,7.385,7.443,1251600.0,26991836500.0,0.0,0.0,-0.2,-0.069,-0.9259
SSI,2019-08-26,15:08:02,HOSE,STOCK,22.3,23.85,20.75,21.5,21.9,21.5,21.6,21.67,7.419,7.557,7.419,7.454,7.478,1704370.0,36929294500.0,0.0,0.0,-0.7,-0.2416,-3.139
SSI,2019-08-23,15:08:08,HOSE,STOCK,22.4,23.95,20.85,22.4,22.4,22.1,22.3,22.22,7.73,7.73,7.626,7.695,7.668,866610.0,19252267000.0,0.0,0.0,-0.1,-0.0345,-0.4464
SSI,2019-08-22,15:08:03,HOSE,STOCK,22.5,24.05,20.95,22.55,22.65,22.3,22.4,22.45,7.782,7.816,7.695,7.73,7.747,986320.0,22140277000.0,0.0,0.0,-0.1,-0.0345,-0.4444
SSI,2019-08-21,15:08:03,HOSE,STOCK,22.1,23.6,20.6,22.0,22.5,21.95,22.5,22.24,7.592,7.764,7.575,7.764,7.675,2260760.0,50286771500.0,0.0,0.0,0.4,0.138,1.81
SSI,2019-08-20,15:08:03,HOSE,STOCK,22.2,23.75,20.65,22.2,22.4,22.05,22.1,22.19,7.661,7.73,7.609,7.626,7.657,1288750.0,28591111000.0,0.0,0.0,-0.1,-0.0345,-0.4505
SSI,2019-08-19,15:08:03,HOSE,STOCK,22.25,23.8,20.7,22.55,22.55,22.0,22.2,22.25,7.782,7.782,7.592,7.661,7.678,848650.0,18881888000.0,0.0,0.0,-0.05,-0.0173,-0.2247
SSI,2019-08-16,15:08:04,HOSE,STOCK,21.85,23.35,20.35,21.85,22.8,21.7,22.25,22.44,7.54,7.868,7.488,7.678,7.744,2483530.0,55725098000.0,0.0,0.0,0.4,0.138,1.8307
SSI,2019-08-15,15:08:02,HOSE,STOCK,21.8,23.3,20.3,21.5,21.85,21.1,21.85,21.38,7.419,7.54,7.281,7.54,7.378,2236500.0,47820321500.0,0.0,0.0,0.05,0.0173,0.2294
SSI,2019-08-14,15:08:03,HOSE,STOCK,21.85,23.35,20.35,22.0,22.05,21.75,21.8,21.87,7.592,7.609,7.506,7.523,7.547,1374140.0,30055375000.0,0.0,0.0,-0.05,-0.0173,-0.2288
SSI,2019-08-13,15:08:02,HOSE,STOCK,22.15,23.7,20.6,21.75,21.85,21.6,21.85,21.75,7.506,7.54,7.454,7.54,7.506,1114110.0,24228223000.0,0.0,0.0,-0.3,-0.1035,-1.3544
SSI,2019-08-12,15:08:03,HOSE,STOCK,22.0,23.5,20.5,22.1,22.25,21.8,22.15,21.97,7.626,7.678,7.523,7.644,7.582,1074610.0,23611556000.0,0.0,0.0,0.15,0.0518,0.6818
SSI,2019-08-09,15:08:04,HOSE,STOCK,21.2,22.65,19.75,21.65,22.2,21.5,22.0,21.9,7.471,7.661,7.419,7.592,7.557,2182560.0,47804814000.0,0.0,0.0,0.8,0.2761,3.7736
SSI,2019-08-08,15:08:04,HOSE,STOCK,21.2,22.65,19.75,21.2,21.7,20.75,21.2,21.1,7.316,7.488,7.16,7.316,7.281,2568910.0,54209744500.0,0.0,0.0,0.0,0.0,0.0
SSI,2019-08-07,15:08:02,HOSE,STOCK,21.65,23.15,20.15,21.65,22.0,21.15,21.2,21.48,7.471,7.592,7.299,7.316,7.412,1813960.0,38958554500.0,0.0,0.0,-0.45,-0.1553,-2.0785
SSI,2019-08-06,15:08:03,HOSE,STOCK,22.3,23.85,20.75,21.8,21.9,21.5,21.65,21.68,7.523,7.557,7.419,7.471,7.481,1915860.0,41538587000.0,0.0,0.0,-0.65,-0.2243,-2.9148
SSI,2019-08-05,15:08:03,HOSE,STOCK,23.05,24.65,21.45,23.0,23.05,22.3,22.3,22.64,7.937,7.954,7.695,7.695,7.813,1436440.0,32524785000.0,0.0,0.0,-0.75,-0.2588,-3.2538
SSI,2019-08-02,15:08:03,HOSE,STOCK,23.3,24.9,21.7,23.0,23.25,22.8,23.05,22.94,7.937,8.023,7.868,7.954,7.916,933330.0,21407567500.0,0.0,0.0,-0.25,-0.0863,-1.073
SSI,2019-08-01,15:08:03,HOSE,STOCK,23.2,24.8,21.6,23.2,23.45,23.1,23.3,23.31,8.006,8.092,7.971,8.04,8.044,437780.0,10204090000.0,0.0,0.0,0.1,0.0345,0.431
SSI,2019-07-31,15:07:03,HOSE,STOCK,23.35,24.95,21.75,23.1,23.35,22.9,23.2,23.06,7.971,8.058,7.902,8.006,7.958,1509590.0,34808925500.0,0.0,0.0,-0.15,-0.0518,-0.6424
SSI,2019-07-30,15:07:04,HOSE,STOCK,24.1,25.75,22.45,24.1,24.35,23.35,23.35,23.79,8.317,8.403,8.058,8.058,8.21,1418550.0,33740870000.0,0.0,0.0,-0.75,-0.2588,-3.112
SSI,2019-07-29,15:07:03,HOSE,STOCK,24.4,26.1,22.7,24.45,24.5,24.1,24.1,24.2,8.437,8.455,8.317,8.317,8.351,598420.0,14479575000.0,0.0,0.0,-0.3,-0.1035,-1.2295
SSI,2019-07-26,15:07:04,HOSE,STOCK,24.35,26.05,22.65,24.35,24.55,24.15,24.4,24.34,8.403,8.472,8.334,8.42,8.399,952890.0,23195021500.0,0.0,0.0,0.05,0.0173,0.2053
SSI,2019-07-25,15:07:02,HOSE,STOCK,24.7,26.4,23.0,24.65,24.8,24.3,24.35,24.55,8.506,8.558,8.386,8.403,8.472,1758090.0,43160117500.0,0.0,0.0,-0.35,-0.1208,-1.417
SSI,2019-07-24,15:07:01,HOSE,STOCK,25.1,26.85,23.35,25.25,25.25,24.65,24.7,24.84,8.713,8.713,8.506,8.524,8.572,1523410.0,37844492000.0,0.0,0.0,-0.4,-0.138,-1.5936
SSI,2019-07-23,15:07:13,HOSE,STOCK,25.05,26.8,23.3,25.2,25.25,25.0,25.1,25.13,8.696,8.713,8.627,8.662,8.672,813110.0,20434485000.0,0.0,0.0,0.05,0.0173,0.1996
SSI,2019-07-22,15:07:02,HOSE,STOCK,25.6,27.35,23.85,25.4,25.45,24.9,25.05,25.21,8.765,8.782,8.593,8.644,8.7,1822990.0,45951515000.0,0.0,0.0,-0.55,-0.1898,-2.1484
SSI,2019-07-19,15:07:03,HOSE,STOCK,25.55,27.3,23.8,25.65,25.8,25.55,25.6,25.66,8.851,8.903,8.817,8.834,8.855,1471210.0,37751645000.0,0.0,0.0,0.05,0.0173,0.1957
SSI,2019-07-18,15:07:01,HOSE,STOCK,25.8,27.6,24.0,25.55,25.75,25.5,25.55,25.61,8.817,8.886,8.8,8.817,8.838,1284250.0,32894196000.0,0.0,0.0,-0.25,-0.0863,-0.969
SSI,2019-07-17,15:07:02,HOSE,STOCK,25.0,26.75,23.25,25.1,25.9,25.0,25.8,25.58,8.662,8.938,8.627,8.903,8.827,3708060.0,94838548500.0,0.0,0.0,0.8,0.2761,3.2
SSI,2019-07-16,15:07:02,HOSE,STOCK,25.0,26.75,23.25,24.95,25.1,24.95,25.0,25.03,8.61,8.662,8.61,8.627,8.637,882190.0,22079853000.0,0.0,0.0,0.0,0.0,0.0
SSI,2019-07-15,15:07:02,HOSE,STOCK,25.05,26.8,23.3,25.0,25.05,24.9,25.0,24.99,8.627,8.644,8.593,8.627,8.624,763410.0,19077591000.0,0.0,0.0,-0.05,-0.0173,-0.1996
SSI,2019-07-12,15:07:02,HOSE,STOCK,25.1,26.85,23.35,25.25,25.35,25.0,25.05,25.14,8.713,8.748,8.627,8.644,8.675,1156910.0,29089103500.0,0.0,0.0,-0.05,-0.0173,-0.1992
SSI,2019-07-11,15:07:01,HOSE,STOCK,24.9,26.6,23.2,25.1,25.15,25.0,25.1,25.09,8.662,8.679,8.627,8.662,8.658,876130.0,21982438500.0,0.0,0.0,0.2,0.069,0.8032
SSI,2019-07-10,15:07:02,HOSE,STOCK,25.05,26.8,23.3,25.05,25.25,24.9,24.9,25.09,8.644,8.713,8.593,8.593,8.658,939180.0,23566630500.0,0.0,0.0,-0.15,-0.0518,-0.5988
SSI,2019-07-09,15:07:02,HOSE,STOCK,25.1,26.85,23.35,25.05,25.15,24.85,25.05,25.0,8.644,8.679,8.575,8.644,8.627,999090.0,24978210500.0,0.0,0.0,-0.05,-0.0173,-0.1992
SSI,2019-07-08,15:07:05,HOSE,STOCK,25.35,27.1,23.6,25.35,25.35,25.0,25.1,25.14,8.748,8.748,8.627,8.662,8.675,984550.0,24751217000.0,0.0,0.0,-0.25,-0.0863,-0.9862
SSI,2019-07-05,15:07:02,HOSE,STOCK,25.2,26.95,23.45,25.5,25.5,25.2,25.35,25.32,8.8,8.8,8.696,8.748,8.738,1942740.0,49186271000.0,0.0,0.0,0.15,0.0518,0.5952
SSI,2019-07-04,15:07:03,HOSE,STOCK,24.85,26.55,23.15,24.85,25.3,24.75,25.2,25.07,8.575,8.731,8.541,8.696,8.651,1885770.0,47275795500.0,0.0,0.0,0.35,0.1208,1.4085
SSI,2019-07-03,15:07:03,HOSE,STOCK,24.75,26.45,23.05,24.9,24.9,24.7,24.85,24.77,8.593,8.593,8.524,8.575,8.548,477000.0,11815781500.0,0.0,0.0,0.1,0.0345,0.404
SSI,2019-07-02,15:07:02,HOSE,STOCK,25.0,26.75,23.25,25.0,25.05,24.7,24.75,24.86,8.627,8.644,8.524,8.541,8.579,524290.0,13036225000.0,0.0,0.0,-0.25,-0.0863,-1.0
SSI,2019-07-01,15:07:01,HOSE,STOCK,24.8,26.5,23.1,25.05,25.1,24.8,25.0,24.96,8.644,8.662,8.558,8.627,8.613,952870.0,23779780000.0,0.0,0.0,0.2,0.069,0.8065
SSI,2019-06-28,15:06:02,HOSE,STOCK,24.6,26.3,22.9,24.8,24.8,24.55,24.8,24.67,8.558,8.558,8.472,8.558,8.513,611860.0,15093563500.0,0.0,0.0,0.2,0.069,0.813
SSI,2019-06-27,15:06:02,HOSE,STOCK,24.8,26.5,23.1,24.7,24.8,24.5,24.6,24.64,8.524,8.558,8.455,8.489,8.503,1492290.0,36771353500.0,0.0,0.0,-0.2,-0.069,-0.8065
SSI,2019-06-26,15:06:01,HOSE,STOCK,24.85,26.55,23.15,24.75,24.95,24.75,24.8,24.83,8.541,8.61,8.541,8.558,8.568,1087470.0,27004942500.0,0.0,0.0,-0.05,-0.0173,-0.2012
SSI,2019-06-25,15:06:01,HOSE,STOCK,24.9,26.6,23.2,24.75,25.0,24.75,24.85,24.87,8.541,8.627,8.541,8.575,8.582,714250.0,17766149000.0,0.0,0.0,-0.05,-0.0173,-0.2008
SSI,2019-06-24,15:06:02,HOSE,STOCK,25.1,26.85,23.35,25.2,25.25,24.7,24.9,25.09,8.696,8.713,8.524,8.593,8.658,1910480.0,47941979500.0,0.0,0.0,-0.2,-0.069,-0.7968
SSI,2019-06-21,15:06:02,HOSE,STOCK,25.1,26.85,23.35,25.1,25.4,25.1,25.1,25.15,8.662,8.765,8.662,8.662,8.679,1781100.0,44793132500.0,0.0,0.0,0.0,0.0,0.0
SSI,2019-06-20,15:06:05,HOSE,STOCK,24.8,26.5,23.1,24.85,25.25,24.8,25.1,25.07,8.575,8.713,8.558,8.662,8.651,1391800.0,34890654500.0,0.0,0.0,0.3,0.1035,1.2097
SSI,2019-06-19,15:06:02,HOSE,STOCK,24.45,26.15,22.75,24.65,24.85,24.6,24.8,24.78,8.506,8.575,8.489,8.558,8.551,657740.0,16298819500.0,0.0,0.0,0.35,0.1208,1.4315
SSI,2019-06-18,15:06:03,HOSE,STOCK,24.6,26.3,22.9,24.6,24.7,24.45,24.45,24.52,8.489,8.524,8.437,8.437,8.461,913790.0,22407794000.0,0.0,0.0,-0.15,-0.0518,-0.6098
SSI,2019-06-17,15:06:02,HOSE,STOCK,24.8,26.5,23.1,24.7,24.9,24.6,24.6,24.72,8.524,8.593,8.489,8.489,8.53,601620.0,14870542000.0,0.0,0.0,-0.2,-0.069,-0.8065
SSI,2019-06-14,15:06:03,HOSE,STOCK,24.8,26.5,23.1,24.8,25.05,24.8,24.8,24.93,8.558,8.644,8.558,8.558,8.603,394640.0,9840249500.0,0.0,0.0,0.0,0.0,0.0
SSI,2019-06-13,15:06:02,HOSE,STOCK,24.85,26.55,23.15,24.7,24.9,24.65,24.8,24.75,8.524,8.593,8.506,8.558,8.541,659000.0,16308023000.0,0.0,0.0,-0.05,-0.0173,-0.2012
SSI,2019-06-12,15:06:02,HOSE,STOCK,25.2,26.95,23.45,25.2,25.2,24.8,24.85,24.98,8.696,8.696,8.558,8.575,8.62,534380.0,13350975500.0,0.0,0.0,-0.35,-0.1208,-1.3889
SSI,2019-06-11,15:06:01,HOSE,STOCK,25.2,26.95,23.45,25.2,25.25,25.1,25.2,25.18,8.696,8.713,8.662,8.696,8.689,540470.0,13610968500.0,0.0,0.0,0.0,0.0,0.0
SSI,2019-06-10,15:06:01,HOSE,STOCK,25.05,26.8,23.3,25.15,25.35,25.1,25.2,25.2,8.679,8.748,8.662,8.696,8.696,930960.0,23458572000.0,0.0,0.0,0.15,0.0518,0.5988
SSI,2019-06-07,15:06:01,HOSE,STOCK,24.7,26.4,23.0,24.9,25.05,24.9,25.05,24.98,8.593,8.644,8.593,8.644,8.62,636810.0,15905605500.0,0.0,0.0,0.35,0.1208,1.417
SSI,2019-06-06,15:06:02,HOSE,STOCK,24.85,26.55,23.15,24.8,24.9,24.45,24.7,24.61,8.558,8.593,8.437,8.524,8.493,1213200.0,29854462000.0,0.0,0.0,-0.15,-0.0518,-0.6036
SSI,2019-06-05,15:06:01,HOSE,STOCK,24.8,26.5,23.1,25.15,25.15,24.85,24.85,24.98,8.679,8.679,8.575,8.575,8.62,855950.0,21385073500.0,0.0,0.0,0.05,0.0173,0.2016
SSI,2019-06-04,15:06:01,HOSE,STOCK,24.75,26.45,23.05,24.85,24.9,24.55,24.8,24.73,8.575,8.593,8.472,8.558,8.534,694920.0,17182650500.0,0.0,0.0,0.05,0.0173,0.202
SSI,2019-06-03,15:06:01,HOSE,STOCK,24.85,26.55,23.15,24.7,24.85,24.55,24.75,24.7,8.524,8.575,8.472,8.541,8.524,1180930.0,29169078000.0,0.0,0.0,-0.1,-0.0345,-0.4024
SSI,2019-05-31,15:05:02,HOSE,STOCK,25.1,26.85,23.35,25.1,25.2,24.85,24.85,24.95,8.662,8.696,8.575,8.575,8.61,991780.0,24744432000.0,0.0,0.0,-0.25,-0.0863,-0.996
SSI,2019-05-30,15:05:01,HOSE,STOCK,25.05,26.8,23.3,25.05,25.35,24.85,25.1,25.17,8.644,8.748,8.575,8.662,8.686,775200.0,19514767000.0,0.0,0.0,0.05,0.0173,0.1996
SSI,2019-05-29,15:05:02,HOSE,STOCK,25.2,26.95,23.45,25.2,25.3,24.95,25.05,25.07,8.696,8.731,8.61,8.644,8.651,846830.0,21233804000.0,0.0,0.0,-0.15,-0.0518,-0.5952
SSI,2019-05-28,15:05:02,HOSE,STOCK,25.35,27.1,23.6,25.3,25.35,25.05,25.2,25.17,8.731,8.748,8.644,8.696,8.686,1306060.0,32876881500.0,0.0,0.0,-0.15,-0.0518,-0.5917
SSI,2019-05-27,15:05:01,HOSE,STOCK,25.55,27.3,23.8,25.55,25.6,25.35,25.35,25.47,8.817,8.834,8.748,8.748,8.789,749890.0,19096834500.0,0.0,0.0,-0.2,-0.069,-0.7828
SSI,2019-05-24,15:05:01,HOSE,STOCK,26.05,27.85,24.25,25.9,25.95,25.45,25.55,25.7,8.938,8.955,8.782,8.817,8.869,2089530.0,53701593000.0,0.0,0.0,-0.5,-0.1725,-1.9194
SSI,2019-05-23,15:05:01,HOSE,STOCK,26.05,27.85,24.25,25.7,26.05,25.7,26.05,25.89,8.869,8.989,8.869,8.989,8.934,1205860.0,31222600500.0,0.0,0.0,0.0,0.0,0.0
SSI,2019-05-22,15:05:01,HOSE,STOCK,26.05,27.85,24.25,26.0,26.25,25.95,26.05,26.05,8.972,9.058,8.955,8.989,8.989,1638520.0,42675615000.0,0.0,0.0,0.0,0.0,0.0
SSI,2019-05-21,15:05:01,HOSE,STOCK,26.1,27.9,24.3,26.2,26.3,25.95,26.05,26.1,9.041,9.076,8.955,8.989,9.007,1681390.0,43890357500.0,0.0,0.0,-0.05,-0.0173,-0.1916
SSI,2019-05-20,15:05:01,HOSE,STOCK,25.7,27.45,23.95,25.75,26.15,25.65,26.1,25.97,8.886,9.024,8.851,9.007,8.962,2948390.0,76579008500.0,0.0,0.0,0.4,0.138,1.5564
SSI,2019-05-17,15:05:01,HOSE,STOCK,25.55,27.3,23.8,25.55,25.9,25.5,25.7,25.69,8.817,8.938,8.8,8.869,8.865,2158380.0,55452345500.0,0.0,0.0,0.15,0.0518,0.5871
SSI,2019-05-16,15:05:01,HOSE,STOCK,25.75,27.55,23.95,25.75,25.9,25.55,25.55,25.72,8.886,8.938,8.817,8.817,8.876,1080440.0,27785828500.0,0.0,0.0,-0.2,-0.069,-0.7767
SSI,2019-05-15,15:05:01,HOSE,STOCK,25.05,26.8,23.3,25.3,25.9,25.1,25.75,25.57,8.731,8.938,8.662,8.886,8.824,2845830.0,72764014000.0,0.0,0.0,0.7,0.2416,2.7944
SSI,2019-05-14,15:05:02,HOSE,STOCK,25.2,26.95,23.45,25.0,25.15,24.85,25.05,24.93,8.627,8.679,8.575,8.644,8.603,2523900.0,62912851000.0,0.0,0.0,-0.15,-0.0518,-0.5952
SSI,2019-05-13,15:05:01,HOSE,STOCK,25.05,26.8,23.3,25.1,25.25,25.0,25.2,25.17,8.662,8.713,8.627,8.696,8.686,833800.0,20989539500.0,0.0,0.0,0.15,0.0518,0.5988
SSI,2019-05-10,15:05:01,HOSE,STOCK,24.6,26.3,22.9,24.7,25.15,24.6,25.05,24.85,8.524,8.679,8.489,8.644,8.575,1243710.0,30903155500.0,0.0,0.0,0.45,0.1553,1.8293
SSI,2019-05-09,15:05:02,HOSE,STOCK,24.7,26.4,23.0,24.85,24.95,24.5,24.6,24.65,8.575,8.61,8.455,8.489,8.506,994490.0,24509836500.0,0.0,0.0,-0.1,-0.0345,-0.4049
SSI,2019-05-08,15:05:01,HOSE,STOCK,24.9,26.6,23.2,24.7,25.05,24.45,24.7,24.72,8.524,8.644,8.437,8.524,8.53,1412270.0,34916175500.0,0.0,0.0,-0.2,-0.069,-0.8032
SSI,2019-05-07,15:05:02,HOSE,STOCK,25.2,26.95,23.45,25.5,25.55,24.8,24.9,25.09,8.8,8.817,8.558,8.593,8.658,2487300.0,62394238500.0,0.0,0.0,-0.3,-0.1035,-1.1905
SSI,2019-05-06,15:05:01,HOSE,STOCK,25.9,27.7,24.1,25.5,25.5,24.95,25.2,25.11,8.8,8.8,8.61,8.696,8.665,2714370.0,68156982500.0,0.0,0.0,-0.7,-0.2416,-2.7027
SSI,2019-05-03,15:05:03,HOSE,STOCK,25.6,27.35,23.85,25.4,25.9,25.4,25.9,25.78,8.765,8.938,8.765,8.938,8.896,1073340.0,27674309500.0,0.0,0.0,0.3,0.1035,1.1719
SSI,2019-05-02,15:05:04,HOSE,STOCK,25.8,27.6,24.0,25.85,26.05,25.6,25.6,25.81,8.92,8.989,8.834,8.834,8.907,949610.0,24508391000.0,0.0,0.0,-0.2,-0.069,-0.7752
SSI,2019-04-26,15:04:02,HOSE,STOCK,25.5,27.25,23.75,25.6,25.8,25.35,25.8,25.6,8.834,8.903,8.748,8.903,8.834,1668760.0,42721890500.0,0.0,0.0,0.3,0.1035,1.1765
SSI,2019-04-25,15:04:02,HOSE,STOCK,25.7,27.45,23.95,25.7,25.7,25.4,25.5,25.52,8.869,8.869,8.765,8.8,8.807,1250190.0,31902263500.0,0.0,0.0,-0.2,-0.069,-0.7782
SSI,2019-04-24,15:04:02,HOSE,STOCK,25.15,26.9,23.4,25.4,25.75,25.3,25.7,25.58,8.765,8.886,8.731,8.869,8.827,767360.0,19625518500.0,0.0,0.0,0.55,0.1898,2.1869
SSI,2019-04-23,15:04:01,HOSE,STOCK,25.2,26.95,23.45,25.2,25.35,25.05,25.15,25.26,8.696,8.748,8.644,8.679,8.717,1678660.0,42397835500.0,0.0,0.0,-0.05,-0.0173,-0.1984
SSI,2019-04-22,15:04:02,HOSE,STOCK,26.0,27.8,24.2,25.7,25.95,25.0,25.2,25.33,8.869,8.955,8.627,8.696,8.741,2123060.0,53787263500.0,0.0,0.0,-0.8,-0.2761,-3.0769
SSI,2019-04-19,15:04:02,HOSE,STOCK,26.0,27.8,24.2,26.35,26.4,25.95,26.0,26.07,9.093,9.11,8.955,8.972,8.996,730360.0,19038896500.0,0.0,0.0,0.0,0.0,0.0
SSI,2019-04-18,15:04:01,HOSE,STOCK,26.55,28.4,24.7,26.5,26.6,25.85,26.0,26.1,9.145,9.179,8.92,8.972,9.007,1877990.0,49021529000.0,0.0,0.0,-0.55,-0.1898,-2.0716
SSI,2019-04-17,15:04:01,HOSE,STOCK,26.75,28.6,24.9,26.75,27.0,26.5,26.55,26.74,9.231,9.317,9.145,9.162,9.228,1175220.0,31430860000.0,0.0,0.0,-0.2,-0.069,-0.7477
SSI,2019-04-16,15:04:01,HOSE,STOCK,27.0,28.85,25.15,26.95,26.95,26.6,26.75,26.71,9.3,9.3,9.179,9.231,9.217,1117270.0,29845312000.0,0.0,0.0,-0.25,-0.0863,-0.9259
SSI,2019-04-12,15:04:01,HOSE,STOCK,27.25,29.15,25.35,27.25,27.25,27.0,27.0,27.12,9.404,9.404,9.317,9.317,9.359,821470.0,22274542000.0,0.0,0.0,-0.25,-0.0863,-0.9174
SSI,2019-04-11,15:04:01,HOSE,STOCK,27.45,29.35,25.55,27.5,27.6,27.25,27.25,27.35,9.49,9.524,9.404,9.404,9.438,644980.0,17643337000.0,0.0,0.0,-0.2,-0.069,-0.7286
SSI,2019-04-10,15:04:01,HOSE,STOCK,28.0,29.95,26.05,27.5,27.9,27.4,27.45,27.52,9.49,9.628,9.455,9.473,9.497,815830.0,22451553000.0,0.0,0.0,-0.55,-0.1898,-1.9643
SSI,2019-04-09,15:04:01,HOSE,STOCK,27.8,29.7,25.9,27.9,28.05,27.8,28.0,27.94,9.628,9.68,9.593,9.662,9.642,1916970.0,53557521500.0,0.0,0.0,0.2,0.069,0.7194
SSI,2019-04-08,15:04:02,HOSE,STOCK,27.5,29.4,25.6,27.55,27.8,27.5,27.8,27.71,9.507,9.593,9.49,9.593,9.562,1140070.0,31596247000.0,0.0,0.0,0.3,0.1035,1.0909
SSI,2019-04-05,15:04:01,HOSE,STOCK,27.3,29.2,25.4,27.3,27.55,27.3,27.5,27.45,9.421,9.507,9.421,9.49,9.473,682690.0,18737448000.0,0.0,0.0,0.2,0.069,0.7326
SSI,2019-04-04,15:04:01,HOSE,STOCK,27.35,29.25,25.45,27.4,27.65,27.3,27.3,27.44,9.455,9.542,9.421,9.421,9.469,722050.0,19812603500.0,0.0,0.0,-0.05,-0.0173,-0.1828
SSI,2019-04-03,15:04:01,HOSE,STOCK,27.7,29.6,25.8,27.5,27.6,27.35,27.35,27.43,9.49,9.524,9.438,9.438,9.466,504110.0,13829968000.0,0.0,0.0,-0.35,-0.1208,-1.2635
SSI,2019-04-02,15:04:01,HOSE,STOCK,27.7,29.6,25.8,28.0,28.05,27.4,27.7,27.71,9.662,9.68,9.455,9.559,9.562,611580.0,16948688500.0,0.0,0.0,0.0,0.0,0.0
SSI,2019-04-01,15:04:01,HOSE,STOCK,27.2,29.1,25.3,27.4,27.8,27.25,27.7,27.55,9.455,9.593,9.404,9.559,9.507,1008960.0,27801665500.0,0.0,0.0,0.5,0.1725,1.8382
SSI,2019-03-29,15:03:01,HOSE,STOCK,27.05,28.9,25.2,27.3,27.35,27.05,27.2,27.18,9.421,9.438,9.335,9.386,9.379,1415600.0,38479204500.0,0.0,0.0,0.15,0.0518,0.5545
SSI,2019-03-28,15:03:02,HOSE,STOCK,27.1,28.95,25.25,27.1,27.2,26.95,27.05,27.11,9.352,9.386,9.3,9.335,9.355,627460.0,17008677500.0,0.0,0.0,-0.05,-0.0173,-0.1845
SSI,2019-03-27,15:03:01,HOSE,STOCK,27.1,28.95,25.25,27.5,27.5,27.05,27.1,27.24,9.49,9.49,9.335,9.352,9.4,789100.0,21493972500.0,0.0,0.0,0.0,0.0,0.0
SSI,2019-03-26,15:03:02,HOSE,STOCK,26.8,28.65,24.95,27.1,27.3,26.95,27.1,27.08,9.352,9.421,9.3,9.352,9.345,658870.0,17841740000.0,0.0,0.0,0.3,0.1035,1.1194
SSI,2019-03-25,15:03:02,HOSE,STOCK,27.5,29.4,25.6,26.8,27.1,26.6,26.8,26.81,9.248,9.352,9.179,9.248,9.252,1384910.0,37131977500.0,0.0,0.0,-0.7,-0.2416,-2.5455
SSI,2019-03-22,15:03:01,HOSE,STOCK,27.3,29.2,25.4,27.6,27.95,27.4,27.5,27.61,9.524,9.645,9.455,9.49,9.528,1225180.0,33827595000.0,0.0,0.0,0.2,0.069,0.7326
SSI,2019-03-21,15:03:02,HOSE,STOCK,28.55,30.5,26.6,28.55,28.6,27.3,27.3,28.1,9.852,9.869,9.421,9.421,9.697,1717850.0,48275709000.0,0.0,0.0,-1.25,-0.4314,-4.3783
SSI,2019-03-20,15:03:02,HOSE,STOCK,28.9,30.9,26.9,28.9,28.9,28.25,28.55,28.56,9.973,9.973,9.749,9.852,9.856,1405780.0,40154684000.0,0.0,0.0,-0.35,-0.1208,-1.2111
SSI,2019-03-19,15:03:02,HOSE,STOCK,29.2,31.2,27.2,29.3,29.4,28.9,28.9,29.19,10.111,10.145,9.973,9.973,10.073,1181940.0,34503130000.0,0.0,0.0,-0.3,-0.1035,-1.0274
SSI,2019-03-18,15:03:02,HOSE,STOCK,29.5,31.55,27.45,29.55,29.55,29.05,29.2,29.3,10.197,10.197,10.025,10.076,10.111,1496440.0,43840530500.0,0.0,0.0,-0.3,-0.1035,-1.0169
SSI,2019-03-15,15:03:02,HOSE,STOCK,29.45,31.5,27.4,29.5,29.5,29.15,29.5,29.4,10.18,10.18,10.059,10.18,10.145,1536660.0,45185468000.0,0.0,0.0,0.05,0.0173,0.1698
SSI,2019-03-14,15:03:02,HOSE,STOCK,29.4,31.45,27.35,29.5,29.6,29.15,29.45,29.46,10.18,10.214,10.059,10.163,10.166,1134420.0,33415797500.0,0.0,0.0,0.05,0.0173,0.1701
SSI,2019-03-13,15:03:02,HOSE,STOCK,28.8,30.8,26.8,28.9,29.45,28.9,29.4,29.2,9.973,10.163,9.973,10.145,10.076,2652480.0,77441412500.0,0.0,0.0,0.6,0.207,2.0833
SSI,2019-03-12,15:03:03,HOSE,STOCK,28.6,30.6,26.6,28.9,28.9,28.4,28.8,28.64,9.973,9.973,9.8,9.938,9.883,1009700.0,28915518000.0,0.0,0.0,0.2,0.069,0.6993
SSI,2019-03-11,15:03:02,HOSE,STOCK,28.45,30.4,26.5,28.45,28.6,28.25,28.6,28.45,9.818,9.869,9.749,9.869,9.818,1189010.0,33827516000.0,0.0,0.0,0.15,0.0518,0.5272
SSI,2019-03-08,15:03:01,HOSE,STOCK,28.75,30.75,26.75,28.5,28.7,28.4,28.45,28.56,9.835,9.904,9.8,9.818,9.856,1704440.0,48685646000.0,0.0,0.0,-0.3,-0.1035,-1.0435
SSI,2019-03-07,15:03:03,HOSE,STOCK,28.8,30.8,26.8,28.55,29.05,28.55,28.75,28.84,9.852,10.025,9.852,9.921,9.952,1901510.0,54841760500.0,0.0,0.0,-0.05,-0.0173,-0.1736
SSI,2019-03-06,15:03:01,HOSE,STOCK,28.8,30.8,26.8,29.0,29.0,28.55,28.8,28.73,10.007,10.007,9.852,9.938,9.914,902140.0,25915064500.0,0.0,0.0,0.0,0.0,0.0
SSI,2019-03-05,15:03:02,HOSE,STOCK,28.9,30.9,26.9,28.8,29.1,28.5,28.8,28.87,9.938,10.042,9.835,9.938,9.963,1955980.0,56471626000.0,0.0,0.0,-0.1,-0.0345,-0.346
SSI,2019-03-04,15:03:01,HOSE,STOCK,28.2,30.15,26.25,28.3,28.95,28.3,28.9,28.66,9.766,9.99,9.766,9.973,9.89,2304530.0,66046471000.0,0.0,0.0,0.7,0.2416,2.4823
SSI,2019-03-01,15:03:01,HOSE,STOCK,27.9,29.85,25.95,27.9,28.2,27.9,28.2,28.06,9.628,9.731,9.628,9.731,9.683,1042520.0,29249053000.0,0.0,0.0,0.3,0.1035,1.0753
SSI,2019-02-28,15:02:02,HOSE,STOCK,28.25,30.2,26.3,28.2,28.5,27.75,27.9,28.06,9.731,9.835,9.576,9.628,9.683,2286310.0,64159669500.0,0.0,0.0,-0.35,-0.1208,-1.2389
SSI,2019-02-27,15:02:02,HOSE,STOCK,28.5,30.45,26.55,28.5,28.6,28.25,28.25,28.37,9.835,9.869,9.749,9.749,9.79,1240270.0,35188989500.0,0.0,0.0,-0.25,-0.0863,-0.8772
SSI,2019-02-26,15:02:01,HOSE,STOCK,28.6,30.6,26.6,28.3,28.7,28.15,28.5,28.4,9.766,9.904,9.714,9.835,9.8,2864370.0,81359481000.0,0.0,0.0,-0.1,-0.0345,-0.3497
SSI,2019-02-25,15:02:02,HOSE,STOCK,28.25,30.2,26.3,28.5,28.8,28.45,28.6,28.6,9.835,9.938,9.818,9.869,9.869,3266350.0,93417532000.0,0.0,0.0,0.35,0.1208,1.2389
SSI,2019-02-22,15:02:01,HOSE,STOCK,27.9,29.85,25.95,28.0,28.3,27.7,28.25,28.13,9.662,9.766,9.559,9.749,9.707,3132140.0,88119249000.0,0.0,0.0,0.35,0.1208,1.2545
SSI,2019-02-21,15:02:01,HOSE,STOCK,27.5,29.4,25.6,27.55,27.9,27.5,27.9,27.76,9.507,9.628,9.49,9.628,9.58,2871900.0,79735758000.0,0.0,0.0,0.4,0.138,1.4545
SSI,2019-02-20,15:02:01,HOSE,STOCK,27.25,29.15,25.35,27.25,27.6,27.25,27.5,27.48,9.404,9.524,9.404,9.49,9.483,2300940.0,63219237000.0,0.0,0.0,0.25,0.0863,0.9174
SSI,2019-02-19,15:02:01,HOSE,STOCK,27.1,28.95,25.25,27.1,27.65,27.1,27.25,27.35,9.352,9.542,9.352,9.404,9.438,3414120.0,93369584500.0,0.0,0.0,0.15,0.0518,0.5535
SSI,2019-02-18,15:02:01,HOSE,STOCK,26.85,28.7,25.0,27.15,27.25,26.95,27.1,27.07,9.369,9.404,9.3,9.352,9.341,1754600.0,47493887000.0,0.0,0.0,0.25,0.0863,0.9311
SSI,2019-02-15,15:02:01,HOSE,STOCK,27.1,28.95,25.25,27.0,27.15,26.75,26.85,26.9,9.317,9.369,9.231,9.266,9.283,1828720.0,49183944000.0,0.0,0.0,-0.25,-0.0863,-0.9225
SSI,2019-02-14,15:02:01,HOSE,STOCK,27.2,29.1,25.3,27.1,27.3,27.05,27.1,27.18,9.352,9.421,9.335,9.352,9.379,1420580.0,38617108500.0,0.0,0.0,-0.1,-0.0345,-0.3676
SSI,2019-02-13,15:02:02,HOSE,STOCK,27.15,29.05,25.25,27.25,27.5,27.15,27.2,27.3,9.404,9.49,9.369,9.386,9.421,2327970.0,63550482500.0,0.0,0.0,0.05,0.0173,0.1842
SSI,2019-02-12,15:02:02,HOSE,STOCK,26.9,28.75,25.05,26.9,27.5,26.8,27.15,27.14,9.283,9.49,9.248,9.369,9.366,3517680.0,95477113000.0,0.0,0.0,0.25,0.0863,0.9294
SSI,2019-02-11,15:02:02,HOSE,STOCK,26.1,27.9,24.3,26.3,26.9,26.2,26.9,26.54,9.076,9.283,9.041,9.283,9.159,1946520.0,51665517500.0,0.0,0.0,0.8,0.2761,3.0651
SSI,2019-02-01,15:02:01,HOSE,STOCK,26.1,27.9,24.3,25.9,26.2,25.9,26.1,26.11,8.938,9.041,8.938,9.007,9.01,985310.0,25724685500.0,0.0,0.0,0.0,0.0,0.0
SSI,2019-01-31,15:01:02,HOSE,STOCK,26.0,27.8,24.2,26.1,26.5,25.85,26.1,26.2,9.007,9.145,8.92,9.007,9.041,1569170.0,41104908000.0,0.0,0.0,0.1,0.0345,0.3846
SSI,2019-01-30,15:01:01,HOSE,STOCK,26.2,28.0,24.4,26.2,26.2,26.0,26.0,26.06,9.041,9.041,8.972,8.972,8.993,971710.0,25319736500.0,0.0,0.0,-0.2,-0.069,-0.7634
SSI,2019-01-29,15:01:01,HOSE,STOCK,26.05,27.85,24.25,26.15,26.2,25.85,26.2,26.03,9.024,9.041,8.92,9.041,8.983,1011500.0,26331198500.0,0.0,0.0,0.15,0.0518,0.5758
SSI,2019-01-28,15:01:01,HOSE,STOCK,26.2,28.0,24.4,26.2,26.35,25.95,26.05,26.16,9.041,9.093,8.955,8.989,9.027,1266510.0,33137106000.0,0.0,0.0,-0.15,-0.0518,-0.5725
SSI,2019-01-25,15:01:01,HOSE,STOCK,25.55,27.3,23.8,25.55,26.3,25.55,26.2,26.0,8.817,9.076,8.817,9.041,8.972,2422010.0,62981020000.0,0.0,0.0,0.65,0.2243,2.544
SSI,2019-01-24,15:01:01,HOSE,STOCK,25.45,27.2,23.7,25.7,25.8,25.5,25.55,25.66,8.869,8.903,8.8,8.817,8.855,1224550.0,31420762500.0,0.0,0.0,0.1,0.0345,0.3929
SSI,2019-01-23,15:01:01,HOSE,STOCK,25.55,27.3,23.8,25.4,25.7,25.3,25.45,25.51,8.765,8.869,8.731,8.782,8.803,1188790.0,30328836000.0,0.0,0.0,-0.1,-0.0345,-0.3914
SSI,2019-01-22,15:01:02,HOSE,STOCK,25.6,27.35,23.85,25.6,25.9,25.55,25.55,25.73,8.834,8.938,8.817,8.817,8.879,1156270.0,29745908500.0,0.0,0.0,-0.05,-0.0173,-0.1953
SSI,2019-01-21,15:01:01,HOSE,STOCK,25.15,26.9,23.4,25.15,25.9,25.15,25.6,25.5,8.679,8.938,8.679,8.834,8.8,1700870.0,43379118500.0,0.0,0.0,0.45,0.1553,1.7893
SSI,2019-01-18,15:01:01,HOSE,STOCK,25.2,26.95,23.45,25.2,25.35,24.9,25.15,25.16,8.696,8.748,8.593,8.679,8.682,1521200.0,38280557500.0,0.0,0.0,-0.05,-0.0173,-0.1984
SSI,2019-01-17,15:01:01,HOSE,STOCK,25.75,27.55,23.95,25.75,25.8,25.15,25.2,25.45,8.886,8.903,8.679,8.696,8.782,1852510.0,47143784000.0,0.0,0.0,-0.55,-0.1898,-2.1359
SSI,2019-01-16,15:01:01,HOSE,STOCK,26.0,27.8,24.2,26.05,26.1,25.65,25.75,25.89,8.989,9.007,8.851,8.886,8.934,1467160.0,37981741500.0,0.0,0.0,-0.25,-0.0863,-0.9615
SSI,2019-01-15,15:01:01,HOSE,STOCK,25.8,27.6,24.0,25.8,26.05,25.75,26.0,25.91,8.903,8.989,8.886,8.972,8.941,995860.0,25803242000.0,0.0,0.0,0.2,0.069,0.7752
SSI,2019-01-14,15:01:01,HOSE,STOCK,26.15,27.95,24.35,26.2,26.2,25.8,25.8,25.98,9.041,9.041,8.903,8.903,8.965,776770.0,20177187000.0,0.0,0.0,-0.35,-0.1208,-1.3384
SSI,2019-01-11,15:01:01,HOSE,STOCK,25.55,27.3,23.8,25.7,26.3,25.7,26.15,26.09,8.869,9.076,8.869,9.024,9.003,1820470.0,47505149500.0,0.0,0.0,0.6,0.2071,2.3483
SSI,2019-01-10,15:01:01,HOSE,STOCK,25.75,27.55,23.95,25.7,25.95,25.55,25.55,25.75,8.869,8.955,8.817,8.817,8.886,1212750.0,31227050000.0,0.0,0.0,-0.2,-0.069,-0.7767
SSI,2019-01-09,15:01:02,HOSE,STOCK,25.7,27.45,23.95,26.0,26.1,25.7,25.75,25.88,8.972,9.007,8.869,8.886,8.931,1650530.0,42714608000.0,0.0,0.0,0.05,0.0173,0.1946
SSI,2019-01-08,15:01:01,HOSE,STOCK,26.05,27.85,24.25,26.15,26.15,25.65,25.7,25.81,9.024,9.024,8.851,8.869,8.907,1306960.0,33737856000.0,0.0,0.0,-0.35,-0.1208,-1.3436
SSI,2019-01-07,15:01:01,HOSE,STOCK,26.0,27.8,24.2,26.8,26.8,26.05,26.05,26.33,9.248,9.248,8.989,8.989,9.086,735500.0,19364441000.0,0.0,0.0,0.05,0.0173,0.1923
SSI,2019-01-04,15:01:01,HOSE,STOCK,26.0,27.8,24.2,26.0,26.2,25.45,26.0,25.86,8.972,9.041,8.782,8.972,8.924,1232910.0,31887197500.0,0.0,0.0,0.0,0.0,0.0
SSI,2019-01-03,15:01:01,HOSE,STOCK,26.5,28.35,24.65,26.5,26.5,25.75,26.0,26.04,9.145,9.145,8.886,8.972,8.986,1672220.0,43538672500.0,0.0,0.0,-0.5,-0.1725,-1.8868
SSI,2019-01-02,15:01:01,HOSE,STOCK,0.0,0.0,0.0,26.7,26.9,26.25,26.5,26.59,9.214,9.283,9.058,9.145,9.176,1216350.0,32345683000.0,0.0,0.0,0.0,0.0,0.0
SSI,2018-12-28,15:12:01,HOSE,STOCK,27.0,28.85,25.15,27.0,27.1,26.6,26.65,26.8,9.317,9.352,9.179,9.196,9.248,1071830.0,28725350000.0,0.0,0.0,-0.35,-0.1208,-1.2963
SSI,2018-12-27,15:12:02,HOSE,STOCK,26.65,28.5,24.8,27.2,27.45,27.0,27.0,27.2,9.386,9.473,9.317,9.317,9.386,1206330.0,32813820000.0,0.0,0.0,0.35,0.1208,1.3133
SSI,2018-12-26,15:12:01,HOSE,STOCK,26.85,28.7,25.0,26.8,27.1,26.6,26.65,26.82,9.248,9.352,9.179,9.196,9.255,1110080.0,29768094500.0,0.0,0.0,-0.2,-0.069,-0.7449
SSI,2018-12-25,15:12:01,HOSE,STOCK,27.0,28.85,25.15,26.45,26.9,25.8,26.85,26.31,9.127,9.283,8.903,9.266,9.079,2802250.0,73728955000.0,0.0,0.0,-0.15,-0.0518,-0.5556
SSI,2018-12-24,15:12:01,HOSE,STOCK,27.85,29.75,25.95,27.8,28.0,26.9,27.0,27.38,9.593,9.662,9.283,9.317,9.448,2087580.0,57167715000.0,0.0,0.0,-0.85,-0.2933,-3.0521
SSI,2018-12-21,15:12:01,HOSE,STOCK,28.15,30.1,26.2,28.0,28.0,27.85,27.85,27.89,9.662,9.662,9.611,9.611,9.624,1345330.0,37520903000.0,0.0,0.0,-0.3,-0.1035,-1.0657
SSI,2018-12-20,15:12:01,HOSE,STOCK,28.1,30.05,26.15,28.05,28.5,27.95,28.15,28.14,9.68,9.835,9.645,9.714,9.711,925300.0,26034415000.0,0.0,0.0,0.05,0.0173,0.1779
SSI,2018-12-19,15:12:01,HOSE,STOCK,28.2,30.15,26.25,28.45,28.45,27.9,28.1,28.1,9.818,9.818,9.628,9.697,9.697,1349430.0,37925318000.0,0.0,0.0,-0.1,-0.0345,-0.3546
SSI,2018-12-18,15:12:01,HOSE,STOCK,28.55,30.5,26.6,27.8,28.55,27.8,28.2,28.15,9.593,9.852,9.593,9.731,9.714,1975390.0,55614454000.0,0.0,0.0,-0.35,-0.1208,-1.2259
SSI,2018-12-17,15:12:02,HOSE,STOCK,29.3,31.35,27.25,29.1,29.25,28.55,28.55,28.97,10.042,10.094,9.852,9.852,9.997,1604620.0,46480636500.0,0.0,0.0,-0.75,-0.2588,-2.5597
SSI,2018-12-14,15:12:01,HOSE,STOCK,29.7,31.75,27.65,29.4,29.65,29.3,29.3,29.46,10.145,10.232,10.111,10.111,10.166,1195470.0,35218366000.0,0.0,0.0,-0.4,-0.138,-1.3468
SSI,2018-12-13,15:12:02,HOSE,STOCK,29.65,31.7,27.6,29.8,30.0,29.7,29.7,29.84,10.284,10.353,10.249,10.249,10.297,1923340.0,57386740000.0,0.0,0.0,0.05,0.0173,0.1686
SSI,2018-12-12,15:12:01,HOSE,STOCK,29.15,31.15,27.15,29.35,29.65,29.2,29.65,29.45,10.128,10.232,10.076,10.232,10.163,947590.0,27907943000.0,0.0,0.0,0.5,0.1725,1.7153
SSI,2018-12-11,15:12:02,HOSE,STOCK,29.25,31.25,27.25,29.25,29.4,29.05,29.15,29.21,10.094,10.145,10.025,10.059,10.08,850740.0,24848011500.0,0.0,0.0,-0.1,-0.0345,-0.3419
SSI,2018-12-10,15:12:01,HOSE,STOCK,29.65,31.7,27.6,29.3,29.5,29.25,29.25,29.32,10.111,10.18,10.094,10.094,10.118,1061320.0,31122414000.0,0.0,0.0,-0.4,-0.138,-1.3491
SSI,2018-12-07,15:12:02,HOSE,STOCK,29.4,31.45,27.35,29.5,29.9,29.5,29.65,29.69,10.18,10.318,10.18,10.232,10.246,2214580.0,65752468000.0,0.0,0.0,0.25,0.0863,0.8503
SSI,2018-12-06,15:12:01,HOSE,STOCK,29.5,31.55,27.45,29.4,29.6,29.3,29.4,29.42,10.145,10.214,10.111,10.145,10.152,2552240.0,75080115000.0,0.0,0.0,-0.1,-0.0345,-0.339
SSI,2018-12-05,15:12:01,HOSE,STOCK,29.45,31.5,27.4,29.1,29.6,29.0,29.5,29.21,10.042,10.214,10.007,10.18,10.08,2978510.0,87004656500.0,0.0,0.0,0.05,0.0173,0.1698
SSI,2018-12-04,15:12:01,HOSE,STOCK,29.65,31.7,27.6,29.5,29.75,29.25,29.45,29.5,10.18,10.266,10.094,10.163,10.18,2144650.0,63273322000.0,0.0,0.0,-0.2,-0.069,-0.6745
SSI,2018-12-03,15:12:01,HOSE,STOCK,28.5,30.45,26.55,29.1,29.65,29.0,29.65,29.33,10.042,10.232,10.007,10.232,10.121,3666920.0,107554125000.0,0.0,0.0,1.15,0.3969,4.0351
SSI,2018-11-30,15:11:01,HOSE,STOCK,28.3,30.25,26.35,28.25,28.5,28.15,28.5,28.36,9.749,9.835,9.714,9.835,9.787,1080940.0,30659077000.0,0.0,0.0,0.2,0.069,0.7067
SSI,2018-11-29,15:11:01,HOSE,STOCK,28.2,30.15,26.25,28.5,28.75,28.25,28.3,28.54,9.835,9.921,9.749,9.766,9.849,2115370.0,60371657500.0,0.0,0.0,0.1,0.0345,0.3546
SSI,2018-11-28,15:11:02,HOSE,STOCK,27.95,29.9,26.0,27.95,28.2,27.75,28.2,27.92,9.645,9.731,9.576,9.731,9.635,1561150.0,43580227500.0,0.0,0.0,0.25,0.0863,0.8945
SSI,2018-11-27,15:11:01,HOSE,STOCK,27.8,29.7,25.9,27.95,28.2,27.8,27.95,28.05,9.645,9.731,9.593,9.645,9.68,1626230.0,45617540500.0,0.0,0.0,0.15,0.0518,0.5396
SSI,2018-11-26,15:11:01,HOSE,STOCK,27.9,29.85,25.95,27.7,27.95,27.7,27.8,27.83,9.559,9.645,9.559,9.593,9.604,1112650.0,30967128000.0,0.0,0.0,-0.1,-0.0345,-0.3584
SSI,2018-11-23,15:11:01,HOSE,STOCK,28.65,30.65,26.65,28.65,28.65,27.9,27.9,28.25,9.887,9.887,9.628,9.628,9.749,1364180.0,38534008000.0,0.0,0.0,-0.75,-0.2588,-2.6178
SSI,2018-11-22,15:11:01,HOSE,STOCK,28.9,30.9,26.9,28.9,29.0,28.55,28.65,28.75,9.973,10.007,9.852,9.887,9.921,1187210.0,34127566500.0,0.0,0.0,-0.25,-0.0863,-0.8651
SSI,2018-11-21,15:11:01,HOSE,STOCK,28.4,30.35,26.45,28.0,28.9,27.9,28.9,28.41,9.662,9.973,9.628,9.973,9.804,1622010.0,46089088000.0,0.0,0.0,0.5,0.1725,1.7606
SSI,2018-11-20,15:11:01,HOSE,STOCK,28.5,30.45,26.55,28.15,28.45,28.15,28.4,28.28,9.714,9.818,9.714,9.8,9.759,1348260.0,38133491500.0,0.0,0.0,-0.1,-0.0345,-0.3509
SSI,2018-11-19,15:11:01,HOSE,STOCK,27.7,29.6,25.8,27.9,28.5,27.9,28.5,28.2,9.628,9.835,9.628,9.835,9.731,2127510.0,60005246000.0,0.0,0.0,0.8,0.2761,2.8881
SSI,2018-11-16,15:11:02,HOSE,STOCK,27.6,29.5,25.7,27.8,28.0,27.5,27.7,27.74,9.593,9.662,9.49,9.559,9.573,1419440.0,39381783500.0,0.0,0.0,0.1,0.0345,0.3623
SSI,2018-11-15,15:11:01,HOSE,STOCK,27.8,29.7,25.9,27.8,27.9,27.35,27.6,27.6,9.593,9.628,9.438,9.524,9.524,1109230.0,30609351000.0,0.0,0.0,-0.2,-0.069,-0.7194
SSI,2018-11-14,15:11:01,HOSE,STOCK,27.85,29.75,25.95,27.85,28.2,27.35,27.8,27.73,9.611,9.731,9.438,9.593,9.569,1152590.0,31964100000.0,0.0,0.0,-0.05,-0.0173,-0.1795
SSI,2018-11-13,15:11:01,HOSE,STOCK,28.3,30.25,26.35,27.5,28.15,27.5,27.85,27.82,9.49,9.714,9.49,9.611,9.6,1201380.0,33423687500.0,0.0,0.0,-0.45,-0.1553,-1.5901
SSI,2018-11-12,15:11:01,HOSE,STOCK,27.8,29.7,25.9,27.5,28.3,27.3,28.3,27.82,9.49,9.766,9.421,9.766,9.6,1881680.0,52349160000.0,0.0,0.0,0.5,0.1725,1.7986
SSI,2018-11-09,15:11:01,HOSE,STOCK,28.65,30.65,26.65,28.5,28.6,27.8,27.8,28.22,9.835,9.869,9.593,9.593,9.738,1537960.0,43406515500.0,0.0,0.0,-0.85,-0.2933,-2.9668
SSI,2018-11-08,15:11:01,HOSE,STOCK,28.5,30.45,26.55,29.0,29.0,28.65,28.65,28.83,10.007,10.007,9.887,9.887,9.949,1772080.0,51089927500.0,0.0,0.0,0.15,0.0518,0.5263
SSI,2018-11-07,15:11:02,HOSE,STOCK,28.6,30.6,26.6,28.6,28.75,28.05,28.5,28.4,9.869,9.921,9.68,9.835,9.8,1878310.0,53347334000.0,0.0,0.0,-0.1,-0.0345,-0.3497
SSI,2018-11-06,15:11:02,HOSE,STOCK,28.9,30.9,26.9,29.1,29.2,28.6,28.6,28.97,10.042,10.076,9.869,9.869,9.997,2015480.0,58391164000.0,0.0,0.0,-0.3,-0.1035,-1.0381
SSI,2018-11-05,15:11:02,HOSE,STOCK,28.8,30.8,26.8,28.4,29.1,28.3,28.9,28.63,9.8,10.042,9.766,9.973,9.88,1836910.0,52582067500.0,0.0,0.0,0.1,0.0345,0.3472
SSI,2018-11-02,15:11:02,HOSE,STOCK,28.0,29.95,26.05,28.25,29.0,28.1,28.8,28.59,9.749,10.007,9.697,9.938,9.866,3357100.0,95980754000.0,0.0,0.0,0.8,0.2761,2.8571
SSI,2018-11-01,15:11:01,HOSE,STOCK,28.65,30.65,26.65,28.75,28.8,27.95,28.0,28.42,9.921,9.938,9.645,9.662,9.807,2372190.0,67420392000.0,0.0,0.0,-0.65,-0.2243,-2.2688
SSI,2018-10-31,15:10:02,HOSE,STOCK,27.5,29.4,25.6,28.0,28.8,27.85,28.65,28.32,9.662,9.938,9.611,9.887,9.773,2418880.0,68513962000.0,0.0,0.0,1.15,0.3969,4.1818
SSI,2018-10-30,15:10:01,HOSE,STOCK,27.4,29.3,25.5,27.5,28.15,27.15,27.5,27.69,9.49,9.714,9.369,9.49,9.555,1967410.0,54477761500.0,0.0,0.0,0.1,0.0345,0.365
SSI,2018-10-29,15:10:01,HOSE,STOCK,27.55,29.45,25.65,27.5,27.55,27.1,27.4,27.37,9.49,9.507,9.352,9.455,9.445,1971190.0,53959493000.0,0.0,0.0,-0.15,-0.0518,-0.5445
SSI,2018-10-26,15:10:02,HOSE,STOCK,28.0,29.95,26.05,28.35,28.5,27.55,27.55,28.05,9.783,9.835,9.507,9.507,9.68,2485300.0,69723707000.0,0.0,0.0,-0.45,-0.1553,-1.6071
SSI,2018-10-25,15:10:01,HOSE,STOCK,28.3,30.25,26.35,26.5,28.2,26.5,28.0,27.47,9.145,9.731,9.145,9.662,9.479,4115970.0,113077682500.0,0.0,0.0,-0.3,-0.1035,-1.0601
SSI,2018-10-24,15:10:01,HOSE,STOCK,29.0,31.0,27.0,29.0,29.35,28.3,28.3,28.6,10.007,10.128,9.766,9.766,9.869,4276680.0,122293158000.0,0.0,0.0,-0.7,-0.2416,-2.4138
SSI,2018-10-23,15:10:01,HOSE,STOCK,30.0,32.1,27.9,29.5,29.8,28.55,29.0,29.15,10.18,10.284,9.852,10.007,10.059,4487910.0,130815845500.0,0.0,0.0,-1.0,-0.3451,-3.3333
SSI,2018-10-22,15:10:02,HOSE,STOCK,30.15,32.25,28.05,30.5,30.7,30.0,30.0,30.3,10.525,10.594,10.353,10.353,10.456,2307270.0,69919312500.0,0.0,0.0,-0.15,-0.0518,-0.4975
SSI,2018-10-19,15:10:01,HOSE,STOCK,30.4,32.5,28.3,29.9,30.5,29.7,30.15,30.05,10.318,10.525,10.249,10.404,10.37,2307550.0,69332873000.0,0.0,0.0,-0.25,-0.0863,-0.8224
SSI,2018-10-18,15:10:01,HOSE,STOCK,30.8,32.95,28.65,30.5,30.8,30.3,30.4,30.5,10.525,10.629,10.456,10.491,10.525,2044470.0,62358750000.0,0.0,0.0,-0.4,-0.138,-1.2987
SSI,2018-10-17,15:10:01,HOSE,STOCK,30.35,32.45,28.25,30.9,30.95,30.6,30.8,30.78,10.663,10.68,10.56,10.629,10.622,2565980.0,78973570000.0,0.0,0.0,0.45,0.1553,1.4827
SSI,2018-10-16,15:10:01,HOSE,STOCK,30.3,32.4,28.2,30.4,30.5,30.0,30.35,30.37,10.491,10.525,10.353,10.473,10.48,2143320.0,65088860500.0,0.0,0.0,0.05,0.0173,0.165
SSI,2018-10-15,15:10:01,HOSE,STOCK,30.95,33.1,28.8,30.95,30.95,30.15,30.3,30.5,10.68,10.68,10.404,10.456,10.525,1845760.0,56304493000.0,0.0,0.0,-0.65,-0.2243,-2.1002
SSI,2018-10-12,15:10:01,HOSE,STOCK,30.35,32.45,28.25,30.1,31.1,29.45,30.95,30.38,10.387,10.732,10.163,10.68,10.484,4954220.0,150508184500.0,0.0,0.0,0.6,0.207,1.9769
SSI,2018-10-11,15:10:01,HOSE,STOCK,32.6,34.85,30.35,31.2,31.9,30.35,30.35,30.58,10.767,11.008,10.473,10.473,10.553,9927880.0,303547340000.0,0.0,0.0,-2.25,-0.7764,-6.9018
SSI,2018-10-10,15:10:01,HOSE,STOCK,32.65,34.9,30.4,32.7,32.8,32.0,32.6,32.63,11.284,11.319,11.043,11.25,11.26,2429860.0,79275072500.0,0.0,0.0,-0.05,-0.0173,-0.1531
SSI,2018-10-09,15:10:01,HOSE,STOCK,32.55,34.8,30.3,32.55,32.8,32.45,32.65,32.57,11.232,11.319,11.198,11.267,11.239,1334060.0,43453020500.0,0.0,0.0,0.1,0.0345,0.3072
SSI,2018-10-08,15:10:02,HOSE,STOCK,32.6,34.85,30.35,32.4,32.85,32.15,32.55,32.52,11.181,11.336,11.094,11.232,11.222,2493570.0,81091894500.0,0.0,0.0,-0.05,-0.0173,-0.1534
SSI,2018-10-05,15:10:01,HOSE,STOCK,33.3,35.6,31.0,33.0,33.3,32.6,32.6,33.0,11.388,11.491,11.25,11.25,11.388,3497780.0,115438041000.0,0.0,0.0,-0.7,-0.2416,-2.1021
SSI,2018-10-04,15:10:01,HOSE,STOCK,32.35,34.6,30.1,32.7,33.3,32.5,33.3,32.8,11.284,11.491,11.215,11.491,11.319,3749870.0,122993714000.0,0.0,0.0,0.95,0.3278,2.9366
SSI,2018-10-03,15:10:01,HOSE,STOCK,33.05,35.35,30.75,33.2,33.35,33.0,33.35,33.21,11.113,11.163,11.046,11.163,11.116,2595250.0,86192073500.0,0.0,0.0,0.3,0.1004,0.9077
SSI,2018-10-02,15:10:01,HOSE,STOCK,33.2,35.5,30.9,33.05,33.45,32.95,33.05,33.16,11.063,11.197,11.029,11.063,11.1,2987970.0,99066304500.0,0.0,0.0,-0.15,-0.0502,-0.4518
SSI,2018-10-01,15:10:01,HOSE,STOCK,33.5,35.8,31.2,33.5,33.6,33.1,33.2,33.38,11.214,11.247,11.08,11.113,11.173,2718800.0,90741087000.0,0.0,0.0,-0.3,-0.1004,-0.8955
SSI,2018-09-28,15:09:01,HOSE,STOCK,33.6,35.95,31.25,33.7,33.8,33.5,33.5,33.62,11.28,11.314,11.214,11.214,11.254,3238680.0,108888840500.0,0.0,0.0,-0.1,-0.0335,-0.2976
SSI,2018-09-27,15:09:01,HOSE,STOCK,33.0,35.3,30.7,33.2,33.8,33.0,33.6,33.47,11.113,11.314,11.046,11.247,11.203,4349150.0,145559990000.0,0.0,0.0,0.6,0.2008,1.8182
SSI,2018-09-26,15:09:01,HOSE,STOCK,32.95,35.25,30.65,32.9,33.4,32.9,33.0,33.12,11.013,11.18,11.013,11.046,11.086,2945320.0,97555580000.0,0.0,0.0,0.05,0.0167,0.1517
SSI,2018-09-25,15:09:02,HOSE,STOCK,33.15,35.45,30.85,32.95,33.3,32.8,32.95,33.01,11.029,11.147,10.979,11.029,11.049,3284420.0,108414881500.0,0.0,0.0,-0.2,-0.0669,-0.6033
SSI,2018-09-24,15:09:01,HOSE,STOCK,32.9,35.2,30.6,33.25,33.35,32.95,33.15,33.15,11.13,11.163,11.029,11.096,11.096,3011110.0,99813257000.0,0.0,0.0,0.25,0.0837,0.7599
SSI,2018-09-21,15:09:01,HOSE,STOCK,32.6,34.85,30.35,33.0,33.2,32.65,32.9,32.97,11.046,11.113,10.929,11.013,11.036,7085490.0,233584531000.0,0.0,0.0,0.3,0.1004,0.9202
SSI,2018-09-20,15:09:02,HOSE,STOCK,32.25,34.5,30.0,32.2,32.8,32.15,32.6,32.45,10.778,10.979,10.762,10.912,10.862,4587420.0,148860340500.0,0.0,0.0,0.35,0.1172,1.0853
SSI,2018-09-19,15:09:01,HOSE,STOCK,32.0,34.2,29.8,32.2,32.4,32.0,32.25,32.24,10.778,10.845,10.711,10.795,10.792,4606830.0,148525251000.0,0.0,0.0,0.25,0.0837,0.7813
SSI,2018-09-18,15:09:02,HOSE,STOCK,31.3,33.45,29.15,31.0,32.0,30.8,32.0,31.47,10.377,10.711,10.31,10.711,10.534,3436290.0,108144406000.0,0.0,0.0,0.7,0.2343,2.2364
SSI,2018-09-17,15:09:01,HOSE,STOCK,32.1,34.3,29.9,31.8,32.05,31.3,31.3,31.7,10.644,10.728,10.477,10.477,10.611,2156240.0,68358566500.0,0.0,0.0,-0.8,-0.2678,-2.4922
SSI,2018-09-14,15:09:02,HOSE,STOCK,31.8,34.0,29.6,31.8,32.4,31.8,32.1,32.16,10.644,10.845,10.644,10.745,10.765,3169020.0,101923894500.0,0.0,0.0,0.3,0.1004,0.9434
SSI,2018-09-13,15:09:01,HOSE,STOCK,31.7,33.9,29.5,31.95,32.2,31.7,31.8,31.97,10.695,10.778,10.611,10.644,10.701,2672170.0,85423235500.0,0.0,0.0,0.1,0.0335,0.3155
SSI,2018-09-12,15:09:02,HOSE,STOCK,32.2,34.45,29.95,32.45,32.5,31.7,31.7,32.04,10.862,10.879,10.611,10.611,10.725,4418180.0,141545978000.0,0.0,0.0,-0.5,-0.1674,-1.5528
SSI,2018-09-11,15:09:01,HOSE,STOCK,31.3,33.45,29.15,31.1,32.2,31.1,32.2,31.73,10.41,10.778,10.41,10.778,10.621,5786190.0,183585324500.0,0.0,0.0,0.9,0.3012,2.8754
SSI,2018-09-10,15:09:01,HOSE,STOCK,31.5,33.7,29.3,31.3,31.6,31.25,31.3,31.4,10.477,10.578,10.46,10.477,10.511,2590800.0,81350276000.0,0.0,0.0,-0.2,-0.0669,-0.6349
SSI,2018-09-07,15:09:01,HOSE,STOCK,30.9,33.05,28.75,30.9,31.5,30.85,31.5,31.16,10.343,10.544,10.326,10.544,10.43,3928320.0,122404524000.0,0.0,0.0,0.6,0.2008,1.9417
SSI,2018-09-06,15:09:01,HOSE,STOCK,30.9,33.05,28.75,30.75,31.0,30.6,30.9,30.86,10.293,10.377,10.243,10.343,10.33,2061300.0,63621960000.0,0.0,0.0,0.0,0.0,0.0
SSI,2018-09-05,15:09:01,HOSE,STOCK,30.7,32.8,28.6,30.5,30.95,30.2,30.9,30.59,10.209,10.36,10.109,10.343,10.239,3701410.0,113239592000.0,0.0,0.0,0.2,0.0669,0.6515
SSI,2018-09-04,15:09:02,HOSE,STOCK,31.6,33.8,29.4,31.3,31.6,30.65,30.7,31.09,10.477,10.578,10.26,10.276,10.407,3231530.0,100453102000.0,0.0,0.0,-0.9,-0.3013,-2.8481
SSI,2018-08-31,15:08:02,HOSE,STOCK,32.25,34.5,30.0,31.85,32.25,31.6,31.6,31.94,10.661,10.795,10.578,10.578,10.691,3029690.0,96766863000.0,0.0,0.0,-0.65,-0.2176,-2.0155
SSI,2018-08-30,15:08:16,HOSE,STOCK,31.9,34.1,29.7,31.65,32.25,31.4,32.25,31.87,10.594,10.795,10.511,10.795,10.668,4361960.0,139008908000.0,0.0,0.0,0.35,0.1172,1.0972
SSI,2018-08-29,15:08:02,HOSE,STOCK,31.7,33.9,29.5,31.5,31.95,31.25,31.9,31.7,10.544,10.695,10.46,10.678,10.611,4251020.0,134740746500.0,0.0,0.0,0.2,0.0669,0.6309
SSI,2018-08-28,15:08:02,HOSE,STOCK,30.85,33.0,28.7,31.0,31.9,30.95,31.7,31.49,10.377,10.678,10.36,10.611,10.541,7117300.0,224108904500.0,0.0,0.0,0.85,0.2845,2.7553
SSI,2018-08-27,15:08:01,HOSE,STOCK,30.2,32.3,28.1,30.5,31.25,30.4,30.85,30.85,10.209,10.46,10.176,10.326,10.326,4427800.0,136578515500.0,0.0,0.0,0.65,0.2176,2.1523
SSI,2018-08-24,15:08:01,HOSE,STOCK,30.55,32.65,28.45,30.55,30.7,30.0,30.2,30.38,10.226,10.276,10.042,10.109,10.169,2811160.0,85404116000.0,0.0,0.0,-0.35,-0.1172,-1.1457
SSI,2018-08-23,15:08:01,HOSE,STOCK,30.2,32.3,28.1,30.25,30.7,30.1,30.55,30.43,10.126,10.276,10.075,10.226,10.186,2055630.0,62545389000.0,0.0,0.0,0.35,0.1172,1.1589
SSI,2018-08-22,15:08:01,HOSE,STOCK,30.6,32.7,28.5,30.9,30.9,30.2,30.2,30.53,10.343,10.343,10.109,10.109,10.219,2648670.0,80870436000.0,0.0,0.0,-0.4,-0.1339,-1.3072
SSI,2018-08-21,15:08:01,HOSE,STOCK,29.15,31.15,27.15,29.15,30.6,29.15,30.6,29.76,9.757,10.243,9.757,10.243,9.962,4029440.0,119928311000.0,0.0,0.0,1.45,0.4854,4.9743
SSI,2018-08-20,15:08:01,HOSE,STOCK,29.7,31.75,27.65,29.7,29.9,29.1,29.15,29.52,9.942,10.008,9.741,9.757,9.881,2369080.0,69942974500.0,0.0,0.0,-0.55,-0.1841,-1.8519
SSI,2018-08-17,15:08:01,HOSE,STOCK,29.8,31.85,27.75,30.3,30.4,29.7,29.7,30.09,10.142,10.176,9.942,9.942,10.072,3043490.0,91572752000.0,0.0,0.0,-0.1,-0.0335,-0.3356
SSI,2018-08-16,15:08:01,HOSE,STOCK,30.0,32.1,27.9,29.8,29.85,29.05,29.8,29.52,9.975,9.992,9.724,9.975,9.881,3722080.0,109860364000.0,0.0,0.0,-0.2,-0.0669,-0.6667
SSI,2018-08-15,15:08:01,HOSE,STOCK,31.0,33.15,28.85,31.0,31.1,29.8,30.0,30.53,10.377,10.41,9.975,10.042,10.219,3465340.0,105807905500.0,0.0,0.0,-1.0,-0.3347,-3.2258
SSI,2018-08-14,15:08:01,HOSE,STOCK,31.5,33.7,29.3,31.3,31.4,30.9,31.0,31.09,10.477,10.511,10.343,10.377,10.407,3465660.0,107744692500.0,0.0,0.0,-0.5,-0.1674,-1.5873
SSI,2018-08-13,15:08:01,HOSE,STOCK,30.3,32.4,28.2,30.1,31.5,29.95,31.5,30.71,10.075,10.544,10.025,10.544,10.28,4756890.0,146065016000.0,0.0,0.0,1.2,0.4017,3.9604
SSI,2018-08-10,15:08:01,HOSE,STOCK,29.6,31.65,27.55,29.6,30.35,29.45,30.3,29.87,9.908,10.159,9.858,10.142,9.998,3668530.0,109568831000.0,0.0,0.0,0.7,0.2343,2.3649
SSI,2018-08-09,15:08:01,HOSE,STOCK,29.55,31.6,27.5,29.7,30.4,29.6,29.6,30.01,9.942,10.176,9.908,9.908,10.045,4278160.0,128386540500.0,0.0,0.0,0.05,0.0167,0.1692
SSI,2018-08-08,15:08:01,HOSE,STOCK,0.0,0.0,0.0,29.15,29.6,29.0,29.55,29.35,9.757,9.908,9.707,9.891,9.824,2793790.0,82007511500.0,0.0,0.0,0.0,0.0,0.0
SSI,2018-08-07,15:08:01,HOSE,STOCK,0.0,0.0,0.0,28.5,29.15,28.4,28.95,28.89,9.54,9.757,9.506,9.69,9.67,2260180.0,65294727500.0,0.0,0.0,0.0,0.0,0.0
SSI,2018-08-06,17:08:47,HOSE,STOCK,0.0,0.0,0.0,28.9,29.2,28.4,28.6,28.83,9.674,9.774,9.506,9.573,9.65,2069160.0,59652023000.0,0.0,0.0,0.0,0.0,0.0
SSI,2018-08-03,15:08:02,HOSE,STOCK,29.35,31.4,27.3,29.7,29.7,28.95,29.05,29.35,9.942,9.942,9.69,9.724,9.824,2786470.0,81795469500.0,0.0,0.0,-0.3,-0.1004,-1.0221
SSI,2018-08-02,15:08:01,HOSE,STOCK,29.0,31.0,27.0,28.6,29.35,28.3,29.35,28.75,9.573,9.824,9.473,9.824,9.624,4689220.0,134816757500.0,0.0,0.0,0.35,0.1172,1.2069
SSI,2018-08-01,15:08:02,HOSE,STOCK,28.9,30.9,26.9,28.9,29.9,28.8,29.0,29.31,9.674,10.008,9.64,9.707,9.811,5047960.0,147970569500.0,0.0,0.0,0.1,0.0335,0.346
SSI,2018-07-31,15:07:01,HOSE,STOCK,28.6,30.6,26.6,28.6,29.2,28.2,28.9,28.86,9.573,9.774,9.439,9.674,9.66,7063700.0,203869230500.0,0.0,0.0,0.3,0.1004,1.049
SSI,2018-07-30,15:07:01,HOSE,STOCK,27.9,29.85,25.95,28.1,28.6,27.9,28.6,28.24,9.406,9.573,9.339,9.573,9.453,3994720.0,112806388500.0,0.0,0.0,0.7,0.2343,2.509
SSI,2018-07-27,15:07:11,HOSE,STOCK,27.7,29.6,25.8,27.9,28.3,27.65,27.9,28.0,9.339,9.473,9.255,9.339,9.372,2850300.0,79799217000.0,0.0,0.0,0.2,0.0669,0.722
SSI,2018-07-26,15:07:02,HOSE,STOCK,26.5,28.35,24.65,26.5,27.7,26.3,27.7,26.74,8.87,9.272,8.803,9.272,8.951,3738410.0,99982525000.0,0.0,0.0,1.2,0.4017,4.5283
SSI,2018-07-25,15:07:01,HOSE,STOCK,27.4,29.3,25.5,27.4,27.8,26.5,26.5,27.19,9.172,9.306,8.87,8.87,9.101,2881830.0,78368248500.0,0.0,0.0,-0.9,-0.3012,-3.2847
SSI,2018-07-24,15:07:02,HOSE,STOCK,28.15,30.1,26.2,28.15,28.2,27.15,27.4,27.71,9.423,9.439,9.088,9.172,9.275,2972580.0,82384108500.0,0.0,0.0,-0.75,-0.2511,-2.6643
SSI,2018-07-23,15:07:02,HOSE,STOCK,29.15,31.15,27.15,28.8,29.2,28.15,28.15,28.72,9.64,9.774,9.423,9.423,9.613,4456950.0,128014883000.0,0.0,0.0,-1.0,-0.3347,-3.4305
SSI,2018-07-20,15:07:02,HOSE,STOCK,28.9,30.9,26.9,28.55,29.15,28.05,29.15,28.55,9.557,9.757,9.389,9.757,9.557,4836970.0,138114678000.0,0.0,0.0,0.25,0.0837,0.8651
SSI,2018-07-19,15:07:01,HOSE,STOCK,29.2,31.2,27.2,29.0,29.4,28.7,28.9,29.04,9.707,9.841,9.607,9.674,9.721,3803880.0,110468121000.0,0.0,0.0,-0.3,-0.1004,-1.0274
SSI,2018-07-18,15:07:01,HOSE,STOCK,27.8,29.7,25.9,28.2,29.25,28.05,29.2,28.48,9.439,9.791,9.389,9.774,9.533,5804510.0,165317074000.0,0.0,0.0,1.4,0.4686,5.036
SSI,2018-07-17,15:07:02,HOSE,STOCK,27.3,29.2,25.4,27.0,27.9,26.75,27.8,27.31,9.038,9.339,8.954,9.306,9.142,3557820.0,97174356000.0,0.0,0.0,0.5,0.1674,1.8315
SSI,2018-07-16,15:07:02,HOSE,STOCK,27.45,29.35,25.55,27.5,27.85,27.05,27.3,27.49,9.205,9.322,9.054,9.138,9.202,2512090.0,69060154500.0,0.0,0.0,-0.15,-0.0502,-0.5464
SSI,2018-07-13,15:07:02,HOSE,STOCK,26.1,27.9,24.3,26.8,27.5,26.2,27.45,27.05,8.971,9.205,8.77,9.188,9.054,3549250.0,96019808500.0,0.0,0.0,1.35,0.4519,5.1724
SSI,2018-07-12,15:07:01,HOSE,STOCK,26.0,27.8,24.2,26.0,27.05,25.8,26.1,26.38,8.703,9.054,8.636,8.736,8.83,2497850.0,65902777500.0,0.0,0.0,0.1,0.0335,0.3846
SSI,2018-07-11,15:07:01,HOSE,STOCK,27.65,29.55,25.75,26.55,26.85,25.8,26.0,26.21,8.887,8.988,8.636,8.703,8.773,5866130.0,153765770000.0,0.0,0.0,-1.65,-0.5523,-5.9675
SSI,2018-07-10,15:07:01,HOSE,STOCK,27.8,29.7,25.9,27.8,28.35,27.6,27.65,27.97,9.306,9.49,9.239,9.255,9.362,2492760.0,69724151500.0,0.0,0.0,-0.15,-0.0502,-0.5396
SSI,2018-07-09,15:07:01,HOSE,STOCK,28.6,30.6,26.6,28.65,29.0,27.6,27.8,28.48,9.59,9.707,9.239,9.306,9.533,3251740.0,92604634000.0,0.0,0.0,-0.8,-0.2678,-2.7972
SSI,2018-07-06,15:07:01,HOSE,STOCK,26.85,28.7,25.0,26.85,28.7,26.3,28.6,27.85,8.988,9.607,8.803,9.573,9.322,7565200.0,210700464500.0,0.0,0.0,1.75,0.5858,6.5177
SSI,2018-07-05,15:07:01,HOSE,STOCK,27.25,29.15,25.35,27.0,27.35,25.6,26.85,26.37,9.038,9.155,8.569,8.988,8.827,3160930.0,83366534000.0,0.0,0.0,-0.4,-0.1339,-1.4679
SSI,2018-07-04,15:07:02,HOSE,STOCK,25.8,27.6,24.0,26.0,27.3,25.2,27.25,26.4,8.703,9.138,8.435,9.121,8.837,4230790.0,111699956500.0,0.0,0.0,1.45,0.4853,5.6202
SSI,2018-07-03,15:07:01,HOSE,STOCK,27.5,29.4,25.6,27.7,27.85,25.8,25.8,26.54,9.272,9.322,8.636,8.636,8.884,6402640.0,169905976000.0,0.0,0.0,-1.7,-0.569,-6.1818
SSI,2018-07-02,15:07:02,HOSE,STOCK,28.5,30.45,26.55,28.0,28.4,26.6,27.5,27.08,9.372,9.506,8.904,9.205,9.065,7545540.0,204333259500.0,0.0,0.0,-1.0,-0.3347,-3.5088
SSI,2018-06-29,15:06:01,HOSE,STOCK,28.5,30.45,26.55,28.6,29.2,28.2,28.5,28.62,9.573,9.774,9.439,9.54,9.58,2276350.0,65153184500.0,0.0,0.0,0.0,0.0,0.0
SSI,2018-06-28,15:06:01,HOSE,STOCK,29.7,31.75,27.65,29.3,29.8,28.5,28.5,28.99,9.808,9.975,9.54,9.54,9.704,5743020.0,166504583500.0,0.0,0.0,-1.2,-0.4017,-4.0404
SSI,2018-06-27,15:06:01,HOSE,STOCK,31.4,33.55,29.25,31.4,31.7,29.7,29.7,30.65,10.511,10.611,9.942,9.942,10.26,3300080.0,101137470000.0,0.0,0.0,-1.7,-0.5691,-5.414
SSI,2018-06-26,15:06:01,HOSE,STOCK,31.65,33.85,29.45,31.0,31.6,30.95,31.4,31.18,10.377,10.578,10.36,10.511,10.437,1802400.0,56207362500.0,0.0,0.0,-0.25,-0.0837,-0.7899
SSI,2018-06-25,15:06:02,HOSE,STOCK,31.6,33.8,29.4,32.2,32.2,31.6,31.65,31.97,10.778,10.778,10.578,10.594,10.701,2553490.0,81625808000.0,0.0,0.0,0.05,0.0167,0.1582
SSI,2018-06-22,15:06:01,HOSE,STOCK,31.6,33.8,29.4,30.3,31.7,30.1,31.6,30.99,10.142,10.611,10.075,10.578,10.373,3531350.0,109429691000.0,0.0,0.0,0.0,0.0,0.0
SSI,2018-06-21,15:06:02,HOSE,STOCK,31.5,33.7,29.3,31.05,31.3,30.5,30.9,30.91,10.393,10.477,10.209,10.343,10.347,3112150.0,96207256000.0,0.0,0.0,-0.6,-0.2008,-1.9048
SSI,2018-06-20,15:06:02,HOSE,STOCK,31.0,33.15,28.85,31.05,31.9,30.4,31.5,31.28,10.393,10.678,10.176,10.544,10.47,3487980.0,109104738500.0,0.0,0.0,0.5,0.1674,1.6129
SSI,2018-06-19,15:06:01,HOSE,STOCK,31.25,33.4,29.1,30.1,31.0,29.1,31.0,29.53,10.075,10.377,9.741,10.377,9.885,9326040.0,275443224000.0,0.0,0.0,-0.25,-0.0837,-0.8
SSI,2018-06-18,15:06:01,HOSE,STOCK,33.5,35.8,31.2,33.0,33.5,31.2,31.25,31.88,11.046,11.214,10.444,10.46,10.671,6435560.0,205168774500.0,0.0,0.0,-2.25,-0.7531,-6.7164
SSI,2018-06-15,15:06:02,HOSE,STOCK,32.6,34.85,30.35,32.5,33.5,32.1,33.5,32.97,10.879,11.214,10.745,11.214,11.036,3949840.0,130232357500.0,0.0,0.0,0.9,0.3013,2.7607
SSI,2018-06-14,15:06:01,HOSE,STOCK,33.95,36.3,31.6,33.95,34.3,32.6,32.6,33.37,11.364,11.481,10.912,10.912,11.17,4628600.0,154467449500.0,0.0,0.0,-1.35,-0.4519,-3.9764
SSI,2018-06-13,15:06:02,HOSE,STOCK,33.6,35.95,31.25,33.7,34.0,33.4,33.95,33.7,11.28,11.381,11.18,11.364,11.28,3136880.0,105719152500.0,0.0,0.0,0.35,0.1172,1.0417
SSI,2018-06-12,15:06:01,HOSE,STOCK,34.05,36.4,31.7,33.7,34.1,32.5,33.6,33.44,11.28,11.414,10.879,11.247,11.193,7677610.0,256737484500.0,0.0,0.0,-0.45,-0.1506,-1.3216
SSI,2018-06-11,15:06:02,HOSE,STOCK,34.0,36.35,31.65,33.45,34.9,33.4,34.05,34.32,11.197,11.682,11.18,11.398,11.488,4555630.0,156368686000.0,0.0,0.0,0.05,0.0167,0.1471
SSI,2018-06-08,15:06:01,HOSE,STOCK,33.35,35.65,31.05,33.2,34.0,33.0,34.0,33.54,11.113,11.381,11.046,11.381,11.227,4475060.0,150092655500.0,0.0,0.0,0.65,0.2176,1.949
SSI,2018-06-07,15:06:02,HOSE,STOCK,33.9,36.25,31.55,34.0,34.05,33.3,33.35,33.69,11.381,11.398,11.147,11.163,11.277,5372030.0,180984338500.0,0.0,0.0,-0.55,-0.1841,-1.6224
SSI,2018-06-06,15:06:01,HOSE,STOCK,33.5,35.8,31.2,33.1,34.0,32.8,33.9,33.65,11.08,11.381,10.979,11.347,11.264,4421630.0,148775580500.0,0.0,0.0,0.4,0.1339,1.194
SSI,2018-06-05,15:06:02,HOSE,STOCK,33.4,35.7,31.1,33.2,33.55,32.65,33.5,33.11,11.113,11.23,10.929,11.214,11.083,6196020.0,205148387500.0,0.0,0.0,0.1,0.0335,0.2994
SSI,2018-06-04,15:06:02,HOSE,STOCK,32.35,34.6,30.1,32.3,33.7,31.6,33.4,32.79,10.812,11.28,10.578,11.18,10.976,5630880.0,184643170000.0,0.0,0.0,1.05,0.3515,3.2457
SSI,2018-06-01,15:06:02,HOSE,STOCK,32.0,34.2,29.8,32.0,32.9,31.8,32.35,32.36,10.711,11.013,10.644,10.829,10.832,9046480.0,292733072000.0,0.0,0.0,0.35,0.1172,1.0938
SSI,2018-05-31,15:05:02,HOSE,STOCK,29.95,32.0,27.9,29.9,32.0,29.6,32.0,31.03,10.008,10.711,9.908,10.711,10.387,8063970.0,250212516000.0,0.0,0.0,2.05,0.6862,6.8447
SSI,2018-05-30,15:05:02,HOSE,STOCK,29.4,31.45,27.35,29.2,30.5,29.2,29.95,30.01,9.774,10.209,9.774,10.025,10.045,5761840.0,172896326500.0,0.0,0.0,0.55,0.1841,1.8707
SSI,2018-05-29,15:05:01,HOSE,STOCK,27.5,29.4,25.6,28.5,29.4,27.8,29.4,28.81,9.54,9.841,9.306,9.841,9.644,5068460.0,146040041000.0,0.0,0.0,1.9,0.636,6.9091
SSI,2018-05-28,15:05:01,HOSE,STOCK,29.5,31.55,27.45,29.5,29.5,27.45,27.5,28.27,9.875,9.875,9.188,9.205,9.463,9055430.0,255955409000.0,0.0,0.0,-2.0,-0.6695,-6.7797
SSI,2018-05-25,15:05:02,HOSE,STOCK,30.45,32.55,28.35,30.45,31.15,29.5,29.5,30.59,10.193,10.427,9.875,9.875,10.239,4587060.0,140318214000.0,0.0,0.0,-0.95,-0.318,-3.1199
SSI,2018-05-24,15:05:02,HOSE,STOCK,31.2,33.35,29.05,31.0,31.45,30.35,30.45,30.83,10.377,10.527,10.159,10.193,10.32,2976910.0,91771880500.0,0.0,0.0,-0.75,-0.2511,-2.4038
SSI,2018-05-23,15:05:02,HOSE,STOCK,30.05,32.15,27.95,30.0,31.2,29.8,31.2,30.48,10.042,10.444,9.975,10.444,10.203,6944590.0,211691140000.0,0.0,0.0,1.15,0.385,3.827
SSI,2018-05-22,15:05:01,HOSE,STOCK,32.0,34.2,29.8,31.0,32.2,29.8,30.05,30.52,10.377,10.778,9.975,10.059,10.216,7843100.0,239384441000.0,0.0,0.0,-1.95,-0.6527,-6.0938
SSI,2018-05-21,15:05:02,HOSE,STOCK,33.0,35.3,30.7,33.3,33.5,32.0,32.0,32.63,11.147,11.214,10.711,10.711,10.922,3716910.0,121293623000.0,0.0,0.0,-1.0,-0.3347,-3.0303
SSI,2018-05-18,15:05:49,HOSE,STOCK,33.6,35.95,31.25,34.0,34.15,32.0,33.0,32.95,11.381,11.431,10.711,11.046,11.029,4498370.0,148200079500.0,0.0,0.0,-0.6,-0.2008,-1.7857
SSI,2018-05-17,15:05:01,HOSE,STOCK,34.5,36.9,32.1,34.6,34.9,33.6,33.6,34.09,11.582,11.682,11.247,11.247,11.411,4449330.0,151698417500.0,0.0,0.0,-0.9,-0.3013,-2.6087
SSI,2018-05-16,15:05:02,HOSE,STOCK,35.5,37.95,33.05,35.1,35.5,34.2,34.5,34.9,11.749,11.883,11.448,11.548,11.682,3220940.0,112407951500.0,0.0,0.0,-1.0,-0.3347,-2.8169
SSI,2018-05-15,15:05:02,HOSE,STOCK,35.0,37.45,32.55,35.3,35.95,35.1,35.5,35.54,11.816,12.034,11.749,11.883,11.896,3927810.0,139611399000.0,0.0,0.0,0.5,0.1674,1.4286
SSI,2018-05-14,15:05:02,HOSE,STOCK,34.6,37.0,32.2,35.0,35.4,34.4,35.0,34.93,11.716,11.85,11.515,11.716,11.692,3544440.0,123796991500.0,0.0,0.0,0.4,0.1339,1.1561
SSI,2018-05-11,15:05:01,HOSE,STOCK,34.3,36.7,31.9,34.0,34.6,33.3,34.6,34.05,11.381,11.582,11.147,11.582,11.398,5007300.0,170498595500.0,0.0,0.0,0.3,0.1004,0.8746
SSI,2018-05-10,15:05:01,HOSE,STOCK,35.8,38.3,33.3,35.5,35.75,34.0,34.3,34.97,11.883,11.967,11.381,11.481,11.706,3909990.0,136740717000.0,0.0,0.0,-1.5,-0.5021,-4.1899
SSI,2018-05-09,15:05:01,HOSE,STOCK,35.8,38.3,33.3,35.7,36.2,35.4,35.8,35.81,11.95,12.117,11.85,11.983,11.987,3990570.0,142896697000.0,0.0,0.0,0.0,0.0,0.0
SSI,2018-05-08,15:05:02,HOSE,STOCK,36.4,38.9,33.9,36.0,36.8,35.8,35.8,36.34,12.05,12.318,11.983,11.983,12.164,3875690.0,140823610000.0,0.0,0.0,-0.6,-0.2008,-1.6484
SSI,2018-05-07,15:05:01,HOSE,STOCK,34.25,36.6,31.9,34.9,36.55,34.0,36.4,35.3,11.682,12.234,11.381,12.184,11.816,3820060.0,134866907500.0,0.0,0.0,2.15,0.7197,6.2774
SSI,2018-05-04,15:05:02,HOSE,STOCK,35.0,37.45,32.55,35.5,35.6,34.1,34.25,34.79,11.883,11.916,11.414,11.465,11.645,2624670.0,91310819000.0,0.0,0.0,-0.75,-0.2511,-2.1429
SSI,2018-05-03,15:05:01,HOSE,STOCK,34.8,37.2,32.4,34.3,35.4,32.7,35.0,34.1,11.481,11.85,10.946,11.716,11.414,5248480.0,178976967500.0,0.0,0.0,0.2,0.0669,0.5747
SSI,2018-05-02,15:05:01,HOSE,STOCK,36.0,38.5,33.5,36.3,36.45,34.7,34.8,35.63,12.151,12.201,11.615,11.649,11.926,3753890.0,133732831500.0,0.0,0.0,-1.2,-0.4017,-3.3333
SSI,2018-04-27,15:04:01,HOSE,STOCK,34.8,37.2,32.4,34.3,36.7,34.3,36.0,35.65,11.481,12.285,11.481,12.05,11.933,5390690.0,192196563000.0,0.0,0.0,1.2,0.4017,3.4483
SSI,2018-04-26,15:04:02,HOSE,STOCK,37.4,40.0,34.8,37.4,37.45,34.8,34.8,35.37,12.519,12.536,11.649,11.649,11.839,10854440.0,383959207000.0,0.0,0.0,-2.6,-0.8703,-6.9519
SSI,2018-04-24,15:04:01,HOSE,STOCK,39.1,41.8,36.4,39.0,39.2,37.4,37.4,38.48,13.055,13.121,12.519,12.519,12.88,4821750.0,185537130000.0,0.0,0.0,-1.7,-0.569,-4.3478
SSI,2018-04-23,15:04:01,HOSE,STOCK,42.0,44.9,39.1,41.9,42.1,39.1,39.1,40.31,14.025,14.092,13.088,13.088,13.493,5811840.0,234291051500.0,0.0,0.0,-2.9,-0.9707,-6.9048
SSI,2018-04-20,15:04:02,HOSE,STOCK,40.6,43.4,37.8,40.6,42.0,40.05,42.0,41.12,13.59,14.059,13.406,14.059,13.764,4445130.0,182772399000.0,0.0,0.0,1.4,0.4686,3.4483
SSI,2018-04-19,15:04:02,HOSE,STOCK,41.5,44.4,38.6,41.0,41.6,40.45,40.6,40.97,13.724,13.925,13.54,13.59,13.714,5077900.0,208020607500.0,0.0,0.0,-0.9,-0.3013,-2.1687
SSI,2018-04-18,15:04:02,HOSE,STOCK,42.0,44.9,39.1,42.2,42.5,41.5,41.5,42.03,14.126,14.226,13.891,13.891,14.069,3774190.0,158644483500.0,0.0,0.0,-0.5,-0.1674,-1.1905
SSI,2018-04-17,15:04:02,HOSE,STOCK,41.4,44.25,38.55,41.5,42.0,40.9,42.0,41.56,13.891,14.059,13.691,14.059,13.911,2444350.0,101576441000.0,0.0,0.0,0.6,0.2008,1.4493
SSI,2018-04-16,15:04:01,HOSE,STOCK,41.3,44.15,38.45,41.1,42.2,40.1,41.4,41.53,13.757,14.126,13.423,13.858,13.901,3355220.0,139334496000.0,0.0,0.0,0.1,0.0335,0.2421
SSI,2018-04-13,15:04:02,HOSE,STOCK,42.0,44.9,39.1,42.5,42.5,41.1,41.3,41.72,14.226,14.226,13.757,13.824,13.965,3210960.0,133976045500.0,0.0,0.0,-0.7,-0.2343,-1.6667
SSI,2018-04-12,15:04:02,HOSE,STOCK,41.8,44.7,38.9,41.5,42.45,40.8,42.0,41.88,13.891,14.209,13.657,14.059,14.019,6199070.0,259607849500.0,0.0,0.0,0.2,0.0669,0.4785
SSI,2018-04-11,15:04:01,HOSE,STOCK,43.5,46.5,40.5,43.6,43.7,41.7,41.8,42.59,14.594,14.628,13.958,13.992,14.256,8254090.0,351542358000.0,0.0,0.0,-1.7,-0.5691,-3.908
SSI,2018-04-10,15:04:01,HOSE,STOCK,44.3,47.4,41.2,44.1,44.4,43.05,43.5,43.71,14.762,14.862,14.41,14.561,14.631,6851810.0,299515348500.0,0.0,0.0,-0.8,-0.2678,-1.8059
SSI,2018-04-09,15:04:02,HOSE,STOCK,41.9,44.8,39.0,42.0,44.3,41.9,44.3,43.15,14.059,14.829,14.025,14.829,14.444,9138680.0,394323534500.0,0.0,0.0,2.4,0.8034,5.7279
SSI,2018-04-06,15:04:01,HOSE,STOCK,41.9,44.8,39.0,42.0,42.65,41.75,41.9,42.19,14.059,14.276,13.975,14.025,14.122,6142670.0,259157488500.0,0.0,0.0,0.0,0.0,0.0
SSI,2018-04-05,15:04:01,HOSE,STOCK,41.9,44.8,39.0,42.2,42.35,41.6,41.9,41.99,14.126,14.176,13.925,14.025,14.055,4500600.0,188984748000.0,0.0,0.0,0.0,0.0,0.0
SSI,2018-04-04,15:04:02,HOSE,STOCK,42.2,45.15,39.25,43.0,43.2,41.9,41.9,42.46,14.393,14.46,14.025,14.025,14.213,6024780.0,255795863000.0,0.0,0.0,-0.3,-0.1004,-0.7109
SSI,2018-04-03,15:04:01,HOSE,STOCK,40.8,43.65,37.95,40.8,42.55,40.5,42.2,41.68,13.657,14.243,13.557,14.126,13.952,12295680.0,512443300499.99994,0.0,0.0,1.4,0.4686,3.4314
SSI,2018-04-02,15:04:01,HOSE,STOCK,39.0,41.7,36.3,39.5,40.85,39.3,40.8,40.38,13.222,13.674,13.155,13.657,13.516,6731550.0,271840528000.0,0.0,0.0,1.8,0.6025,4.6154
SSI,2018-03-30,15:03:01,HOSE,STOCK,39.0,41.7,36.3,39.15,39.2,38.2,39.0,38.81,13.105,13.121,12.787,13.055,12.991,4561950.0,177037910500.0,0.0,0.0,0.0,0.0,0.0
SSI,2018-03-29,00:03:00,HOSE,STOCK,39.5,42.25,36.75,39.55,39.75,38.85,39.0,39.16,13.239,13.306,13.004,13.055,13.108,3861330.0,151211026000.0,0.0,0.0,-0.5,-0.1674,-1.2658
SSI,2018-03-28,15:03:02,HOSE,STOCK,40.0,42.8,37.2,39.55,40.0,39.3,39.5,39.64,13.239,13.389,13.155,13.222,13.269,3125890.0,123911200000.0,0.0,0.0,-0.5,-0.1674,-1.25
SSI,2018-03-27,15:03:02,HOSE,STOCK,40.2,43.0,37.4,40.9,41.1,39.8,40.0,40.58,13.691,13.757,13.322,13.389,13.583,5638950.0,228825969500.0,0.0,0.0,-0.2,-0.0669,-0.4975
SSI,2018-03-26,15:03:01,HOSE,STOCK,39.6,42.35,36.85,39.3,40.3,39.2,40.2,39.75,13.155,13.49,13.121,13.456,13.306,4121060.0,163798067500.0,0.0,0.0,0.6,0.2008,1.5152
SSI,2018-03-23,15:03:02,HOSE,STOCK,40.3,43.1,37.5,39.1,39.6,38.1,39.6,39.0,13.088,13.255,12.753,13.255,13.055,9963470.0,388570997000.0,0.0,0.0,-0.7,-0.2343,-1.737
SSI,2018-03-22,15:03:01,HOSE,STOCK,40.95,43.8,38.1,41.3,41.35,40.25,40.3,40.72,13.824,13.841,13.473,13.49,13.63,6711150.0,273265842000.0,0.0,0.0,-0.65,-0.2176,-1.5873
SSI,2018-03-21,15:03:01,HOSE,STOCK,41.05,43.9,38.2,41.35,41.4,40.6,40.95,41.05,13.841,13.858,13.59,13.707,13.741,5884400.0,241574425000.0,0.0,0.0,-0.1,-0.0335,-0.2436
SSI,2018-03-20,15:03:01,HOSE,STOCK,41.0,43.85,38.15,40.4,41.7,40.4,41.05,41.11,13.523,13.958,13.523,13.741,13.761,5022610.0,206467530500.0,0.0,0.0,0.05,0.0167,0.122
SSI,2018-03-19,15:03:01,HOSE,STOCK,41.0,43.85,38.15,41.5,41.8,40.5,41.0,41.28,13.891,13.992,13.557,13.724,13.818,5351810.0,220921309000.0,0.0,0.0,0.0,0.0,0.0
SSI,2018-03-16,15:03:02,HOSE,STOCK,39.25,41.95,36.55,39.5,41.15,39.4,41.0,40.51,13.222,13.774,13.188,13.724,13.56,14370650.0,582181296000.0,0.0,0.0,1.75,0.5858,4.4586
SSI,2018-03-15,15:03:02,HOSE,STOCK,39.2,41.9,36.5,38.9,39.35,38.8,39.25,39.12,13.021,13.172,12.988,13.138,13.095,4764650.0,186412905500.0,0.0,0.0,0.05,0.0167,0.1276
SSI,2018-03-14,15:03:03,HOSE,STOCK,39.5,42.25,36.75,39.85,39.95,39.2,39.2,39.55,13.339,13.373,13.121,13.121,13.239,4990260.0,197356247500.0,0.0,0.0,-0.3,-0.1004,-0.7595
SSI,2018-03-13,15:03:01,HOSE,STOCK,38.4,41.05,35.75,38.6,39.5,38.3,39.5,38.73,12.921,13.222,12.82,13.222,12.964,5269610.0,204073707000.0,0.0,0.0,1.1,0.3682,2.8646
SSI,2018-03-12,15:03:01,HOSE,STOCK,38.8,41.5,36.1,39.3,39.45,38.3,38.4,38.87,13.155,13.205,12.82,12.854,13.011,4999020.0,194293039000.0,0.0,0.0,-0.4,-0.1339,-1.0309
SSI,2018-03-09,15:03:01,HOSE,STOCK,38.15,40.8,35.5,38.9,39.45,38.45,38.8,38.83,13.021,13.205,12.87,12.988,12.998,9301060.0,361176179500.0,0.0,0.0,0.65,0.2176,1.7038
SSI,2018-03-08,15:03:02,HOSE,STOCK,38.2,40.85,35.55,38.1,38.2,37.5,38.15,37.83,12.753,12.787,12.552,12.77,12.663,5641340.0,213412936000.0,0.0,0.0,-0.05,-0.0167,-0.1309
SSI,2018-03-07,15:03:01,HOSE,STOCK,37.8,40.4,35.2,38.0,38.9,37.3,38.2,38.17,12.72,13.021,12.485,12.787,12.777,8682010.0,331369718500.0,0.0,0.0,0.4,0.1339,1.0582
SSI,2018-03-06,15:03:02,HOSE,STOCK,35.35,37.8,32.9,36.25,37.8,35.8,37.8,36.78,12.134,12.653,11.983,12.653,12.311,7628590.0,280544951000.0,0.0,0.0,2.45,0.8201,6.9307
SSI,2018-03-05,15:03:01,HOSE,STOCK,38.0,40.65,35.35,38.4,38.95,35.35,35.35,37.73,12.854,13.038,11.833,11.833,12.629,8925540.0,336798427500.0,0.0,0.0,-2.65,-0.8871,-6.9737
SSI,2018-03-02,15:03:02,HOSE,STOCK,37.8,40.4,35.2,37.3,38.25,36.9,38.0,37.71,12.485,12.803,12.352,12.72,12.623,6267180.0,236320658000.0,0.0,0.0,0.2,0.0669,0.5291
SSI,2018-03-01,15:03:02,HOSE,STOCK,36.9,39.45,34.35,36.9,38.45,36.8,37.8,37.86,12.352,12.87,12.318,12.653,12.673,8972120.0,339691542000.0,0.0,0.0,0.9,0.3013,2.439
SSI,2018-02-28,15:02:02,HOSE,STOCK,35.3,37.75,32.85,35.0,36.9,34.75,36.9,36.15,11.716,12.352,11.632,12.352,12.101,9313900.0,336726992500.0,0.0,0.0,1.6,0.5356,4.5326
SSI,2018-02-27,15:02:02,HOSE,STOCK,35.05,37.5,32.6,35.3,35.45,34.85,35.3,35.17,11.816,11.866,11.665,11.816,11.773,4419640.0,155433735000.0,0.0,0.0,0.25,0.0837,0.7133
SSI,2018-02-26,15:02:01,HOSE,STOCK,35.2,37.65,32.75,36.0,36.2,35.05,35.05,35.74,12.05,12.117,11.732,11.732,11.963,7218640.0,257987473000.0,0.0,0.0,-0.15,-0.0502,-0.4261
SSI,2018-02-23,15:02:02,HOSE,STOCK,34.4,36.8,32.0,34.7,35.3,34.45,35.2,34.89,11.615,11.816,11.532,11.783,11.679,4271290.0,149029222000.0,0.0,0.0,0.8,0.2678,2.3256
SSI,2018-02-22,15:02:01,HOSE,STOCK,35.1,37.55,32.65,34.6,35.15,34.05,34.4,34.73,11.582,11.766,11.398,11.515,11.625,4411070.0,153207860000.0,0.0,0.0,-0.7,-0.2343,-1.9943
SSI,2018-02-21,15:02:02,HOSE,STOCK,34.15,36.5,31.8,34.5,35.6,34.35,35.1,35.04,11.548,11.916,11.498,11.749,11.729,5567150.0,195080879000.0,0.0,0.0,0.95,0.318,2.7818
SSI,2018-02-13,15:02:01,HOSE,STOCK,33.6,35.95,31.25,33.8,34.5,33.8,34.15,34.13,11.314,11.548,11.314,11.431,11.424,3788310.0,129286987000.0,0.0,0.0,0.55,0.1841,1.6369
SSI,2018-02-12,15:02:02,HOSE,STOCK,31.6,33.8,29.4,32.7,33.6,32.4,33.6,32.94,10.946,11.247,10.845,11.247,11.026,4601160.0,151585173000.0,0.0,0.0,2.0,0.6695,6.3291
SSI,2018-02-09,15:02:01,HOSE,STOCK,31.6,33.8,29.4,29.9,31.6,29.9,31.6,30.72,10.008,10.578,10.008,10.578,10.283,5374370.0,165092155500.0,0.0,0.0,0.0,0.0,0.0
SSI,2018-02-08,15:02:02,HOSE,STOCK,33.0,35.3,30.7,32.2,33.0,31.6,31.6,32.31,10.778,11.046,10.578,10.578,10.815,2490480.0,80478253500.0,0.0,0.0,-1.4,-0.4686,-4.2424
SSI,2018-02-07,15:02:02,HOSE,STOCK,31.2,33.35,29.05,33.2,33.35,32.6,33.0,33.12,11.113,11.163,10.912,11.046,11.086,5380150.0,178208932500.0,0.0,0.0,1.8,0.6025,5.7692
SSI,2018-02-06,15:02:01,HOSE,STOCK,32.65,34.9,30.4,30.4,32.3,30.4,31.2,30.61,10.176,10.812,10.176,10.444,10.246,12223040.0,374122123500.0,0.0,0.0,-1.45,-0.4854,-4.441
SSI,2018-02-05,15:02:01,HOSE,STOCK,35.1,37.55,32.65,34.0,34.7,32.65,32.65,33.53,11.381,11.615,10.929,10.929,11.224,9615070.0,322362362000.0,0.0,0.0,-2.45,-0.8201,-6.9801
SSI,2018-02-02,15:02:02,HOSE,STOCK,34.55,36.95,32.15,34.8,35.35,34.5,35.1,34.91,11.649,11.833,11.548,11.749,11.685,3569790.0,124631983500.0,0.0,0.0,0.55,0.1841,1.5919
SSI,2018-02-01,15:02:02,HOSE,STOCK,34.1,36.45,31.75,35.0,35.5,34.1,34.55,34.73,11.716,11.883,11.414,11.565,11.625,6872490.0,238701578000.0,0.0,0.0,0.45,0.1506,1.3196
SSI,2018-01-31,15:01:01,HOSE,STOCK,36.5,39.05,33.95,36.5,36.95,34.1,34.1,35.84,12.218,12.368,11.414,11.414,11.997,7354310.0,263560970000.0,0.0,0.0,-2.4,-0.8033,-6.5753
SSI,2018-01-30,15:01:01,HOSE,STOCK,36.6,39.15,34.05,35.6,36.65,35.5,36.5,35.9,11.916,12.268,11.883,12.218,12.017,8691900.0,312010274500.0,0.0,0.0,-0.1,-0.0335,-0.2732
SSI,2018-01-29,15:01:02,HOSE,STOCK,35.3,37.75,32.85,35.3,37.1,35.2,36.6,36.2,11.816,12.419,11.783,12.251,12.117,5129430.0,185700335000.0,0.0,0.0,1.3,0.4351,3.6827
SSI,2018-01-26,15:01:02,HOSE,STOCK,35.4,37.85,32.95,35.7,36.3,34.5,35.3,35.37,11.95,12.151,11.548,11.816,11.839,7800330.0,275864550500.0,0.0,0.0,-0.1,-0.0335,-0.2825
SSI,2018-01-25,15:01:01,HOSE,STOCK,34.2,36.55,31.85,34.0,36.3,34.0,35.4,34.87,11.381,12.151,11.381,11.85,11.672,12487460.0,435404421500.0,0.0,0.0,1.2,0.4017,3.5088
SSI,2018-01-22,15:01:01,HOSE,STOCK,32.5,34.75,30.25,33.0,34.3,32.8,34.2,33.55,11.046,11.481,10.979,11.448,11.23,10543620.0,353746993500.0,0.0,0.0,1.7,0.5691,5.2308
SSI,2018-01-19,15:01:02,HOSE,STOCK,31.5,33.7,29.3,31.7,32.75,31.5,32.5,32.2,10.611,10.962,10.544,10.879,10.778,9547150.0,307373077000.0,0.0,0.0,1.0,0.3347,3.1746
SSI,2018-01-18,15:01:02,HOSE,STOCK,30.5,32.6,28.4,30.1,31.5,29.7,31.5,30.36,10.075,10.544,9.942,10.544,10.162,7995830.0,242762027500.0,0.0,0.0,1.0,0.3347,3.2787
SSI,2018-01-17,15:01:01,HOSE,STOCK,31.85,34.05,29.65,31.8,31.95,30.5,30.5,31.35,10.644,10.695,10.209,10.209,10.494,9686960.0,303674442500.0,0.0,0.0,-1.35,-0.4519,-4.2386
SSI,2018-01-16,15:01:01,HOSE,STOCK,31.95,34.15,29.75,31.6,32.1,31.25,31.85,31.67,10.578,10.745,10.46,10.661,10.601,7478000.0,236836340500.0,0.0,0.0,-0.1,-0.0335,-0.313
SSI,2018-01-15,15:01:01,HOSE,STOCK,31.3,33.45,29.15,31.4,32.2,30.8,31.95,31.78,10.511,10.778,10.31,10.695,10.638,6137200.0,195015027500.0,0.0,0.0,0.65,0.2176,2.0767
SSI,2018-01-12,15:01:02,HOSE,STOCK,30.3,32.4,28.2,30.5,31.75,30.3,31.3,31.07,10.209,10.628,10.142,10.477,10.4,12631800.0,392424346500.0,0.0,0.0,1.0,0.3347,3.3003
SSI,2018-01-11,15:01:01,HOSE,STOCK,30.35,32.45,28.25,30.35,30.45,29.8,30.3,30.2,10.159,10.193,9.975,10.142,10.109,6501660.0,196360559500.0,0.0,0.0,-0.05,-0.0167,-0.1647
SSI,2018-01-10,15:01:01,HOSE,STOCK,29.8,31.85,27.75,30.15,30.8,29.9,30.35,30.47,10.092,10.31,10.008,10.159,10.199,10488420.0,319577571000.0,0.0,0.0,0.55,0.1841,1.8456
SSI,2018-01-09,15:01:01,HOSE,STOCK,29.5,31.55,27.45,30.0,30.2,29.35,29.8,29.85,10.042,10.109,9.824,9.975,9.992,5444200.0,162488295000.0,0.0,0.0,0.3,0.1004,1.0169
SSI,2018-01-08,15:01:02,HOSE,STOCK,28.9,30.9,26.9,28.9,29.5,28.6,29.5,29.01,9.674,9.875,9.573,9.875,9.711,8373690.0,242933370500.0,0.0,0.0,0.6,0.2008,2.0761
SSI,2018-01-05,15:01:01,HOSE,STOCK,30.1,32.2,28.0,30.2,30.3,28.9,28.9,29.6,10.109,10.142,9.674,9.674,9.908,8352050.0,247202515500.0,0.0,0.0,-1.2,-0.4017,-3.9867
SSI,2018-01-04,15:01:01,HOSE,STOCK,30.2,32.3,28.1,30.3,30.5,30.0,30.1,30.2,10.142,10.209,10.042,10.075,10.109,7008620.0,211688728000.0,0.0,0.0,-0.1,-0.0335,-0.3311
SSI,2018-01-03,15:01:01,HOSE,STOCK,29.1,31.1,27.1,29.3,30.2,29.2,30.2,29.95,9.808,10.109,9.774,10.109,10.025,10288870.0,308131220500.0,0.0,0.0,1.1,0.3682,3.7801
SSI,2018-01-02,15:01:02,HOSE,STOCK,28.8,30.8,26.8,28.9,29.3,28.9,29.1,29.1,9.674,9.808,9.674,9.741,9.741,4495320.0,130793787000.0,0.0,0.0,0.3,0.1004,1.0417
SSI,2017-12-29,15:12:01,HOSE,STOCK,28.65,30.65,26.65,29.05,29.35,28.7,28.8,29.08,9.724,9.824,9.607,9.64,9.734,8515590.0,247596763500.0,0.0,0.0,0.15,0.0502,0.5236
SSI,2017-12-28,15:12:01,HOSE,STOCK,27.7,29.6,25.8,27.95,28.75,27.85,28.65,28.4,9.356,9.624,9.322,9.59,9.506,5966090.0,169420907500.0,0.0,0.0,0.95,0.318,3.4296
SSI,2017-12-27,15:12:01,HOSE,STOCK,28.0,29.95,26.05,28.05,28.25,27.7,27.7,28.03,9.389,9.456,9.272,9.272,9.383,4074240.0,114214154500.0,0.0,0.0,-0.3,-0.1004,-1.0714
SSI,2017-12-26,15:12:01,HOSE,STOCK,27.85,29.75,25.95,28.0,28.2,27.9,28.0,28.04,9.372,9.439,9.339,9.372,9.386,5812250.0,162991907000.0,0.0,0.0,0.15,0.0502,0.5386
SSI,2017-12-25,15:12:01,HOSE,STOCK,27.55,29.45,25.65,27.6,28.1,27.6,27.85,27.86,9.239,9.406,9.239,9.322,9.326,2111030.0,58819546000.0,0.0,0.0,0.3,0.1004,1.0889
SSI,2017-12-22,15:12:02,HOSE,STOCK,27.6,29.5,25.7,27.4,27.85,27.25,27.55,27.55,9.172,9.322,9.121,9.222,9.222,2724100.0,75054728000.0,0.0,0.0,-0.05,-0.0167,-0.1812
SSI,2017-12-21,15:12:01,HOSE,STOCK,28.0,29.95,26.05,28.0,28.25,27.6,27.6,27.96,9.372,9.456,9.239,9.239,9.359,3513330.0,98235581500.0,0.0,0.0,-0.4,-0.1339,-1.4286
SSI,2017-12-20,15:12:02,HOSE,STOCK,27.85,29.75,25.95,28.0,28.45,27.8,28.0,28.14,9.372,9.523,9.306,9.372,9.419,4275100.0,120288118000.0,0.0,0.0,0.15,0.0502,0.5386
SSI,2017-12-19,15:12:01,HOSE,STOCK,27.5,29.4,25.6,27.7,28.15,27.6,27.85,27.96,9.272,9.423,9.239,9.322,9.359,6370700.0,178147369000.0,0.0,0.0,0.35,0.1172,1.2727
SSI,2017-12-18,15:12:02,HOSE,STOCK,27.1,28.95,25.25,27.6,27.75,27.3,27.5,27.5,9.239,9.289,9.138,9.205,9.205,4340510.0,119345537000.0,0.0,0.0,0.4,0.1339,1.476
SSI,2017-12-15,15:12:01,HOSE,STOCK,26.65,28.5,24.8,26.9,27.4,26.45,27.1,26.92,9.004,9.172,8.854,9.071,9.011,4526560.0,121847193000.0,0.0,0.0,0.45,0.1506,1.6886
SSI,2017-12-14,15:12:01,HOSE,STOCK,26.2,28.0,24.4,26.15,26.7,26.15,26.65,26.54,8.753,8.937,8.753,8.921,8.884,2149240.0,57045966000.0,0.0,0.0,0.45,0.1506,1.7176
SSI,2017-12-13,15:12:01,HOSE,STOCK,26.45,28.3,24.6,26.45,26.6,25.95,26.2,26.29,8.854,8.904,8.686,8.77,8.8,2998760.0,78841022000.0,0.0,0.0,-0.25,-0.0837,-0.9452
SSI,2017-12-12,15:12:01,HOSE,STOCK,25.8,27.6,24.0,26.0,26.45,24.85,26.45,25.79,8.703,8.854,8.318,8.854,8.633,5025080.0,129605185500.0,0.0,0.0,0.65,0.2176,2.5194
SSI,2017-12-11,15:12:01,HOSE,STOCK,27.2,29.1,25.3,26.9,27.1,25.8,25.8,26.49,9.004,9.071,8.636,8.636,8.867,4164300.0,110312086500.0,0.0,0.0,-1.4,-0.4686,-5.1471
SSI,2017-12-08,15:12:02,HOSE,STOCK,27.1,28.95,25.25,27.2,27.6,26.85,27.2,27.23,9.105,9.239,8.988,9.105,9.115,3859820.0,105116670000.0,0.0,0.0,0.1,0.0335,0.369
SSI,2017-12-07,15:12:01,HOSE,STOCK,27.95,29.9,26.0,27.95,28.0,26.9,27.1,27.28,9.356,9.372,9.004,9.071,9.131,5225010.0,142534628000.0,0.0,0.0,-0.85,-0.2845,-3.0411
SSI,2017-12-06,15:12:01,HOSE,STOCK,28.2,30.15,26.25,28.1,28.2,26.95,27.95,27.7,9.406,9.439,9.021,9.356,9.272,8655410.0,239756084500.0,0.0,0.0,-0.25,-0.0837,-0.8865
SSI,2017-12-05,15:12:02,HOSE,STOCK,29.1,31.1,27.1,29.0,29.1,28.0,28.2,28.62,9.707,9.741,9.372,9.439,9.58,6557080.0,187652154000.0,0.0,0.0,-0.9,-0.3012,-3.0928
SSI,2017-12-04,15:12:01,HOSE,STOCK,27.55,29.45,25.65,27.8,29.3,27.65,29.1,28.67,9.306,9.808,9.255,9.741,9.597,6806200.0,195166782000.0,0.0,0.0,1.55,0.5189,5.6261
SSI,2017-12-01,15:12:02,HOSE,STOCK,26.9,28.75,25.05,26.95,27.9,26.85,27.55,27.42,9.021,9.339,8.988,9.222,9.178,6156170.0,168823433000.0,0.0,0.0,0.65,0.2176,2.4164
SSI,2017-11-30,15:11:01,HOSE,STOCK,26.6,28.45,24.75,26.8,27.3,26.65,26.9,26.93,8.971,9.138,8.921,9.004,9.014,4363400.0,117505996500.0,0.0,0.0,0.3,0.1004,1.1278
SSI,2017-11-29,15:11:01,HOSE,STOCK,26.0,27.8,24.2,27.0,27.5,26.6,26.6,26.92,9.038,9.205,8.904,8.904,9.011,7091470.0,190932145000.0,0.0,0.0,0.6,0.2008,2.3077
SSI,2017-11-28,15:11:02,HOSE,STOCK,26.0,27.8,24.2,26.2,26.2,25.7,26.0,25.92,8.77,8.77,8.603,8.703,8.676,3750360.0,97215434000.0,0.0,0.0,0.0,0.0,0.0
SSI,2017-11-27,15:11:01,HOSE,STOCK,25.5,27.25,23.75,25.7,26.25,25.6,26.0,25.99,8.603,8.787,8.569,8.703,8.7,5689130.0,147869739500.0,0.0,0.0,0.5,0.1674,1.9608
SSI,2017-11-24,15:11:02,HOSE,STOCK,25.5,27.25,23.75,25.5,25.6,25.2,25.5,25.42,8.536,8.569,8.435,8.536,8.509,3049650.0,77518282000.0,0.0,0.0,0.0,0.0,0.0
SSI,2017-11-23,15:11:01,HOSE,STOCK,25.45,27.2,23.7,25.65,25.85,25.3,25.5,25.64,8.586,8.653,8.469,8.536,8.583,4370900.0,112059298500.0,0.0,0.0,0.05,0.0167,0.1965
SSI,2017-11-22,15:11:01,HOSE,STOCK,25.1,26.85,23.35,25.2,25.6,25.1,25.45,25.33,8.435,8.569,8.402,8.519,8.479,4469450.0,113212585500.0,0.0,0.0,0.35,0.1172,1.3944
SSI,2017-11-21,15:11:02,HOSE,STOCK,0.0,0.0,0.0,24.65,25.5,24.65,25.1,25.04,8.251,8.536,8.251,8.402,8.382,7980790.0,199818935000.0,0.0,0.0,0.0,0.0,0.0
SSI,2017-11-20,15:11:02,HOSE,STOCK,24.5,26.2,22.8,24.4,24.8,24.35,24.6,24.6,8.167,8.301,8.151,8.234,8.234,2020940.0,49713468000.0,0.0,0.0,0.1,0.0335,0.4082
SSI,2017-11-17,15:11:02,HOSE,STOCK,24.6,26.3,22.9,24.7,24.8,24.25,24.5,24.55,8.268,8.301,8.117,8.201,8.218,3145030.0,77197502000.0,0.0,0.0,-0.1,-0.0335,-0.4065
SSI,2017-11-16,15:11:01,HOSE,STOCK,24.25,25.9,22.6,24.1,24.6,24.0,24.6,24.42,8.067,8.234,8.034,8.234,8.174,3823680.0,93371228500.0,0.0,0.0,0.35,0.1172,1.4433
SSI,2017-11-15,15:11:01,HOSE,STOCK,24.3,26.0,22.6,24.0,24.4,24.0,24.25,24.3,8.034,8.167,8.034,8.117,8.134,2064670.0,50175012000.0,0.0,0.0,-0.05,-0.0167,-0.2058
SSI,2017-11-14,15:11:02,HOSE,STOCK,24.05,25.7,22.4,24.2,24.5,23.75,24.3,24.13,8.101,8.201,7.95,8.134,8.077,2988570.0,72117931000.0,0.0,0.0,0.25,0.0837,1.0395
SSI,2017-11-13,15:11:01,HOSE,STOCK,23.3,24.9,21.7,23.3,24.05,23.15,24.05,23.7,7.799,8.05,7.749,8.05,7.933,3562920.0,84427084000.0,0.0,0.0,0.75,0.251,3.2189
SSI,2017-11-10,15:11:01,HOSE,STOCK,23.35,24.95,21.75,23.25,23.45,23.15,23.3,23.32,7.783,7.849,7.749,7.799,7.806,1729980.0,40350219000.0,0.0,0.0,-0.05,-0.0167,-0.2141
SSI,2017-11-09,15:11:02,HOSE,STOCK,23.05,24.65,21.45,23.1,23.45,23.1,23.35,23.32,7.732,7.849,7.732,7.816,7.806,2422140.0,56491858000.0,0.0,0.0,0.3,0.1004,1.3015
SSI,2017-11-08,15:11:01,HOSE,STOCK,23.0,24.6,21.4,23.0,23.1,22.9,23.05,23.01,7.699,7.732,7.665,7.716,7.702,1688320.0,38841009000.0,0.0,0.0,0.05,0.0167,0.2174
SSI,2017-11-07,15:11:02,HOSE,STOCK,23.1,24.7,21.5,23.2,23.2,22.9,23.0,23.05,7.766,7.766,7.665,7.699,7.716,1751460.0,40373267000.0,0.0,0.0,-0.1,-0.0335,-0.4329
SSI,2017-11-06,15:11:02,HOSE,STOCK,22.8,24.35,21.25,22.8,23.1,22.8,23.1,22.97,7.632,7.732,7.632,7.732,7.689,1455830.0,33433454500.0,0.0,0.0,0.3,0.1004,1.3158
SSI,2017-11-03,15:11:01,HOSE,STOCK,22.55,24.1,21.0,22.5,22.8,22.5,22.8,22.62,7.531,7.632,7.531,7.632,7.572,1445110.0,32683586000.0,0.0,0.0,0.25,0.0837,1.1086
SSI,2017-11-02,15:11:01,HOSE,STOCK,22.2,23.75,20.65,22.5,23.0,22.4,22.55,22.67,7.531,7.699,7.498,7.548,7.588,4224030.0,95754824000.0,0.0,0.0,0.35,0.1172,1.5766
SSI,2017-11-01,15:11:01,HOSE,STOCK,22.6,24.15,21.05,22.6,22.7,21.9,22.2,22.17,7.565,7.598,7.331,7.431,7.421,4748180.0,105268842000.0,0.0,0.0,-0.4,-0.1339,-1.7699
SSI,2017-10-31,15:10:01,HOSE,STOCK,22.85,24.4,21.3,22.8,23.0,22.6,22.6,22.8,7.632,7.699,7.565,7.565,7.632,2300130.0,52441268000.0,0.0,0.0,-0.25,-0.0837,-1.0941
SSI,2017-10-30,15:10:03,HOSE,STOCK,23.2,24.8,21.6,23.3,23.4,22.85,22.85,23.04,7.799,7.833,7.649,7.649,7.712,2919480.0,67263875000.0,0.0,0.0,-0.35,-0.1172,-1.5086
SSI,2017-10-27,15:10:01,HOSE,STOCK,23.2,24.8,21.6,23.0,23.2,22.9,23.2,23.06,7.699,7.766,7.665,7.766,7.719,1703920.0,39289283500.0,0.0,0.0,0.0,0.0,0.0
SSI,2017-10-26,15:10:01,HOSE,STOCK,23.4,25.0,21.8,23.4,23.5,22.8,23.2,23.06,7.833,7.866,7.632,7.766,7.719,3117300.0,71890148000.0,0.0,0.0,-0.2,-0.0669,-0.8547
SSI,2017-10-25,15:10:01,HOSE,STOCK,23.35,24.95,21.75,23.6,23.6,23.35,23.4,23.48,7.9,7.9,7.816,7.833,7.86,1940490.0,45556697500.0,0.0,0.0,0.05,0.0167,0.2141
SSI,2017-10-24,15:10:02,HOSE,STOCK,23.6,25.25,21.95,23.65,23.75,23.35,23.35,23.51,7.916,7.95,7.816,7.816,7.87,3195190.0,75116026500.0,0.0,0.0,-0.25,-0.0837,-1.0593
SSI,2017-10-23,15:10:01,HOSE,STOCK,24.3,26.0,22.6,24.2,24.2,23.6,23.6,23.94,8.101,8.101,7.9,7.9,8.013,4844710.0,115965843500.0,0.0,0.0,-0.7,-0.2343,-2.8807
SSI,2017-10-20,15:10:01,HOSE,STOCK,24.5,26.2,22.8,24.5,24.75,24.3,24.3,24.49,8.201,8.285,8.134,8.134,8.198,2588670.0,63389445000.0,0.0,0.0,-0.2,-0.0669,-0.8163
SSI,2017-10-19,15:10:01,HOSE,STOCK,24.85,26.55,23.15,24.9,25.0,24.5,24.5,24.73,8.335,8.368,8.201,8.201,8.278,2360570.0,58369810000.0,0.0,0.0,-0.35,-0.1172,-1.4085
SSI,2017-10-18,15:10:01,HOSE,STOCK,24.8,26.5,23.1,25.0,25.25,24.85,24.85,25.13,8.368,8.452,8.318,8.318,8.412,7487940.0,188141857000.0,0.0,0.0,0.05,0.0167,0.2016
SSI,2017-10-17,15:10:01,HOSE,STOCK,24.4,26.1,22.7,24.4,24.8,24.35,24.8,24.6,8.167,8.301,8.151,8.301,8.234,2378250.0,58515688000.0,0.0,0.0,0.4,0.1339,1.6393
SSI,2017-10-16,15:10:02,HOSE,STOCK,24.35,26.05,22.65,24.35,24.45,24.3,24.4,24.37,8.151,8.184,8.134,8.167,8.157,1821810.0,44389560500.0,0.0,0.0,0.05,0.0167,0.2053
SSI,2017-10-13,15:10:01,HOSE,STOCK,24.35,26.05,22.65,24.3,24.4,24.2,24.35,24.31,8.134,8.167,8.101,8.151,8.137,1686550.0,41003870000.0,0.0,0.0,0.0,0.0,0.0
SSI,2017-10-12,15:10:02,HOSE,STOCK,24.7,26.4,23.0,24.7,24.8,24.35,24.35,24.55,8.268,8.301,8.151,8.151,8.218,2537430.0,62297808000.0,0.0,0.0,-0.35,-0.1172,-1.417
SSI,2017-10-11,15:10:01,HOSE,STOCK,24.55,26.25,22.85,24.8,24.85,24.6,24.7,24.74,8.301,8.318,8.234,8.268,8.281,3054990.0,75588472000.0,0.0,0.0,0.15,0.0502,0.611
SSI,2017-10-10,15:10:02,HOSE,STOCK,24.75,26.45,23.05,24.7,24.7,24.45,24.55,24.54,8.268,8.268,8.184,8.218,8.214,2785450.0,68368200000.0,0.0,0.0,-0.2,-0.0669,-0.8081
SSI,2017-10-09,15:10:01,HOSE,STOCK,24.55,26.25,22.85,25.0,25.05,24.75,24.75,24.86,8.368,8.385,8.285,8.285,8.321,3954240.0,98315127500.0,0.0,0.0,0.2,0.0669,0.8147
SSI,2017-10-06,15:10:02,HOSE,STOCK,25.55,27.3,23.8,25.6,25.8,25.5,25.55,25.6,8.234,8.298,8.202,8.218,8.234,2350450.0,60175840500.0,0.0,0.0,0.0,0.0,0.0
SSI,2017-10-05,15:10:01,HOSE,STOCK,25.1,26.85,23.35,25.2,25.65,25.1,25.55,25.47,8.105,8.25,8.073,8.218,8.192,3224300.0,82136670500.0,0.0,0.0,0.45,0.1447,1.7928
SSI,2017-10-04,15:10:01,HOSE,STOCK,24.9,26.6,23.2,24.9,25.1,24.8,25.1,24.94,8.009,8.073,7.977,8.073,8.022,1351090.0,33702085000.0,0.0,0.0,0.2,0.0643,0.8032
SSI,2017-10-03,16:10:51,HOSE,STOCK,24.9,26.6,23.2,25.05,25.05,24.7,24.9,24.88,8.057,8.057,7.945,8.009,8.002,1434940.0,35699781000.0,0.0,0.0,0.0,0.0,0.0
SSI,2017-10-02,15:10:01,HOSE,STOCK,25.05,26.8,23.3,25.05,25.25,24.95,25.0,25.08,8.057,8.122,8.025,8.041,8.067,798050.0,20017017500.0,0.0,0.0,-0.05,-0.0161,-0.1996
SSI,2017-09-29,15:09:01,HOSE,STOCK,25.0,26.75,23.25,25.0,25.2,25.0,25.05,25.07,8.041,8.105,8.041,8.057,8.064,1668120.0,41827774000.0,0.0,0.0,0.05,0.0161,0.2
SSI,2017-09-28,15:09:02,HOSE,STOCK,25.4,27.15,23.65,25.4,25.55,25.0,25.0,25.31,8.17,8.218,8.041,8.041,8.141,1773660.0,44898007000.0,0.0,0.0,-0.4,-0.1287,-1.5748
SSI,2017-09-27,15:09:01,HOSE,STOCK,25.4,27.15,23.65,25.4,25.55,25.35,25.4,25.44,8.17,8.218,8.154,8.17,8.183,790510.0,20110410500.0,0.0,0.0,0.0,0.0,0.0
SSI,2017-09-26,15:09:01,HOSE,STOCK,25.4,27.15,23.65,25.55,25.55,25.35,25.4,25.42,8.218,8.218,8.154,8.17,8.176,1600660.0,40689834500.0,0.0,0.0,0.0,0.0,0.0
SSI,2017-09-25,15:09:01,HOSE,STOCK,25.5,27.25,23.75,25.6,25.8,25.4,25.4,25.57,8.234,8.298,8.17,8.17,8.224,1957240.0,50039827000.0,0.0,0.0,-0.1,-0.0322,-0.3922
SSI,2017-09-22,15:09:06,HOSE,STOCK,25.35,27.1,23.6,25.5,25.7,25.4,25.5,25.55,8.202,8.266,8.17,8.202,8.218,1799610.0,45973537000.0,0.0,0.0,0.15,0.0482,0.5917
SSI,2017-09-21,15:09:02,HOSE,STOCK,25.5,27.25,23.75,25.5,25.65,25.35,25.35,25.45,8.202,8.25,8.154,8.154,8.186,2634790.0,67062614500.0,0.0,0.0,-0.15,-0.0482,-0.5882
SSI,2017-09-20,15:09:01,HOSE,STOCK,25.8,27.6,24.0,25.85,25.85,25.45,25.5,25.64,8.314,8.314,8.186,8.202,8.247,1488560.0,38171706000.0,0.0,0.0,-0.3,-0.0965,-1.1628
SSI,2017-09-19,15:09:01,HOSE,STOCK,25.8,27.6,24.0,25.9,25.95,25.7,25.8,25.82,8.331,8.347,8.266,8.298,8.305,2288850.0,59104156000.0,0.0,0.0,0.0,0.0,0.0
SSI,2017-09-18,15:09:01,HOSE,STOCK,25.6,27.35,23.85,25.65,26.05,25.5,25.8,25.81,8.25,8.379,8.202,8.298,8.302,4147740.0,107069808500.0,0.0,0.0,0.2,0.0643,0.7813
SSI,2017-09-15,15:09:02,HOSE,STOCK,25.45,27.2,23.7,25.45,25.6,25.3,25.6,25.49,8.186,8.234,8.138,8.234,8.199,2947640.0,75126532500.0,0.0,0.0,0.15,0.0482,0.5894
SSI,2017-09-14,15:09:01,HOSE,STOCK,25.05,26.8,23.3,25.2,25.7,25.15,25.45,25.44,8.105,8.266,8.089,8.186,8.183,4068280.0,103516985500.0,0.0,0.0,0.4,0.1287,1.5968
SSI,2017-09-13,15:09:01,HOSE,STOCK,24.7,26.4,23.0,24.8,25.05,24.75,25.05,24.95,7.977,8.057,7.961,8.057,8.025,1778620.0,44376789500.0,0.0,0.0,0.35,0.1126,1.417
SSI,2017-09-12,15:09:02,HOSE,STOCK,24.7,26.4,23.0,24.7,24.8,24.6,24.7,24.72,7.945,7.977,7.912,7.945,7.951,1704890.0,42145665500.0,0.0,0.0,0.0,0.0,0.0
SSI,2017-09-11,15:09:01,HOSE,STOCK,24.95,26.65,23.25,24.85,25.05,24.65,24.7,24.83,7.993,8.057,7.929,7.945,7.986,2314020.0,57453584000.0,0.0,0.0,-0.25,-0.0804,-1.002
SSI,2017-09-08,15:09:02,HOSE,STOCK,25.05,26.8,23.3,25.1,25.2,24.95,24.95,25.05,8.073,8.105,8.025,8.025,8.057,1520010.0,38069444000.0,0.0,0.0,-0.1,-0.0322,-0.3992
SSI,2017-09-07,15:09:01,HOSE,STOCK,25.0,26.75,23.25,25.0,25.35,24.95,25.05,25.17,8.041,8.154,8.025,8.057,8.096,2018750.0,50816371000.0,0.0,0.0,0.05,0.0161,0.2
SSI,2017-09-06,15:09:02,HOSE,STOCK,25.1,26.85,23.35,25.1,25.15,24.9,25.0,25.04,8.073,8.089,8.009,8.041,8.054,1730160.0,43319479000.0,0.0,0.0,-0.1,-0.0322,-0.3984
SSI,2017-09-05,15:09:01,HOSE,STOCK,25.2,26.95,23.45,25.1,25.3,24.85,25.1,25.09,8.073,8.138,7.993,8.073,8.07,1729240.0,43386495000.0,0.0,0.0,-0.1,-0.0322,-0.3968
SSI,2017-09-01,15:09:02,HOSE,STOCK,25.05,26.8,23.3,25.05,25.3,25.05,25.2,25.16,8.057,8.138,8.057,8.105,8.093,2119210.0,53312435000.0,0.0,0.0,0.15,0.0482,0.5988
SSI,2017-08-31,15:08:01,HOSE,STOCK,24.85,26.55,23.15,24.8,25.15,24.75,25.05,24.95,7.977,8.089,7.961,8.057,8.025,3062070.0,76411805500.0,0.0,0.0,0.2,0.0643,0.8048
SSI,2017-08-30,15:08:01,HOSE,STOCK,24.9,26.6,23.2,24.9,25.0,24.8,24.85,24.88,8.009,8.041,7.977,7.993,8.002,1662960.0,41376088500.0,0.0,0.0,-0.05,-0.0161,-0.2008
SSI,2017-08-29,15:08:01,HOSE,STOCK,25.15,26.9,23.4,25.2,25.25,24.9,24.9,25.01,8.105,8.122,8.009,8.009,8.044,2728450.0,68245621500.0,0.0,0.0,-0.25,-0.0804,-0.994
SSI,2017-08-28,15:08:02,HOSE,STOCK,24.65,26.35,22.95,24.7,25.2,24.5,25.15,24.9,7.945,8.105,7.88,8.089,8.009,4638200.0,115485228000.0,0.0,0.0,0.5,0.1608,2.0284
SSI,2017-08-25,15:08:49,HOSE,STOCK,24.35,26.05,22.65,24.55,24.7,24.35,24.65,24.51,7.896,7.945,7.832,7.929,7.883,2255190.0,55285030000.0,0.0,0.0,0.3,0.0965,1.232
SSI,2017-08-24,15:08:02,HOSE,STOCK,24.3,26.0,22.6,24.2,24.6,24.2,24.35,24.41,7.784,7.912,7.784,7.832,7.851,2527440.0,61698179500.0,0.0,0.0,0.05,0.0161,0.2058
SSI,2017-08-23,15:08:01,HOSE,STOCK,24.0,25.65,22.35,24.1,24.3,23.85,24.3,24.1,7.752,7.816,7.671,7.816,7.752,3220320.0,77601706000.0,0.0,0.0,0.3,0.0965,1.25
SSI,2017-08-22,15:08:02,HOSE,STOCK,24.45,26.15,22.75,24.45,24.5,24.0,24.0,24.22,7.864,7.88,7.719,7.719,7.79,3569570.0,86463996500.0,0.0,0.0,-0.45,-0.1447,-1.8405
SSI,2017-08-21,15:08:02,HOSE,STOCK,24.85,26.55,23.15,24.85,24.9,24.45,24.45,24.7,7.993,8.009,7.864,7.864,7.945,2181090.0,53874429000.0,0.0,0.0,-0.4,-0.1287,-1.6097
SSI,2017-08-18,15:08:02,HOSE,STOCK,24.6,26.3,22.9,24.5,25.05,24.4,24.85,24.79,7.88,8.057,7.848,7.993,7.974,4147990.0,102832396500.0,0.0,0.0,0.25,0.0804,1.0163
SSI,2017-08-17,15:08:01,HOSE,STOCK,25.15,26.9,23.4,25.25,25.25,24.6,24.6,24.94,8.122,8.122,7.912,7.912,8.022,3983210.0,99346611500.0,0.0,0.0,-0.55,-0.1769,-2.1869
SSI,2017-08-16,15:08:02,HOSE,STOCK,25.15,26.9,23.4,25.05,25.25,25.05,25.15,25.14,8.057,8.122,8.057,8.089,8.086,2517880.0,63298179000.0,0.0,0.0,0.0,0.0,0.0
SSI,2017-08-15,15:08:01,HOSE,STOCK,25.3,27.05,23.55,25.5,25.5,25.05,25.15,25.23,8.202,8.202,8.057,8.089,8.115,1531770.0,38649716500.0,0.0,0.0,-0.15,-0.0482,-0.5929
SSI,2017-08-14,15:08:01,HOSE,STOCK,25.05,26.8,23.3,25.05,25.4,25.05,25.3,25.19,8.057,8.17,8.057,8.138,8.102,1485350.0,37415241000.0,0.0,0.0,0.25,0.0804,0.998
SSI,2017-08-11,15:08:01,HOSE,STOCK,25.2,26.95,23.45,25.25,25.4,25.0,25.05,25.15,8.122,8.17,8.041,8.057,8.089,2820050.0,70926706500.0,0.0,0.0,-0.15,-0.0482,-0.5952
SSI,2017-08-10,00:08:00,HOSE,STOCK,25.25,27.0,23.5,25.0,25.4,25.0,25.2,25.17,8.041,8.17,8.041,8.105,8.096,3161970.0,79571151500.0,0.0,0.0,-0.05,-0.0161,-0.198
SSI,2017-08-09,15:08:01,HOSE,STOCK,26.0,27.8,24.2,25.9,25.9,25.1,25.25,25.51,8.331,8.331,8.073,8.122,8.205,4776350.0,121824364500.0,0.0,0.0,-0.75,-0.2412,-2.8846
SSI,2017-08-08,15:08:01,HOSE,STOCK,26.35,28.15,24.55,26.4,26.4,25.9,26.0,26.15,8.491,8.491,8.331,8.363,8.411,4126450.0,107914060500.0,0.0,0.0,-0.35,-0.1126,-1.3283
SSI,2017-08-07,15:08:01,HOSE,STOCK,26.4,28.2,24.6,26.65,26.8,26.35,26.35,26.58,8.572,8.62,8.475,8.475,8.549,4241210.0,112727714000.0,0.0,0.0,-0.05,-0.0161,-0.1894
SSI,2017-08-04,15:08:02,HOSE,STOCK,25.95,27.75,24.15,26.2,26.4,26.05,26.4,26.23,8.427,8.491,8.379,8.491,8.437,3367330.0,88314889000.0,0.0,0.0,0.45,0.1447,1.7341
SSI,2017-08-03,15:08:01,HOSE,STOCK,25.75,27.55,23.95,25.8,26.2,25.8,25.95,26.01,8.298,8.427,8.298,8.347,8.366,3366750.0,87558910500.0,0.0,0.0,0.2,0.0643,0.7767
SSI,2017-08-02,15:08:01,HOSE,STOCK,26.0,27.8,24.2,25.9,26.15,25.6,25.75,25.91,8.331,8.411,8.234,8.282,8.334,4390170.0,113739070000.0,0.0,0.0,-0.25,-0.0804,-0.9615
SSI,2017-08-01,15:08:02,HOSE,STOCK,26.3,28.1,24.5,26.45,26.7,26.0,26.0,26.32,8.507,8.588,8.363,8.363,8.466,4487850.0,118111784000.0,0.0,0.0,-0.3,-0.0965,-1.1407
SSI,2017-07-31,15:07:01,HOSE,STOCK,25.85,27.65,24.05,25.9,26.35,25.85,26.3,26.1,8.331,8.475,8.314,8.459,8.395,4547380.0,118675435000.0,0.0,0.0,0.45,0.1447,1.7408
SSI,2017-07-28,15:07:01,HOSE,STOCK,25.55,27.3,23.8,25.5,26.0,25.45,25.85,25.77,8.202,8.363,8.186,8.314,8.289,3213330.0,82796229000.0,0.0,0.0,0.3,0.0965,1.1742
SSI,2017-07-27,15:07:01,HOSE,STOCK,25.6,27.35,23.85,25.6,25.75,25.45,25.55,25.61,8.234,8.282,8.186,8.218,8.237,3620350.0,92734979500.0,0.0,0.0,-0.05,-0.0161,-0.1953
SSI,2017-07-26,15:07:01,HOSE,STOCK,25.25,27.0,23.5,25.35,25.65,25.2,25.6,25.48,8.154,8.25,8.105,8.234,8.195,4324720.0,110213072000.0,0.0,0.0,0.35,0.1126,1.3861
SSI,2017-07-25,15:07:01,HOSE,STOCK,24.75,26.45,23.05,24.75,25.25,24.65,25.25,24.93,7.961,8.122,7.929,8.122,8.019,2942910.0,73375147000.0,0.0,0.0,0.5,0.1608,2.0202
SSI,2017-07-24,15:07:01,HOSE,STOCK,25.4,27.15,23.65,25.0,25.2,24.75,24.75,24.94,8.041,8.105,7.961,7.961,8.022,2785230.0,69463894500.0,0.0,0.0,-0.65,-0.2091,-2.5591
SSI,2017-07-21,15:07:02,HOSE,STOCK,25.3,27.05,23.55,25.7,25.7,24.95,25.4,25.31,8.266,8.266,8.025,8.17,8.141,4105620.0,103914979000.0,0.0,0.0,0.1,0.0322,0.3953
SSI,2017-07-20,15:07:01,HOSE,STOCK,25.2,26.95,23.45,25.1,25.35,24.8,25.3,25.1,8.073,8.154,7.977,8.138,8.073,5627150.0,141259333000.0,0.0,0.0,0.1,0.0322,0.3968
SSI,2017-07-19,15:07:01,HOSE,STOCK,25.25,27.0,23.5,25.55,25.65,25.1,25.2,25.37,8.218,8.25,8.073,8.105,8.16,3402230.0,86324022000.0,0.0,0.0,-0.05,-0.0161,-0.198
SSI,2017-07-18,15:07:01,HOSE,STOCK,25.7,27.45,23.95,25.6,25.7,25.1,25.25,25.34,8.234,8.266,8.073,8.122,8.15,4271440.0,108256940000.0,0.0,0.0,-0.45,-0.1447,-1.751
SSI,2017-07-17,15:07:01,HOSE,STOCK,26.8,28.65,24.95,26.9,26.9,25.55,25.7,26.15,8.652,8.652,8.218,8.266,8.411,4984560.0,130364388000.0,0.0,0.0,-1.1,-0.3538,-4.1045
SSI,2017-07-14,15:07:01,HOSE,STOCK,26.65,28.5,24.8,26.75,27.25,26.7,26.8,26.94,8.604,8.765,8.588,8.62,8.665,4038140.0,108775140000.0,0.0,0.0,0.15,0.0482,0.5629
SSI,2017-07-13,15:07:01,HOSE,STOCK,26.6,28.45,24.75,26.55,26.7,26.5,26.65,26.61,8.54,8.588,8.524,8.572,8.559,2098440.0,55841501000.0,0.0,0.0,0.05,0.0161,0.188
SSI,2017-07-12,15:07:01,HOSE,STOCK,26.8,28.65,24.95,27.0,27.15,26.55,26.6,26.8,8.684,8.733,8.54,8.556,8.62,2688120.0,72042284000.0,0.0,0.0,-0.2,-0.0643,-0.7463
SSI,2017-07-11,15:07:01,HOSE,STOCK,26.65,28.5,24.8,26.65,26.85,26.2,26.8,26.54,8.572,8.636,8.427,8.62,8.536,4365510.0,115841435000.0,0.0,0.0,0.15,0.0482,0.5629
SSI,2017-07-10,15:07:02,HOSE,STOCK,27.5,29.4,25.6,27.5,27.6,26.65,26.65,27.07,8.845,8.877,8.572,8.572,8.707,6248380.0,169145458500.0,0.0,0.0,-0.85,-0.2734,-3.0909
SSI,2017-07-07,15:07:01,HOSE,STOCK,28.6,30.6,26.6,28.55,28.55,27.1,27.5,27.96,9.183,9.183,8.717,8.845,8.993,8004690.0,223773683000.0,0.0,0.0,-1.1,-0.3538,-3.8462
SSI,2017-07-06,15:07:01,HOSE,STOCK,28.3,30.25,26.35,28.7,29.0,28.6,28.6,28.73,9.231,9.328,9.199,9.199,9.241,3921060.0,112643338000.0,0.0,0.0,0.3,0.0965,1.0601
SSI,2017-07-05,15:07:01,HOSE,STOCK,28.25,30.2,26.3,28.25,28.35,28.1,28.3,28.25,9.086,9.119,9.038,9.103,9.086,2157440.0,60954111000.0,0.0,0.0,0.05,0.0161,0.177
SSI,2017-07-04,15:07:01,HOSE,STOCK,27.95,29.9,26.0,28.05,28.25,27.95,28.25,28.09,9.022,9.086,8.99,9.086,9.035,3945450.0,110831054500.0,0.0,0.0,0.3,0.0965,1.0733
SSI,2017-07-03,15:07:01,HOSE,STOCK,27.65,29.55,25.75,28.0,28.25,27.8,27.95,28.1,9.006,9.086,8.942,8.99,9.038,5285670.0,148522612500.0,0.0,0.0,0.3,0.0965,1.085
SSI,2017-06-30,15:06:01,HOSE,STOCK,27.5,29.4,25.6,27.55,27.65,27.4,27.65,27.53,8.861,8.893,8.813,8.893,8.855,2278220.0,62718089500.0,0.0,0.0,0.15,0.0482,0.5455
SSI,2017-06-29,15:06:02,HOSE,STOCK,27.4,29.3,25.5,27.5,27.75,27.35,27.5,27.55,8.845,8.926,8.797,8.845,8.861,2457240.0,67687336500.0,0.0,0.0,0.1,0.0322,0.365
SSI,2017-06-28,15:06:01,HOSE,STOCK,26.95,28.8,25.1,26.95,27.4,26.85,27.4,27.16,8.668,8.813,8.636,8.813,8.736,3526870.0,95785282500.0,0.0,0.0,0.45,0.1447,1.6698
SSI,2017-06-27,15:06:01,HOSE,STOCK,27.45,29.35,25.55,27.5,27.55,26.95,26.95,27.21,8.845,8.861,8.668,8.668,8.752,2752530.0,74904096000.0,0.0,0.0,-0.5,-0.1608,-1.8215
SSI,2017-06-26,15:06:01,HOSE,STOCK,27.3,29.2,25.4,27.3,27.6,27.3,27.45,27.42,8.781,8.877,8.781,8.829,8.819,2680120.0,73485913000.0,0.0,0.0,0.15,0.0482,0.5495
SSI,2017-06-23,15:06:01,HOSE,STOCK,27.35,29.25,25.45,27.5,27.5,26.9,27.3,27.13,8.845,8.845,8.652,8.781,8.726,4040440.0,109636223000.0,0.0,0.0,-0.05,-0.0161,-0.1828
SSI,2017-06-22,15:06:01,HOSE,STOCK,27.4,29.3,25.5,27.65,27.65,27.2,27.35,27.4,8.893,8.893,8.749,8.797,8.813,3594520.0,98489478500.0,0.0,0.0,-0.05,-0.0161,-0.1825
SSI,2017-06-21,15:06:01,HOSE,STOCK,27.55,29.45,25.65,27.4,27.6,27.1,27.4,27.37,8.813,8.877,8.717,8.813,8.803,5752750.0,157426184500.0,0.0,0.0,-0.15,-0.0482,-0.5445
SSI,2017-06-20,15:06:01,HOSE,STOCK,27.7,29.6,25.8,28.1,28.15,27.5,27.55,27.79,9.038,9.054,8.845,8.861,8.938,5364220.0,149078643000.0,0.0,0.0,-0.15,-0.0482,-0.5415
SSI,2017-06-19,15:06:02,HOSE,STOCK,26.6,28.45,24.75,26.9,27.8,26.8,27.7,27.35,8.652,8.942,8.62,8.91,8.797,6069550.0,166026903500.0,0.0,0.0,1.1,0.3538,4.1353
SSI,2017-06-16,15:06:01,HOSE,STOCK,26.4,28.2,24.6,26.4,26.8,26.35,26.6,26.6,8.491,8.62,8.475,8.556,8.556,5066760.0,134762979000.0,0.0,0.0,0.2,0.0643,0.7576
SSI,2017-06-15,15:06:02,HOSE,STOCK,26.5,28.35,24.65,26.5,26.65,26.35,26.4,26.47,8.524,8.572,8.475,8.491,8.514,3162870.0,83722291000.0,0.0,0.0,-0.1,-0.0322,-0.3774
SSI,2017-06-14,15:06:01,HOSE,STOCK,26.6,28.45,24.75,26.9,26.9,26.4,26.5,26.7,8.652,8.652,8.491,8.524,8.588,3100170.0,82781454500.0,0.0,0.0,-0.1,-0.0322,-0.3759
SSI,2017-06-13,15:06:01,HOSE,STOCK,26.3,28.1,24.5,26.3,26.75,26.25,26.6,26.52,8.459,8.604,8.443,8.556,8.53,3306640.0,87696671500.0,0.0,0.0,0.3,0.0965,1.1407
SSI,2017-06-12,15:06:01,HOSE,STOCK,26.25,28.05,24.45,26.4,26.6,26.15,26.3,26.4,8.491,8.556,8.411,8.459,8.491,3962400.0,104605864500.0,0.0,0.0,0.05,0.0161,0.1905
SSI,2017-06-09,15:06:01,HOSE,STOCK,26.05,27.85,24.25,26.2,26.6,26.1,26.25,26.33,8.427,8.556,8.395,8.443,8.469,3427850.0,90270418000.0,0.0,0.0,0.2,0.0643,0.7678
SSI,2017-06-08,15:06:02,HOSE,STOCK,25.85,27.65,24.05,26.0,26.4,25.75,26.05,26.12,8.363,8.491,8.282,8.379,8.401,3599060.0,94014687500.0,0.0,0.0,0.2,0.0643,0.7737
SSI,2017-06-07,15:06:01,HOSE,STOCK,25.6,27.35,23.85,25.8,26.25,25.75,25.85,25.98,8.298,8.443,8.282,8.314,8.356,4110110.0,106789439000.0,0.0,0.0,0.25,0.0804,0.9766
SSI,2017-06-06,15:06:01,HOSE,STOCK,25.3,27.05,23.55,25.45,25.7,25.25,25.6,25.49,8.186,8.266,8.122,8.234,8.199,2952940.0,75260794500.0,0.0,0.0,0.3,0.0965,1.1858
SSI,2017-06-05,15:06:01,HOSE,STOCK,25.8,27.6,24.0,25.9,26.0,25.3,25.3,25.62,8.331,8.363,8.138,8.138,8.241,2811740.0,72030683500.0,0.0,0.0,-0.5,-0.1608,-1.938
SSI,2017-06-02,15:06:01,HOSE,STOCK,24.9,26.6,23.2,24.95,26.0,24.75,25.8,25.37,8.025,8.363,7.961,8.298,8.16,5519180.0,139998910500.0,0.0,0.0,0.9,0.2895,3.6145
SSI,2017-06-01,15:06:01,HOSE,STOCK,24.8,26.5,23.1,24.95,25.1,24.8,24.9,24.97,8.025,8.073,7.977,8.009,8.031,1888560.0,47165591500.0,0.0,0.0,0.1,0.0322,0.4032
SSI,2017-05-31,15:05:02,HOSE,STOCK,24.75,26.45,23.05,24.75,25.2,24.55,24.8,24.91,7.961,8.105,7.896,7.977,8.012,4782800.0,119121092500.0,0.0,0.0,0.05,0.0161,0.202
SSI,2017-05-30,15:05:01,HOSE,STOCK,25.8,27.6,24.0,25.8,25.8,24.7,24.75,25.26,8.298,8.298,7.945,7.961,8.125,7680150.0,193969533500.0,0.0,0.0,-1.05,-0.3377,-4.0698
SSI,2017-05-29,15:05:01,HOSE,STOCK,26.0,27.8,24.2,26.3,26.6,25.8,25.8,26.15,8.459,8.556,8.298,8.298,8.411,3751650.0,98095222000.0,0.0,0.0,-0.2,-0.0643,-0.7692
SSI,2017-05-26,15:05:02,HOSE,STOCK,26.25,28.05,24.45,26.3,26.5,25.9,26.0,26.16,8.459,8.524,8.331,8.363,8.414,3615990.0,94596863500.0,0.0,0.0,-0.25,-0.0804,-0.9524
SSI,2017-05-25,15:05:01,HOSE,STOCK,26.2,28.0,24.4,26.8,27.0,26.25,26.25,26.62,8.62,8.684,8.443,8.443,8.562,5746950.0,153006834000.0,0.0,0.0,0.05,0.0161,0.1908
SSI,2017-05-24,15:05:01,HOSE,STOCK,25.4,27.15,23.65,25.6,26.9,25.3,26.2,26.047,8.234,8.652,8.138,8.427,8.378,6557520.0,170804149500.0,0.0,0.0,0.8,0.2573,3.1496
SSI,2017-05-23,15:05:01,HOSE,STOCK,25.75,27.55,23.95,25.55,26.25,25.4,25.4,25.68,8.218,8.443,8.17,8.17,8.26,7999540.0,205427069500.0,0.0,0.0,-0.35,-0.1126,-1.3592
SSI,2017-05-22,15:05:01,HOSE,STOCK,26.0,27.8,24.2,26.4,26.65,25.75,25.75,26.19,8.491,8.572,8.282,8.282,8.424,5328400.0,139542632500.0,0.0,0.0,-0.25,-0.0804,-0.9615
SSI,2017-05-19,15:05:01,HOSE,STOCK,24.5,26.2,22.8,24.7,26.0,24.45,26.0,25.47,7.945,8.363,7.864,8.363,8.192,9441840.0,240447610000.0,0.0,0.0,1.5,0.4825,6.1224
SSI,2017-05-18,15:05:01,HOSE,STOCK,24.1,25.75,22.45,23.95,25.1,23.9,24.5,24.63,7.703,8.073,7.687,7.88,7.922,10303810.0,253736829000.0,0.0,0.0,0.4,0.1287,1.6598
SSI,2017-05-17,15:05:01,HOSE,STOCK,23.7,25.35,22.05,23.6,24.15,23.6,24.1,23.87,7.591,7.768,7.591,7.752,7.678,3230800.0,77129209500.0,0.0,0.0,0.4,0.1287,1.6878
SSI,2017-05-16,15:05:01,HOSE,STOCK,24.0,25.65,22.35,24.4,24.75,23.7,23.7,24.23,7.848,7.961,7.623,7.623,7.793,4042840.0,97975671500.0,0.0,0.0,-0.3,-0.0965,-1.25
SSI,2017-05-15,15:05:02,HOSE,STOCK,23.5,25.1,21.9,23.5,24.3,23.5,24.0,23.82,7.559,7.816,7.559,7.719,7.662,4504810.0,107297423500.0,0.0,0.0,0.5,0.1608,2.1277
SSI,2017-05-12,15:05:02,HOSE,STOCK,23.7,25.35,22.05,24.0,24.1,23.4,23.5,23.74,7.719,7.752,7.526,7.559,7.636,3418570.0,81160710500.0,0.0,0.0,-0.2,-0.0643,-0.8439
SSI,2017-05-11,15:05:02,HOSE,STOCK,23.55,25.15,21.95,23.7,24.25,23.6,23.7,23.81,7.623,7.8,7.591,7.623,7.658,3995460.0,95146261000.0,0.0,0.0,0.15,0.0482,0.6369
SSI,2017-05-10,15:05:01,HOSE,STOCK,23.8,25.45,22.15,24.3,24.5,23.55,23.55,24.12,7.816,7.88,7.575,7.575,7.758,5146330.0,124115009000.0,0.0,0.0,-0.25,-0.0804,-1.0504
SSI,2017-05-09,15:05:01,HOSE,STOCK,23.0,24.6,21.4,23.2,23.95,23.05,23.8,23.54,7.462,7.703,7.414,7.655,7.571,5663000.0,133310211000.0,0.0,0.0,0.8,0.2573,3.4783
SSI,2017-05-08,15:05:01,HOSE,STOCK,22.5,24.05,20.95,22.6,23.0,22.35,23.0,22.76,7.269,7.398,7.189,7.398,7.321,3767560.0,85768312000.0,0.0,0.0,0.5,0.1608,2.2222
SSI,2017-05-05,15:05:01,HOSE,STOCK,22.6,24.15,21.05,22.6,22.65,22.4,22.5,22.53,7.269,7.285,7.205,7.237,7.247,1392180.0,31360932500.0,0.0,0.0,-0.1,-0.0322,-0.4425
SSI,2017-05-04,15:05:01,HOSE,STOCK,22.15,23.7,20.6,22.35,22.9,22.3,22.6,22.64,7.189,7.366,7.173,7.269,7.282,3247230.0,73502819000.0,0.0,0.0,0.45,0.1447,2.0316
SSI,2017-05-03,15:05:01,HOSE,STOCK,21.9,23.4,20.4,22.0,22.3,21.9,22.15,22.06,7.076,7.173,7.044,7.124,7.095,2112110.0,46588395000.0,0.0,0.0,0.25,0.0804,1.1416
SSI,2017-04-28,15:04:02,HOSE,STOCK,22.25,23.8,20.7,22.1,22.35,21.9,21.9,22.05,7.108,7.189,7.044,7.044,7.092,3439980.0,75858104000.0,0.0,0.0,-0.35,-0.1126,-1.573
SSI,2017-04-27,15:04:01,HOSE,STOCK,22.4,23.95,20.85,22.4,22.6,22.25,22.25,22.38,7.205,7.269,7.157,7.157,7.198,1153630.0,25815328500.0,0.0,0.0,-0.15,-0.0482,-0.6696
SSI,2017-04-26,15:04:01,HOSE,STOCK,22.15,23.7,20.6,22.25,22.5,22.15,22.4,22.36,7.157,7.237,7.124,7.205,7.192,1465610.0,32767562000.0,0.0,0.0,0.25,0.0804,1.1287
SSI,2017-04-25,15:04:01,HOSE,STOCK,22.0,23.5,20.5,22.0,22.3,21.9,22.15,22.1,7.076,7.173,7.044,7.124,7.108,852420.0,18841547500.0,0.0,0.0,0.15,0.0482,0.6818
SSI,2017-04-24,15:04:02,HOSE,STOCK,22.35,23.9,20.8,22.35,22.4,22.0,22.0,22.16,7.189,7.205,7.076,7.076,7.128,1192990.0,26436529500.0,0.0,0.0,-0.35,-0.1126,-1.566
SSI,2017-04-21,15:04:01,HOSE,STOCK,22.35,23.9,20.8,22.75,22.85,22.35,22.35,22.58,7.317,7.35,7.189,7.189,7.263,2587880.0,58438735500.0,0.0,0.0,0.0,0.0,0.0
SSI,2017-04-20,15:04:01,HOSE,STOCK,22.25,23.8,20.7,22.35,22.5,22.2,22.35,22.37,7.189,7.237,7.14,7.189,7.195,1024760.0,22926385000.0,0.0,0.0,0.1,0.0322,0.4494
SSI,2017-04-19,15:04:01,HOSE,STOCK,22.55,24.1,21.0,22.55,22.55,22.25,22.25,22.44,7.253,7.253,7.157,7.157,7.218,1996620.0,44801717000.0,0.0,0.0,-0.3,-0.0965,-1.3304
SSI,2017-04-18,15:04:01,HOSE,STOCK,21.85,23.35,20.35,21.9,22.6,21.8,22.55,22.14,7.044,7.269,7.012,7.253,7.121,3279910.0,72615627000.0,0.0,0.0,0.7,0.2251,3.2037
SSI,2017-04-17,15:04:01,HOSE,STOCK,22.2,23.75,20.65,22.25,22.55,21.85,21.85,22.22,7.157,7.253,7.028,7.028,7.147,2048430.0,45519813500.0,0.0,0.0,-0.35,-0.1126,-1.5766
SSI,2017-04-14,15:04:02,HOSE,STOCK,22.5,24.05,20.95,22.3,22.5,21.9,22.2,22.16,7.173,7.237,7.044,7.14,7.128,4133690.0,91598326000.0,0.0,0.0,-0.3,-0.0965,-1.3333
SSI,2017-04-13,15:04:02,HOSE,STOCK,22.95,24.55,21.35,22.9,23.1,22.5,22.5,22.86,7.366,7.43,7.237,7.237,7.353,2224180.0,50844227000.0,0.0,0.0,-0.45,-0.1447,-1.9608
SSI,2017-04-12,15:04:01,HOSE,STOCK,23.6,25.25,21.95,23.5,23.6,22.95,22.95,23.21,7.559,7.591,7.382,7.382,7.465,2867200.0,66553498500.0,0.0,0.0,-0.65,-0.2091,-2.7542
SSI,2017-04-11,15:04:01,HOSE,STOCK,23.9,25.55,22.25,23.9,24.05,23.6,23.6,23.83,7.687,7.736,7.591,7.591,7.665,2603630.0,62046648000.0,0.0,0.0,-0.3,-0.0965,-1.2552
SSI,2017-04-10,15:04:01,HOSE,STOCK,23.2,24.8,21.6,23.2,23.95,22.9,23.9,23.52,7.462,7.703,7.366,7.687,7.565,3143710.0,73947603000.0,0.0,0.0,0.7,0.2251,3.0172
SSI,2017-04-07,15:04:01,HOSE,STOCK,23.0,24.6,21.4,23.0,23.4,22.75,23.2,23.03,7.398,7.526,7.317,7.462,7.407,2801050.0,64496855000.0,0.0,0.0,0.2,0.0643,0.8696
SSI,2017-04-05,15:04:01,HOSE,STOCK,23.8,25.45,22.15,23.8,24.2,23.0,23.0,23.5,7.655,7.784,7.398,7.398,7.559,6113360.0,143680226500.0,0.0,0.0,-0.8,-0.2573,-3.3613
SSI,2017-04-04,15:04:01,HOSE,STOCK,24.2,25.85,22.55,24.2,24.45,23.7,23.8,24.05,7.784,7.864,7.623,7.655,7.736,4230660.0,101765051000.0,0.0,0.0,-0.4,-0.1287,-1.6529
SSI,2017-04-03,15:04:01,HOSE,STOCK,23.85,25.5,22.2,23.8,24.35,23.75,24.2,24.05,7.655,7.832,7.639,7.784,7.736,3632730.0,87380362000.0,0.0,0.0,0.35,0.1126,1.4675
SSI,2017-03-31,15:03:01,HOSE,STOCK,23.85,25.5,22.2,23.9,24.15,23.7,23.85,23.93,7.687,7.768,7.623,7.671,7.697,2850650.0,68229237000.0,0.0,0.0,0.0,0.0,0.0
SSI,2017-03-30,15:03:01,HOSE,STOCK,23.55,25.15,21.95,23.65,23.9,23.55,23.85,23.77,7.607,7.687,7.575,7.671,7.645,2809520.0,66781642000.0,0.0,0.0,0.3,0.0965,1.2739
SSI,2017-03-29,15:03:01,HOSE,STOCK,23.45,25.05,21.85,23.45,23.55,23.2,23.55,23.37,7.543,7.575,7.462,7.575,7.517,2124740.0,49652308500.0,0.0,0.0,0.1,0.0322,0.4264
SSI,2017-03-28,15:03:01,HOSE,STOCK,23.45,25.05,21.85,23.5,23.7,23.25,23.45,23.52,7.559,7.623,7.478,7.543,7.565,2745290.0,64565520500.0,0.0,0.0,0.0,0.0,0.0
SSI,2017-03-27,15:03:01,HOSE,STOCK,23.05,24.65,21.45,23.2,23.75,23.15,23.45,23.58,7.462,7.639,7.446,7.543,7.584,5984120.0,141076033000.0,0.0,0.0,0.4,0.1287,1.7354
SSI,2017-03-24,15:03:01,HOSE,STOCK,22.75,24.3,21.2,23.0,23.3,22.85,23.05,23.04,7.398,7.494,7.35,7.414,7.411,2920910.0,67290160500.0,0.0,0.0,0.3,0.0965,1.3187
SSI,2017-03-23,15:03:01,HOSE,STOCK,22.55,24.1,21.0,22.7,22.9,22.5,22.75,22.73,7.301,7.366,7.237,7.317,7.311,2268380.0,51564316500.0,0.0,0.0,0.2,0.0643,0.8869
SSI,2017-03-22,15:03:01,HOSE,STOCK,23.0,24.6,21.4,22.9,23.35,22.55,22.55,23.04,7.366,7.51,7.253,7.253,7.411,5104610.0,117603520500.0,0.0,0.0,-0.45,-0.1447,-1.9565
SSI,2017-03-21,15:03:01,HOSE,STOCK,23.0,24.6,21.4,22.9,23.15,22.75,23.0,22.92,7.366,7.446,7.317,7.398,7.372,3847730.0,88184732000.0,0.0,0.0,0.0,0.0,0.0
SSI,2017-03-20,15:03:02,HOSE,STOCK,22.75,24.3,21.2,23.2,23.4,22.9,23.0,23.21,7.462,7.526,7.366,7.398,7.465,3333090.0,77350976500.0,0.0,0.0,0.25,0.0804,1.0989
SSI,2017-03-17,15:03:01,HOSE,STOCK,22.3,23.85,20.75,22.65,23.15,22.4,22.75,22.8,7.285,7.446,7.205,7.317,7.333,9070330.0,206785043500.0,0.0,0.0,0.45,0.1447,2.0179
SSI,2017-03-16,15:03:01,HOSE,STOCK,21.3,22.75,19.85,21.25,22.3,21.25,22.3,21.73,6.835,7.173,6.835,7.173,6.989,6659800.0,144730509500.0,0.0,0.0,1.0,0.3217,4.6948
SSI,2017-03-15,15:03:02,HOSE,STOCK,21.4,22.85,19.95,21.3,21.45,21.2,21.3,21.3,6.851,6.899,6.819,6.851,6.851,1195640.0,25468998000.0,0.0,0.0,-0.1,-0.0322,-0.4673
SSI,2017-03-14,15:03:01,HOSE,STOCK,21.4,22.85,19.95,21.45,21.6,21.4,21.4,21.47,6.899,6.948,6.883,6.883,6.906,1093080.0,23466004000.0,0.0,0.0,0.0,0.0,0.0
SSI,2017-03-13,15:03:01,HOSE,STOCK,21.35,22.8,19.9,21.4,21.45,21.15,21.4,21.29,6.883,6.899,6.803,6.883,6.848,1150100.0,24480602500.0,0.0,0.0,0.05,0.0161,0.2342
SSI,2017-03-10,15:03:01,HOSE,STOCK,21.5,23.0,20.0,21.7,21.8,21.35,21.35,21.65,6.98,7.012,6.867,6.867,6.964,1574500.0,34085962000.0,0.0,0.0,-0.15,-0.0482,-0.6977
SSI,2017-03-09,15:03:01,HOSE,STOCK,21.0,22.45,19.55,21.05,21.65,20.95,21.5,21.44,6.771,6.964,6.738,6.915,6.896,3902000.0,83662805500.0,0.0,0.0,0.5,0.1608,2.381
SSI,2017-03-08,15:03:01,HOSE,STOCK,21.0,22.45,19.55,21.0,21.4,20.8,21.0,21.06,6.755,6.883,6.69,6.755,6.774,1127560.0,23747170000.0,0.0,0.0,0.0,0.0,0.0
SSI,2017-03-07,15:03:01,HOSE,STOCK,21.0,22.45,19.55,20.9,21.0,20.8,21.0,20.92,6.722,6.755,6.69,6.755,6.729,834030.0,17449341500.0,0.0,0.0,0.0,0.0,0.0
SSI,2017-03-06,15:03:01,HOSE,STOCK,20.8,22.25,19.35,20.8,21.2,20.8,21.0,20.98,6.69,6.819,6.69,6.755,6.748,890510.0,18686273500.0,0.0,0.0,0.2,0.0643,0.9615
SSI,2017-03-03,15:03:01,HOSE,STOCK,20.7,22.1,19.3,21.0,21.05,20.65,20.8,20.89,6.755,6.771,6.642,6.69,6.719,799130.0,16691545500.0,0.0,0.0,0.1,0.0322,0.4831
SSI,2017-03-02,15:03:01,HOSE,STOCK,21.2,22.65,19.75,21.15,21.3,20.7,20.7,21.02,6.803,6.851,6.658,6.658,6.761,1028090.0,21605934000.0,0.0,0.0,-0.5,-0.1608,-2.3585
SSI,2017-03-01,15:03:01,HOSE,STOCK,21.2,22.65,19.75,21.2,21.25,20.85,21.2,21.09,6.819,6.835,6.706,6.819,6.783,1160570.0,24480171500.0,0.0,0.0,0.0,0.0,0.0
SSI,2017-02-28,15:02:02,HOSE,STOCK,21.3,22.75,19.85,21.45,21.75,21.2,21.2,21.46,6.899,6.996,6.819,6.819,6.902,1784580.0,38298903000.0,0.0,0.0,-0.1,-0.0322,-0.4695
SSI,2017-02-27,15:02:01,HOSE,STOCK,21.3,22.75,19.85,21.15,21.5,21.05,21.3,21.28,6.803,6.915,6.771,6.851,6.845,1638330.0,34858345500.0,0.0,0.0,0.0,0.0,0.0
SSI,2017-02-24,15:02:01,HOSE,STOCK,21.6,23.1,20.1,21.6,21.6,21.25,21.3,21.37,6.948,6.948,6.835,6.851,6.874,1136850.0,24295028000.0,0.0,0.0,-0.3,-0.0965,-1.3889
SSI,2017-02-23,15:02:01,HOSE,STOCK,21.55,23.05,20.05,21.55,21.8,21.3,21.6,21.56,6.931,7.012,6.851,6.948,6.935,1157830.0,24962257000.0,0.0,0.0,0.05,0.0161,0.232
SSI,2017-02-22,15:02:01,HOSE,STOCK,21.05,22.5,19.6,21.0,21.95,20.9,21.55,21.56,6.755,7.06,6.722,6.931,6.935,4351610.0,93835572500.0,0.0,0.0,0.5,0.1608,2.3753
SSI,2017-02-21,15:02:01,HOSE,STOCK,21.05,22.5,19.6,21.15,21.2,20.95,21.05,21.09,6.803,6.819,6.738,6.771,6.783,1494150.0,31508800500.0,0.0,0.0,0.0,0.0,0.0
SSI,2017-02-20,15:02:01,HOSE,STOCK,21.05,22.5,19.6,21.05,21.2,20.9,21.05,21.05,6.771,6.819,6.722,6.771,6.771,921320.0,19393552500.0,0.0,0.0,0.0,0.0,0.0
SSI,2017-02-17,15:02:01,HOSE,STOCK,20.9,22.35,19.45,20.9,21.05,20.8,21.05,20.92,6.722,6.771,6.69,6.771,6.729,1025850.0,21457630000.0,0.0,0.0,0.15,0.0482,0.7177
SSI,2017-02-16,15:02:01,HOSE,STOCK,21.2,22.65,19.75,21.4,21.45,20.8,20.9,21.24,6.883,6.899,6.69,6.722,6.832,1972960.0,41901993000.0,0.0,0.0,-0.3,-0.0965,-1.4151
SSI,2017-02-15,15:02:01,HOSE,STOCK,21.1,22.55,19.65,21.05,21.25,20.95,21.2,21.05,6.771,6.835,6.738,6.819,6.771,1057850.0,22272906500.0,0.0,0.0,0.1,0.0322,0.4739
SSI,2017-02-14,15:02:01,HOSE,STOCK,21.2,22.65,19.75,21.2,21.35,21.1,21.1,21.21,6.819,6.867,6.787,6.787,6.822,2081730.0,44160158500.0,0.0,0.0,-0.1,-0.0322,-0.4717
SSI,2017-02-13,15:02:01,HOSE,STOCK,20.8,22.25,19.35,20.9,21.25,20.9,21.2,21.11,6.722,6.835,6.722,6.819,6.79,2343770.0,49478925500.0,0.0,0.0,0.4,0.1287,1.9231
SSI,2017-02-10,15:02:02,HOSE,STOCK,20.8,22.25,19.35,20.8,20.9,20.75,20.8,20.8,6.69,6.722,6.674,6.69,6.69,749990.0,15597881500.0,0.0,0.0,0.0,0.0,0.0
SSI,2017-02-09,15:02:01,HOSE,STOCK,20.9,22.35,19.45,21.0,21.0,20.75,20.8,20.85,6.755,6.755,6.674,6.69,6.706,742300.0,15477766000.0,0.0,0.0,-0.1,-0.0322,-0.4785
SSI,2017-02-08,15:02:01,HOSE,STOCK,20.9,22.35,19.45,20.95,21.0,20.65,20.9,20.86,6.738,6.755,6.642,6.722,6.709,945220.0,19713105000.0,0.0,0.0,0.0,0.0,0.0
SSI,2017-02-07,15:02:01,HOSE,STOCK,20.55,21.95,19.15,20.65,20.95,20.55,20.9,20.81,6.642,6.738,6.61,6.722,6.693,3150060.0,65538280000.0,0.0,0.0,0.35,0.1126,1.7032
SSI,2017-02-06,15:02:01,HOSE,STOCK,20.5,21.9,19.1,20.55,20.7,20.45,20.55,20.56,6.61,6.658,6.578,6.61,6.613,794960.0,16340620500.0,0.0,0.0,0.05,0.0161,0.2439
SSI,2017-02-03,15:02:01,HOSE,STOCK,20.65,22.05,19.25,20.7,20.7,20.45,20.5,20.59,6.658,6.658,6.578,6.594,6.623,1166140.0,24010529000.0,0.0,0.0,-0.15,-0.0482,-0.7264
SSI,2017-02-02,15:02:02,HOSE,STOCK,20.2,21.6,18.8,20.4,20.65,20.25,20.65,20.43,6.562,6.642,6.513,6.642,6.571,1000230.0,20435090500.0,0.0,0.0,0.45,0.1447,2.2277
SSI,2017-01-25,15:01:01,HOSE,STOCK,20.05,21.45,18.65,20.2,20.25,20.1,20.2,20.18,6.497,6.513,6.465,6.497,6.491,581370.0,11729886000.0,0.0,0.0,0.15,0.0482,0.7481
SSI,2017-01-24,15:01:01,HOSE,STOCK,20.0,21.4,18.6,20.0,20.2,19.95,20.05,20.04,6.433,6.497,6.417,6.449,6.446,883940.0,17716656000.0,0.0,0.0,0.05,0.0161,0.25
SSI,2017-01-23,15:01:01,HOSE,STOCK,20.15,21.55,18.75,20.15,20.15,19.95,20.0,20.02,6.481,6.481,6.417,6.433,6.439,1468570.0,29403398500.0,0.0,0.0,-0.15,-0.0482,-0.7444
SSI,2017-01-20,15:01:01,HOSE,STOCK,20.15,21.55,18.75,20.2,20.3,20.15,20.15,20.2,6.497,6.529,6.481,6.481,6.497,935820.0,18900588000.0,0.0,0.0,0.0,0.0,0.0
SSI,2017-01-19,15:01:01,HOSE,STOCK,20.4,21.8,19.0,20.2,20.4,20.15,20.15,20.23,6.497,6.562,6.481,6.481,6.507,620810.0,12559208500.0,0.0,0.0,-0.25,-0.0804,-1.2255
SSI,2017-01-18,15:01:01,HOSE,STOCK,20.6,22.0,19.2,20.6,20.7,20.4,20.4,20.58,6.626,6.658,6.562,6.562,6.619,667990.0,13745001500.0,0.0,0.0,-0.2,-0.0643,-0.9709
SSI,2017-01-17,15:01:02,HOSE,STOCK,20.4,21.8,19.0,20.45,20.6,20.3,20.6,20.46,6.578,6.626,6.529,6.626,6.581,1113850.0,22787189500.0,0.0,0.0,0.2,0.0643,0.9804
SSI,2017-01-16,15:01:02,HOSE,STOCK,20.5,21.9,19.1,20.4,20.7,20.4,20.4,20.55,6.562,6.658,6.562,6.562,6.61,1108470.0,22780802500.0,0.0,0.0,-0.1,-0.0322,-0.4878
SSI,2017-01-13,15:01:01,HOSE,STOCK,20.45,21.85,19.05,20.4,20.7,20.35,20.5,20.6,6.562,6.658,6.545,6.594,6.626,1747710.0,35996273500.0,0.0,0.0,0.05,0.0161,0.2445
SSI,2017-01-12,15:01:01,HOSE,STOCK,20.3,21.7,18.9,20.35,20.5,20.3,20.45,20.41,6.545,6.594,6.529,6.578,6.565,1161780.0,23707871000.0,0.0,0.0,0.15,0.0482,0.7389
SSI,2017-01-11,15:01:01,HOSE,STOCK,20.35,21.75,18.95,20.3,20.4,20.2,20.3,20.3,6.529,6.562,6.497,6.529,6.529,1121780.0,22771929000.0,0.0,0.0,-0.05,-0.0161,-0.2457
SSI,2017-01-10,15:01:01,HOSE,STOCK,20.5,21.9,19.1,20.5,20.5,20.25,20.35,20.36,6.594,6.594,6.513,6.545,6.549,870950.0,17734814000.0,0.0,0.0,-0.15,-0.0482,-0.7317
SSI,2017-01-09,15:01:01,HOSE,STOCK,20.3,21.7,18.9,20.3,20.6,20.3,20.5,20.49,6.529,6.626,6.529,6.594,6.59,886970.0,18174362500.0,0.0,0.0,0.2,0.0643,0.9852
SSI,2017-01-06,15:01:02,HOSE,STOCK,20.1,21.5,18.7,20.1,20.75,20.1,20.3,20.53,6.465,6.674,6.465,6.529,6.603,2995300.0,61494948500.0,0.0,0.0,0.2,0.0643,0.995
SSI,2017-01-05,15:01:01,HOSE,STOCK,20.05,21.45,18.65,20.1,20.2,20.0,20.1,20.09,6.465,6.497,6.433,6.465,6.462,565830.0,11368293000.0,0.0,0.0,0.05,0.0161,0.2494
SSI,2017-01-04,15:01:01,HOSE,STOCK,20.05,21.45,18.65,20.05,20.25,19.9,20.05,20.09,6.449,6.513,6.401,6.449,6.462,1224340.0,24592457000.0,0.0,0.0,0.0,0.0,0.0
SSI,2017-01-03,15:01:01,HOSE,STOCK,19.6,20.95,18.25,19.6,20.15,19.55,20.05,19.96,6.304,6.481,6.288,6.449,6.42,1300330.0,25951775500.0,0.0,0.0,0.45,0.1447,2.2959
SSI,2016-12-30,15:12:01,HOSE,STOCK,19.7,21.05,18.35,19.6,19.7,19.55,19.6,19.61,6.304,6.336,6.288,6.304,6.307,470290.0,9224354000.0,0.0,0.0,-0.1,-0.0322,-0.5076
SSI,2016-12-29,15:12:01,HOSE,STOCK,19.75,21.1,18.4,19.75,19.9,19.7,19.7,19.79,6.352,6.401,6.336,6.336,6.365,1050480.0,20788868500.0,0.0,0.0,-0.05,-0.0161,-0.2532
SSI,2016-12-28,15:12:01,HOSE,STOCK,19.45,20.8,18.1,19.5,19.85,19.45,19.75,19.62,6.272,6.385,6.256,6.352,6.311,949470.0,18624284500.0,0.0,0.0,0.3,0.0965,1.5424
SSI,2016-12-27,15:12:01,HOSE,STOCK,19.6,20.95,18.25,19.65,19.65,19.4,19.45,19.54,6.32,6.32,6.24,6.256,6.285,780570.0,15250762500.0,0.0,0.0,-0.15,-0.0482,-0.7653
SSI,2016-12-26,15:12:01,HOSE,STOCK,19.4,20.75,18.05,19.5,19.65,19.4,19.6,19.57,6.272,6.32,6.24,6.304,6.295,644680.0,12618463000.0,0.0,0.0,0.2,0.0643,1.0309
SSI,2016-12-23,15:12:02,HOSE,STOCK,19.4,20.75,18.05,19.35,19.5,19.25,19.4,19.36,6.224,6.272,6.192,6.24,6.227,704620.0,13642340000.0,0.0,0.0,0.0,0.0,0.0
SSI,2016-12-22,15:12:02,HOSE,STOCK,19.55,20.9,18.2,19.65,19.65,19.4,19.4,19.48,6.32,6.32,6.24,6.24,6.266,1239950.0,24158875500.0,0.0,0.0,-0.15,-0.0482,-0.7673
SSI,2016-12-21,15:12:01,HOSE,STOCK,19.6,20.95,18.25,19.7,19.7,19.5,19.55,19.58,6.336,6.336,6.272,6.288,6.298,825690.0,16165128500.0,0.0,0.0,-0.05,-0.0161,-0.2551
SSI,2016-12-20,15:12:02,HOSE,STOCK,19.85,21.2,18.5,19.65,19.8,19.6,19.6,19.68,6.32,6.369,6.304,6.304,6.33,915470.0,18020190500.0,0.0,0.0,-0.25,-0.0804,-1.2594
SSI,2016-12-19,15:12:01,HOSE,STOCK,19.2,20.5,17.9,19.4,19.95,19.2,19.85,19.65,6.24,6.417,6.176,6.385,6.32,2338570.0,45952247500.0,0.0,0.0,0.65,0.2091,3.3854
SSI,2016-12-16,15:12:01,HOSE,STOCK,19.0,20.3,17.7,18.9,19.3,18.9,19.2,19.17,6.079,6.208,6.079,6.176,6.166,1786260.0,34247208000.0,0.0,0.0,0.2,0.0643,1.0526
SSI,2016-12-15,15:12:01,HOSE,STOCK,19.0,20.3,17.7,19.0,19.15,18.85,19.0,19.02,6.111,6.159,6.063,6.111,6.118,1035080.0,19682679000.0,0.0,0.0,0.0,0.0,0.0
SSI,2016-12-14,15:12:01,HOSE,STOCK,18.85,20.15,17.55,18.85,19.0,18.7,19.0,18.86,6.063,6.111,6.015,6.111,6.066,1241950.0,23422626500.0,0.0,0.0,0.15,0.0482,0.7958
SSI,2016-12-13,15:12:01,HOSE,STOCK,18.5,19.75,17.25,18.5,18.85,18.5,18.85,18.69,5.95,6.063,5.95,6.063,6.012,1981620.0,37042750500.0,0.0,0.0,0.35,0.1126,1.8919
SSI,2016-12-12,15:12:01,HOSE,STOCK,18.75,20.05,17.45,18.6,18.65,18.5,18.5,18.57,5.983,5.999,5.95,5.95,5.973,1036860.0,19257621500.0,0.0,0.0,-0.25,-0.0804,-1.3333
SSI,2016-12-09,15:12:02,HOSE,STOCK,18.7,20.0,17.4,18.7,18.85,18.65,18.75,18.72,6.015,6.063,5.999,6.031,6.021,1081560.0,20251514500.0,0.0,0.0,0.05,0.0161,0.2674
SSI,2016-12-08,15:12:01,HOSE,STOCK,18.6,19.9,17.3,18.6,18.9,18.6,18.7,18.71,5.983,6.079,5.983,6.015,6.018,916810.0,17157366000.0,0.0,0.0,0.1,0.0322,0.5376
SSI,2016-12-07,15:12:01,HOSE,STOCK,18.6,19.9,17.3,18.55,19.1,18.55,18.6,18.71,5.966,6.143,5.966,5.983,6.018,1987010.0,37185134000.0,0.0,0.0,0.0,0.0,0.0
SSI,2016-12-06,15:12:01,HOSE,STOCK,19.2,20.5,17.9,19.2,19.2,18.6,18.6,18.82,6.176,6.176,5.983,5.983,6.053,2332410.0,43893819500.0,0.0,0.0,-0.6,-0.193,-3.125
SSI,2016-12-05,15:12:02,HOSE,STOCK,19.7,21.05,18.35,19.65,19.65,19.2,19.2,19.32,6.32,6.32,6.176,6.176,6.214,1816580.0,35090959000.0,0.0,0.0,-0.5,-0.1608,-2.5381
SSI,2016-12-02,15:12:02,HOSE,STOCK,19.85,21.2,18.5,19.85,19.9,19.6,19.7,19.72,6.385,6.401,6.304,6.336,6.343,935790.0,18457511000.0,0.0,0.0,-0.15,-0.0482,-0.7557
SSI,2016-12-01,15:12:01,HOSE,STOCK,19.9,21.25,18.55,20.2,20.2,19.85,19.85,20.03,6.497,6.497,6.385,6.385,6.443,838370.0,16789627500.0,0.0,0.0,-0.05,-0.0161,-0.2513
SSI,2016-11-30,15:11:01,HOSE,STOCK,19.6,20.95,18.25,20.0,20.3,19.85,19.9,20.04,6.433,6.529,6.385,6.401,6.446,1721630.0,34500130500.0,0.0,0.0,0.3,0.0965,1.5306
SSI,2016-11-29,15:11:01,HOSE,STOCK,20.0,21.4,18.6,20.0,20.0,19.55,19.6,19.62,6.433,6.433,6.288,6.304,6.311,1500540.0,29445655500.0,0.0,0.0,-0.4,-0.1287,-2.0
SSI,2016-11-28,15:11:02,HOSE,STOCK,20.1,21.5,18.7,20.1,20.15,19.2,20.0,19.7,6.465,6.481,6.176,6.433,6.336,1271400.0,25045286500.0,0.0,0.0,-0.1,-0.0322,-0.4975
SSI,2016-11-25,15:11:01,HOSE,STOCK,20.15,21.55,18.75,20.15,20.15,20.0,20.1,20.07,6.481,6.481,6.433,6.465,6.455,510060.0,10238288500.0,0.0,0.0,-0.05,-0.0161,-0.2481
SSI,2016-11-24,15:11:01,HOSE,STOCK,20.25,21.65,18.85,20.2,20.25,20.15,20.15,20.2,6.497,6.513,6.481,6.481,6.497,404940.0,8178042000.0,0.0,0.0,-0.1,-0.0322,-0.4938
SSI,2016-11-23,15:11:02,HOSE,STOCK,20.3,21.7,18.9,20.4,20.4,20.2,20.25,20.31,6.562,6.562,6.497,6.513,6.533,544830.0,11064869000.0,0.0,0.0,-0.05,-0.0161,-0.2463
SSI,2016-11-22,15:11:01,HOSE,STOCK,20.05,21.45,18.65,20.15,20.45,20.1,20.3,20.29,6.481,6.578,6.465,6.529,6.526,929250.0,18851992000.0,0.0,0.0,0.25,0.0804,1.2469
SSI,2016-11-21,15:11:01,HOSE,STOCK,20.0,21.4,18.6,20.0,20.15,19.95,20.05,20.01,6.433,6.481,6.417,6.449,6.436,645260.0,12911169500.0,0.0,0.0,0.05,0.0161,0.25
SSI,2016-11-18,15:11:02,HOSE,STOCK,20.15,21.55,18.75,20.15,20.2,19.95,20.0,20.02,6.481,6.497,6.417,6.433,6.439,992700.0,19872731500.0,0.0,0.0,-0.15,-0.0482,-0.7444
SSI,2016-11-17,15:11:02,HOSE,STOCK,20.3,21.7,18.9,20.3,20.35,20.1,20.15,20.18,6.529,6.545,6.465,6.481,6.491,809040.0,16324072000.0,0.0,0.0,-0.15,-0.0482,-0.7389
SSI,2016-11-16,15:11:01,HOSE,STOCK,20.35,21.75,18.95,20.4,20.4,20.25,20.3,20.34,6.562,6.562,6.513,6.529,6.542,551540.0,11217567500.0,0.0,0.0,-0.05,-0.0161,-0.2457
SSI,2016-11-15,15:11:01,HOSE,STOCK,20.1,21.5,18.7,20.25,20.35,20.1,20.35,20.26,6.513,6.545,6.465,6.545,6.517,604430.0,12244033000.0,0.0,0.0,0.25,0.0804,1.2438
SSI,2016-11-14,15:11:01,HOSE,STOCK,20.5,21.9,19.1,20.35,20.4,20.05,20.1,20.2,6.545,6.562,6.449,6.465,6.497,1346720.0,27201385000.0,0.0,0.0,-0.4,-0.1287,-1.9512
SSI,2016-11-11,15:11:01,HOSE,STOCK,20.65,22.05,19.25,20.5,20.65,20.5,20.5,20.54,6.594,6.642,6.594,6.594,6.607,548200.0,11258341500.0,0.0,0.0,-0.15,-0.0482,-0.7264
SSI,2016-11-10,15:11:01,HOSE,STOCK,20.35,21.75,18.95,20.6,20.7,20.5,20.65,20.63,6.626,6.658,6.594,6.642,6.636,1131470.0,23344552500.0,0.0,0.0,0.3,0.0965,1.4742
SSI,2016-11-09,15:11:01,HOSE,STOCK,20.65,22.05,19.25,20.55,20.75,19.5,20.35,20.12,6.61,6.674,6.272,6.545,6.471,2236680.0,44996504500.0,0.0,0.0,-0.3,-0.0965,-1.4528
SSI,2016-11-08,15:11:01,HOSE,STOCK,20.65,22.05,19.25,20.7,20.9,20.6,20.65,20.75,6.658,6.722,6.626,6.642,6.674,512140.0,10627047000.0,0.0,0.0,0.0,0.0,0.0
SSI,2016-11-07,15:11:02,HOSE,STOCK,20.2,21.6,18.8,20.3,20.7,20.25,20.65,20.52,6.529,6.658,6.513,6.642,6.6,779200.0,15987927500.0,0.0,0.0,0.45,0.1447,2.2277
SSI,2016-11-04,15:11:02,HOSE,STOCK,20.45,21.85,19.05,20.45,20.55,20.2,20.2,20.33,6.578,6.61,6.497,6.497,6.539,696310.0,14155864500.0,0.0,0.0,-0.25,-0.0804,-1.2225
SSI,2016-11-03,15:11:01,HOSE,STOCK,20.8,22.25,19.35,20.8,20.8,20.3,20.45,20.45,6.69,6.69,6.529,6.578,6.578,1421660.0,29076964500.0,0.0,0.0,-0.35,-0.1126,-1.6827
SSI,2016-11-02,15:11:01,HOSE,STOCK,20.85,22.3,19.4,20.85,20.95,20.8,20.8,20.82,6.706,6.738,6.69,6.69,6.697,810120.0,16866789500.0,0.0,0.0,-0.05,-0.0161,-0.2398
SSI,2016-11-01,15:11:01,HOSE,STOCK,21.05,22.5,19.6,21.0,21.1,20.85,20.85,20.95,6.755,6.787,6.706,6.706,6.738,646110.0,13537944000.0,0.0,0.0,-0.2,-0.0643,-0.9501
SSI,2016-10-31,15:10:01,HOSE,STOCK,20.8,22.25,19.35,20.9,21.2,20.9,21.05,21.04,6.722,6.819,6.722,6.771,6.767,1425890.0,29997061000.0,0.0,0.0,0.25,0.0804,1.2019
SSI,2016-10-28,15:10:01,HOSE,STOCK,20.8,22.25,19.35,20.8,20.9,20.8,20.8,20.84,6.69,6.722,6.69,6.69,6.703,1275060.0,26573965000.0,0.0,0.0,0.0,0.0,0.0
SSI,2016-10-27,15:10:02,HOSE,STOCK,20.8,22.25,19.35,20.85,20.95,20.75,20.8,20.84,6.706,6.738,6.674,6.69,6.703,990620.0,20647386500.0,0.0,0.0,0.0,0.0,0.0
SSI,2016-10-26,15:10:01,HOSE,STOCK,21.15,22.6,19.7,21.05,21.2,20.75,20.8,20.89,6.771,6.819,6.674,6.69,6.719,1601930.0,33459609000.0,0.0,0.0,-0.35,-0.1126,-1.6548
SSI,2016-10-25,15:10:01,HOSE,STOCK,21.1,22.55,19.65,21.1,21.4,20.95,21.15,21.11,6.787,6.883,6.738,6.803,6.79,2115390.0,44661455000.0,0.0,0.0,0.05,0.0161,0.237
SSI,2016-10-24,15:10:01,HOSE,STOCK,21.55,23.05,20.05,21.55,21.55,21.1,21.1,21.35,6.931,6.931,6.787,6.787,6.867,891270.0,19025375000.0,0.0,0.0,-0.45,-0.1447,-2.0882
SSI,2016-10-21,15:10:01,HOSE,STOCK,21.25,22.7,19.8,21.8,21.95,21.3,21.55,21.71,7.012,7.06,6.851,6.931,6.983,2914690.0,63283154000.0,0.0,0.0,0.3,0.0965,1.4118
SSI,2016-10-20,15:10:02,HOSE,STOCK,21.25,22.7,19.8,21.3,21.45,21.2,21.25,21.36,6.851,6.899,6.819,6.835,6.87,1084380.0,23157447500.0,0.0,0.0,0.0,0.0,0.0
SSI,2016-10-19,15:10:02,HOSE,STOCK,21.1,22.55,19.65,21.1,21.35,21.1,21.25,21.21,6.787,6.867,6.787,6.835,6.822,1316350.0,27919604500.0,0.0,0.0,0.15,0.0482,0.7109
SSI,2016-10-18,15:10:01,HOSE,STOCK,21.2,22.65,19.75,21.2,21.2,20.95,21.1,21.07,6.819,6.819,6.738,6.787,6.777,957160.0,20169867000.0,0.0,0.0,-0.1,-0.0322,-0.4717
SSI,2016-10-17,15:10:02,HOSE,STOCK,21.25,22.7,19.8,21.3,21.3,21.1,21.2,21.19,6.851,6.851,6.787,6.819,6.816,906920.0,19216081000.0,0.0,0.0,-0.05,-0.0161,-0.2353
SSI,2016-10-14,15:10:01,HOSE,STOCK,21.3,22.75,19.85,21.25,21.5,21.25,21.25,21.38,6.835,6.915,6.835,6.835,6.877,881320.0,18842899000.0,0.0,0.0,-0.05,-0.0161,-0.2347
SSI,2016-10-13,15:10:01,HOSE,STOCK,21.15,22.6,19.7,21.05,21.3,20.9,21.3,21.06,6.771,6.851,6.722,6.851,6.774,1438930.0,30303985000.0,0.0,0.0,0.15,0.0482,0.7092
SSI,2016-10-12,15:10:02,HOSE,STOCK,21.35,22.8,19.9,21.4,21.45,21.15,21.15,21.253,6.883,6.899,6.803,6.803,6.836,693230.0,14733370500.0,0.0,0.0,-0.2,-0.0643,-0.9368
SSI,2016-10-11,15:10:02,HOSE,STOCK,21.3,22.75,19.85,21.6,21.6,21.1,21.35,21.35,6.948,6.948,6.787,6.867,6.867,1443680.0,30819390500.0,0.0,0.0,0.05,0.0161,0.2347
SSI,2016-10-10,15:10:01,HOSE,STOCK,22.3,23.85,20.75,22.1,22.6,22.1,22.3,22.35,6.79,6.943,6.79,6.851,6.867,1728140.0,38620348500.0,0.0,0.0,0.0,0.0,0.0
SSI,2016-10-07,15:10:01,HOSE,STOCK,22.4,23.95,20.85,22.5,22.5,22.0,22.3,22.21,6.913,6.913,6.759,6.851,6.824,1672120.0,37135419000.0,0.0,0.0,-0.1,-0.0307,-0.4464
SSI,2016-10-06,15:10:01,HOSE,STOCK,22.65,24.2,21.1,22.75,22.75,22.35,22.4,22.55,6.99,6.99,6.867,6.882,6.928,2161880.0,48743702500.0,0.0,0.0,-0.25,-0.0768,-1.1038
SSI,2016-10-05,15:10:01,HOSE,STOCK,22.6,24.15,21.05,22.6,23.0,22.55,22.65,22.7,6.943,7.066,6.928,6.959,6.974,1055310.0,23953603500.0,0.0,0.0,0.05,0.0154,0.2212
SSI,2016-10-04,15:10:01,HOSE,STOCK,22.4,23.95,20.85,22.4,22.75,22.4,22.6,22.59,6.882,6.99,6.882,6.943,6.94,1606960.0,36307700500.0,0.0,0.0,0.2,0.0614,0.8929
SSI,2016-10-03,15:10:01,HOSE,STOCK,22.3,23.85,20.75,22.4,22.7,22.35,22.4,22.5,6.882,6.974,6.867,6.882,6.913,1691380.0,38055857500.0,0.0,0.0,0.1,0.0307,0.4484
SSI,2016-09-30,15:09:01,HOSE,STOCK,22.3,23.85,20.75,22.3,22.4,22.2,22.3,22.32,6.851,6.882,6.821,6.851,6.857,1781390.0,39766749000.0,0.0,0.0,0.0,0.0,0.0
SSI,2016-09-29,15:09:01,HOSE,STOCK,22.4,23.95,20.85,22.5,22.55,22.3,22.3,22.42,6.913,6.928,6.851,6.851,6.888,1861150.0,41736016500.0,0.0,0.0,-0.1,-0.0307,-0.4464
SSI,2016-09-28,15:09:01,HOSE,STOCK,21.95,23.45,20.45,22.1,22.4,22.05,22.4,22.24,6.79,6.882,6.775,6.882,6.833,2452100.0,54528210500.0,0.0,0.0,0.45,0.1383,2.0501
SSI,2016-09-27,15:09:01,HOSE,STOCK,21.8,23.3,20.3,21.8,21.95,21.75,21.95,21.88,6.698,6.744,6.682,6.744,6.722,990300.0,21664304500.0,0.0,0.0,0.15,0.0461,0.6881
SSI,2016-09-26,15:09:01,HOSE,STOCK,21.6,23.1,20.1,21.6,21.9,21.5,21.8,21.67,6.636,6.728,6.606,6.698,6.658,1115310.0,24171391000.0,0.0,0.0,0.2,0.0614,0.9259
SSI,2016-09-23,15:09:01,HOSE,STOCK,21.85,23.35,20.35,21.85,22.1,21.6,21.6,21.83,6.713,6.79,6.636,6.636,6.707,2107710.0,46020619000.0,0.0,0.0,-0.25,-0.0768,-1.1442
SSI,2016-09-22,15:09:01,HOSE,STOCK,21.85,23.35,20.35,22.0,22.2,21.7,21.85,21.98,6.759,6.821,6.667,6.713,6.753,2182580.0,47963333000.0,0.0,0.0,0.0,0.0,0.0
SSI,2016-09-21,15:09:01,HOSE,STOCK,21.55,23.05,20.05,21.7,21.9,21.6,21.85,21.81,6.667,6.728,6.636,6.713,6.701,2543800.0,55486012000.0,0.0,0.0,0.3,0.0922,1.3921
SSI,2016-09-20,15:09:01,HOSE,STOCK,21.45,22.95,19.95,21.45,21.7,21.2,21.55,21.55,6.59,6.667,6.513,6.621,6.621,1784010.0,38440353000.0,0.0,0.0,0.1,0.0307,0.4662
SSI,2016-09-19,15:09:02,HOSE,STOCK,20.8,22.25,19.35,21.0,21.5,21.0,21.45,21.37,6.452,6.606,6.452,6.59,6.566,1667500.0,35626767500.0,0.0,0.0,0.65,0.1997,3.125
SSI,2016-09-16,15:09:01,HOSE,STOCK,20.8,22.25,19.35,20.8,21.0,20.7,20.8,20.81,6.39,6.452,6.36,6.39,6.394,4373810.0,91005774000.0,0.0,0.0,0.0,0.0,0.0
SSI,2016-09-15,15:09:01,HOSE,STOCK,21.0,22.45,19.55,21.0,21.05,20.8,20.8,20.86,6.452,6.467,6.39,6.39,6.409,1797440.0,37490760000.0,0.0,0.0,-0.2,-0.0614,-0.9524
SSI,2016-09-14,15:09:01,HOSE,STOCK,21.1,22.55,19.65,21.0,21.1,21.0,21.0,21.05,6.452,6.483,6.452,6.452,6.467,1518240.0,31953785500.0,0.0,0.0,-0.1,-0.0307,-0.4739
SSI,2016-09-13,15:09:01,HOSE,STOCK,21.3,22.75,19.85,21.2,21.45,21.05,21.1,21.2,6.513,6.59,6.467,6.483,6.513,1315090.0,27883553000.0,0.0,0.0,-0.2,-0.0615,-0.939
SSI,2016-09-12,15:09:01,HOSE,STOCK,21.6,23.1,20.1,21.6,21.7,21.25,21.3,21.33,6.636,6.667,6.529,6.544,6.553,1366170.0,29146603500.0,0.0,0.0,-0.3,-0.0922,-1.3889
SSI,2016-09-09,15:09:01,HOSE,STOCK,21.3,22.7,19.9,21.4,21.8,21.3,21.6,21.57,6.575,6.698,6.544,6.636,6.627,1987290.0,42862554000.0,0.0,0.0,0.3,0.0922,1.4085
SSI,2016-09-08,15:09:01,HOSE,STOCK,21.3,22.7,19.9,21.2,21.5,21.2,21.3,21.32,6.513,6.606,6.513,6.544,6.55,729210.0,15547380000.0,0.0,0.0,0.0,0.0,0.0
SSI,2016-09-07,15:09:01,HOSE,STOCK,21.1,22.5,19.7,21.2,21.3,21.1,21.3,21.2,6.513,6.544,6.483,6.544,6.513,770830.0,16342470000.0,0.0,0.0,0.2,0.0614,0.9479
SSI,2016-09-06,15:09:01,HOSE,STOCK,21.1,22.5,19.7,21.1,21.3,21.1,21.1,21.17,6.483,6.544,6.483,6.483,6.504,1094990.0,23179699000.0,0.0,0.0,0.0,0.0,0.0
SSI,2016-09-05,15:09:01,HOSE,STOCK,21.4,22.8,20.0,21.4,21.5,21.1,21.1,21.2,6.575,6.606,6.483,6.483,6.513,1036600.0,21979377000.0,0.0,0.0,-0.3,-0.0922,-1.4019
SSI,2016-09-01,15:09:01,HOSE,STOCK,21.4,22.8,20.0,21.5,21.6,21.3,21.4,21.4,6.606,6.636,6.544,6.575,6.575,940150.0,20121387000.0,0.0,0.0,0.0,0.0,0.0
SSI,2016-08-31,15:08:02,HOSE,STOCK,21.1,22.5,19.7,21.2,21.5,21.1,21.4,21.39,6.513,6.606,6.483,6.575,6.572,1793190.0,38348785000.0,0.0,0.0,0.3,0.0922,1.4218
SSI,2016-08-30,15:08:01,HOSE,STOCK,21.4,22.8,20.0,21.4,21.5,21.1,21.1,21.3,6.575,6.606,6.483,6.483,6.544,1671650.0,35609983000.0,0.0,0.0,-0.3,-0.0922,-1.4019
SSI,2016-08-29,15:08:01,HOSE,STOCK,21.7,23.2,20.2,21.8,21.9,21.4,21.4,21.68,6.698,6.728,6.575,6.575,6.661,1086380.0,23552621000.0,0.0,0.0,-0.3,-0.0922,-1.3825
SSI,2016-08-26,15:08:01,HOSE,STOCK,21.4,22.8,20.0,21.5,22.0,21.5,21.7,21.74,6.606,6.759,6.606,6.667,6.679,1410980.0,30673736000.0,0.0,0.0,0.3,0.0922,1.4019
SSI,2016-08-25,15:08:02,HOSE,STOCK,21.5,23.0,20.0,21.5,21.5,21.3,21.4,21.45,6.606,6.606,6.544,6.575,6.59,862420.0,18502118000.0,0.0,0.0,-0.1,-0.0307,-0.4651
SSI,2016-08-24,15:08:02,HOSE,STOCK,21.6,23.1,20.1,21.5,21.8,21.5,21.5,21.66,6.606,6.698,6.606,6.606,6.655,569770.0,12343022000.0,0.0,0.0,-0.1,-0.0307,-0.463
SSI,2016-08-23,15:08:01,HOSE,STOCK,21.4,22.8,20.0,21.6,21.7,21.5,21.6,21.59,6.636,6.667,6.606,6.636,6.633,681420.0,14709792000.0,0.0,0.0,0.2,0.0614,0.9346
SSI,2016-08-22,15:08:02,HOSE,STOCK,21.7,23.2,20.2,21.6,21.8,21.4,21.4,21.55,6.636,6.698,6.575,6.575,6.621,2166960.0,46705933000.0,0.0,0.0,-0.3,-0.0922,-1.3825
SSI,2016-08-19,15:08:01,HOSE,STOCK,22.1,23.6,20.6,22.2,22.2,21.7,21.7,21.89,6.821,6.821,6.667,6.667,6.725,1554910.0,34037699000.0,0.0,0.0,-0.4,-0.1229,-1.81
SSI,2016-08-18,15:08:01,HOSE,STOCK,22.4,23.9,20.9,22.3,22.5,22.1,22.1,22.23,6.851,6.913,6.79,6.79,6.83,1293350.0,28746549000.0,0.0,0.0,-0.3,-0.0922,-1.3393
SSI,2016-08-17,15:08:01,HOSE,STOCK,22.4,23.9,20.9,22.4,22.5,22.1,22.4,22.29,6.882,6.913,6.79,6.882,6.848,1286840.0,28681279000.0,0.0,0.0,0.0,0.0,0.0
SSI,2016-08-16,15:08:02,HOSE,STOCK,21.9,23.4,20.4,22.0,22.6,22.0,22.4,22.42,6.759,6.943,6.759,6.882,6.888,2608310.0,58473053000.0,0.0,0.0,0.5,0.1536,2.2831
SSI,2016-08-15,15:08:01,HOSE,STOCK,21.8,23.3,20.3,21.8,22.0,21.7,21.9,21.85,6.698,6.759,6.667,6.728,6.713,808330.0,17665957000.0,0.0,0.0,0.1,0.0307,0.4587
SSI,2016-08-12,15:08:01,HOSE,STOCK,22.0,23.5,20.5,22.0,22.2,21.8,21.8,21.95,6.759,6.821,6.698,6.698,6.744,1016160.0,22303897000.0,0.0,0.0,-0.2,-0.0614,-0.9091
SSI,2016-08-11,15:08:01,HOSE,STOCK,21.7,23.2,20.2,21.8,22.1,21.8,22.0,21.97,6.698,6.79,6.698,6.759,6.75,2124090.0,46674780000.0,0.0,0.0,0.3,0.0922,1.3825
SSI,2016-08-10,15:08:02,HOSE,STOCK,21.4,22.8,20.0,21.4,22.0,21.4,21.7,21.78,6.575,6.759,6.575,6.667,6.692,1524630.0,33198865000.0,0.0,0.0,0.3,0.0922,1.4019
SSI,2016-08-09,15:08:01,HOSE,STOCK,21.4,22.8,20.0,21.3,21.6,21.2,21.4,21.47,6.544,6.636,6.513,6.575,6.596,840160.0,18038362000.0,0.0,0.0,0.0,0.0,0.0
SSI,2016-08-08,15:08:01,HOSE,STOCK,21.5,23.0,20.0,21.7,21.7,21.3,21.4,21.46,6.667,6.667,6.544,6.575,6.593,976490.0,20950695000.0,0.0,0.0,-0.1,-0.0307,-0.4651
SSI,2016-08-05,15:08:01,HOSE,STOCK,22.0,23.5,20.5,21.7,21.8,21.2,21.5,21.53,6.667,6.698,6.513,6.606,6.615,2224200.0,47883915000.0,0.0,0.0,-0.5,-0.1536,-2.2727
SSI,2016-08-04,15:08:01,HOSE,STOCK,22.2,23.7,20.7,22.3,22.5,21.7,22.0,22.14,6.851,6.913,6.667,6.759,6.802,1776550.0,39325466000.0,0.0,0.0,-0.2,-0.0614,-0.9009
SSI,2016-08-03,15:08:01,HOSE,STOCK,22.1,23.6,20.6,21.9,22.3,21.9,22.2,22.16,6.728,6.851,6.728,6.821,6.808,1425500.0,31585581000.0,0.0,0.0,0.1,0.0307,0.4525
SSI,2016-08-02,15:08:01,HOSE,STOCK,22.8,24.3,21.3,22.5,22.5,21.9,22.1,22.24,6.913,6.913,6.728,6.79,6.833,3504930.0,77966394000.0,0.0,0.0,-0.7,-0.2151,-3.0702
SSI,2016-08-01,15:08:01,HOSE,STOCK,22.9,24.5,21.3,23.0,23.0,22.5,22.8,22.79,7.066,7.066,6.913,7.005,7.002,791160.0,18029722000.0,0.0,0.0,-0.1,-0.0307,-0.4367
SSI,2016-07-29,15:07:01,HOSE,STOCK,23.2,24.8,21.6,23.1,23.5,22.9,22.9,23.21,7.097,7.22,7.036,7.036,7.131,1295130.0,30055429000.0,0.0,0.0,-0.3,-0.0922,-1.2931
SSI,2016-07-28,15:07:01,HOSE,STOCK,22.7,24.2,21.2,22.7,23.6,22.7,23.2,23.05,6.974,7.251,6.974,7.128,7.082,2509940.0,57860905000.0,0.0,0.0,0.5,0.1536,2.2026
SSI,2016-07-27,15:07:01,HOSE,STOCK,22.4,23.9,20.9,22.3,22.9,22.3,22.7,22.68,6.851,7.036,6.851,6.974,6.968,1834480.0,41600477000.0,0.0,0.0,0.3,0.0922,1.3393
SSI,2016-07-26,15:07:01,HOSE,STOCK,22.3,23.8,20.8,22.1,22.5,22.0,22.4,22.23,6.79,6.913,6.759,6.882,6.83,1418240.0,31526536000.0,0.0,0.0,0.1,0.0307,0.4484
SSI,2016-07-25,15:07:01,HOSE,STOCK,22.5,24.0,21.0,22.8,22.9,22.3,22.3,22.61,7.005,7.036,6.851,6.851,6.947,1256760.0,28409609000.0,0.0,0.0,-0.2,-0.0614,-0.8889
SSI,2016-07-22,15:07:01,HOSE,STOCK,23.0,24.6,21.4,22.5,22.8,22.2,22.5,22.46,6.913,7.005,6.821,6.913,6.9,4069580.0,91403632000.0,0.0,0.0,-0.5,-0.1536,-2.1739
SSI,2016-07-21,15:07:01,HOSE,STOCK,23.7,25.3,22.1,23.7,23.7,23.0,23.0,23.24,7.281,7.281,7.066,7.066,7.14,3986980.0,92671480000.0,0.0,0.0,-0.7,-0.2151,-2.9536
SSI,2016-07-20,15:07:01,HOSE,STOCK,24.1,25.7,22.5,24.2,24.3,23.6,23.7,23.87,7.435,7.466,7.251,7.281,7.334,2358760.0,56294036000.0,0.0,0.0,-0.4,-0.1229,-1.6598
SSI,2016-07-19,15:07:01,HOSE,STOCK,23.7,25.3,22.1,23.9,24.7,23.5,24.1,24.14,7.343,7.589,7.22,7.404,7.417,6465910.0,156066931000.0,0.0,0.0,0.4,0.1229,1.6878
SSI,2016-07-18,15:07:02,HOSE,STOCK,23.5,25.1,21.9,23.4,23.8,23.4,23.7,23.61,7.189,7.312,7.189,7.281,7.254,2342070.0,55298969000.0,0.0,0.0,0.2,0.0614,0.8511
SSI,2016-07-15,15:07:01,HOSE,STOCK,23.6,25.2,22.0,23.5,23.7,23.2,23.5,23.46,7.22,7.281,7.128,7.22,7.208,3453740.0,81029312000.0,0.0,0.0,-0.1,-0.0307,-0.4237
SSI,2016-07-14,15:07:01,HOSE,STOCK,24.1,25.7,22.5,24.2,24.2,23.6,23.6,23.94,7.435,7.435,7.251,7.251,7.355,4051720.0,97008943000.0,0.0,0.0,-0.5,-0.1536,-2.0747
SSI,2016-07-13,15:07:02,HOSE,STOCK,23.4,25.0,21.8,23.7,24.3,23.6,24.1,24.02,7.281,7.466,7.251,7.404,7.38,6090470.0,146295556000.0,0.0,0.0,0.7,0.2151,2.9915
SSI,2016-07-12,15:07:01,HOSE,STOCK,23.0,24.6,21.4,23.4,23.6,23.0,23.4,23.38,7.189,7.251,7.066,7.189,7.183,3720810.0,86987054000.0,0.0,0.0,0.4,0.1229,1.7391
SSI,2016-07-11,15:07:02,HOSE,STOCK,22.7,24.2,21.2,23.0,23.7,22.8,23.0,23.42,7.066,7.281,7.005,7.066,7.195,6262570.0,146684357000.0,0.0,0.0,0.3,0.0922,1.3216
SSI,2016-07-08,15:07:01,HOSE,STOCK,22.5,24.0,21.0,22.5,23.0,22.4,22.7,22.73,6.913,7.066,6.882,6.974,6.983,4640490.0,105463630000.0,0.0,0.0,0.2,0.0614,0.8889
SSI,2016-07-07,15:07:01,HOSE,STOCK,22.4,23.9,20.9,22.6,22.7,22.3,22.5,22.46,6.943,6.974,6.851,6.913,6.9,2820020.0,63345169000.0,0.0,0.0,0.1,0.0307,0.4464
SSI,2016-07-06,15:07:01,HOSE,STOCK,22.4,23.9,20.9,22.2,22.6,22.1,22.4,22.39,6.821,6.943,6.79,6.882,6.879,2502190.0,56017818000.0,0.0,0.0,0.0,0.0,0.0
SSI,2016-07-05,15:07:01,HOSE,STOCK,22.0,23.5,20.5,22.5,22.9,22.3,22.4,22.55,6.913,7.036,6.851,6.882,6.928,6599490.0,148802372000.0,0.0,0.0,0.4,0.1229,1.8182
SSI,2016-07-04,15:07:01,HOSE,STOCK,20.6,22.0,19.2,20.9,22.0,20.9,22.0,21.51,6.421,6.759,6.421,6.759,6.609,4427420.0,95227024000.0,0.0,0.0,1.4,0.4301,6.7961
SSI,2016-07-01,15:07:01,HOSE,STOCK,20.8,22.2,19.4,20.8,20.9,20.6,20.6,20.78,6.39,6.421,6.329,6.329,6.384,1189520.0,24718719000.0,0.0,0.0,-0.2,-0.0614,-0.9615
SSI,2016-06-30,15:06:01,HOSE,STOCK,20.9,22.3,19.5,20.9,21.1,20.5,20.8,20.79,6.421,6.483,6.298,6.39,6.387,1621390.0,33709646000.0,0.0,0.0,-0.1,-0.0307,-0.4785
SSI,2016-06-29,15:06:01,HOSE,STOCK,20.3,21.7,18.9,20.4,20.9,20.4,20.9,20.76,6.268,6.421,6.268,6.421,6.378,1542610.0,32018686000.0,0.0,0.0,0.6,0.1843,2.9557
SSI,2016-06-28,15:06:01,HOSE,STOCK,20.2,21.6,18.8,20.1,20.4,20.1,20.3,20.26,6.175,6.268,6.175,6.237,6.225,646550.0,13097190000.0,0.0,0.0,0.1,0.0307,0.495
SSI,2016-06-27,15:06:01,HOSE,STOCK,20.3,21.7,18.9,20.1,20.4,19.8,20.2,20.15,6.175,6.268,6.083,6.206,6.191,831540.0,16754572000.0,0.0,0.0,-0.1,-0.0307,-0.4926
SSI,2016-06-24,15:06:01,HOSE,STOCK,20.8,22.2,19.4,21.0,21.0,19.4,20.3,20.16,6.452,6.452,5.96,6.237,6.194,2650420.0,53444555000.0,0.0,0.0,-0.5,-0.1536,-2.4038
SSI,2016-06-23,15:06:01,HOSE,STOCK,20.8,22.2,19.4,20.7,21.0,20.7,20.8,20.86,6.36,6.452,6.36,6.39,6.409,1274080.0,26577188000.0,0.0,0.0,0.0,0.0,0.0
SSI,2016-06-22,15:06:01,HOSE,STOCK,20.9,22.3,19.5,20.9,21.0,20.7,20.8,20.85,6.421,6.452,6.36,6.39,6.406,1222010.0,25484372000.0,0.0,0.0,-0.1,-0.0307,-0.4785
SSI,2016-06-21,15:06:02,HOSE,STOCK,20.9,22.3,19.5,21.0,21.2,20.8,20.9,20.99,6.452,6.513,6.39,6.421,6.449,1059890.0,22245898000.0,0.0,0.0,0.0,0.0,0.0
SSI,2016-06-20,15:06:01,HOSE,STOCK,20.5,21.9,19.1,21.0,21.0,20.7,20.9,20.85,6.452,6.452,6.36,6.421,6.406,1028350.0,21442700000.0,0.0,0.0,0.4,0.1229,1.9512
SSI,2016-06-17,15:06:01,HOSE,STOCK,21.2,22.6,19.8,21.0,21.1,20.5,20.5,20.67,6.452,6.483,6.298,6.298,6.351,5363960.0,110882019000.0,0.0,0.0,-0.7,-0.2151,-3.3019
SSI,2016-06-16,15:06:02,HOSE,STOCK,21.2,22.6,19.8,21.2,21.5,21.1,21.2,21.26,6.513,6.606,6.483,6.513,6.532,1109590.0,23586273000.0,0.0,0.0,0.0,0.0,0.0
SSI,2016-06-15,15:06:01,HOSE,STOCK,21.5,23.0,20.0,21.3,21.4,21.1,21.2,21.22,6.544,6.575,6.483,6.513,6.52,1385030.0,29395503000.0,0.0,0.0,-0.3,-0.0922,-1.3953
SSI,2016-06-14,15:06:02,HOSE,STOCK,21.6,23.1,20.1,21.4,21.6,21.3,21.5,21.43,6.575,6.636,6.544,6.606,6.584,901450.0,19315221000.0,0.0,0.0,-0.1,-0.0307,-0.463
SSI,2016-06-13,15:06:01,HOSE,STOCK,22.0,23.5,20.5,21.7,21.9,21.5,21.6,21.68,6.667,6.728,6.606,6.636,6.661,1180020.0,25582018000.0,0.0,0.0,-0.4,-0.1229,-1.8182
SSI,2016-06-10,15:06:01,HOSE,STOCK,21.8,23.3,20.3,21.9,22.3,21.8,22.0,22.05,6.728,6.851,6.698,6.759,6.775,2808780.0,61943635000.0,0.0,0.0,0.2,0.0614,0.9174
SSI,2016-06-09,15:06:01,HOSE,STOCK,21.5,23.0,20.0,21.5,22.2,21.4,21.8,21.87,6.606,6.821,6.575,6.698,6.719,3854420.0,84289984000.0,0.0,0.0,0.3,0.0922,1.3953
SSI,2016-06-08,15:06:02,HOSE,STOCK,21.2,22.6,19.8,21.3,21.6,21.3,21.5,21.42,6.544,6.636,6.544,6.606,6.581,1455280.0,31178646000.0,0.0,0.0,0.3,0.0922,1.4151
SSI,2016-06-07,15:06:01,HOSE,STOCK,21.1,22.5,19.7,21.1,21.4,21.1,21.2,21.23,6.483,6.575,6.483,6.513,6.523,677330.0,14379588000.0,0.0,0.0,0.1,0.0307,0.4739
SSI,2016-06-06,15:06:01,HOSE,STOCK,21.3,22.7,19.9,21.2,21.4,21.0,21.1,21.16,6.513,6.575,6.452,6.483,6.501,974990.0,20626054000.0,0.0,0.0,-0.2,-0.0615,-0.939
SSI,2016-06-03,15:06:01,HOSE,STOCK,21.4,22.8,20.0,21.5,21.7,21.3,21.3,21.46,6.606,6.667,6.544,6.544,6.593,1096410.0,23528274000.0,0.0,0.0,-0.1,-0.0307,-0.4673
SSI,2016-06-02,15:06:01,HOSE,STOCK,21.3,22.7,19.9,21.3,21.4,21.1,21.4,21.27,6.544,6.575,6.483,6.575,6.535,1334860.0,28388572000.0,0.0,0.0,0.1,0.0307,0.4695
SSI,2016-06-01,15:06:01,HOSE,STOCK,21.5,23.0,20.0,21.4,22.0,21.3,21.3,21.61,6.575,6.759,6.544,6.544,6.639,1728430.0,37348791000.0,0.0,0.0,-0.2,-0.0614,-0.9302
SSI,2016-05-31,15:05:01,HOSE,STOCK,21.6,23.1,20.1,21.7,21.7,21.4,21.5,21.52,6.667,6.667,6.575,6.606,6.612,1434990.0,30875285000.0,0.0,0.0,-0.1,-0.0307,-0.463
SSI,2016-05-30,15:05:01,HOSE,STOCK,20.8,22.2,19.4,20.9,21.6,20.8,21.6,21.34,6.421,6.636,6.39,6.636,6.556,3324320.0,70931142000.0,0.0,0.0,0.8,0.2458,3.8462
SSI,2016-05-27,15:05:01,HOSE,STOCK,20.5,21.9,19.1,20.3,20.9,20.3,20.8,20.73,6.237,6.421,6.237,6.39,6.369,1666850.0,34551830000.0,0.0,0.0,0.3,0.0922,1.4634
SSI,2016-05-26,15:05:02,HOSE,STOCK,20.6,22.0,19.2,20.7,20.8,20.4,20.5,20.59,6.36,6.39,6.268,6.298,6.326,786180.0,16185962000.0,0.0,0.0,-0.1,-0.0307,-0.4854
SSI,2016-05-25,15:05:01,HOSE,STOCK,20.7,22.1,19.3,20.6,21.0,20.6,20.6,20.83,6.329,6.452,6.329,6.329,6.4,1697240.0,35359862000.0,0.0,0.0,-0.1,-0.0307,-0.4831
SSI,2016-05-24,15:05:01,HOSE,STOCK,20.8,22.2,19.4,20.6,20.8,20.5,20.7,20.61,6.329,6.39,6.298,6.36,6.332,577860.0,11907678000.0,0.0,0.0,-0.1,-0.0307,-0.4808
SSI,2016-05-23,15:05:01,HOSE,STOCK,20.7,22.1,19.3,20.7,20.8,20.5,20.8,20.62,6.36,6.39,6.298,6.39,6.335,541500.0,11165528000.0,0.0,0.0,0.1,0.0307,0.4831
SSI,2016-05-20,15:05:02,HOSE,STOCK,20.6,22.0,19.2,20.5,20.7,20.4,20.7,20.54,6.298,6.36,6.268,6.36,6.311,772070.0,15862157000.0,0.0,0.0,0.1,0.0307,0.4854
SSI,2016-05-19,15:05:01,HOSE,STOCK,20.7,22.1,19.3,20.6,20.7,20.5,20.6,20.6,6.329,6.36,6.298,6.329,6.329,632580.0,13030703000.0,0.0,0.0,-0.1,-0.0307,-0.4831
SSI,2016-05-18,15:05:02,HOSE,STOCK,20.8,22.2,19.4,20.8,20.9,20.5,20.7,20.69,6.39,6.421,6.298,6.36,6.357,988300.0,20446974000.0,0.0,0.0,-0.1,-0.0307,-0.4808
SSI,2016-05-17,15:05:01,HOSE,STOCK,20.6,22.0,19.2,20.9,20.9,20.6,20.8,20.77,6.421,6.421,6.329,6.39,6.381,1380160.0,28661480000.0,0.0,0.0,0.2,0.0614,0.9709
SSI,2016-05-16,15:05:01,HOSE,STOCK,20.2,21.6,18.8,20.2,20.7,20.0,20.6,20.35,6.206,6.36,6.145,6.329,6.252,2069630.0,42114212000.0,0.0,0.0,0.4,0.1229,1.9802
SSI,2016-05-13,15:05:01,HOSE,STOCK,20.4,21.8,19.0,20.3,20.4,20.0,20.2,20.18,6.237,6.268,6.145,6.206,6.2,1717600.0,34661417000.0,0.0,0.0,-0.2,-0.0614,-0.9804
SSI,2016-05-12,15:05:01,HOSE,STOCK,20.4,21.8,19.0,20.4,20.6,20.2,20.4,20.39,6.268,6.329,6.206,6.268,6.265,1717150.0,35019968000.0,0.0,0.0,0.0,0.0,0.0
SSI,2016-05-11,15:05:01,HOSE,STOCK,20.8,22.2,19.4,20.7,20.7,20.1,20.4,20.4,6.36,6.36,6.175,6.268,6.268,3356460.0,68476949000.0,0.0,0.0,-0.4,-0.1229,-1.9231
SSI,2016-05-10,15:05:01,HOSE,STOCK,21.2,22.6,19.8,21.0,21.1,20.8,20.8,20.92,6.452,6.483,6.39,6.39,6.427,1923510.0,40233101000.0,0.0,0.0,-0.4,-0.1229,-1.8868
SSI,2016-05-09,15:05:02,HOSE,STOCK,21.4,22.8,20.0,21.5,21.7,21.2,21.2,21.36,6.606,6.667,6.513,6.513,6.563,1094180.0,23366962000.0,0.0,0.0,-0.2,-0.0614,-0.9346
SSI,2016-05-06,15:05:01,HOSE,STOCK,21.4,22.8,20.0,21.3,21.7,21.3,21.4,21.49,6.544,6.667,6.544,6.575,6.602,999080.0,21466565000.0,0.0,0.0,0.0,0.0,0.0
SSI,2016-05-05,15:05:01,HOSE,STOCK,21.4,22.8,20.0,21.4,21.6,21.3,21.4,21.44,6.575,6.636,6.544,6.575,6.587,1019120.0,21852104000.0,0.0,0.0,0.0,0.0,0.0
SSI,2016-05-04,15:05:02,HOSE,STOCK,21.4,22.8,20.0,21.5,21.6,21.2,21.4,21.39,6.606,6.636,6.513,6.575,6.572,1398160.0,29900111000.0,0.0,0.0,0.0,0.0,0.0
SSI,2016-04-29,15:04:02,HOSE,STOCK,21.7,23.2,20.2,21.7,21.7,21.4,21.4,21.52,6.667,6.667,6.575,6.575,6.612,1978300.0,42571716000.0,0.0,0.0,-0.3,-0.0922,-1.3825
SSI,2016-04-28,15:04:01,HOSE,STOCK,21.9,23.4,20.4,21.9,21.9,21.5,21.7,21.71,6.728,6.728,6.606,6.667,6.67,1138920.0,24730828000.0,0.0,0.0,-0.2,-0.0614,-0.9132
SSI,2016-04-27,15:04:01,HOSE,STOCK,22.4,23.9,20.9,22.4,22.4,21.9,21.9,22.08,6.882,6.882,6.728,6.728,6.784,1448130.0,31977421000.0,0.0,0.0,-0.5,-0.1536,-2.2321
SSI,2016-04-26,15:04:01,HOSE,STOCK,22.1,23.6,20.6,22.0,22.4,21.9,22.4,22.23,6.759,6.882,6.728,6.882,6.83,3508360.0,77988153000.0,0.0,0.0,0.3,0.0922,1.3575
SSI,2016-04-25,15:04:01,HOSE,STOCK,21.5,23.0,20.0,21.7,22.2,21.7,22.1,21.93,6.667,6.821,6.667,6.79,6.738,4292840.0,94132998000.0,0.0,0.0,0.6,0.1843,2.7907
SSI,2016-04-22,15:04:02,HOSE,STOCK,21.2,22.6,19.8,21.2,21.5,21.2,21.5,21.38,6.513,6.606,6.513,6.606,6.569,1503600.0,32147348000.0,0.0,0.0,0.3,0.0922,1.4151
SSI,2016-04-21,15:04:01,HOSE,STOCK,21.2,22.6,19.8,21.5,21.5,21.1,21.2,21.24,6.606,6.606,6.483,6.513,6.526,1740550.0,36973807000.0,0.0,0.0,0.0,0.0,0.0
SSI,2016-04-20,15:04:01,HOSE,STOCK,21.3,22.7,19.9,21.5,21.5,20.9,21.2,21.26,6.606,6.606,6.421,6.513,6.532,2188050.0,46520495000.0,0.0,0.0,-0.1,-0.0307,-0.4695
SSI,2016-04-19,15:04:02,HOSE,STOCK,21.6,23.1,20.1,21.6,21.7,21.1,21.3,21.46,6.636,6.667,6.483,6.544,6.593,2583780.0,55450489000.0,0.0,0.0,-0.3,-0.0922,-1.3889
SSI,2016-04-15,15:04:01,HOSE,STOCK,21.7,23.2,20.2,21.8,22.0,21.6,21.6,21.75,6.698,6.759,6.636,6.636,6.682,1525590.0,33184946000.0,0.0,0.0,-0.1,-0.0307,-0.4608
SSI,2016-04-14,15:04:02,HOSE,STOCK,21.7,23.2,20.2,21.7,21.9,21.6,21.7,21.77,6.667,6.728,6.636,6.667,6.688,1749110.0,38083295000.0,0.0,0.0,0.0,0.0,0.0
SSI,2016-04-13,15:04:02,HOSE,STOCK,21.8,23.3,20.3,21.8,21.9,21.6,21.7,21.78,6.698,6.728,6.636,6.667,6.692,1777940.0,38729089000.0,0.0,0.0,-0.1,-0.0307,-0.4587
SSI,2016-04-12,15:04:01,HOSE,STOCK,21.9,23.4,20.4,21.9,22.0,21.8,21.8,21.87,6.728,6.759,6.698,6.698,6.719,1695110.0,37064234000.0,0.0,0.0,-0.1,-0.0307,-0.4566
SSI,2016-04-11,15:04:01,HOSE,STOCK,21.7,23.2,20.2,21.7,22.1,21.7,21.9,21.95,6.667,6.79,6.667,6.728,6.744,2214310.0,48613598000.0,0.0,0.0,0.2,0.0614,0.9217
SSI,2016-04-08,15:04:01,HOSE,STOCK,21.9,23.4,20.4,21.8,22.0,21.7,21.7,21.81,6.698,6.759,6.667,6.667,6.701,2195720.0,47881490000.0,0.0,0.0,-0.2,-0.0614,-0.9132
SSI,2016-04-07,15:04:02,HOSE,STOCK,21.8,23.3,20.3,21.9,22.1,21.8,21.9,21.92,6.728,6.79,6.698,6.728,6.735,1745780.0,38264495000.0,0.0,0.0,0.1,0.0307,0.4587
SSI,2016-04-06,15:04:01,HOSE,STOCK,21.7,23.2,20.2,21.7,21.9,21.7,21.8,21.78,6.667,6.728,6.667,6.698,6.692,1448590.0,31554289000.0,0.0,0.0,0.1,0.0307,0.4608
SSI,2016-04-05,15:04:02,HOSE,STOCK,21.3,22.7,19.9,21.3,21.7,21.3,21.7,21.57,6.544,6.667,6.544,6.667,6.627,1810570.0,39049109000.0,0.0,0.0,0.4,0.1229,1.8779
SSI,2016-04-04,15:04:01,HOSE,STOCK,21.2,22.6,19.8,21.2,21.4,21.0,21.3,21.288,6.513,6.575,6.452,6.544,6.54,1364350.0,29044000000.0,0.0,0.0,0.1,0.0307,0.4717
SSI,2016-04-01,15:04:02,HOSE,STOCK,21.1,22.5,19.7,21.1,21.3,20.9,21.2,21.05,6.483,6.544,6.421,6.513,6.467,1877190.0,39508927000.0,0.0,0.0,0.1,0.0307,0.4739
SSI,2016-03-31,15:03:01,HOSE,STOCK,21.3,22.7,19.9,21.3,21.5,21.0,21.1,21.27,6.544,6.606,6.452,6.483,6.535,2005320.0,42644266000.0,0.0,0.0,-0.2,-0.0615,-0.939
SSI,2016-03-30,15:03:02,HOSE,STOCK,21.1,22.5,19.7,21.0,21.5,21.0,21.3,21.2,6.452,6.606,6.452,6.544,6.513,2057640.0,43613104000.0,0.0,0.0,0.2,0.0614,0.9479
SSI,2016-03-29,15:03:01,HOSE,STOCK,21.6,23.1,20.1,21.6,21.6,20.9,21.1,21.24,6.636,6.636,6.421,6.483,6.526,4117880.0,87466874000.0,0.0,0.0,-0.5,-0.1536,-2.3148
SSI,2016-03-28,15:03:01,HOSE,STOCK,21.6,23.1,20.1,21.7,21.7,21.5,21.6,21.59,6.667,6.667,6.606,6.636,6.633,934420.0,20171970000.0,0.0,0.0,0.0,0.0,0.0
SSI,2016-03-25,15:03:01,HOSE,STOCK,21.8,23.3,20.3,21.8,22.0,21.4,21.6,21.64,6.698,6.759,6.575,6.636,6.649,1686730.0,36505303000.0,0.0,0.0,-0.2,-0.0614,-0.9174
SSI,2016-03-24,15:03:01,HOSE,STOCK,21.7,23.2,20.2,21.7,22.3,21.6,21.8,21.97,6.667,6.851,6.636,6.698,6.75,2916260.0,64059108000.0,0.0,0.0,0.1,0.0307,0.4608
SSI,2016-03-23,15:03:01,HOSE,STOCK,21.6,23.1,20.1,21.6,21.8,21.5,21.7,21.63,6.636,6.698,6.606,6.667,6.645,1966260.0,42525033000.0,0.0,0.0,0.1,0.0307,0.463
SSI,2016-03-22,15:03:01,HOSE,STOCK,22.0,23.5,20.5,22.0,22.1,21.6,21.6,21.79,6.759,6.79,6.636,6.636,6.695,1893670.0,41261979000.0,0.0,0.0,-0.4,-0.1229,-1.8182
SSI,2016-03-21,15:03:02,HOSE,STOCK,22.0,23.5,20.5,22.2,22.4,22.0,22.0,22.18,6.821,6.882,6.759,6.759,6.814,1879070.0,41673903000.0,0.0,0.0,0.0,0.0,0.0
SSI,2016-03-18,15:03:01,HOSE,STOCK,22.2,23.7,20.7,22.3,22.4,22.0,22.0,22.13,6.851,6.882,6.759,6.759,6.799,6334410.0,140151274000.0,0.0,0.0,-0.2,-0.0614,-0.9009
SSI,2016-03-17,15:03:02,HOSE,STOCK,22.3,23.8,20.8,22.5,22.6,22.2,22.2,22.4,6.913,6.943,6.821,6.821,6.882,1671800.0,37451032000.0,0.0,0.0,-0.1,-0.0307,-0.4484
SSI,2016-03-16,15:03:01,HOSE,STOCK,22.5,24.0,21.0,22.5,22.6,22.3,22.3,22.38,6.913,6.943,6.851,6.851,6.876,1566050.0,35044465000.0,0.0,0.0,-0.2,-0.0614,-0.8889
SSI,2016-03-15,15:03:02,HOSE,STOCK,22.7,24.2,21.2,22.7,22.8,22.4,22.5,22.56,6.974,7.005,6.882,6.913,6.931,1960410.0,44231016000.0,0.0,0.0,-0.2,-0.0614,-0.8811
SSI,2016-03-14,15:03:02,HOSE,STOCK,22.8,24.3,21.3,22.9,22.9,22.6,22.7,22.7,7.036,7.036,6.943,6.974,6.974,2321160.0,52700507000.0,0.0,0.0,-0.1,-0.0307,-0.4386
SSI,2016-03-11,15:03:01,HOSE,STOCK,22.9,24.5,21.3,22.9,23.0,22.7,22.8,22.86,7.036,7.066,6.974,7.005,7.023,2197080.0,50222040000.0,0.0,0.0,-0.1,-0.0307,-0.4367
SSI,2016-03-10,15:03:01,HOSE,STOCK,22.5,24.0,21.0,22.5,23.0,22.5,22.9,22.76,6.913,7.066,6.913,7.036,6.993,2111220.0,48047063000.0,0.0,0.0,0.4,0.1229,1.7778
SSI,2016-03-09,15:03:01,HOSE,STOCK,22.4,23.9,20.9,22.4,22.6,22.3,22.5,22.47,6.882,6.943,6.851,6.913,6.904,1487850.0,33437744000.0,0.0,0.0,0.1,0.0307,0.4464
SSI,2016-03-08,15:03:01,HOSE,STOCK,22.7,24.2,21.2,22.7,22.8,22.4,22.4,22.53,6.974,7.005,6.882,6.882,6.922,2719170.0,61272846000.0,0.0,0.0,-0.3,-0.0922,-1.3216
SSI,2016-03-07,15:03:01,HOSE,STOCK,22.8,24.3,21.3,22.8,23.0,22.7,22.7,22.8,7.005,7.066,6.974,6.974,7.005,2239800.0,51073491000.0,0.0,0.0,-0.1,-0.0307,-0.4386
SSI,2016-03-04,15:03:02,HOSE,STOCK,23.1,24.7,21.5,23.0,23.1,22.8,22.8,22.96,7.066,7.097,7.005,7.005,7.054,2761180.0,63394426000.0,0.0,0.0,-0.3,-0.0922,-1.2987
SSI,2016-03-03,15:03:02,HOSE,STOCK,23.2,24.8,21.6,23.3,23.4,22.9,23.1,23.11,7.159,7.189,7.036,7.097,7.1,3256240.0,75255315000.0,0.0,0.0,-0.1,-0.0307,-0.431
SSI,2016-03-02,15:03:02,HOSE,STOCK,22.7,24.2,21.2,22.8,23.3,22.8,23.2,23.08,7.005,7.159,7.005,7.128,7.091,4934030.0,113898432000.0,0.0,0.0,0.5,0.1536,2.2026
SSI,2016-03-01,15:03:02,HOSE,STOCK,22.5,24.0,21.0,22.5,22.9,22.5,22.7,22.71,6.913,7.036,6.913,6.974,6.977,2165530.0,49177015000.0,0.0,0.0,0.2,0.0614,0.8889
SSI,2016-02-29,15:02:02,HOSE,STOCK,22.5,24.0,21.0,22.5,22.8,22.5,22.5,22.67,6.913,7.005,6.913,6.913,6.965,1766130.0,40034120000.0,0.0,0.0,0.0,0.0,0.0
SSI,2016-02-26,15:02:02,HOSE,STOCK,22.4,23.9,20.9,22.5,22.7,22.3,22.5,22.53,6.913,6.974,6.851,6.913,6.922,1938460.0,43681005000.0,0.0,0.0,0.1,0.0307,0.4464
SSI,2016-02-25,15:02:02,HOSE,STOCK,22.8,24.3,21.3,22.8,22.9,22.3,22.4,22.53,7.005,7.036,6.851,6.882,6.922,4508900.0,101579903000.0,0.0,0.0,-0.4,-0.1229,-1.7544
SSI,2016-02-24,15:02:01,HOSE,STOCK,22.4,23.9,20.9,22.2,23.0,22.2,22.8,22.71,6.821,7.066,6.821,7.005,6.977,3131860.0,71134885000.0,0.0,0.0,0.4,0.1229,1.7857
SSI,2016-02-23,15:02:01,HOSE,STOCK,22.3,23.8,20.8,22.7,23.0,22.3,22.4,22.64,6.974,7.066,6.851,6.882,6.956,4567270.0,103392352000.0,0.0,0.0,0.1,0.0307,0.4484
SSI,2016-02-22,15:02:02,HOSE,STOCK,21.2,22.6,19.8,21.3,22.3,21.1,22.3,21.23,6.544,6.851,6.483,6.851,6.523,5858100.0,127819245000.0,0.0,0.0,1.1,0.3379,5.1887
SSI,2016-02-19,15:02:02,HOSE,STOCK,21.2,22.6,19.8,21.2,21.4,21.1,21.2,21.23,6.513,6.575,6.483,6.513,6.523,1886420.0,40057575000.0,0.0,0.0,0.0,0.0,0.0
SSI,2016-02-18,15:02:02,HOSE,STOCK,21.0,22.4,19.6,20.9,21.2,20.9,21.2,21.05,6.421,6.513,6.421,6.513,6.467,1917220.0,40352097000.0,0.0,0.0,0.2,0.0614,0.9524
SSI,2016-02-17,15:02:02,HOSE,STOCK,20.9,22.3,19.5,20.9,21.4,20.9,21.0,21.14,6.421,6.575,6.421,6.452,6.495,3541920.0,74882950000.0,0.0,0.0,0.1,0.0307,0.4785
SSI,2016-02-16,15:02:02,HOSE,STOCK,20.8,22.2,19.4,20.8,21.0,20.8,20.9,20.92,6.39,6.452,6.39,6.421,6.427,1705150.0,35670104000.0,0.0,0.0,0.1,0.0307,0.4808
SSI,2016-02-15,15:02:02,HOSE,STOCK,21.0,22.4,19.6,20.7,21.0,20.6,20.8,20.76,6.36,6.452,6.329,6.39,6.378,2791950.0,57956829000.0,0.0,0.0,-0.2,-0.0614,-0.9524
SSI,2016-02-05,15:02:01,HOSE,STOCK,20.6,22.0,19.2,20.6,21.3,20.5,21.0,20.98,6.329,6.544,6.298,6.452,6.446,3966490.0,83234331000.0,0.0,0.0,0.4,0.1229,1.9417
SSI,2016-02-04,15:02:02,HOSE,STOCK,20.4,21.8,19.0,20.4,20.7,20.4,20.6,20.53,6.268,6.36,6.268,6.329,6.308,1418510.0,29122990000.0,0.0,0.0,0.2,0.0614,0.9804
SSI,2016-02-03,15:02:02,HOSE,STOCK,20.3,21.7,18.9,20.1,20.5,20.0,20.4,20.25,6.175,6.298,6.145,6.268,6.221,1113320.0,22541417000.0,0.0,0.0,0.1,0.0307,0.4926
SSI,2016-02-02,15:02:02,HOSE,STOCK,20.3,21.7,18.9,20.1,20.4,20.1,20.3,20.27,6.175,6.268,6.175,6.237,6.228,1218740.0,24705024000.0,0.0,0.0,0.0,0.0,0.0
SSI,2016-02-01,15:02:02,HOSE,STOCK,20.5,21.9,19.1,20.6,20.7,20.3,20.3,20.43,6.329,6.36,6.237,6.237,6.277,1562130.0,31918621000.0,0.0,0.0,-0.2,-0.0614,-0.9756
SSI,2016-01-29,15:01:02,HOSE,STOCK,20.3,21.7,18.9,20.3,20.6,20.2,20.5,20.4,6.237,6.329,6.206,6.298,6.268,1215980.0,24802304000.0,0.0,0.0,0.2,0.0614,0.9852
SSI,2016-01-28,15:01:02,HOSE,STOCK,20.5,21.9,19.1,20.5,20.7,20.3,20.3,20.41,6.298,6.36,6.237,6.237,6.271,1534940.0,31334962000.0,0.0,0.0,-0.2,-0.0614,-0.9756
SSI,2016-01-27,15:01:02,HOSE,STOCK,20.3,21.7,18.9,20.5,20.8,20.5,20.5,20.64,6.298,6.39,6.298,6.298,6.341,1387190.0,28627114000.0,0.0,0.0,0.2,0.0614,0.9852
SSI,2016-01-26,15:01:02,HOSE,STOCK,20.9,22.3,19.5,20.3,20.7,20.1,20.3,20.39,6.237,6.36,6.175,6.237,6.265,1832860.0,37373578000.0,0.0,0.0,-0.6,-0.1843,-2.8708
SSI,2016-01-25,15:01:01,HOSE,STOCK,19.6,20.9,18.3,20.0,20.9,19.9,20.9,20.63,6.145,6.421,6.114,6.421,6.338,4101660.0,84622557000.0,0.0,0.0,1.3,0.3994,6.6327
SSI,2016-01-22,15:01:01,HOSE,STOCK,19.0,20.3,17.7,19.4,19.6,19.0,19.6,19.35,5.96,6.022,5.837,6.022,5.945,2494970.0,48265521000.0,0.0,0.0,0.6,0.1843,3.1579
SSI,2016-01-21,15:01:02,HOSE,STOCK,19.2,20.5,17.9,19.2,19.4,18.9,19.0,19.15,5.899,5.96,5.807,5.837,5.884,2249060.0,43070472000.0,0.0,0.0,-0.2,-0.0614,-1.0417
SSI,2016-01-20,15:01:01,HOSE,STOCK,19.3,20.6,18.0,19.4,19.5,19.1,19.2,19.26,5.96,5.991,5.868,5.899,5.917,1239520.0,23869344000.0,0.0,0.0,-0.1,-0.0307,-0.5181
SSI,2016-01-19,15:01:02,HOSE,STOCK,19.1,20.4,17.8,19.1,19.5,19.1,19.3,19.29,5.868,5.991,5.868,5.93,5.927,2315540.0,44670608000.0,0.0,0.0,0.2,0.0615,1.0471
SSI,2016-01-18,15:01:02,HOSE,STOCK,19.8,21.1,18.5,19.1,19.5,18.6,19.1,18.99,5.868,5.991,5.715,5.868,5.834,4832670.0,91765428000.0,0.0,0.0,-0.7,-0.2151,-3.5354
SSI,2016-01-15,15:01:01,HOSE,STOCK,20.2,21.6,18.8,20.2,20.3,19.8,19.8,19.96,6.206,6.237,6.083,6.083,6.132,2085960.0,41636471000.0,0.0,0.0,-0.4,-0.1229,-1.9802
SSI,2016-01-14,15:01:16,HOSE,STOCK,20.7,21.6,18.8,20.4,20.5,19.8,20.2,20.07,6.268,6.298,6.083,6.206,6.166,3155970.0,63334384000.0,0.0,0.0,-0.5,-0.1536,-2.4155
SSI,2016-01-13,15:01:11,HOSE,STOCK,20.7,22.1,19.3,20.9,21.2,20.4,20.7,20.9,6.421,6.513,6.268,6.36,6.421,1721020.0,35966284000.0,0.0,0.0,0.0,0.0,0.0
SSI,2016-01-12,15:01:18,HOSE,STOCK,19.9,22.1,19.3,20.0,20.7,20.0,20.7,20.25,6.145,6.36,6.145,6.36,6.221,2131760.0,43175246000.0,0.0,0.0,0.8,0.2458,4.0201
SSI,2016-01-11,15:01:11,HOSE,STOCK,19.8,21.2,18.6,20.0,20.3,19.8,19.9,19.97,6.145,6.237,6.083,6.114,6.135,2644860.0,52810614000.0,0.0,0.0,0.1,0.0307,0.5051
SSI,2016-01-08,15:01:14,HOSE,STOCK,20.3,21.1,18.5,20.2,20.2,19.7,19.8,19.94,6.206,6.206,6.053,6.083,6.126,2369240.0,47252203000.0,0.0,0.0,-0.5,-0.1536,-2.4631
SSI,2016-01-07,15:01:10,HOSE,STOCK,20.9,21.7,18.9,20.9,20.9,20.1,20.3,20.44,6.421,6.421,6.175,6.237,6.28,2847940.0,58210362000.0,0.0,0.0,-0.6,-0.1843,-2.8708
SSI,2016-01-06,16:01:51,HOSE,STOCK,20.9,22.3,19.5,21.2,21.3,20.7,20.9,21.0,6.513,6.544,6.36,6.421,6.452,1278950.0,26859261000.0,0.0,0.0,0.0,0.0,0.0
SSI,2016-01-05,15:01:15,HOSE,STOCK,21.7,22.3,19.5,21.3,21.7,20.9,20.9,21.22,6.544,6.667,6.421,6.421,6.52,2280930.0,48394955000.0,0.0,0.0,-0.8,-0.2458,-3.6866
SSI,2016-01-04,15:01:14,HOSE,STOCK,22.2,23.7,20.7,22.2,22.3,21.7,21.7,21.95,6.821,6.851,6.667,6.667,6.744,792410.0,17394153000.0,0.0,0.0,-0.5,-0.1536,-2.2523
SSI,2015-12-31,15:12:16,HOSE,STOCK,22.2,23.7,20.7,22.5,22.5,22.1,22.2,22.45,6.913,6.913,6.79,6.821,6.897,803870.0,17857929000.0,0.0,0.0,0.0,0.0,0.0
SSI,2015-12-30,16:12:20,HOSE,STOCK,22.3,23.8,20.8,22.3,22.6,22.3,22.4,22.45,6.851,6.943,6.851,6.882,6.897,1063370.0,23876326000.0,0.0,0.0,0.1,0.0307,0.4484
SSI,2015-12-29,15:12:11,HOSE,STOCK,22.0,23.8,20.8,22.1,22.4,21.8,22.3,22.06,6.79,6.882,6.698,6.851,6.778,802650.0,17703478000.0,0.0,0.0,0.3,0.0922,1.3636
SSI,2015-12-28,15:12:10,HOSE,STOCK,22.2,23.5,20.5,22.2,22.4,22.0,22.0,22.07,6.821,6.882,6.759,6.759,6.781,1052150.0,23219538000.0,0.0,0.0,-0.2,-0.0614,-0.9009
SSI,2015-12-25,15:12:10,HOSE,STOCK,22.2,23.7,20.7,22.2,22.4,22.0,22.2,22.2,6.821,6.882,6.759,6.821,6.821,1014020.0,22506222000.0,0.0,0.0,0.0,0.0,0.0
SSI,2015-12-24,15:12:13,HOSE,STOCK,22.4,23.7,20.7,22.5,22.5,22.2,22.2,22.27,6.913,6.913,6.821,6.821,6.842,889900.0,19821089000.0,0.0,0.0,-0.2,-0.0615,-0.8929
SSI,2015-12-23,15:12:14,HOSE,STOCK,22.5,23.9,20.9,22.5,22.7,22.3,22.4,22.45,6.913,6.974,6.851,6.882,6.897,566140.0,12710777000.0,0.0,0.0,-0.1,-0.0307,-0.4444
SSI,2015-12-22,15:12:25,HOSE,STOCK,22.6,24.0,21.0,22.6,22.8,22.5,22.5,22.58,6.943,7.005,6.913,6.913,6.937,1126230.0,25427422000.0,0.0,0.0,-0.1,-0.0307,-0.4425
SSI,2015-12-21,16:12:41,HOSE,STOCK,23.1,24.1,21.1,23.0,23.0,22.5,22.6,22.73,7.066,7.066,6.913,6.943,6.983,2024770.0,46016540000.0,0.0,0.0,-0.5,-0.1536,-2.1645
SSI,2015-12-18,15:12:19,HOSE,STOCK,22.8,24.7,21.5,22.8,23.1,22.7,23.1,23.08,7.005,7.097,6.974,7.097,7.091,18905770.0,436351174000.0,0.0,0.0,0.3,0.0922,1.3158
SSI,2015-12-17,15:12:54,HOSE,STOCK,22.9,24.3,21.3,23.1,23.1,22.8,22.8,22.94,7.097,7.097,7.005,7.005,7.048,627550.0,14398172000.0,0.0,0.0,-0.1,-0.0307,-0.4367
SSI,2015-12-16,15:12:08,HOSE,STOCK,23.1,24.5,21.3,23.2,23.3,22.9,22.9,23.07,7.128,7.159,7.036,7.036,7.088,773930.0,17852141000.0,0.0,0.0,-0.2,-0.0614,-0.8658
SSI,2015-12-15,15:12:14,HOSE,STOCK,22.9,24.7,21.5,23.0,23.3,22.9,23.1,23.07,7.066,7.159,7.036,7.097,7.088,2678080.0,61790840000.0,0.0,0.0,0.2,0.0614,0.8734
SSI,2015-12-14,15:12:09,HOSE,STOCK,22.4,24.5,21.3,23.0,23.2,22.7,22.9,22.92,7.066,7.128,6.974,7.036,7.042,3494550.0,80105348000.0,0.0,0.0,0.5,0.1536,2.2321
SSI,2015-12-11,15:12:08,HOSE,STOCK,22.6,23.9,20.9,22.5,22.8,22.4,22.4,22.6,6.913,7.005,6.882,6.882,6.943,1448270.0,32726101000.0,0.0,0.0,-0.2,-0.0614,-0.885
SSI,2015-12-10,15:12:28,HOSE,STOCK,22.6,24.1,21.1,22.7,22.8,22.6,22.6,22.64,6.974,7.005,6.943,6.943,6.956,1558860.0,35291993000.0,0.0,0.0,0.0,0.0,0.0
SSI,2015-12-09,15:12:59,HOSE,STOCK,23.1,24.1,21.1,23.1,23.2,22.6,22.6,22.82,7.097,7.128,6.943,6.943,7.011,1465550.0,33438872000.0,0.0,0.0,-0.5,-0.1536,-2.1645
SSI,2015-12-08,15:12:09,HOSE,STOCK,23.0,24.7,21.5,22.9,23.3,22.7,23.1,22.92,7.036,7.159,6.974,7.097,7.042,2111780.0,48393887000.0,0.0,0.0,0.1,0.0307,0.4348
SSI,2015-12-07,15:12:51,HOSE,STOCK,23.4,24.6,21.4,23.2,23.2,22.9,23.0,23.03,7.128,7.128,7.036,7.066,7.076,1855410.0,42732660000.0,0.0,0.0,-0.4,-0.1229,-1.7094
SSI,2015-12-04,15:12:07,HOSE,STOCK,23.1,25.0,21.8,23.1,23.4,23.1,23.4,23.24,7.097,7.189,7.097,7.189,7.14,1516430.0,35241056000.0,0.0,0.0,0.3,0.0922,1.2987
SSI,2015-12-03,15:12:10,HOSE,STOCK,22.9,24.7,21.5,22.8,23.7,22.8,23.1,23.35,7.005,7.281,7.005,7.097,7.174,3154180.0,73659399000.0,0.0,0.0,0.2,0.0614,0.8734
SSI,2015-12-02,15:12:07,HOSE,STOCK,22.8,24.5,21.3,22.8,23.2,22.8,22.9,23.05,7.005,7.128,7.005,7.036,7.082,1180980.0,27224494000.0,0.0,0.0,0.1,0.0307,0.4386
SSI,2015-12-01,15:12:32,HOSE,STOCK,22.7,24.3,21.3,22.9,23.1,22.7,22.8,22.88,7.036,7.097,6.974,7.005,7.03,1031070.0,23593436000.0,0.0,0.0,0.1,0.0307,0.4405
SSI,2015-11-30,15:11:07,HOSE,STOCK,23.0,24.2,21.2,22.9,23.0,22.6,22.7,22.8,7.036,7.066,6.943,6.974,7.005,1729310.0,39420101000.0,0.0,0.0,-0.3,-0.0922,-1.3043
SSI,2015-11-27,15:11:08,HOSE,STOCK,23.3,24.6,21.4,23.4,23.5,23.0,23.0,23.2,7.189,7.22,7.066,7.066,7.128,1945650.0,45143280000.0,0.0,0.0,-0.3,-0.0922,-1.2876
SSI,2015-11-26,15:11:08,HOSE,STOCK,23.6,24.9,21.7,23.5,23.7,23.3,23.3,23.47,7.22,7.281,7.159,7.159,7.211,1184480.0,27799098000.0,0.0,0.0,-0.3,-0.0922,-1.2712
SSI,2015-11-25,15:11:10,HOSE,STOCK,23.5,25.2,22.0,23.4,23.7,23.2,23.6,23.43,7.189,7.281,7.128,7.251,7.198,1408320.0,32991112000.0,0.0,0.0,0.1,0.0307,0.4255
SSI,2015-11-24,15:11:08,HOSE,STOCK,23.7,25.1,21.9,23.8,23.8,23.3,23.5,23.56,7.312,7.312,7.159,7.22,7.238,1298170.0,30579955000.0,0.0,0.0,-0.2,-0.0614,-0.8439
SSI,2015-11-23,15:11:19,HOSE,STOCK,23.3,25.3,22.1,23.5,24.0,23.4,23.7,23.79,7.22,7.374,7.189,7.281,7.309,2500700.0,59480780000.0,0.0,0.0,0.4,0.1229,1.7167
SSI,2015-11-20,15:11:08,HOSE,STOCK,23.2,24.9,21.7,23.2,23.5,23.1,23.3,23.26,7.128,7.22,7.097,7.159,7.146,2102380.0,48910721000.0,0.0,0.0,0.1,0.0307,0.431
SSI,2015-11-19,15:11:08,HOSE,STOCK,23.3,24.8,21.6,23.2,23.4,23.1,23.2,23.23,7.128,7.189,7.097,7.128,7.137,900300.0,20909943000.0,0.0,0.0,-0.1,-0.0307,-0.4292
SSI,2015-11-18,15:11:08,HOSE,STOCK,23.2,24.9,21.7,23.2,23.4,23.2,23.3,23.3,7.128,7.189,7.128,7.159,7.159,964970.0,22482663000.0,0.0,0.0,0.1,0.0307,0.431
SSI,2015-11-17,15:11:14,HOSE,STOCK,23.2,24.8,21.6,23.2,23.5,23.1,23.2,23.26,7.128,7.22,7.097,7.128,7.146,1931720.0,44926603000.0,0.0,0.0,0.0,0.0,0.0
SSI,2015-11-16,15:11:08,HOSE,STOCK,23.4,24.8,21.6,23.3,23.6,23.2,23.2,23.36,7.159,7.251,7.128,7.128,7.177,1369320.0,31982593000.0,0.0,0.0,-0.2,-0.0614,-0.8547
SSI,2015-11-13,15:11:35,HOSE,STOCK,23.3,25.0,21.8,23.4,23.6,23.2,23.4,23.42,7.189,7.251,7.128,7.189,7.195,1839910.0,43093175000.0,0.0,0.0,0.1,0.0307,0.4292
SSI,2015-11-12,16:11:10,HOSE,STOCK,23.2,24.9,21.7,23.2,23.3,22.8,23.3,23.07,7.128,7.159,7.005,7.159,7.088,2440250.0,56299602000.0,0.0,0.0,0.1,0.0307,0.431
SSI,2015-11-11,16:11:04,HOSE,STOCK,23.3,24.8,21.6,23.2,23.6,23.2,23.2,23.29,7.128,7.251,7.128,7.128,7.155,1412300.0,32897021000.0,0.0,0.0,-0.1,-0.0307,-0.4292
SSI,2015-11-10,15:11:07,HOSE,STOCK,23.6,24.9,21.7,23.6,23.7,23.3,23.3,23.45,7.251,7.281,7.159,7.159,7.205,1252240.0,29362979000.0,0.0,0.0,-0.3,-0.0922,-1.2712
SSI,2015-11-09,15:11:54,HOSE,STOCK,23.8,25.2,22.0,23.8,23.8,23.6,23.6,23.65,7.312,7.312,7.251,7.251,7.266,1172590.0,27729376000.0,0.0,0.0,-0.2,-0.0614,-0.8403
SSI,2015-11-06,15:11:08,HOSE,STOCK,24.2,25.4,22.2,24.2,24.2,23.8,23.8,23.99,7.435,7.435,7.312,7.312,7.371,1813960.0,43511441000.0,0.0,0.0,-0.4,-0.1229,-1.6529
SSI,2015-11-05,15:11:23,HOSE,STOCK,24.0,25.8,22.6,23.9,24.2,23.9,24.2,24.09,7.343,7.435,7.343,7.435,7.401,1790900.0,43145654000.0,0.0,0.0,0.2,0.0614,0.8333
SSI,2015-11-04,15:11:08,HOSE,STOCK,23.8,25.6,22.4,24.0,24.3,23.9,24.0,24.07,7.374,7.466,7.343,7.374,7.395,3023450.0,72782450000.0,0.0,0.0,0.2,0.0615,0.8403
SSI,2015-11-03,15:11:09,HOSE,STOCK,23.7,25.4,22.2,23.7,23.9,23.5,23.8,23.72,7.281,7.343,7.22,7.312,7.288,1097600.0,26040289000.0,0.0,0.0,0.1,0.0307,0.4219
SSI,2015-11-02,15:11:09,HOSE,STOCK,24.0,25.3,22.1,23.9,24.0,23.7,23.7,23.82,7.343,7.374,7.281,7.281,7.318,1328850.0,31651087000.0,0.0,0.0,-0.3,-0.0922,-1.25
SSI,2015-10-30,15:10:09,HOSE,STOCK,23.8,25.6,22.4,23.9,24.0,23.7,24.0,23.88,7.343,7.374,7.281,7.374,7.337,1981470.0,47310225000.0,0.0,0.0,0.2,0.0615,0.8403
SSI,2015-10-29,15:10:08,HOSE,STOCK,23.4,25.4,22.2,23.5,24.0,23.5,23.8,23.7,7.22,7.374,7.22,7.312,7.281,3228070.0,76507081000.0,0.0,0.0,0.4,0.1229,1.7094
SSI,2015-10-28,15:10:08,HOSE,STOCK,23.6,25.0,21.8,23.6,23.8,23.4,23.4,23.56,7.251,7.312,7.189,7.189,7.238,1611340.0,37959841000.0,0.0,0.0,-0.2,-0.0614,-0.8475
SSI,2015-10-27,15:10:45,HOSE,STOCK,23.7,25.2,22.0,23.7,23.8,23.6,23.6,23.67,7.281,7.312,7.251,7.251,7.272,1534570.0,36325776000.0,0.0,0.0,-0.1,-0.0307,-0.4219
SSI,2015-10-26,15:10:10,HOSE,STOCK,24.0,25.3,22.1,24.1,24.2,23.7,23.7,23.9,7.404,7.435,7.281,7.281,7.343,2016350.0,48184276000.0,0.0,0.0,-0.3,-0.0922,-1.25
SSI,2015-10-23,15:10:10,HOSE,STOCK,23.9,25.6,22.4,24.1,24.3,24.0,24.0,24.08,7.404,7.466,7.374,7.374,7.398,2147870.0,51717287000.0,0.0,0.0,0.1,0.0307,0.4184
SSI,2015-10-22,15:10:08,HOSE,STOCK,23.7,25.5,22.3,23.6,23.9,23.6,23.9,23.8,7.251,7.343,7.251,7.343,7.312,1979000.0,47091453000.0,0.0,0.0,0.2,0.0614,0.8439
SSI,2015-10-21,15:10:08,HOSE,STOCK,23.8,25.3,22.1,23.9,24.1,23.6,23.7,23.86,7.343,7.404,7.251,7.281,7.331,2217170.0,52900836000.0,0.0,0.0,-0.1,-0.0307,-0.4202
SSI,2015-10-20,15:10:07,HOSE,STOCK,24.2,25.4,22.2,24.2,24.2,23.7,23.8,23.96,7.435,7.435,7.281,7.312,7.361,2186600.0,52391333000.0,0.0,0.0,-0.4,-0.1229,-1.6529
SSI,2015-10-19,15:10:08,HOSE,STOCK,24.3,25.8,22.6,24.3,24.5,24.2,24.2,24.29,7.466,7.527,7.435,7.435,7.463,1399960.0,34009154000.0,0.0,0.0,-0.1,-0.0307,-0.4115
SSI,2015-10-16,15:10:34,HOSE,STOCK,24.3,26.0,22.6,24.5,24.6,24.3,24.3,24.39,7.527,7.558,7.466,7.466,7.493,2420410.0,59033946000.0,0.0,0.0,0.0,0.0,0.0
SSI,2015-10-15,15:10:02,HOSE,STOCK,24.4,26.0,22.6,24.5,24.5,24.2,24.3,24.36,7.527,7.527,7.435,7.466,7.484,1762210.0,42928558000.0,0.0,0.0,-0.1,-0.0307,-0.4098
SSI,2015-10-14,15:10:02,HOSE,STOCK,24.4,26.1,22.7,24.4,24.6,24.3,24.4,24.43,7.497,7.558,7.466,7.497,7.506,1632520.0,39890146000.0,0.0,0.0,0.0,0.0,0.0
SSI,2015-10-13,15:10:02,HOSE,STOCK,24.6,26.1,22.7,24.4,24.7,24.4,24.4,24.53,7.497,7.589,7.497,7.497,7.536,2728310.0,66916485000.0,0.0,0.0,-0.2,-0.0615,-0.813
SSI,2015-10-12,15:10:03,HOSE,STOCK,24.3,26.3,22.9,24.2,24.8,24.2,24.6,24.6,7.435,7.619,7.435,7.558,7.558,4565850.0,112331818000.0,0.0,0.0,0.3,0.0922,1.2346
SSI,2015-10-09,15:10:03,HOSE,STOCK,24.7,26.0,22.6,24.7,24.8,24.3,24.3,24.54,7.589,7.619,7.466,7.466,7.54,3470560.0,85177060000.0,0.0,0.0,-0.4,-0.1229,-1.6194
SSI,2015-10-08,15:10:03,HOSE,STOCK,24.6,26.4,23.0,24.6,24.8,24.5,24.7,24.69,7.558,7.619,7.527,7.589,7.586,2505960.0,61867257000.0,0.0,0.0,0.1,0.0307,0.4065
SSI,2015-10-07,15:10:02,HOSE,STOCK,24.9,26.3,22.9,24.9,25.0,24.5,24.6,24.7,7.65,7.681,7.527,7.558,7.589,4415270.0,109048671000.0,0.0,0.0,-0.3,-0.0922,-1.2048
SSI,2015-10-06,15:10:03,HOSE,STOCK,23.4,26.6,23.2,24.0,25.0,23.8,24.9,24.33,7.374,7.681,7.312,7.65,7.475,8798970.0,214053373000.0,0.0,0.0,1.5,0.4608,6.4103
SSI,2015-10-05,15:10:02,HOSE,STOCK,23.2,25.0,21.8,23.2,23.7,23.2,23.4,23.48,7.128,7.281,7.128,7.189,7.214,2387810.0,56071236000.0,0.0,0.0,0.2,0.0614,0.8621
SSI,2015-10-02,15:10:03,HOSE,STOCK,23.5,24.8,21.6,23.5,23.6,23.2,23.2,23.38,7.22,7.251,7.128,7.128,7.183,1698650.0,39708402000.0,0.0,0.0,-0.3,-0.0922,-1.2766
SSI,2015-10-01,15:10:03,HOSE,STOCK,23.5,25.1,21.9,23.6,23.8,23.5,23.5,23.57,7.251,7.312,7.22,7.22,7.242,1666780.0,39283224000.0,0.0,0.0,0.0,0.0,0.0
SSI,2015-09-30,15:09:03,HOSE,STOCK,23.5,25.1,21.9,23.6,24.0,23.5,23.5,23.77,7.251,7.374,7.22,7.22,7.303,2358520.0,56054817000.0,0.0,0.0,0.0,0.0,0.0
SSI,2015-09-29,15:09:02,HOSE,STOCK,23.8,25.1,21.9,23.5,23.7,23.1,23.5,23.41,7.22,7.281,7.097,7.22,7.192,4404540.0,103107864000.0,0.0,0.0,-0.3,-0.0922,-1.2605
SSI,2015-09-28,15:09:02,HOSE,STOCK,24.4,25.4,22.2,24.4,24.5,23.8,23.8,24.09,7.497,7.527,7.312,7.312,7.401,2833710.0,68264383000.0,0.0,0.0,-0.6,-0.1843,-2.459
SSI,2015-09-25,15:09:03,HOSE,STOCK,24.5,26.1,22.7,24.6,24.6,24.2,24.4,24.35,7.558,7.558,7.435,7.497,7.481,1674610.0,40773712000.0,0.0,0.0,-0.1,-0.0307,-0.4082
SSI,2015-09-24,15:09:02,HOSE,STOCK,24.6,26.2,22.8,24.6,24.8,24.5,24.5,24.58,7.558,7.619,7.527,7.527,7.552,1352300.0,33244417000.0,0.0,0.0,-0.1,-0.0307,-0.4065
SSI,2015-09-23,15:09:03,HOSE,STOCK,24.7,26.3,22.9,24.6,24.8,24.4,24.6,24.59,7.558,7.619,7.497,7.558,7.555,2132540.0,52429590000.0,0.0,0.0,-0.1,-0.0307,-0.4049
SSI,2015-09-22,15:09:03,HOSE,STOCK,24.9,26.4,23.0,24.9,25.1,24.7,24.7,24.86,7.65,7.712,7.589,7.589,7.638,1642550.0,40831187000.0,0.0,0.0,-0.2,-0.0614,-0.8032
SSI,2015-09-21,15:09:02,HOSE,STOCK,24.9,26.6,23.2,24.9,25.0,24.7,24.9,24.86,7.65,7.681,7.589,7.65,7.638,1827020.0,45418367000.0,0.0,0.0,0.0,0.0,0.0
SSI,2015-09-18,15:09:03,HOSE,STOCK,24.6,26.6,23.2,24.9,25.1,24.8,24.9,24.93,7.65,7.712,7.619,7.65,7.659,3621790.0,90282284000.0,0.0,0.0,0.3,0.0922,1.2195
SSI,2015-09-17,15:09:03,HOSE,STOCK,24.5,26.3,22.9,24.7,24.7,24.5,24.6,24.58,7.589,7.589,7.527,7.558,7.552,1269840.0,31212834000.0,0.0,0.0,0.1,0.0307,0.4082
SSI,2015-09-16,15:09:02,HOSE,STOCK,24.7,26.2,22.8,24.6,24.9,24.5,24.5,24.68,7.558,7.65,7.527,7.527,7.583,1843350.0,45486890000.0,0.0,0.0,-0.2,-0.0614,-0.8097
SSI,2015-09-15,15:09:03,HOSE,STOCK,24.3,26.4,23.0,24.2,24.7,24.2,24.7,24.46,7.435,7.589,7.435,7.589,7.515,2919390.0,71394883000.0,0.0,0.0,0.4,0.1229,1.6461
SSI,2015-09-14,15:09:03,HOSE,STOCK,24.9,26.0,22.6,24.8,24.9,24.2,24.3,24.53,7.619,7.65,7.435,7.466,7.536,4280000.0,104971792000.0,0.0,0.0,-0.6,-0.1843,-2.4096
SSI,2015-09-11,15:09:02,HOSE,STOCK,25.4,26.6,23.2,25.4,25.6,24.9,24.9,25.18,7.804,7.865,7.65,7.65,7.736,2137100.0,53816792000.0,0.0,0.0,-0.5,-0.1536,-1.9685
SSI,2015-09-10,15:09:02,HOSE,STOCK,25.0,27.1,23.7,24.8,25.8,24.8,25.4,25.25,7.619,7.927,7.619,7.804,7.758,4008890.0,101216602000.0,0.0,0.0,0.4,0.1229,1.6
SSI,2015-09-09,15:09:02,HOSE,STOCK,25.2,26.7,23.3,25.5,25.5,25.0,25.0,25.24,7.834,7.834,7.681,7.681,7.755,2881230.0,72725649000.0,0.0,0.0,-0.2,-0.0614,-0.7937
SSI,2015-09-08,15:09:02,HOSE,STOCK,24.7,26.9,23.5,24.6,25.3,24.5,25.2,24.95,7.558,7.773,7.527,7.742,7.665,3423590.0,85407015000.0,0.0,0.0,0.5,0.1536,2.0243
SSI,2015-09-07,15:09:02,HOSE,STOCK,24.5,26.4,23.0,24.6,25.0,24.5,24.7,24.72,7.558,7.681,7.527,7.589,7.595,2549010.0,63017619000.0,0.0,0.0,0.2,0.0614,0.8163
SSI,2015-09-04,15:09:02,HOSE,STOCK,24.6,26.2,22.8,24.6,24.9,24.5,24.5,24.64,7.558,7.65,7.527,7.527,7.57,2550350.0,62829350000.0,0.0,0.0,-0.1,-0.0307,-0.4065
SSI,2015-09-03,15:09:03,HOSE,STOCK,25.8,26.3,22.9,25.5,25.8,24.6,24.6,25.05,7.834,7.927,7.558,7.558,7.696,5406640.0,135432693000.0,0.0,0.0,-1.2,-0.3687,-4.6512
SSI,2015-09-01,15:09:03,HOSE,STOCK,25.9,27.6,24.0,26.0,26.1,25.5,25.8,25.77,7.988,8.019,7.834,7.927,7.917,3526340.0,90873351000.0,0.0,0.0,-0.1,-0.0307,-0.3861
SSI,2015-08-31,15:08:03,HOSE,STOCK,25.7,27.7,24.1,26.0,26.4,25.7,25.9,26.03,7.988,8.111,7.896,7.957,7.997,5885810.0,153182151000.0,0.0,0.0,0.2,0.0614,0.7782
SSI,2015-08-28,15:08:03,HOSE,STOCK,24.1,27.4,24.0,24.1,25.7,24.1,25.7,25.28,7.404,7.896,7.404,7.896,7.767,12482920.0,315609605000.0,0.0,0.0,1.6,0.4916,6.639
SSI,2015-08-27,15:08:03,HOSE,STOCK,23.9,25.7,22.5,24.2,24.3,24.0,24.1,24.15,7.435,7.466,7.374,7.404,7.42,3211060.0,77560878000.0,0.0,0.0,0.2,0.0614,0.8368
SSI,2015-08-26,15:08:03,HOSE,STOCK,23.2,25.5,22.3,23.1,24.0,23.1,23.9,23.67,7.097,7.374,7.097,7.343,7.272,5240620.0,124029587000.0,0.0,0.0,0.7,0.2151,3.0172
SSI,2015-08-25,15:08:03,HOSE,STOCK,23.2,24.8,21.6,22.6,23.7,22.5,23.2,23.17,6.943,7.281,6.913,7.128,7.119,4877410.0,112994787000.0,0.0,0.0,0.0,0.0,0.0
SSI,2015-08-24,15:08:03,HOSE,STOCK,24.9,24.8,21.6,24.4,24.4,23.2,23.2,23.6,7.497,7.497,7.128,7.128,7.251,8256110.0,194821292000.0,0.0,0.0,-1.7,-0.5223,-6.8273
SSI,2015-08-21,15:08:02,HOSE,STOCK,24.9,26.6,23.2,24.5,24.9,23.4,24.9,24.22,7.527,7.65,7.189,7.65,7.441,7426850.0,179846075000.0,0.0,0.0,0.0,0.0,0.0
SSI,2015-08-20,15:08:02,HOSE,STOCK,25.2,26.6,23.2,25.0,25.6,24.8,24.9,25.27,7.681,7.865,7.619,7.65,7.764,4810340.0,121543864000.0,0.0,0.0,-0.3,-0.0922,-1.1905
SSI,2015-08-19,15:08:03,HOSE,STOCK,24.4,26.9,23.5,24.3,25.4,24.1,25.2,24.82,7.466,7.804,7.404,7.742,7.626,5058150.0,125542982000.0,0.0,0.0,0.8,0.2458,3.2787
SSI,2015-08-18,15:08:03,HOSE,STOCK,24.2,26.1,22.7,24.2,24.6,24.1,24.4,24.42,7.435,7.558,7.404,7.497,7.503,2214710.0,54085280000.0,0.0,0.0,0.2,0.0615,0.8264
SSI,2015-08-17,15:08:02,HOSE,STOCK,24.9,25.8,22.6,24.9,25.0,23.9,24.2,24.51,7.65,7.681,7.343,7.435,7.53,2758110.0,67606706000.0,0.0,0.0,-0.7,-0.2151,-2.8112
SSI,2015-08-14,15:08:03,HOSE,STOCK,26.8,26.0,22.7,24.9,25.3,24.6,24.9,24.93,7.65,7.773,7.558,7.65,7.659,4754100.0,118496089000.0,0.0,0.0,-1.9,-0.5837,-7.0896
SSI,2015-08-13,15:08:02,HOSE,STOCK,26.9,26.0,22.7,26.6,27.0,26.3,26.8,26.63,7.43,7.541,7.346,7.485,7.438,3637580.0,96882928000.0,0.0,0.0,-0.1,-0.0279,-0.3717
SSI,2015-08-12,15:08:02,HOSE,STOCK,27.4,28.7,25.1,27.3,27.4,26.5,26.9,26.99,7.625,7.653,7.402,7.513,7.538,5911300.0,159517372000.0,0.0,0.0,-0.5,-0.1396,-1.8248
SSI,2015-08-11,15:08:03,HOSE,STOCK,27.6,29.5,25.7,27.8,28.2,27.4,27.4,27.85,7.765,7.876,7.653,7.653,7.779,7630670.0,212550502000.0,0.0,0.0,-0.2,-0.0559,-0.7246
SSI,2015-08-10,15:08:03,HOSE,STOCK,26.8,29.5,25.7,27.0,27.6,27.0,27.6,27.39,7.541,7.709,7.541,7.709,7.65,3866350.0,105917618000.0,0.0,0.0,0.8,0.2234,2.9851
SSI,2015-08-07,15:08:02,HOSE,STOCK,26.8,28.6,25.0,26.8,27.1,26.5,26.8,26.83,7.485,7.569,7.402,7.485,7.494,3044650.0,81699922000.0,0.0,0.0,0.0,0.0,0.0
SSI,2015-08-06,15:08:02,HOSE,STOCK,27.0,28.6,25.0,27.0,27.1,26.8,26.8,26.92,7.541,7.569,7.485,7.485,7.519,3692140.0,99405735000.0,0.0,0.0,-0.2,-0.0559,-0.7407
SSI,2015-08-05,15:08:03,HOSE,STOCK,26.5,28.8,25.2,26.7,27.0,26.6,27.0,26.85,7.457,7.541,7.43,7.541,7.499,2095630.0,56263175000.0,0.0,0.0,0.5,0.1396,1.8868
SSI,2015-08-04,15:08:02,HOSE,STOCK,26.2,28.3,24.7,26.4,26.8,26.1,26.5,26.45,7.374,7.485,7.29,7.402,7.388,3638920.0,96257021000.0,0.0,0.0,0.3,0.0838,1.145
SSI,2015-08-03,15:08:02,HOSE,STOCK,27.2,28.0,24.4,26.9,26.9,26.0,26.2,26.43,7.513,7.513,7.262,7.318,7.382,6168910.0,163069145000.0,0.0,0.0,-1.0,-0.2793,-3.6765
SSI,2015-07-31,15:07:03,HOSE,STOCK,27.4,29.1,25.3,27.7,27.8,27.2,27.2,27.5,7.737,7.765,7.597,7.597,7.681,2687360.0,73907883000.0,0.0,0.0,-0.2,-0.0559,-0.7299
SSI,2015-07-30,15:07:02,HOSE,STOCK,27.5,29.3,25.5,27.5,27.6,27.3,27.4,27.42,7.681,7.709,7.625,7.653,7.659,3148030.0,86329206000.0,0.0,0.0,-0.1,-0.0279,-0.3636
SSI,2015-07-29,15:07:03,HOSE,STOCK,28.0,29.4,25.6,27.9,28.1,27.4,27.5,27.7,7.793,7.849,7.653,7.681,7.737,6233850.0,172648712000.0,0.0,0.0,-0.5,-0.1397,-1.7857
SSI,2015-07-28,15:07:03,HOSE,STOCK,28.3,29.9,26.1,28.2,28.3,27.9,28.0,28.03,7.876,7.904,7.793,7.821,7.829,7175100.0,201127181000.0,0.0,0.0,-0.3,-0.0838,-1.0601
SSI,2015-07-27,15:07:02,HOSE,STOCK,27.2,30.2,26.4,27.2,28.7,27.1,28.3,27.95,7.597,8.016,7.569,7.904,7.807,8158790.0,228044913000.0,0.0,0.0,1.1,0.3072,4.0441
SSI,2015-07-24,15:07:03,HOSE,STOCK,27.2,29.1,25.3,27.2,27.5,27.0,27.2,27.25,7.597,7.681,7.541,7.597,7.611,5106180.0,139162759000.0,0.0,0.0,0.0,0.0,0.0
SSI,2015-07-23,15:07:03,HOSE,STOCK,26.9,29.1,25.3,27.1,27.5,27.0,27.2,27.18,7.569,7.681,7.541,7.597,7.592,8809840.0,239491726000.0,0.0,0.0,0.3,0.0838,1.1152
SSI,2015-07-22,15:07:03,HOSE,STOCK,26.1,28.7,25.1,26.0,26.9,25.9,26.9,26.41,7.262,7.513,7.234,7.513,7.376,6237620.0,164732823000.0,0.0,0.0,0.8,0.2234,3.0651
SSI,2015-07-21,15:07:02,HOSE,STOCK,26.2,27.9,24.3,26.3,26.4,25.9,26.1,26.17,7.346,7.374,7.234,7.29,7.309,5371990.0,140602638000.0,0.0,0.0,-0.1,-0.0279,-0.3817
SSI,2015-07-20,15:07:02,HOSE,STOCK,26.0,28.0,24.4,25.8,26.3,25.4,26.2,25.81,7.206,7.346,7.094,7.318,7.209,4501720.0,116211585000.0,0.0,0.0,0.2,0.0559,0.7692
SSI,2015-07-17,15:07:02,HOSE,STOCK,26.3,27.8,24.2,26.4,26.4,26.0,26.0,26.15,7.374,7.374,7.262,7.262,7.304,2806740.0,73407254000.0,0.0,0.0,-0.3,-0.0838,-1.1407
SSI,2015-07-16,15:07:02,HOSE,STOCK,26.2,28.1,24.5,26.0,26.4,25.9,26.3,26.13,7.262,7.374,7.234,7.346,7.298,3300810.0,86265573000.0,0.0,0.0,0.1,0.0279,0.3817
SSI,2015-07-15,15:07:02,HOSE,STOCK,26.8,28.0,24.4,27.0,27.0,26.2,26.2,26.62,7.541,7.541,7.318,7.318,7.435,5735690.0,152704383000.0,0.0,0.0,-0.6,-0.1676,-2.2388
SSI,2015-07-14,15:07:03,HOSE,STOCK,26.2,28.6,25.0,26.4,27.1,25.8,26.8,26.5,7.374,7.569,7.206,7.485,7.402,9020930.0,239032597000.0,0.0,0.0,0.6,0.1676,2.2901
SSI,2015-07-13,00:07:00,HOSE,STOCK,26.0,27.8,24.2,26.1,26.4,25.8,26.2,26.2,7.29,7.374,7.206,7.318,7.318,3618900.0,94541000000.0,0.0,0.0,0.2,0.0559,0.7692
SSI,2015-07-10,15:07:03,HOSE,STOCK,26.2,27.8,24.2,26.4,26.7,25.9,26.0,26.29,7.374,7.457,7.234,7.262,7.343,5343570.0,140490190000.0,0.0,0.0,-0.2,-0.0559,-0.7634
SSI,2015-07-09,15:07:03,HOSE,STOCK,25.7,28.0,24.4,25.4,26.3,25.3,26.2,25.79,7.094,7.346,7.066,7.318,7.203,6090670.0,157078169000.0,0.0,0.0,0.5,0.1397,1.9455
SSI,2015-07-08,15:07:03,HOSE,STOCK,26.4,28.2,24.6,26.3,26.4,25.6,25.7,25.92,7.346,7.374,7.15,7.178,7.24,9310360.0,241323612000.0,0.0,0.0,-0.7,-0.1955,-2.6515
SSI,2015-07-07,15:07:02,HOSE,STOCK,26.5,28.2,24.6,26.3,26.7,26.1,26.4,26.42,7.346,7.457,7.29,7.374,7.379,6604090.0,174450053000.0,0.0,0.0,-0.1,-0.0279,-0.3774
SSI,2015-07-06,15:07:03,HOSE,STOCK,26.0,28.3,24.7,26.4,26.8,26.2,26.5,26.48,7.374,7.485,7.318,7.402,7.396,6331650.0,167663357000.0,0.0,0.0,0.5,0.1397,1.9231
SSI,2015-07-03,15:07:02,HOSE,STOCK,25.1,27.8,24.2,25.3,26.0,25.1,26.0,25.6,7.066,7.262,7.011,7.262,7.15,8759730.0,224224312000.0,0.0,0.0,0.9,0.2514,3.5857
SSI,2015-07-02,15:07:04,HOSE,STOCK,24.8,26.8,23.4,24.8,25.4,24.7,25.1,25.11,6.927,7.094,6.899,7.011,7.013,5336280.0,133968607000.0,0.0,0.0,0.3,0.0838,1.2097
SSI,2015-07-01,15:07:03,HOSE,STOCK,24.3,26.5,23.1,24.6,24.9,24.3,24.8,24.68,6.871,6.955,6.787,6.927,6.893,5941920.0,146671109000.0,0.0,0.0,0.5,0.1397,2.0576
SSI,2015-06-30,15:06:02,HOSE,STOCK,24.8,26.0,22.6,24.6,24.8,24.3,24.3,24.59,6.871,6.927,6.787,6.787,6.868,3801000.0,93462238000.0,0.0,0.0,-0.5,-0.1397,-2.0161
SSI,2015-06-29,15:06:02,HOSE,STOCK,24.4,26.5,23.1,24.5,25.0,24.4,24.8,24.8,6.843,6.983,6.815,6.927,6.927,5034930.0,124867824000.0,0.0,0.0,0.4,0.1117,1.6393
SSI,2015-06-26,15:06:03,HOSE,STOCK,23.8,26.1,22.7,23.8,25.3,23.8,24.4,24.56,6.647,7.066,6.647,6.815,6.86,12224340.0,300252867000.0,0.0,0.0,0.6,0.1676,2.521
SSI,2015-06-25,15:06:03,HOSE,STOCK,23.7,25.4,22.2,23.8,23.9,23.5,23.8,23.74,6.647,6.675,6.564,6.647,6.631,2308410.0,54797168000.0,0.0,0.0,0.1,0.0279,0.4219
SSI,2015-06-24,15:06:02,HOSE,STOCK,23.6,25.2,22.0,23.8,24.0,23.6,23.7,23.79,6.647,6.703,6.592,6.62,6.645,2893620.0,68830955000.0,0.0,0.0,0.1,0.0279,0.4237
SSI,2015-06-23,15:06:03,HOSE,STOCK,23.9,25.2,22.0,24.0,24.1,23.6,23.6,23.87,6.703,6.731,6.592,6.592,6.667,2644730.0,63132180000.0,0.0,0.0,-0.3,-0.0838,-1.2552
SSI,2015-06-22,15:06:03,HOSE,STOCK,23.5,25.5,22.3,23.5,23.9,23.5,23.9,23.76,6.564,6.675,6.564,6.675,6.636,2370530.0,56335247000.0,0.0,0.0,0.4,0.1117,1.7021
SSI,2015-06-19,15:06:02,HOSE,STOCK,23.8,25.1,21.9,24.2,24.2,23.5,23.5,23.7,6.759,6.759,6.564,6.564,6.62,3985120.0,94463165000.0,0.0,0.0,-0.3,-0.0838,-1.2605
SSI,2015-06-18,15:06:03,HOSE,STOCK,23.3,24.9,21.7,23.5,24.0,23.5,23.8,23.79,6.564,6.703,6.564,6.647,6.645,4331580.0,103067166000.0,0.0,0.0,0.5,0.1396,2.1459
SSI,2015-06-17,15:06:03,HOSE,STOCK,23.5,24.9,21.7,23.4,23.7,23.1,23.3,23.35,6.536,6.62,6.452,6.508,6.522,3111540.0,72669811000.0,0.0,0.0,-0.2,-0.0559,-0.8511
SSI,2015-06-16,15:06:03,HOSE,STOCK,24.1,25.1,21.9,24.2,24.3,23.5,23.5,23.86,6.759,6.787,6.564,6.564,6.664,4483980.0,107003591000.0,0.0,0.0,-0.6,-0.1676,-2.4896
SSI,2015-06-15,15:06:06,HOSE,STOCK,24.4,25.7,22.5,24.4,24.8,24.1,24.1,24.41,6.815,6.927,6.731,6.731,6.818,2816810.0,68772131000.0,0.0,0.0,-0.3,-0.0838,-1.2295
SSI,2015-06-12,15:06:02,HOSE,STOCK,23.7,26.1,22.7,24.2,24.5,23.9,24.4,24.24,6.759,6.843,6.675,6.815,6.77,7484860.0,181465668000.0,0.0,0.0,0.7,0.1955,2.9536
SSI,2015-06-11,15:06:02,HOSE,STOCK,23.2,25.3,22.1,23.4,23.8,23.4,23.7,23.6,6.536,6.647,6.536,6.62,6.592,3983550.0,94006482000.0,0.0,0.0,0.5,0.1397,2.1552
SSI,2015-06-10,15:06:02,HOSE,STOCK,23.2,24.8,21.6,23.1,23.4,23.0,23.2,23.16,6.452,6.536,6.424,6.48,6.469,4023390.0,93170460000.0,0.0,0.0,0.0,0.0,0.0
SSI,2015-06-09,15:06:02,HOSE,STOCK,23.1,24.8,21.6,23.0,23.4,23.0,23.2,23.19,6.424,6.536,6.424,6.48,6.477,5742030.0,133139432000.0,0.0,0.0,0.1,0.0279,0.4329
SSI,2015-06-08,15:06:03,HOSE,STOCK,23.2,24.7,21.5,23.5,23.7,23.1,23.1,23.39,6.564,6.62,6.452,6.452,6.533,5324600.0,124524716000.0,0.0,0.0,-0.1,-0.0279,-0.431
SSI,2015-06-05,15:06:18,HOSE,STOCK,22.6,24.8,21.6,22.5,23.5,22.2,23.2,22.78,6.284,6.564,6.201,6.48,6.363,6219780.0,141690006000.0,0.0,0.0,0.6,0.1676,2.6549
SSI,2015-06-04,16:06:21,HOSE,STOCK,22.7,24.2,21.2,22.9,23.0,22.5,22.6,22.71,6.396,6.424,6.284,6.312,6.343,3436440.0,78028762000.0,0.0,0.0,-0.1,-0.0279,-0.4405
SSI,2015-06-03,16:06:29,HOSE,STOCK,21.9,24.2,21.2,21.9,22.8,21.8,22.7,22.44,6.117,6.368,6.089,6.34,6.268,7566920.0,169780801000.0,0.0,0.0,0.8,0.2234,3.653
SSI,2015-06-02,15:06:17,HOSE,STOCK,21.6,23.4,20.4,21.6,22.4,21.5,21.9,22.06,6.033,6.256,6.005,6.117,6.162,8981710.0,198169089000.0,0.0,0.0,0.3,0.0838,1.3889
SSI,2015-06-01,16:06:11,HOSE,STOCK,21.4,23.1,20.1,21.3,21.7,21.2,21.6,21.51,5.949,6.061,5.921,6.033,6.008,2735430.0,58846441000.0,0.0,0.0,0.2,0.0559,0.9346
SSI,2015-05-29,15:05:11,HOSE,STOCK,21.8,22.8,20.0,21.8,21.8,21.4,21.4,21.54,6.089,6.089,5.977,5.977,6.016,2322680.0,50040060000.0,0.0,0.0,-0.4,-0.1117,-1.8349
SSI,2015-05-28,15:05:23,HOSE,STOCK,21.5,23.3,20.3,21.4,22.3,21.4,21.8,21.84,5.977,6.229,5.977,6.089,6.1,3565700.0,77863083000.0,0.0,0.0,0.3,0.0838,1.3953
SSI,2015-05-27,15:05:15,HOSE,STOCK,21.5,23.0,20.0,21.4,21.8,21.3,21.5,21.57,5.977,6.089,5.949,6.005,6.025,1591400.0,34323930000.0,0.0,0.0,0.0,0.0,0.0
SSI,2015-05-26,15:05:15,HOSE,STOCK,21.8,23.0,20.0,21.6,21.9,21.4,21.5,21.62,6.033,6.117,5.977,6.005,6.039,2494210.0,53919218000.0,0.0,0.0,-0.3,-0.0838,-1.3761
SSI,2015-05-25,16:05:10,HOSE,STOCK,21.4,23.3,20.3,21.4,21.8,21.2,21.8,21.53,5.977,6.089,5.921,6.089,6.013,4384960.0,94402675000.0,0.0,0.0,0.4,0.1117,1.8692
SSI,2015-05-22,15:05:09,HOSE,STOCK,21.2,22.8,20.0,21.0,21.5,21.0,21.4,21.26,5.865,6.005,5.865,5.977,5.938,2959210.0,62926696000.0,0.0,0.0,0.2,0.0559,0.9434
SSI,2015-05-21,15:05:13,HOSE,STOCK,20.5,22.6,19.8,20.8,21.4,20.7,21.2,21.08,5.81,5.977,5.782,5.921,5.888,4565730.0,96266869000.0,0.0,0.0,0.7,0.1955,3.4146
SSI,2015-05-20,15:05:11,HOSE,STOCK,19.2,21.9,19.1,19.4,20.5,19.3,20.5,20.2,5.419,5.726,5.391,5.726,5.642,3728590.0,75328033000.0,0.0,0.0,1.3,0.3631,6.7708
SSI,2015-05-19,15:05:10,HOSE,STOCK,19.1,20.5,17.9,19.1,19.4,19.1,19.2,19.2,5.335,5.419,5.335,5.363,5.363,914060.0,17553162000.0,0.0,0.0,0.1,0.0279,0.5236
SSI,2015-05-18,16:05:09,HOSE,STOCK,19.5,20.4,17.8,19.6,19.7,19.1,19.1,19.33,5.474,5.502,5.335,5.335,5.399,1841100.0,35582118000.0,0.0,0.0,-0.4,-0.1117,-2.0513
SSI,2015-05-15,15:05:09,HOSE,STOCK,20.0,20.8,18.2,20.0,20.1,19.5,19.5,19.78,5.586,5.614,5.446,5.446,5.525,783840.0,15500781000.0,0.0,0.0,-0.5,-0.1396,-2.5
SSI,2015-05-14,15:05:10,HOSE,STOCK,20.0,21.4,18.6,20.0,20.0,19.8,20.0,19.95,5.586,5.586,5.53,5.586,5.572,500290.0,9982996000.0,0.0,0.0,0.0,0.0,0.0
SSI,2015-05-13,16:05:43,HOSE,STOCK,20.0,21.4,18.6,20.0,20.1,19.7,20.0,19.85,5.586,5.614,5.502,5.586,5.544,1152930.0,22884600000.0,0.0,0.0,0.0,0.0,0.0
SSI,2015-05-12,15:05:13,HOSE,STOCK,20.1,21.4,18.6,20.0,20.2,19.9,20.0,19.99,5.586,5.642,5.558,5.586,5.583,1337380.0,26730212000.0,0.0,0.0,-0.1,-0.0279,-0.4975
SSI,2015-05-11,15:05:11,HOSE,STOCK,20.3,21.5,18.7,20.3,20.4,20.0,20.1,20.18,5.67,5.698,5.586,5.614,5.636,656940.0,13258049000.0,0.0,0.0,-0.2,-0.0559,-0.9852
SSI,2015-05-08,15:05:18,HOSE,STOCK,20.1,21.7,18.9,20.1,20.4,20.1,20.3,20.22,5.614,5.698,5.614,5.67,5.648,1046720.0,21165899000.0,0.0,0.0,0.2,0.0559,0.995
SSI,2015-05-07,16:05:08,HOSE,STOCK,20.2,21.5,18.7,20.2,20.3,20.0,20.1,20.15,5.642,5.67,5.586,5.614,5.628,744030.0,14992363000.0,0.0,0.0,-0.1,-0.0279,-0.495
SSI,2015-05-06,15:05:14,HOSE,STOCK,20.5,21.6,18.8,20.3,20.5,20.0,20.2,20.19,5.67,5.726,5.586,5.642,5.639,1054520.0,21285731000.0,0.0,0.0,-0.3,-0.0838,-1.4634
SSI,2015-05-05,15:05:12,HOSE,STOCK,20.0,21.9,19.1,19.9,20.5,19.7,20.5,20.06,5.558,5.726,5.502,5.726,5.603,2573550.0,51631529000.0,0.0,0.0,0.5,0.1397,2.5
SSI,2015-05-04,15:05:15,HOSE,STOCK,20.6,22.0,19.2,20.6,20.6,19.9,20.0,20.09,5.754,5.754,5.558,5.586,5.611,3024460.0,60775758000.0,0.0,0.0,-0.6,-0.1676,-2.9126
SSI,2015-04-27,15:04:13,HOSE,STOCK,20.6,22.0,19.2,20.8,20.9,20.6,20.6,20.72,5.81,5.838,5.754,5.754,5.787,640770.0,13279376000.0,0.0,0.0,0.0,0.0,0.0
SSI,2015-04-24,15:04:24,HOSE,STOCK,20.9,22.2,19.4,21.0,21.0,20.8,20.8,20.88,5.865,5.865,5.81,5.81,5.832,616970.0,12880339000.0,0.0,0.0,-0.1,-0.0279,-0.4785
SSI,2015-04-23,15:04:10,HOSE,STOCK,20.7,22.3,19.5,20.7,20.9,20.6,20.9,20.75,5.782,5.838,5.754,5.838,5.796,849490.0,17623573000.0,0.0,0.0,0.2,0.0559,0.9662
SSI,2015-04-22,15:04:12,HOSE,STOCK,20.8,22.1,19.3,20.8,20.9,20.7,20.7,20.76,5.81,5.838,5.782,5.782,5.798,1114650.0,23143236000.0,0.0,0.0,-0.1,-0.0279,-0.4808
SSI,2015-04-21,15:04:12,HOSE,STOCK,21.0,22.2,19.4,20.9,21.2,20.8,20.8,20.98,5.838,5.921,5.81,5.81,5.86,1029550.0,21600031000.0,0.0,0.0,-0.2,-0.0559,-0.9524
SSI,2015-04-20,15:04:14,HOSE,STOCK,21.4,22.4,19.6,21.3,21.4,20.9,21.0,21.09,5.949,5.977,5.838,5.865,5.891,894060.0,18855134000.0,0.0,0.0,-0.4,-0.1117,-1.8692
SSI,2015-04-17,15:04:26,HOSE,STOCK,21.2,22.6,19.8,21.3,21.6,21.3,21.4,21.43,5.949,6.033,5.949,5.977,5.986,3173900.0,68005350000.0,0.0,0.0,0.2,0.0559,0.9434
SSI,2015-04-16,15:04:16,HOSE,STOCK,20.5,22.6,19.8,20.7,21.3,20.5,21.2,20.91,5.782,5.949,5.726,5.921,5.84,2938780.0,61444717000.0,0.0,0.0,0.7,0.1955,3.4146
SSI,2015-04-15,15:04:17,HOSE,STOCK,20.3,21.9,19.1,20.3,20.6,20.2,20.5,20.38,5.67,5.754,5.642,5.726,5.692,1108240.0,22588759000.0,0.0,0.0,0.2,0.0559,0.9852
SSI,2015-04-14,15:04:13,HOSE,STOCK,20.6,21.7,18.9,20.6,20.7,20.3,20.3,20.45,5.754,5.782,5.67,5.67,5.712,1041760.0,21308922000.0,0.0,0.0,-0.3,-0.0838,-1.4563
SSI,2015-04-13,15:04:09,HOSE,STOCK,20.6,22.0,19.2,20.7,20.9,20.6,20.6,20.72,5.782,5.838,5.754,5.754,5.787,848690.0,17586915000.0,0.0,0.0,0.0,0.0,0.0
SSI,2015-04-10,15:04:05,HOSE,STOCK,20.2,22.0,19.2,20.4,20.9,20.3,20.6,20.6,5.698,5.838,5.67,5.754,5.754,2074760.0,42748193000.0,0.0,0.0,0.4,0.1117,1.9802
SSI,2015-04-09,15:04:26,HOSE,STOCK,20.1,21.5,18.7,20.1,20.4,20.0,20.2,20.27,5.614,5.698,5.586,5.642,5.662,1035780.0,20992186000.0,0.0,0.0,0.1,0.0279,0.4975
SSI,2015-04-08,15:04:14,HOSE,STOCK,20.3,21.5,18.7,20.4,20.5,20.1,20.1,20.19,5.698,5.726,5.614,5.614,5.639,584240.0,11798537000.0,0.0,0.0,-0.2,-0.0559,-0.9852
SSI,2015-04-07,15:04:10,HOSE,STOCK,20.0,21.7,18.9,20.0,20.3,19.8,20.3,20.12,5.586,5.67,5.53,5.67,5.62,1160350.0,23345592000.0,0.0,0.0,0.3,0.0838,1.5
SSI,2015-04-06,15:04:09,HOSE,STOCK,20.2,21.4,18.6,20.2,20.2,19.8,20.0,19.99,5.642,5.642,5.53,5.586,5.583,1044560.0,20883750000.0,0.0,0.0,-0.2,-0.0559,-0.9901
SSI,2015-04-03,15:04:10,HOSE,STOCK,20.1,21.6,18.8,20.1,20.3,20.0,20.2,20.13,5.614,5.67,5.586,5.642,5.622,638630.0,12856025000.0,0.0,0.0,0.1,0.0279,0.4975
SSI,2015-04-02,15:04:14,HOSE,STOCK,19.7,21.5,18.7,19.7,20.2,19.5,20.1,19.87,5.502,5.642,5.446,5.614,5.55,1390940.0,27640000000.0,0.0,0.0,0.4,0.1117,2.0305
SSI,2015-04-01,15:04:12,HOSE,STOCK,20.2,21.0,18.4,20.3,20.4,19.7,19.7,19.87,5.67,5.698,5.502,5.502,5.55,2135020.0,42429997000.0,0.0,0.0,-0.5,-0.1396,-2.4752
SSI,2015-03-31,16:03:18,HOSE,STOCK,20.0,21.6,18.8,20.0,20.6,20.0,20.2,20.31,5.586,5.754,5.586,5.642,5.673,1602490.0,32548080000.0,0.0,0.0,0.2,0.0559,1.0
SSI,2015-03-30,15:03:14,HOSE,STOCK,20.4,21.4,18.6,20.4,20.6,20.0,20.0,20.28,5.698,5.754,5.586,5.586,5.664,1491950.0,30252296000.0,0.0,0.0,-0.4,-0.1117,-1.9608
SSI,2015-03-27,15:03:09,HOSE,STOCK,20.7,21.8,19.0,20.8,21.1,20.4,20.4,20.66,5.81,5.893,5.698,5.698,5.77,1652550.0,34145262000.0,0.0,0.0,-0.3,-0.0838,-1.4493
SSI,2015-03-26,15:03:22,HOSE,STOCK,21.0,22.1,19.3,20.8,21.1,20.6,20.7,20.82,5.81,5.893,5.754,5.782,5.815,2051060.0,42713070000.0,0.0,0.0,-0.3,-0.0838,-1.4286
SSI,2015-03-25,15:03:08,HOSE,STOCK,21.3,22.7,19.9,21.4,21.5,21.0,21.0,21.14,5.977,6.005,5.865,5.865,5.905,1506060.0,31836670000.0,0.0,0.0,-0.3,-0.0838,-1.4085
SSI,2015-03-24,15:03:15,HOSE,STOCK,21.6,22.7,19.9,21.5,21.5,21.1,21.3,21.28,6.005,6.005,5.893,5.949,5.944,2563650.0,54564689000.0,0.0,0.0,-0.3,-0.0838,-1.3889
SSI,2015-03-23,15:03:26,HOSE,STOCK,22.2,23.1,20.1,22.2,22.2,21.6,21.6,21.79,6.201,6.201,6.033,6.033,6.086,1294430.0,28206634000.0,0.0,0.0,-0.6,-0.1676,-2.7027
SSI,2015-03-20,15:03:11,HOSE,STOCK,21.6,23.7,20.7,21.6,22.2,21.5,22.2,22.0,6.033,6.201,6.005,6.201,6.145,2994620.0,65880801000.0,0.0,0.0,0.6,0.1676,2.7778
SSI,2015-03-19,15:03:12,HOSE,STOCK,21.9,23.1,20.1,21.9,22.1,21.4,21.6,21.68,6.117,6.173,5.977,6.033,6.055,1852320.0,40160039000.0,0.0,0.0,-0.3,-0.0838,-1.3699
SSI,2015-03-18,15:03:09,HOSE,STOCK,22.2,23.4,20.4,22.2,22.2,21.9,21.9,22.03,6.201,6.201,6.117,6.117,6.153,751720.0,16556841000.0,0.0,0.0,-0.3,-0.0838,-1.3514
SSI,2015-03-17,15:03:11,HOSE,STOCK,22.0,23.7,20.7,22.0,22.3,22.0,22.2,22.14,6.145,6.229,6.145,6.201,6.184,927590.0,20533557000.0,0.0,0.0,0.2,0.0559,0.9091
SSI,2015-03-16,15:03:41,HOSE,STOCK,22.3,23.5,20.5,22.3,22.4,22.0,22.0,22.18,6.229,6.256,6.145,6.145,6.195,1281810.0,28429917000.0,0.0,0.0,-0.3,-0.0838,-1.3453
SSI,2015-03-13,15:03:11,HOSE,STOCK,22.4,23.8,20.8,22.5,22.6,22.3,22.3,22.43,6.284,6.312,6.229,6.229,6.265,854900.0,19171221000.0,0.0,0.0,-0.1,-0.0279,-0.4464
SSI,2015-03-12,15:03:11,HOSE,STOCK,22.4,23.9,20.9,22.4,22.5,22.1,22.4,22.28,6.256,6.284,6.173,6.256,6.223,1332560.0,29692544000.0,0.0,0.0,0.0,0.0,0.0
SSI,2015-03-11,15:03:11,HOSE,STOCK,22.7,24.2,21.2,22.7,22.7,22.4,22.4,22.46,6.34,6.34,6.256,6.256,6.273,1280070.0,28749314000.0,0.0,0.0,-0.3,-0.0838,-1.3216
SSI,2015-03-10,15:03:12,HOSE,STOCK,22.7,24.2,21.2,22.7,22.8,22.5,22.7,22.64,6.34,6.368,6.284,6.34,6.323,1104790.0,25007235000.0,0.0,0.0,0.0,0.0,0.0
SSI,2015-03-09,15:03:10,HOSE,STOCK,23.2,24.2,21.2,23.3,23.3,22.6,22.7,22.91,6.508,6.508,6.312,6.34,6.399,1103230.0,25276474000.0,0.0,0.0,-0.5,-0.1396,-2.1552
SSI,2015-03-06,15:03:15,HOSE,STOCK,27.3,24.8,21.6,23.3,23.6,23.2,23.2,23.37,6.508,6.592,6.48,6.48,6.527,3302290.0,77167312000.0,0.0,0.0,-4.1,-1.1452,-15.0183
SSI,2015-03-05,15:03:10,HOSE,STOCK,27.7,24.3,21.2,27.8,27.8,27.3,27.3,27.48,6.47,6.47,6.354,6.354,6.396,2324850.0,63898267000.0,0.0,0.0,-0.4,-0.0931,-1.444
SSI,2015-03-04,15:03:14,HOSE,STOCK,27.4,29.6,25.8,27.6,27.7,27.5,27.7,27.6,6.424,6.447,6.401,6.447,6.424,2432850.0,67156949000.0,0.0,0.0,0.3,0.0698,1.0949
SSI,2015-03-03,15:03:08,HOSE,STOCK,27.3,29.2,25.4,27.3,27.5,27.2,27.4,27.33,6.354,6.401,6.331,6.377,6.361,1507630.0,41210225000.0,0.0,0.0,0.1,0.0233,0.3663
SSI,2015-03-02,15:03:12,HOSE,STOCK,27.3,29.2,25.4,27.3,27.4,27.2,27.3,27.28,6.354,6.377,6.331,6.354,6.349,719070.0,19619268000.0,0.0,0.0,0.0,0.0,0.0
SSI,2015-02-27,15:02:08,HOSE,STOCK,27.2,29.2,25.4,27.3,27.5,27.1,27.3,27.25,6.354,6.401,6.307,6.354,6.342,1084500.0,29555154000.0,0.0,0.0,0.1,0.0233,0.3676
SSI,2015-02-26,15:02:08,HOSE,STOCK,27.1,29.1,25.3,27.1,27.4,27.1,27.2,27.21,6.307,6.377,6.307,6.331,6.333,1092220.0,29723308000.0,0.0,0.0,0.1,0.0233,0.369
SSI,2015-02-25,15:02:13,HOSE,STOCK,27.5,28.9,25.3,27.7,27.7,27.1,27.1,27.41,6.447,6.447,6.307,6.307,6.38,2134530.0,58514269000.0,0.0,0.0,-0.4,-0.0931,-1.4545
SSI,2015-02-24,15:02:10,HOSE,STOCK,27.1,29.4,25.6,27.1,27.7,27.0,27.5,27.45,6.307,6.447,6.284,6.401,6.389,1939300.0,53237642000.0,0.0,0.0,0.4,0.0931,1.476
SSI,2015-02-13,15:02:09,HOSE,STOCK,27.1,28.9,25.3,27.0,27.2,26.8,27.1,27.03,6.284,6.331,6.238,6.307,6.291,1589890.0,42976317000.0,0.0,0.0,0.0,0.0,0.0
SSI,2015-02-12,15:02:10,HOSE,STOCK,26.6,28.8,25.2,26.8,27.0,26.6,27.0,26.83,6.238,6.284,6.191,6.284,6.245,1766860.0,47397015000.0,0.0,0.0,0.4,0.0931,1.5038
SSI,2015-02-11,15:02:11,HOSE,STOCK,25.7,28.4,24.8,25.7,26.7,25.7,26.6,26.23,5.982,6.214,5.982,6.191,6.105,1938290.0,50836456000.0,0.0,0.0,0.9,0.2095,3.5019
SSI,2015-02-10,15:02:08,HOSE,STOCK,25.6,27.4,24.0,25.7,25.9,25.5,25.7,25.71,5.982,6.028,5.935,5.982,5.984,1186050.0,30496561000.0,0.0,0.0,0.1,0.0233,0.3906
SSI,2015-02-09,15:02:09,HOSE,STOCK,25.9,27.3,23.9,26.0,26.0,25.6,25.6,25.69,6.051,6.051,5.958,5.958,5.979,592540.0,15223936000.0,0.0,0.0,-0.3,-0.0698,-1.1583
SSI,2015-02-06,15:02:07,HOSE,STOCK,25.5,27.7,24.1,25.4,25.9,25.4,25.9,25.76,5.912,6.028,5.912,6.028,5.996,588670.0,15165153000.0,0.0,0.0,0.4,0.0931,1.5686
SSI,2015-02-05,15:02:03,HOSE,STOCK,25.4,27.2,23.8,25.5,25.7,25.4,25.5,25.55,5.935,5.982,5.912,5.935,5.947,797240.0,20367656000.0,0.0,0.0,0.1,0.0233,0.3937
SSI,2015-02-04,15:02:12,HOSE,STOCK,25.5,27.1,23.7,25.8,25.8,25.3,25.4,25.44,6.005,6.005,5.888,5.912,5.921,1658490.0,42192368000.0,0.0,0.0,-0.1,-0.0233,-0.3922
SSI,2015-02-03,15:02:09,HOSE,STOCK,25.8,27.2,23.8,25.8,26.0,25.5,25.5,25.78,6.005,6.051,5.935,5.935,6.0,1267900.0,32691116000.0,0.0,0.0,-0.3,-0.0698,-1.1628
SSI,2015-02-02,15:02:09,HOSE,STOCK,26.3,27.6,24.0,26.2,26.5,25.8,25.8,26.06,6.098,6.168,6.005,6.005,6.065,2074990.0,54065187000.0,0.0,0.0,-0.5,-0.1164,-1.9011
SSI,2015-01-30,15:01:09,HOSE,STOCK,26.9,28.1,24.5,26.9,26.9,26.2,26.3,26.54,6.261,6.261,6.098,6.121,6.177,2606200.0,69158128000.0,0.0,0.0,-0.6,-0.1396,-2.2305
SSI,2015-01-29,15:01:05,HOSE,STOCK,26.8,28.6,25.0,26.8,26.9,26.6,26.9,26.73,6.238,6.261,6.191,6.261,6.221,1238270.0,33097386000.0,0.0,0.0,0.1,0.0233,0.3731
SSI,2015-01-28,15:01:05,HOSE,STOCK,26.9,28.6,25.0,26.9,27.0,26.6,26.8,26.83,6.261,6.284,6.191,6.238,6.245,1363000.0,36573179000.0,0.0,0.0,-0.1,-0.0233,-0.3717
SSI,2015-01-27,15:01:12,HOSE,STOCK,27.3,28.7,25.1,27.2,27.4,26.8,26.9,27.04,6.331,6.377,6.238,6.261,6.293,2347460.0,63471561000.0,0.0,0.0,-0.4,-0.0931,-1.4652
SSI,2015-01-26,15:01:32,HOSE,STOCK,27.5,29.2,25.4,27.5,27.7,27.3,27.3,27.48,6.401,6.447,6.354,6.354,6.396,1413710.0,38845958000.0,0.0,0.0,-0.2,-0.0465,-0.7273
SSI,2015-01-23,15:01:13,HOSE,STOCK,27.1,28.9,25.3,27.3,27.8,27.1,27.5,27.44,6.354,6.47,6.307,6.401,6.387,2700260.0,74082569000.0,0.0,0.0,0.4,0.0931,1.476
SSI,2015-01-22,15:01:16,HOSE,STOCK,26.9,28.9,25.3,27.1,27.3,26.7,27.1,27.03,6.307,6.354,6.214,6.307,6.291,1321470.0,35721088000.0,0.0,0.0,0.2,0.0465,0.7435
SSI,2015-01-21,15:01:05,HOSE,STOCK,26.9,28.7,25.1,27.1,27.3,26.8,26.9,27.05,6.307,6.354,6.238,6.261,6.296,1645360.0,44503532000.0,0.0,0.0,0.0,0.0,0.0
SSI,2015-01-20,15:01:06,HOSE,STOCK,27.1,28.7,25.1,27.0,27.2,26.9,26.9,27.02,6.284,6.331,6.261,6.261,6.289,1017940.0,27500935000.0,0.0,0.0,-0.2,-0.0466,-0.738
SSI,2015-01-19,15:01:09,HOSE,STOCK,27.5,28.9,25.3,27.5,27.5,27.1,27.1,27.25,6.401,6.401,6.307,6.307,6.342,1140290.0,31076123000.0,0.0,0.0,-0.4,-0.0931,-1.4545
SSI,2015-01-16,15:01:05,HOSE,STOCK,27.5,29.4,25.6,27.8,28.0,27.4,27.5,27.72,6.47,6.517,6.377,6.401,6.452,2549490.0,70660851000.0,0.0,0.0,0.0,0.0,0.0
SSI,2015-01-15,15:01:28,HOSE,STOCK,27.3,29.4,25.6,27.4,27.6,27.3,27.5,27.43,6.377,6.424,6.354,6.401,6.384,2098530.0,57569263000.0,0.0,0.0,0.2,0.0466,0.7326
SSI,2015-01-14,15:01:19,HOSE,STOCK,27.0,29.2,25.4,27.0,27.6,26.5,27.3,27.1,6.284,6.424,6.168,6.354,6.307,2599080.0,70447631000.0,0.0,0.0,0.3,0.0698,1.1111
SSI,2015-01-13,15:01:09,HOSE,STOCK,27.0,28.8,25.2,26.8,27.2,26.8,27.0,27.01,6.238,6.331,6.238,6.284,6.286,1183110.0,31951418000.0,0.0,0.0,0.0,0.0,0.0
SSI,2015-01-12,16:01:02,HOSE,STOCK,27.3,28.8,25.2,27.3,27.5,26.9,27.0,27.24,6.354,6.401,6.261,6.284,6.34,1812820.0,49390167000.0,0.0,0.0,-0.3,-0.0698,-1.0989
SSI,2015-01-09,15:01:14,HOSE,STOCK,27.0,29.2,25.4,27.0,27.4,27.0,27.3,27.23,6.284,6.377,6.284,6.354,6.338,2251920.0,61328809000.0,0.0,0.0,0.3,0.0698,1.1111
SSI,2015-01-08,15:01:11,HOSE,STOCK,27.0,28.8,25.2,27.1,27.2,26.9,27.0,27.03,6.307,6.331,6.261,6.284,6.291,1365600.0,36913091000.0,0.0,0.0,0.0,0.0,0.0
SSI,2015-01-07,15:01:06,HOSE,STOCK,27.1,28.8,25.2,27.2,27.4,26.9,27.0,27.17,6.331,6.377,6.261,6.284,6.324,1659050.0,45071575000.0,0.0,0.0,-0.1,-0.0233,-0.369
SSI,2015-01-06,15:01:05,HOSE,STOCK,27.1,28.9,25.3,26.6,27.2,26.4,27.1,26.89,6.191,6.331,6.144,6.307,6.259,2031640.0,54622510000.0,0.0,0.0,0.0,0.0,0.0
SSI,2015-01-05,16:01:04,HOSE,STOCK,27.5,28.9,25.3,27.4,27.6,27.1,27.1,27.3,6.377,6.424,6.307,6.307,6.354,1636640.0,44676855000.0,0.0,0.0,-0.4,-0.0931,-1.4545
SSI,2014-12-31,15:12:02,HOSE,STOCK,27.5,29.4,25.6,26.8,27.7,26.6,27.5,27.25,6.238,6.447,6.191,6.401,6.342,4091880.0,111496427000.0,0.0,0.0,0.0,0.0,0.0
SSI,2014-12-30,15:12:03,HOSE,STOCK,25.3,28.5,24.9,25.3,26.7,24.8,26.7,25.62,5.888,6.214,5.772,6.214,5.963,3256150.0,83406817000.0,0.0,0.0,1.4,0.3258,5.5336
SSI,2014-12-29,15:12:04,HOSE,STOCK,25.8,27.0,23.6,25.8,26.4,25.2,25.3,25.72,6.005,6.144,5.865,5.888,5.986,2631000.0,67661027000.0,0.0,0.0,-0.5,-0.1164,-1.938
SSI,2014-12-26,15:12:03,HOSE,STOCK,26.4,27.6,24.0,26.4,26.4,25.6,25.8,25.88,6.144,6.144,5.958,6.005,6.023,4141460.0,107176677000.0,0.0,0.0,-0.6,-0.1397,-2.2727
SSI,2014-12-25,15:12:03,HOSE,STOCK,26.9,28.7,25.1,27.0,27.2,26.4,26.4,26.72,6.284,6.331,6.144,6.144,6.219,2427200.0,64857421000.0,0.0,0.0,-0.5,-0.1164,-1.8587
SSI,2014-12-24,15:12:02,HOSE,STOCK,27.0,28.7,25.1,27.3,27.4,26.9,26.9,27.11,6.354,6.377,6.261,6.261,6.31,1678700.0,45517460000.0,0.0,0.0,-0.1,-0.0233,-0.3704
SSI,2014-12-23,15:12:18,HOSE,STOCK,27.6,28.8,25.2,27.5,27.7,27.0,27.0,27.23,6.401,6.447,6.284,6.284,6.338,3057610.0,83267997000.0,0.0,0.0,-0.6,-0.1396,-2.1739
SSI,2014-12-22,15:12:46,HOSE,STOCK,27.1,29.5,25.7,27.8,27.9,27.5,27.6,27.65,6.47,6.494,6.401,6.424,6.435,3503200.0,96848377000.0,0.0,0.0,0.5,0.1164,1.845
SSI,2014-12-19,15:12:03,HOSE,STOCK,28.5,28.9,25.3,28.6,29.4,27.1,27.1,27.61,6.657,6.843,6.307,6.307,6.426,20898000.0,577078616000.0,0.0,0.0,-1.4,-0.3258,-4.9123
SSI,2014-12-18,15:12:42,HOSE,STOCK,27.9,30.4,26.6,28.1,28.6,27.9,28.5,28.29,6.54,6.657,6.494,6.633,6.584,2914140.0,82445639000.0,0.0,0.0,0.6,0.1396,2.1505
SSI,2014-12-17,15:12:13,HOSE,STOCK,29.2,29.8,26.0,29.2,29.5,27.2,27.9,27.73,6.796,6.866,6.331,6.494,6.454,9076910.0,251664122000.0,0.0,0.0,-1.3,-0.3026,-4.4521
SSI,2014-12-16,15:12:13,HOSE,STOCK,29.8,31.2,27.2,29.6,29.8,29.0,29.2,29.36,6.889,6.936,6.75,6.796,6.833,3576680.0,105020818000.0,0.0,0.0,-0.6,-0.1396,-2.0134
SSI,2014-12-15,15:12:09,HOSE,STOCK,29.6,31.8,27.8,29.7,30.0,29.7,29.8,29.82,6.913,6.982,6.913,6.936,6.94,2431570.0,72508653000.0,0.0,0.0,0.2,0.0466,0.6757
SSI,2014-12-12,15:12:47,HOSE,STOCK,29.3,31.6,27.6,29.3,29.7,29.3,29.6,29.51,6.819,6.913,6.819,6.889,6.868,1615700.0,47682209000.0,0.0,0.0,0.3,0.0698,1.0239
SSI,2014-12-11,15:12:10,HOSE,STOCK,29.8,31.3,27.3,29.5,29.7,29.3,29.3,29.49,6.866,6.913,6.819,6.819,6.864,1612060.0,47546301000.0,0.0,0.0,-0.5,-0.1164,-1.6779
SSI,2014-12-10,15:12:10,HOSE,STOCK,29.0,31.8,27.8,29.1,29.8,28.9,29.8,29.36,6.773,6.936,6.726,6.936,6.833,4051800.0,118948020000.0,0.0,0.0,0.8,0.1862,2.7586
SSI,2014-12-09,15:12:14,HOSE,STOCK,30.1,31.0,27.0,29.9,30.0,28.6,29.0,29.45,6.959,6.982,6.657,6.75,6.854,5988640.0,176364647000.0,0.0,0.0,-1.1,-0.256,-3.6545
SSI,2014-12-08,15:12:13,HOSE,STOCK,30.6,32.2,28.0,30.8,30.8,30.1,30.1,30.38,7.169,7.169,7.006,7.006,7.071,2450720.0,74451906000.0,0.0,0.0,-0.5,-0.1164,-1.634
SSI,2014-12-05,15:12:11,HOSE,STOCK,30.5,32.7,28.5,30.5,30.7,30.4,30.6,30.56,7.099,7.145,7.075,7.122,7.113,2078440.0,63510084000.0,0.0,0.0,0.1,0.0233,0.3279
SSI,2014-12-04,15:12:17,HOSE,STOCK,30.8,32.6,28.4,30.8,31.0,30.5,30.5,30.73,7.169,7.215,7.099,7.099,7.152,1881760.0,57826155000.0,0.0,0.0,-0.3,-0.0698,-0.974
SSI,2014-12-03,15:12:11,HOSE,STOCK,30.3,32.9,28.7,30.5,30.8,30.5,30.8,30.67,7.099,7.169,7.099,7.169,7.138,3002960.0,92113591000.0,0.0,0.0,0.5,0.1164,1.6502
SSI,2014-12-02,15:12:11,HOSE,STOCK,30.0,32.4,28.2,30.2,30.6,30.1,30.3,30.35,7.029,7.122,7.006,7.052,7.064,4416020.0,134023601000.0,0.0,0.0,0.3,0.0698,1.0
SSI,2014-12-01,15:12:13,HOSE,STOCK,30.2,32.1,27.9,30.2,30.4,30.0,30.0,30.2,7.029,7.075,6.982,6.982,7.029,1998060.0,60339441000.0,0.0,0.0,-0.2,-0.0465,-0.6623
SSI,2014-11-28,15:11:10,HOSE,STOCK,30.3,32.3,28.1,30.3,30.5,30.1,30.2,30.31,7.052,7.099,7.006,7.029,7.055,2300340.0,69716237000.0,0.0,0.0,-0.1,-0.0233,-0.33
SSI,2014-11-27,15:11:10,HOSE,STOCK,29.8,32.4,28.2,29.7,30.3,29.5,30.3,29.97,6.913,7.052,6.866,7.052,6.975,3036110.0,90977686000.0,0.0,0.0,0.5,0.1164,1.6779
SSI,2014-11-26,15:11:11,HOSE,STOCK,29.6,31.8,27.8,29.8,30.5,29.6,29.8,30.09,6.936,7.099,6.889,6.936,7.003,9059490.0,272590938000.0,0.0,0.0,0.2,0.0466,0.6757
SSI,2014-11-25,15:11:13,HOSE,STOCK,29.4,31.6,27.6,29.5,29.9,29.4,29.6,29.59,6.866,6.959,6.843,6.889,6.887,2165400.0,64069270000.0,0.0,0.0,0.2,0.0465,0.6803
SSI,2014-11-24,15:11:13,HOSE,STOCK,29.8,31.4,27.4,29.5,29.8,29.2,29.4,29.45,6.866,6.936,6.796,6.843,6.854,3835840.0,112959937000.0,0.0,0.0,-0.4,-0.0931,-1.3423
SSI,2014-11-21,15:11:13,HOSE,STOCK,30.4,31.8,27.8,30.5,30.5,29.8,29.8,30.07,7.099,7.099,6.936,6.936,6.999,4554600.0,136977586000.0,0.0,0.0,-0.6,-0.1397,-1.9737
SSI,2014-11-20,15:11:16,HOSE,STOCK,30.1,32.5,28.3,30.2,30.4,30.0,30.4,30.22,7.029,7.075,6.982,7.075,7.034,2592850.0,78365519000.0,0.0,0.0,0.3,0.0698,0.9967
SSI,2014-11-19,15:11:13,HOSE,STOCK,30.3,32.2,28.0,30.4,30.5,29.9,30.1,30.13,7.075,7.099,6.959,7.006,7.013,5296820.0,159601252000.0,0.0,0.0,-0.2,-0.0466,-0.6601
SSI,2014-11-18,15:11:12,HOSE,STOCK,30.7,32.4,28.2,30.6,30.8,30.3,30.3,30.49,7.122,7.169,7.052,7.052,7.096,2736010.0,83430110000.0,0.0,0.0,-0.4,-0.0931,-1.3029
SSI,2014-11-17,15:11:14,HOSE,STOCK,30.6,32.8,28.6,30.5,30.9,30.5,30.7,30.69,7.099,7.192,7.099,7.145,7.143,2784390.0,85450033000.0,0.0,0.0,0.1,0.0233,0.3268
SSI,2014-11-14,15:11:13,HOSE,STOCK,30.8,32.7,28.5,30.7,30.8,30.3,30.6,30.51,7.145,7.169,7.052,7.122,7.101,5018230.0,153109898000.0,0.0,0.0,-0.2,-0.0465,-0.6494
SSI,2014-11-13,15:11:12,HOSE,STOCK,30.7,32.9,28.7,31.0,31.2,30.7,30.8,30.91,7.215,7.262,7.145,7.169,7.194,3818810.0,118047130000.0,0.0,0.0,0.1,0.0233,0.3257
SSI,2014-11-12,15:11:12,HOSE,STOCK,30.7,32.8,28.6,30.6,30.9,30.6,30.7,30.75,7.122,7.192,7.122,7.145,7.157,2370020.0,72870951000.0,0.0,0.0,0.0,0.0,0.0
SSI,2014-11-11,15:11:10,HOSE,STOCK,30.9,32.8,28.6,30.9,31.1,30.7,30.7,30.83,7.192,7.238,7.145,7.145,7.176,4141320.0,127663515000.0,0.0,0.0,-0.2,-0.0465,-0.6472
SSI,2014-11-10,15:11:14,HOSE,STOCK,30.8,33.0,28.8,31.0,31.1,30.8,30.9,30.97,7.215,7.238,7.169,7.192,7.208,4127860.0,127832390000.0,0.0,0.0,0.1,0.0233,0.3247
SSI,2014-11-07,15:11:13,HOSE,STOCK,30.4,32.9,28.7,30.5,30.9,30.4,30.8,30.65,7.099,7.192,7.075,7.169,7.134,3739490.0,114618940000.0,0.0,0.0,0.4,0.0931,1.3158
SSI,2014-11-06,15:11:05,HOSE,STOCK,30.6,32.7,28.5,30.8,30.8,30.3,30.4,30.56,7.169,7.169,7.052,7.075,7.113,2775400.0,84803609000.0,0.0,0.0,-0.2,-0.0465,-0.6536
SSI,2014-11-05,15:11:12,HOSE,STOCK,30.8,32.7,28.5,30.8,31.0,30.0,30.6,30.99,7.169,7.215,6.982,7.122,7.213,6963600.0,212377062000.0,0.0,0.0,-0.2,-0.0465,-0.6494
SSI,2014-11-04,15:11:07,HOSE,STOCK,31.0,32.9,28.7,30.9,31.2,30.8,30.8,30.99,7.192,7.262,7.169,7.169,7.213,5652870.0,175199815000.0,0.0,0.0,-0.2,-0.0466,-0.6452
SSI,2014-11-03,15:11:07,HOSE,STOCK,31.1,33.1,28.9,31.4,31.5,30.9,31.0,31.18,7.308,7.332,7.192,7.215,7.257,4003760.0,124831811000.0,0.0,0.0,-0.1,-0.0233,-0.3215
SSI,2014-10-31,15:10:07,HOSE,STOCK,30.5,33.2,29.0,30.5,31.3,30.3,31.1,30.82,7.099,7.285,7.052,7.238,7.173,7064650.0,217755607000.0,0.0,0.0,0.6,0.1396,1.9672
SSI,2014-10-30,15:10:06,HOSE,STOCK,30.8,32.6,28.4,30.8,31.0,30.5,30.5,30.69,7.169,7.215,7.099,7.099,7.143,3722880.0,114260794000.0,0.0,0.0,-0.3,-0.0698,-0.974
SSI,2014-10-29,15:10:09,HOSE,STOCK,29.6,32.9,28.7,30.1,31.4,29.9,30.8,30.6,7.006,7.308,6.959,7.169,7.122,8554190.0,261739821000.0,0.0,0.0,1.2,0.2793,4.0541
SSI,2014-10-28,15:10:07,HOSE,STOCK,28.7,31.6,27.6,29.1,29.6,29.0,29.6,29.38,6.773,6.889,6.75,6.889,6.838,6928870.0,203537383000.0,0.0,0.0,0.9,0.2095,3.1359
SSI,2014-10-27,15:10:08,HOSE,STOCK,29.6,30.7,26.7,29.3,29.7,28.7,28.7,29.15,6.819,6.913,6.68,6.68,6.785,3958990.0,115412984000.0,0.0,0.0,-0.9,-0.2095,-3.0405
SSI,2014-10-24,15:10:07,HOSE,STOCK,29.7,31.6,27.6,29.8,30.0,29.3,29.6,29.6,6.936,6.982,6.819,6.889,6.889,3214970.0,95151162000.0,0.0,0.0,-0.1,-0.0233,-0.3367
SSI,2014-10-23,15:10:07,HOSE,STOCK,30.0,31.7,27.7,29.6,30.4,29.5,29.7,29.92,6.889,7.075,6.866,6.913,6.964,5537890.0,165708722000.0,0.0,0.0,-0.3,-0.0698,-1.0
SSI,2014-10-22,15:10:13,HOSE,STOCK,28.9,32.1,27.9,29.0,30.0,29.0,30.0,29.55,6.75,6.982,6.75,6.982,6.878,5737820.0,169552922000.0,0.0,0.0,1.1,0.256,3.8062
SSI,2014-10-21,15:10:07,HOSE,STOCK,28.6,30.9,26.9,28.6,29.1,28.5,28.9,28.84,6.657,6.773,6.633,6.726,6.712,3382850.0,97575994000.0,0.0,0.0,0.3,0.0698,1.049
SSI,2014-10-20,15:10:11,HOSE,STOCK,29.1,31.1,27.1,29.2,29.4,28.6,28.6,29.03,6.796,6.843,6.657,6.657,6.757,2099680.0,60955466000.0,0.0,0.0,-0.5,-0.1164,-1.7182
SSI,2014-10-17,15:10:07,HOSE,STOCK,28.6,31.1,27.1,28.7,29.2,28.2,29.1,28.73,6.68,6.796,6.563,6.773,6.687,5430380.0,155989595000.0,0.0,0.0,0.5,0.1164,1.7483
SSI,2014-10-16,15:10:08,HOSE,STOCK,30.2,30.6,26.6,30.0,30.0,28.6,28.6,29.26,6.982,6.982,6.657,6.657,6.81,7376690.0,215856110000.0,0.0,0.0,-1.6,-0.3724,-5.298
SSI,2014-10-15,15:10:07,HOSE,STOCK,30.2,32.3,28.1,30.1,30.3,29.7,30.2,30.01,7.006,7.052,6.913,7.029,6.985,3317490.0,99555444000.0,0.0,0.0,0.0,0.0,0.0
SSI,2014-10-14,16:10:06,HOSE,STOCK,31.0,32.3,28.1,31.2,31.3,30.2,30.2,30.78,7.262,7.285,7.029,7.029,7.164,3172940.0,97654405000.0,0.0,0.0,-0.8,-0.1862,-2.5806
SSI,2014-10-13,15:10:07,HOSE,STOCK,30.5,33.1,28.9,30.6,31.3,30.6,31.0,30.89,7.122,7.285,7.122,7.215,7.19,5541370.0,171173480000.0,0.0,0.0,0.5,0.1164,1.6393
SSI,2014-10-10,15:10:59,HOSE,STOCK,31.1,32.6,28.4,30.9,31.0,30.5,30.5,30.72,7.192,7.215,7.099,7.099,7.15,5099600.0,156653243000.0,0.0,0.0,-0.6,-0.1397,-1.9293
SSI,2014-10-09,15:10:15,HOSE,STOCK,31.4,33.2,29.0,31.7,31.7,31.1,31.1,31.48,7.378,7.378,7.238,7.238,7.327,3423000.0,107507635000.0,0.0,0.0,-0.3,-0.0698,-0.9554
SSI,2014-10-08,15:10:16,HOSE,STOCK,31.6,33.5,29.3,31.5,31.9,31.3,31.4,31.48,7.332,7.425,7.285,7.308,7.327,7047680.0,221862610000.0,0.0,0.0,-0.2,-0.0465,-0.6329
SSI,2014-10-07,15:10:10,HOSE,STOCK,31.8,34.0,29.6,31.8,31.9,31.5,31.6,31.66,7.401,7.425,7.332,7.355,7.369,4490500.0,142152394000.0,0.0,0.0,-0.2,-0.0466,-0.6289
SSI,2014-10-06,15:10:13,HOSE,STOCK,31.7,34.0,29.6,32.0,32.2,31.7,31.8,31.93,7.448,7.494,7.378,7.401,7.432,3101000.0,99005622000.0,0.0,0.0,0.1,0.0233,0.3155
SSI,2014-10-03,15:10:11,HOSE,STOCK,31.5,33.7,29.3,31.6,32.4,31.6,31.7,31.96,7.355,7.541,7.355,7.378,7.439,5683610.0,181646741000.0,0.0,0.0,0.2,0.0465,0.6349
SSI,2014-10-02,15:10:11,HOSE,STOCK,31.0,33.1,28.9,31.0,31.7,30.8,31.5,31.24,7.215,7.378,7.169,7.332,7.271,6553350.0,204757684000.0,0.0,0.0,0.5,0.1164,1.6129
SSI,2014-10-01,15:10:11,HOSE,STOCK,30.9,33.0,28.8,31.1,31.4,30.9,31.0,31.16,7.238,7.308,7.192,7.215,7.252,3989490.0,124293045000.0,0.0,0.0,0.1,0.0233,0.3236
SSI,2014-09-30,15:09:12,HOSE,STOCK,30.7,32.8,28.6,30.4,31.4,30.3,30.9,30.86,7.075,7.308,7.052,7.192,7.183,5954040.0,183736436000.0,0.0,0.0,0.2,0.0466,0.6515
SSI,2014-09-29,15:09:14,HOSE,STOCK,29.2,31.2,27.2,31.2,31.2,30.7,30.7,31.0,7.262,7.262,7.145,7.145,7.215,14398490.0,446364474000.0,0.0,0.0,1.5,0.3491,5.137
SSI,2014-09-26,15:09:15,HOSE,STOCK,28.8,30.8,26.8,29.2,29.7,28.9,29.2,29.26,6.796,6.913,6.726,6.796,6.81,6059690.0,177324611000.0,0.0,0.0,0.4,0.0931,1.3889
SSI,2014-09-25,15:09:12,HOSE,STOCK,28.3,30.2,26.4,28.2,28.9,27.7,28.8,28.31,6.563,6.726,6.447,6.703,6.589,4587730.0,129889254000.0,0.0,0.0,0.5,0.1164,1.7668
SSI,2014-09-24,15:09:11,HOSE,STOCK,29.2,30.1,26.3,28.6,28.7,28.1,28.3,28.48,6.657,6.68,6.54,6.587,6.629,5133470.0,146186942000.0,0.0,0.0,-0.9,-0.2095,-3.0822
SSI,2014-09-23,15:09:11,HOSE,STOCK,29.1,31.1,27.1,29.3,29.6,29.1,29.2,29.31,6.586,6.654,6.541,6.564,6.588,4183810.0,122637108000.0,0.0,0.0,0.1,0.0225,0.3436
SSI,2014-09-22,15:09:10,HOSE,STOCK,29.8,31.1,27.1,29.9,30.0,29.1,29.1,29.58,6.721,6.744,6.541,6.541,6.649,4417320.0,130660359000.0,0.0,0.0,-0.7,-0.1573,-2.349
SSI,2014-09-19,15:09:37,HOSE,STOCK,29.6,31.8,27.8,29.5,29.9,29.4,29.8,29.65,6.631,6.721,6.609,6.699,6.665,3872980.0,114842480000.0,0.0,0.0,0.2,0.045,0.6757
SSI,2014-09-18,15:09:21,HOSE,STOCK,30.9,31.6,27.6,30.8,30.9,29.6,29.6,30.3,6.923,6.946,6.654,6.654,6.811,6116250.0,185308791000.0,0.0,0.0,-1.3,-0.2922,-4.2071
SSI,2014-09-17,15:09:16,HOSE,STOCK,28.9,30.9,26.9,29.8,30.9,29.7,30.9,30.31,6.699,6.946,6.676,6.946,6.813,14441620.0,437716326000.0,0.0,0.0,2.0,0.4496,6.9204
SSI,2014-09-16,15:09:09,HOSE,STOCK,28.9,30.9,26.9,28.8,29.0,28.4,28.9,28.75,6.474,6.519,6.384,6.496,6.463,3291780.0,94631327000.0,0.0,0.0,0.0,0.0,0.0
SSI,2014-09-15,15:09:12,HOSE,STOCK,29.2,31.2,27.2,29.5,29.5,28.9,28.9,29.22,6.631,6.631,6.496,6.496,6.568,4041550.0,118091802000.0,0.0,0.0,-0.3,-0.0674,-1.0274
SSI,2014-09-12,15:09:12,HOSE,STOCK,29.1,31.2,27.2,29.0,29.3,28.9,29.2,29.09,6.519,6.586,6.496,6.564,6.539,3211420.0,93404827000.0,0.0,0.0,0.1,0.0225,0.3436
SSI,2014-09-11,15:09:15,HOSE,STOCK,28.8,30.8,26.8,29.4,29.6,29.1,29.1,29.36,6.609,6.654,6.541,6.541,6.6,3915980.0,114989114000.0,0.0,0.0,0.3,0.0674,1.0417
SSI,2014-09-10,15:09:14,HOSE,STOCK,28.6,30.8,26.8,28.7,28.8,28.1,28.8,28.54,6.451,6.474,6.316,6.474,6.415,4203460.0,119972243000.0,0.0,0.0,0.2,0.045,0.6993
SSI,2014-09-09,15:09:10,HOSE,STOCK,29.4,31.4,27.4,29.4,30.0,27.4,28.6,29.45,6.609,6.744,6.159,6.429,6.62,9774370.0,287837464000.0,0.0,0.0,-0.8,-0.1798,-2.7211
SSI,2014-09-08,15:09:10,HOSE,STOCK,29.0,31.0,27.0,29.4,29.7,29.3,29.4,29.48,6.609,6.676,6.586,6.609,6.627,3546470.0,104539422000.0,0.0,0.0,0.4,0.0899,1.3793
SSI,2014-09-05,15:09:13,HOSE,STOCK,28.7,31.0,27.0,28.9,29.1,28.7,29.0,28.91,6.496,6.541,6.451,6.519,6.499,2327930.0,67289682000.0,0.0,0.0,0.3,0.0674,1.0453
SSI,2014-09-04,15:09:15,HOSE,STOCK,28.8,30.7,26.7,28.7,29.0,28.5,28.7,28.75,6.451,6.519,6.406,6.451,6.463,3256220.0,93625988000.0,0.0,0.0,-0.1,-0.0225,-0.3472
SSI,2014-09-03,15:09:10,HOSE,STOCK,29.0,31.0,27.0,29.4,29.5,28.8,28.8,29.16,6.609,6.631,6.474,6.474,6.555,3524920.0,102791542000.0,0.0,0.0,-0.2,-0.045,-0.6897
SSI,2014-08-29,15:08:15,HOSE,STOCK,29.0,31.0,27.0,29.1,29.3,28.7,29.0,28.98,6.541,6.586,6.451,6.519,6.514,2768250.0,80214108000.0,0.0,0.0,0.0,0.0,0.0
SSI,2014-08-28,15:08:10,HOSE,STOCK,28.2,30.1,26.3,28.3,29.0,28.3,29.0,28.74,6.361,6.519,6.361,6.519,6.46,4939770.0,141945728000.0,0.0,0.0,0.8,0.1798,2.8369
SSI,2014-08-27,15:08:10,HOSE,STOCK,28.1,30.1,26.3,28.1,28.5,27.9,28.2,28.18,6.316,6.406,6.272,6.339,6.334,3152840.0,88838233000.0,0.0,0.0,0.1,0.0225,0.3559
SSI,2014-08-26,15:08:10,HOSE,STOCK,28.2,30.0,26.2,28.3,28.5,28.0,28.1,28.22,6.361,6.406,6.294,6.316,6.343,3990850.0,112602374000.0,0.0,0.0,-0.1,-0.0225,-0.3546
SSI,2014-08-25,15:08:11,HOSE,STOCK,27.9,30.1,26.3,28.1,28.5,28.0,28.2,28.23,6.316,6.406,6.294,6.339,6.346,4351670.0,122858418000.0,0.0,0.0,0.3,0.0674,1.0753
SSI,2014-08-22,15:08:10,HOSE,STOCK,28.0,29.8,26.0,28.3,28.4,27.9,27.9,28.11,6.361,6.384,6.272,6.272,6.319,3071690.0,86350439000.0,0.0,0.0,-0.1,-0.0225,-0.3571
SSI,2014-08-21,15:08:12,HOSE,STOCK,27.7,29.9,26.1,27.7,28.4,27.7,28.0,27.99,6.227,6.384,6.227,6.294,6.292,6204670.0,173670873000.0,0.0,0.0,0.3,0.0674,1.083
SSI,2014-08-20,15:08:09,HOSE,STOCK,27.4,29.6,25.8,27.7,28.0,27.5,27.7,27.72,6.227,6.294,6.182,6.227,6.231,2979180.0,82591977000.0,0.0,0.0,0.3,0.0674,1.0949
SSI,2014-08-19,15:08:16,HOSE,STOCK,27.6,29.3,25.5,27.8,28.1,27.4,27.4,27.74,6.249,6.316,6.159,6.159,6.236,4224020.0,117165627000.0,0.0,0.0,-0.2,-0.045,-0.7246
SSI,2014-08-18,15:08:11,HOSE,STOCK,26.4,29.5,25.7,26.4,27.6,26.4,27.6,27.13,5.934,6.204,5.934,6.204,6.098,7017230.0,190409258000.0,0.0,0.0,1.2,0.2697,4.5455
SSI,2014-08-15,15:08:18,HOSE,STOCK,26.6,28.2,24.6,26.6,26.7,26.4,26.4,26.5,5.979,6.002,5.934,5.934,5.957,1371270.0,36332119000.0,0.0,0.0,-0.2,-0.045,-0.7519
SSI,2014-08-14,15:08:06,HOSE,STOCK,26.6,28.4,24.8,26.8,26.9,26.5,26.6,26.73,6.024,6.047,5.957,5.979,6.009,2593540.0,69326910000.0,0.0,0.0,0.0,0.0,0.0
SSI,2014-08-13,15:08:06,HOSE,STOCK,26.2,28.4,24.8,26.3,26.7,26.2,26.6,26.44,5.912,6.002,5.889,5.979,5.943,2031610.0,53722865000.0,0.0,0.0,0.4,0.0899,1.5267
SSI,2014-08-12,16:08:41,HOSE,STOCK,26.0,28.0,24.4,26.0,26.4,26.0,26.2,26.17,5.844,5.934,5.844,5.889,5.883,1790560.0,46858909000.0,0.0,0.0,0.2,0.045,0.7692
SSI,2014-08-11,16:08:54,HOSE,STOCK,26.2,27.8,24.2,26.2,26.3,26.0,26.0,26.11,5.889,5.912,5.844,5.844,5.869,1783140.0,46559261000.0,0.0,0.0,-0.2,-0.045,-0.7634
SSI,2014-08-08,15:08:09,HOSE,STOCK,26.5,28.0,24.4,26.5,26.7,26.1,26.2,26.39,5.957,6.002,5.867,5.889,5.932,1962960.0,51812101000.0,0.0,0.0,-0.3,-0.0674,-1.1321
SSI,2014-08-07,15:08:14,HOSE,STOCK,26.2,28.3,24.7,26.1,26.5,26.0,26.5,26.29,5.867,5.957,5.844,5.957,5.91,2599100.0,68319086000.0,0.0,0.0,0.3,0.0674,1.145
SSI,2014-08-06,15:08:11,HOSE,STOCK,26.2,28.0,24.4,26.4,26.5,26.2,26.2,26.37,5.934,5.957,5.889,5.889,5.928,3231030.0,85216187000.0,0.0,0.0,0.0,0.0,0.0
SSI,2014-08-05,15:08:10,HOSE,STOCK,25.6,28.0,24.4,25.6,26.2,25.6,26.2,25.91,5.755,5.889,5.755,5.889,5.824,2607020.0,67544940000.0,0.0,0.0,0.6,0.1349,2.3438
SSI,2014-08-04,15:08:10,HOSE,STOCK,25.1,27.3,23.9,25.0,25.7,24.9,25.6,25.31,5.62,5.777,5.597,5.755,5.689,2035280.0,51520248000.0,0.0,0.0,0.5,0.1124,1.992
SSI,2014-08-01,15:08:59,HOSE,STOCK,25.4,26.8,23.4,25.3,25.3,25.0,25.1,25.11,5.687,5.687,5.62,5.642,5.644,1648540.0,41399965000.0,0.0,0.0,-0.3,-0.0674,-1.1811
SSI,2014-07-31,15:07:13,HOSE,STOCK,25.1,27.1,23.7,25.0,25.6,25.0,25.4,25.3,5.62,5.755,5.62,5.71,5.687,1224460.0,30983726000.0,0.0,0.0,0.3,0.0674,1.1952
SSI,2014-07-30,15:07:10,HOSE,STOCK,25.3,26.8,23.4,25.3,25.5,25.0,25.1,25.21,5.687,5.732,5.62,5.642,5.667,2405300.0,60639654000.0,0.0,0.0,-0.2,-0.045,-0.7905
SSI,2014-07-29,15:07:08,HOSE,STOCK,25.5,27.0,23.6,25.6,25.6,25.1,25.3,25.3,5.755,5.755,5.642,5.687,5.687,1686060.0,42657268000.0,0.0,0.0,-0.2,-0.045,-0.7843
SSI,2014-07-28,15:07:09,HOSE,STOCK,26.2,27.2,23.8,26.0,26.0,25.2,25.5,25.62,5.844,5.844,5.665,5.732,5.759,3705580.0,94949585000.0,0.0,0.0,-0.7,-0.1573,-2.6718
SSI,2014-07-25,15:07:33,HOSE,STOCK,26.5,28.0,24.4,26.5,26.9,26.2,26.2,26.58,5.957,6.047,5.889,5.889,5.975,2709440.0,72006388000.0,0.0,0.0,-0.3,-0.0674,-1.1321
SSI,2014-07-24,15:07:07,HOSE,STOCK,26.5,28.3,24.7,26.6,26.6,26.4,26.5,26.49,5.979,5.979,5.934,5.957,5.955,1568860.0,41555412000.0,0.0,0.0,0.0,0.0,0.0
SSI,2014-07-23,15:07:06,HOSE,STOCK,26.5,28.3,24.7,26.5,26.7,26.3,26.5,26.47,5.957,6.002,5.912,5.957,5.95,1681730.0,44510056000.0,0.0,0.0,0.0,0.0,0.0
SSI,2014-07-22,15:07:09,HOSE,STOCK,26.8,28.3,24.7,26.8,26.8,26.4,26.5,26.62,6.024,6.024,5.934,5.957,5.984,2351760.0,62601754000.0,0.0,0.0,-0.3,-0.0674,-1.1194
SSI,2014-07-21,15:07:10,HOSE,STOCK,26.8,28.6,25.0,27.2,27.3,26.6,26.8,26.97,6.114,6.137,5.979,6.024,6.062,4099220.0,110549398000.0,0.0,0.0,0.0,0.0,0.0
SSI,2014-07-18,15:07:10,HOSE,STOCK,26.3,28.6,25.0,26.2,26.8,26.2,26.8,26.5,5.889,6.024,5.889,6.024,5.957,3102600.0,82227933000.0,0.0,0.0,0.5,0.1124,1.9011
SSI,2014-07-17,15:07:06,HOSE,STOCK,26.3,28.1,24.5,26.4,26.5,26.1,26.3,26.31,5.934,5.957,5.867,5.912,5.914,1422850.0,37440098000.0,0.0,0.0,0.0,0.0,0.0
SSI,2014-07-16,15:07:08,HOSE,STOCK,26.4,28.1,24.5,27.0,27.0,26.3,26.3,26.68,6.069,6.069,5.912,5.912,5.997,2898420.0,77335528000.0,0.0,0.0,-0.1,-0.0225,-0.3788
SSI,2014-07-15,15:07:06,HOSE,STOCK,26.2,28.2,24.6,26.5,26.7,26.3,26.4,26.51,5.957,6.002,5.912,5.934,5.959,2572850.0,68201461000.0,0.0,0.0,0.2,0.045,0.7634
SSI,2014-07-14,15:07:09,HOSE,STOCK,25.9,28.0,24.4,26.0,26.2,25.7,26.2,25.99,5.844,5.889,5.777,5.889,5.842,1679680.0,43656258000.0,0.0,0.0,0.3,0.0674,1.1583
SSI,2014-07-11,15:07:06,HOSE,STOCK,26.0,27.7,24.1,26.0,26.2,25.7,25.9,25.948,5.844,5.889,5.777,5.822,5.833,3134370.0,81330000000.0,0.0,0.0,-0.1,-0.0225,-0.3846
SSI,2014-07-10,15:07:11,HOSE,STOCK,26.7,27.8,24.2,26.7,26.7,26.0,26.0,26.32,6.002,6.002,5.844,5.844,5.916,5107210.0,134417578000.0,0.0,0.0,-0.7,-0.1573,-2.6217
SSI,2014-07-09,15:07:11,HOSE,STOCK,26.8,28.5,24.9,27.0,27.1,26.7,26.7,26.87,6.069,6.092,6.002,6.002,6.04,2058030.0,55303398000.0,0.0,0.0,-0.1,-0.0225,-0.3731
SSI,2014-07-08,15:07:09,HOSE,STOCK,26.7,28.6,25.0,26.7,26.8,26.4,26.8,26.63,6.002,6.024,5.934,6.024,5.986,2478710.0,66017666000.0,0.0,0.0,0.1,0.0225,0.3745
SSI,2014-07-07,15:07:08,HOSE,STOCK,26.8,28.5,24.9,27.1,27.1,26.6,26.7,26.9,6.092,6.092,5.979,6.002,6.047,2512110.0,67578555000.0,0.0,0.0,-0.1,-0.0225,-0.3731
SSI,2014-07-04,15:07:09,HOSE,STOCK,26.9,28.6,25.0,27.0,27.1,26.6,26.8,26.85,6.069,6.092,5.979,6.024,6.036,4532460.0,121690720000.0,0.0,0.0,-0.1,-0.0225,-0.3717
SSI,2014-07-03,15:07:12,HOSE,STOCK,26.7,28.7,25.1,27.1,27.4,26.7,26.9,27.0,6.092,6.159,6.002,6.047,6.069,3285990.0,88723003000.0,0.0,0.0,0.2,0.045,0.7491
SSI,2014-07-02,15:07:14,HOSE,STOCK,26.4,28.5,24.9,26.5,26.8,26.4,26.7,26.6,5.957,6.024,5.934,6.002,5.979,2467430.0,65634294000.0,0.0,0.0,0.3,0.0674,1.1364
SSI,2014-07-01,15:07:10,HOSE,STOCK,25.9,28.2,24.6,26.0,26.7,25.9,26.4,26.47,5.844,6.002,5.822,5.934,5.95,4277160.0,113211370000.0,0.0,0.0,0.5,0.1124,1.9305
SSI,2014-06-30,15:06:11,HOSE,STOCK,25.9,27.7,24.1,25.9,26.2,25.9,25.9,25.98,5.822,5.889,5.822,5.822,5.84,2704110.0,70265562000.0,0.0,0.0,0.0,0.0,0.0
SSI,2014-06-27,15:06:10,HOSE,STOCK,25.9,27.7,24.1,25.9,26.1,25.8,25.9,25.92,5.822,5.867,5.799,5.822,5.826,2270290.0,58855651000.0,0.0,0.0,0.0,0.0,0.0
SSI,2014-06-26,15:06:12,HOSE,STOCK,26.0,27.7,24.1,26.0,26.3,25.9,25.9,26.13,5.844,5.912,5.822,5.822,5.874,2918600.0,76259797000.0,0.0,0.0,-0.1,-0.0225,-0.3846
SSI,2014-06-25,15:06:09,HOSE,STOCK,25.6,27.8,24.2,25.8,26.3,25.6,26.0,25.928,5.799,5.912,5.755,5.844,5.828,4487610.0,116355000000.0,0.0,0.0,0.4,0.0899,1.5625
SSI,2014-06-24,15:06:10,HOSE,STOCK,25.1,27.3,23.9,25.0,25.6,25.0,25.6,25.29,5.62,5.755,5.62,5.755,5.685,2398270.0,60663724000.0,0.0,0.0,0.5,0.1124,1.992
SSI,2014-06-23,15:06:13,HOSE,STOCK,25.3,26.8,23.4,25.0,25.4,24.9,25.1,25.11,5.62,5.71,5.597,5.642,5.644,1640270.0,41182424000.0,0.0,0.0,-0.2,-0.045,-0.7905
SSI,2014-06-20,15:06:09,HOSE,STOCK,25.4,27.0,23.6,25.7,26.0,25.3,25.3,25.61,5.777,5.844,5.687,5.687,5.757,2363870.0,60545829000.0,0.0,0.0,-0.1,-0.0225,-0.3937
SSI,2014-06-19,15:06:11,HOSE,STOCK,25.6,27.1,23.7,25.0,25.6,24.5,25.4,25.02,5.62,5.755,5.507,5.71,5.624,5285810.0,132230787000.0,0.0,0.0,-0.2,-0.045,-0.7813
SSI,2014-06-18,15:06:46,HOSE,STOCK,26.1,27.3,23.9,26.1,26.2,25.6,25.6,25.86,5.867,5.889,5.755,5.755,5.813,2428270.0,62785140000.0,0.0,0.0,-0.5,-0.1124,-1.9157
SSI,2014-06-17,15:06:53,HOSE,STOCK,25.3,27.9,24.3,25.3,26.3,25.2,26.1,25.84,5.687,5.912,5.665,5.867,5.808,3977680.0,102791727000.0,0.0,0.0,0.8,0.1798,3.1621
SSI,2014-06-16,15:06:06,HOSE,STOCK,25.2,27.0,23.6,25.4,25.7,25.2,25.3,25.4,5.71,5.777,5.665,5.687,5.71,2339630.0,59417570000.0,0.0,0.0,0.1,0.0225,0.3968
SSI,2014-06-13,15:06:06,HOSE,STOCK,25.2,26.9,23.5,25.4,25.4,24.9,25.2,25.2,5.71,5.71,5.597,5.665,5.665,2097910.0,52874065000.0,0.0,0.0,0.0,0.0,0.0
SSI,2014-06-12,15:06:06,HOSE,STOCK,25.1,26.9,23.5,25.1,25.4,24.9,25.2,25.18,5.642,5.71,5.597,5.665,5.66,3201240.0,80592483000.0,0.0,0.0,0.1,0.0225,0.3984
SSI,2014-06-11,15:06:07,HOSE,STOCK,24.4,26.8,23.4,24.6,25.4,24.4,25.1,24.95,5.53,5.71,5.485,5.642,5.608,3481390.0,86854443000.0,0.0,0.0,0.7,0.1573,2.8689
SSI,2014-06-10,15:06:10,HOSE,STOCK,25.4,26.1,22.7,24.9,25.3,24.3,24.4,24.77,5.597,5.687,5.462,5.485,5.568,4801900.0,118958111000.0,0.0,0.0,-1.0,-0.2248,-3.937
SSI,2014-06-09,15:06:06,HOSE,STOCK,24.9,27.1,23.7,25.8,26.4,25.3,25.4,25.78,5.799,5.934,5.687,5.71,5.795,7260540.0,187142981000.0,0.0,0.0,0.5,0.1124,2.008
SSI,2014-06-06,15:06:09,HOSE,STOCK,23.3,26.6,23.2,23.6,24.9,23.4,24.9,24.18,5.305,5.597,5.26,5.597,5.435,4657850.0,112630845000.0,0.0,0.0,1.6,0.3596,6.867
SSI,2014-06-05,15:06:09,HOSE,STOCK,22.8,24.9,21.7,22.8,23.6,22.5,23.3,23.13,5.125,5.305,5.058,5.238,5.199,2544370.0,58840702000.0,0.0,0.0,0.5,0.1124,2.193
SSI,2014-06-04,15:06:12,HOSE,STOCK,23.4,24.3,21.3,23.4,23.4,22.4,22.8,22.89,5.26,5.26,5.035,5.125,5.145,3084380.0,70594634000.0,0.0,0.0,-0.6,-0.1349,-2.5641
SSI,2014-06-03,15:06:09,HOSE,STOCK,23.3,25.0,21.8,23.6,23.7,23.3,23.4,23.5,5.305,5.327,5.238,5.26,5.282,1343370.0,31572736000.0,0.0,0.0,0.1,0.0225,0.4292
SSI,2014-06-02,15:06:11,HOSE,STOCK,24.1,24.9,21.7,24.1,24.1,23.2,23.3,23.61,5.417,5.417,5.215,5.238,5.307,3048200.0,71952848000.0,0.0,0.0,-0.8,-0.1798,-3.3195
SSI,2014-05-30,15:05:13,HOSE,STOCK,24.1,25.7,22.5,24.0,24.5,23.8,24.1,24.16,5.395,5.507,5.35,5.417,5.431,3341240.0,80723463000.0,0.0,0.0,0.0,0.0,0.0
SSI,2014-05-29,15:05:54,HOSE,STOCK,24.6,25.7,22.5,24.3,25.0,24.1,24.1,24.55,5.462,5.62,5.417,5.417,5.519,4115060.0,101006000000.0,0.0,0.0,-0.5,-0.1124,-2.0325
SSI,2014-05-28,15:05:10,HOSE,STOCK,24.4,26.3,22.9,24.8,25.0,24.3,24.6,24.67,5.575,5.62,5.462,5.53,5.545,3592860.0,88626421000.0,0.0,0.0,0.2,0.045,0.8197
SSI,2014-05-27,15:05:06,HOSE,STOCK,23.1,26.1,22.7,23.3,24.4,23.2,24.4,23.85,5.238,5.485,5.215,5.485,5.361,4748400.0,113238769000.0,0.0,0.0,1.3,0.2922,5.6277
SSI,2014-05-26,15:05:10,HOSE,STOCK,23.1,24.7,21.5,22.8,23.3,22.6,23.1,22.94,5.125,5.238,5.08,5.193,5.157,1843090.0,42273373000.0,0.0,0.0,0.0,0.0,0.0
SSI,2014-05-23,15:05:13,HOSE,STOCK,23.1,24.7,21.5,23.0,23.3,22.7,23.1,23.01,5.17,5.238,5.103,5.193,5.172,2013100.0,46324131000.0,0.0,0.0,0.0,0.0,0.0
SSI,2014-05-22,15:05:10,HOSE,STOCK,23.4,24.7,21.5,23.4,23.9,23.0,23.1,23.43,5.26,5.372,5.17,5.193,5.267,3709300.0,86896445000.0,0.0,0.0,-0.3,-0.0674,-1.2821
SSI,2014-05-21,15:05:11,HOSE,STOCK,22.7,25.0,21.8,22.7,23.6,22.3,23.4,23.02,5.103,5.305,5.013,5.26,5.175,3669240.0,84479805000.0,0.0,0.0,0.7,0.1574,3.0837
SSI,2014-05-20,15:05:15,HOSE,STOCK,22.4,24.2,21.2,22.1,22.7,21.8,22.7,22.3,4.968,5.103,4.9,5.103,5.013,3350540.0,74706673000.0,0.0,0.0,0.3,0.0674,1.3393
SSI,2014-05-19,15:05:10,HOSE,STOCK,21.9,23.9,20.9,21.9,22.8,21.5,22.4,22.19,4.923,5.125,4.833,5.035,4.988,2297280.0,50967336000.0,0.0,0.0,0.5,0.1124,2.2831
SSI,2014-05-16,16:05:00,HOSE,STOCK,20.5,23.4,20.4,20.7,21.9,20.6,21.9,21.4,4.653,4.923,4.631,4.923,4.81,3533530.0,75629327000.0,0.0,0.0,1.4,0.3147,6.8293
SSI,2014-05-15,15:05:07,HOSE,STOCK,21.1,21.9,19.1,21.2,22.4,19.7,20.5,21.18,4.765,5.035,4.428,4.608,4.761,5031050.0,106575185000.0,0.0,0.0,-0.6,-0.1349,-2.8436
SSI,2014-05-14,15:05:14,HOSE,STOCK,19.8,22.5,19.7,19.8,21.1,19.8,21.1,20.44,4.451,4.743,4.451,4.743,4.595,3370380.0,68902784000.0,0.0,0.0,1.3,0.2922,6.5657
SSI,2014-05-13,15:05:12,HOSE,STOCK,21.2,21.1,18.5,21.2,21.2,19.8,19.8,20.11,4.765,4.765,4.451,4.451,4.52,4406330.0,88627961000.0,0.0,0.0,-1.4,-0.3147,-6.6038
SSI,2014-05-12,15:05:08,HOSE,STOCK,22.7,22.6,19.8,21.8,22.0,21.2,21.2,21.25,4.9,4.945,4.765,4.765,4.777,2842040.0,60394421000.0,0.0,0.0,-1.5,-0.3371,-6.6079
SSI,2014-05-09,15:05:11,HOSE,STOCK,22.6,24.2,21.2,22.5,23.0,21.9,22.7,22.51,5.058,5.17,4.923,5.103,5.06,4512210.0,101568973000.0,0.0,0.0,0.1,0.0225,0.4425
SSI,2014-05-08,15:05:09,HOSE,STOCK,24.2,25.8,22.6,23.6,23.6,22.6,22.6,22.65,5.305,5.305,5.08,5.08,5.091,5056960.0,114550337000.0,0.0,0.0,-1.6,-0.3596,-6.6116
SSI,2014-05-07,15:05:12,HOSE,STOCK,24.5,25.8,22.6,24.7,24.9,24.0,24.2,24.43,5.552,5.597,5.395,5.44,5.492,1311850.0,32048956000.0,0.0,0.0,-0.3,-0.0674,-1.2245
SSI,2014-05-06,15:05:10,HOSE,STOCK,25.0,26.2,22.8,25.0,25.0,23.4,24.5,23.94,5.62,5.62,5.26,5.507,5.381,5527320.0,132311170000.0,0.0,0.0,-0.5,-0.1124,-2.0
SSI,2014-05-05,15:05:08,HOSE,STOCK,26.7,26.7,23.3,26.7,26.9,25.0,25.0,25.47,6.002,6.047,5.62,5.62,5.725,3163770.0,80592138000.0,0.0,0.0,-1.7,-0.3822,-6.367
SSI,2014-04-29,15:04:08,HOSE,STOCK,26.7,28.5,24.9,26.4,26.9,26.3,26.7,26.55,5.934,6.047,5.912,6.002,5.968,1039120.0,27589979000.0,0.0,0.0,0.0,0.0,0.0
SSI,2014-04-28,15:04:10,HOSE,STOCK,27.2,28.5,24.9,27.3,27.4,26.7,26.7,27.04,6.137,6.159,6.002,6.002,6.078,1760820.0,47613284000.0,0.0,0.0,-0.5,-0.1124,-1.8382
SSI,2014-04-25,15:04:11,HOSE,STOCK,27.0,29.1,25.3,27.0,27.4,27.0,27.2,27.22,6.069,6.159,6.069,6.114,6.119,1893200.0,51528329000.0,0.0,0.0,0.2,0.045,0.7407
SSI,2014-04-24,15:04:11,HOSE,STOCK,26.9,28.8,25.2,26.7,27.3,26.6,27.0,26.9,6.002,6.137,5.979,6.069,6.047,1572780.0,42304437000.0,0.0,0.0,0.1,0.0225,0.3717
SSI,2014-04-23,15:04:10,HOSE,STOCK,27.6,28.7,25.1,27.5,27.8,26.8,26.9,27.35,6.182,6.249,6.024,6.047,6.148,1936580.0,52971597000.0,0.0,0.0,-0.7,-0.1574,-2.5362
SSI,2014-04-22,15:04:10,HOSE,STOCK,25.9,29.5,25.7,26.5,27.6,25.8,27.6,26.46,5.957,6.204,5.799,6.204,5.948,3549090.0,93897675000.0,0.0,0.0,1.7,0.3821,6.5637
SSI,2014-04-21,15:04:55,HOSE,STOCK,27.5,27.7,24.1,27.3,27.4,25.9,25.9,26.44,6.137,6.159,5.822,5.822,5.943,4981780.0,131704036000.0,0.0,0.0,-1.6,-0.3597,-5.8182
SSI,2014-04-18,15:04:11,HOSE,STOCK,29.0,29.4,25.6,29.0,29.0,27.5,27.5,28.1,6.519,6.519,6.182,6.182,6.316,3951130.0,111031350000.0,0.0,0.0,-1.5,-0.3372,-5.1724
SSI,2014-04-17,15:04:09,HOSE,STOCK,28.5,31.0,27.0,28.9,29.3,28.7,29.0,29.0,6.496,6.586,6.451,6.519,6.519,4130780.0,119777542000.0,0.0,0.0,0.5,0.1124,1.7544
SSI,2014-04-16,15:04:08,HOSE,STOCK,29.1,30.4,26.6,28.8,29.1,27.5,28.5,28.35,6.474,6.541,6.182,6.406,6.373,6338890.0,179713857000.0,0.0,0.0,-0.6,-0.1349,-2.0619
SSI,2014-04-15,15:04:10,HOSE,STOCK,30.5,31.1,27.1,30.3,30.5,29.0,29.1,29.87,6.811,6.856,6.519,6.541,6.714,5667080.0,169297087000.0,0.0,0.0,-1.4,-0.3147,-4.5902
SSI,2014-04-14,15:04:10,HOSE,STOCK,30.7,32.8,28.6,31.0,31.2,30.4,30.5,30.76,6.968,7.013,6.834,6.856,6.914,3824920.0,117660525000.0,0.0,0.0,-0.2,-0.045,-0.6515
SSI,2014-04-11,15:04:08,HOSE,STOCK,30.8,32.8,28.6,30.6,31.3,30.3,30.7,30.71,6.878,7.036,6.811,6.901,6.903,5176170.0,158963363000.0,0.0,0.0,-0.1,-0.0225,-0.3247
SSI,2014-04-10,15:04:08,HOSE,STOCK,29.9,31.9,27.9,30.2,31.2,30.2,30.8,30.69,6.789,7.013,6.789,6.923,6.899,6107460.0,187464624000.0,0.0,0.0,0.9,0.2023,3.01
SSI,2014-04-08,15:04:08,HOSE,STOCK,29.4,31.9,27.9,29.6,30.2,29.3,29.9,29.84,6.654,6.789,6.586,6.721,6.708,5235540.0,156247952000.0,0.0,0.0,0.5,0.1124,1.7007
SSI,2014-04-07,15:04:10,HOSE,STOCK,29.1,31.4,27.4,29.4,29.6,29.3,29.4,29.41,6.609,6.654,6.586,6.609,6.611,3218470.0,94657543000.0,0.0,0.0,0.3,0.0674,1.0309
SSI,2014-04-04,15:04:13,HOSE,STOCK,29.2,31.1,27.1,29.2,29.3,28.9,29.1,29.09,6.564,6.586,6.496,6.541,6.539,2646650.0,76979195000.0,0.0,0.0,-0.1,-0.0225,-0.3425
SSI,2014-04-03,15:04:08,HOSE,STOCK,28.8,31.2,27.2,29.2,29.5,28.9,29.2,29.21,6.564,6.631,6.496,6.564,6.566,2584490.0,75496110000.0,0.0,0.0,0.4,0.0899,1.3889
SSI,2014-04-02,15:04:08,HOSE,STOCK,29.1,30.8,26.8,29.2,29.2,28.2,28.8,28.71,6.564,6.564,6.339,6.474,6.454,4144770.0,118985915000.0,0.0,0.0,-0.3,-0.0674,-1.0309
SSI,2014-04-01,15:04:11,HOSE,STOCK,29.8,31.1,27.1,29.5,30.0,28.9,29.1,29.47,6.631,6.744,6.496,6.541,6.624,5034830.0,148360149000.0,0.0,0.0,-0.7,-0.1573,-2.349
SSI,2014-03-31,15:03:08,HOSE,STOCK,29.3,31.8,27.8,29.5,30.2,29.2,29.8,29.7,6.631,6.789,6.564,6.699,6.676,5734500.0,170341729000.0,0.0,0.0,0.5,0.1124,1.7065
SSI,2014-03-28,15:03:08,HOSE,STOCK,28.5,31.3,27.3,28.8,29.4,28.7,29.3,29.09,6.474,6.609,6.451,6.586,6.539,4624830.0,134545031000.0,0.0,0.0,0.8,0.1798,2.807
SSI,2014-03-27,15:03:11,HOSE,STOCK,28.0,30.4,26.6,28.2,28.5,27.6,28.5,28.09,6.339,6.406,6.204,6.406,6.314,3580630.0,100592470000.0,0.0,0.0,0.5,0.1124,1.7857
SSI,2014-03-26,15:03:05,HOSE,STOCK,28.8,29.9,26.1,29.1,29.2,27.8,28.0,28.58,6.541,6.564,6.249,6.294,6.424,6026230.0,172255269000.0,0.0,0.0,-0.8,-0.1798,-2.7778
SSI,2014-03-25,15:03:10,HOSE,STOCK,29.7,30.8,26.8,29.5,29.8,28.8,28.8,29.22,6.631,6.699,6.474,6.474,6.568,5361590.0,156686222000.0,0.0,0.0,-0.9,-0.2023,-3.0303
SSI,2014-03-24,15:03:08,HOSE,STOCK,28.9,31.7,27.7,29.5,29.7,29.2,29.7,29.47,6.631,6.676,6.564,6.676,6.624,2910580.0,85769961000.0,0.0,0.0,0.8,0.1798,2.7682
SSI,2014-03-21,17:03:42,HOSE,STOCK,28.7,30.7,26.7,28.8,29.1,28.7,28.9,28.944,6.474,6.541,6.451,6.496,6.506,2894900.0,83789000000.0,0.0,0.0,0.2,0.045,0.6969
SSI,2014-03-20,15:03:09,HOSE,STOCK,29.3,30.7,26.7,29.3,29.4,28.5,28.7,28.94,6.586,6.609,6.406,6.451,6.505,5849630.0,169280682000.0,0.0,0.0,-0.6,-0.1349,-2.0478
SSI,2014-03-19,15:03:08,HOSE,STOCK,28.9,31.3,27.3,28.9,29.3,28.7,29.3,29.15,6.496,6.586,6.451,6.586,6.553,3818080.0,111278842000.0,0.0,0.0,0.4,0.0899,1.3841
SSI,2014-03-18,15:03:09,HOSE,STOCK,28.8,30.9,26.9,28.9,29.6,28.3,28.9,28.92,6.496,6.654,6.361,6.496,6.501,5016620.0,145100422000.0,0.0,0.0,0.1,0.0225,0.3472
SSI,2014-03-17,15:03:24,HOSE,STOCK,27.4,30.8,26.8,27.8,29.0,27.6,28.8,28.25,6.249,6.519,6.204,6.474,6.35,5058870.0,142917401000.0,0.0,0.0,1.4,0.3147,5.1095
SSI,2014-03-14,15:03:05,HOSE,STOCK,27.4,29.3,25.5,27.3,28.0,27.2,27.4,27.58,6.137,6.294,6.114,6.159,6.2,5054380.0,139379994000.0,0.0,0.0,0.0,0.0,0.0
SSI,2014-03-13,15:03:08,HOSE,STOCK,26.1,29.3,25.5,26.1,27.4,26.0,27.4,26.77,5.867,6.159,5.844,6.159,6.018,7529130.0,201520270000.0,0.0,0.0,1.3,0.2922,4.9808
SSI,2014-03-12,15:03:06,HOSE,STOCK,26.4,27.9,24.3,26.4,26.6,26.0,26.1,26.34,5.934,5.979,5.844,5.867,5.921,3975290.0,104702998000.0,0.0,0.0,-0.3,-0.0674,-1.1364
SSI,2014-03-11,15:03:05,HOSE,STOCK,26.5,28.2,24.6,26.6,26.8,26.2,26.4,26.51,5.979,6.024,5.889,5.934,5.959,3441130.0,91212343000.0,0.0,0.0,-0.1,-0.0225,-0.3774
SSI,2014-03-10,15:03:07,HOSE,STOCK,26.2,28.3,24.7,26.3,26.7,26.2,26.5,26.48,5.912,6.002,5.889,5.957,5.952,2619840.0,69386072000.0,0.0,0.0,0.3,0.0674,1.145
SSI,2014-03-07,15:03:10,HOSE,STOCK,26.0,28.0,24.4,26.0,26.7,25.9,26.2,26.32,5.844,6.002,5.822,5.889,5.916,4547170.0,119688657000.0,0.0,0.0,0.2,0.045,0.7692
SSI,2014-03-06,15:03:09,HOSE,STOCK,25.7,27.8,24.2,25.8,26.3,25.5,26.0,25.95,5.799,5.912,5.732,5.844,5.833,5116840.0,132797131000.0,0.0,0.0,0.3,0.0674,1.1673
SSI,2014-03-05,15:03:10,HOSE,STOCK,25.0,26.7,23.3,25.4,25.7,25.2,25.7,25.42,5.71,5.777,5.665,5.777,5.714,2797840.0,71133167000.0,0.0,0.0,0.7,0.1574,2.8
SSI,2014-03-04,15:03:09,HOSE,STOCK,24.7,26.7,23.3,24.3,25.3,24.2,25.0,24.66,5.462,5.687,5.44,5.62,5.543,4676130.0,115335323000.0,0.0,0.0,0.3,0.0674,1.2146
SSI,2014-03-03,15:03:11,HOSE,STOCK,25.8,26.4,23.0,25.8,25.9,24.5,24.7,25.18,5.799,5.822,5.507,5.552,5.66,5595920.0,140884469000.0,0.0,0.0,-1.1,-0.2473,-4.2636
SSI,2014-02-28,15:02:21,HOSE,STOCK,26.0,27.6,24.0,26.0,26.2,25.3,25.8,25.76,5.844,5.889,5.687,5.799,5.79,5089950.0,131106546000.0,0.0,0.0,-0.2,-0.045,-0.7692
SSI,2014-02-27,15:02:07,HOSE,STOCK,26.9,27.8,24.2,26.7,26.9,25.7,26.0,26.34,6.002,6.047,5.777,5.844,5.921,6315740.0,166369771000.0,0.0,0.0,-0.9,-0.2023,-3.3457
SSI,2014-02-26,15:02:08,HOSE,STOCK,26.8,28.7,25.1,26.5,27.0,26.0,26.9,26.46,5.957,6.069,5.844,6.047,5.948,6660100.0,176225336000.0,0.0,0.0,0.1,0.0225,0.3731
SSI,2014-02-25,15:02:08,HOSE,STOCK,26.4,28.6,25.0,26.0,26.8,26.0,26.8,26.46,5.844,6.024,5.844,6.024,5.948,5381600.0,142419566000.0,0.0,0.0,0.4,0.0899,1.5152
SSI,2014-02-24,15:02:08,HOSE,STOCK,25.2,28.2,24.6,25.2,26.4,24.9,26.4,25.68,5.665,5.934,5.597,5.934,5.773,5020490.0,128918255000.0,0.0,0.0,1.2,0.2697,4.7619
SSI,2014-02-21,15:02:07,HOSE,STOCK,24.5,26.9,23.5,24.5,25.5,24.0,25.2,24.84,5.507,5.732,5.395,5.665,5.584,7336130.0,182213957000.0,0.0,0.0,0.7,0.1574,2.8571
SSI,2014-02-20,15:02:16,HOSE,STOCK,25.7,26.2,22.8,25.7,25.8,24.0,24.5,24.74,5.777,5.799,5.395,5.507,5.561,9303400.0,230142813000.0,0.0,0.0,-1.2,-0.2697,-4.6693
SSI,2014-02-19,15:02:07,HOSE,STOCK,24.9,27.4,24.0,25.5,25.9,25.0,25.7,25.4,5.732,5.822,5.62,5.777,5.71,4799640.0,121904761000.0,0.0,0.0,0.8,0.1798,3.2129
SSI,2014-02-18,15:02:08,HOSE,STOCK,24.4,26.6,23.2,24.3,25.0,24.3,24.9,24.59,5.462,5.62,5.462,5.597,5.527,4476060.0,110061970000.0,0.0,0.0,0.5,0.1124,2.0492
SSI,2014-02-17,15:02:07,HOSE,STOCK,24.6,26.1,22.7,24.3,24.9,24.2,24.4,24.48,5.462,5.597,5.44,5.485,5.503,3504690.0,85809771000.0,0.0,0.0,-0.2,-0.045,-0.813
SSI,2014-02-14,15:02:06,HOSE,STOCK,24.4,26.3,22.9,24.5,24.8,24.1,24.6,24.43,5.507,5.575,5.417,5.53,5.492,3774580.0,92210396000.0,0.0,0.0,0.2,0.045,0.8197
SSI,2014-02-13,15:02:06,HOSE,STOCK,24.4,26.1,22.7,24.6,24.7,23.7,24.4,24.16,5.53,5.552,5.327,5.485,5.431,4636700.0,112044352000.0,0.0,0.0,0.0,0.0,0.0
SSI,2014-02-12,15:02:06,HOSE,STOCK,23.4,26.1,22.7,24.0,24.4,23.5,24.4,23.92,5.395,5.485,5.282,5.485,5.377,5076290.0,121429519000.0,0.0,0.0,1.0,0.2248,4.2735
SSI,2014-02-11,15:02:13,HOSE,STOCK,23.8,25.0,21.8,24.3,24.8,23.3,23.4,24.15,5.462,5.575,5.238,5.26,5.429,5380350.0,129912403000.0,0.0,0.0,-0.4,-0.0899,-1.6807
SSI,2014-02-10,15:02:21,HOSE,STOCK,22.8,25.4,22.2,22.9,23.8,22.9,23.8,23.31,5.148,5.35,5.148,5.35,5.24,4356130.0,101541156000.0,0.0,0.0,1.0,0.2248,4.386
SSI,2014-02-07,15:02:07,HOSE,STOCK,23.5,24.3,21.3,23.5,23.7,22.6,22.8,23.06,5.282,5.327,5.08,5.125,5.184,5263930.0,121385056000.0,0.0,0.0,-0.7,-0.1573,-2.9787
SSI,2014-02-06,15:02:10,HOSE,STOCK,23.0,25.1,21.9,22.7,23.8,22.7,23.5,23.18,5.103,5.35,5.103,5.282,5.211,3081790.0,71448368000.0,0.0,0.0,0.5,0.1124,2.1739
SSI,2014-01-27,15:01:16,HOSE,STOCK,23.0,24.6,21.4,21.9,23.0,21.7,23.0,22.5,4.923,5.17,4.878,5.17,5.058,4409640.0,99234595000.0,0.0,0.0,0.0,0.0,0.0
SSI,2014-01-24,15:01:07,HOSE,STOCK,21.0,23.5,20.5,21.2,22.1,21.1,22.0,21.66,4.765,4.968,4.743,4.945,4.869,4450790.0,96421841000.0,0.0,0.0,1.0,0.2248,4.7619
SSI,2014-01-23,15:01:08,HOSE,STOCK,20.9,22.4,19.6,20.8,21.4,20.7,21.0,21.05,4.676,4.81,4.653,4.721,4.732,3437950.0,72383392000.0,0.0,0.0,0.1,0.0225,0.4785
SSI,2014-01-22,15:01:13,HOSE,STOCK,21.2,22.3,19.5,21.5,21.5,20.7,20.9,21.08,4.833,4.833,4.653,4.698,4.738,4319020.0,91064687000.0,0.0,0.0,-0.3,-0.0674,-1.4151
SSI,2014-01-21,15:01:07,HOSE,STOCK,20.3,22.6,19.8,20.4,21.2,20.1,21.2,20.62,4.586,4.765,4.518,4.765,4.635,4866660.0,100336550000.0,0.0,0.0,0.9,0.2023,4.4335
SSI,2014-01-20,15:01:08,HOSE,STOCK,20.3,21.7,18.9,20.5,20.9,20.2,20.3,20.47,4.608,4.698,4.541,4.563,4.601,4242620.0,86839788000.0,0.0,0.0,0.0,0.0,0.0
SSI,2014-01-17,15:01:06,HOSE,STOCK,20.8,21.7,18.9,21.0,21.5,20.3,20.3,21.07,4.721,4.833,4.563,4.563,4.736,5634060.0,118722704000.0,0.0,0.0,-0.5,-0.1124,-2.4038
SSI,2014-01-16,15:01:09,HOSE,STOCK,20.5,22.2,19.4,20.5,20.8,20.2,20.8,20.5,4.608,4.676,4.541,4.676,4.608,3824870.0,78410075000.0,0.0,0.0,0.3,0.0674,1.4634
SSI,2014-01-15,15:01:07,HOSE,STOCK,19.5,21.9,19.1,19.7,20.8,19.6,20.5,20.37,4.428,4.676,4.406,4.608,4.579,7205910.0,146764121000.0,0.0,0.0,1.0,0.2248,5.1282
SSI,2014-01-14,15:01:07,HOSE,STOCK,19.3,20.8,18.2,19.4,19.7,19.3,19.5,19.48,4.361,4.428,4.338,4.383,4.379,2369950.0,46157337000.0,0.0,0.0,0.2,0.045,1.0363
SSI,2014-01-13,15:01:07,HOSE,STOCK,19.1,20.6,18.0,19.2,19.7,19.2,19.3,19.43,4.316,4.428,4.316,4.338,4.368,3951200.0,76756851000.0,0.0,0.0,0.2,0.045,1.0471
SSI,2014-01-10,15:01:07,HOSE,STOCK,19.5,20.4,17.8,19.5,19.7,19.1,19.1,19.36,4.383,4.428,4.293,4.293,4.352,3561230.0,68961736000.0,0.0,0.0,-0.4,-0.0899,-2.0513
SSI,2014-01-09,15:01:09,HOSE,STOCK,19.0,20.8,18.2,19.2,19.6,19.1,19.5,19.37,4.316,4.406,4.293,4.383,4.354,3616360.0,70039302000.0,0.0,0.0,0.5,0.1124,2.6316
SSI,2014-01-08,15:01:14,HOSE,STOCK,18.0,20.3,17.7,18.1,19.0,18.0,19.0,18.57,4.069,4.271,4.046,4.271,4.174,6898640.0,128131092000.0,0.0,0.0,1.0,0.2248,5.5556
SSI,2014-01-07,15:01:05,HOSE,STOCK,18.3,19.5,17.1,18.4,18.5,18.0,18.0,18.25,4.136,4.159,4.046,4.046,4.102,2109790.0,38504727000.0,0.0,0.0,-0.3,-0.0674,-1.6393
SSI,2014-01-06,15:01:07,HOSE,STOCK,18.0,19.5,17.1,18.0,18.4,17.9,18.3,18.13,4.046,4.136,4.024,4.114,4.075,2614670.0,47409444000.0,0.0,0.0,0.3,0.0674,1.6667
SSI,2014-01-03,15:01:07,HOSE,STOCK,18.0,19.2,16.8,17.8,18.0,17.8,18.0,17.92,4.001,4.046,4.001,4.046,4.028,963110.0,17260260000.0,0.0,0.0,0.0,0.0,0.0
SSI,2014-01-02,15:01:09,HOSE,STOCK,18.0,19.2,16.8,18.1,18.4,17.9,18.0,18.18,4.069,4.136,4.024,4.046,4.087,2523710.0,45877653000.0,0.0,0.0,0.0,0.0,0.0
SSI,2013-12-31,15:12:05,HOSE,STOCK,17.3,19.2,16.8,17.4,18.2,17.3,18.0,17.78,3.911,4.091,3.889,4.046,3.997,2550970.0,45344567000.0,0.0,0.0,0.7,0.1573,4.0462
SSI,2013-12-30,15:12:10,HOSE,STOCK,17.7,18.5,16.1,17.6,17.6,17.3,17.3,17.45,3.956,3.956,3.889,3.889,3.923,1253260.0,21869008000.0,0.0,0.0,-0.4,-0.0899,-2.2599
SSI,2013-12-27,16:12:11,HOSE,STOCK,17.7,18.9,16.5,17.7,17.9,17.6,17.7,17.71,3.979,4.024,3.956,3.979,3.981,688120.0,12186009000.0,0.0,0.0,0.0,0.0,0.0
SSI,2013-12-26,15:12:05,HOSE,STOCK,17.6,18.9,16.5,17.7,17.9,17.6,17.7,17.78,3.979,4.024,3.956,3.979,3.997,900450.0,16010927000.0,0.0,0.0,0.1,0.0225,0.5682
SSI,2013-12-25,15:12:30,HOSE,STOCK,17.6,18.8,16.4,17.6,17.7,17.6,17.6,17.6,3.956,3.979,3.956,3.956,3.956,494150.0,8697850000.0,0.0,0.0,0.0,0.0,0.0
SSI,2013-12-24,15:12:05,HOSE,STOCK,17.9,18.8,16.4,17.9,17.9,17.6,17.6,17.74,4.024,4.024,3.956,3.956,3.988,647290.0,11484408000.0,0.0,0.0,-0.3,-0.0674,-1.676
SSI,2013-12-23,15:12:05,HOSE,STOCK,17.7,18.9,16.5,17.8,17.9,17.7,17.9,17.82,4.001,4.024,3.979,4.024,4.006,862540.0,15366386000.0,0.0,0.0,0.2,0.045,1.1299
SSI,2013-12-20,16:12:45,HOSE,STOCK,17.8,18.9,16.5,17.9,17.9,17.7,17.7,17.77,4.024,4.024,3.979,3.979,3.994,736000.0,13080551000.0,0.0,0.0,-0.1,-0.0225,-0.5618
SSI,2013-12-19,15:12:07,HOSE,STOCK,17.6,19.0,16.6,17.7,18.0,17.7,17.8,17.8,3.979,4.046,3.979,4.001,4.001,1574080.0,28018486000.0,0.0,0.0,0.2,0.045,1.1364
SSI,2013-12-18,15:12:11,HOSE,STOCK,17.7,18.8,16.4,17.7,17.7,17.5,17.6,17.57,3.979,3.979,3.934,3.956,3.949,679370.0,11935275000.0,0.0,0.0,-0.1,-0.0225,-0.565
SSI,2013-12-17,15:12:05,HOSE,STOCK,17.6,18.9,16.5,17.6,17.7,17.6,17.7,17.63,3.956,3.979,3.956,3.979,3.963,747030.0,13169883000.0,0.0,0.0,0.1,0.0225,0.5682
SSI,2013-12-16,15:12:07,HOSE,STOCK,17.7,18.8,16.4,17.6,17.7,17.5,17.6,17.59,3.956,3.979,3.934,3.956,3.954,711400.0,12512717000.0,0.0,0.0,-0.1,-0.0225,-0.565
SSI,2013-12-13,15:12:07,HOSE,STOCK,17.7,18.9,16.5,17.7,17.9,17.6,17.7,17.78,3.979,4.024,3.956,3.979,3.997,737320.0,13109880000.0,0.0,0.0,0.0,0.0,0.0
SSI,2013-12-12,15:12:08,HOSE,STOCK,17.4,18.9,16.5,17.4,17.8,17.3,17.7,17.53,3.911,4.001,3.889,3.979,3.941,1333970.0,23383439000.0,0.0,0.0,0.3,0.0674,1.7241
SSI,2013-12-11,16:12:44,HOSE,STOCK,17.6,18.6,16.2,17.6,17.7,17.4,17.4,17.51,3.956,3.979,3.911,3.911,3.936,2310420.0,40463951000.0,0.0,0.0,-0.2,-0.045,-1.1364
SSI,2013-12-10,15:12:09,HOSE,STOCK,17.8,18.8,16.4,17.9,17.9,17.6,17.6,17.73,4.024,4.024,3.956,3.956,3.985,1834760.0,32528066000.0,0.0,0.0,-0.2,-0.045,-1.1236
SSI,2013-12-09,15:12:24,HOSE,STOCK,18.1,19.0,16.6,18.1,18.2,17.8,17.8,18.0,4.069,4.091,4.001,4.001,4.046,1348690.0,24273537000.0,0.0,0.0,-0.3,-0.0674,-1.6575
SSI,2013-12-06,15:12:08,HOSE,STOCK,18.1,19.3,16.9,18.1,18.2,17.9,18.1,18.0,4.069,4.091,4.024,4.069,4.046,1384450.0,24926828000.0,0.0,0.0,0.0,0.0,0.0
SSI,2013-12-05,15:12:15,HOSE,STOCK,17.9,19.3,16.9,17.9,18.3,17.8,18.1,18.1,4.024,4.114,4.001,4.069,4.069,3684400.0,66672886000.0,0.0,0.0,0.2,0.045,1.1173
SSI,2013-12-04,15:12:08,HOSE,STOCK,17.8,19.1,16.7,17.9,18.0,17.8,17.9,17.93,4.024,4.046,4.001,4.024,4.03,2055690.0,36857121000.0,0.0,0.0,0.1,0.0225,0.5618
SSI,2013-12-03,15:12:03,HOSE,STOCK,17.3,19.0,16.6,17.4,18.1,17.4,17.8,17.8,3.911,4.069,3.911,4.001,4.001,3483640.0,62007577000.0,0.0,0.0,0.5,0.1124,2.8902
SSI,2013-12-02,15:12:10,HOSE,STOCK,17.4,18.5,16.1,17.5,17.6,17.3,17.3,17.37,3.934,3.956,3.889,3.889,3.905,1409600.0,24481665000.0,0.0,0.0,-0.1,-0.0225,-0.5747
SSI,2013-11-29,15:11:05,HOSE,STOCK,17.6,18.6,16.2,17.6,17.7,17.4,17.4,17.53,3.956,3.979,3.911,3.911,3.941,1107280.0,19407306000.0,0.0,0.0,-0.2,-0.045,-1.1364
SSI,2013-11-28,15:11:18,HOSE,STOCK,17.7,18.8,16.4,17.7,17.8,17.5,17.6,17.66,3.979,4.001,3.934,3.956,3.97,982470.0,17348214000.0,0.0,0.0,-0.1,-0.0225,-0.565
SSI,2013-11-27,15:11:09,HOSE,STOCK,17.8,18.9,16.5,17.9,18.0,17.6,17.7,17.78,4.024,4.046,3.956,3.979,3.997,1847350.0,32853459000.0,0.0,0.0,-0.1,-0.0225,-0.5618
SSI,2013-11-26,15:11:14,HOSE,STOCK,17.6,19.0,16.6,17.6,17.9,17.5,17.8,17.71,3.956,4.024,3.934,4.001,3.981,1315420.0,23291000000.0,0.0,0.0,0.2,0.045,1.1364
SSI,2013-11-25,17:11:56,HOSE,STOCK,17.4,18.8,16.4,17.7,17.9,17.6,17.6,17.8,3.979,4.024,3.956,3.956,4.001,3750980.0,66762091000.0,0.0,0.0,0.2,0.045,1.1494
SSI,2013-11-22,15:11:11,HOSE,STOCK,17.3,18.6,16.2,17.4,17.5,17.3,17.4,17.38,3.911,3.934,3.889,3.911,3.907,1388420.0,24134932000.0,0.0,0.0,0.1,0.0225,0.578
SSI,2013-11-21,15:11:07,HOSE,STOCK,17.5,18.5,16.1,17.7,17.9,17.3,17.3,17.68,3.979,4.024,3.889,3.889,3.974,2570790.0,45446518000.0,0.0,0.0,-0.2,-0.045,-1.1429
SSI,2013-11-20,15:11:53,HOSE,STOCK,17.5,18.7,16.3,17.4,17.5,17.3,17.5,17.44,3.911,3.934,3.889,3.934,3.92,1604000.0,27970299000.0,0.0,0.0,0.0,0.0,0.0
SSI,2013-11-19,15:11:08,HOSE,STOCK,17.6,18.7,16.3,17.6,17.7,17.5,17.5,17.6,3.956,3.979,3.934,3.934,3.956,984920.0,17330837000.0,0.0,0.0,-0.1,-0.0225,-0.5682
SSI,2013-11-18,21:11:48,HOSE,STOCK,17.2,18.8,16.4,17.3,17.8,17.2,17.6,17.599,3.889,4.001,3.866,3.956,3.956,2966440.0,52207000000.0,0.0,0.0,0.4,0.0899,2.3256
SSI,2013-11-15,16:11:48,HOSE,STOCK,16.7,17.8,15.6,16.7,17.3,16.7,17.2,17.11,3.754,3.889,3.754,3.866,3.846,3758080.0,64311597000.0,0.0,0.0,0.5,0.1124,2.994
SSI,2013-11-14,15:11:09,HOSE,STOCK,16.7,17.8,15.6,16.8,16.8,16.6,16.7,16.69,3.776,3.776,3.731,3.754,3.752,453720.0,7570570000.0,0.0,0.0,0.0,0.0,0.0
SSI,2013-11-13,16:11:02,HOSE,STOCK,16.8,17.8,15.6,16.7,16.9,16.6,16.7,16.74,3.754,3.799,3.731,3.754,3.763,363090.0,6078636000.0,0.0,0.0,-0.1,-0.0225,-0.5952
SSI,2013-11-12,16:11:38,HOSE,STOCK,17.0,17.9,15.7,17.1,17.1,16.8,16.8,16.95,3.844,3.844,3.776,3.776,3.81,1173960.0,19899457000.0,0.0,0.0,-0.2,-0.045,-1.1765
SSI,2013-11-11,15:11:35,HOSE,STOCK,16.9,18.1,15.9,16.9,17.0,16.8,17.0,16.91,3.799,3.821,3.776,3.821,3.801,944360.0,15971064000.0,0.0,0.0,0.1,0.0225,0.5917
SSI,2013-11-08,15:11:57,HOSE,STOCK,16.8,18.0,15.8,16.8,16.9,16.8,16.9,16.82,3.776,3.799,3.776,3.799,3.781,444680.0,7477303000.0,0.0,0.0,0.1,0.0225,0.5952
SSI,2013-11-07,15:11:02,HOSE,STOCK,16.9,17.9,15.7,16.9,17.0,16.8,16.8,16.88,3.799,3.821,3.776,3.776,3.794,1613460.0,27234818000.0,0.0,0.0,-0.1,-0.0225,-0.5917
SSI,2013-11-06,16:11:11,HOSE,STOCK,16.8,18.0,15.8,16.8,16.9,16.7,16.9,16.81,3.776,3.799,3.754,3.799,3.779,1058590.0,17789985000.0,0.0,0.0,0.1,0.0225,0.5952
SSI,2013-11-05,15:11:56,HOSE,STOCK,16.6,17.9,15.7,16.6,16.8,16.5,16.8,16.67,3.731,3.776,3.709,3.776,3.747,858520.0,14309213000.0,0.0,0.0,0.2,0.045,1.2048
SSI,2013-11-04,15:11:03,HOSE,STOCK,16.5,17.7,15.5,16.5,16.6,16.4,16.6,16.47,3.709,3.731,3.686,3.731,3.702,752530.0,12393900000.0,0.0,0.0,0.1,0.0225,0.6061
SSI,2013-11-01,15:11:16,HOSE,STOCK,16.5,17.6,15.4,16.5,16.6,16.4,16.5,16.49,3.709,3.731,3.686,3.709,3.707,387960.0,6397784000.0,0.0,0.0,0.0,0.0,0.0
SSI,2013-10-31,15:10:00,HOSE,STOCK,16.5,17.6,15.4,16.5,16.6,16.5,16.5,16.52,3.709,3.731,3.709,3.709,3.713,162050.0,2677627000.0,0.0,0.0,0.0,0.0,0.0
SSI,2013-10-30,15:10:03,HOSE,STOCK,16.6,17.6,15.4,16.6,16.7,16.5,16.5,16.6,3.731,3.754,3.709,3.709,3.731,221910.0,3682994000.0,0.0,0.0,-0.1,-0.0225,-0.6024
SSI,2013-10-29,15:10:05,HOSE,STOCK,16.5,17.7,15.5,16.5,16.6,16.4,16.6,16.53,3.709,3.731,3.686,3.731,3.716,459240.0,7589159000.0,0.0,0.0,0.1,0.0225,0.6061
SSI,2013-10-28,16:10:31,HOSE,STOCK,16.5,17.6,15.4,16.6,16.7,16.5,16.5,16.55,3.731,3.754,3.709,3.709,3.72,603210.0,9981945000.0,0.0,0.0,0.0,0.0,0.0
SSI,2013-10-25,15:10:06,HOSE,STOCK,16.6,17.6,15.4,16.6,16.7,16.5,16.5,16.56,3.731,3.754,3.709,3.709,3.722,782650.0,12961931000.0,0.0,0.0,-0.1,-0.0225,-0.6024
SSI,2013-10-24,16:10:19,HOSE,STOCK,16.8,17.9,15.7,16.8,16.9,16.6,16.6,16.75,3.776,3.799,3.731,3.731,3.765,663070.0,11103290000.0,0.0,0.0,-0.2,-0.045,-1.1905
SSI,2013-10-23,17:10:41,HOSE,STOCK,16.8,17.9,15.7,16.8,16.9,16.7,16.8,16.811,3.776,3.799,3.754,3.776,3.779,960440.0,16146000000.0,0.0,0.0,0.0,0.0,0.0
SSI,2013-10-22,15:10:08,HOSE,STOCK,17.0,18.1,15.9,16.9,17.0,16.7,16.8,16.818,3.799,3.821,3.754,3.776,3.78,890760.0,14980820000.0,0.0,0.0,-0.2,-0.045,-1.1765
SSI,2013-10-21,15:10:07,HOSE,STOCK,16.9,18.0,15.8,17.1,17.2,16.9,17.0,17.06,3.844,3.866,3.799,3.821,3.835,1783090.0,30425042000.0,0.0,0.0,0.1,0.0225,0.5917
SSI,2013-10-18,15:10:12,HOSE,STOCK,16.8,18.0,15.8,16.8,16.9,16.7,16.9,16.82,3.776,3.799,3.754,3.799,3.781,399050.0,6711665000.0,0.0,0.0,0.1,0.0225,0.5952
SSI,2013-10-17,15:10:08,HOSE,STOCK,16.8,17.9,15.7,16.9,17.0,16.7,16.8,16.87,3.799,3.821,3.754,3.776,3.792,939020.0,15839820000.0,0.0,0.0,0.0,0.0,0.0
SSI,2013-10-16,15:10:08,HOSE,STOCK,16.6,17.9,15.7,16.7,16.9,16.6,16.8,16.8,3.754,3.799,3.731,3.776,3.776,801890.0,13475014000.0,0.0,0.0,0.2,0.045,1.2048
SSI,2013-10-15,15:10:11,HOSE,STOCK,16.5,17.7,15.5,16.5,16.7,16.5,16.6,16.59,3.709,3.754,3.709,3.731,3.729,546370.0,9064928000.0,0.0,0.0,0.1,0.0225,0.6061
SSI,2013-10-14,15:10:15,HOSE,STOCK,16.6,17.6,15.4,16.7,16.7,16.5,16.5,16.59,3.754,3.754,3.709,3.709,3.729,373220.0,6191908000.0,0.0,0.0,-0.1,-0.0225,-0.6024
SSI,2013-10-11,15:10:07,HOSE,STOCK,16.7,17.8,15.6,16.8,16.8,16.6,16.6,16.66,3.776,3.776,3.731,3.731,3.745,908780.0,15144582000.0,0.0,0.0,-0.1,-0.0225,-0.5988
SSI,2013-10-10,15:10:08,HOSE,STOCK,16.8,17.9,15.7,16.8,17.0,16.6,16.7,16.79,3.776,3.821,3.731,3.754,3.774,622390.0,10452289000.0,0.0,0.0,-0.1,-0.0225,-0.5952
SSI,2013-10-09,15:10:08,HOSE,STOCK,17.0,18.1,15.9,17.0,17.0,16.8,16.8,16.88,3.821,3.821,3.776,3.776,3.794,629640.0,10630061000.0,0.0,0.0,-0.2,-0.045,-1.1765
SSI,2013-10-08,15:10:09,HOSE,STOCK,16.7,17.8,15.6,16.7,17.2,16.6,17.0,16.96,3.754,3.866,3.731,3.821,3.812,4264360.0,72331776000.0,0.0,0.0,0.3,0.0674,1.7964
SSI,2013-10-07,15:10:05,HOSE,STOCK,16.4,17.5,15.3,16.4,16.8,16.4,16.7,16.64,3.686,3.776,3.686,3.754,3.74,1087930.0,18099260000.0,0.0,0.0,0.3,0.0674,1.8293
SSI,2013-10-04,15:10:05,HOSE,STOCK,16.6,17.7,15.5,16.4,16.5,16.3,16.4,16.41,3.686,3.709,3.664,3.686,3.689,825860.0,13552914000.0,0.0,0.0,-0.2,-0.045,-1.2048
SSI,2013-10-03,15:10:12,HOSE,STOCK,16.7,17.7,15.5,16.6,16.7,16.4,16.6,16.49,3.731,3.754,3.686,3.731,3.707,1343620.0,22156859000.0,0.0,0.0,-0.1,-0.0225,-0.5988
SSI,2013-10-02,15:10:10,HOSE,STOCK,16.6,17.8,15.6,16.7,16.8,16.6,16.7,16.72,3.754,3.776,3.731,3.754,3.758,919060.0,15365893000.0,0.0,0.0,0.1,0.0225,0.6024
SSI,2013-10-01,15:10:05,HOSE,STOCK,16.6,17.7,15.5,16.7,17.0,16.5,16.6,16.76,3.754,3.821,3.709,3.731,3.767,2640870.0,44265048000.0,0.0,0.0,0.0,0.0,0.0
SSI,2013-09-30,15:09:08,HOSE,STOCK,16.2,17.7,15.5,16.2,16.7,16.2,16.6,16.46,3.642,3.754,3.642,3.731,3.7,1773960.0,29204637000.0,0.0,0.0,0.4,0.0899,2.4691
SSI,2013-09-27,15:09:07,HOSE,STOCK,16.2,17.3,15.1,16.3,16.3,16.0,16.2,16.17,3.664,3.664,3.597,3.642,3.635,622430.0,10064055000.0,0.0,0.0,0.0,0.0,0.0
SSI,2013-09-26,15:09:09,HOSE,STOCK,16.3,17.3,15.1,16.3,16.4,16.1,16.2,16.25,3.664,3.686,3.619,3.642,3.653,458120.0,7446196000.0,0.0,0.0,-0.1,-0.0225,-0.6135
SSI,2013-09-25,15:09:04,HOSE,STOCK,16.2,17.3,15.1,16.2,16.4,16.1,16.3,16.26,3.642,3.686,3.619,3.664,3.655,1483080.0,24114595000.0,0.0,0.0,0.1,0.0225,0.6173
SSI,2013-09-24,15:09:14,HOSE,STOCK,16.1,17.3,15.1,16.1,16.3,16.1,16.2,16.19,3.619,3.664,3.619,3.642,3.639,756430.0,12244334000.0,0.0,0.0,0.1,0.0225,0.6211
SSI,2013-09-23,16:09:10,HOSE,STOCK,15.8,16.9,14.7,15.9,16.1,15.7,16.1,15.9,3.574,3.619,3.529,3.619,3.574,740760.0,11780047000.0,0.0,0.0,0.3,0.0674,1.8987
SSI,2013-09-20,15:09:08,HOSE,STOCK,15.8,16.9,14.7,15.8,15.9,15.7,15.8,15.8,3.552,3.574,3.529,3.552,3.552,260860.0,4121846000.0,0.0,0.0,0.0,0.0,0.0
SSI,2013-09-19,15:09:03,HOSE,STOCK,15.7,16.9,14.7,15.9,15.9,15.8,15.8,15.85,3.574,3.574,3.552,3.552,3.563,251900.0,3991963000.0,0.0,0.0,0.1,0.0225,0.6369
SSI,2013-09-18,15:09:08,HOSE,STOCK,15.8,16.7,14.7,15.9,15.9,15.7,15.7,15.75,3.574,3.574,3.529,3.529,3.54,703430.0,11077813000.0,0.0,0.0,-0.1,-0.0225,-0.6329
SSI,2013-09-17,15:09:04,HOSE,STOCK,15.9,16.9,14.7,15.9,15.9,15.7,15.8,15.81,3.574,3.574,3.529,3.552,3.554,241400.0,3816865000.0,0.0,0.0,-0.1,-0.0225,-0.6289
SSI,2013-09-16,15:09:03,HOSE,STOCK,15.9,17.0,14.8,16.0,16.0,15.8,15.9,15.9,3.597,3.597,3.552,3.574,3.574,377000.0,5995889000.0,0.0,0.0,0.0,0.0,0.0
SSI,2013-09-13,15:09:09,HOSE,STOCK,15.9,17.0,14.8,15.8,16.0,15.8,15.9,15.89,3.552,3.597,3.552,3.574,3.572,284880.0,4526133000.0,0.0,0.0,0.0,0.0,0.0
SSI,2013-09-12,15:09:05,HOSE,STOCK,15.9,17.0,14.8,15.9,16.0,15.8,15.9,15.89,3.574,3.597,3.552,3.574,3.572,137750.0,2189146000.0,0.0,0.0,0.0,0.0,0.0
SSI,2013-09-11,15:09:08,HOSE,STOCK,15.9,17.0,14.8,16.0,16.1,15.8,15.9,15.93,3.597,3.619,3.552,3.574,3.581,347440.0,5534496000.0,0.0,0.0,0.0,0.0,0.0
SSI,2013-09-10,15:09:11,HOSE,STOCK,15.8,17.0,14.8,15.9,15.9,15.7,15.9,15.81,3.574,3.574,3.529,3.574,3.554,636710.0,10068286000.0,0.0,0.0,0.1,0.0225,0.6329
SSI,2013-09-09,15:09:08,HOSE,STOCK,16.2,16.9,14.7,16.2,16.2,15.7,15.8,15.83,3.642,3.642,3.529,3.552,3.558,727670.0,11515378000.0,0.0,0.0,-0.4,-0.0899,-2.4691
SSI,2013-09-06,15:09:19,HOSE,STOCK,15.9,17.3,15.1,16.1,16.2,15.9,16.2,16.06,3.619,3.642,3.574,3.642,3.61,546310.0,8771830000.0,0.0,0.0,0.3,0.0674,1.8868
SSI,2013-09-05,15:09:08,HOSE,STOCK,15.8,17.0,14.8,15.9,16.0,15.7,15.9,15.88,3.574,3.597,3.529,3.574,3.57,562180.0,8928076000.0,0.0,0.0,0.1,0.0225,0.6329
SSI,2013-09-04,15:09:04,HOSE,STOCK,16.1,17.2,15.0,16.2,16.2,15.7,15.8,15.86,3.642,3.642,3.529,3.552,3.565,1139400.0,18067012000.0,0.0,0.0,-0.3,-0.0674,-1.8634
SSI,2013-09-03,15:09:05,HOSE,STOCK,16.3,17.4,15.2,16.3,16.4,16.1,16.1,16.23,3.664,3.686,3.619,3.619,3.648,238810.0,3875209000.0,0.0,0.0,-0.2,-0.045,-1.227
SSI,2013-08-30,15:08:10,HOSE,STOCK,16.2,17.3,15.1,16.2,16.3,16.1,16.3,16.2,3.642,3.664,3.619,3.664,3.642,388640.0,6296758000.0,0.0,0.0,0.1,0.0225,0.6173
SSI,2013-08-29,15:08:12,HOSE,STOCK,16.3,17.3,15.1,16.4,16.4,16.2,16.2,16.27,3.686,3.686,3.642,3.642,3.657,551060.0,8966568000.0,0.0,0.0,-0.1,-0.0225,-0.6135
SSI,2013-08-28,15:08:08,HOSE,STOCK,16.5,17.4,15.2,16.4,16.5,16.1,16.3,16.24,3.686,3.709,3.619,3.664,3.651,1759780.0,28577334000.0,0.0,0.0,-0.2,-0.045,-1.2121
SSI,2013-08-27,15:08:05,HOSE,STOCK,16.6,17.6,15.4,16.6,16.7,16.4,16.5,16.54,3.731,3.754,3.686,3.709,3.718,470070.0,7776617000.0,0.0,0.0,-0.1,-0.0225,-0.6024
SSI,2013-08-26,15:08:12,HOSE,STOCK,16.5,17.6,15.4,16.5,16.6,16.4,16.6,16.49,3.709,3.731,3.686,3.731,3.707,676890.0,11161771000.0,0.0,0.0,0.1,0.0225,0.6061
SSI,2013-08-23,15:08:13,HOSE,STOCK,16.6,17.6,15.4,16.7,16.7,16.4,16.5,16.57,3.754,3.754,3.686,3.709,3.725,928980.0,15389926000.0,0.0,0.0,-0.1,-0.0225,-0.6024
SSI,2013-08-22,15:08:08,HOSE,STOCK,16.9,17.7,15.5,16.8,17.0,16.5,16.6,16.72,3.776,3.821,3.709,3.731,3.758,1055050.0,17641062000.0,0.0,0.0,-0.3,-0.0674,-1.7751
SSI,2013-08-21,15:08:07,HOSE,STOCK,17.1,18.2,16.0,17.0,17.1,16.8,16.9,16.9,3.821,3.844,3.776,3.799,3.799,737260.0,12459738000.0,0.0,0.0,-0.2,-0.045,-1.1696
SSI,2013-08-20,15:08:05,HOSE,STOCK,17.2,18.4,16.0,17.2,17.4,17.0,17.1,17.15,3.866,3.911,3.821,3.844,3.855,1038490.0,17808055000.0,0.0,0.0,-0.1,-0.0225,-0.5814
SSI,2013-08-19,15:08:05,HOSE,STOCK,16.6,17.7,15.5,16.8,17.3,16.8,17.2,17.12,3.776,3.889,3.776,3.866,3.848,3530770.0,60438700000.0,0.0,0.0,0.6,0.1349,3.6145
SSI,2013-08-16,15:08:04,HOSE,STOCK,16.6,17.7,15.5,16.7,16.7,16.4,16.6,16.54,3.754,3.754,3.686,3.731,3.718,465300.0,7697567000.0,0.0,0.0,0.0,0.0,0.0
SSI,2013-08-15,15:08:04,HOSE,STOCK,16.4,17.7,15.5,16.5,16.7,16.3,16.6,16.49,3.709,3.754,3.664,3.731,3.707,893580.0,14739439000.0,0.0,0.0,0.2,0.045,1.2195
SSI,2013-08-14,15:08:14,HOSE,STOCK,16.2,17.3,15.1,16.2,16.5,16.1,16.4,16.24,3.642,3.709,3.619,3.686,3.651,798440.0,12966957000.0,0.0,0.0,0.2,0.045,1.2346
SSI,2013-08-13,15:08:05,HOSE,STOCK,16.3,17.3,15.1,16.3,16.4,16.2,16.2,16.31,3.664,3.686,3.642,3.642,3.666,319150.0,5204052000.0,0.0,0.0,-0.1,-0.0225,-0.6135
SSI,2013-08-12,15:08:05,HOSE,STOCK,16.4,17.4,15.2,16.5,16.5,16.3,16.3,16.37,3.709,3.709,3.664,3.664,3.68,235570.0,3857442000.0,0.0,0.0,-0.1,-0.0225,-0.6098
SSI,2013-08-09,15:08:04,HOSE,STOCK,16.5,17.5,15.3,16.5,16.6,16.4,16.4,16.46,3.709,3.731,3.686,3.686,3.7,258000.0,4246468000.0,0.0,0.0,-0.1,-0.0225,-0.6061
SSI,2013-08-08,15:08:05,HOSE,STOCK,16.6,17.6,15.4,16.6,16.7,16.4,16.5,16.5,3.731,3.754,3.686,3.709,3.709,320970.0,5295507000.0,0.0,0.0,-0.1,-0.0225,-0.6024
SSI,2013-08-07,15:08:04,HOSE,STOCK,16.5,17.7,15.5,16.5,16.7,16.4,16.6,16.56,3.709,3.754,3.686,3.731,3.722,681590.0,11290152000.0,0.0,0.0,0.1,0.0225,0.6061
SSI,2013-08-06,15:08:05,HOSE,STOCK,16.5,17.6,15.4,16.5,16.6,16.4,16.5,16.471,3.709,3.731,3.686,3.709,3.702,416980.0,6868000000.0,0.0,0.0,0.0,0.0,0.0
SSI,2013-08-05,15:08:04,HOSE,STOCK,16.6,17.6,15.4,16.6,16.7,16.4,16.5,16.53,3.731,3.754,3.686,3.709,3.716,441320.0,7294564000.0,0.0,0.0,-0.1,-0.0225,-0.6024
SSI,2013-08-02,15:08:04,HOSE,STOCK,16.7,17.7,15.5,16.7,16.7,16.5,16.6,16.61,3.754,3.754,3.709,3.731,3.734,434630.0,7219567000.0,0.0,0.0,-0.1,-0.0225,-0.5988
SSI,2013-08-01,15:08:05,HOSE,STOCK,16.5,17.8,15.6,16.4,16.7,16.4,16.7,16.51,3.686,3.754,3.686,3.754,3.711,641610.0,10593862000.0,0.0,0.0,0.2,0.045,1.2121
SSI,2013-07-31,15:07:06,HOSE,STOCK,16.4,17.6,15.4,16.5,16.6,16.4,16.5,16.44,3.709,3.731,3.686,3.709,3.695,231230.0,3801239000.0,0.0,0.0,0.1,0.0225,0.6098
SSI,2013-07-30,15:07:10,HOSE,STOCK,16.3,17.4,15.2,16.3,16.5,16.3,16.4,16.44,3.664,3.709,3.664,3.686,3.695,404810.0,6653695000.0,0.0,0.0,0.1,0.0225,0.6135
SSI,2013-07-29,15:07:04,HOSE,STOCK,16.5,17.6,15.4,16.6,16.6,16.3,16.3,16.38,3.731,3.731,3.664,3.664,3.682,537490.0,8806606000.0,0.0,0.0,-0.2,-0.045,-1.2121
SSI,2013-07-26,15:07:05,HOSE,STOCK,16.6,17.7,15.5,16.8,16.8,16.4,16.5,16.51,3.776,3.776,3.686,3.709,3.711,1185300.0,19568515000.0,0.0,0.0,-0.1,-0.0225,-0.6024
SSI,2013-07-25,15:07:04,HOSE,STOCK,16.8,17.9,15.7,16.9,17.0,16.6,16.6,16.76,3.799,3.821,3.731,3.731,3.767,712010.0,11936659000.0,0.0,0.0,-0.2,-0.045,-1.1905
SSI,2013-07-24,15:07:04,HOSE,STOCK,17.1,18.2,16.0,17.1,17.1,16.8,16.8,16.9,3.844,3.844,3.776,3.776,3.799,927780.0,15677338000.0,0.0,0.0,-0.3,-0.0674,-1.7544
SSI,2013-07-23,15:07:09,HOSE,STOCK,17.9,18.0,15.8,17.2,17.2,17.0,17.1,17.096,3.866,3.866,3.821,3.844,3.843,2251750.0,38495403000.0,0.0,0.0,-0.8,-0.1798,-4.4693
SSI,2013-07-22,15:07:03,HOSE,STOCK,16.9,18.0,15.8,18.1,18.1,17.8,17.9,17.91,3.841,3.841,3.778,3.799,3.801,1556660.0,27883487000.0,0.0,0.0,1.0,0.2122,5.9172
SSI,2013-07-19,14:07:05,HOSE,STOCK,18.1,19.3,16.9,18.1,18.3,18.0,18.2,18.144,3.841,3.884,3.82,3.862,3.851,606360.0,11002000000.0,0.0,0.0,0.1,0.0212,0.5525
SSI,2013-07-18,14:07:05,HOSE,STOCK,18.2,19.4,17.0,18.1,18.3,18.1,18.1,18.15,3.841,3.884,3.841,3.841,3.852,855500.0,15526610000.0,0.0,0.0,-0.1,-0.0212,-0.5495
SSI,2013-07-17,14:07:05,HOSE,STOCK,18.1,19.3,16.9,18.1,18.3,18.0,18.2,18.13,3.841,3.884,3.82,3.862,3.848,924790.0,16769326000.0,0.0,0.0,0.1,0.0212,0.5525
SSI,2013-07-16,14:07:03,HOSE,STOCK,18.1,19.3,16.9,18.1,18.2,18.0,18.1,18.1,3.841,3.862,3.82,3.841,3.841,535670.0,9697022000.0,0.0,0.0,0.0,0.0,0.0
SSI,2013-07-15,14:07:05,HOSE,STOCK,18.1,19.3,16.9,18.1,18.2,18.0,18.1,18.11,3.841,3.862,3.82,3.841,3.843,991980.0,17963103000.0,0.0,0.0,0.0,0.0,0.0
SSI,2013-07-12,14:07:04,HOSE,STOCK,17.8,19.0,16.6,17.8,18.2,17.8,18.1,18.022,3.778,3.862,3.778,3.841,3.825,1485870.0,26779000000.0,0.0,0.0,0.3,0.0637,1.6854
SSI,2013-07-11,14:07:04,HOSE,STOCK,17.4,18.6,16.2,17.7,17.8,17.6,17.8,17.72,3.756,3.778,3.735,3.778,3.761,1139860.0,20201095000.0,0.0,0.0,0.4,0.0849,2.2989
SSI,2013-07-10,14:07:05,HOSE,STOCK,17.3,18.5,16.1,17.4,17.6,17.4,17.4,17.46,3.693,3.735,3.693,3.693,3.705,520130.0,9080341000.0,0.0,0.0,0.1,0.0212,0.578
SSI,2013-07-09,14:07:05,HOSE,STOCK,17.4,18.6,16.2,17.5,17.5,17.3,17.3,17.346,3.714,3.714,3.671,3.671,3.681,745300.0,12928000000.0,0.0,0.0,-0.1,-0.0212,-0.5747
SSI,2013-07-08,14:07:04,HOSE,STOCK,17.4,18.6,16.2,17.7,17.7,17.4,17.4,17.489,3.756,3.756,3.693,3.693,3.712,545310.0,9537000000.0,0.0,0.0,0.0,0.0,0.0
SSI,2013-07-05,14:07:03,HOSE,STOCK,17.6,18.8,16.4,17.7,17.8,17.5,17.6,17.65,3.756,3.778,3.714,3.735,3.746,415630.0,7335931000.0,0.0,0.0,0.0,0.0,0.0
SSI,2013-07-04,14:07:04,HOSE,STOCK,17.6,18.8,16.4,17.7,17.7,17.6,17.6,17.61,3.756,3.756,3.735,3.735,3.737,445430.0,7845176000.0,0.0,0.0,0.0,0.0,0.0
SSI,2013-07-03,14:07:06,HOSE,STOCK,17.7,18.9,16.5,17.8,17.8,17.6,17.6,17.69,3.778,3.778,3.735,3.735,3.754,357160.0,6318284000.0,0.0,0.0,-0.1,-0.0212,-0.565
SSI,2013-07-02,14:07:05,HOSE,STOCK,17.6,18.8,16.4,17.6,17.8,17.6,17.7,17.67,3.735,3.778,3.735,3.756,3.75,607060.0,10728175000.0,0.0,0.0,0.1,0.0212,0.5682
SSI,2013-07-01,14:07:04,HOSE,STOCK,17.6,18.8,16.4,17.5,17.6,17.4,17.6,17.48,3.714,3.735,3.693,3.735,3.71,382560.0,6688168000.0,0.0,0.0,0.0,0.0,0.0
SSI,2013-06-28,14:06:04,HOSE,STOCK,17.7,18.9,16.5,17.8,17.8,17.6,17.6,17.67,3.778,3.778,3.735,3.735,3.75,755260.0,13345572000.0,0.0,0.0,-0.1,-0.0212,-0.565
SSI,2013-06-27,14:06:05,HOSE,STOCK,17.3,18.5,16.1,17.4,17.7,17.3,17.7,17.54,3.693,3.756,3.671,3.756,3.722,1316650.0,23088590000.0,0.0,0.0,0.4,0.0849,2.3121
SSI,2013-06-26,14:06:03,HOSE,STOCK,17.4,18.6,16.2,17.4,17.6,17.3,17.3,17.37,3.693,3.735,3.671,3.671,3.686,1031050.0,17912320000.0,0.0,0.0,-0.1,-0.0212,-0.5747
SSI,2013-06-25,14:06:04,HOSE,STOCK,17.8,19.0,16.6,17.8,17.9,17.1,17.4,17.43,3.778,3.799,3.629,3.693,3.699,1880550.0,32780899000.0,0.0,0.0,-0.4,-0.0849,-2.2472
SSI,2013-06-24,14:06:05,HOSE,STOCK,17.8,19.0,16.6,18.0,18.1,17.7,17.8,17.888,3.82,3.841,3.756,3.778,3.796,1039300.0,18591000000.0,0.0,0.0,0.0,0.0,0.0
SSI,2013-06-21,14:06:04,HOSE,STOCK,17.9,19.1,16.7,17.8,17.9,17.7,17.8,17.783,3.778,3.799,3.756,3.778,3.774,776170.0,13803000000.0,0.0,0.0,-0.1,-0.0212,-0.5587
SSI,2013-06-20,14:06:05,HOSE,STOCK,18.1,19.3,16.9,18.1,18.1,17.9,17.9,17.955,3.841,3.841,3.799,3.799,3.81,633930.0,11382000000.0,0.0,0.0,-0.2,-0.0424,-1.105
SSI,2013-06-19,14:06:04,HOSE,STOCK,18.2,19.4,17.0,18.0,18.3,18.0,18.1,18.129,3.82,3.884,3.82,3.841,3.847,487010.0,8829000000.0,0.0,0.0,-0.1,-0.0212,-0.5495
SSI,2013-06-18,14:06:05,HOSE,STOCK,18.0,19.2,16.8,18.0,18.2,17.8,18.2,17.99,3.82,3.862,3.778,3.862,3.818,854830.0,15377241000.0,0.0,0.0,0.2,0.0424,1.1111
SSI,2013-06-17,14:06:04,HOSE,STOCK,18.4,19.6,17.2,18.4,18.5,18.0,18.0,18.15,3.905,3.926,3.82,3.82,3.852,1674550.0,30399174000.0,0.0,0.0,-0.4,-0.0849,-2.1739
SSI,2013-06-14,14:06:04,HOSE,STOCK,18.5,19.7,17.3,18.7,18.7,18.4,18.4,18.503,3.969,3.969,3.905,3.905,3.927,868920.0,16078000000.0,0.0,0.0,-0.1,-0.0212,-0.5405
SSI,2013-06-13,14:06:04,HOSE,STOCK,18.6,19.9,17.3,18.6,18.7,18.3,18.5,18.49,3.947,3.969,3.884,3.926,3.924,1506120.0,27845259000.0,0.0,0.0,-0.1,-0.0212,-0.5376
SSI,2013-06-12,14:06:04,HOSE,STOCK,18.6,19.9,17.3,18.6,18.8,18.5,18.6,18.67,3.947,3.99,3.926,3.947,3.962,905120.0,16901156000.0,0.0,0.0,0.0,0.0,0.0
SSI,2013-06-11,14:06:05,HOSE,STOCK,18.9,20.2,17.6,18.9,19.0,18.6,18.6,18.76,4.011,4.032,3.947,3.947,3.981,1592310.0,29871046000.0,0.0,0.0,-0.3,-0.0637,-1.5873
SSI,2013-06-10,14:06:04,HOSE,STOCK,19.1,20.4,17.8,19.3,19.4,18.9,18.9,19.12,4.096,4.117,4.011,4.011,4.058,1484290.0,28375892000.0,0.0,0.0,-0.2,-0.0424,-1.0471
SSI,2013-06-07,14:06:04,HOSE,STOCK,18.7,20.0,17.4,18.9,19.2,18.8,19.1,19.01,4.011,4.075,3.99,4.053,4.034,2656280.0,50490712000.0,0.0,0.0,0.4,0.0849,2.139
SSI,2013-06-06,14:06:07,HOSE,STOCK,18.6,19.9,17.3,18.5,18.9,18.4,18.7,18.69,3.926,4.011,3.905,3.969,3.966,1170160.0,21873270000.0,0.0,0.0,0.1,0.0212,0.5376
SSI,2013-06-05,14:06:04,HOSE,STOCK,18.3,19.5,17.1,18.3,18.7,18.2,18.6,18.365,3.884,3.969,3.862,3.947,3.897,1436480.0,26381000000.0,0.0,0.0,0.3,0.0637,1.6393
SSI,2013-06-04,14:06:07,HOSE,STOCK,18.6,19.9,17.3,18.6,18.9,18.3,18.3,18.58,3.947,4.011,3.884,3.884,3.943,2340850.0,43491323000.0,0.0,0.0,-0.3,-0.0637,-1.6129
SSI,2013-06-03,14:06:05,HOSE,STOCK,19.0,20.3,17.7,19.0,19.1,18.6,18.6,18.87,4.032,4.053,3.947,3.947,4.005,2416450.0,45606915000.0,0.0,0.0,-0.4,-0.0849,-2.1053
SSI,2013-05-31,14:05:04,HOSE,STOCK,19.2,20.5,17.9,19.5,19.7,19.0,19.0,19.413,4.138,4.181,4.032,4.032,4.12,3062750.0,59457000000.0,0.0,0.0,-0.2,-0.0424,-1.0417
SSI,2013-05-30,14:05:05,HOSE,STOCK,19.0,20.3,17.7,19.0,19.2,18.8,19.2,19.02,4.032,4.075,3.99,4.075,4.036,1617760.0,30763077000.0,0.0,0.0,0.2,0.0424,1.0526
SSI,2013-05-29,14:05:03,HOSE,STOCK,18.8,20.1,17.5,19.1,19.5,18.9,19.0,19.24,4.053,4.138,4.011,4.032,4.083,5041000.0,96993299000.0,0.0,0.0,0.2,0.0424,1.0638
SSI,2013-05-28,14:05:05,HOSE,STOCK,18.4,19.6,17.2,18.4,18.8,18.4,18.8,18.66,3.905,3.99,3.905,3.99,3.96,3212970.0,59962089000.0,0.0,0.0,0.4,0.0849,2.1739
SSI,2013-05-27,14:05:04,HOSE,STOCK,17.9,19.1,16.7,18.2,18.7,18.1,18.4,18.43,3.862,3.969,3.841,3.905,3.911,3049780.0,56192285000.0,0.0,0.0,0.5,0.1061,2.7933
SSI,2013-05-24,14:05:03,HOSE,STOCK,17.7,18.9,16.5,17.8,18.0,17.6,17.9,17.834,3.778,3.82,3.735,3.799,3.785,1301620.0,23213000000.0,0.0,0.0,0.2,0.0424,1.1299
SSI,2013-05-23,14:05:05,HOSE,STOCK,17.9,19.1,16.7,17.7,18.0,17.6,17.7,17.81,3.756,3.82,3.735,3.756,3.78,1229010.0,21889000000.0,0.0,0.0,-0.2,-0.0424,-1.1173
SSI,2013-05-22,14:05:04,HOSE,STOCK,17.9,19.1,16.7,18.2,18.2,17.7,17.9,17.91,3.862,3.862,3.756,3.799,3.801,910570.0,16306861000.0,0.0,0.0,0.0,0.0,0.0
SSI,2013-05-21,14:05:05,HOSE,STOCK,17.4,18.6,16.2,17.6,18.2,17.6,17.9,17.859,3.735,3.862,3.735,3.799,3.79,2691250.0,48063000000.0,0.0,0.0,0.5,0.1061,2.8736
SSI,2013-05-20,14:05:05,HOSE,STOCK,17.3,18.5,16.1,17.4,17.5,17.3,17.4,17.387,3.693,3.714,3.671,3.693,3.69,455390.0,7918000000.0,0.0,0.0,0.1,0.0212,0.578
SSI,2013-05-17,14:05:03,HOSE,STOCK,17.4,18.6,16.2,17.4,17.4,17.2,17.3,17.331,3.693,3.693,3.65,3.671,3.678,265830.0,4607000000.0,0.0,0.0,-0.1,-0.0212,-0.5747
SSI,2013-05-16,14:05:07,HOSE,STOCK,17.4,18.6,16.2,17.4,17.6,17.3,17.4,17.433,3.693,3.735,3.671,3.693,3.7,739630.0,12894000000.0,0.0,0.0,0.0,0.0,0.0
SSI,2013-05-15,14:05:04,HOSE,STOCK,17.3,18.5,16.1,17.2,17.4,17.1,17.4,17.255,3.65,3.693,3.629,3.693,3.662,460920.0,7953000000.0,0.0,0.0,0.1,0.0212,0.578
SSI,2013-05-14,14:05:05,HOSE,STOCK,17.5,18.7,16.3,17.4,17.5,17.1,17.3,17.257,3.693,3.714,3.629,3.671,3.662,686960.0,11855000000.0,0.0,0.0,-0.2,-0.0424,-1.1429
SSI,2013-05-13,14:05:05,HOSE,STOCK,17.4,18.6,16.2,17.4,17.7,17.4,17.5,17.505,3.693,3.756,3.693,3.714,3.715,274380.0,4803000000.0,0.0,0.0,0.1,0.0212,0.5747
SSI,2013-05-10,14:05:04,HOSE,STOCK,17.5,18.7,16.3,17.5,17.5,17.3,17.4,17.422,3.714,3.714,3.671,3.693,3.697,475160.0,8278000000.0,0.0,0.0,-0.1,-0.0212,-0.5714
SSI,2013-05-09,14:05:04,HOSE,STOCK,17.3,18.5,16.1,17.4,17.6,17.3,17.5,17.476,3.693,3.735,3.671,3.714,3.709,536390.0,9374000000.0,0.0,0.0,0.2,0.0424,1.1561
SSI,2013-05-08,14:05:03,HOSE,STOCK,17.5,18.7,16.3,17.5,17.7,17.3,17.3,17.441,3.714,3.756,3.671,3.671,3.701,475260.0,8289000000.0,0.0,0.0,-0.2,-0.0424,-1.1429
SSI,2013-05-07,14:05:05,HOSE,STOCK,17.9,19.1,16.7,17.8,17.9,17.5,17.5,17.728,3.778,3.799,3.714,3.714,3.762,669740.0,11873000000.0,0.0,0.0,-0.4,-0.0849,-2.2346
SSI,2013-05-06,14:05:04,HOSE,STOCK,17.1,18.2,16.0,17.3,17.9,17.3,17.9,17.58,3.671,3.799,3.671,3.799,3.731,1103210.0,19394000000.0,0.0,0.0,0.8,0.1698,4.6784
SSI,2013-05-03,14:05:03,HOSE,STOCK,17.0,18.1,15.9,16.9,17.1,16.9,17.1,17.022,3.587,3.629,3.587,3.629,3.612,384620.0,6547000000.0,0.0,0.0,0.1,0.0212,0.5882
SSI,2013-05-02,14:05:05,HOSE,STOCK,17.1,18.2,16.0,17.1,17.2,17.0,17.0,17.021,3.629,3.65,3.608,3.608,3.612,259320.0,4414000000.0,0.0,0.0,-0.1,-0.0212,-0.5848
SSI,2013-04-26,14:04:03,HOSE,STOCK,17.2,18.4,16.0,17.1,17.2,17.0,17.1,17.091,3.629,3.65,3.608,3.629,3.627,337370.0,5766000000.0,0.0,0.0,-0.1,-0.0212,-0.5814
SSI,2013-04-25,14:04:04,HOSE,STOCK,17.2,18.4,16.0,17.1,17.3,17.1,17.2,17.234,3.629,3.671,3.629,3.65,3.657,399440.0,6884000000.0,0.0,0.0,0.0,0.0,0.0
SSI,2013-04-24,14:04:03,HOSE,STOCK,17.1,18.2,16.0,17.2,17.3,17.0,17.2,17.149,3.65,3.671,3.608,3.65,3.639,337110.0,5781000000.0,0.0,0.0,0.1,0.0212,0.5848
SSI,2013-04-23,14:04:05,HOSE,STOCK,16.9,18.0,15.8,17.1,17.3,17.0,17.1,17.125,3.629,3.671,3.608,3.629,3.634,555610.0,9515000000.0,0.0,0.0,0.2,0.0424,1.1834
SSI,2013-04-22,14:04:09,HOSE,STOCK,17.2,18.4,16.0,17.2,17.3,16.8,16.9,16.993,3.65,3.671,3.565,3.587,3.606,954610.0,16222000000.0,0.0,0.0,-0.3,-0.0637,-1.7442
SSI,2013-04-18,14:04:06,HOSE,STOCK,17.5,18.7,16.3,17.4,17.5,17.2,17.2,17.271,3.693,3.714,3.65,3.65,3.665,874900.0,15110000000.0,0.0,0.0,-0.3,-0.0637,-1.7143
SSI,2013-04-17,14:04:07,HOSE,STOCK,17.4,18.6,16.2,17.5,17.6,17.3,17.5,17.445,3.714,3.735,3.671,3.714,3.702,467920.0,8163000000.0,0.0,0.0,0.1,0.0212,0.5747
SSI,2013-04-16,14:04:07,HOSE,STOCK,17.4,18.6,16.2,17.2,17.6,17.0,17.4,17.3,3.65,3.735,3.608,3.693,3.671,1264560.0,21877000000.0,0.0,0.0,0.0,0.0,0.0
SSI,2013-04-15,14:04:04,HOSE,STOCK,17.8,19.0,16.6,17.8,17.8,17.3,17.4,17.505,3.778,3.778,3.671,3.693,3.715,1816500.0,31797000000.0,0.0,0.0,-0.4,-0.0849,-2.2472
SSI,2013-04-12,14:04:04,HOSE,STOCK,18.3,19.5,17.1,18.4,18.4,17.7,17.8,17.961,3.905,3.905,3.756,3.778,3.812,1448730.0,26020000000.0,0.0,0.0,-0.5,-0.1061,-2.7322
SSI,2013-04-11,14:04:05,HOSE,STOCK,18.5,19.7,17.3,18.6,18.6,18.1,18.3,18.395,3.947,3.947,3.841,3.884,3.904,2215430.0,40752000000.0,0.0,0.0,-0.2,-0.0424,-1.0811
SSI,2013-04-10,14:04:04,HOSE,STOCK,19.0,20.3,17.7,19.0,19.2,18.5,18.5,18.857,4.032,4.075,3.926,3.926,4.002,1776470.0,33499000000.0,0.0,0.0,-0.5,-0.1061,-2.6316
SSI,2013-04-09,14:04:04,HOSE,STOCK,18.5,19.7,17.3,18.5,19.1,18.4,19.0,18.79,3.926,4.053,3.905,4.032,3.988,3700250.0,69526000000.0,0.0,0.0,0.5,0.1061,2.7027
SSI,2013-04-08,14:04:04,HOSE,STOCK,17.9,19.1,16.7,18.0,18.8,18.0,18.5,18.333,3.82,3.99,3.82,3.926,3.891,3156030.0,57860000000.0,0.0,0.0,0.6,0.1273,3.352
SSI,2013-04-05,14:04:04,HOSE,STOCK,17.7,18.9,16.5,17.9,17.9,17.6,17.9,17.758,3.799,3.799,3.735,3.799,3.769,867680.0,15408000000.0,0.0,0.0,0.2,0.0424,1.1299
SSI,2013-04-04,14:04:05,HOSE,STOCK,17.9,19.1,16.7,17.9,18.0,17.7,17.7,17.806,3.799,3.82,3.756,3.756,3.779,1122120.0,19980000000.0,0.0,0.0,-0.2,-0.0424,-1.1173
SSI,2013-04-03,14:04:03,HOSE,STOCK,18.0,19.2,16.8,18.0,18.2,17.8,17.9,18.005,3.82,3.862,3.778,3.799,3.821,1191170.0,21447000000.0,0.0,0.0,-0.1,-0.0212,-0.5556
SSI,2013-04-02,14:04:04,HOSE,STOCK,18.0,19.2,16.8,18.0,18.5,18.0,18.0,18.234,3.82,3.926,3.82,3.82,3.87,2162610.0,39433000000.0,0.0,0.0,0.0,0.0,0.0
SSI,2013-04-01,14:04:04,HOSE,STOCK,17.5,18.7,16.3,17.3,18.0,17.3,18.0,17.616,3.671,3.82,3.671,3.82,3.738,1235400.0,21763000000.0,0.0,0.0,0.5,0.1061,2.8571
SSI,2013-03-29,14:03:04,HOSE,STOCK,17.4,18.6,16.2,17.2,17.5,17.0,17.5,17.24,3.65,3.714,3.608,3.714,3.659,1242810.0,21426000000.0,0.0,0.0,0.1,0.0212,0.5747
SSI,2013-03-28,14:03:05,HOSE,STOCK,17.5,18.7,16.3,17.5,17.8,17.4,17.4,17.554,3.714,3.778,3.693,3.693,3.725,882660.0,15494000000.0,0.0,0.0,-0.1,-0.0212,-0.5714
SSI,2013-03-27,14:03:03,HOSE,STOCK,17.8,19.0,16.6,17.8,17.8,17.5,17.5,17.645,3.778,3.778,3.714,3.714,3.745,932910.0,16461000000.0,0.0,0.0,-0.3,-0.0637,-1.6854
SSI,2013-03-26,14:03:05,HOSE,STOCK,17.9,19.1,16.7,18.0,18.1,17.8,17.8,17.944,3.82,3.841,3.778,3.778,3.808,852060.0,15289000000.0,0.0,0.0,-0.1,-0.0212,-0.5587
SSI,2013-03-25,14:03:09,HOSE,STOCK,17.8,19.0,16.6,17.9,18.0,17.7,17.9,17.862,3.799,3.82,3.756,3.799,3.791,377340.0,6740000000.0,0.0,0.0,0.1,0.0212,0.5618
SSI,2013-03-22,14:03:04,HOSE,STOCK,18.1,19.3,16.9,18.2,18.2,17.6,17.8,17.883,3.862,3.862,3.735,3.778,3.795,892970.0,15969000000.0,0.0,0.0,-0.3,-0.0637,-1.6575
SSI,2013-03-21,14:03:05,HOSE,STOCK,17.9,19.1,16.7,18.0,18.3,18.0,18.1,18.141,3.82,3.884,3.82,3.841,3.85,1474410.0,26747000000.0,0.0,0.0,0.2,0.0424,1.1173
SSI,2013-03-20,14:03:12,HOSE,STOCK,17.9,19.1,16.7,17.9,18.2,17.8,17.9,18.014,3.799,3.862,3.778,3.799,3.823,798610.0,14386000000.0,0.0,0.0,0.0,0.0,0.0
SSI,2013-03-19,14:03:05,HOSE,STOCK,17.8,19.0,16.6,17.7,17.9,17.6,17.9,17.756,3.756,3.799,3.735,3.799,3.768,564980.0,10032000000.0,0.0,0.0,0.1,0.0212,0.5618
SSI,2013-03-18,14:03:04,HOSE,STOCK,18.0,19.2,16.8,18.0,18.1,17.8,17.8,17.887,3.82,3.841,3.778,3.778,3.796,791230.0,14153000000.0,0.0,0.0,-0.2,-0.0424,-1.1111
SSI,2013-03-15,14:03:05,HOSE,STOCK,17.8,19.0,16.6,17.8,18.1,17.8,18.0,17.938,3.778,3.841,3.778,3.82,3.807,737050.0,13221000000.0,0.0,0.0,0.2,0.0424,1.1236
SSI,2013-03-14,14:03:05,HOSE,STOCK,17.8,19.0,16.6,17.8,18.0,17.7,17.8,17.828,3.778,3.82,3.756,3.778,3.783,365220.0,6511000000.0,0.0,0.0,0.0,0.0,0.0
SSI,2013-03-13,14:03:03,HOSE,STOCK,18.0,19.2,16.8,18.1,18.1,17.8,17.8,17.974,3.841,3.841,3.778,3.778,3.814,1096700.0,19712000000.0,0.0,0.0,-0.2,-0.0424,-1.1111
SSI,2013-03-12,14:03:05,HOSE,STOCK,18.2,19.4,17.0,18.2,18.3,17.6,18.0,17.949,3.862,3.884,3.735,3.82,3.809,1455420.0,26124000000.0,0.0,0.0,-0.2,-0.0424,-1.0989
SSI,2013-03-11,14:03:05,HOSE,STOCK,17.6,18.8,16.4,17.8,18.2,17.6,18.2,17.877,3.778,3.862,3.735,3.862,3.794,1006000.0,17984000000.0,0.0,0.0,0.6,0.1273,3.4091
SSI,2013-03-08,14:03:03,HOSE,STOCK,17.4,18.6,16.2,17.4,17.7,17.4,17.6,17.568,3.693,3.756,3.693,3.735,3.728,680480.0,11955000000.0,0.0,0.0,0.2,0.0424,1.1494
SSI,2013-03-07,14:03:05,HOSE,STOCK,17.5,18.7,16.3,17.5,17.7,17.2,17.4,17.443,3.714,3.756,3.65,3.693,3.702,792750.0,13828000000.0,0.0,0.0,-0.1,-0.0212,-0.5714
SSI,2013-03-06,14:03:07,HOSE,STOCK,17.2,18.4,16.0,17.6,17.6,17.3,17.5,17.435,3.735,3.735,3.671,3.714,3.7,549630.0,9583000000.0,0.0,0.0,0.3,0.0637,1.7442
SSI,2013-03-05,14:03:08,HOSE,STOCK,17.3,18.5,16.1,17.2,17.5,16.9,17.2,17.196,3.65,3.714,3.587,3.65,3.649,1773310.0,30494000000.0,0.0,0.0,-0.1,-0.0212,-0.578
SSI,2013-03-04,14:03:04,HOSE,STOCK,18.1,19.3,16.9,18.1,18.1,17.2,17.3,17.59,3.841,3.841,3.65,3.671,3.733,1866190.0,32827000000.0,0.0,0.0,-0.8,-0.1698,-4.4199
SSI,2013-03-01,14:03:05,HOSE,STOCK,18.1,19.3,16.9,18.1,18.3,18.0,18.1,18.111,3.841,3.884,3.82,3.841,3.844,1109840.0,20100000000.0,0.0,0.0,0.0,0.0,0.0
SSI,2013-02-28,14:02:05,HOSE,STOCK,17.8,19.0,16.6,18.0,18.4,17.8,18.1,18.132,3.82,3.905,3.778,3.841,3.848,1367940.0,24804000000.0,0.0,0.0,0.3,0.0637,1.6854
SSI,2013-02-27,14:02:03,HOSE,STOCK,17.3,18.5,16.1,17.5,17.8,17.1,17.8,17.511,3.714,3.778,3.629,3.778,3.716,1856640.0,32512000000.0,0.0,0.0,0.5,0.1061,2.8902
SSI,2013-02-26,14:02:05,HOSE,STOCK,18.3,19.5,17.1,18.2,18.3,17.2,17.3,17.751,3.862,3.884,3.65,3.671,3.767,2574750.0,45705000000.0,0.0,0.0,-1.0,-0.2122,-5.4645
SSI,2013-02-25,14:02:04,HOSE,STOCK,18.3,19.5,17.1,18.3,18.5,18.2,18.3,18.338,3.884,3.926,3.862,3.884,3.892,831410.0,15246000000.0,0.0,0.0,0.0,0.0,0.0
SSI,2013-02-22,14:02:04,HOSE,STOCK,18.0,19.2,16.8,18.6,18.8,17.8,18.3,18.185,3.947,3.99,3.778,3.884,3.859,3612190.0,65688000000.0,0.0,0.0,0.3,0.0637,1.6667
SSI,2013-02-21,14:02:04,HOSE,STOCK,19.3,20.6,18.0,19.4,19.5,18.0,18.0,18.785,4.117,4.138,3.82,3.82,3.987,2882510.0,54149000000.0,0.0,0.0,-1.3,-0.2759,-6.7358
SSI,2013-02-20,14:02:04,HOSE,STOCK,19.3,20.6,18.0,19.3,19.5,19.0,19.3,19.217,4.096,4.138,4.032,4.096,4.078,2172780.0,41755000000.0,0.0,0.0,0.0,0.0,0.0
SSI,2013-02-19,14:02:05,HOSE,STOCK,19.6,20.9,18.3,19.6,19.7,19.2,19.3,19.508,4.16,4.181,4.075,4.096,4.14,2381710.0,46462000000.0,0.0,0.0,-0.3,-0.0637,-1.5306
SSI,2013-02-18,14:02:04,HOSE,STOCK,19.4,20.7,18.1,19.6,20.0,19.4,19.6,19.652,4.16,4.244,4.117,4.16,4.171,1941090.0,38146000000.0,0.0,0.0,0.2,0.0424,1.0309
SSI,2013-02-08,14:02:05,HOSE,STOCK,19.4,20.7,18.1,19.4,19.6,19.2,19.4,19.445,4.117,4.16,4.075,4.117,4.127,1281420.0,24917000000.0,0.0,0.0,0.0,0.0,0.0
SSI,2013-02-07,14:02:05,HOSE,STOCK,19.2,20.5,17.9,19.4,19.5,19.2,19.4,19.347,4.117,4.138,4.075,4.117,4.106,1313760.0,25417000000.0,0.0,0.0,0.2,0.0424,1.0417
SSI,2013-02-06,14:02:04,HOSE,STOCK,18.6,19.9,17.3,18.8,19.5,18.7,19.2,19.039,3.99,4.138,3.969,4.075,4.04,1261810.0,24024000000.0,0.0,0.0,0.6,0.1273,3.2258
SSI,2013-02-05,14:02:05,HOSE,STOCK,18.6,19.9,17.3,18.5,18.7,18.4,18.6,18.564,3.926,3.969,3.905,3.947,3.94,1003820.0,18635000000.0,0.0,0.0,0.0,0.0,0.0
SSI,2013-02-04,14:02:05,HOSE,STOCK,18.5,19.7,17.3,18.8,18.8,18.5,18.6,18.672,3.99,3.99,3.926,3.947,3.963,1165800.0,21768000000.0,0.0,0.0,0.1,0.0212,0.5405
SSI,2013-02-01,14:02:06,HOSE,STOCK,18.6,19.9,17.3,18.5,18.6,18.3,18.5,18.42,3.926,3.947,3.884,3.926,3.909,1581680.0,29134000000.0,0.0,0.0,-0.1,-0.0212,-0.5376
SSI,2013-01-31,14:01:05,HOSE,STOCK,19.0,20.3,17.7,18.8,18.9,18.6,18.6,18.737,3.99,4.011,3.947,3.947,3.976,2437540.0,45673000000.0,0.0,0.0,-0.4,-0.0849,-2.1053
SSI,2013-01-30,14:01:03,HOSE,STOCK,19.0,20.3,17.7,19.1,19.3,18.8,19.0,19.048,4.053,4.096,3.99,4.032,4.042,2005370.0,38199000000.0,0.0,0.0,0.0,0.0,0.0
SSI,2013-01-29,14:01:05,HOSE,STOCK,18.9,20.2,17.6,18.9,19.3,18.7,19.0,19.009,4.011,4.096,3.969,4.032,4.034,2148400.0,40838000000.0,0.0,0.0,0.1,0.0212,0.5291
SSI,2013-01-28,14:01:04,HOSE,STOCK,18.4,19.6,17.2,18.6,19.4,18.5,18.9,18.999,3.947,4.117,3.926,4.011,4.032,4754420.0,90330000000.0,0.0,0.0,0.5,0.1061,2.7174
SSI,2013-01-25,14:01:03,HOSE,STOCK,17.8,19.0,16.6,18.0,18.6,17.9,18.4,18.383,3.82,3.947,3.799,3.905,3.901,3449360.0,63408000000.0,0.0,0.0,0.6,0.1273,3.3708
SSI,2013-01-24,14:01:04,HOSE,STOCK,17.3,18.5,16.1,17.4,17.8,17.3,17.8,17.561,3.693,3.778,3.671,3.778,3.727,1263620.0,22190000000.0,0.0,0.0,0.5,0.1061,2.8902
SSI,2013-01-23,14:01:04,HOSE,STOCK,17.2,18.4,16.0,17.2,17.5,17.0,17.3,17.242,3.65,3.714,3.608,3.671,3.659,1425160.0,24573000000.0,0.0,0.0,0.1,0.0212,0.5814
SSI,2013-01-22,14:01:05,HOSE,STOCK,17.8,19.0,16.6,17.8,18.0,17.0,17.2,17.38,3.778,3.82,3.608,3.65,3.688,2162460.0,37583000000.0,0.0,0.0,-0.6,-0.1273,-3.3708
SSI,2013-01-21,14:01:04,HOSE,STOCK,17.7,18.9,16.5,18.2,18.3,17.7,17.8,17.97,3.862,3.884,3.756,3.778,3.814,1661850.0,29864000000.0,0.0,0.0,0.1,0.0212,0.565
SSI,2013-01-18,14:01:03,HOSE,STOCK,18.1,19.3,16.9,18.0,18.1,17.6,17.7,17.799,3.82,3.841,3.735,3.756,3.777,2452790.0,43657000000.0,0.0,0.0,-0.4,-0.0849,-2.2099
SSI,2013-01-17,14:01:05,HOSE,STOCK,18.6,19.9,17.3,18.5,18.6,18.1,18.1,18.312,3.926,3.947,3.841,3.841,3.886,2908600.0,53261000000.0,0.0,0.0,-0.5,-0.1061,-2.6882
SSI,2013-01-16,14:01:03,HOSE,STOCK,18.4,19.6,17.2,18.7,19.0,18.4,18.6,18.656,3.969,4.032,3.905,3.947,3.959,2094470.0,39075000000.0,0.0,0.0,0.2,0.0424,1.087
SSI,2013-01-15,14:01:05,HOSE,STOCK,17.9,19.1,16.7,18.0,18.7,17.8,18.4,18.204,3.82,3.969,3.778,3.905,3.863,3048860.0,55500000000.0,0.0,0.0,0.5,0.1061,2.7933
SSI,2013-01-14,14:01:11,HOSE,STOCK,18.1,19.0,17.2,17.8,18.3,17.6,17.9,17.927,3.778,3.884,3.735,3.799,3.804,2817430.0,50508000000.0,0.0,0.0,-0.2,-0.0424,-1.105
SSI,2013-01-11,14:01:04,HOSE,STOCK,17.9,18.7,17.1,18.4,18.4,17.8,18.1,18.133,3.905,3.905,3.778,3.841,3.848,3875980.0,70284000000.0,0.0,0.0,0.2,0.0424,1.1173
SSI,2013-01-10,14:01:05,HOSE,STOCK,17.3,18.1,16.5,17.3,17.9,17.1,17.9,17.47,3.671,3.799,3.629,3.799,3.707,2255250.0,39399000000.0,0.0,0.0,0.6,0.1273,3.4682
SSI,2013-01-09,14:01:04,HOSE,STOCK,17.3,18.1,16.5,17.8,18.1,17.2,17.3,17.751,3.778,3.841,3.65,3.671,3.767,5797920.0,102920000000.0,0.0,0.0,0.0,0.0,0.0
SSI,2013-01-08,14:01:05,HOSE,STOCK,16.6,17.4,15.8,16.5,17.4,16.5,17.3,16.995,3.502,3.693,3.502,3.671,3.607,4216410.0,71658000000.0,0.0,0.0,0.7,0.1485,4.2169
SSI,2013-01-07,14:01:04,HOSE,STOCK,16.6,17.4,15.8,16.8,17.0,16.6,16.6,16.734,3.565,3.608,3.523,3.523,3.551,2252310.0,37691000000.0,0.0,0.0,0.0,0.0,0.0
SSI,2013-01-04,14:01:07,HOSE,STOCK,16.4,17.2,15.6,16.3,16.8,16.2,16.6,16.496,3.459,3.565,3.438,3.523,3.501,2132210.0,35174000000.0,0.0,0.0,0.2,0.0424,1.2195
SSI,2013-01-03,14:01:06,HOSE,STOCK,16.8,17.6,16.0,16.7,16.8,16.2,16.4,16.471,3.544,3.565,3.438,3.48,3.495,2733270.0,45021000000.0,0.0,0.0,-0.4,-0.0849,-2.381
SSI,2013-01-02,14:01:04,HOSE,STOCK,16.3,17.1,15.5,16.5,17.0,16.5,16.8,16.741,3.502,3.608,3.502,3.565,3.553,2474280.0,41422000000.0,0.0,0.0,0.5,0.1061,3.0675
