code,date,time,floor,type,basicPrice,ceilingPrice,floorPrice,open,high,low,close,average,adOpen,adHigh,adLow,adClose,adAverage,nmVolume,nmValue,ptVolume,ptValue,change,adChange,pctChange
VIC,2025-11-03,15:11:03,HOSE,STOCK,191.0,204.3,177.7,191.1,199.5,186.0,195.4,194.286,191.1,199.5,186.0,195.4,194.286,3627000.0,704674840000.0,1000000.0,191000000000.0,4.4,4.4,2.3037
VIC,2025-10-31,15:10:03,HOSE,STOCK,204.1,218.3,189.9,202.0,203.7,191.0,191.0,194.245,202.0,203.7,191.0,191.0,194.245,7461600.0,1449375400000.0,20000.0,4242000000.0,-13.1,-13.1,-6.4184
VIC,2025-10-30,15:10:05,HOSE,STOCK,212.0,226.8,197.2,210.5,211.8,201.5,204.1,204.637,210.5,211.8,201.5,204.1,204.637,3772500.0,771993600000.0,120000.0,24836300000.0,-7.9,-7.9,-3.7264
VIC,2025-10-29,15:10:03,HOSE,STOCK,220.1,235.5,204.7,219.0,219.0,211.9,212.0,214.099,219.0,219.0,211.9,212.0,214.099,2739200.0,586460520000.0,100000.0,21394400000.0,-8.1,-8.1,-3.6801
VIC,2025-10-28,15:10:05,HOSE,STOCK,214.0,228.9,199.1,213.5,220.6,199.1,220.1,207.716,213.5,220.6,199.1,220.1,207.716,5205500.0,1081267560000.0,100000.0,20760900000.0,6.1,6.1,2.8505
VIC,2025-10-27,15:10:02,HOSE,STOCK,219.0,234.3,203.7,222.9,226.5,214.0,214.0,220.023,222.9,226.5,214.0,214.0,220.023,3889100.0,855690890000.0,5400000.0,1110625200000.0,-5.0,-5.0,-2.2831
VIC,2025-10-24,15:10:03,HOSE,STOCK,215.0,230.0,200.0,215.4,222.9,215.1,219.0,219.052,215.4,222.9,215.1,219.0,219.052,3412900.0,747603490000.0,400000.0,87594100000.0,4.0,4.0,1.8605
VIC,2025-10-23,15:10:02,HOSE,STOCK,203.0,217.2,188.8,202.9,215.5,200.0,215.0,208.773,202.9,215.5,200.0,215.0,208.773,4761200.0,994008330000.0,0.0,0.0,12.0,12.0,5.9113
VIC,2025-10-22,15:10:02,HOSE,STOCK,203.4,217.6,189.2,204.0,204.0,193.0,203.0,198.8,204.0,204.0,193.0,203.0,198.8,4196300.0,834223350000.0,12784000.0,2429666678000.0,-0.4,-0.4,-0.1967
VIC,2025-10-21,15:10:03,HOSE,STOCK,194.9,208.5,181.3,202.0,204.9,193.7,203.4,199.763,202.0,204.9,193.7,203.4,199.763,3700400.0,739202170000.0,299000.0,59797309000.0,8.5,8.5,4.3612
VIC,2025-10-20,15:10:03,HOSE,STOCK,204.0,218.2,189.8,200.0,204.5,190.0,194.9,198.338,200.0,204.5,190.0,194.9,198.338,5671000.0,1124774190000.0,0.0,0.0,-9.1,-9.1,-4.4608
VIC,2025-10-17,15:10:03,HOSE,STOCK,213.1,228.0,198.2,214.1,214.6,199.9,204.0,205.791,214.1,214.6,199.9,204.0,205.791,5615100.0,1155539040000.0,29000.0,5924845000.0,-9.1,-9.1,-4.2703
VIC,2025-10-16,15:10:02,HOSE,STOCK,209.5,224.1,194.9,210.0,217.6,205.9,213.1,210.509,210.0,217.6,205.9,213.1,210.509,5217400.0,1098309160000.0,0.0,0.0,3.6,3.6,1.7184
VIC,2025-10-15,15:10:02,HOSE,STOCK,211.9,226.7,197.1,214.1,214.9,206.0,209.5,209.871,214.1,214.9,206.0,209.5,209.871,3752400.0,787520330000.0,57200.0,12004621200.0,-2.4,-2.4,-1.1326
VIC,2025-10-14,15:10:03,HOSE,STOCK,205.4,219.7,191.1,215.9,219.7,206.9,211.9,215.797,215.9,219.7,206.9,211.9,215.797,8065500.0,1740507760000.0,6205000.0,1200389585000.0,6.5,6.5,3.1646
VIC,2025-10-13,15:10:02,HOSE,STOCK,192.0,205.4,178.6,193.9,205.4,193.9,205.4,202.652,193.9,205.4,193.9,205.4,202.652,7178300.0,1454693610000.0,16811000.0,3028633890000.0,13.4,13.4,6.9792
VIC,2025-10-10,15:10:03,HOSE,STOCK,179.5,192.0,167.0,178.5,192.0,178.5,192.0,184.963,178.5,192.0,178.5,192.0,184.963,4294700.0,794362440000.0,0.0,0.0,12.5,12.5,6.9638
VIC,2025-10-09,15:10:03,HOSE,STOCK,178.1,190.5,165.7,177.0,181.6,176.3,179.5,179.245,177.0,181.6,176.3,179.5,179.245,4131300.0,740515990000.0,190000.0,34056550000.0,1.4,1.4,0.7861
VIC,2025-10-08,15:10:03,HOSE,STOCK,180.0,192.6,167.4,179.0,180.9,175.2,178.1,179.135,179.0,180.9,175.2,178.1,179.135,3256600.0,583370950000.0,0.0,0.0,-1.9,-1.9,-1.0556
VIC,2025-10-07,15:10:03,HOSE,STOCK,179.7,192.2,167.2,181.1,182.0,178.0,180.0,180.106,181.1,182.0,178.0,180.0,180.106,2368100.0,426509100000.0,0.0,0.0,0.3,0.3,0.1669
VIC,2025-10-06,15:10:03,HOSE,STOCK,176.5,188.8,164.2,186.8,186.8,176.5,179.7,179.395,186.8,186.8,176.5,179.7,179.395,2398200.0,430225490000.0,0.0,0.0,3.2,3.2,1.813
VIC,2025-10-03,15:10:03,HOSE,STOCK,171.0,182.9,159.1,172.0,179.3,171.1,176.5,176.588,172.0,179.3,171.1,176.5,176.588,4892400.0,863941390000.0,0.0,0.0,5.5,5.5,3.2164
VIC,2025-10-02,15:10:03,HOSE,STOCK,170.0,181.9,158.1,168.8,175.7,168.8,171.0,173.396,168.8,175.7,168.8,171.0,173.396,2381100.0,412874170000.0,0.0,0.0,1.0,1.0,0.5882
VIC,2025-10-01,15:10:02,HOSE,STOCK,174.9,187.1,162.7,174.9,175.0,167.8,170.0,170.627,174.9,175.0,167.8,170.0,170.627,2643100.0,450984830000.0,0.0,0.0,-4.9,-4.9,-2.8016
VIC,2025-09-30,15:09:02,HOSE,STOCK,172.8,184.8,160.8,173.5,183.0,173.5,174.9,177.57,173.5,183.0,173.5,174.9,177.57,4674600.0,830067550000.0,0.0,0.0,2.1,2.1,1.2153
VIC,2025-09-29,15:09:03,HOSE,STOCK,164.0,175.4,152.6,162.3,174.8,161.0,172.8,170.291,162.3,174.8,161.0,172.8,170.291,2445600.0,416462900000.0,0.0,0.0,8.8,8.8,5.3659
VIC,2025-09-26,15:09:03,HOSE,STOCK,158.0,169.0,147.0,158.0,164.9,156.0,164.0,160.753,158.0,164.9,156.0,164.0,160.753,2709300.0,435529350000.0,0.0,0.0,6.0,6.0,3.7975
VIC,2025-09-25,15:09:02,HOSE,STOCK,149.0,159.4,138.6,149.0,158.0,146.9,158.0,153.733,149.0,158.0,146.9,158.0,153.733,2820700.0,433635700000.0,100000.0,15415900000.0,9.0,9.0,6.0403
VIC,2025-09-24,15:09:03,HOSE,STOCK,149.2,159.6,138.8,149.0,152.0,145.6,149.0,148.418,149.0,152.0,145.6,149.0,148.418,1753900.0,260309660000.0,1904800.0,282980897600.0,-0.2,-0.2,-0.134
VIC,2025-09-23,15:09:03,HOSE,STOCK,148.8,159.2,138.4,148.0,150.1,145.6,149.2,148.494,148.0,150.1,145.6,149.2,148.494,1426200.0,211781640000.0,0.0,0.0,0.4,0.4,0.2688
VIC,2025-09-22,15:09:03,HOSE,STOCK,153.2,163.9,142.5,149.7,154.2,143.9,148.8,148.54,149.7,154.2,143.9,148.8,148.54,5112200.0,759366990000.0,1904800.0,283434240000.0,-4.4,-4.4,-2.8721
VIC,2025-09-19,15:09:03,HOSE,STOCK,145.0,155.1,134.9,145.0,153.2,143.0,153.2,148.096,145.0,153.2,143.0,153.2,148.096,5615300.0,831601930000.0,0.0,0.0,8.2,8.2,5.6552
VIC,2025-09-18,15:09:02,HOSE,STOCK,143.1,153.1,133.1,143.5,149.9,141.5,145.0,144.55,143.5,149.9,141.5,145.0,144.55,4389200.0,634458120000.0,3196800.0,430877491200.0,1.9,1.9,1.3277
VIC,2025-09-17,15:09:03,HOSE,STOCK,135.0,144.4,125.6,133.5,143.9,133.4,143.1,139.52,133.5,143.9,133.4,143.1,139.52,3984900.0,555971580000.0,814000.0,109714176000.0,8.1,8.1,6.0
VIC,2025-09-16,15:09:03,HOSE,STOCK,137.8,147.4,128.2,137.8,137.8,133.9,135.0,135.315,137.8,137.8,133.9,135.0,135.315,2920100.0,395134410000.0,3462600.0,467519437000.0,-2.8,-2.8,-2.0319
VIC,2025-09-15,15:09:03,HOSE,STOCK,137.8,147.4,128.2,137.7,137.8,134.8,137.8,136.307,137.7,137.8,134.8,137.8,136.307,2142000.0,291968650000.0,814000.0,109890000000.0,0.0,0.0,0.0
VIC,2025-09-12,15:09:02,HOSE,STOCK,136.0,145.5,126.5,136.0,138.1,134.1,137.8,136.712,136.0,138.1,134.1,137.8,136.712,1964200.0,268529800000.0,4788178.0,621467198976.0,1.8,1.8,1.3235
VIC,2025-09-11,15:09:02,HOSE,STOCK,130.9,140.0,121.8,130.0,137.5,129.1,136.0,132.88,130.0,137.5,129.1,136.0,132.88,3017000.0,400897970000.0,0.0,0.0,5.1,5.1,3.8961
VIC,2025-09-10,15:09:03,HOSE,STOCK,129.2,138.2,120.2,129.2,131.0,127.0,130.9,129.263,129.2,131.0,127.0,130.9,129.263,1985100.0,256600860000.0,4788178.0,622463140000.0,1.7,1.7,1.3158
VIC,2025-09-09,15:09:03,HOSE,STOCK,125.0,133.7,116.3,125.0,129.6,124.1,129.2,128.063,125.0,129.6,124.1,129.2,128.063,2659700.0,340608930000.0,0.0,0.0,4.2,4.2,3.36
VIC,2025-09-08,15:09:03,HOSE,STOCK,125.0,133.7,116.3,125.1,128.0,125.0,125.0,125.865,125.1,128.0,125.0,125.0,125.865,2203500.0,277343560000.0,0.0,0.0,0.0,0.0,0.0
VIC,2025-09-05,15:09:02,HOSE,STOCK,125.0,133.7,116.3,125.2,129.8,125.0,125.0,127.368,125.2,129.8,125.0,125.0,127.368,2141000.0,272695850000.0,0.0,0.0,0.0,0.0,0.0
VIC,2025-09-04,15:09:03,HOSE,STOCK,125.0,133.7,116.3,125.0,126.0,123.0,125.0,124.535,125.0,126.0,123.0,125.0,124.535,1988700.0,247662560000.0,0.0,0.0,0.0,0.0,0.0
VIC,2025-09-03,15:09:02,HOSE,STOCK,128.3,137.2,119.4,127.1,128.2,124.5,125.0,125.604,127.1,128.2,124.5,125.0,125.604,2287100.0,287269720000.0,20000.0,2711920000.0,-3.3,-3.3,-2.5721
VIC,2025-08-29,15:08:03,HOSE,STOCK,130.1,139.2,121.0,131.1,132.5,128.1,128.3,129.425,131.1,132.5,128.1,128.3,129.425,2470800.0,319782830000.0,20000.0,2654000000.0,-1.8,-1.8,-1.3836
VIC,2025-08-28,15:08:03,HOSE,STOCK,132.0,141.2,122.8,132.2,134.0,130.0,130.1,131.681,132.2,134.0,130.0,130.1,131.681,2178800.0,286905710000.0,20000.0,2824000000.0,-1.9,-1.9,-1.4394
VIC,2025-08-27,15:08:03,HOSE,STOCK,135.5,144.9,126.1,133.2,135.6,132.0,132.0,133.14,133.2,135.6,132.0,132.0,133.14,2351500.0,313079640000.0,40000.0,5517100000.0,-3.5,-3.5,-2.583
VIC,2025-08-26,15:08:03,HOSE,STOCK,131.0,140.1,121.9,131.0,139.9,129.0,135.5,135.315,131.0,139.9,129.0,135.5,135.315,2595000.0,351142770000.0,0.0,0.0,4.5,4.5,3.4351
VIC,2025-08-25,15:08:02,HOSE,STOCK,124.1,132.7,115.5,124.0,132.6,123.5,131.0,129.863,124.0,132.6,123.5,131.0,129.863,3813100.0,495180800000.0,40000.0,5250340000.0,6.9,6.9,5.56
VIC,2025-08-22,15:08:03,HOSE,STOCK,125.0,133.7,116.3,122.0,127.5,122.0,124.1,123.805,122.0,127.5,122.0,124.1,123.805,5032500.0,623049100000.0,0.0,0.0,-0.9,-0.9,-0.72
VIC,2025-08-21,15:08:01,HOSE,STOCK,124.2,132.8,115.6,122.2,126.8,122.0,125.0,124.86,122.2,126.8,122.0,125.0,124.86,4069100.0,508068380000.0,60000.0,7376000000.0,0.8,0.8,0.6441
VIC,2025-08-20,15:08:02,HOSE,STOCK,118.2,126.4,110.0,118.6,126.0,117.9,124.2,121.956,118.6,126.0,117.9,124.2,121.956,7458200.0,909570070000.0,0.0,0.0,6.0,6.0,5.0761
VIC,2025-08-19,15:08:03,HOSE,STOCK,118.2,126.4,110.0,118.2,121.1,116.5,118.2,118.437,118.2,121.1,116.5,118.2,118.437,5290800.0,626627040000.0,0.0,0.0,0.0,0.0,0.0
VIC,2025-08-18,15:08:02,HOSE,STOCK,118.2,126.4,110.0,118.2,118.5,116.0,118.2,117.39,118.2,118.5,116.0,118.2,117.39,3592000.0,421664100000.0,0.0,0.0,0.0,0.0,0.0
VIC,2025-08-15,15:08:03,HOSE,STOCK,118.2,126.4,110.0,119.2,126.0,117.9,118.2,121.539,119.2,126.0,117.9,118.2,121.539,5258600.0,639127400000.0,0.0,0.0,0.0,0.0,0.0
VIC,2025-08-14,15:08:03,HOSE,STOCK,116.0,124.1,107.9,116.4,118.8,115.2,118.2,117.383,116.4,118.8,115.2,118.2,117.383,4312200.0,506181120000.0,40000.0,4800000000.0,2.2,2.2,1.8966
VIC,2025-08-13,15:08:04,HOSE,STOCK,115.5,123.5,107.5,115.0,116.5,114.0,116.0,114.924,115.0,116.5,114.0,116.0,114.924,4109600.0,472292720000.0,0.0,0.0,0.5,0.5,0.4329
VIC,2025-08-12,15:08:02,HOSE,STOCK,115.5,123.5,107.5,115.5,116.8,114.5,115.5,115.385,115.5,116.8,114.5,115.5,115.385,2958100.0,341321560000.0,22000.0,2541000000.0,0.0,0.0,0.0
VIC,2025-08-11,15:08:03,HOSE,STOCK,117.0,125.1,108.9,117.0,118.9,115.0,115.5,116.542,117.0,118.9,115.0,115.5,116.542,3280300.0,382293130000.0,0.0,0.0,-1.5,-1.5,-1.2821
VIC,2025-08-08,15:08:03,HOSE,STOCK,115.0,123.0,107.0,114.9,117.6,113.2,117.0,115.914,114.9,117.6,113.2,117.0,115.914,3217500.0,372952890000.0,0.0,0.0,2.0,2.0,1.7391
VIC,2025-08-07,15:08:03,HOSE,STOCK,118.5,126.7,110.3,118.5,122.0,115.0,115.0,117.77,118.5,122.0,115.0,115.0,117.77,4140100.0,487581460000.0,0.0,0.0,-3.5,-3.5,-2.9536
VIC,2025-08-06,15:08:03,HOSE,STOCK,117.5,125.7,109.3,117.5,120.0,115.0,118.5,117.689,117.5,120.0,115.0,118.5,117.689,4212200.0,495730610000.0,797399.0,93767314300.0,1.0,1.0,0.8511
VIC,2025-08-05,15:08:03,HOSE,STOCK,111.2,118.9,103.5,117.6,118.9,114.6,117.5,117.764,117.6,118.9,114.6,117.5,117.764,8377700.0,986588150000.0,25963812.0,2833719702252.0,6.3,6.3,5.6655
VIC,2025-08-04,15:08:02,HOSE,STOCK,104.0,111.2,96.8,106.2,111.2,105.0,111.2,110.519,106.2,111.2,105.0,111.2,110.519,3877600.0,428546930000.0,90000000.0,9818640000000.0,7.2,7.2,6.9231
VIC,2025-08-01,15:08:02,HOSE,STOCK,105.5,112.8,98.2,106.0,109.8,104.0,104.0,106.134,106.0,109.8,104.0,104.0,106.134,3947500.0,418963150000.0,0.0,0.0,-1.5,-1.5,-1.4218
VIC,2025-07-31,15:07:03,HOSE,STOCK,109.5,117.1,101.9,108.7,109.5,105.0,105.5,106.804,108.7,109.5,105.0,105.5,106.804,5664700.0,605014720000.0,0.0,0.0,-4.0,-4.0,-3.653
VIC,2025-07-30,15:07:03,HOSE,STOCK,113.2,121.1,105.3,113.2,114.0,108.1,109.5,111.04,113.2,114.0,108.1,109.5,111.04,4353100.0,483367710000.0,0.0,0.0,-3.7,-3.7,-3.2686
VIC,2025-07-29,15:07:02,HOSE,STOCK,115.6,123.6,107.6,115.0,117.2,113.0,113.2,115.05,115.0,117.2,113.0,113.2,115.05,4560800.0,524722100000.0,34500.0,3969225000.0,-2.4,-2.4,-2.0761
VIC,2025-07-28,15:07:03,HOSE,STOCK,114.1,122.0,106.2,115.0,118.0,114.1,115.6,115.656,115.0,118.0,114.1,115.6,115.656,3265900.0,377721860000.0,0.0,0.0,1.5,1.5,1.3146
VIC,2025-07-25,15:07:02,HOSE,STOCK,116.0,124.1,107.9,113.2,118.0,113.1,114.1,115.186,113.2,118.0,113.1,114.1,115.186,3383900.0,389779360000.0,0.0,0.0,-1.9,-1.9,-1.6379
VIC,2025-07-24,15:07:03,HOSE,STOCK,115.0,123.0,107.0,115.2,117.0,109.7,116.0,112.953,115.2,117.0,109.7,116.0,112.953,6030600.0,681174720000.0,0.0,0.0,1.0,1.0,0.8696
VIC,2025-07-23,15:07:03,HOSE,STOCK,117.5,125.7,109.3,119.5,119.5,115.0,115.0,116.148,119.5,119.5,115.0,115.0,116.148,2804200.0,325702800000.0,0.0,0.0,-2.5,-2.5,-2.1277
VIC,2025-07-22,15:07:03,HOSE,STOCK,112.0,119.8,104.2,112.2,117.5,112.2,117.5,114.351,112.2,117.5,112.2,117.5,114.351,3938700.0,450392650000.0,350000.0,40038250000.0,5.5,5.5,4.9107
VIC,2025-07-21,15:07:02,HOSE,STOCK,119.0,127.3,110.7,120.5,122.5,110.7,112.0,117.613,120.5,122.5,110.7,112.0,117.613,4306600.0,506513530000.0,0.0,0.0,-7.0,-7.0,-5.8824
VIC,2025-07-18,15:07:02,HOSE,STOCK,122.0,130.5,113.5,124.7,124.7,117.5,119.0,120.222,124.7,124.7,117.5,119.0,120.222,6065800.0,729241990000.0,0.0,0.0,-3.0,-3.0,-2.459
VIC,2025-07-17,15:07:02,HOSE,STOCK,117.4,125.6,109.2,118.1,123.3,118.1,122.0,122.128,118.1,123.3,118.1,122.0,122.128,6597500.0,805740950000.0,0.0,0.0,4.6,4.6,3.9182
VIC,2025-07-16,15:07:02,HOSE,STOCK,111.6,119.4,103.8,111.0,118.2,110.1,117.4,113.379,111.0,118.2,110.1,117.4,113.379,3302900.0,374481000000.0,0.0,0.0,5.8,5.8,5.1971
VIC,2025-07-15,15:07:02,HOSE,STOCK,113.0,120.9,105.1,114.0,114.0,111.0,111.6,112.449,114.0,114.0,111.0,111.6,112.449,3248800.0,365325420000.0,0.0,0.0,-1.4,-1.4,-1.2389
VIC,2025-07-14,15:07:03,HOSE,STOCK,108.0,115.5,100.5,115.0,115.5,111.0,113.0,114.039,115.0,115.5,111.0,113.0,114.039,5532400.0,630911680000.0,0.0,0.0,5.0,5.0,4.6296
VIC,2025-07-11,15:07:02,HOSE,STOCK,101.6,108.7,94.5,104.5,108.1,103.9,108.0,106.959,104.5,108.1,103.9,108.0,106.959,4793600.0,512720130000.0,0.0,0.0,6.4,6.4,6.2992
VIC,2025-07-10,15:07:03,HOSE,STOCK,95.0,101.6,88.4,96.0,101.6,96.0,101.6,100.155,96.0,101.6,96.0,101.6,100.155,7069900.0,708082890000.0,0.0,0.0,6.6,6.6,6.9474
VIC,2025-07-09,15:07:02,HOSE,STOCK,93.3,99.8,86.8,93.0,95.0,93.0,95.0,93.872,93.0,95.0,93.0,95.0,93.872,3286600.0,308520680000.0,0.0,0.0,1.7,1.7,1.8221
VIC,2025-07-08,15:07:02,HOSE,STOCK,93.0,99.5,86.5,93.0,95.0,92.9,93.3,93.474,93.0,95.0,92.9,93.3,93.474,1420800.0,132807150000.0,0.0,0.0,0.3,0.3,0.3226
VIC,2025-07-07,15:07:02,HOSE,STOCK,91.9,98.3,85.5,91.9,94.2,91.0,93.0,92.706,91.9,94.2,91.0,93.0,92.706,2009500.0,186293600000.0,0.0,0.0,1.1,1.1,1.197
VIC,2025-07-04,15:07:02,HOSE,STOCK,94.5,101.1,87.9,94.4,94.4,91.5,91.9,92.115,94.4,94.4,91.5,91.9,92.115,3983100.0,366904210000.0,0.0,0.0,-2.6,-2.6,-2.7513
VIC,2025-07-03,15:07:03,HOSE,STOCK,95.4,102.0,88.8,94.6,95.2,93.9,94.5,94.672,94.6,95.2,93.9,94.5,94.672,1890400.0,178967550000.0,0.0,0.0,-0.9,-0.9,-0.9434
VIC,2025-07-02,15:07:03,HOSE,STOCK,95.6,102.2,89.0,94.3,95.5,94.3,95.4,94.914,94.3,95.5,94.3,95.4,94.914,1090300.0,103484430000.0,0.0,0.0,-0.2,-0.2,-0.2092
VIC,2025-07-01,15:07:03,HOSE,STOCK,95.6,102.2,89.0,95.7,96.5,93.5,95.6,95.041,95.7,96.5,93.5,95.6,95.041,2334000.0,221825420000.0,0.0,0.0,0.0,0.0,0.0
VIC,2025-06-30,15:06:03,HOSE,STOCK,95.5,102.1,88.9,95.5,96.3,95.1,95.6,95.583,95.5,96.3,95.1,95.6,95.583,1265200.0,120931750000.0,0.0,0.0,0.1,0.1,0.1047
VIC,2025-06-27,15:06:02,HOSE,STOCK,95.0,101.6,88.4,95.0,96.1,92.4,95.5,94.306,95.0,96.1,92.4,95.5,94.306,3029000.0,285652490000.0,0.0,0.0,0.5,0.5,0.5263
VIC,2025-06-26,15:06:03,HOSE,STOCK,95.8,102.5,89.1,95.0,97.0,95.0,95.0,95.645,95.0,97.0,95.0,95.0,95.645,1611200.0,154103170000.0,1300000.0,124790000000.0,-0.8,-0.8,-0.8351
VIC,2025-06-25,15:06:03,HOSE,STOCK,95.8,102.5,89.1,96.0,96.6,94.5,95.8,95.749,96.0,96.6,94.5,95.8,95.749,2655500.0,254261540000.0,100000.0,9580000000.0,0.0,0.0,0.0
VIC,2025-06-24,15:06:02,HOSE,STOCK,92.8,99.2,86.4,94.9,98.0,93.7,95.8,96.177,94.9,98.0,93.7,95.8,96.177,3974800.0,382284940000.0,150000.0,14370000000.0,3.0,3.0,3.2328
VIC,2025-06-23,15:06:02,HOSE,STOCK,86.8,92.8,80.8,86.1,92.8,85.1,92.8,90.285,86.1,92.8,85.1,92.8,90.285,3871300.0,349520320000.0,807400.0,66785660000.0,6.0,6.0,6.9124
VIC,2025-06-20,15:06:02,HOSE,STOCK,89.4,95.6,83.2,89.4,89.4,86.7,86.8,86.967,89.4,89.4,86.7,86.8,86.967,13615300.0,1184075250000.0,50000.0,4340000000.0,-2.6,-2.6,-2.9083
VIC,2025-06-19,15:06:03,HOSE,STOCK,88.0,94.1,81.9,88.0,90.6,87.6,89.4,89.001,88.0,90.6,87.6,89.4,89.001,3247900.0,289065830000.0,100000.0,8901300000.0,1.4,1.4,1.5909
VIC,2025-06-18,15:06:02,HOSE,STOCK,87.7,93.8,81.6,87.7,89.0,86.9,88.0,87.837,87.7,89.0,86.9,88.0,87.837,1429200.0,125536100000.0,110900.0,9719719600.0,0.3,0.3,0.3421
VIC,2025-06-17,15:06:02,HOSE,STOCK,85.4,91.3,79.5,85.4,90.8,84.3,87.7,87.661,85.4,90.8,84.3,87.7,87.661,3384000.0,296646310000.0,100000.0,8540000000.0,2.3,2.3,2.6932
VIC,2025-06-16,15:06:03,HOSE,STOCK,85.5,91.4,79.6,84.0,85.6,82.6,85.4,84.186,84.0,85.6,82.6,85.4,84.186,2514600.0,211693320000.0,100000.0,8540000000.0,-0.1,-0.1,-0.117
VIC,2025-06-13,15:06:02,HOSE,STOCK,86.8,92.8,80.8,85.7,86.0,81.6,85.5,83.627,85.7,86.0,81.6,85.5,83.627,4992800.0,417531220000.0,0.0,0.0,-1.3,-1.3,-1.4977
VIC,2025-06-12,15:06:03,HOSE,STOCK,90.2,96.5,83.9,91.4,91.6,84.7,86.8,88.183,91.4,91.6,84.7,86.8,88.183,4156300.0,366513310000.0,0.0,0.0,-3.4,-3.4,-3.7694
VIC,2025-06-11,15:06:02,HOSE,STOCK,90.6,96.9,84.3,92.6,92.6,90.0,90.2,91.124,92.6,92.6,90.0,90.2,91.124,1438900.0,131118490000.0,729900.0,65131207600.0,-0.4,-0.4,-0.4415
VIC,2025-06-10,15:06:02,HOSE,STOCK,90.3,96.6,84.0,86.0,92.9,86.0,90.6,89.846,86.0,92.9,86.0,90.6,89.846,6840100.0,614557260000.0,149200.0,13523040400.0,0.3,0.3,0.3322
VIC,2025-06-09,15:06:02,HOSE,STOCK,97.0,103.7,90.3,96.9,96.9,90.3,90.3,93.841,96.9,96.9,90.3,90.3,93.841,3775300.0,354276370000.0,0.0,0.0,-6.7,-6.7,-6.9072
VIC,2025-06-06,15:06:02,HOSE,STOCK,98.0,104.8,91.2,96.6,98.5,96.4,97.0,97.324,96.6,98.5,96.4,97.0,97.324,2930200.0,285177760000.0,100000.0,9810000000.0,-1.0,-1.0,-1.0204
VIC,2025-06-05,15:06:08,HOSE,STOCK,98.1,104.9,91.3,97.9,98.1,96.3,98.0,97.37,97.9,98.1,96.3,98.0,97.37,3350000.0,326190260000.0,0.0,0.0,-0.1,-0.1,-0.1019
VIC,2025-06-04,15:06:03,HOSE,STOCK,98.1,104.9,91.3,98.0,98.5,96.4,98.1,97.66,98.0,98.5,96.4,98.1,97.66,3333300.0,325529310000.0,300000.0,29010000000.0,0.0,0.0,0.0
VIC,2025-06-03,15:06:02,HOSE,STOCK,98.0,104.8,91.2,97.5,99.5,95.0,98.1,98.491,97.5,99.5,95.0,98.1,98.491,4412900.0,434629780000.0,0.0,0.0,0.1,0.1,0.102
VIC,2025-06-02,15:06:02,HOSE,STOCK,98.4,105.2,91.6,98.7,99.8,94.2,98.0,96.924,98.7,99.8,94.2,98.0,96.924,6436100.0,623812520000.0,45000.0,4365000000.0,-0.4,-0.4,-0.4065
VIC,2025-05-30,15:05:02,HOSE,STOCK,97.0,103.7,90.3,97.1,99.0,96.3,98.4,98.088,97.1,99.0,96.3,98.4,98.088,3270500.0,320796300000.0,0.0,0.0,1.4,1.4,1.4433
VIC,2025-05-29,15:05:03,HOSE,STOCK,97.0,103.7,90.3,97.2,99.0,96.1,97.0,97.081,97.2,99.0,96.1,97.0,97.081,4732400.0,459423980000.0,45000.0,4365000000.0,0.0,0.0,0.0
VIC,2025-05-28,15:05:02,HOSE,STOCK,94.5,101.1,87.9,93.0,98.3,93.0,97.0,96.592,93.0,98.3,93.0,97.0,96.592,6149000.0,593946470000.0,258600.0,24437700000.0,2.5,2.5,2.6455
VIC,2025-05-27,15:05:01,HOSE,STOCK,94.5,101.1,87.9,94.7,95.0,91.5,94.5,92.851,94.7,95.0,91.5,94.5,92.851,6808300.0,632156550000.0,0.0,0.0,0.0,0.0,0.0
VIC,2025-05-26,15:05:03,HOSE,STOCK,93.0,99.5,86.5,93.2,95.3,87.0,94.5,91.986,93.2,95.3,87.0,94.5,91.986,4813300.0,442757780000.0,0.0,0.0,1.5,1.5,1.6129
VIC,2025-05-23,15:05:02,HOSE,STOCK,92.5,98.9,86.1,92.0,96.3,91.8,93.0,93.489,92.0,96.3,91.8,93.0,93.489,4202800.0,392915830000.0,0.0,0.0,0.5,0.5,0.5405
VIC,2025-05-22,15:05:02,HOSE,STOCK,93.5,100.0,87.0,93.0,98.5,91.8,92.5,95.349,93.0,98.5,91.8,92.5,95.349,6559400.0,625434110000.0,0.0,0.0,-1.0,-1.0,-1.0695
VIC,2025-05-21,15:05:03,HOSE,STOCK,91.5,97.9,85.1,97.9,97.9,89.9,93.5,93.472,97.9,97.9,89.9,93.5,93.472,7274400.0,679953610000.0,0.0,0.0,2.0,2.0,2.1858
VIC,2025-05-20,15:05:01,HOSE,STOCK,85.6,91.5,79.7,88.5,91.5,88.5,91.5,90.89,88.5,91.5,88.5,91.5,90.89,3889300.0,353499620000.0,0.0,0.0,5.9,5.9,6.8925
VIC,2025-05-19,15:05:02,HOSE,STOCK,80.0,85.6,74.4,80.1,85.6,80.0,85.6,84.645,80.1,85.6,80.0,85.6,84.645,9153200.0,774776430000.0,0.0,0.0,5.6,5.6,7.0
VIC,2025-05-16,15:05:02,HOSE,STOCK,79.8,85.3,74.3,78.7,80.9,78.7,80.0,79.965,78.7,80.9,78.7,80.0,79.965,4658600.0,372526600000.0,0.0,0.0,0.2,0.2,0.2506
VIC,2025-05-15,15:05:02,HOSE,STOCK,79.8,85.3,74.3,79.0,79.9,77.2,79.8,78.906,79.0,79.9,77.2,79.8,78.906,8928700.0,704526910000.0,0.0,0.0,0.0,0.0,0.0
VIC,2025-05-14,15:05:03,HOSE,STOCK,79.6,85.1,74.1,79.1,82.5,78.4,79.8,80.541,79.1,82.5,78.4,79.8,80.541,6639600.0,534763020000.0,153900.0,12395875500.0,0.2,0.2,0.2513
VIC,2025-05-13,15:05:02,HOSE,STOCK,79.4,84.9,73.9,80.5,80.5,76.7,79.6,78.522,80.5,80.5,76.7,79.6,78.522,9649000.0,757662520000.0,2100000.0,166509888000.0,0.2,0.2,0.2519
VIC,2025-05-12,15:05:04,HOSE,STOCK,76.5,81.8,71.2,78.4,80.2,77.0,79.4,78.478,78.4,80.2,77.0,79.4,78.478,5880900.0,461521700000.0,2151000.0,164695641000.0,2.9,2.9,3.7908
VIC,2025-05-09,15:05:03,HOSE,STOCK,78.5,83.9,73.1,80.0,80.9,75.5,76.5,78.001,80.0,80.9,75.5,76.5,78.001,7034400.0,548690180000.0,0.0,0.0,-2.0,-2.0,-2.5478
VIC,2025-05-08,15:05:03,HOSE,STOCK,73.4,78.5,68.3,75.2,78.5,74.2,78.5,77.06,75.2,78.5,74.2,78.5,77.06,7176700.0,553038500000.0,50000.0,3672500000.0,5.1,5.1,6.9482
VIC,2025-05-07,15:05:26,HOSE,STOCK,70.5,75.4,65.6,70.6,74.0,70.4,73.4,72.544,70.6,74.0,70.4,73.4,72.544,7611900.0,552195110000.0,8155000.0,574927500000.0,2.9,2.9,4.1135
VIC,2025-05-06,15:05:02,HOSE,STOCK,70.0,74.9,65.1,70.6,71.8,69.4,70.5,70.622,70.6,71.8,69.4,70.5,70.622,5708100.0,403114650000.0,0.0,0.0,0.5,0.5,0.7143
VIC,2025-05-05,16:05:57,HOSE,STOCK,68.0,72.7,63.3,68.9,72.4,68.0,70.0,70.215,68.9,72.4,68.0,70.0,70.215,4406800.0,309422200000.0,0.0,0.0,2.0,2.0,2.9412
VIC,2025-04-29,15:04:17,HOSE,STOCK,68.0,72.7,63.3,67.0,68.0,63.8,68.0,66.725,67.0,68.0,63.8,68.0,66.725,13384800.0,893103780000.0,2645100.0,176868715100.0,0.0,0.0,0.0
VIC,2025-04-28,15:04:18,HOSE,STOCK,67.0,71.6,62.4,67.8,69.0,66.7,68.0,67.679,67.8,69.0,66.7,68.0,67.679,7023300.0,475331970000.0,0.0,0.0,1.0,1.0,1.4925
VIC,2025-04-25,15:04:20,HOSE,STOCK,62.7,67.0,58.4,64.4,67.0,64.0,67.0,66.003,64.4,67.0,64.0,67.0,66.003,14779000.0,975451730000.0,170000.0,11288000000.0,4.3,4.3,6.8581
VIC,2025-04-24,15:04:18,HOSE,STOCK,58.6,62.7,54.5,58.9,62.7,58.6,62.7,60.827,58.9,62.7,58.6,62.7,60.827,8730000.0,531021950000.0,0.0,0.0,4.1,4.1,6.9966
VIC,2025-04-23,15:04:19,HOSE,STOCK,59.0,63.1,54.9,60.0,60.3,58.3,58.6,59.176,60.0,60.3,58.3,58.6,59.176,18984200.0,1123408230000.0,0.0,0.0,-0.4,-0.4,-0.678
VIC,2025-04-22,15:04:18,HOSE,STOCK,61.5,65.8,57.2,62.0,62.7,58.0,59.0,60.391,62.0,62.7,58.0,59.0,60.391,12818600.0,774130640000.0,4860000.0,298890000000.0,-2.5,-2.5,-4.065
VIC,2025-04-21,15:04:18,HOSE,STOCK,66.1,70.7,61.5,64.1,67.4,61.5,61.5,63.187,64.1,67.4,61.5,61.5,63.187,15468900.0,977432280000.0,0.0,0.0,-4.6,-4.6,-6.9592
VIC,2025-04-18,15:04:21,HOSE,STOCK,71.0,75.9,66.1,71.8,71.8,66.1,66.1,67.735,71.8,71.8,66.1,66.1,67.735,10565700.0,715662230000.0,100000.0,6900000000.0,-4.9,-4.9,-6.9014
VIC,2025-04-17,15:04:19,HOSE,STOCK,67.9,72.6,63.2,67.7,71.0,67.2,71.0,69.089,67.7,71.0,67.2,71.0,69.089,8063200.0,557079500000.0,64875659.0,4573733959500.0,3.1,3.1,4.5655
VIC,2025-04-16,15:04:19,HOSE,STOCK,70.5,75.4,65.6,70.6,72.0,67.4,67.9,70.042,70.6,72.0,67.4,67.9,70.042,7547800.0,528663330000.0,6473900.0,456260055100.0,-2.6,-2.6,-3.6879
VIC,2025-04-15,15:04:19,HOSE,STOCK,69.6,74.4,64.8,70.4,74.4,70.0,70.5,72.826,70.4,74.4,70.0,70.5,72.826,12266200.0,893301760000.0,3278500.0,228623623000.0,0.9,0.9,1.2931
VIC,2025-04-14,15:04:23,HOSE,STOCK,65.1,69.6,60.6,66.5,69.6,66.0,69.6,68.391,66.5,69.6,66.0,69.6,68.391,8825200.0,603562030000.0,3401900.0,222408240000.0,4.5,4.5,6.9124
VIC,2025-04-11,15:04:24,HOSE,STOCK,60.9,65.1,56.7,59.7,65.1,59.7,65.1,63.582,59.7,65.1,59.7,65.1,63.582,13360300.0,849472170000.0,33000.0,2046000000.0,4.2,4.2,6.8966
VIC,2025-04-10,15:04:20,HOSE,STOCK,57.0,60.9,53.1,60.9,60.9,60.9,60.9,60.9,60.9,60.9,60.9,60.9,60.9,3803200.0,231614880000.0,31500.0,1918350000.0,3.9,3.9,6.8421
VIC,2025-04-09,15:04:26,HOSE,STOCK,55.1,58.9,51.3,52.1,58.4,52.1,57.0,57.033,52.1,58.4,52.1,57.0,57.033,13002500.0,741569910000.0,0.0,0.0,1.9,1.9,3.4483
VIC,2025-04-08,15:04:27,HOSE,STOCK,58.3,62.3,54.3,58.0,58.0,54.3,55.1,56.143,58.0,58.0,54.3,55.1,56.143,11574700.0,649833730000.0,5295000.0,308697820000.0,-3.2,-3.2,-5.4889
VIC,2025-04-04,15:04:30,HOSE,STOCK,56.2,60.1,52.3,54.2,59.5,53.4,58.3,56.767,54.2,59.5,53.4,58.3,56.767,14551100.0,826021300000.0,0.0,0.0,2.1,2.1,3.7367
VIC,2025-04-03,15:04:21,HOSE,STOCK,60.4,64.6,56.2,58.2,59.8,56.2,56.2,56.889,58.2,59.8,56.2,56.2,56.889,19210900.0,1092891420000.0,25000.0,1405000000.0,-4.2,-4.2,-6.9536
VIC,2025-04-02,15:04:20,HOSE,STOCK,59.7,63.8,55.6,60.5,61.2,59.5,60.4,60.139,60.5,61.2,59.5,60.4,60.139,7316000.0,439975260000.0,8753060.0,507677480000.0,0.7,0.7,1.1725
VIC,2025-04-01,15:04:19,HOSE,STOCK,58.0,62.0,54.0,58.7,60.8,58.2,59.7,59.594,58.7,60.8,58.2,59.7,59.594,7757400.0,462294550000.0,0.0,0.0,1.7,1.7,2.931
VIC,2025-03-31,15:03:25,HOSE,STOCK,58.0,62.0,54.0,57.8,58.5,57.3,58.0,57.896,57.8,58.5,57.3,58.0,57.896,6654000.0,385240170000.0,18503060.0,1073991514580.0,0.0,0.0,0.0
VIC,2025-03-28,15:03:21,HOSE,STOCK,57.1,61.0,53.2,57.0,58.3,56.9,58.0,57.744,57.0,58.3,56.9,58.0,57.744,5542600.0,320051780000.0,0.0,0.0,0.9,0.9,1.5762
VIC,2025-03-27,15:03:19,HOSE,STOCK,57.0,60.9,53.1,57.5,58.7,56.6,57.1,57.224,57.5,58.7,56.6,57.1,57.224,4569200.0,261466490000.0,26147550.0,1542705450000.0,0.1,0.1,0.1754
VIC,2025-03-26,15:03:23,HOSE,STOCK,56.9,60.8,53.0,57.8,58.0,55.7,57.0,56.73,57.8,58.0,55.7,57.0,56.73,6487700.0,368047290000.0,2110000.0,120059000000.0,0.1,0.1,0.1757
VIC,2025-03-25,15:03:19,HOSE,STOCK,56.7,60.6,52.8,57.7,59.2,56.6,56.9,58.139,57.7,59.2,56.6,56.9,58.139,7932000.0,461155140000.0,30093550.0,1768405067250.0,0.2,0.2,0.3527
VIC,2025-03-24,15:03:27,HOSE,STOCK,53.0,56.7,49.3,53.0,56.7,52.7,56.7,56.198,53.0,56.7,52.7,56.7,56.198,11901000.0,668809710000.0,1928000.0,102184000000.0,3.7,3.7,6.9811
VIC,2025-03-21,15:03:24,HOSE,STOCK,51.5,55.1,47.9,51.6,53.0,51.0,53.0,52.46,51.6,53.0,51.0,53.0,52.46,7486300.0,392731620000.0,134000.0,7035000000.0,1.5,1.5,2.9126
VIC,2025-03-20,15:03:21,HOSE,STOCK,51.9,55.5,48.3,52.0,53.2,50.7,51.5,51.864,52.0,53.2,50.7,51.5,51.864,6629100.0,343811050000.0,0.0,0.0,-0.4,-0.4,-0.7707
VIC,2025-03-19,15:03:21,HOSE,STOCK,51.3,54.8,47.75,50.8,52.5,49.2,51.9,50.939,50.8,52.5,49.2,51.9,50.939,10342000.0,526807410000.0,134000.0,7035000000.0,0.6,0.6,1.1696
VIC,2025-03-18,15:03:25,HOSE,STOCK,52.1,55.7,48.5,52.1,52.7,51.1,51.3,51.865,52.1,52.7,51.1,51.3,51.865,6017000.0,312069450000.0,1923000.0,100188300000.0,-0.8,-0.8,-1.5355
VIC,2025-03-17,15:03:18,HOSE,STOCK,52.2,55.8,48.55,52.5,52.7,50.8,52.1,51.889,52.5,52.7,50.8,52.1,51.889,6497300.0,337134860000.0,134000.0,7035000000.0,-0.1,-0.1,-0.1916
VIC,2025-03-14,15:03:21,HOSE,STOCK,51.4,54.9,47.85,51.8,52.8,51.4,52.2,52.344,51.8,52.8,51.4,52.2,52.344,8422600.0,440874530000.0,0.0,0.0,0.8,0.8,1.5564
VIC,2025-03-13,15:03:19,HOSE,STOCK,48.1,51.4,44.75,48.3,51.4,47.5,51.4,50.798,48.3,51.4,47.5,51.4,50.798,16415000.0,833847670000.0,86000.0,4207900000.0,3.3,3.3,6.8607
VIC,2025-03-12,15:03:19,HOSE,STOCK,47.3,50.6,44.0,47.35,48.25,47.35,48.1,48.003,47.35,48.25,47.35,48.1,48.003,7003400.0,336186660000.0,0.0,0.0,0.8,0.8,1.6913
VIC,2025-03-11,15:03:20,HOSE,STOCK,47.3,50.6,44.0,46.9,47.3,46.5,47.3,47.022,46.9,47.3,46.5,47.3,47.022,5692400.0,267669305000.0,18391600.0,869638880000.0,0.0,0.0,0.0
VIC,2025-03-10,15:03:22,HOSE,STOCK,45.3,48.45,42.15,45.9,47.9,45.8,47.3,46.987,45.9,47.9,45.8,47.3,46.987,9904400.0,465378865000.0,2725600.0,123081080000.0,2.0,2.0,4.415
VIC,2025-03-07,15:03:23,HOSE,STOCK,42.35,45.3,39.4,42.3,45.3,42.25,45.3,44.46,42.3,45.3,42.25,45.3,44.46,11502700.0,511407425000.0,106000.0,4444400000.0,2.95,2.95,6.9658
VIC,2025-03-06,15:03:18,HOSE,STOCK,42.25,45.2,39.3,42.3,42.55,42.05,42.35,42.43,42.3,42.55,42.05,42.35,42.43,2628200.0,111514045000.0,134000.0,5681600000.0,0.1,0.1,0.2367
VIC,2025-03-05,15:03:21,HOSE,STOCK,41.95,44.85,39.05,42.05,42.5,42.0,42.25,42.368,42.05,42.5,42.0,42.25,42.368,2907700.0,123193860000.0,4902000.0,205611300000.0,0.3,0.3,0.7151
VIC,2025-03-04,15:03:19,HOSE,STOCK,42.05,44.95,39.15,42.45,42.5,41.8,41.95,42.141,42.45,42.5,41.8,41.95,42.141,3056500.0,128803935000.0,0.0,0.0,-0.1,-0.1,-0.2378
VIC,2025-03-03,15:03:24,HOSE,STOCK,41.2,44.05,38.35,41.3,42.4,41.2,42.05,41.943,41.3,42.4,41.2,42.05,41.943,2857500.0,119851840000.0,86000.0,3698000000.0,0.85,0.85,2.0631
VIC,2025-02-28,15:02:23,HOSE,STOCK,41.05,43.9,38.2,41.05,41.6,40.7,41.2,41.173,41.05,41.6,40.7,41.2,41.173,2771000.0,114088970000.0,0.0,0.0,0.15,0.15,0.3654
VIC,2025-02-27,15:02:25,HOSE,STOCK,41.0,43.85,38.15,41.2,41.2,40.75,41.05,40.945,41.2,41.2,40.75,41.05,40.945,1441600.0,59025610000.0,86000.0,3280900000.0,0.05,0.05,0.122
VIC,2025-02-26,15:02:26,HOSE,STOCK,40.7,43.5,37.9,41.0,41.1,40.8,41.0,40.975,41.0,41.1,40.8,41.0,40.975,1364900.0,55926080000.0,0.0,0.0,0.3,0.3,0.7371
VIC,2025-02-25,15:02:21,HOSE,STOCK,40.6,43.4,37.8,40.7,41.15,40.65,40.7,40.908,40.7,41.15,40.65,40.7,40.908,1793300.0,73359720000.0,86000.0,3429400000.0,0.1,0.1,0.2463
VIC,2025-02-24,15:02:21,HOSE,STOCK,40.65,43.45,37.85,40.35,40.65,40.35,40.6,40.483,40.35,40.65,40.35,40.6,40.483,1540100.0,62347775000.0,2586000.0,105120900000.0,-0.05,-0.05,-0.123
VIC,2025-02-21,15:02:20,HOSE,STOCK,40.95,43.8,38.1,40.95,40.95,40.65,40.65,40.825,40.95,40.95,40.65,40.65,40.825,1332100.0,54382725000.0,1306000.0,53459200000.0,-0.3,-0.3,-0.7326
VIC,2025-02-20,15:02:21,HOSE,STOCK,40.4,43.2,37.6,40.45,41.25,40.4,40.95,40.939,40.45,41.25,40.4,40.95,40.939,2936300.0,120209625000.0,0.0,0.0,0.55,0.55,1.3614
VIC,2025-02-19,15:02:25,HOSE,STOCK,40.2,43.0,37.4,40.2,40.5,40.05,40.4,40.269,40.2,40.5,40.05,40.4,40.269,1574300.0,63396170000.0,16426000.0,665768000000.0,0.2,0.2,0.4975
VIC,2025-02-18,15:02:18,HOSE,STOCK,40.1,42.9,37.3,40.1,40.45,39.9,40.2,40.15,40.1,40.45,39.9,40.2,40.15,1200000.0,48180220000.0,6249000.0,250021650000.0,0.1,0.1,0.2494
VIC,2025-02-17,15:02:18,HOSE,STOCK,40.25,43.05,37.45,40.25,40.4,40.05,40.1,40.176,40.25,40.4,40.05,40.1,40.176,851700.0,34218055000.0,5056000.0,203516900000.0,-0.15,-0.15,-0.3727
VIC,2025-02-14,15:02:19,HOSE,STOCK,40.25,43.05,37.45,40.5,40.5,40.2,40.25,40.357,40.5,40.5,40.2,40.25,40.357,996500.0,40215965000.0,4076300.0,165090150000.0,0.0,0.0,0.0
VIC,2025-02-13,15:02:21,HOSE,STOCK,39.9,42.65,37.15,39.9,40.3,39.85,40.25,40.06,39.9,40.3,39.85,40.25,40.06,1052900.0,42179250000.0,86000.0,3522400000.0,0.35,0.35,0.8772
VIC,2025-02-12,15:02:20,HOSE,STOCK,39.95,42.7,37.2,39.95,40.1,39.9,39.9,39.972,39.95,40.1,39.9,39.9,39.972,940900.0,37609385000.0,7643000.0,305337850000.0,-0.05,-0.05,-0.1252
VIC,2025-02-11,15:02:19,HOSE,STOCK,40.0,42.8,37.2,40.0,40.1,39.85,39.95,39.952,40.0,40.1,39.85,39.95,39.952,1436000.0,57371235000.0,86000.0,3551800000.0,-0.05,-0.05,-0.125
VIC,2025-02-10,15:02:21,HOSE,STOCK,40.65,43.45,37.85,40.35,40.35,40.0,40.0,40.116,40.35,40.35,40.0,40.0,40.116,1534300.0,61550555000.0,7795400.0,316883010000.0,-0.65,-0.65,-1.599
VIC,2025-02-07,15:02:20,HOSE,STOCK,40.45,43.25,37.65,40.5,40.7,40.25,40.65,40.495,40.5,40.7,40.25,40.65,40.495,1394900.0,56485750000.0,86000.0,3568800000.0,0.2,0.2,0.4944
VIC,2025-02-06,15:02:21,HOSE,STOCK,40.05,42.85,37.25,40.35,40.55,40.05,40.45,40.26,40.35,40.55,40.05,40.45,40.26,1314600.0,52925850000.0,370000.0,14818500000.0,0.4,0.4,0.9988
VIC,2025-02-05,15:02:21,HOSE,STOCK,40.1,42.9,37.3,40.2,40.45,40.05,40.05,40.24,40.2,40.45,40.05,40.05,40.24,1059300.0,42625845000.0,361400.0,14678671400.0,-0.05,-0.05,-0.1247
VIC,2025-02-04,15:02:16,HOSE,STOCK,40.05,42.85,37.25,40.05,40.2,39.85,40.1,39.991,40.05,40.2,39.85,40.1,39.991,1440900.0,57623205000.0,0.0,0.0,0.05,0.05,0.1248
VIC,2025-02-03,15:02:22,HOSE,STOCK,40.4,43.2,37.6,40.2,40.3,39.9,40.05,40.01,40.2,40.3,39.9,40.05,40.01,1575100.0,63020415000.0,62000.0,2521800000.0,-0.35,-0.35,-0.8663
VIC,2025-01-24,15:01:16,HOSE,STOCK,40.4,43.2,37.6,40.25,40.5,40.2,40.4,40.362,40.25,40.5,40.2,40.4,40.362,1387900.0,56017760000.0,170500.0,6815433000.0,0.0,0.0,0.0
VIC,2025-01-23,15:01:14,HOSE,STOCK,40.4,43.2,37.6,40.4,40.65,40.25,40.4,40.472,40.4,40.65,40.25,40.4,40.472,1420100.0,57473610000.0,179000.0,7211700000.0,0.0,0.0,0.0
VIC,2025-01-22,15:01:19,HOSE,STOCK,40.45,43.25,37.65,40.5,40.5,40.1,40.4,40.352,40.5,40.5,40.1,40.4,40.352,1135200.0,45807375000.0,14105000.0,570469250000.0,-0.05,-0.05,-0.1236
VIC,2025-01-21,15:01:14,HOSE,STOCK,40.4,43.2,37.6,40.55,40.55,40.3,40.45,40.413,40.55,40.55,40.3,40.45,40.413,1313500.0,53082200000.0,332239.0,13411717550.0,0.05,0.05,0.1238
VIC,2025-01-20,15:01:20,HOSE,STOCK,40.45,43.25,37.65,40.3,40.45,40.25,40.4,40.363,40.3,40.45,40.25,40.4,40.363,646200.0,26082465000.0,24000.0,964800000.0,-0.05,-0.05,-0.1236
VIC,2025-01-17,15:01:17,HOSE,STOCK,40.45,43.25,37.65,40.5,40.55,40.25,40.45,40.386,40.5,40.55,40.25,40.45,40.386,1173800.0,47405125000.0,1320021.0,53412849450.0,0.0,0.0,0.0
VIC,2025-01-16,15:01:13,HOSE,STOCK,40.25,43.05,37.45,40.3,40.65,40.1,40.45,40.281,40.3,40.65,40.1,40.45,40.281,1999800.0,80553920000.0,50883953.0,2058317098850.0,0.2,0.2,0.4969
VIC,2025-01-15,15:01:16,HOSE,STOCK,40.2,43.0,37.4,40.3,40.35,40.0,40.25,40.215,40.3,40.35,40.0,40.25,40.215,874200.0,35156220000.0,5422400.0,218013580000.0,0.05,0.05,0.1244
VIC,2025-01-14,15:01:18,HOSE,STOCK,40.3,43.1,37.5,40.2,40.2,39.8,40.2,40.005,40.2,40.2,39.8,40.2,40.005,2326300.0,93063805000.0,0.0,0.0,-0.1,-0.1,-0.2481
VIC,2025-01-13,15:01:16,HOSE,STOCK,40.5,43.3,37.7,39.7,40.35,39.7,40.3,40.147,39.7,40.35,39.7,40.3,40.147,1680700.0,67475345000.0,3806000.0,154111500000.0,-0.2,-0.2,-0.4938
VIC,2025-01-10,15:01:15,HOSE,STOCK,40.75,43.6,37.9,40.75,40.9,40.4,40.5,40.634,40.75,40.9,40.4,40.5,40.634,1104600.0,44883930000.0,0.0,0.0,-0.25,-0.25,-0.6135
VIC,2025-01-09,15:01:14,HOSE,STOCK,40.5,43.3,37.7,40.55,41.0,40.5,40.75,40.674,40.55,41.0,40.5,40.75,40.674,1187900.0,48316450000.0,86000.0,3500200000.0,0.25,0.25,0.6173
VIC,2025-01-08,15:01:19,HOSE,STOCK,40.5,43.3,37.7,40.4,40.55,40.3,40.5,40.447,40.4,40.55,40.3,40.5,40.447,925800.0,37445415000.0,100000.0,4330000000.0,0.0,0.0,0.0
VIC,2025-01-07,15:01:15,HOSE,STOCK,40.5,43.3,37.7,40.3,40.55,40.2,40.5,40.42,40.3,40.55,40.2,40.5,40.42,1965000.0,79424580000.0,86000.0,3478400000.0,0.0,0.0,0.0
VIC,2025-01-06,15:01:17,HOSE,STOCK,40.5,43.3,37.7,40.4,40.5,40.3,40.5,40.408,40.4,40.5,40.3,40.5,40.408,1625900.0,65698995000.0,7488400.0,303280200000.0,0.0,0.0,0.0
VIC,2025-01-03,15:01:17,HOSE,STOCK,40.55,43.35,37.75,40.55,40.55,40.15,40.5,40.327,40.55,40.55,40.15,40.5,40.327,1729100.0,69729240000.0,186000.0,7865300000.0,-0.05,-0.05,-0.1233
VIC,2025-01-02,15:01:20,HOSE,STOCK,40.55,43.35,37.75,40.5,40.55,40.3,40.55,40.434,40.5,40.55,40.3,40.55,40.434,1340500.0,54201100000.0,0.0,0.0,0.0,0.0,0.0
VIC,2024-12-31,15:12:14,HOSE,STOCK,40.55,43.35,37.75,40.55,40.6,40.3,40.55,40.469,40.55,40.6,40.3,40.55,40.469,1784400.0,72212080000.0,86000.0,3526000000.0,0.0,0.0,0.0
VIC,2024-12-30,15:12:15,HOSE,STOCK,40.55,43.35,37.75,40.35,40.6,40.3,40.55,40.475,40.35,40.6,40.3,40.55,40.475,1415300.0,57284450000.0,0.0,0.0,0.0,0.0,0.0
VIC,2024-12-27,15:12:22,HOSE,STOCK,40.65,43.45,37.85,40.7,40.9,40.55,40.55,40.68,40.7,40.9,40.55,40.55,40.68,1497700.0,60926085000.0,0.0,0.0,-0.1,-0.1,-0.246
VIC,2024-12-26,15:12:17,HOSE,STOCK,40.65,43.45,37.85,40.7,41.0,40.65,40.65,40.761,40.7,41.0,40.65,40.65,40.761,877500.0,35767970000.0,100000.0,3897000000.0,0.0,0.0,0.0
VIC,2024-12-25,15:12:14,HOSE,STOCK,40.6,43.4,37.8,40.6,41.05,40.55,40.65,40.822,40.6,41.05,40.55,40.65,40.822,1908100.0,77892710000.0,25000.0,1025000000.0,0.05,0.05,0.1232
VIC,2024-12-24,15:12:13,HOSE,STOCK,40.6,43.4,37.8,40.5,40.6,40.35,40.6,40.497,40.5,40.6,40.35,40.6,40.497,1333700.0,54010590000.0,6040800.0,245256480000.0,0.0,0.0,0.0
VIC,2024-12-23,15:12:16,HOSE,STOCK,40.5,43.3,37.7,40.5,40.85,40.5,40.6,40.652,40.5,40.85,40.5,40.6,40.652,999700.0,40639415000.0,2525000.0,102271250000.0,0.1,0.1,0.2469
VIC,2024-12-20,15:12:13,HOSE,STOCK,40.3,43.1,37.5,40.3,40.5,40.25,40.5,40.385,40.3,40.5,40.25,40.5,40.385,1569200.0,63371760000.0,125000.0,5125000000.0,0.2,0.2,0.4963
VIC,2024-12-19,15:12:14,HOSE,STOCK,40.6,43.4,37.8,40.3,40.4,40.1,40.3,40.282,40.3,40.4,40.1,40.3,40.282,2486800.0,100173150000.0,25000.0,1021250000.0,-0.3,-0.3,-0.7389
VIC,2024-12-18,15:12:12,HOSE,STOCK,40.55,43.35,37.75,40.55,40.85,40.55,40.6,40.646,40.55,40.85,40.55,40.6,40.646,850100.0,34553370000.0,7052900.0,285995095000.0,0.05,0.05,0.1233
VIC,2024-12-17,15:12:12,HOSE,STOCK,40.7,43.5,37.9,40.7,40.8,40.55,40.55,40.613,40.7,40.8,40.55,40.55,40.613,1329900.0,54011555000.0,231000.0,9065000000.0,-0.15,-0.15,-0.3686
VIC,2024-12-16,15:12:16,HOSE,STOCK,40.8,43.65,37.95,40.8,40.9,40.6,40.7,40.731,40.8,40.9,40.6,40.7,40.731,1159200.0,47214850000.0,3702000.0,151041600000.0,-0.1,-0.1,-0.2451
VIC,2024-12-13,15:12:15,HOSE,STOCK,40.9,43.75,38.05,40.75,40.9,40.6,40.8,40.736,40.75,40.9,40.6,40.8,40.736,1952200.0,79524595000.0,231000.0,9867900000.0,-0.1,-0.1,-0.2445
VIC,2024-12-12,15:12:13,HOSE,STOCK,41.3,44.15,38.45,41.3,41.35,40.9,40.9,41.162,41.3,41.35,40.9,40.9,41.162,2147400.0,88392195000.0,0.0,0.0,-0.4,-0.4,-0.9685
VIC,2024-12-11,15:12:15,HOSE,STOCK,41.2,44.05,38.35,41.2,41.4,40.9,41.3,41.162,41.2,41.4,40.9,41.3,41.162,2168100.0,89243830000.0,7151000.0,294621200000.0,0.1,0.1,0.2427
VIC,2024-12-10,15:12:13,HOSE,STOCK,41.85,44.75,38.95,41.85,41.9,41.2,41.2,41.541,41.85,41.9,41.2,41.2,41.541,2352900.0,97741500000.0,1761000.0,73697850000.0,-0.65,-0.65,-1.5532
VIC,2024-12-09,15:12:14,HOSE,STOCK,41.85,44.75,38.95,42.1,42.85,41.85,41.85,42.29,42.1,42.85,41.85,41.85,42.29,3341600.0,141315850000.0,9252800.0,387242580000.0,0.0,0.0,0.0
VIC,2024-12-06,15:12:16,HOSE,STOCK,40.85,43.7,38.0,40.85,42.3,40.75,41.85,41.717,40.85,42.3,40.75,41.85,41.717,5327100.0,222231705000.0,0.0,0.0,1.0,1.0,2.448
VIC,2024-12-05,15:12:14,HOSE,STOCK,40.0,42.8,37.2,40.8,41.0,40.3,40.85,40.669,40.8,41.0,40.3,40.85,40.669,3370100.0,137057070000.0,86000.0,3442125000.0,0.85,0.85,2.125
VIC,2024-12-04,15:12:12,HOSE,STOCK,40.4,43.2,37.6,40.4,40.4,39.8,40.0,40.149,40.4,40.4,39.8,40.0,40.149,2491600.0,100035405000.0,2475000.0,99990000000.0,-0.4,-0.4,-0.9901
VIC,2024-12-03,15:12:12,HOSE,STOCK,40.35,43.15,37.55,40.4,40.6,40.25,40.4,40.384,40.4,40.6,40.25,40.4,40.384,1873300.0,75651110000.0,86000.0,3473975000.0,0.05,0.05,0.1239
VIC,2024-12-02,15:12:13,HOSE,STOCK,40.5,43.3,37.7,40.55,40.95,40.3,40.35,40.474,40.55,40.95,40.3,40.35,40.474,2064000.0,83537820000.0,100000.0,4000000000.0,-0.15,-0.15,-0.3704
VIC,2024-11-29,15:11:15,HOSE,STOCK,40.7,43.5,37.9,40.65,40.75,40.5,40.5,40.589,40.65,40.75,40.5,40.5,40.589,1965400.0,79774500000.0,66000.0,2697650000.0,-0.2,-0.2,-0.4914
VIC,2024-11-28,15:11:12,HOSE,STOCK,40.75,43.6,37.9,41.1,41.2,40.7,40.7,40.88,41.1,41.2,40.7,40.7,40.88,1116300.0,45633740000.0,120000.0,5016000000.0,-0.05,-0.05,-0.1227
VIC,2024-11-27,15:11:11,HOSE,STOCK,41.05,43.9,38.2,41.05,41.05,40.75,40.75,40.842,41.05,41.05,40.75,40.75,40.842,992200.0,40523420000.0,5081000.0,208629975000.0,-0.3,-0.3,-0.7308
VIC,2024-11-26,15:11:12,HOSE,STOCK,41.0,43.85,38.15,41.0,41.3,41.0,41.05,41.145,41.0,41.3,41.0,41.05,41.145,1230800.0,50640850000.0,7332000.0,300620400000.0,0.05,0.05,0.122
VIC,2024-11-25,15:11:12,HOSE,STOCK,40.45,43.25,37.65,40.45,41.0,40.45,41.0,40.794,40.45,41.0,40.45,41.0,40.794,1915300.0,78133360000.0,100000.0,4116000000.0,0.55,0.55,1.3597
VIC,2024-11-22,15:11:12,HOSE,STOCK,40.35,43.15,37.55,40.35,40.85,40.3,40.45,40.5,40.35,40.85,40.3,40.45,40.5,1336300.0,54120365000.0,0.0,0.0,0.1,0.1,0.2478
VIC,2024-11-21,15:11:12,HOSE,STOCK,40.35,43.15,37.55,40.35,40.6,40.3,40.35,40.366,40.35,40.6,40.3,40.35,40.366,1991900.0,80404985000.0,0.0,0.0,0.0,0.0,0.0
VIC,2024-11-20,15:11:13,HOSE,STOCK,40.35,43.15,37.55,40.2,40.65,40.15,40.35,40.427,40.2,40.65,40.15,40.35,40.427,1840800.0,74417915000.0,5541100.0,228768235000.0,0.0,0.0,0.0
VIC,2024-11-19,15:11:10,HOSE,STOCK,40.4,43.2,37.6,40.4,40.7,40.35,40.35,40.454,40.4,40.7,40.35,40.35,40.454,1858400.0,75179125000.0,0.0,0.0,-0.05,-0.05,-0.1238
VIC,2024-11-18,15:11:11,HOSE,STOCK,40.55,43.35,37.75,40.55,40.85,40.35,40.4,40.523,40.55,40.85,40.35,40.4,40.523,1892700.0,76697105000.0,4973500.0,201941500000.0,-0.15,-0.15,-0.3699
VIC,2024-11-15,15:11:15,HOSE,STOCK,40.7,43.5,37.9,40.65,41.05,40.55,40.55,40.81,40.65,41.05,40.55,40.55,40.81,2310300.0,94282945000.0,0.0,0.0,-0.15,-0.15,-0.3686
VIC,2024-11-14,15:11:11,HOSE,STOCK,40.6,43.4,37.8,40.65,41.3,40.6,40.7,40.924,40.65,41.3,40.6,40.7,40.924,1968300.0,80550310000.0,0.0,0.0,0.1,0.1,0.2463
VIC,2024-11-13,15:11:12,HOSE,STOCK,40.55,43.35,37.75,40.85,41.15,40.5,40.6,40.784,40.85,41.15,40.5,40.6,40.784,2043200.0,83329210000.0,161000.0,6738000000.0,0.05,0.05,0.1233
VIC,2024-11-12,15:11:12,HOSE,STOCK,40.8,43.65,37.95,41.0,41.5,40.5,40.55,40.798,41.0,41.5,40.5,40.55,40.798,2485900.0,101419985000.0,0.0,0.0,-0.25,-0.25,-0.6127
VIC,2024-11-11,15:11:18,HOSE,STOCK,41.05,43.9,38.2,41.05,41.15,40.65,40.8,40.863,41.05,41.15,40.65,40.8,40.863,1944400.0,79454835000.0,161000.0,6762000000.0,-0.25,-0.25,-0.609
VIC,2024-11-08,15:11:14,HOSE,STOCK,41.7,44.6,38.8,41.8,41.8,41.0,41.05,41.324,41.8,41.8,41.0,41.05,41.324,2191200.0,90550075000.0,0.0,0.0,-0.65,-0.65,-1.5588
VIC,2024-11-07,15:11:13,HOSE,STOCK,41.8,44.7,38.9,42.0,42.25,41.7,41.7,41.932,42.0,42.25,41.7,41.7,41.932,1172800.0,49177390000.0,63500.0,2654300000.0,-0.1,-0.1,-0.2392
VIC,2024-11-06,15:11:11,HOSE,STOCK,41.3,44.15,38.45,41.5,42.0,41.4,41.8,41.771,41.5,42.0,41.4,41.8,41.771,1521600.0,63559225000.0,7597000.0,313744600000.0,0.5,0.5,1.2107
VIC,2024-11-05,15:11:11,HOSE,STOCK,41.2,44.05,38.35,41.2,41.3,41.05,41.3,41.177,41.2,41.3,41.05,41.3,41.177,963000.0,39653850000.0,63500.0,2787650000.0,0.1,0.1,0.2427
VIC,2024-11-04,15:11:12,HOSE,STOCK,41.2,44.05,38.35,41.4,41.5,41.05,41.2,41.18,41.4,41.5,41.05,41.2,41.18,1345200.0,55395570000.0,6199000.0,255398800000.0,0.0,0.0,0.0
VIC,2024-11-01,15:11:13,HOSE,STOCK,41.55,44.45,38.65,41.55,41.6,41.1,41.2,41.346,41.55,41.6,41.1,41.2,41.346,1338600.0,55345770000.0,63500.0,2581275000.0,-0.35,-0.35,-0.8424
VIC,2024-10-31,15:10:12,HOSE,STOCK,41.0,43.85,38.15,41.4,41.7,41.05,41.55,41.391,41.4,41.7,41.05,41.55,41.391,1827900.0,75657850000.0,0.0,0.0,0.55,0.55,1.3415
VIC,2024-10-30,15:10:12,HOSE,STOCK,41.35,44.2,38.5,41.45,41.7,40.8,41.0,41.147,41.45,41.7,40.8,41.0,41.147,2024200.0,83290175000.0,63500.0,2571525000.0,-0.35,-0.35,-0.8464
VIC,2024-10-29,15:10:11,HOSE,STOCK,41.45,44.35,38.55,41.5,41.7,41.3,41.35,41.442,41.5,41.7,41.3,41.35,41.442,1285000.0,53252555000.0,2000000.0,84000000000.0,-0.1,-0.1,-0.2413
VIC,2024-10-28,15:10:12,HOSE,STOCK,41.55,44.45,38.65,41.6,41.75,41.45,41.45,41.56,41.6,41.75,41.45,41.45,41.56,1473100.0,61222575000.0,7263500.0,301875125000.0,-0.1,-0.1,-0.2407
VIC,2024-10-25,15:10:14,HOSE,STOCK,42.05,44.95,39.15,42.2,42.3,41.55,41.55,41.918,42.2,42.3,41.55,41.55,41.918,2047900.0,85844730000.0,20000.0,820000000.0,-0.5,-0.5,-1.1891
VIC,2024-10-24,15:10:13,HOSE,STOCK,43.2,46.2,40.2,43.0,43.1,42.05,42.05,42.45,43.0,43.1,42.05,42.05,42.45,2055400.0,87250990000.0,5722500.0,247202000000.0,-1.15,-1.15,-2.662
VIC,2024-10-23,15:10:13,HOSE,STOCK,42.2,45.15,39.25,42.7,44.3,42.7,43.2,43.513,42.7,44.3,42.7,43.2,43.513,5014800.0,218208645000.0,0.0,0.0,1.0,1.0,2.3697
VIC,2024-10-22,15:10:11,HOSE,STOCK,42.25,45.2,39.3,42.6,42.6,42.2,42.2,42.343,42.6,42.6,42.2,42.2,42.343,2045600.0,86616580000.0,22500.0,1001250000.0,-0.05,-0.05,-0.1183
VIC,2024-10-21,15:10:18,HOSE,STOCK,41.8,44.7,38.9,41.85,42.9,41.85,42.25,42.398,41.85,42.9,41.85,42.25,42.398,2219200.0,94089475000.0,0.0,0.0,0.45,0.45,1.0766
VIC,2024-10-18,15:10:15,HOSE,STOCK,41.55,44.45,38.65,41.7,42.2,41.7,41.8,41.991,41.7,42.2,41.7,41.8,41.991,1174800.0,49330460000.0,41000.0,1715850000.0,0.25,0.25,0.6017
VIC,2024-10-17,15:10:13,HOSE,STOCK,41.5,44.4,38.6,41.75,41.8,41.45,41.55,41.605,41.75,41.8,41.45,41.55,41.605,1030100.0,42857645000.0,0.0,0.0,0.05,0.05,0.1205
VIC,2024-10-16,15:10:10,HOSE,STOCK,41.65,44.55,38.75,41.5,41.8,41.45,41.5,41.574,41.5,41.8,41.45,41.5,41.574,1211100.0,50349815000.0,0.0,0.0,-0.15,-0.15,-0.3601
VIC,2024-10-15,15:10:11,HOSE,STOCK,42.15,45.1,39.2,42.25,42.5,41.55,41.65,41.918,42.25,42.5,41.55,41.65,41.918,1847000.0,77421690000.0,3650000.0,153824500000.0,-0.5,-0.5,-1.1862
VIC,2024-10-14,15:10:11,HOSE,STOCK,41.8,44.7,38.9,42.5,43.4,42.15,42.15,42.832,42.5,43.4,42.15,42.15,42.832,4264900.0,182675115000.0,5171000.0,216137550000.0,0.35,0.35,0.8373
VIC,2024-10-11,15:10:12,HOSE,STOCK,41.4,44.25,38.55,41.4,41.95,41.35,41.8,41.742,41.4,41.95,41.35,41.8,41.742,1709800.0,71369890000.0,0.0,0.0,0.4,0.4,0.9662
VIC,2024-10-10,15:10:11,HOSE,STOCK,41.6,44.5,38.7,41.6,41.65,41.3,41.4,41.453,41.6,41.65,41.3,41.4,41.453,1471200.0,60985115000.0,41000.0,1752250000.0,-0.2,-0.2,-0.4808
VIC,2024-10-09,15:10:14,HOSE,STOCK,40.9,43.75,38.05,41.05,41.6,41.0,41.6,41.316,41.05,41.6,41.0,41.6,41.316,1210800.0,50025810000.0,5780732.0,236431938800.0,0.7,0.7,1.7115
VIC,2024-10-08,15:10:11,HOSE,STOCK,40.85,43.7,38.0,41.05,41.05,40.6,40.9,40.841,41.05,41.05,40.6,40.9,40.841,2648700.0,108176235000.0,20000.0,817000000.0,0.05,0.05,0.1224
VIC,2024-10-07,15:10:12,HOSE,STOCK,41.0,43.85,38.15,41.1,41.55,40.85,40.85,41.069,41.1,41.55,40.85,40.85,41.069,1652400.0,67861980000.0,21000.0,878850000.0,-0.15,-0.15,-0.3659
VIC,2024-10-04,15:10:14,HOSE,STOCK,41.35,44.2,38.5,41.35,41.35,40.9,41.0,41.163,41.35,41.35,40.9,41.0,41.163,2144700.0,88281555000.0,49000.0,2062000000.0,-0.35,-0.35,-0.8464
VIC,2024-10-03,15:10:11,HOSE,STOCK,42.05,44.95,39.15,42.1,42.45,41.35,41.35,41.778,42.1,42.45,41.35,41.35,41.778,3460400.0,144569165000.0,41000.0,1730050000.0,-0.7,-0.7,-1.6647
VIC,2024-10-02,15:10:11,HOSE,STOCK,42.3,45.25,39.35,42.35,42.4,42.05,42.05,42.163,42.35,42.4,42.05,42.05,42.163,1527200.0,64390725000.0,13792400.0,583404470000.0,-0.25,-0.25,-0.591
VIC,2024-10-01,15:10:10,HOSE,STOCK,42.0,44.9,39.1,42.05,42.75,42.05,42.3,42.489,42.05,42.75,42.05,42.3,42.489,1914600.0,81349350000.0,21000.0,889350000.0,0.3,0.3,0.7143
VIC,2024-09-30,15:09:14,HOSE,STOCK,42.5,45.45,39.55,42.4,42.6,42.0,42.0,42.219,42.4,42.6,42.0,42.0,42.219,2924300.0,123460335000.0,69000.0,2939400000.0,-0.5,-0.5,-1.1765
VIC,2024-09-27,15:09:14,HOSE,STOCK,42.6,45.55,39.65,42.9,42.9,42.45,42.5,42.651,42.9,42.9,42.45,42.5,42.651,2740700.0,116892875000.0,21000.0,892500000.0,-0.1,-0.1,-0.2347
VIC,2024-09-26,15:09:11,HOSE,STOCK,42.6,45.55,39.65,42.6,43.1,42.6,42.6,42.786,42.6,43.1,42.6,42.6,42.786,2768500.0,118452510000.0,49000.0,2089850000.0,0.0,0.0,0.0
VIC,2024-09-25,15:09:12,HOSE,STOCK,42.55,45.5,39.6,42.75,42.9,42.4,42.6,42.56,42.75,42.9,42.4,42.6,42.56,3721100.0,158368255000.0,2371176.0,100894588800.0,0.05,0.05,0.1175
VIC,2024-09-24,15:09:09,HOSE,STOCK,42.35,45.3,39.4,42.4,42.65,42.35,42.55,42.496,42.4,42.65,42.35,42.55,42.496,1438700.0,61139335000.0,2449000.0,103730200000.0,0.2,0.2,0.4723
VIC,2024-09-23,15:09:12,HOSE,STOCK,42.3,45.25,39.35,42.9,42.9,42.35,42.35,42.65,42.9,42.9,42.35,42.35,42.65,1713400.0,73077175000.0,2801000.0,118487550000.0,0.05,0.05,0.1182
VIC,2024-09-20,15:09:12,HOSE,STOCK,42.9,45.9,39.9,43.0,43.65,42.3,42.3,42.744,43.0,43.65,42.3,42.3,42.744,3926500.0,167835215000.0,49000.0,2098600000.0,-0.6,-0.6,-1.3986
VIC,2024-09-19,15:09:12,HOSE,STOCK,42.65,45.6,39.7,42.8,43.2,42.7,42.9,42.969,42.8,43.2,42.7,42.9,42.969,2240000.0,96250970000.0,51000.0,2118930000.0,0.25,0.25,0.5862
VIC,2024-09-18,15:09:14,HOSE,STOCK,42.9,45.9,39.9,42.9,43.3,42.65,42.65,42.941,42.9,43.3,42.65,42.65,42.941,2746900.0,117953645000.0,89000.0,3789000000.0,-0.25,-0.25,-0.5828
VIC,2024-09-17,15:09:14,HOSE,STOCK,42.05,44.95,39.15,42.05,43.2,42.05,42.9,42.579,42.05,43.2,42.05,42.9,42.579,2237700.0,95277900000.0,2678000.0,112627150000.0,0.85,0.85,2.0214
VIC,2024-09-16,15:09:12,HOSE,STOCK,42.9,45.9,39.9,42.7,43.6,42.05,42.05,42.754,42.7,43.6,42.05,42.05,42.754,2005200.0,85731105000.0,5844000.0,250734000000.0,-0.85,-0.85,-1.9814
VIC,2024-09-13,15:09:15,HOSE,STOCK,42.9,45.9,39.9,42.9,42.95,42.5,42.9,42.726,42.9,42.95,42.5,42.9,42.726,1526300.0,65213285000.0,46000.0,2042950000.0,0.0,0.0,0.0
VIC,2024-09-12,15:09:10,HOSE,STOCK,43.0,46.0,40.0,43.05,43.25,42.55,42.9,42.856,43.05,43.25,42.55,42.9,42.856,2166600.0,92852005000.0,24000.0,1080000000.0,-0.1,-0.1,-0.2326
VIC,2024-09-11,15:09:10,HOSE,STOCK,43.0,46.0,40.0,42.65,43.0,42.1,43.0,42.519,42.65,43.0,42.1,43.0,42.519,3098200.0,131731955000.0,25000.0,1075000000.0,0.0,0.0,0.0
VIC,2024-09-10,15:09:09,HOSE,STOCK,43.7,46.75,40.65,43.7,43.9,42.6,43.0,43.081,43.7,43.9,42.6,43.0,43.081,4601800.0,198252065000.0,45000.0,2025000000.0,-0.7,-0.7,-1.6018
VIC,2024-09-09,15:09:11,HOSE,STOCK,44.65,47.75,41.55,44.2,44.5,43.45,43.7,43.791,44.2,44.5,43.45,43.7,43.791,4810700.0,210665410000.0,2490000.0,111178500000.0,-0.95,-0.95,-2.1277
VIC,2024-09-06,15:09:14,HOSE,STOCK,45.05,48.2,41.9,45.35,45.35,44.6,44.65,44.781,45.35,45.35,44.6,44.65,44.781,2501900.0,112038095000.0,4652000.0,209592850000.0,-0.4,-0.4,-0.8879
VIC,2024-09-05,15:09:11,HOSE,STOCK,44.0,47.05,40.95,44.55,45.95,44.4,45.05,45.296,44.55,45.95,44.4,45.05,45.296,4519500.0,204714530000.0,0.0,0.0,1.05,1.05,2.3864
VIC,2024-09-04,15:09:11,HOSE,STOCK,44.2,47.25,41.15,43.6,44.3,43.3,44.0,43.829,43.6,44.3,43.3,44.0,43.829,3198700.0,140197075000.0,5010000.0,221435500000.0,-0.2,-0.2,-0.4525
VIC,2024-08-30,15:08:11,HOSE,STOCK,44.2,47.25,41.15,44.55,45.2,44.2,44.2,44.782,44.55,45.2,44.2,44.2,44.782,3398500.0,152192540000.0,0.0,0.0,0.0,0.0,0.0
VIC,2024-08-29,15:08:11,HOSE,STOCK,44.4,47.5,41.3,44.25,44.8,44.05,44.2,44.346,44.25,44.8,44.05,44.2,44.346,3209900.0,142344950000.0,70000.0,3122000000.0,-0.2,-0.2,-0.4505
VIC,2024-08-28,15:08:11,HOSE,STOCK,45.1,48.25,41.95,45.5,46.1,44.4,44.4,45.24,45.5,46.1,44.4,44.4,45.24,4933500.0,223189555000.0,0.0,0.0,-0.7,-0.7,-1.5521
VIC,2024-08-27,15:08:10,HOSE,STOCK,42.15,45.1,39.2,42.1,45.1,42.1,45.1,44.478,42.1,45.1,42.1,45.1,44.478,12748800.0,567040075000.0,9901812.0,417473375800.0,2.95,2.95,6.9988
VIC,2024-08-26,15:08:11,HOSE,STOCK,41.55,44.45,38.65,41.65,42.35,41.65,42.15,42.126,41.65,42.35,41.65,42.15,42.126,2497500.0,105208670000.0,7140000.0,296667000000.0,0.6,0.6,1.444
VIC,2024-08-23,15:08:11,HOSE,STOCK,41.55,44.45,38.65,41.6,42.0,41.5,41.55,41.71,41.6,42.0,41.5,41.55,41.71,1748500.0,72930355000.0,6007278.0,252306426000.0,0.0,0.0,0.0
VIC,2024-08-22,15:08:14,HOSE,STOCK,41.85,44.75,38.95,41.85,42.35,41.55,41.55,41.982,41.85,42.35,41.55,41.55,41.982,2379500.0,99895450000.0,0.0,0.0,-0.3,-0.3,-0.7168
VIC,2024-08-21,15:08:14,HOSE,STOCK,41.7,44.6,38.8,41.6,42.0,41.5,41.85,41.677,41.6,42.0,41.5,41.85,41.677,1664500.0,69371510000.0,70000.0,2943750000.0,0.15,0.15,0.3597
VIC,2024-08-20,15:08:13,HOSE,STOCK,41.15,44.0,38.3,41.15,42.2,41.0,41.7,41.84,41.15,42.2,41.0,41.7,41.84,3036500.0,127047165000.0,4700000.0,193405000000.0,0.55,0.55,1.3366
VIC,2024-08-19,15:08:11,HOSE,STOCK,41.15,44.0,38.3,41.3,41.55,41.05,41.15,41.235,41.3,41.55,41.05,41.15,41.235,1644900.0,67826585000.0,4940000.0,203375500000.0,0.0,0.0,0.0
VIC,2024-08-16,14:44:57,HOSE,STOCK,40.8,43.65,37.95,40.9,41.6,40.9,41.15,41.18422193,40.9,41.6,40.9,41.15,41.18422193,2307000.0,95012000000.0,495000.0,201960.0,0.35,0.35,0.8578
VIC,2024-08-15,15:08:12,HOSE,STOCK,40.8,43.65,37.95,41.0,41.15,40.8,40.8,40.939,41.0,41.15,40.8,40.8,40.939,1213500.0,49679925000.0,0.0,0.0,0.0,0.0,0.0
VIC,2024-08-14,15:08:10,HOSE,STOCK,40.7,43.5,37.9,40.75,41.2,40.75,40.8,40.964,40.75,41.2,40.75,40.8,40.964,1377400.0,56423240000.0,0.0,0.0,0.1,0.1,0.2457
VIC,2024-08-13,15:08:10,HOSE,STOCK,40.6,43.4,37.8,40.65,41.2,40.65,40.7,40.832,40.65,41.2,40.65,40.7,40.832,1399600.0,57148425000.0,5120000.0,207872000000.0,0.1,0.1,0.2463
VIC,2024-08-12,15:08:11,HOSE,STOCK,41.2,44.05,38.35,41.1,41.2,40.6,40.6,40.757,41.1,41.2,40.6,40.6,40.757,1806700.0,73634795000.0,0.0,0.0,-0.6,-0.6,-1.4563
VIC,2024-08-09,15:08:10,HOSE,STOCK,41.8,44.7,38.9,41.8,42.0,41.2,41.2,41.338,41.8,42.0,41.2,41.2,41.338,2266900.0,93709180000.0,0.0,0.0,-0.6,-0.6,-1.4354
VIC,2024-08-08,15:08:09,HOSE,STOCK,42.35,45.3,39.4,42.05,42.2,41.65,41.8,41.816,42.05,42.2,41.65,41.8,41.816,1543000.0,64521485000.0,75000.0,3232500000.0,-0.55,-0.55,-1.2987
VIC,2024-08-07,15:08:10,HOSE,STOCK,41.3,44.15,38.45,41.75,43.5,41.75,42.35,42.742,41.75,43.5,41.75,42.35,42.742,5315500.0,227196480000.0,63000.0,2755450000.0,1.05,1.05,2.5424
VIC,2024-08-06,15:08:09,HOSE,STOCK,41.3,44.15,38.45,41.5,41.55,40.55,41.3,41.173,41.5,41.55,40.55,41.3,41.173,1722300.0,70912575000.0,110000.0,4702500000.0,0.0,0.0,0.0
VIC,2024-08-05,15:08:09,HOSE,STOCK,42.0,44.9,39.1,41.0,41.65,40.4,41.3,40.986,41.0,41.65,40.4,41.3,40.986,3942800.0,161599120000.0,14690000.0,619572000000.0,-0.7,-0.7,-1.6667
VIC,2024-08-02,15:08:11,HOSE,STOCK,42.1,45.0,39.2,42.15,42.2,40.8,42.0,41.467,42.15,42.2,40.8,42.0,41.467,2214600.0,91831875000.0,115000.0,4950250000.0,-0.1,-0.1,-0.2375
VIC,2024-08-01,15:08:10,HOSE,STOCK,42.3,45.25,39.35,42.1,42.3,41.5,42.1,41.986,42.1,42.3,41.5,42.1,41.986,3279200.0,137678875000.0,0.0,0.0,-0.2,-0.2,-0.4728
VIC,2024-07-31,15:07:11,HOSE,STOCK,42.2,45.15,39.25,42.3,42.3,41.55,42.3,42.068,42.3,42.3,41.55,42.3,42.068,2598500.0,109312470000.0,21746300.0,981639195000.0,0.1,0.1,0.237
VIC,2024-07-30,15:07:09,HOSE,STOCK,41.6,44.5,38.7,41.95,42.2,41.0,42.2,41.82,41.95,42.2,41.0,42.2,41.82,2426200.0,101464465000.0,0.0,0.0,0.6,0.6,1.4423
VIC,2024-07-29,15:07:10,HOSE,STOCK,41.6,44.5,38.7,41.6,41.6,40.75,41.6,41.241,41.6,41.6,40.75,41.6,41.241,2665100.0,109911115000.0,75000.0,3215000000.0,0.0,0.0,0.0
VIC,2024-07-26,21:07:00,HOSE,STOCK,41.6,44.5,38.7,41.9,42.15,41.25,41.6,41.636,41.9,42.15,41.25,41.6,41.636,1376600.0,57316570000.0,0.0,0.0,0.0,0.0,0.0
VIC,2024-07-25,15:07:08,HOSE,STOCK,40.9,43.75,38.05,41.3,42.6,40.85,41.6,41.924,41.3,42.6,40.85,41.6,41.924,4336200.0,181789925000.0,10075000.0,423165250000.0,0.7,0.7,1.7115
VIC,2024-07-24,15:07:10,HOSE,STOCK,40.85,43.7,38.0,40.8,41.0,40.45,40.9,40.785,40.8,41.0,40.45,40.9,40.785,1657400.0,67597405000.0,2400000.0,98040000000.0,0.05,0.05,0.1224
VIC,2024-07-23,15:07:11,HOSE,STOCK,40.75,43.6,37.9,40.75,40.85,40.4,40.85,40.638,40.75,40.85,40.4,40.85,40.638,1446300.0,58775010000.0,75000.0,3012000000.0,0.1,0.1,0.2454
VIC,2024-07-22,15:07:09,HOSE,STOCK,40.75,43.6,37.9,40.75,41.0,40.2,40.75,40.613,40.75,41.0,40.2,40.75,40.613,1776000.0,72128025000.0,0.0,0.0,0.0,0.0,0.0
VIC,2024-07-19,15:07:10,HOSE,STOCK,40.55,43.35,37.75,40.7,41.1,40.3,40.75,40.623,40.7,41.1,40.3,40.75,40.623,1748000.0,71009090000.0,75000.0,3037500000.0,0.2,0.2,0.4932
VIC,2024-07-18,15:07:10,HOSE,STOCK,40.6,43.4,37.8,40.6,40.6,40.15,40.55,40.336,40.6,40.6,40.15,40.55,40.336,2142300.0,86412165000.0,0.0,0.0,-0.05,-0.05,-0.1232
VIC,2024-07-17,15:07:10,HOSE,STOCK,41.05,43.9,38.2,41.0,41.0,40.15,40.6,40.505,41.0,41.0,40.15,40.6,40.505,2651000.0,107379000000.0,75000.0,3147300000.0,-0.45,-0.45,-1.0962
VIC,2024-07-16,15:07:09,HOSE,STOCK,41.35,44.2,38.5,41.35,41.7,40.7,41.05,41.168,41.35,41.7,40.7,41.05,41.168,1863400.0,76711855000.0,0.0,0.0,-0.3,-0.3,-0.7255
VIC,2024-07-15,15:07:12,HOSE,STOCK,41.75,44.65,38.85,41.75,42.25,41.3,41.35,41.639,41.75,42.25,41.3,41.35,41.639,966900.0,40260955000.0,5245000.0,218958900000.0,-0.4,-0.4,-0.9581
VIC,2024-07-12,15:07:09,HOSE,STOCK,41.1,43.95,38.25,41.7,42.8,41.65,41.75,42.275,41.7,42.8,41.65,41.75,42.275,3312000.0,140014210000.0,0.0,0.0,0.65,0.65,1.5815
VIC,2024-07-11,15:07:10,HOSE,STOCK,40.6,43.4,37.8,40.9,41.75,40.7,41.1,41.358,40.9,41.75,40.7,41.1,41.358,2747000.0,113609105000.0,115000.0,4678000000.0,0.5,0.5,1.2315
VIC,2024-07-10,15:07:09,HOSE,STOCK,40.8,43.65,37.95,40.95,40.95,40.6,40.6,40.785,40.95,40.95,40.6,40.6,40.785,1235400.0,50386110000.0,0.0,0.0,-0.2,-0.2,-0.4902
VIC,2024-07-09,15:07:11,HOSE,STOCK,40.4,43.2,37.6,40.5,40.95,40.15,40.8,40.405,40.5,40.95,40.15,40.8,40.405,2286700.0,92393520000.0,115000.0,4641000000.0,0.4,0.4,0.9901
VIC,2024-07-08,15:07:11,HOSE,STOCK,41.4,44.25,38.55,41.4,41.4,40.35,40.4,40.74,41.4,41.4,40.35,40.4,40.74,3503600.0,142735315000.0,100000.0,3855000000.0,-1.0,-1.0,-2.4155
VIC,2024-07-05,15:07:10,HOSE,STOCK,41.4,44.25,38.55,41.4,41.45,41.1,41.4,41.271,41.4,41.45,41.1,41.4,41.271,1445400.0,59652910000.0,115000.0,4770650000.0,0.0,0.0,0.0
VIC,2024-07-04,15:07:10,HOSE,STOCK,41.35,44.2,38.5,41.5,41.7,41.3,41.4,41.472,41.5,41.7,41.3,41.4,41.472,1214300.0,50358910000.0,0.0,0.0,0.05,0.05,0.1209
VIC,2024-07-03,15:07:09,HOSE,STOCK,41.6,44.5,38.7,41.6,41.65,41.25,41.35,41.39,41.6,41.65,41.25,41.35,41.39,1138000.0,47102135000.0,9575000.0,398321600000.0,-0.25,-0.25,-0.601
VIC,2024-07-02,15:07:09,HOSE,STOCK,41.35,44.2,38.5,41.4,41.75,41.3,41.6,41.48,41.4,41.75,41.3,41.6,41.48,1493400.0,61946605000.0,3630000.0,150100500000.0,0.25,0.25,0.6046
VIC,2024-07-01,15:07:09,HOSE,STOCK,41.2,44.05,38.35,41.4,41.4,41.05,41.35,41.202,41.4,41.4,41.05,41.35,41.202,903300.0,37217985000.0,2569000.0,105981550000.0,0.15,0.15,0.3641
VIC,2024-06-28,15:06:10,HOSE,STOCK,41.0,43.85,38.15,41.1,41.35,40.9,41.2,41.143,41.1,41.35,40.9,41.2,41.143,1785000.0,73440890000.0,0.0,0.0,0.2,0.2,0.4878
VIC,2024-06-27,15:06:08,HOSE,STOCK,41.2,44.05,38.35,41.1,41.4,41.0,41.0,41.074,41.1,41.4,41.0,41.0,41.074,1312100.0,53893170000.0,115000.0,4833950000.0,-0.2,-0.2,-0.4854
VIC,2024-06-26,15:06:09,HOSE,STOCK,41.2,44.05,38.35,41.3,41.7,41.15,41.2,41.257,41.3,41.7,41.15,41.2,41.257,1918500.0,79151420000.0,33300.0,1382749200.0,0.0,0.0,0.0
VIC,2024-06-25,15:06:10,HOSE,STOCK,41.1,43.95,38.25,41.15,42.0,41.15,41.2,41.501,41.15,42.0,41.15,41.2,41.501,1597200.0,66285105000.0,2976000.0,122468500000.0,0.1,0.1,0.2433
VIC,2024-06-24,15:06:10,HOSE,STOCK,41.65,44.55,38.75,41.65,42.3,41.1,41.1,41.703,41.65,42.3,41.1,41.1,41.703,2804500.0,116955805000.0,1413300.0,56498700000.0,-0.55,-0.55,-1.3205
VIC,2024-06-21,15:06:10,HOSE,STOCK,41.45,44.35,38.55,41.45,41.65,41.15,41.65,41.442,41.45,41.65,41.15,41.65,41.442,2683900.0,111225295000.0,72000.0,2890600000.0,0.2,0.2,0.4825
VIC,2024-06-20,15:06:08,HOSE,STOCK,41.5,44.4,38.6,41.55,41.8,41.35,41.45,41.524,41.55,41.8,41.35,41.45,41.524,2357100.0,97877195000.0,43000.0,1659800000.0,-0.05,-0.05,-0.1205
VIC,2024-06-19,15:06:10,HOSE,STOCK,42.1,45.0,39.2,42.35,42.45,41.45,41.5,41.743,42.35,42.45,41.45,41.5,41.743,3271200.0,136550745000.0,4412000.0,185784800000.0,-0.6,-0.6,-1.4252
VIC,2024-06-18,15:06:08,HOSE,STOCK,42.0,44.9,39.1,42.3,42.95,42.1,42.1,42.419,42.3,42.95,42.1,42.1,42.419,1832400.0,77728120000.0,11993000.0,500941700000.0,0.1,0.1,0.2381
VIC,2024-06-17,15:06:08,HOSE,STOCK,42.0,44.9,39.1,42.6,42.95,42.0,42.0,42.424,42.6,42.95,42.0,42.0,42.424,2059700.0,87379840000.0,4759900.0,202322150000.0,0.0,0.0,0.0
VIC,2024-06-14,15:06:09,HOSE,STOCK,43.2,46.2,40.2,43.2,43.25,42.0,42.0,42.683,43.2,43.25,42.0,42.0,42.683,2718400.0,116028970000.0,4346211.0,187611315200.0,-1.2,-1.2,-2.7778
VIC,2024-06-13,15:06:08,HOSE,STOCK,43.3,46.3,40.3,43.3,43.5,42.9,43.2,43.056,43.3,43.5,42.9,43.2,43.056,2144000.0,92311520000.0,175000.0,7689500000.0,-0.1,-0.1,-0.2309
VIC,2024-06-12,15:06:08,HOSE,STOCK,43.2,46.2,40.2,42.8,43.5,42.5,43.3,42.942,42.8,43.5,42.5,43.3,42.942,2292500.0,98445475000.0,5000000.0,216000000000.0,0.1,0.1,0.2315
VIC,2024-06-11,15:06:08,HOSE,STOCK,43.45,46.45,40.45,43.3,43.45,42.55,43.2,42.852,43.3,43.45,42.55,43.2,42.852,4835000.0,207187980000.0,275000.0,12013000000.0,-0.25,-0.25,-0.5754
VIC,2024-06-10,15:06:09,HOSE,STOCK,43.5,46.5,40.5,43.5,43.9,43.4,43.45,43.52,43.5,43.9,43.4,43.45,43.52,1582400.0,68865865000.0,2460000.0,107010000000.0,-0.05,-0.05,-0.1149
VIC,2024-06-07,15:06:09,HOSE,STOCK,43.7,46.75,40.65,43.9,44.0,43.2,43.5,43.504,43.9,44.0,43.2,43.5,43.504,1681700.0,73160665000.0,160000.0,7040000000.0,-0.2,-0.2,-0.4577
VIC,2024-06-06,15:06:07,HOSE,STOCK,44.2,47.25,41.15,44.3,44.35,43.7,43.7,43.953,44.3,44.35,43.7,43.7,43.953,1823500.0,80147905000.0,195000.0,8559000000.0,-0.5,-0.5,-1.1312
VIC,2024-06-05,15:06:07,HOSE,STOCK,44.1,47.15,41.05,44.1,44.75,44.1,44.2,44.453,44.1,44.75,44.1,44.2,44.453,1611400.0,71630755000.0,0.0,0.0,0.1,0.1,0.2268
VIC,2024-06-04,15:06:08,HOSE,STOCK,43.95,47.0,40.9,44.3,44.55,44.0,44.1,44.227,44.3,44.55,44.0,44.1,44.227,1463500.0,64725645000.0,175000.0,8105000000.0,0.15,0.15,0.3413
VIC,2024-06-03,15:06:07,HOSE,STOCK,43.55,46.55,40.55,43.8,44.6,43.8,43.95,44.241,43.8,44.6,43.8,43.95,44.241,1537000.0,67998825000.0,170000.0,7548000000.0,0.4,0.4,0.9185
VIC,2024-05-31,15:05:07,HOSE,STOCK,43.15,46.15,40.15,43.5,44.6,43.3,43.55,43.74,43.5,44.6,43.3,43.55,43.74,1663200.0,72748240000.0,28700.0,1277150000.0,0.4,0.4,0.927
VIC,2024-05-30,15:05:08,HOSE,STOCK,44.4,47.5,41.3,44.4,44.5,43.15,43.15,43.748,44.4,44.5,43.15,43.15,43.748,2387000.0,104427405000.0,240000.0,10439000000.0,-1.25,-1.25,-2.8153
VIC,2024-05-29,15:05:07,HOSE,STOCK,45.05,48.2,41.9,45.05,45.2,44.25,44.4,44.473,45.05,45.2,44.25,44.4,44.473,2583100.0,114877975000.0,20000.0,904000000.0,-0.65,-0.65,-1.4428
VIC,2024-05-28,15:05:11,HOSE,STOCK,45.05,48.2,41.9,45.0,45.3,44.45,45.05,44.82,45.0,45.3,44.45,45.05,44.82,2253600.0,101006400000.0,135000.0,6237500000.0,0.0,0.0,0.0
VIC,2024-05-27,15:05:06,HOSE,STOCK,44.95,48.05,41.85,44.95,45.25,44.45,45.05,44.843,44.95,45.25,44.45,45.05,44.843,1713000.0,76815225000.0,0.0,0.0,0.1,0.1,0.2225
VIC,2024-05-24,15:05:08,HOSE,STOCK,45.55,48.7,42.4,45.15,45.6,44.15,44.95,44.749,45.15,45.6,44.15,44.95,44.749,3715400.0,166261520000.0,6625000.0,301668500000.0,-0.6,-0.6,-1.3172
VIC,2024-05-23,15:05:06,HOSE,STOCK,45.5,48.65,42.35,45.25,45.9,44.75,45.55,45.208,45.25,45.9,44.75,45.55,45.208,2649700.0,119787665000.0,0.0,0.0,0.05,0.05,0.1099
VIC,2024-05-22,15:05:08,HOSE,STOCK,46.45,49.7,43.2,46.35,46.9,45.5,45.5,46.011,46.35,46.9,45.5,45.5,46.011,3149300.0,144903585000.0,5535000.0,257753250000.0,-0.95,-0.95,-2.0452
VIC,2024-05-21,15:05:06,HOSE,STOCK,46.7,49.95,43.45,47.0,47.7,46.45,46.45,47.054,47.0,47.7,46.45,46.45,47.054,3335500.0,156947050000.0,0.0,0.0,-0.25,-0.25,-0.5353
VIC,2024-05-20,15:05:08,HOSE,STOCK,46.85,50.1,43.6,47.0,47.55,46.35,46.7,46.915,47.0,47.55,46.35,46.7,46.915,3224900.0,151294610000.0,115000.0,5389050000.0,-0.15,-0.15,-0.3202
VIC,2024-05-17,15:05:08,HOSE,STOCK,46.75,50.0,43.5,46.75,46.9,46.25,46.85,46.541,46.75,46.9,46.25,46.85,46.541,2168200.0,100909230000.0,0.0,0.0,0.1,0.1,0.2139
VIC,2024-05-16,15:05:06,HOSE,STOCK,46.35,49.55,43.15,46.6,47.15,46.2,46.75,46.773,46.6,47.15,46.2,46.75,46.773,2782500.0,130146350000.0,72000.0,3411950000.0,0.4,0.4,0.863
VIC,2024-05-15,15:05:05,HOSE,STOCK,46.05,49.25,42.85,46.2,46.75,46.0,46.35,46.307,46.2,46.75,46.0,46.35,46.307,1357800.0,62875400000.0,43000.0,2066150000.0,0.3,0.3,0.6515
VIC,2024-05-14,15:05:06,HOSE,STOCK,45.0,48.15,41.85,48.1,48.1,46.05,46.05,47.334,48.1,48.1,46.05,46.05,47.334,5263900.0,249159355000.0,6437000.0,289671250000.0,1.05,1.05,2.3333
VIC,2024-05-13,15:05:05,HOSE,STOCK,45.0,48.15,41.85,45.3,45.35,44.35,45.0,44.758,45.3,45.35,44.35,45.0,44.758,1711800.0,76616585000.0,43000.0,1936000000.0,0.0,0.0,0.0
VIC,2024-05-10,15:05:07,HOSE,STOCK,45.4,48.55,42.25,45.4,45.7,44.5,45.0,45.005,45.4,45.7,44.5,45.0,45.005,1166900.0,52516190000.0,0.0,0.0,-0.4,-0.4,-0.8811
VIC,2024-05-09,15:05:07,HOSE,STOCK,45.4,48.55,42.25,45.4,46.0,45.05,45.4,45.61,45.4,46.0,45.05,45.4,45.61,1415400.0,64556510000.0,0.0,0.0,0.0,0.0,0.0
VIC,2024-05-08,15:05:07,HOSE,STOCK,45.0,48.15,41.85,45.1,45.4,44.3,45.4,44.965,45.1,45.4,44.3,45.4,44.965,1713400.0,77042440000.0,47000.0,2146000000.0,0.4,0.4,0.8889
VIC,2024-05-07,15:05:07,HOSE,STOCK,44.75,47.85,41.65,45.35,45.35,44.5,45.0,44.898,45.35,45.35,44.5,45.0,44.898,1053500.0,47300140000.0,4933000.0,220681000000.0,0.25,0.25,0.5587
VIC,2024-05-06,15:05:07,HOSE,STOCK,44.45,47.55,41.35,44.45,44.75,43.85,44.75,44.413,44.45,44.75,43.85,44.75,44.413,1524400.0,67703310000.0,10412684.0,459139529750.0,0.3,0.3,0.6749
VIC,2024-05-03,15:05:08,HOSE,STOCK,44.4,47.5,41.3,44.6,44.9,44.0,44.45,44.356,44.6,44.9,44.0,44.45,44.356,1315200.0,58336670000.0,45000.0,1946750000.0,0.05,0.05,0.1126
VIC,2024-05-02,15:05:07,HOSE,STOCK,44.45,47.55,41.35,44.0,44.4,43.6,44.4,43.996,44.0,44.4,43.6,44.4,43.996,1596500.0,70240315000.0,0.0,0.0,-0.05,-0.05,-0.1125
VIC,2024-04-26,15:04:07,HOSE,STOCK,42.0,44.9,39.1,41.95,44.45,41.9,44.45,43.444,41.95,44.45,41.9,44.45,43.444,2697700.0,117198855000.0,0.0,0.0,2.45,2.45,5.8333
VIC,2024-04-25,15:04:07,HOSE,STOCK,41.6,44.5,38.7,41.7,42.35,41.3,42.0,41.934,41.7,42.35,41.3,42.0,41.934,1517500.0,63635100000.0,0.0,0.0,0.4,0.4,0.9615
VIC,2024-04-24,16:04:43,HOSE,STOCK,41.0,43.85,38.15,41.1,41.95,41.1,41.6,41.681,41.1,41.95,41.1,41.6,41.681,1583300.0,65993880000.0,0.0,0.0,0.6,0.6,1.4634
VIC,2024-04-23,15:04:06,HOSE,STOCK,42.0,44.9,39.1,42.45,42.45,41.0,41.0,41.37,42.45,42.45,41.0,41.0,41.37,2696100.0,111536310000.0,0.0,0.0,-1.0,-1.0,-2.381
VIC,2024-04-22,15:04:08,HOSE,STOCK,42.6,45.55,39.65,42.65,43.0,41.7,42.0,42.192,42.65,43.0,41.7,42.0,42.192,3217600.0,135757030000.0,0.0,0.0,-0.6,-0.6,-1.4085
VIC,2024-04-19,15:04:06,HOSE,STOCK,45.0,48.15,41.85,43.6,44.0,42.6,42.6,43.21,43.6,44.0,42.6,42.6,43.21,3674400.0,158770815000.0,0.0,0.0,-2.4,-2.4,-5.3333
VIC,2024-04-17,15:04:05,HOSE,STOCK,46.4,49.6,43.2,46.5,46.5,44.5,45.0,45.245,46.5,46.5,44.5,45.0,45.245,3009600.0,136170590000.0,0.0,0.0,-1.4,-1.4,-3.0172
VIC,2024-04-16,15:04:07,HOSE,STOCK,47.0,50.2,43.75,47.0,47.0,44.65,46.4,45.666,47.0,47.0,44.65,46.4,45.666,4793200.0,218885540000.0,0.0,0.0,-0.6,-0.6,-1.2766
VIC,2024-04-15,15:04:08,HOSE,STOCK,48.45,51.8,45.1,48.0,48.2,46.0,47.0,47.264,48.0,48.2,46.0,47.0,47.264,5597200.0,264543395000.0,0.0,0.0,-1.45,-1.45,-2.9928
VIC,2024-04-12,15:04:08,HOSE,STOCK,48.3,51.6,44.95,48.35,48.7,48.15,48.45,48.473,48.35,48.7,48.15,48.45,48.473,3009600.0,145882960000.0,0.0,0.0,0.15,0.15,0.3106
VIC,2024-04-11,15:04:05,HOSE,STOCK,48.5,51.8,45.15,48.25,48.55,47.75,48.3,48.312,48.25,48.55,47.75,48.3,48.312,3397900.0,164159110000.0,0.0,0.0,-0.2,-0.2,-0.4124
VIC,2024-04-10,15:04:06,HOSE,STOCK,47.7,51.0,44.4,47.7,48.65,47.65,48.5,48.264,47.7,48.65,47.65,48.5,48.264,5161600.0,249116925000.0,0.0,0.0,0.8,0.8,1.6771
VIC,2024-04-09,15:04:05,HOSE,STOCK,47.7,51.0,44.4,47.6,47.7,47.0,47.7,47.423,47.6,47.7,47.0,47.7,47.423,3502300.0,166089790000.0,0.0,0.0,0.0,0.0,0.0
VIC,2024-04-08,15:04:05,HOSE,STOCK,47.8,51.1,44.5,48.0,48.0,47.35,47.7,47.652,48.0,48.0,47.35,47.7,47.652,2948500.0,140501395000.0,0.0,0.0,-0.1,-0.1,-0.2092
VIC,2024-04-05,15:04:05,HOSE,STOCK,47.85,51.1,44.55,47.45,47.95,47.3,47.8,47.669,47.45,47.95,47.3,47.8,47.669,3382700.0,161248420000.0,0.0,0.0,-0.05,-0.05,-0.1045
VIC,2024-04-04,15:04:05,HOSE,STOCK,47.75,51.0,44.45,47.25,47.95,47.25,47.85,47.795,47.25,47.95,47.25,47.85,47.795,4122100.0,197014350000.0,0.0,0.0,0.1,0.1,0.2094
VIC,2024-04-03,15:04:05,HOSE,STOCK,47.8,51.1,44.5,47.5,47.85,47.2,47.75,47.648,47.5,47.85,47.2,47.75,47.648,4260400.0,202998145000.0,0.0,0.0,-0.05,-0.05,-0.1046
VIC,2024-04-02,15:04:05,HOSE,STOCK,47.85,51.1,44.55,47.0,47.9,46.5,47.8,47.53,47.0,47.9,46.5,47.8,47.53,4818000.0,228997825000.0,0.0,0.0,-0.05,-0.05,-0.1045
VIC,2024-04-01,23:04:10,HOSE,STOCK,47.65,50.9,44.35,47.65,48.1,47.35,47.85,47.793,47.65,48.1,47.35,47.85,47.793,4451800.0,212765730000.0,0.0,0.0,0.2,0.2,0.4197
VIC,2024-03-29,14:04:36,HOSE,STOCK,47.6,50.9,44.3,47.85,47.9,47.3,47.65,47.679,47.85,47.9,47.3,47.65,47.679,3524600.0,168049105000.0,0.0,0.0,0.05,0.05,0.105
VIC,2024-03-28,14:04:10,HOSE,STOCK,47.05,50.3,43.8,47.05,47.95,46.9,47.6,47.588,47.05,47.95,46.9,47.6,47.588,4639100.0,220766275000.0,0.0,0.0,0.55,0.55,1.169
VIC,2024-03-27,17:03:33,HOSE,STOCK,47.05,50.3,43.8,47.05,47.3,46.7,47.05,47.013,47.05,47.3,46.7,47.05,47.013,4203100.0,197598565000.0,0.0,0.0,0.0,0.0,0.0
VIC,2024-03-26,17:03:29,HOSE,STOCK,46.85,50.1,43.6,47.0,47.2,46.6,47.05,46.977,47.0,47.2,46.6,47.05,46.977,3479000.0,163431100000.0,0.0,0.0,0.2,0.2,0.4269
VIC,2024-03-25,16:03:38,HOSE,STOCK,46.6,49.85,43.35,46.6,47.4,46.15,46.85,46.79,46.6,47.4,46.15,46.85,46.79,4738500.0,221713170000.0,0.0,0.0,0.25,0.25,0.5365
VIC,2024-03-22,15:03:12,HOSE,STOCK,46.5,49.75,43.25,46.5,46.7,46.05,46.6,46.36,46.5,46.7,46.05,46.6,46.36,5198400.0,240977405000.0,441700.0,20766990000.0,0.1,0.1,0.2151
VIC,2024-03-21,15:03:08,HOSE,STOCK,46.5,49.75,43.25,46.5,46.85,45.9,46.5,46.36,46.5,46.85,45.9,46.5,46.36,3525800.0,163442400000.0,360700.0,16442350000.0,0.0,0.0,0.0
VIC,2024-03-20,15:03:12,HOSE,STOCK,47.0,50.2,43.75,46.8,47.0,45.8,46.5,46.19,46.8,47.0,45.8,46.5,46.19,4695000.0,216885320000.0,4268700.0,197874540000.0,-0.5,-0.5,-1.0638
VIC,2024-03-19,15:03:09,HOSE,STOCK,46.1,49.3,42.9,46.2,47.3,45.6,47.0,46.65,46.2,47.3,45.6,47.0,46.65,7828400.0,365199520000.0,166600.0,7567900000.0,0.9,0.9,1.9523
VIC,2024-03-18,15:03:07,HOSE,STOCK,44.4,47.5,41.3,44.85,46.2,43.9,46.1,45.11,44.85,46.2,43.9,46.1,45.11,7732700.0,348805215000.0,8252000.0,365884800000.0,1.7,1.7,3.8288
VIC,2024-03-15,15:03:12,HOSE,STOCK,45.95,49.15,42.75,45.9,46.0,44.4,44.4,45.01,45.9,46.0,44.4,44.4,45.01,4813400.0,216670995000.0,115000.0,5209500000.0,-1.55,-1.55,-3.3732
VIC,2024-03-14,15:03:10,HOSE,STOCK,45.0,48.15,41.85,45.2,46.85,45.0,45.95,46.0,45.2,46.85,45.0,45.95,46.0,6021400.0,277000280000.0,0.0,0.0,0.95,0.95,2.1111
VIC,2024-03-13,15:03:07,HOSE,STOCK,44.15,47.2,41.1,44.25,45.0,44.1,45.0,44.42,44.25,45.0,44.1,45.0,44.42,2238600.0,99440530000.0,2633000.0,109175200000.0,0.85,0.85,1.9253
VIC,2024-03-12,15:03:10,HOSE,STOCK,44.35,47.45,41.25,44.35,44.6,44.05,44.15,44.36,44.35,44.6,44.05,44.15,44.36,2836600.0,125820375000.0,0.0,0.0,-0.2,-0.2,-0.451
VIC,2024-03-11,15:03:06,HOSE,STOCK,44.8,47.9,41.7,44.9,45.25,44.35,44.35,44.94,44.9,45.25,44.35,44.35,44.94,3451600.0,155123130000.0,2515000.0,112631000000.0,-0.45,-0.45,-1.0045
VIC,2024-03-08,15:03:08,HOSE,STOCK,45.6,48.75,42.45,46.0,46.0,44.8,44.8,45.25,46.0,46.0,44.8,44.8,45.25,3896700.0,176330530000.0,0.0,0.0,-0.8,-0.8,-1.7544
VIC,2024-03-07,15:03:09,HOSE,STOCK,45.3,48.45,42.15,45.6,45.85,45.35,45.6,45.6,45.6,45.85,45.35,45.6,45.6,2466500.0,112474455000.0,135000.0,6033500000.0,0.3,0.3,0.6623
VIC,2024-03-06,15:03:06,HOSE,STOCK,45.3,48.45,42.15,45.3,46.85,45.2,45.3,45.83,45.3,46.85,45.2,45.3,45.83,4652500.0,213203215000.0,7716000.0,349534800000.0,0.0,0.0,0.0
VIC,2024-03-05,15:03:07,HOSE,STOCK,45.25,48.4,42.1,45.2,45.5,45.0,45.3,45.18,45.2,45.5,45.0,45.3,45.18,3151800.0,142404000000.0,8754000.0,396103500000.0,0.05,0.05,0.1105
VIC,2024-03-04,15:03:07,HOSE,STOCK,45.25,48.4,42.1,45.3,45.75,45.15,45.25,45.41,45.3,45.75,45.15,45.25,45.41,3738900.0,169778800000.0,95000.0,4186250000.0,0.0,0.0,0.0
VIC,2024-03-01,15:03:06,HOSE,STOCK,45.0,48.15,41.85,45.0,45.6,44.85,45.25,45.17,45.0,45.6,44.85,45.25,45.17,2982700.0,134731170000.0,20000.0,905000000.0,0.25,0.25,0.5556
VIC,2024-02-29,15:02:07,HOSE,STOCK,45.6,48.75,42.45,46.0,46.15,45.0,45.0,45.43,46.0,46.15,45.0,45.0,45.43,4017000.0,182507655000.0,1608800.0,73399530000.0,-0.6,-0.6,-1.3158
VIC,2024-02-28,15:02:07,HOSE,STOCK,45.15,48.3,42.0,45.9,46.4,45.25,45.6,45.79,45.9,46.4,45.25,45.6,45.79,3369700.0,154301495000.0,20000.0,943000000.0,0.45,0.45,0.9967
VIC,2024-02-27,15:02:06,HOSE,STOCK,44.6,47.7,41.5,44.8,45.65,44.35,45.15,44.79,44.8,45.65,44.35,45.15,44.79,4367500.0,195639720000.0,95000.0,4318150000.0,0.55,0.55,1.2332
VIC,2024-02-26,15:02:12,HOSE,STOCK,45.2,48.35,42.05,45.35,45.75,44.3,44.6,44.88,45.35,45.75,44.3,44.6,44.88,5089400.0,228433360000.0,115000.0,5230000000.0,-0.6,-0.6,-1.3274
VIC,2024-02-23,15:02:07,HOSE,STOCK,47.6,50.9,44.3,47.95,47.95,45.2,45.2,46.46,47.95,47.95,45.2,45.2,46.46,9877200.0,458872755000.0,6335000.0,301251300000.0,-2.4,-2.4,-5.042
VIC,2024-02-22,15:02:06,HOSE,STOCK,47.25,50.5,43.95,47.25,47.7,47.0,47.6,47.43,47.25,47.7,47.0,47.6,47.43,4022500.0,190806625000.0,153000.0,7228250000.0,0.35,0.35,0.7407
VIC,2024-02-21,15:02:07,HOSE,STOCK,48.5,51.8,45.15,48.55,48.55,47.1,47.25,47.59,48.55,48.55,47.1,47.25,47.59,6649000.0,316408940000.0,4265000.0,206841000000.0,-1.25,-1.25,-2.5773
VIC,2024-02-20,15:02:07,HOSE,STOCK,47.0,50.2,43.75,48.0,49.35,47.9,48.5,48.81,48.0,49.35,47.9,48.5,48.81,8974900.0,438105590000.0,20000.0,923000000.0,1.5,1.5,3.1915
VIC,2024-02-19,15:02:09,HOSE,STOCK,43.95,47.0,40.9,44.3,47.0,44.3,47.0,46.42,44.3,47.0,44.3,47.0,46.42,16636900.0,772273740000.0,115000.0,5169000000.0,3.05,3.05,6.9397
VIC,2024-02-16,15:02:08,HOSE,STOCK,42.55,45.5,39.6,42.55,44.15,42.5,43.95,43.64,42.55,44.15,42.5,43.95,43.64,4992200.0,217858605000.0,20000.0,833000000.0,1.4,1.4,3.2902
VIC,2024-02-15,15:02:04,HOSE,STOCK,42.4,45.35,39.45,42.5,42.8,42.2,42.55,42.53,42.5,42.8,42.2,42.55,42.53,1934700.0,82280080000.0,115000.0,4798250000.0,0.15,0.15,0.3538
VIC,2024-02-07,15:02:05,HOSE,STOCK,42.3,45.25,39.35,42.3,42.4,42.0,42.4,42.24,42.3,42.4,42.0,42.4,42.24,1596000.0,67418160000.0,20000.0,841000000.0,0.1,0.1,0.2364
VIC,2024-02-06,15:02:04,HOSE,STOCK,42.2,45.15,39.25,42.25,42.35,41.9,42.3,42.07,42.25,42.35,41.9,42.3,42.07,1594700.0,67092800000.0,185000.0,7857600000.0,0.1,0.1,0.237
VIC,2024-02-05,15:02:06,HOSE,STOCK,42.1,45.0,39.2,42.2,42.2,41.8,42.2,42.0,42.2,42.2,41.8,42.2,42.0,2692400.0,113076065000.0,417000.0,17562700000.0,0.1,0.1,0.2375
VIC,2024-02-02,15:02:05,HOSE,STOCK,42.35,45.3,39.4,42.35,42.5,42.05,42.1,42.15,42.35,42.5,42.05,42.1,42.15,1981500.0,83513385000.0,2045000.0,86700350000.0,-0.25,-0.25,-0.5903
VIC,2024-02-01,15:02:06,HOSE,STOCK,42.5,45.45,39.55,42.45,42.5,42.05,42.35,42.18,42.45,42.5,42.05,42.35,42.18,2196100.0,92625970000.0,20000.0,848000000.0,-0.15,-0.15,-0.3529
VIC,2024-01-31,15:01:05,HOSE,STOCK,42.7,45.65,39.75,42.7,42.8,42.1,42.5,42.47,42.7,42.8,42.1,42.5,42.47,2738900.0,116331860000.0,95000.0,4161200000.0,-0.2,-0.2,-0.4684
VIC,2024-01-30,15:01:05,HOSE,STOCK,42.65,45.6,39.7,42.65,42.8,42.5,42.7,42.59,42.65,42.8,42.5,42.7,42.59,1332900.0,56765330000.0,5140000.0,219222000000.0,0.05,0.05,0.1172
VIC,2024-01-29,15:01:05,HOSE,STOCK,42.8,45.75,39.85,42.8,42.85,42.4,42.65,42.63,42.8,42.85,42.4,42.65,42.63,1816400.0,77442045000.0,5895000.0,252268550000.0,-0.15,-0.15,-0.3505
VIC,2024-01-26,15:01:04,HOSE,STOCK,42.8,45.75,39.85,42.7,43.0,42.65,42.8,42.79,42.7,43.0,42.65,42.8,42.79,1807600.0,77346470000.0,6202863.0,265465536400.0,0.0,0.0,0.0
VIC,2024-01-25,15:01:05,HOSE,STOCK,43.15,46.15,40.15,43.1,43.1,42.8,42.8,42.89,43.1,43.1,42.8,42.8,42.89,1155300.0,49554975000.0,2067000.0,89190450000.0,-0.35,-0.35,-0.8111
VIC,2024-01-24,15:01:05,HOSE,STOCK,43.1,46.1,40.1,43.2,43.25,42.9,43.15,43.06,43.2,43.25,42.9,43.15,43.06,1693500.0,72914860000.0,1380000.0,59497700000.0,0.05,0.05,0.116
VIC,2024-01-23,15:01:05,HOSE,STOCK,43.3,46.3,40.3,43.4,43.4,42.9,43.1,43.06,43.4,43.4,42.9,43.1,43.06,2211000.0,95203830000.0,72000.0,3111500000.0,-0.2,-0.2,-0.4619
VIC,2024-01-22,15:01:04,HOSE,STOCK,43.3,46.3,40.3,43.5,43.5,43.15,43.3,43.29,43.5,43.5,43.15,43.3,43.29,1691900.0,73243420000.0,63000.0,2753350000.0,0.0,0.0,0.0
VIC,2024-01-19,15:01:05,HOSE,STOCK,43.35,46.35,40.35,43.35,43.45,43.15,43.3,43.29,43.35,43.45,43.15,43.3,43.29,2905400.0,125767615000.0,72000.0,3222000000.0,-0.05,-0.05,-0.1153
VIC,2024-01-18,15:01:06,HOSE,STOCK,43.2,46.2,40.2,43.0,43.5,43.0,43.35,43.24,43.0,43.5,43.0,43.35,43.24,1725100.0,74598655000.0,43000.0,1857300000.0,0.15,0.15,0.3472
VIC,2024-01-17,15:01:05,HOSE,STOCK,43.15,46.15,40.15,43.15,43.45,42.95,43.2,43.21,43.15,43.45,42.95,43.2,43.21,1878300.0,81152610000.0,72000.0,2982300000.0,0.05,0.05,0.1159
VIC,2024-01-16,15:01:04,HOSE,STOCK,43.05,46.05,40.05,43.0,43.25,42.85,43.15,43.0,43.0,43.25,42.85,43.15,43.0,1436500.0,61763775000.0,43000.0,1877500000.0,0.1,0.1,0.2323
VIC,2024-01-15,15:01:05,HOSE,STOCK,43.0,46.0,40.0,43.5,43.5,43.05,43.05,43.21,43.5,43.5,43.05,43.05,43.21,1456300.0,62922900000.0,72000.0,3068300000.0,0.05,0.05,0.1163
VIC,2024-01-12,15:01:06,HOSE,STOCK,43.65,46.7,40.6,43.5,43.5,42.7,43.0,43.03,43.5,43.5,42.7,43.0,43.03,2966600.0,127665915000.0,43000.0,1799850000.0,-0.65,-0.65,-1.4891
VIC,2024-01-11,15:01:05,HOSE,STOCK,43.6,46.65,40.55,43.6,44.0,43.4,43.65,43.77,43.6,44.0,43.4,43.65,43.77,1666100.0,72921075000.0,92000.0,4149500000.0,0.05,0.05,0.1147
VIC,2024-01-10,15:01:04,HOSE,STOCK,43.9,46.95,40.85,43.9,44.05,43.2,43.6,43.65,43.9,44.05,43.2,43.6,43.65,2675700.0,116785145000.0,43000.0,1884400000.0,-0.3,-0.3,-0.6834
VIC,2024-01-09,15:01:08,HOSE,STOCK,44.35,47.45,41.25,44.3,44.4,43.9,43.9,44.08,44.3,44.4,43.9,43.9,44.08,1604800.0,70734720000.0,112000.0,4772200000.0,-0.45,-0.45,-1.0147
VIC,2024-01-08,15:01:07,HOSE,STOCK,44.1,47.15,41.05,44.45,44.75,44.1,44.35,44.43,44.45,44.75,44.1,44.35,44.43,2534400.0,112603950000.0,43000.0,1801300000.0,0.25,0.25,0.5669
VIC,2024-01-05,15:01:04,HOSE,STOCK,44.15,47.2,41.1,44.15,44.2,43.9,44.1,44.03,44.15,44.2,43.9,44.1,44.03,1481600.0,65230615000.0,72000.0,3069000000.0,-0.05,-0.05,-0.1133
VIC,2024-01-04,15:01:05,HOSE,STOCK,44.15,47.2,41.1,44.15,44.4,43.8,44.15,44.14,44.15,44.4,43.8,44.15,44.14,2337800.0,103191375000.0,43000.0,1904200000.0,0.0,0.0,0.0
VIC,2024-01-03,15:01:04,HOSE,STOCK,44.0,47.05,40.95,43.5,44.15,43.5,44.15,43.73,43.5,44.15,43.5,44.15,43.73,2275100.0,99491560000.0,72000.0,3097000000.0,0.15,0.15,0.3409
VIC,2024-01-02,15:01:04,HOSE,STOCK,44.6,47.7,41.5,44.95,44.95,44.0,44.0,44.35,44.95,44.95,44.0,44.0,44.35,2281300.0,101167375000.0,43000.0,1974050000.0,-0.6,-0.6,-1.3453
VIC,2023-12-29,15:12:01,HOSE,STOCK,44.45,47.55,41.35,44.65,44.85,44.45,44.6,44.63,44.65,44.85,44.45,44.6,44.63,2168900.0,96789760000.0,305400.0,14272270000.0,0.15,0.15,0.3375
VIC,2023-12-28,15:12:03,HOSE,STOCK,43.6,46.65,40.55,43.6,44.6,43.6,44.45,44.32,43.6,44.6,43.6,44.45,44.32,4070700.0,180416905000.0,289000.0,12669600000.0,0.85,0.85,1.9495
VIC,2023-12-27,15:12:02,HOSE,STOCK,43.55,46.55,40.55,43.65,43.95,43.6,43.6,43.76,43.65,43.95,43.6,43.6,43.76,1848500.0,80882905000.0,72000.0,3233400000.0,0.05,0.05,0.1148
VIC,2023-12-26,15:12:01,HOSE,STOCK,43.4,46.4,40.4,43.4,43.75,43.35,43.55,43.55,43.4,43.75,43.35,43.55,43.55,1763700.0,76815535000.0,43000.0,1763000000.0,0.15,0.15,0.3456
VIC,2023-12-25,15:12:02,HOSE,STOCK,43.15,46.15,40.15,43.1,43.55,43.0,43.4,43.34,43.1,43.55,43.0,43.4,43.34,1977500.0,85706000000.0,1387000.0,58247400000.0,0.25,0.25,0.5794
VIC,2023-12-22,15:12:02,HOSE,STOCK,43.2,46.2,40.2,43.2,43.35,42.75,43.15,43.0,43.2,43.35,42.75,43.15,43.0,2001100.0,86037645000.0,198000.0,8557900000.0,-0.05,-0.05,-0.1157
VIC,2023-12-21,15:12:02,HOSE,STOCK,43.25,46.25,40.25,43.0,43.3,42.8,43.2,43.04,43.0,43.3,42.8,43.2,43.04,1890500.0,81357900000.0,72000.0,3116500000.0,-0.05,-0.05,-0.1156
VIC,2023-12-20,15:12:01,HOSE,STOCK,43.2,46.2,40.2,42.95,43.45,42.85,43.25,43.13,42.95,43.45,42.85,43.25,43.13,1760100.0,75914940000.0,6218000.0,267071850000.0,0.05,0.05,0.1157
VIC,2023-12-19,15:12:02,HOSE,STOCK,43.2,46.2,40.2,43.3,43.3,42.3,43.2,42.83,43.3,43.3,42.3,43.2,42.83,2813900.0,120523960000.0,72000.0,3065600000.0,0.0,0.0,0.0
VIC,2023-12-18,15:12:01,HOSE,STOCK,43.7,46.75,40.65,43.7,43.95,43.05,43.2,43.42,43.7,43.95,43.05,43.2,43.42,2345200.0,101825865000.0,43000.0,1882550000.0,-0.5,-0.5,-1.1442
VIC,2023-12-15,15:12:01,HOSE,STOCK,43.8,46.85,40.75,43.7,43.95,43.05,43.7,43.65,43.7,43.95,43.05,43.7,43.65,6066700.0,264804805000.0,1072000.0,46845600000.0,-0.1,-0.1,-0.2283
VIC,2023-12-14,15:12:01,HOSE,STOCK,43.9,46.95,40.85,43.95,44.05,43.45,43.8,43.66,43.95,44.05,43.45,43.8,43.66,3042800.0,132852450000.0,2293000.0,100884700000.0,-0.1,-0.1,-0.2278
VIC,2023-12-13,15:12:03,HOSE,STOCK,44.25,47.3,41.2,44.1,44.35,43.2,43.9,43.85,44.1,44.35,43.2,43.9,43.85,3973900.0,174266215000.0,72000.0,3141800000.0,-0.35,-0.35,-0.791
VIC,2023-12-12,15:12:02,HOSE,STOCK,44.05,47.1,41.0,44.05,44.4,44.0,44.25,44.18,44.05,44.4,44.0,44.25,44.18,2774200.0,122576750000.0,43000.0,1907050000.0,0.2,0.2,0.454
VIC,2023-12-11,15:12:02,HOSE,STOCK,42.95,45.95,39.95,43.25,44.35,43.25,44.05,43.92,43.25,44.35,43.25,44.05,43.92,5292200.0,232444250000.0,72000.0,3084600000.0,1.1,1.1,2.5611
VIC,2023-12-08,15:12:02,HOSE,STOCK,42.8,45.75,39.85,42.6,43.05,42.55,42.95,42.82,42.6,43.05,42.55,42.95,42.82,2652300.0,113574940000.0,0.0,0.0,0.15,0.15,0.3505
VIC,2023-12-07,15:12:03,HOSE,STOCK,42.8,45.75,39.85,42.8,43.2,41.9,42.8,42.56,42.8,43.2,41.9,42.8,42.56,4453200.0,189518080000.0,72000.0,3213700000.0,0.0,0.0,0.0
VIC,2023-12-06,15:12:03,HOSE,STOCK,42.8,45.75,39.85,42.5,43.0,42.5,42.8,42.72,42.5,43.0,42.5,42.8,42.72,2341200.0,100014145000.0,43000.0,1807000000.0,0.0,0.0,0.0
VIC,2023-12-05,15:12:03,HOSE,STOCK,42.95,45.95,39.95,42.95,43.15,42.6,42.8,42.8,42.95,43.15,42.6,42.8,42.8,3626700.0,155237975000.0,72000.0,2935800000.0,-0.15,-0.15,-0.3492
VIC,2023-12-04,15:12:02,HOSE,STOCK,42.1,45.0,39.2,42.1,43.0,42.1,42.95,42.69,42.1,43.0,42.1,42.95,42.69,3571300.0,152466015000.0,20000.0,824000000.0,0.85,0.85,2.019
VIC,2023-12-01,15:12:02,HOSE,STOCK,41.75,44.65,38.85,42.05,42.2,41.85,42.1,42.02,42.05,42.2,41.85,42.1,42.02,2301700.0,96714470000.0,2388800.0,100257450000.0,0.35,0.35,0.8383
VIC,2023-11-30,15:11:03,HOSE,STOCK,42.55,45.5,39.6,42.5,42.85,41.75,41.75,42.09,42.5,42.85,41.75,41.75,42.09,3466400.0,145905805000.0,20000.0,839000000.0,-0.8,-0.8,-1.8801
VIC,2023-11-29,15:11:02,HOSE,STOCK,42.4,45.35,39.45,42.4,42.65,42.3,42.55,42.47,42.4,42.65,42.3,42.55,42.47,2051700.0,87128305000.0,73000.0,2979550000.0,0.15,0.15,0.3538
VIC,2023-11-28,15:11:01,HOSE,STOCK,41.85,44.75,38.95,41.85,42.5,41.6,42.4,42.05,41.85,42.5,41.6,42.4,42.05,2472300.0,103963510000.0,42000.0,1742000000.0,0.55,0.55,1.3142
VIC,2023-11-27,15:11:01,HOSE,STOCK,41.35,44.2,38.5,41.3,42.2,41.3,41.85,41.88,41.3,42.2,41.3,41.85,41.88,2794800.0,117040110000.0,199000.0,8414050000.0,0.5,0.5,1.2092
VIC,2023-11-24,15:11:03,HOSE,STOCK,41.3,44.15,38.45,41.35,41.5,40.6,41.35,41.07,41.35,41.5,40.6,41.35,41.07,3524600.0,144737980000.0,42000.0,1709400000.0,0.05,0.05,0.1211
VIC,2023-11-23,15:11:02,HOSE,STOCK,42.0,44.9,39.1,42.0,42.6,41.3,41.3,42.02,42.0,42.6,41.3,41.3,42.02,3301600.0,138733535000.0,73000.0,3066850000.0,-0.7,-0.7,-1.6667
VIC,2023-11-22,15:11:03,HOSE,STOCK,42.6,45.55,39.65,42.95,43.0,41.85,42.0,42.2,42.95,43.0,41.85,42.0,42.2,3797800.0,160266700000.0,1142000.0,48624800000.0,-0.6,-0.6,-1.4085
VIC,2023-11-21,15:11:02,HOSE,STOCK,42.7,45.65,39.75,43.05,43.15,42.05,42.6,42.42,43.05,43.15,42.05,42.6,42.42,2852100.0,120985785000.0,73000.0,3173500000.0,-0.1,-0.1,-0.2342
VIC,2023-11-20,15:11:02,HOSE,STOCK,42.2,45.15,39.25,40.9,42.8,40.9,42.7,42.1,40.9,42.8,40.9,42.7,42.1,4304300.0,181219000000.0,42000.0,1770600000.0,0.5,0.5,1.1848
VIC,2023-11-17,15:11:01,HOSE,STOCK,45.1,48.25,41.95,45.2,45.2,42.15,42.2,43.61,45.2,45.2,42.15,42.2,43.61,11573200.0,504670460000.0,133000.0,5823600000.0,-2.9,-2.9,-6.4302
VIC,2023-11-16,15:11:01,HOSE,STOCK,45.4,48.55,42.25,45.4,45.4,44.85,45.1,45.0,45.4,45.4,44.85,45.1,45.0,2341300.0,105365400000.0,42000.0,1832600000.0,-0.3,-0.3,-0.6608
VIC,2023-11-15,15:11:01,HOSE,STOCK,44.95,48.05,41.85,45.4,45.6,44.9,45.4,45.3,45.4,45.6,44.9,45.4,45.3,6206500.0,281168665000.0,73000.0,3196750000.0,0.45,0.45,1.0011
VIC,2023-11-14,15:11:02,HOSE,STOCK,44.8,47.9,41.7,44.95,45.5,44.5,44.95,44.92,44.95,45.5,44.5,44.95,44.92,3845100.0,172727325000.0,62000.0,2708300000.0,0.15,0.15,0.3348
VIC,2023-11-13,15:11:01,HOSE,STOCK,44.95,48.05,41.85,45.05,45.05,44.45,44.8,44.75,45.05,45.05,44.45,44.8,44.75,3953800.0,176934475000.0,73000.0,3115050000.0,-0.15,-0.15,-0.3337
VIC,2023-11-10,15:11:02,HOSE,STOCK,45.4,48.55,42.25,45.0,45.2,44.4,44.95,44.84,45.0,45.2,44.4,44.95,44.84,5103200.0,228819275000.0,42000.0,1791300000.0,-0.45,-0.45,-0.9912
VIC,2023-11-09,15:11:02,HOSE,STOCK,43.0,46.0,40.0,44.0,45.7,44.0,45.4,44.9,44.0,45.7,44.0,45.4,44.9,7308000.0,328098260000.0,5673000.0,243918650000.0,2.4,2.4,5.5814
VIC,2023-11-08,15:11:01,HOSE,STOCK,42.05,44.95,39.15,41.9,43.05,41.6,43.0,42.5,41.9,43.05,41.6,43.0,42.5,4749500.0,201844600000.0,62000.0,2597600000.0,0.95,0.95,2.2592
VIC,2023-11-07,15:11:01,HOSE,STOCK,42.1,45.0,39.2,41.8,42.15,41.25,42.05,41.79,41.8,42.15,41.25,42.05,41.79,4222000.0,176440740000.0,73000.0,3086500000.0,-0.05,-0.05,-0.1188
VIC,2023-11-06,15:11:01,HOSE,STOCK,41.6,44.5,38.7,41.95,42.3,41.65,42.1,41.96,41.95,42.3,41.65,42.1,41.96,4294000.0,180194895000.0,42000.0,1774500000.0,0.5,0.5,1.2019
VIC,2023-11-03,15:11:01,HOSE,STOCK,41.45,44.35,38.55,41.7,42.1,41.25,41.6,41.7,41.7,42.1,41.25,41.6,41.7,4094900.0,170776890000.0,73000.0,3044700000.0,0.15,0.15,0.3619
VIC,2023-11-02,15:11:02,HOSE,STOCK,40.4,43.2,37.6,40.5,41.5,39.65,41.45,40.49,40.5,41.5,39.65,41.45,40.49,6047500.0,244879420000.0,42000.0,1800500000.0,1.05,1.05,2.599
VIC,2023-11-01,15:11:02,HOSE,STOCK,40.5,43.3,37.7,39.7,40.5,39.45,40.4,39.99,39.7,40.5,39.45,40.4,39.99,4618900.0,184715445000.0,73000.0,3158400000.0,-0.1,-0.1,-0.2469
VIC,2023-10-31,15:10:02,HOSE,STOCK,41.5,44.4,38.6,41.05,41.55,40.45,40.5,40.89,41.05,41.55,40.45,40.5,40.89,5938400.0,242827150000.0,42000.0,1814400000.0,-1.0,-1.0,-2.4096
VIC,2023-10-30,15:10:01,HOSE,STOCK,41.6,44.5,38.7,41.3,41.55,39.75,41.5,40.94,41.3,41.55,39.75,41.5,40.94,6062800.0,248225020000.0,50000.0,2225000000.0,-0.1,-0.1,-0.2404
VIC,2023-10-27,15:10:02,HOSE,STOCK,41.6,44.5,38.7,41.65,41.8,38.7,41.6,39.98,41.65,41.8,38.7,41.6,39.98,13998100.0,559582740000.0,65000.0,2792850000.0,0.0,0.0,0.0
VIC,2023-10-26,15:10:02,HOSE,STOCK,44.7,47.8,41.6,42.9,42.95,41.6,41.6,41.67,42.9,42.95,41.6,41.6,41.67,15106800.0,629517490000.0,830000.0,35008150000.0,-3.1,-3.1,-6.9351
VIC,2023-10-25,15:10:02,HOSE,STOCK,43.45,46.45,40.45,44.2,45.3,43.85,44.7,44.48,44.2,45.3,43.85,44.7,44.48,6225600.0,276900545000.0,2025000.0,89651250000.0,1.25,1.25,2.8769
VIC,2023-10-24,15:10:02,HOSE,STOCK,43.4,46.4,40.4,43.2,43.5,42.9,43.45,43.32,43.2,43.5,42.9,43.45,43.32,2821800.0,122241670000.0,50000.0,2256550000.0,0.05,0.05,0.1152
VIC,2023-10-23,15:10:02,HOSE,STOCK,43.35,46.35,40.35,43.35,43.4,42.6,43.4,43.06,43.35,43.4,42.6,43.4,43.06,4900400.0,211035435000.0,111000.0,4955550000.0,0.05,0.05,0.1153
VIC,2023-10-20,15:10:06,HOSE,STOCK,43.2,46.2,40.2,43.0,43.35,41.85,43.35,42.54,43.0,43.35,41.85,43.35,42.54,5953100.0,253217925000.0,70000.0,3214600000.0,0.15,0.15,0.3472
VIC,2023-10-19,15:10:02,HOSE,STOCK,43.8,46.85,40.75,43.8,43.9,42.4,43.2,42.96,43.8,43.9,42.4,43.2,42.96,5382400.0,231250275000.0,166000.0,7443550000.0,-0.6,-0.6,-1.3699
VIC,2023-10-18,15:10:02,HOSE,STOCK,44.0,47.05,40.95,44.05,44.55,41.5,43.8,43.6,44.05,44.55,41.5,43.8,43.6,8869200.0,386725685000.0,6820000.0,300115000000.0,-0.2,-0.2,-0.4545
VIC,2023-10-17,15:10:02,HOSE,STOCK,45.0,48.15,41.85,45.0,45.15,44.0,44.0,44.68,45.0,45.15,44.0,44.0,44.68,4845000.0,216470645000.0,147000.0,6769350000.0,-1.0,-1.0,-2.2222
VIC,2023-10-16,15:10:02,HOSE,STOCK,46.1,49.3,42.9,46.05,46.05,45.0,45.0,45.43,46.05,46.05,45.0,45.0,45.43,4839400.0,219836855000.0,43000.0,2043400000.0,-1.1,-1.1,-2.3861
VIC,2023-10-13,15:10:02,HOSE,STOCK,46.5,49.75,43.25,46.05,46.45,45.55,46.1,45.97,46.05,46.45,45.55,46.1,45.97,5057900.0,232487970000.0,65000.0,3083000000.0,-0.4,-0.4,-0.8602
VIC,2023-10-12,15:10:02,HOSE,STOCK,45.45,48.6,42.3,46.0,47.3,45.8,46.5,46.6,46.0,47.3,45.8,46.5,46.6,7710800.0,359340200000.0,50000.0,2304600000.0,1.05,1.05,2.3102
VIC,2023-10-11,15:10:02,HOSE,STOCK,44.9,48.0,41.8,45.05,45.45,45.0,45.45,45.19,45.05,45.45,45.0,45.45,45.19,3629700.0,164039315000.0,85000.0,4060250000.0,0.55,0.55,1.2249
VIC,2023-10-10,15:10:02,HOSE,STOCK,45.2,48.35,42.05,45.6,46.15,44.9,44.9,45.55,45.6,46.15,44.9,44.9,45.55,5861600.0,266968110000.0,50000.0,2378800000.0,-0.3,-0.3,-0.6637
VIC,2023-10-09,15:10:02,HOSE,STOCK,45.95,49.15,42.75,46.0,46.05,45.2,45.2,45.61,46.0,46.05,45.2,45.2,45.61,4889700.0,223007720000.0,1455900.0,67237455000.0,-0.75,-0.75,-1.6322
VIC,2023-10-06,15:10:01,HOSE,STOCK,45.6,48.75,42.45,45.9,46.25,45.0,45.95,45.85,45.9,46.25,45.0,45.95,45.85,6192900.0,283920475000.0,0.0,0.0,0.35,0.35,0.7675
VIC,2023-10-05,15:10:01,HOSE,STOCK,46.1,49.3,42.9,46.2,46.4,44.8,45.6,45.62,46.2,46.4,44.8,45.6,45.62,5358200.0,244461965000.0,6620000.0,311276000000.0,-0.5,-0.5,-1.0846
VIC,2023-10-04,15:10:01,HOSE,STOCK,44.5,47.6,41.4,44.5,46.3,44.05,46.1,45.43,44.5,46.3,44.05,46.1,45.43,6718300.0,305227300000.0,3698000.0,164561000000.0,1.6,1.6,3.5955
VIC,2023-10-03,15:10:02,HOSE,STOCK,46.9,50.1,43.65,45.9,46.0,43.85,44.5,44.73,45.9,46.0,43.85,44.5,44.73,12896800.0,576860950000.0,135000.0,6647000000.0,-2.4,-2.4,-5.1173
VIC,2023-10-02,15:10:01,HOSE,STOCK,46.85,50.1,43.6,47.0,47.55,46.5,46.9,47.02,47.0,47.55,46.5,46.9,47.02,5084800.0,239108395000.0,0.0,0.0,0.05,0.05,0.1067
VIC,2023-09-29,15:09:01,HOSE,STOCK,45.0,48.15,41.85,45.2,48.15,45.15,46.85,47.18,45.2,48.15,45.15,46.85,47.18,13568000.0,640197455000.0,135000.0,6423750000.0,1.85,1.85,4.1111
VIC,2023-09-28,15:09:01,HOSE,STOCK,45.2,48.35,42.05,45.2,45.3,44.1,45.0,44.65,45.2,45.3,44.1,45.0,44.65,6887100.0,307515225000.0,0.0,0.0,-0.2,-0.2,-0.4425
VIC,2023-09-27,15:09:01,HOSE,STOCK,45.0,48.15,41.85,44.6,45.25,44.05,45.2,44.68,44.6,45.25,44.05,45.2,44.68,8890400.0,397260845000.0,158000.0,7455300000.0,0.2,0.2,0.4444
VIC,2023-09-26,15:09:01,HOSE,STOCK,46.5,49.75,43.25,46.0,46.75,44.55,45.0,45.54,46.0,46.75,44.55,45.0,45.54,15113400.0,688251770000.0,0.0,0.0,-1.5,-1.5,-3.2258
VIC,2023-09-25,15:09:01,HOSE,STOCK,50.0,53.5,46.5,50.1,50.4,46.5,46.5,48.01,50.1,50.4,46.5,46.5,48.01,16835400.0,808235395000.0,3219519.0,163463365000.0,-3.5,-3.5,-7.0
VIC,2023-09-22,15:09:01,HOSE,STOCK,52.2,55.8,48.55,51.5,51.6,49.8,50.0,50.5,51.5,51.6,49.8,50.0,50.5,17451900.0,881360110000.0,2285000.0,126857000000.0,-2.2,-2.2,-4.2146
VIC,2023-09-21,15:09:01,HOSE,STOCK,53.5,57.2,49.8,53.8,53.8,52.2,52.2,52.79,53.8,53.8,52.2,52.2,52.79,8502600.0,448887190000.0,0.0,0.0,-1.3,-1.3,-2.4299
VIC,2023-09-20,15:09:02,HOSE,STOCK,51.7,55.3,48.1,52.0,53.5,51.7,53.5,52.46,52.0,53.5,51.7,53.5,52.46,11801500.0,619097130000.0,85000.0,4487500000.0,1.8,1.8,3.4816
VIC,2023-09-19,15:09:01,HOSE,STOCK,53.0,56.7,49.3,53.5,53.9,51.5,51.7,52.55,53.5,53.9,51.5,51.7,52.55,12789300.0,672063750000.0,4147300.0,232663530000.0,-1.3,-1.3,-2.4528
VIC,2023-09-18,15:09:02,HOSE,STOCK,53.6,57.3,49.85,53.6,53.6,52.4,53.0,52.78,53.6,53.6,52.4,53.0,52.78,11462100.0,604968080000.0,4220500.0,240483500000.0,-0.6,-0.6,-1.1194
VIC,2023-09-15,15:09:03,HOSE,STOCK,55.5,59.3,51.7,56.0,56.3,53.2,53.6,54.41,56.0,56.3,53.2,53.6,54.41,18952400.0,1031148080000.0,664542.0,36882081000.0,-1.9,-1.9,-3.4234
VIC,2023-09-14,15:09:03,HOSE,STOCK,59.2,63.3,55.1,59.1,59.3,55.5,55.5,56.96,59.1,59.3,55.5,55.5,56.96,26861000.0,1529927350000.0,85000.0,5001000000.0,-3.7,-3.7,-6.25
VIC,2023-09-13,15:09:02,HOSE,STOCK,60.3,64.5,56.1,60.8,61.4,59.1,59.2,60.12,60.8,61.4,59.1,59.2,60.12,16321000.0,981193830000.0,3749100.0,237318030000.0,-1.1,-1.1,-1.8242
VIC,2023-09-12,15:09:02,HOSE,STOCK,59.1,63.2,55.0,59.8,60.5,59.1,60.3,59.96,59.8,60.5,59.1,60.3,59.96,15067200.0,903386530000.0,3585000.0,225546000000.0,1.2,1.2,2.0305
VIC,2023-09-11,15:09:02,HOSE,STOCK,59.1,63.2,55.0,60.1,61.4,59.1,59.1,60.21,60.1,61.4,59.1,59.1,60.21,16362000.0,985119430000.0,0.0,0.0,0.0,0.0,0.0
VIC,2023-09-08,15:09:03,HOSE,STOCK,60.8,65.0,56.6,60.5,60.6,59.1,59.1,59.73,60.5,60.6,59.1,59.1,59.73,28220800.0,1685672860000.0,85000.0,5448500000.0,-1.7,-1.7,-2.7961
VIC,2023-09-07,15:09:01,HOSE,STOCK,61.6,65.9,57.3,62.0,62.5,60.8,60.8,61.36,62.0,62.5,60.8,60.8,61.36,16127800.0,989639560000.0,3696294.0,238780592400.0,-0.8,-0.8,-1.2987
VIC,2023-09-06,15:09:03,HOSE,STOCK,62.3,66.6,58.0,62.4,62.5,60.8,61.6,61.28,62.4,62.5,60.8,61.6,61.28,19411000.0,1189528790000.0,878500.0,54730550000.0,-0.7,-0.7,-1.1236
VIC,2023-09-05,15:09:04,HOSE,STOCK,62.1,66.4,57.8,62.5,63.9,61.7,62.3,62.51,62.5,63.9,61.7,62.3,62.51,13059500.0,816402000000.0,0.0,0.0,0.2,0.2,0.3221
VIC,2023-08-31,15:08:04,HOSE,STOCK,62.0,66.3,57.7,62.5,64.1,62.0,62.1,62.69,62.5,64.1,62.0,62.1,62.69,14984700.0,939437840000.0,0.0,0.0,0.1,0.1,0.1613
VIC,2023-08-30,15:08:02,HOSE,STOCK,63.4,67.8,59.0,63.0,63.0,60.6,62.0,61.72,63.0,63.0,60.6,62.0,61.72,24550800.0,1515176040000.0,594000.0,38070000000.0,-1.4,-1.4,-2.2082
VIC,2023-08-29,15:08:02,HOSE,STOCK,64.7,69.2,60.2,65.7,65.9,63.2,63.4,64.05,65.7,65.9,63.2,63.4,64.05,20650300.0,1322741030000.0,200000.0,12790800000.0,-1.3,-1.3,-2.0093
VIC,2023-08-28,15:08:02,HOSE,STOCK,63.5,67.9,59.1,65.0,66.7,64.5,64.7,65.34,65.0,66.7,64.5,64.7,65.34,16715600.0,1092226780000.0,79000.0,5188000000.0,1.2,1.2,1.8898
VIC,2023-08-25,15:08:03,HOSE,STOCK,64.2,68.6,59.8,65.2,66.7,63.3,63.5,64.5,65.2,66.7,63.3,63.5,64.5,17900300.0,1154564670000.0,167000.0,10726577000.0,-0.7,-0.7,-1.0903
VIC,2023-08-24,15:08:02,HOSE,STOCK,65.0,69.5,60.5,65.7,65.8,62.6,64.2,63.94,65.7,65.8,62.6,64.2,63.94,16616200.0,1062390240000.0,0.0,0.0,-0.8,-0.8,-1.2308
VIC,2023-08-23,15:08:01,HOSE,STOCK,64.5,69.0,60.0,69.0,69.0,65.0,65.0,67.13,69.0,69.0,65.0,65.0,67.13,20341500.0,1365435110000.0,0.0,0.0,0.5,0.5,0.7752
VIC,2023-08-22,15:08:02,HOSE,STOCK,65.8,70.4,61.2,67.0,67.1,62.8,64.5,64.34,67.0,67.1,62.8,64.5,64.34,13120800.0,844252940000.0,0.0,0.0,-1.3,-1.3,-1.9757
VIC,2023-08-21,15:08:02,HOSE,STOCK,66.9,71.5,62.3,66.0,66.1,63.3,65.8,64.41,66.0,66.1,63.3,65.8,64.41,22403700.0,1442918760000.0,1275000.0,85182500000.0,-1.1,-1.1,-1.6442
VIC,2023-08-18,15:08:02,HOSE,STOCK,71.9,76.9,66.9,69.1,70.0,66.9,66.9,67.99,69.1,70.0,66.9,66.9,67.99,26621900.0,1809896470000.0,1111500.0,77496925500.0,-5.0,-5.0,-6.9541
VIC,2023-08-17,15:08:02,HOSE,STOCK,75.6,80.8,70.4,75.6,76.6,71.9,71.9,74.14,75.6,76.6,71.9,71.9,74.14,22232600.0,1648257500000.0,3500000.0,263700000000.0,-3.7,-3.7,-4.8942
VIC,2023-08-16,15:08:02,HOSE,STOCK,70.7,75.6,65.8,75.6,75.6,75.4,75.6,75.6,75.6,75.6,75.4,75.6,75.6,19414900.0,1467731490000.0,300000.0,22680000000.0,4.9,4.9,6.9307
VIC,2023-08-15,15:08:02,HOSE,STOCK,73.3,78.4,68.2,73.0,73.3,70.7,70.7,71.76,73.0,73.3,70.7,70.7,71.76,14765300.0,1059538710000.0,2720000.0,199376000000.0,-2.6,-2.6,-3.5471
VIC,2023-08-14,15:08:02,HOSE,STOCK,72.6,77.6,67.6,74.9,75.4,71.5,73.3,73.79,74.9,75.4,71.5,73.3,73.79,12704000.0,937478140000.0,0.0,0.0,0.7,0.7,0.9642
VIC,2023-08-11,14:44:27,HOSE,STOCK,67.9,72.6,63.2,72.6,72.6,72.1,72.6,72.58150703,72.6,72.6,72.1,72.6,72.58150703,23093100.0,1676132000000.0,2.2,1.3904,4.7,4.7,6.9219
VIC,2023-08-10,15:08:02,HOSE,STOCK,65.8,70.4,61.2,66.3,68.4,66.1,67.9,67.13,66.3,68.4,66.1,67.9,67.13,7897700.0,530171240000.0,263900.0,17751382400.0,2.1,2.1,3.1915
VIC,2023-08-09,15:08:04,HOSE,STOCK,67.0,71.6,62.4,67.0,67.8,65.7,65.8,66.37,67.0,67.8,65.7,65.8,66.37,9768400.0,648304690000.0,500000.0,34000000000.0,-1.2,-1.2,-1.791
VIC,2023-08-08,15:08:02,HOSE,STOCK,63.9,68.3,59.5,64.0,67.5,63.6,67.0,65.93,64.0,67.5,63.6,67.0,65.93,11056400.0,728930220000.0,0.0,0.0,3.1,3.1,4.8513
VIC,2023-08-07,15:08:02,HOSE,STOCK,62.2,66.5,57.9,63.5,64.3,62.4,63.9,63.4,63.5,64.3,62.4,63.9,63.4,8090300.0,512921280000.0,440000.0,28028000000.0,1.7,1.7,2.7331
VIC,2023-08-04,15:08:02,HOSE,STOCK,58.2,62.2,54.2,59.0,62.2,59.0,62.2,61.8,59.0,62.2,59.0,62.2,61.8,21210800.0,1310932970000.0,0.0,0.0,4.0,4.0,6.8729
VIC,2023-08-03,15:08:02,HOSE,STOCK,58.3,62.3,54.3,58.3,59.5,58.0,58.2,58.61,58.3,59.5,58.0,58.2,58.61,7522800.0,440893120000.0,0.0,0.0,-0.1,-0.1,-0.1715
VIC,2023-08-02,15:08:01,HOSE,STOCK,58.9,63.0,54.8,59.0,59.9,58.1,58.3,58.96,59.0,59.9,58.1,58.3,58.96,12347800.0,727985740000.0,0.0,0.0,-0.6,-0.6,-1.0187
VIC,2023-08-01,15:08:02,HOSE,STOCK,55.1,58.9,51.3,58.8,58.9,58.0,58.9,58.84,58.8,58.9,58.0,58.9,58.84,12259300.0,721385400000.0,1800000.0,99180000000.0,3.8,3.8,6.8966
VIC,2023-07-31,15:07:02,HOSE,STOCK,51.5,55.1,47.9,55.1,55.1,54.6,55.1,55.1,55.1,55.1,54.6,55.1,55.1,10561900.0,581943510000.0,0.0,0.0,3.6,3.6,6.9903
VIC,2023-07-28,15:07:03,HOSE,STOCK,51.1,54.6,47.55,51.1,51.6,50.9,51.5,51.25,51.1,51.6,50.9,51.5,51.25,3550200.0,181937090000.0,0.0,0.0,0.4,0.4,0.7828
VIC,2023-07-27,15:07:03,HOSE,STOCK,51.0,54.5,47.45,51.0,51.5,50.8,51.1,51.07,51.0,51.5,50.8,51.1,51.07,3932500.0,200816370000.0,0.0,0.0,0.1,0.1,0.1961
VIC,2023-07-26,15:07:02,HOSE,STOCK,51.5,55.1,47.9,51.4,51.9,51.0,51.0,51.23,51.4,51.9,51.0,51.0,51.23,4119700.0,211049770000.0,0.0,0.0,-0.5,-0.5,-0.9709
VIC,2023-07-25,15:07:01,HOSE,STOCK,52.0,55.6,48.4,52.1,52.2,51.5,51.5,51.68,52.1,52.2,51.5,51.5,51.68,3804000.0,196575070000.0,23624.0,1143401600.0,-0.5,-0.5,-0.9615
VIC,2023-07-24,15:07:02,HOSE,STOCK,52.1,55.7,48.5,52.2,52.6,51.8,52.0,52.1,52.2,52.6,51.8,52.0,52.1,2621700.0,136587750000.0,0.0,0.0,-0.1,-0.1,-0.1919
VIC,2023-07-21,15:07:02,HOSE,STOCK,52.0,55.6,48.4,52.0,52.3,51.6,52.1,51.8,52.0,52.3,51.6,52.1,51.8,2324800.0,120429190000.0,0.0,0.0,0.1,0.1,0.1923
VIC,2023-07-20,15:07:02,HOSE,STOCK,52.1,55.7,48.5,52.1,52.6,51.6,52.0,52.01,52.1,52.6,51.6,52.0,52.01,1893800.0,98501800000.0,0.0,0.0,-0.1,-0.1,-0.1919
VIC,2023-07-19,15:07:02,HOSE,STOCK,52.7,56.3,49.05,52.9,52.9,52.1,52.1,52.45,52.9,52.9,52.1,52.1,52.45,1816000.0,95244590000.0,0.0,0.0,-0.6,-0.6,-1.1385
VIC,2023-07-18,15:07:01,HOSE,STOCK,52.9,56.6,49.2,53.0,53.1,52.6,52.7,52.84,53.0,53.1,52.6,52.7,52.84,2091900.0,110533980000.0,0.0,0.0,-0.2,-0.2,-0.3781
VIC,2023-07-17,15:07:01,HOSE,STOCK,51.4,54.9,47.85,51.6,53.1,51.4,52.9,52.4,51.6,53.1,51.4,52.9,52.4,4605500.0,241321290000.0,7500000.0,383340000000.0,1.5,1.5,2.9183
VIC,2023-07-14,15:07:03,HOSE,STOCK,51.5,55.1,47.9,51.8,51.8,51.0,51.4,51.37,51.8,51.8,51.0,51.4,51.37,2013700.0,103443220000.0,0.0,0.0,-0.1,-0.1,-0.1942
VIC,2023-07-13,15:07:03,HOSE,STOCK,51.4,54.9,47.85,51.5,52.0,51.2,51.5,51.48,51.5,52.0,51.2,51.5,51.48,1894000.0,97512080000.0,0.0,0.0,0.1,0.1,0.1946
VIC,2023-07-12,15:07:02,HOSE,STOCK,50.8,54.3,47.25,51.1,51.9,50.8,51.4,51.41,51.1,51.9,50.8,51.4,51.41,2295600.0,118006750000.0,0.0,0.0,0.6,0.6,1.1811
VIC,2023-07-11,15:07:02,HOSE,STOCK,50.9,54.4,47.35,51.0,51.3,50.8,50.8,50.99,51.0,51.3,50.8,50.8,50.99,1927900.0,98305570000.0,780000.0,39780000000.0,-0.1,-0.1,-0.1965
VIC,2023-07-10,15:07:02,HOSE,STOCK,50.1,53.6,46.6,50.5,51.2,50.2,50.9,50.6,50.5,51.2,50.2,50.9,50.6,3345300.0,169276000000.0,0.0,0.0,0.8,0.8,1.5968
VIC,2023-07-07,15:07:02,HOSE,STOCK,50.4,53.9,46.9,50.5,50.6,50.0,50.1,50.19,50.5,50.6,50.0,50.1,50.19,2941600.0,147646240000.0,0.0,0.0,-0.3,-0.3,-0.5952
VIC,2023-07-06,15:07:01,HOSE,STOCK,51.0,54.5,47.45,51.0,51.4,50.4,50.4,50.67,51.0,51.4,50.4,50.4,50.67,2599600.0,131724440000.0,0.0,0.0,-0.6,-0.6,-1.1765
VIC,2023-07-05,15:07:02,HOSE,STOCK,51.3,54.8,47.75,51.4,51.6,50.9,51.0,51.09,51.4,51.6,50.9,51.0,51.09,2479200.0,126673460000.0,2447000.0,125531100000.0,-0.3,-0.3,-0.5848
VIC,2023-07-04,15:07:04,HOSE,STOCK,51.1,54.6,47.55,51.5,51.5,51.1,51.3,51.2,51.5,51.5,51.1,51.3,51.2,1359600.0,69614910000.0,141500.0,7244941500.0,0.2,0.2,0.3914
VIC,2023-07-03,15:07:24,HOSE,STOCK,51.0,54.5,47.45,51.5,51.7,51.1,51.1,51.25,51.5,51.7,51.1,51.1,51.25,1866100.0,95630390000.0,0.0,0.0,0.1,0.1,0.1961
VIC,2023-06-30,15:06:02,HOSE,STOCK,51.8,55.4,48.2,51.8,51.9,51.0,51.0,51.45,51.8,51.9,51.0,51.0,51.45,1743900.0,89719670000.0,0.0,0.0,-0.8,-0.8,-1.5444
VIC,2023-06-29,15:06:02,HOSE,STOCK,52.2,55.8,48.55,52.2,52.4,51.8,51.8,52.02,52.2,52.4,51.8,51.8,52.02,1628300.0,84704000000.0,0.0,0.0,-0.4,-0.4,-0.7663
VIC,2023-06-28,15:06:02,HOSE,STOCK,52.4,56.0,48.75,52.6,52.7,52.0,52.2,52.23,52.6,52.7,52.0,52.2,52.23,1893500.0,98899600000.0,0.0,0.0,-0.2,-0.2,-0.3817
VIC,2023-06-27,15:06:03,HOSE,STOCK,52.2,55.8,48.55,52.2,53.0,52.2,52.4,52.41,52.2,53.0,52.2,52.4,52.41,2488300.0,130401490000.0,45000.0,2358450000.0,0.2,0.2,0.3831
VIC,2023-06-26,15:06:02,HOSE,STOCK,52.0,55.6,48.4,52.1,52.7,51.9,52.2,52.14,52.1,52.7,51.9,52.2,52.14,1524700.0,79496880000.0,1945000.0,101140000000.0,0.2,0.2,0.3846
VIC,2023-06-23,15:06:02,HOSE,STOCK,52.4,56.0,48.75,52.1,52.3,51.9,52.0,52.02,52.1,52.3,51.9,52.0,52.02,2178900.0,113352760000.0,0.0,0.0,-0.4,-0.4,-0.7634
VIC,2023-06-22,15:06:05,HOSE,STOCK,52.4,56.0,48.75,52.7,52.8,52.0,52.4,52.35,52.7,52.8,52.0,52.4,52.35,1626300.0,85137590000.0,0.0,0.0,0.0,0.0,0.0
VIC,2023-06-21,15:06:02,HOSE,STOCK,52.0,55.6,48.4,52.1,52.4,51.7,52.4,51.91,52.1,52.4,51.7,52.4,51.91,2070400.0,107477700000.0,1410000.0,73311400000.0,0.4,0.4,0.7692
VIC,2023-06-20,15:06:01,HOSE,STOCK,52.1,55.7,48.5,52.0,52.5,51.9,52.0,52.11,52.0,52.5,51.9,52.0,52.11,1464500.0,76310410000.0,0.0,0.0,-0.1,-0.1,-0.1919
VIC,2023-06-19,15:06:02,HOSE,STOCK,53.5,57.2,49.8,53.8,53.8,52.1,52.1,52.61,53.8,53.8,52.1,52.1,52.61,2316600.0,121868230000.0,2003000.0,107160500000.0,-1.4,-1.4,-2.6168
VIC,2023-06-16,15:06:02,HOSE,STOCK,53.5,57.2,49.8,53.8,54.0,52.6,53.5,53.32,53.8,54.0,52.6,53.5,53.32,3878900.0,206809800000.0,1500000.0,80250000000.0,0.0,0.0,0.0
VIC,2023-06-15,15:06:02,HOSE,STOCK,53.8,57.5,50.1,53.8,54.5,53.3,53.5,53.9,53.8,54.5,53.3,53.5,53.9,2114700.0,113971950000.0,0.0,0.0,-0.3,-0.3,-0.5576
VIC,2023-06-14,15:06:02,HOSE,STOCK,54.1,57.8,50.4,54.1,54.7,53.8,53.8,54.24,54.1,54.7,53.8,53.8,54.24,2242800.0,121643830000.0,3641000.0,194238800000.0,-0.3,-0.3,-0.5545
VIC,2023-06-13,15:06:02,HOSE,STOCK,53.4,57.1,49.7,53.7,54.3,53.3,54.1,53.79,53.7,54.3,53.3,54.1,53.79,2112100.0,113603760000.0,0.0,0.0,0.7,0.7,1.3109
VIC,2023-06-12,15:06:02,HOSE,STOCK,52.3,55.9,48.65,52.5,53.4,52.5,53.4,52.93,52.5,53.4,52.5,53.4,52.93,1711500.0,90586500000.0,2489500.0,130431850000.0,1.1,1.1,2.1033
VIC,2023-06-09,15:06:02,HOSE,STOCK,52.4,56.0,48.75,52.5,52.6,52.2,52.3,52.41,52.5,52.6,52.2,52.3,52.41,819000.0,42922730000.0,0.0,0.0,-0.1,-0.1,-0.1908
VIC,2023-06-08,15:06:03,HOSE,STOCK,52.8,56.4,49.15,52.8,53.0,52.4,52.4,52.66,52.8,53.0,52.4,52.4,52.66,1436100.0,75625050000.0,7985400.0,421605936000.0,-0.4,-0.4,-0.7576
VIC,2023-06-07,15:06:02,HOSE,STOCK,53.2,56.9,49.5,53.3,53.6,52.6,52.8,52.99,53.3,53.6,52.6,52.8,52.99,1656100.0,87763100000.0,1380000.0,73416000000.0,-0.4,-0.4,-0.7519
VIC,2023-06-06,15:06:02,HOSE,STOCK,52.1,55.7,48.5,52.2,53.2,52.2,53.2,52.9,52.2,53.2,52.2,53.2,52.9,2120200.0,112149090000.0,0.0,0.0,1.1,1.1,2.1113
VIC,2023-06-05,15:06:03,HOSE,STOCK,52.0,55.6,48.4,52.1,52.5,52.0,52.1,52.23,52.1,52.5,52.0,52.1,52.23,1824300.0,95281230000.0,0.0,0.0,0.1,0.1,0.1923
VIC,2023-06-02,15:06:01,HOSE,STOCK,52.0,55.6,48.4,52.0,52.3,51.9,52.0,52.02,52.0,52.3,51.9,52.0,52.02,1731400.0,90071990000.0,0.0,0.0,0.0,0.0,0.0
VIC,2023-06-01,15:06:02,HOSE,STOCK,52.0,55.6,48.4,52.0,52.2,51.6,52.0,51.84,52.0,52.2,51.6,52.0,51.84,1526900.0,79156730000.0,0.0,0.0,0.0,0.0,0.0
VIC,2023-05-31,15:05:03,HOSE,STOCK,52.4,56.0,48.75,52.4,52.4,52.0,52.0,52.13,52.4,52.4,52.0,52.0,52.13,2432000.0,126771720000.0,0.0,0.0,-0.4,-0.4,-0.7634
VIC,2023-05-30,15:05:02,HOSE,STOCK,52.7,56.3,49.05,52.7,52.9,52.3,52.4,52.51,52.7,52.9,52.3,52.4,52.51,1315000.0,69044530000.0,1897500.0,99998250000.0,-0.3,-0.3,-0.5693
VIC,2023-05-29,15:05:02,HOSE,STOCK,52.0,55.6,48.4,52.0,52.9,52.0,52.7,52.3,52.0,52.9,52.0,52.7,52.3,1381300.0,72237150000.0,0.0,0.0,0.7,0.7,1.3462
VIC,2023-05-26,15:05:02,HOSE,STOCK,52.6,56.2,48.95,52.4,52.5,52.0,52.0,52.22,52.4,52.5,52.0,52.0,52.22,1593300.0,83206520000.0,0.0,0.0,-0.6,-0.6,-1.1407
VIC,2023-05-25,15:05:01,HOSE,STOCK,52.6,56.2,48.95,52.6,52.7,52.2,52.6,52.46,52.6,52.7,52.2,52.6,52.46,1453500.0,76257590000.0,0.0,0.0,0.0,0.0,0.0
VIC,2023-05-24,15:05:02,HOSE,STOCK,52.6,56.2,48.95,52.8,52.8,52.3,52.6,52.5,52.8,52.8,52.3,52.6,52.5,1290300.0,67734790000.0,4730000.0,248798000000.0,0.0,0.0,0.0
VIC,2023-05-23,15:05:02,HOSE,STOCK,52.1,55.7,48.5,52.2,53.5,52.2,52.6,52.87,52.2,53.5,52.2,52.6,52.87,2019000.0,106750730000.0,0.0,0.0,0.5,0.5,0.9597
VIC,2023-05-22,15:05:02,HOSE,STOCK,52.5,56.1,48.85,52.5,52.7,51.9,52.1,52.14,52.5,52.7,51.9,52.1,52.14,1855200.0,96723370000.0,570000.0,29925000000.0,-0.4,-0.4,-0.7619
VIC,2023-05-19,15:05:02,HOSE,STOCK,53.2,56.9,49.5,53.4,53.4,52.1,52.5,52.55,53.4,53.4,52.1,52.5,52.55,1932200.0,101538590000.0,0.0,0.0,-0.7,-0.7,-1.3158
VIC,2023-05-18,17:05:32,HOSE,STOCK,53.2,56.9,49.5,53.6,53.8,53.0,53.2,53.4,53.6,53.8,53.0,53.2,53.4,2078700.0,111007230000.0,0.0,0.0,0.0,0.0,0.0
VIC,2023-05-17,15:05:14,HOSE,STOCK,52.9,56.6,49.2,52.9,53.8,52.5,53.2,53.28,52.9,53.8,52.5,53.2,53.28,2168200.0,115514590000.0,0.0,0.0,0.3,0.3,0.5671
VIC,2023-05-16,15:05:08,HOSE,STOCK,54.4,58.2,50.6,54.6,54.8,52.8,52.9,53.48,54.6,54.8,52.8,52.9,53.48,2621400.0,140199240000.0,260000.0,14040000000.0,-1.5,-1.5,-2.7574
VIC,2023-05-15,15:05:15,HOSE,STOCK,51.7,55.3,48.1,54.9,54.9,54.0,54.4,54.54,54.9,54.9,54.0,54.4,54.54,4520000.0,246532940000.0,0.0,0.0,2.7,2.7,5.2224
VIC,2023-05-12,15:05:05,HOSE,STOCK,50.5,54.0,47.0,50.7,51.9,50.5,51.7,51.35,50.7,51.9,50.5,51.7,51.35,2093000.0,107484510000.0,180000.0,9090000000.0,1.2,1.2,2.3762
VIC,2023-05-11,15:05:03,HOSE,STOCK,50.6,54.1,47.1,50.7,50.7,50.3,50.5,50.48,50.7,50.7,50.3,50.5,50.48,1190300.0,60091080000.0,0.0,0.0,-0.1,-0.1,-0.1976
VIC,2023-05-10,15:05:03,HOSE,STOCK,50.6,54.1,47.1,50.8,50.8,50.4,50.6,50.55,50.8,50.8,50.4,50.6,50.55,1069300.0,54050520000.0,0.0,0.0,0.0,0.0,0.0
VIC,2023-05-09,15:05:05,HOSE,STOCK,50.9,54.4,47.35,50.9,51.0,50.4,50.6,50.65,50.9,51.0,50.4,50.6,50.65,1113400.0,56389120000.0,0.0,0.0,-0.3,-0.3,-0.5894
VIC,2023-05-08,15:05:07,HOSE,STOCK,50.7,54.2,47.2,50.7,50.9,50.5,50.9,50.66,50.7,50.9,50.5,50.9,50.66,1338200.0,67792110000.0,0.0,0.0,0.2,0.2,0.3945
VIC,2023-05-05,15:05:04,HOSE,STOCK,51.3,54.8,47.75,50.9,51.4,50.6,50.7,50.82,50.9,51.4,50.6,50.7,50.82,1298800.0,66003070000.0,69200.0,3611680000.0,-0.6,-0.6,-1.1696
VIC,2023-05-04,15:05:05,HOSE,STOCK,52.1,55.7,48.5,52.1,52.1,51.1,51.3,51.48,52.1,52.1,51.1,51.3,51.48,1498400.0,77136950000.0,380000.0,19798000000.0,-0.8,-0.8,-1.5355
VIC,2023-04-28,15:04:02,HOSE,STOCK,50.5,54.0,47.0,50.6,52.1,50.6,52.1,51.41,50.6,52.1,50.6,52.1,51.41,2241100.0,115225250000.0,180000.0,9180000000.0,1.6,1.6,3.1683
VIC,2023-04-27,15:04:07,HOSE,STOCK,51.9,55.5,48.3,51.8,51.8,50.5,50.5,50.95,51.8,51.8,50.5,50.5,50.95,3596000.0,183221420000.0,740000.0,38406000000.0,-1.4,-1.4,-2.6975
VIC,2023-04-26,15:04:02,HOSE,STOCK,52.5,56.1,48.85,52.4,52.4,51.7,51.9,51.91,52.4,52.4,51.7,51.9,51.91,1836600.0,95343300000.0,5777293.0,299841506700.0,-0.6,-0.6,-1.1429
VIC,2023-04-25,15:04:04,HOSE,STOCK,52.6,56.2,48.95,52.8,52.8,51.8,52.5,52.27,52.8,52.8,51.8,52.5,52.27,2716400.0,141979790000.0,1160000.0,61364000000.0,-0.1,-0.1,-0.1901
VIC,2023-04-24,15:04:02,HOSE,STOCK,52.7,56.3,49.05,52.7,52.7,52.2,52.6,52.44,52.7,52.7,52.2,52.6,52.44,1496200.0,78455920000.0,0.0,0.0,-0.1,-0.1,-0.1898
VIC,2023-04-21,15:04:02,HOSE,STOCK,52.6,56.2,48.95,52.6,52.7,52.1,52.7,52.44,52.6,52.7,52.1,52.7,52.44,1698600.0,89071040000.0,29800.0,1567480000.0,0.1,0.1,0.1901
VIC,2023-04-20,15:04:03,HOSE,STOCK,52.6,56.2,48.95,52.5,52.7,52.2,52.6,52.48,52.5,52.7,52.2,52.6,52.48,1217400.0,63890340000.0,0.0,0.0,0.0,0.0,0.0
VIC,2023-04-19,15:04:02,HOSE,STOCK,52.8,56.4,49.15,52.6,52.7,52.3,52.6,52.51,52.6,52.7,52.3,52.6,52.51,1746300.0,91694430000.0,0.0,0.0,-0.2,-0.2,-0.3788
VIC,2023-04-18,15:04:04,HOSE,STOCK,52.9,56.6,49.2,52.9,52.9,52.4,52.8,52.61,52.9,52.9,52.4,52.8,52.61,1755800.0,92365540000.0,1720000.0,90988000000.0,-0.1,-0.1,-0.189
VIC,2023-04-17,15:04:02,HOSE,STOCK,52.9,56.6,49.2,52.9,53.0,52.4,52.9,52.66,52.9,53.0,52.4,52.9,52.66,1758200.0,92591720000.0,0.0,0.0,0.0,0.0,0.0
VIC,2023-04-14,15:04:01,HOSE,STOCK,53.0,56.7,49.3,53.2,53.5,52.7,52.9,53.0,53.2,53.5,52.7,52.9,53.0,1662600.0,88123260000.0,100000.0,5350000000.0,-0.1,-0.1,-0.1887
VIC,2023-04-13,15:04:02,HOSE,STOCK,53.1,56.8,49.4,53.1,53.5,52.7,53.0,52.97,53.1,53.5,52.7,53.0,52.97,1919800.0,101683140000.0,100000.0,5350000000.0,-0.1,-0.1,-0.1883
VIC,2023-04-12,15:04:04,HOSE,STOCK,53.6,57.3,49.85,53.3,53.5,52.6,53.1,52.86,53.3,53.5,52.6,53.1,52.86,3646300.0,192744060000.0,360000.0,19296000000.0,-0.5,-0.5,-0.9328
VIC,2023-04-11,15:04:02,HOSE,STOCK,53.8,57.5,50.1,53.7,53.7,52.8,53.6,53.17,53.7,53.7,52.8,53.6,53.17,1847000.0,98210030000.0,100000.0,5400000000.0,-0.2,-0.2,-0.3717
VIC,2023-04-10,15:04:02,HOSE,STOCK,54.4,58.2,50.6,54.5,54.6,53.3,53.8,53.6,54.5,54.6,53.3,53.8,53.6,2145100.0,114967440000.0,0.0,0.0,-0.6,-0.6,-1.1029
VIC,2023-04-07,15:04:02,HOSE,STOCK,54.5,58.3,50.7,55.0,55.0,53.4,54.4,53.89,55.0,55.0,53.4,54.4,53.89,2379600.0,128239450000.0,0.0,0.0,-0.1,-0.1,-0.1835
VIC,2023-04-06,15:04:02,HOSE,STOCK,55.5,59.3,51.7,56.4,56.4,54.5,54.5,55.36,56.4,56.4,54.5,54.5,55.36,2064900.0,114312680000.0,0.0,0.0,-1.0,-1.0,-1.8018
VIC,2023-04-05,15:04:02,HOSE,STOCK,56.8,60.7,52.9,56.7,56.7,55.0,55.5,55.61,56.7,56.7,55.0,55.5,55.61,1974100.0,109779600000.0,0.0,0.0,-1.3,-1.3,-2.2887
VIC,2023-04-04,15:04:02,HOSE,STOCK,58.0,62.0,54.0,58.5,58.7,56.8,56.8,57.48,58.5,58.7,56.8,56.8,57.48,1871700.0,107586920000.0,0.0,0.0,-1.2,-1.2,-2.069
VIC,2023-04-03,15:04:02,HOSE,STOCK,55.0,58.8,51.2,55.9,58.8,55.6,58.0,57.55,55.9,58.8,55.6,58.0,57.55,4851800.0,279239000000.0,543800.0,29909000000.0,3.0,3.0,5.4545
VIC,2023-03-31,15:03:02,HOSE,STOCK,53.7,57.4,49.95,53.6,55.2,53.6,55.0,54.88,53.6,55.2,53.6,55.0,54.88,2619400.0,143746730000.0,0.0,0.0,1.3,1.3,2.4209
VIC,2023-03-30,15:03:01,HOSE,STOCK,53.5,57.2,49.8,53.5,54.9,53.4,53.7,54.03,53.5,54.9,53.4,53.7,54.03,993600.0,53688870000.0,485000.0,25947500000.0,0.2,0.2,0.3738
VIC,2023-03-29,15:03:01,HOSE,STOCK,53.4,57.1,49.7,53.5,53.6,52.9,53.5,53.29,53.5,53.6,52.9,53.5,53.29,585700.0,31210910000.0,0.0,0.0,0.1,0.1,0.1873
VIC,2023-03-28,15:03:02,HOSE,STOCK,53.3,57.0,49.6,53.3,53.6,53.2,53.4,53.45,53.3,53.6,53.2,53.4,53.45,782500.0,41823760000.0,7195000.0,382501000000.0,0.1,0.1,0.1876
VIC,2023-03-27,15:03:01,HOSE,STOCK,53.3,57.0,49.6,53.3,53.8,52.8,53.3,53.32,53.3,53.8,52.8,53.3,53.32,702000.0,37429850000.0,560000.0,29848000000.0,0.0,0.0,0.0
VIC,2023-03-24,15:03:01,HOSE,STOCK,52.8,56.4,49.15,52.8,53.7,52.5,53.3,53.22,52.8,53.7,52.5,53.3,53.22,830700.0,44207300000.0,1149000.0,60667200000.0,0.5,0.5,0.947
VIC,2023-03-23,15:03:01,HOSE,STOCK,52.8,56.4,49.15,52.2,52.8,52.1,52.8,52.55,52.2,52.8,52.1,52.8,52.55,2073800.0,108983170000.0,641000.0,33844800000.0,0.0,0.0,0.0
VIC,2023-03-22,15:03:01,HOSE,STOCK,52.8,56.4,49.15,52.6,52.9,52.1,52.8,52.59,52.6,52.9,52.1,52.8,52.59,1797500.0,94533040000.0,1254000.0,66712800000.0,0.0,0.0,0.0
VIC,2023-03-21,15:03:01,HOSE,STOCK,52.8,56.4,49.15,52.8,53.4,51.6,52.8,52.42,52.8,53.4,51.6,52.8,52.42,1766700.0,92616730000.0,1500000.0,82395000000.0,0.0,0.0,0.0
VIC,2023-03-20,15:03:01,HOSE,STOCK,53.2,56.9,49.5,53.0,53.2,51.4,52.8,52.16,53.0,53.2,51.4,52.8,52.16,3362300.0,175388850000.0,1150000.0,61006821000.0,-0.4,-0.4,-0.7519
VIC,2023-03-17,15:03:01,HOSE,STOCK,53.3,57.0,49.6,53.9,54.0,52.4,53.2,53.07,53.9,54.0,52.4,53.2,53.07,3121500.0,165661930000.0,1600000.0,87730000000.0,-0.1,-0.1,-0.1876
VIC,2023-03-16,15:03:01,HOSE,STOCK,54.0,57.7,50.3,54.0,55.7,53.0,53.3,54.28,54.0,55.7,53.0,53.3,54.28,3155600.0,171288030000.0,155000.0,8363490000.0,-0.7,-0.7,-1.2963
VIC,2023-03-15,15:03:01,HOSE,STOCK,53.0,56.7,49.3,53.0,54.0,53.0,54.0,53.6,53.0,54.0,53.0,54.0,53.6,1177700.0,63128970000.0,540000.0,28620000000.0,1.0,1.0,1.8868
VIC,2023-03-14,15:03:02,HOSE,STOCK,53.3,57.0,49.6,53.2,53.2,52.6,53.0,52.97,53.2,53.2,52.6,53.0,52.97,1019000.0,53974060000.0,1870000.0,99671000000.0,-0.3,-0.3,-0.5629
VIC,2023-03-13,15:03:02,HOSE,STOCK,53.1,56.8,49.4,53.1,53.4,52.5,53.3,53.1,53.1,53.4,52.5,53.3,53.1,996800.0,52932650000.0,0.0,0.0,0.2,0.2,0.3766
VIC,2023-03-10,15:03:01,HOSE,STOCK,53.0,56.7,49.3,53.0,53.3,52.5,53.1,52.8,53.0,53.3,52.5,53.1,52.8,899800.0,47505510000.0,0.0,0.0,0.1,0.1,0.1887
VIC,2023-03-09,15:03:02,HOSE,STOCK,53.0,56.7,49.3,53.0,53.6,52.6,53.0,53.02,53.0,53.6,52.6,53.0,53.02,1037300.0,54993440000.0,1384000.0,73352000000.0,0.0,0.0,0.0
VIC,2023-03-08,15:03:01,HOSE,STOCK,52.7,56.3,49.05,52.2,53.3,52.2,53.0,52.77,52.2,53.3,52.2,53.0,52.77,831900.0,43903510000.0,1340000.0,70484000000.0,0.3,0.3,0.5693
VIC,2023-03-07,15:03:01,HOSE,STOCK,52.6,56.2,48.95,53.0,53.2,52.4,52.7,52.92,53.0,53.2,52.4,52.7,52.92,1442300.0,76327330000.0,0.0,0.0,0.1,0.1,0.1901
VIC,2023-03-06,15:03:02,HOSE,STOCK,52.7,56.3,49.05,52.7,53.3,52.1,52.6,52.73,52.7,53.3,52.1,52.6,52.73,1569800.0,82770380000.0,947000.0,49906900000.0,-0.1,-0.1,-0.1898
VIC,2023-03-03,15:03:01,HOSE,STOCK,52.8,56.4,49.15,52.8,53.0,52.2,52.7,52.6,52.8,53.0,52.2,52.7,52.6,785900.0,41338350000.0,252600.0,13308720000.0,-0.1,-0.1,-0.1894
VIC,2023-03-02,15:03:01,HOSE,STOCK,52.7,56.3,49.05,52.5,53.3,52.3,52.8,52.83,52.5,53.3,52.3,52.8,52.83,769300.0,40644140000.0,193900.0,10307920000.0,0.1,0.1,0.1898
VIC,2023-03-01,15:03:02,HOSE,STOCK,52.6,56.2,48.95,52.0,53.3,51.6,52.7,52.66,52.0,53.3,51.6,52.7,52.66,794700.0,41852110000.0,304300.0,16025655200.0,0.1,0.1,0.1901
VIC,2023-02-28,15:02:01,HOSE,STOCK,52.5,56.1,48.85,52.5,53.0,52.0,52.6,52.54,52.5,53.0,52.0,52.6,52.54,912500.0,47939920000.0,346700.0,18219006800.0,0.1,0.1,0.1905
VIC,2023-02-27,15:02:01,HOSE,STOCK,52.9,56.6,49.2,52.0,52.5,51.4,52.5,52.13,52.0,52.5,51.4,52.5,52.13,1389900.0,72451390000.0,1748000.0,92469200000.0,-0.4,-0.4,-0.7561
VIC,2023-02-24,15:02:01,HOSE,STOCK,53.0,56.7,49.3,52.1,52.9,51.7,52.9,52.48,52.1,52.9,51.7,52.9,52.48,2206500.0,115796510000.0,205100.0,10763648000.0,-0.1,-0.1,-0.1887
VIC,2023-02-23,15:02:02,HOSE,STOCK,53.0,56.7,49.3,52.8,53.1,51.1,53.0,52.26,52.8,53.1,51.1,53.0,52.26,2387100.0,124742420000.0,0.0,0.0,0.0,0.0,0.0
VIC,2023-02-22,15:02:01,HOSE,STOCK,54.3,58.1,50.5,53.5,53.6,52.4,53.0,52.83,53.5,53.6,52.4,53.0,52.83,2557800.0,135120930000.0,187600.0,9910345200.0,-1.3,-1.3,-2.3941
VIC,2023-02-21,15:02:01,HOSE,STOCK,54.1,57.8,50.4,54.2,54.7,53.7,54.3,54.26,54.2,54.7,53.7,54.3,54.26,1502600.0,81531180000.0,293000.0,15900488000.0,0.2,0.2,0.3697
VIC,2023-02-20,15:02:01,HOSE,STOCK,53.5,57.2,49.8,53.3,55.0,53.0,54.1,54.1,53.3,55.0,53.0,54.1,54.1,1515200.0,81964790000.0,0.0,0.0,0.6,0.6,1.1215
VIC,2023-02-17,15:02:01,HOSE,STOCK,53.4,57.1,49.7,53.4,53.5,52.2,53.5,53.09,53.4,53.5,52.2,53.5,53.09,1871500.0,99354980000.0,295300.0,15676886400.0,0.1,0.1,0.1873
VIC,2023-02-16,15:02:02,HOSE,STOCK,52.9,56.6,49.2,53.0,53.7,51.4,53.4,52.5,53.0,53.7,51.4,53.4,52.5,3240500.0,170139740000.0,0.0,0.0,0.5,0.5,0.9452
VIC,2023-02-15,15:02:01,HOSE,STOCK,52.9,56.6,49.2,52.7,52.9,50.9,52.9,51.94,52.7,52.9,50.9,52.9,51.94,3345700.0,173758940000.0,102500.0,5422250000.0,0.0,0.0,0.0
VIC,2023-02-14,15:02:02,HOSE,STOCK,53.4,57.1,49.7,53.1,53.1,50.8,52.9,52.13,53.1,53.1,50.8,52.9,52.13,3116200.0,162456710000.0,312800.0,16428848600.0,-0.5,-0.5,-0.9363
VIC,2023-02-13,15:02:01,HOSE,STOCK,54.0,57.7,50.3,53.1,53.6,52.5,53.4,52.97,53.1,53.6,52.5,53.4,52.97,1405200.0,74432150000.0,221900.0,11826099800.0,-0.6,-0.6,-1.1111
VIC,2023-02-10,15:02:01,HOSE,STOCK,54.2,57.9,50.5,53.5,54.3,52.6,54.0,53.42,53.5,54.3,52.6,54.0,53.42,1696000.0,90607330000.0,157200.0,8488800000.0,-0.2,-0.2,-0.369
VIC,2023-02-09,15:02:01,HOSE,STOCK,54.4,58.2,50.6,53.5,54.5,52.4,54.2,53.28,53.5,54.5,52.4,54.2,53.28,3006800.0,160191540000.0,107000.0,5721600000.0,-0.2,-0.2,-0.3676
VIC,2023-02-08,15:02:02,HOSE,STOCK,55.0,58.8,51.2,54.6,54.6,53.0,54.4,53.82,54.6,54.6,53.0,54.4,53.82,2145800.0,115493090000.0,0.0,0.0,-0.6,-0.6,-1.0909
VIC,2023-02-07,15:02:01,HOSE,STOCK,56.0,59.9,52.1,56.0,56.0,53.6,55.0,54.6,56.0,56.0,53.6,55.0,54.6,1645000.0,89809190000.0,159600.0,8778000000.0,-1.0,-1.0,-1.7857
VIC,2023-02-06,15:02:01,HOSE,STOCK,56.0,59.9,52.1,55.3,56.0,54.3,56.0,55.07,55.3,56.0,54.3,56.0,55.07,1416100.0,77983710000.0,0.0,0.0,0.0,0.0,0.0
VIC,2023-02-03,15:02:02,HOSE,STOCK,55.8,59.7,51.9,56.0,56.0,55.0,56.0,55.44,56.0,56.0,55.0,56.0,55.44,1199400.0,66499990000.0,0.0,0.0,0.2,0.2,0.3584
VIC,2023-02-02,15:02:01,HOSE,STOCK,55.2,59.0,51.4,55.2,56.1,55.1,55.8,55.7,55.2,56.1,55.1,55.8,55.7,1328600.0,74004400000.0,30000.0,1656000000.0,0.6,0.6,1.087
VIC,2023-02-01,15:02:01,HOSE,STOCK,57.1,61.0,53.2,57.6,57.6,54.8,55.2,56.24,57.6,57.6,54.8,55.2,56.24,1851600.0,104134900000.0,0.0,0.0,-1.9,-1.9,-3.3275
VIC,2023-01-31,15:01:02,HOSE,STOCK,57.7,61.7,53.7,58.1,58.5,56.5,57.1,57.23,58.1,58.5,56.5,57.1,57.23,1377800.0,78856050000.0,0.0,0.0,-0.6,-0.6,-1.0399
VIC,2023-01-30,16:01:08,HOSE,STOCK,59.2,63.3,55.1,59.5,59.5,57.5,57.7,58.27,59.5,59.5,57.5,57.7,58.27,1124500.0,65528600000.0,0.0,0.0,-1.5,-1.5,-2.5338
VIC,2023-01-27,15:01:02,HOSE,STOCK,57.4,61.4,53.4,57.8,59.3,57.6,59.2,58.91,57.8,59.3,57.6,59.2,58.91,2197800.0,129472950000.0,0.0,0.0,1.8,1.8,3.1359
VIC,2023-01-19,15:01:02,HOSE,STOCK,56.7,60.6,52.8,56.3,57.4,56.0,57.4,57.04,56.3,57.4,56.0,57.4,57.04,2343100.0,133654150000.0,100000.0,5707100000.0,0.7,0.7,1.2346
VIC,2023-01-18,15:01:01,HOSE,STOCK,55.2,59.0,51.4,55.4,56.7,55.0,56.7,56.1,55.4,56.7,55.0,56.7,56.1,1647300.0,92413040000.0,0.0,0.0,1.5,1.5,2.7174
VIC,2023-01-17,15:01:01,HOSE,STOCK,54.8,58.6,51.0,53.5,55.2,53.5,55.2,54.55,53.5,55.2,53.5,55.2,54.55,1371200.0,74804840000.0,0.0,0.0,0.4,0.4,0.7299
VIC,2023-01-16,15:01:01,HOSE,STOCK,55.0,58.8,51.2,55.0,55.0,53.4,54.8,54.25,55.0,55.0,53.4,54.8,54.25,1687100.0,91518450000.0,1400000.0,77000000000.0,-0.2,-0.2,-0.3636
VIC,2023-01-13,15:01:01,HOSE,STOCK,55.0,58.8,51.2,55.0,55.3,54.4,55.0,54.89,55.0,55.3,54.4,55.0,54.89,1223800.0,67179700000.0,0.0,0.0,0.0,0.0,0.0
VIC,2023-01-12,15:01:02,HOSE,STOCK,55.1,58.9,51.3,55.5,55.5,54.5,55.0,54.9,55.5,55.5,54.5,55.0,54.9,1067000.0,58582940000.0,0.0,0.0,-0.1,-0.1,-0.1815
VIC,2023-01-11,15:01:01,HOSE,STOCK,54.5,58.3,50.7,54.5,55.5,54.1,55.1,55.06,54.5,55.5,54.1,55.1,55.06,1085600.0,59769250000.0,548000.0,29866000000.0,0.6,0.6,1.1009
VIC,2023-01-10,15:01:02,HOSE,STOCK,55.0,58.8,51.2,55.0,55.0,53.6,54.5,54.08,55.0,55.0,53.6,54.5,54.08,1742900.0,94249930000.0,200000.0,10815200000.0,-0.5,-0.5,-0.9091
VIC,2023-01-09,15:01:01,HOSE,STOCK,56.1,60.0,52.2,56.2,56.2,55.0,55.0,55.6,56.2,56.2,55.0,55.0,55.6,1204200.0,66948200000.0,0.0,0.0,-1.1,-1.1,-1.9608
VIC,2023-01-06,15:01:01,HOSE,STOCK,56.2,60.1,52.3,56.0,56.1,54.9,56.1,55.64,56.0,56.1,54.9,56.1,55.64,1951000.0,108559250000.0,1196400.0,67164156000.0,-0.1,-0.1,-0.1779
VIC,2023-01-05,15:01:01,HOSE,STOCK,56.0,59.9,52.1,56.1,56.9,55.8,56.2,56.31,56.1,56.9,55.8,56.2,56.31,1641900.0,92458280000.0,0.0,0.0,0.2,0.2,0.3571
VIC,2023-01-04,15:01:01,HOSE,STOCK,56.8,60.7,52.9,56.9,57.1,55.9,56.0,56.39,56.9,57.1,55.9,56.0,56.39,1928400.0,108734730000.0,600000.0,34080000000.0,-0.8,-0.8,-1.4085
VIC,2023-01-03,15:01:01,HOSE,STOCK,53.8,57.5,50.1,53.8,56.8,53.4,56.8,54.88,53.8,56.8,53.4,56.8,54.88,2009300.0,110261610000.0,0.0,0.0,3.0,3.0,5.5762
VIC,2022-12-30,15:12:01,HOSE,STOCK,53.6,57.3,49.85,53.8,53.9,53.0,53.8,53.59,53.8,53.9,53.0,53.8,53.59,2461700.0,131922380000.0,0.0,0.0,0.2,0.2,0.3731
VIC,2022-12-29,15:12:01,HOSE,STOCK,53.5,57.2,49.8,53.2,54.0,52.5,53.6,53.26,53.2,54.0,52.5,53.6,53.26,2135400.0,113732460000.0,16707000.0,893071000000.0,0.1,0.1,0.1869
VIC,2022-12-28,15:12:01,HOSE,STOCK,53.4,57.1,49.7,53.5,53.5,52.1,53.5,52.75,53.5,53.5,52.1,53.5,52.75,2089000.0,110197660000.0,1200000.0,64080000000.0,0.1,0.1,0.1873
VIC,2022-12-27,15:12:01,HOSE,STOCK,52.9,56.6,49.2,52.9,54.8,52.1,53.4,53.17,52.9,54.8,52.1,53.4,53.17,1844000.0,98040490000.0,22000.0,1163800000.0,0.5,0.5,0.9452
VIC,2022-12-26,15:12:01,HOSE,STOCK,55.1,58.9,51.3,55.0,55.0,52.5,52.9,53.16,55.0,55.0,52.5,52.9,53.16,2367800.0,125871410000.0,0.0,0.0,-2.2,-2.2,-3.9927
VIC,2022-12-23,15:12:01,HOSE,STOCK,55.0,58.8,51.2,55.3,55.9,53.9,55.1,54.74,55.3,55.9,53.9,55.1,54.74,1866300.0,102170550000.0,1545000.0,84875000000.0,0.1,0.1,0.1818
VIC,2022-12-22,15:12:02,HOSE,STOCK,54.9,58.7,51.1,56.0,57.0,55.0,55.0,55.94,56.0,57.0,55.0,55.0,55.94,2433400.0,136115130000.0,1319200.0,72424080000.0,0.1,0.1,0.1821
VIC,2022-12-21,15:12:01,HOSE,STOCK,55.9,59.8,52.0,56.6,57.0,54.8,54.9,55.55,56.6,57.0,54.8,54.9,55.55,2477400.0,137615350000.0,0.0,0.0,-1.0,-1.0,-1.7889
VIC,2022-12-20,15:12:01,HOSE,STOCK,56.5,60.4,52.6,56.5,57.8,55.1,55.9,56.23,56.5,57.8,55.1,55.9,56.23,2088400.0,117421190000.0,1000000.0,56500000000.0,-0.6,-0.6,-1.0619
VIC,2022-12-19,15:12:01,HOSE,STOCK,58.4,62.4,54.4,59.0,59.4,56.5,56.5,57.58,59.0,59.4,56.5,56.5,57.58,2873600.0,165472280000.0,170000.0,9928000000.0,-1.9,-1.9,-3.2534
VIC,2022-12-16,15:12:02,HOSE,STOCK,60.6,64.8,56.4,60.6,60.8,58.4,58.4,59.23,60.6,60.8,58.4,58.4,59.23,3284600.0,194560350000.0,1078000.0,64924800000.0,-2.2,-2.2,-3.6304
VIC,2022-12-15,15:12:01,HOSE,STOCK,60.8,65.0,56.6,61.1,61.6,60.3,60.6,60.94,61.1,61.6,60.3,60.6,60.94,2311900.0,140882990000.0,1000000.0,60800000000.0,-0.2,-0.2,-0.3289
VIC,2022-12-14,18:12:45,HOSE,STOCK,61.6,65.9,57.3,62.5,63.7,60.3,60.8,61.399,62.5,63.7,60.3,60.8,61.399,2897500.0,177904460000.0,49200.0,3001200000.0,-0.8,-0.8,-1.2987
VIC,2022-12-13,15:12:02,HOSE,STOCK,63.1,67.5,58.7,63.9,64.0,60.1,61.6,61.99,63.9,64.0,60.1,61.6,61.99,2861100.0,177372840000.0,150000.0,9450000000.0,-1.5,-1.5,-2.3772
VIC,2022-12-12,15:12:01,HOSE,STOCK,67.8,72.5,63.1,67.8,68.0,63.1,63.1,65.86,67.8,68.0,63.1,63.1,65.86,2851200.0,187792640000.0,400000.0,26600000000.0,-4.7,-4.7,-6.9322
VIC,2022-12-09,15:12:01,HOSE,STOCK,69.9,74.7,65.1,70.5,71.7,67.8,67.8,69.11,70.5,71.7,67.8,67.8,69.11,2660700.0,183893380000.0,501000.0,34830700000.0,-2.1,-2.1,-3.0043
VIC,2022-12-08,15:12:01,HOSE,STOCK,71.2,76.1,66.3,74.4,74.5,69.9,69.9,73.15,74.4,74.5,69.9,69.9,73.15,5602500.0,409838920000.0,0.0,0.0,-1.3,-1.3,-1.8258
VIC,2022-12-07,15:12:01,HOSE,STOCK,66.6,71.2,62.0,69.2,71.2,68.5,71.2,70.62,69.2,71.2,68.5,71.2,70.62,9421500.0,665325470000.0,0.0,0.0,4.6,4.6,6.9069
VIC,2022-12-06,15:12:01,HOSE,STOCK,68.1,72.8,63.4,68.1,68.5,65.0,66.6,66.89,68.1,68.5,65.0,66.6,66.89,1803300.0,120619110000.0,0.0,0.0,-1.5,-1.5,-2.2026
VIC,2022-12-05,15:12:01,HOSE,STOCK,68.8,73.6,64.0,68.8,70.0,68.0,68.1,68.93,68.8,70.0,68.0,68.1,68.93,2301900.0,158678610000.0,0.0,0.0,-0.7,-0.7,-1.0174
VIC,2022-12-02,15:12:01,HOSE,STOCK,66.0,70.6,61.4,65.1,68.8,65.1,68.8,67.4,65.1,68.8,65.1,68.8,67.4,3591400.0,242060820000.0,0.0,0.0,2.8,2.8,4.2424
VIC,2022-12-01,15:12:01,HOSE,STOCK,69.6,74.4,64.8,69.4,69.6,66.0,66.0,67.96,69.4,69.6,66.0,66.0,67.96,3204600.0,217784460000.0,0.0,0.0,-3.6,-3.6,-5.1724
VIC,2022-11-30,15:11:01,HOSE,STOCK,69.4,74.2,64.6,69.5,70.2,68.0,69.6,69.12,69.5,70.2,68.0,69.6,69.12,3225000.0,222918600000.0,0.0,0.0,0.2,0.2,0.2882
VIC,2022-11-29,15:11:02,HOSE,STOCK,65.0,69.5,60.5,65.0,69.4,64.2,69.4,66.41,65.0,69.4,64.2,69.4,66.41,3559000.0,236335610000.0,0.0,0.0,4.4,4.4,6.7692
VIC,2022-11-28,15:11:01,HOSE,STOCK,65.0,69.5,60.5,66.5,67.1,65.0,65.0,66.63,66.5,67.1,65.0,65.0,66.63,3249900.0,216535360000.0,0.0,0.0,0.0,0.0,0.0
VIC,2022-11-25,15:11:01,HOSE,STOCK,61.0,65.2,56.8,63.0,65.0,62.6,65.0,64.44,63.0,65.0,62.6,65.0,64.44,2290900.0,147628360000.0,0.0,0.0,4.0,4.0,6.5574
VIC,2022-11-24,15:11:01,HOSE,STOCK,59.7,63.8,55.6,60.0,62.1,60.0,61.0,60.99,60.0,62.1,60.0,61.0,60.99,1141700.0,69629070000.0,0.0,0.0,1.3,1.3,2.1776
VIC,2022-11-23,15:11:01,HOSE,STOCK,61.0,65.2,56.8,60.1,62.6,59.7,59.7,61.11,60.1,62.6,59.7,59.7,61.11,998800.0,61038250000.0,0.0,0.0,-1.3,-1.3,-2.1311
VIC,2022-11-22,15:11:02,HOSE,STOCK,64.0,68.4,59.6,64.0,65.9,61.0,61.0,62.77,64.0,65.9,61.0,61.0,62.77,1466300.0,92046300000.0,0.0,0.0,-3.0,-3.0,-4.6875
VIC,2022-11-21,15:11:01,HOSE,STOCK,65.6,70.1,61.1,66.0,66.7,63.6,64.0,64.65,66.0,66.7,63.6,64.0,64.65,1198200.0,77466120000.0,0.0,0.0,-1.6,-1.6,-2.439
VIC,2022-11-18,15:11:01,HOSE,STOCK,64.6,69.1,60.1,66.9,66.9,63.1,65.6,65.2,66.9,66.9,63.1,65.6,65.2,1693400.0,110416930000.0,0.0,0.0,1.0,1.0,1.548
VIC,2022-11-17,15:11:01,HOSE,STOCK,60.4,64.6,56.2,62.4,64.6,60.5,64.6,64.48,62.4,64.6,60.5,64.6,64.48,4785400.0,308553130000.0,0.0,0.0,4.2,4.2,6.9536
VIC,2022-11-16,15:11:01,HOSE,STOCK,57.0,60.9,53.1,56.9,60.9,56.1,60.4,59.32,56.9,60.9,56.1,60.4,59.32,2249500.0,133432340000.0,0.0,0.0,3.4,3.4,5.9649
VIC,2022-11-15,15:11:02,HOSE,STOCK,55.0,58.8,51.2,55.9,57.5,55.0,57.0,56.68,55.9,57.5,55.0,57.0,56.68,1583400.0,89741650000.0,0.0,0.0,2.0,2.0,3.6364
VIC,2022-11-14,15:11:01,HOSE,STOCK,54.3,58.1,50.5,54.2,55.5,53.1,55.0,55.01,54.2,55.5,53.1,55.0,55.01,1394600.0,76714190000.0,0.0,0.0,0.7,0.7,1.2891
VIC,2022-11-11,15:11:01,HOSE,STOCK,53.0,56.7,49.3,53.0,54.8,52.5,54.3,54.04,53.0,54.8,52.5,54.3,54.04,938500.0,50716970000.0,0.0,0.0,1.3,1.3,2.4528
VIC,2022-11-10,15:11:01,HOSE,STOCK,53.7,57.4,49.95,53.6,54.0,52.0,53.0,53.21,53.6,54.0,52.0,53.0,53.21,1558000.0,82900040000.0,0.0,0.0,-0.7,-0.7,-1.3035
VIC,2022-11-09,15:11:01,HOSE,STOCK,53.3,57.0,49.6,53.3,54.3,52.2,53.7,53.53,53.3,54.3,52.2,53.7,53.53,1573900.0,84248720000.0,0.0,0.0,0.4,0.4,0.7505
VIC,2022-11-08,15:11:01,HOSE,STOCK,53.4,57.1,49.7,52.2,53.3,49.7,53.3,51.37,52.2,53.3,49.7,53.3,51.37,2476100.0,127209090000.0,600000.0,31800000000.0,-0.1,-0.1,-0.1873
VIC,2022-11-07,15:11:01,HOSE,STOCK,54.3,58.1,50.5,54.0,54.0,51.7,53.4,53.02,54.0,54.0,51.7,53.4,53.02,1702500.0,90272390000.0,0.0,0.0,-0.9,-0.9,-1.6575
VIC,2022-11-04,15:11:01,HOSE,STOCK,55.1,58.9,51.3,54.9,54.9,52.1,54.3,53.46,54.9,54.9,52.1,54.3,53.46,1617900.0,86493670000.0,0.0,0.0,-0.8,-0.8,-1.4519
VIC,2022-11-03,15:11:01,HOSE,STOCK,55.4,59.2,51.6,54.4,55.1,54.3,55.1,54.76,54.4,55.1,54.3,55.1,54.76,909700.0,49813520000.0,0.0,0.0,-0.3,-0.3,-0.5415
VIC,2022-11-02,15:11:01,HOSE,STOCK,55.4,59.2,51.6,55.3,55.4,54.0,55.4,54.89,55.3,55.4,54.0,55.4,54.89,1352500.0,74243720000.0,0.0,0.0,0.0,0.0,0.0
VIC,2022-11-01,15:11:01,HOSE,STOCK,55.4,59.2,51.6,55.7,55.8,54.0,55.4,54.95,55.7,55.8,54.0,55.4,54.95,1419100.0,77984130000.0,0.0,0.0,0.0,0.0,0.0
VIC,2022-10-31,15:10:01,HOSE,STOCK,55.7,59.5,51.9,56.0,56.4,54.3,55.4,55.23,56.0,56.4,54.3,55.4,55.23,1052800.0,58148800000.0,2000000.0,111400000000.0,-0.3,-0.3,-0.5386
VIC,2022-10-28,15:10:01,HOSE,STOCK,55.0,58.8,51.2,55.4,55.8,53.5,55.7,54.86,55.4,55.8,53.5,55.7,54.86,1281000.0,70276360000.0,0.0,0.0,0.7,0.7,1.2727
VIC,2022-10-27,15:10:02,HOSE,STOCK,54.8,58.6,51.0,54.6,55.0,52.5,55.0,54.35,54.6,55.0,52.5,55.0,54.35,1974800.0,107337430000.0,0.0,0.0,0.2,0.2,0.365
VIC,2022-10-26,15:10:01,HOSE,STOCK,56.1,60.0,52.2,56.1,56.1,53.5,54.8,54.26,56.1,56.1,53.5,54.8,54.26,1054100.0,57191470000.0,1336000.0,74949600000.0,-1.3,-1.3,-2.3173
VIC,2022-10-25,15:10:01,HOSE,STOCK,56.5,60.4,52.6,56.3,56.3,53.0,56.1,55.0,56.3,56.3,53.0,56.1,55.0,1446700.0,79574500000.0,0.0,0.0,-0.4,-0.4,-0.708
VIC,2022-10-24,15:10:01,HOSE,STOCK,56.8,60.7,52.9,56.0,56.6,52.9,56.5,54.86,56.0,56.6,52.9,56.5,54.86,1606100.0,88113520000.0,0.0,0.0,-0.3,-0.3,-0.5282
VIC,2022-10-21,15:10:01,HOSE,STOCK,58.6,62.7,54.5,58.5,58.5,54.5,56.8,56.27,58.5,58.5,54.5,56.8,56.27,1414600.0,79606330000.0,0.0,0.0,-1.8,-1.8,-3.0717
VIC,2022-10-20,15:10:01,HOSE,STOCK,58.5,62.5,54.5,58.1,58.7,57.2,58.6,58.51,58.1,58.7,57.2,58.6,58.51,1099200.0,64317250000.0,0.0,0.0,0.1,0.1,0.1709
VIC,2022-10-19,15:10:01,HOSE,STOCK,58.4,62.4,54.4,58.5,58.7,56.5,58.5,57.7,58.5,58.7,56.5,58.5,57.7,826400.0,47679220000.0,0.0,0.0,0.1,0.1,0.1712
VIC,2022-10-18,15:10:02,HOSE,STOCK,56.0,59.9,52.1,56.5,58.6,56.5,58.4,58.15,56.5,58.6,56.5,58.4,58.15,606100.0,35245740000.0,20000.0,1042000000.0,2.4,2.4,4.2857
VIC,2022-10-17,15:10:02,HOSE,STOCK,59.7,63.8,55.6,58.6,59.0,56.0,56.0,57.37,58.6,59.0,56.0,56.0,57.37,738700.0,42379240000.0,1000000.0,59700000000.0,-3.7,-3.7,-6.1977
VIC,2022-10-14,15:10:02,HOSE,STOCK,60.4,64.6,56.2,60.5,60.5,58.4,59.7,59.29,60.5,60.5,58.4,59.7,59.29,779400.0,46208340000.0,0.0,0.0,-0.7,-0.7,-1.1589
VIC,2022-10-13,15:10:02,HOSE,STOCK,60.0,64.2,55.8,58.7,61.0,58.2,60.4,59.5,58.7,61.0,58.2,60.4,59.5,1246400.0,74156170000.0,1826000.0,109560000000.0,0.4,0.4,0.6667
VIC,2022-10-12,15:10:01,HOSE,STOCK,60.0,64.2,55.8,60.0,60.2,58.3,60.0,59.64,60.0,60.2,58.3,60.0,59.64,1709700.0,101968730000.0,0.0,0.0,0.0,0.0,0.0
VIC,2022-10-11,15:10:01,HOSE,STOCK,60.2,64.4,56.0,58.3,60.1,56.7,60.0,58.83,58.3,60.1,56.7,60.0,58.83,2186800.0,128651160000.0,2170000.0,130914000000.0,-0.2,-0.2,-0.3322
VIC,2022-10-10,15:10:02,HOSE,STOCK,60.2,64.4,56.0,60.2,60.9,57.7,60.2,58.96,60.2,60.9,57.7,60.2,58.96,1238400.0,73011080000.0,1820000.0,109564000000.0,0.0,0.0,0.0
VIC,2022-10-07,15:10:01,HOSE,STOCK,60.1,64.3,55.9,60.5,60.7,58.3,60.2,60.0,60.5,60.7,58.3,60.2,60.0,2987900.0,179273100000.0,0.0,0.0,0.1,0.1,0.1664
VIC,2022-10-06,15:10:02,HOSE,STOCK,60.0,64.2,55.8,59.8,62.0,58.1,60.1,59.89,59.8,62.0,58.1,60.1,59.89,1011900.0,60604860000.0,0.0,0.0,0.1,0.1,0.1667
VIC,2022-10-05,15:10:01,HOSE,STOCK,57.0,60.9,53.1,57.5,60.9,57.0,60.0,59.38,57.5,60.9,57.0,60.0,59.38,1328100.0,78865010000.0,0.0,0.0,3.0,3.0,5.2632
VIC,2022-10-04,15:10:01,HOSE,STOCK,55.5,59.3,51.7,56.0,57.0,54.6,57.0,56.09,56.0,57.0,54.6,57.0,56.09,1296700.0,72732930000.0,400000.0,22482400000.0,1.5,1.5,2.7027
VIC,2022-10-03,15:10:02,HOSE,STOCK,55.0,58.8,51.2,54.9,55.5,53.0,55.5,54.43,54.9,55.5,53.0,55.5,54.43,1452700.0,79067500000.0,407200.0,22163081600.0,0.5,0.5,0.9091
VIC,2022-09-30,15:09:02,HOSE,STOCK,54.6,58.4,50.8,53.3,56.4,53.3,55.0,55.45,53.3,56.4,53.3,55.0,55.45,1724300.0,95610800000.0,0.0,0.0,0.4,0.4,0.7326
VIC,2022-09-29,15:09:01,HOSE,STOCK,57.5,61.5,53.5,57.7,58.2,54.3,54.6,55.43,57.7,58.2,54.3,54.6,55.43,1701100.0,94296630000.0,0.0,0.0,-2.9,-2.9,-5.0435
VIC,2022-09-28,15:09:01,HOSE,STOCK,61.0,65.2,56.8,60.1,60.8,57.5,57.5,58.56,60.1,60.8,57.5,57.5,58.56,1138100.0,66652180000.0,1000000.0,61000000000.0,-3.5,-3.5,-5.7377
VIC,2022-09-27,15:09:01,HOSE,STOCK,62.0,66.3,57.7,62.1,62.2,60.8,61.0,61.54,62.1,62.2,60.8,61.0,61.54,639100.0,39331150000.0,0.0,0.0,-1.0,-1.0,-1.6129
VIC,2022-09-26,15:09:02,HOSE,STOCK,62.6,66.9,58.3,61.8,62.6,61.6,62.0,62.06,61.8,62.6,61.6,62.0,62.06,1195900.0,74218330000.0,1000000.0,63000000000.0,-0.6,-0.6,-0.9585
VIC,2022-09-23,15:09:02,HOSE,STOCK,63.3,67.7,58.9,63.0,63.3,62.0,62.6,62.66,63.0,63.3,62.0,62.6,62.66,324200.0,20313850000.0,0.0,0.0,-0.7,-0.7,-1.1058
VIC,2022-09-22,15:09:01,HOSE,STOCK,63.1,67.5,58.7,62.5,63.3,58.7,63.3,61.75,62.5,63.3,58.7,63.3,61.75,1238700.0,76489710000.0,0.0,0.0,0.2,0.2,0.317
VIC,2022-09-21,15:09:02,HOSE,STOCK,63.9,68.3,59.5,63.5,63.6,62.7,63.1,63.07,63.5,63.6,62.7,63.1,63.07,482700.0,30441690000.0,158300.0,9979865200.0,-0.8,-0.8,-1.252
VIC,2022-09-20,15:09:01,HOSE,STOCK,62.9,67.3,58.5,62.6,63.9,62.6,63.9,63.4,62.6,63.9,62.6,63.9,63.4,800100.0,50730330000.0,0.0,0.0,1.0,1.0,1.5898
VIC,2022-09-19,15:09:01,HOSE,STOCK,62.5,66.8,58.2,62.5,63.3,62.1,62.9,62.76,62.5,63.3,62.1,62.9,62.76,786000.0,49328180000.0,0.0,0.0,0.4,0.4,0.64
VIC,2022-09-16,15:09:02,HOSE,STOCK,63.9,68.3,59.5,63.2,64.5,62.5,62.5,63.24,63.2,64.5,62.5,62.5,63.24,1684400.0,106518280000.0,0.0,0.0,-1.4,-1.4,-2.1909
VIC,2022-09-15,15:09:01,HOSE,STOCK,63.4,67.8,59.0,63.5,64.0,62.8,63.9,63.43,63.5,64.0,62.8,63.9,63.43,851300.0,53997680000.0,0.0,0.0,0.5,0.5,0.7886
VIC,2022-09-14,15:09:01,HOSE,STOCK,64.1,68.5,59.7,63.5,63.7,62.1,63.4,62.92,63.5,63.7,62.1,63.4,62.92,711000.0,44735440000.0,0.0,0.0,-0.7,-0.7,-1.092
VIC,2022-09-13,15:09:02,HOSE,STOCK,64.0,68.4,59.6,64.0,64.3,63.6,64.1,64.01,64.0,64.3,63.6,64.1,64.01,1059100.0,67796200000.0,0.0,0.0,0.1,0.1,0.1563
VIC,2022-09-12,15:09:01,HOSE,STOCK,64.4,68.9,59.9,64.9,64.9,63.8,64.0,64.36,64.9,64.9,63.8,64.0,64.36,552900.0,35585840000.0,0.0,0.0,-0.4,-0.4,-0.6211
VIC,2022-09-09,15:09:02,HOSE,STOCK,62.9,67.3,58.5,63.2,64.4,62.9,64.4,63.96,63.2,64.4,62.9,64.4,63.96,1193800.0,76354490000.0,0.0,0.0,1.5,1.5,2.3847
VIC,2022-09-08,15:09:01,HOSE,STOCK,62.5,66.8,58.2,63.3,63.6,62.4,62.9,63.06,63.3,63.6,62.4,62.9,63.06,841200.0,53044480000.0,0.0,0.0,0.4,0.4,0.64
VIC,2022-09-07,15:09:02,HOSE,STOCK,63.3,67.7,58.9,63.3,63.4,62.5,62.5,62.82,63.3,63.4,62.5,62.5,62.82,1347400.0,84636970000.0,0.0,0.0,-0.8,-0.8,-1.2638
VIC,2022-09-06,15:09:02,HOSE,STOCK,64.0,68.4,59.6,64.1,64.8,63.1,63.3,63.83,64.1,64.8,63.1,63.3,63.83,1335600.0,85256390000.0,0.0,0.0,-0.7,-0.7,-1.0938
VIC,2022-09-05,15:09:02,HOSE,STOCK,63.7,68.1,59.3,64.8,65.2,64.0,64.0,64.56,64.8,65.2,64.0,64.0,64.56,1310100.0,84585490000.0,300000.0,19380000000.0,0.3,0.3,0.471
VIC,2022-08-31,15:08:01,HOSE,STOCK,63.6,68.0,59.2,64.0,65.7,63.7,63.7,64.47,64.0,65.7,63.7,63.7,64.47,1236800.0,79737580000.0,200000.0,12872800000.0,0.1,0.1,0.1572
VIC,2022-08-30,15:08:01,HOSE,STOCK,63.6,68.0,59.2,63.6,64.1,63.2,63.6,63.52,63.6,64.1,63.2,63.6,63.52,868400.0,55157660000.0,0.0,0.0,0.0,0.0,0.0
VIC,2022-08-29,15:08:02,HOSE,STOCK,65.0,69.5,60.5,64.3,64.4,63.0,63.6,63.63,64.3,64.4,63.0,63.6,63.63,1337500.0,85106440000.0,0.0,0.0,-1.4,-1.4,-2.1538
VIC,2022-08-26,15:08:02,HOSE,STOCK,65.9,70.5,61.3,66.0,66.0,65.0,65.0,65.18,66.0,66.0,65.0,65.0,65.18,861300.0,56137830000.0,0.0,0.0,-0.9,-0.9,-1.3657
VIC,2022-08-25,15:08:02,HOSE,STOCK,64.9,69.4,60.4,65.0,65.9,65.0,65.9,65.56,65.0,65.9,65.0,65.9,65.56,483000.0,31667570000.0,0.0,0.0,1.0,1.0,1.5408
VIC,2022-08-24,15:08:03,HOSE,STOCK,65.0,69.5,60.5,65.2,65.8,64.9,64.9,65.19,65.2,65.8,64.9,64.9,65.19,787500.0,51336740000.0,0.0,0.0,-0.1,-0.1,-0.1538
VIC,2022-08-23,15:08:02,HOSE,STOCK,66.0,70.6,61.4,65.5,65.6,64.8,65.0,65.05,65.5,65.6,64.8,65.0,65.05,1437800.0,93531550000.0,0.0,0.0,-1.0,-1.0,-1.5152
VIC,2022-08-22,15:08:01,HOSE,STOCK,67.9,72.6,63.2,67.2,68.0,66.0,66.0,66.9,67.2,68.0,66.0,66.0,66.9,1469100.0,98278330000.0,114400.0,7264400000.0,-1.9,-1.9,-2.7982
VIC,2022-08-19,15:08:02,HOSE,STOCK,68.1,72.8,63.4,68.0,68.4,66.8,67.9,67.62,68.0,68.4,66.8,67.9,67.62,1221600.0,82606190000.0,339000.0,22872381000.0,-0.2,-0.2,-0.2937
VIC,2022-08-18,15:08:03,HOSE,STOCK,67.3,72.0,62.6,67.2,69.3,67.2,68.1,68.69,67.2,69.3,67.2,68.1,68.69,2769100.0,190219940000.0,23000.0,1449000000.0,0.8,0.8,1.1887
VIC,2022-08-17,15:08:02,HOSE,STOCK,65.9,70.5,61.3,66.2,67.8,66.0,67.3,67.07,66.2,67.8,66.0,67.3,67.07,2201000.0,147629470000.0,0.0,0.0,1.4,1.4,2.1244
VIC,2022-08-16,15:08:03,HOSE,STOCK,66.4,71.0,61.8,66.4,66.4,65.7,65.9,65.92,66.4,66.4,65.7,65.9,65.92,862200.0,56839000000.0,0.0,0.0,-0.5,-0.5,-0.753
VIC,2022-08-15,15:08:02,HOSE,STOCK,66.2,70.8,61.6,66.3,66.5,66.1,66.4,66.27,66.3,66.5,66.1,66.4,66.27,802100.0,53152250000.0,0.0,0.0,0.2,0.2,0.3021
VIC,2022-08-12,15:08:02,HOSE,STOCK,65.8,70.4,61.2,65.8,66.2,65.5,66.2,65.92,65.8,66.2,65.5,66.2,65.92,811200.0,53476890000.0,0.0,0.0,0.4,0.4,0.6079
VIC,2022-08-11,15:08:02,HOSE,STOCK,64.8,69.3,60.3,65.6,66.4,65.0,65.8,65.73,65.6,66.4,65.0,65.8,65.73,1674000.0,110031300000.0,0.0,0.0,1.0,1.0,1.5432
VIC,2022-08-10,15:08:03,HOSE,STOCK,65.3,69.8,60.8,65.0,65.6,64.7,64.8,64.93,65.0,65.6,64.7,64.8,64.93,967900.0,62841600000.0,0.0,0.0,-0.5,-0.5,-0.7657
VIC,2022-08-09,15:08:02,HOSE,STOCK,64.6,69.1,60.1,64.8,65.4,64.7,65.3,65.03,64.8,65.4,64.7,65.3,65.03,792000.0,51504010000.0,0.0,0.0,0.7,0.7,1.0836
VIC,2022-08-08,15:08:02,HOSE,STOCK,65.4,69.9,60.9,65.4,65.7,64.6,64.6,64.98,65.4,65.7,64.6,64.6,64.98,1010300.0,65648210000.0,0.0,0.0,-0.8,-0.8,-1.2232
VIC,2022-08-05,15:08:01,HOSE,STOCK,66.4,71.0,61.8,65.9,66.2,65.2,65.4,65.56,65.9,66.2,65.2,65.4,65.56,1134900.0,74406870000.0,0.0,0.0,-1.0,-1.0,-1.506
VIC,2022-08-04,15:08:03,HOSE,STOCK,66.0,70.6,61.4,66.0,66.4,65.4,66.4,65.91,66.0,66.4,65.4,66.4,65.91,1146000.0,75533810000.0,0.0,0.0,0.4,0.4,0.6061
VIC,2022-08-03,15:08:01,HOSE,STOCK,66.6,71.2,62.0,65.8,66.4,65.1,66.0,65.69,65.8,66.4,65.1,66.0,65.69,1250700.0,82156150000.0,0.0,0.0,-0.6,-0.6,-0.9009
VIC,2022-08-02,15:08:01,HOSE,STOCK,64.7,69.2,60.2,64.8,66.6,64.5,66.6,65.37,64.8,66.6,64.5,66.6,65.37,1372600.0,89722890000.0,0.0,0.0,1.9,1.9,2.9366
VIC,2022-08-01,15:08:02,HOSE,STOCK,64.0,68.4,59.6,64.9,65.1,64.1,64.7,64.6,64.9,65.1,64.1,64.7,64.6,1261800.0,81515230000.0,20023.0,1287478900.0,0.7,0.7,1.0938
VIC,2022-07-29,15:07:02,HOSE,STOCK,67.0,71.6,62.4,67.8,67.8,64.0,64.0,65.03,67.8,67.8,64.0,64.0,65.03,1908500.0,124118010000.0,0.0,0.0,-3.0,-3.0,-4.4776
VIC,2022-07-28,15:07:03,HOSE,STOCK,66.5,71.1,61.9,66.6,67.1,66.0,67.0,66.54,66.6,67.1,66.0,67.0,66.54,1152200.0,76666720000.0,0.0,0.0,0.5,0.5,0.7519
VIC,2022-07-27,15:07:03,HOSE,STOCK,66.1,70.7,61.5,66.2,66.8,66.0,66.5,66.45,66.2,66.8,66.0,66.5,66.45,581400.0,38634640000.0,0.0,0.0,0.4,0.4,0.6051
VIC,2022-07-26,15:07:03,HOSE,STOCK,67.3,72.0,62.6,66.1,67.6,66.1,66.1,66.89,66.1,67.6,66.1,66.1,66.89,592700.0,39642960000.0,50000.0,3347500000.0,-1.2,-1.2,-1.7831
VIC,2022-07-25,15:07:02,HOSE,STOCK,66.5,71.1,61.9,66.9,67.4,66.5,67.3,67.01,66.9,67.4,66.5,67.3,67.01,755800.0,50642860000.0,0.0,0.0,0.8,0.8,1.203
VIC,2022-07-22,15:07:03,HOSE,STOCK,68.5,73.2,63.8,68.1,68.5,66.5,66.5,67.39,68.1,68.5,66.5,66.5,67.39,674700.0,45466490000.0,0.0,0.0,-2.0,-2.0,-2.9197
VIC,2022-07-21,15:07:02,HOSE,STOCK,68.2,72.9,63.5,68.2,68.8,68.1,68.5,68.5,68.2,68.8,68.1,68.5,68.5,930600.0,63742810000.0,0.0,0.0,0.3,0.3,0.4399
VIC,2022-07-20,15:07:03,HOSE,STOCK,68.8,73.6,64.0,68.8,69.0,68.2,68.2,68.43,68.8,69.0,68.2,68.2,68.43,626100.0,42841750000.0,0.0,0.0,-0.6,-0.6,-0.8721
VIC,2022-07-19,15:07:03,HOSE,STOCK,68.0,72.7,63.3,68.0,69.0,68.0,68.8,68.48,68.0,69.0,68.0,68.8,68.48,655400.0,44880540000.0,0.0,0.0,0.8,0.8,1.1765
VIC,2022-07-18,15:07:03,HOSE,STOCK,69.6,74.4,64.8,69.6,69.6,68.0,68.0,68.54,69.6,69.6,68.0,68.0,68.54,1088000.0,74575220000.0,68732.0,4667721600.0,-1.6,-1.6,-2.2989
VIC,2022-07-15,15:07:03,HOSE,STOCK,69.5,74.3,64.7,69.1,69.8,68.6,69.6,69.28,69.1,69.8,68.6,69.6,69.28,1582500.0,109638800000.0,0.0,0.0,0.1,0.1,0.1439
VIC,2022-07-14,15:07:02,HOSE,STOCK,69.5,74.3,64.7,69.5,69.8,68.5,69.5,69.35,69.5,69.8,68.5,69.5,69.35,1414300.0,98078280000.0,0.0,0.0,0.0,0.0,0.0
VIC,2022-07-13,15:07:03,HOSE,STOCK,69.9,74.7,65.1,68.6,70.0,68.3,69.5,69.17,68.6,70.0,68.3,69.5,69.17,2004600.0,138663290000.0,0.0,0.0,-0.4,-0.4,-0.5722
VIC,2022-07-12,15:07:03,HOSE,STOCK,70.0,74.9,65.1,68.6,70.2,68.0,69.9,69.09,68.6,70.2,68.0,69.9,69.09,1212400.0,83767080000.0,0.0,0.0,-0.1,-0.1,-0.1429
VIC,2022-07-11,15:07:04,HOSE,STOCK,70.0,74.9,65.1,67.7,70.0,66.2,70.0,68.6,67.7,70.0,66.2,70.0,68.6,2385900.0,163674250000.0,0.0,0.0,0.0,0.0,0.0
VIC,2022-07-08,15:07:03,HOSE,STOCK,69.8,74.6,65.0,70.0,70.7,67.5,70.0,68.9,70.0,70.7,67.5,70.0,68.9,1413800.0,97414410000.0,0.0,0.0,0.2,0.2,0.2865
VIC,2022-07-07,15:07:02,HOSE,STOCK,67.5,72.2,62.8,68.0,69.8,66.5,69.8,68.32,68.0,69.8,66.5,69.8,68.32,2174100.0,148539050000.0,0.0,0.0,2.3,2.3,3.4074
VIC,2022-07-06,15:07:02,HOSE,STOCK,72.3,77.3,67.3,72.0,72.1,67.5,67.5,69.72,72.0,72.1,67.5,67.5,69.72,2171700.0,151404320000.0,0.0,0.0,-4.8,-4.8,-6.639
VIC,2022-07-05,15:07:02,HOSE,STOCK,72.7,77.7,67.7,72.7,72.8,72.0,72.3,72.35,72.7,72.8,72.0,72.3,72.35,1478700.0,106984620000.0,0.0,0.0,-0.4,-0.4,-0.5502
VIC,2022-07-04,15:07:03,HOSE,STOCK,72.6,77.6,67.6,72.4,72.7,72.2,72.7,72.54,72.4,72.7,72.2,72.7,72.54,758300.0,55007130000.0,0.0,0.0,0.1,0.1,0.1377
VIC,2022-07-01,15:07:02,HOSE,STOCK,73.5,78.6,68.4,73.2,73.4,72.1,72.6,72.68,73.2,73.4,72.1,72.6,72.68,1866600.0,135666480000.0,0.0,0.0,-0.9,-0.9,-1.2245
VIC,2022-06-30,15:06:03,HOSE,STOCK,73.4,78.5,68.3,72.7,73.5,72.4,73.5,73.21,72.7,73.5,72.4,73.5,73.21,1878800.0,137553860000.0,40000.0,3040000000.0,0.1,0.1,0.1362
VIC,2022-06-29,15:06:02,HOSE,STOCK,73.6,78.7,68.5,72.8,73.4,72.3,73.4,73.07,72.8,73.4,72.3,73.4,73.07,1429300.0,104442180000.0,300000.0,21600000000.0,-0.2,-0.2,-0.2717
VIC,2022-06-28,15:06:02,HOSE,STOCK,73.8,78.9,68.7,73.0,73.8,72.4,73.6,73.22,73.0,73.8,72.4,73.6,73.22,2228300.0,163163860000.0,0.0,0.0,-0.2,-0.2,-0.271
VIC,2022-06-27,15:06:04,HOSE,STOCK,74.6,79.8,69.4,73.8,74.8,73.5,73.8,73.78,73.8,74.8,73.5,73.8,73.78,1822400.0,134451290000.0,0.0,0.0,-0.8,-0.8,-1.0724
VIC,2022-06-24,15:06:03,HOSE,STOCK,74.2,79.3,69.1,73.5,74.6,72.0,74.6,73.83,73.5,74.6,72.0,74.6,73.83,1514800.0,111835590000.0,0.0,0.0,0.4,0.4,0.5391
VIC,2022-06-23,15:06:02,HOSE,STOCK,75.0,80.2,69.8,74.1,74.2,73.0,74.2,73.94,74.1,74.2,73.0,74.2,73.94,1548900.0,114522170000.0,0.0,0.0,-0.8,-0.8,-1.0667
VIC,2022-06-22,15:06:04,HOSE,STOCK,75.0,80.2,69.8,74.7,75.0,73.6,75.0,74.63,74.7,75.0,73.6,75.0,74.63,1418900.0,105888250000.0,1000000.0,72500000000.0,0.0,0.0,0.0
VIC,2022-06-21,15:06:02,HOSE,STOCK,75.6,80.8,70.4,75.2,75.2,73.8,75.0,74.78,75.2,75.2,73.8,75.0,74.78,1956200.0,146283700000.0,0.0,0.0,-0.6,-0.6,-0.7937
VIC,2022-06-20,15:06:02,HOSE,STOCK,76.6,81.9,71.3,76.6,76.6,75.3,75.6,75.85,76.6,76.6,75.3,75.6,75.85,2132800.0,161774340000.0,0.0,0.0,-1.0,-1.0,-1.3055
VIC,2022-06-17,15:06:04,HOSE,STOCK,76.6,81.9,71.3,75.8,76.6,75.1,76.6,76.32,75.8,76.6,75.1,76.6,76.32,3725300.0,284322930000.0,0.0,0.0,0.0,0.0,0.0
VIC,2022-06-16,15:06:04,HOSE,STOCK,76.7,82.0,71.4,76.0,77.7,75.8,76.6,76.47,76.0,77.7,75.8,76.6,76.47,1597800.0,122183780000.0,0.0,0.0,-0.1,-0.1,-0.1304
VIC,2022-06-15,15:06:05,HOSE,STOCK,76.6,81.9,71.3,76.6,76.9,75.3,76.7,76.42,76.6,76.9,75.3,76.7,76.42,2037200.0,155674550000.0,0.0,0.0,0.1,0.1,0.1305
VIC,2022-06-14,15:06:04,HOSE,STOCK,76.4,81.7,71.1,76.2,76.6,75.2,76.6,76.04,76.2,76.6,75.2,76.6,76.04,2058500.0,156529810000.0,0.0,0.0,0.2,0.2,0.2618
VIC,2022-06-13,15:06:04,HOSE,STOCK,78.0,83.4,72.6,76.6,77.4,76.2,76.4,76.62,76.6,77.4,76.2,76.4,76.62,1795500.0,137563860000.0,0.0,0.0,-1.6,-1.6,-2.0513
VIC,2022-06-10,15:06:03,HOSE,STOCK,78.1,83.5,72.7,77.8,78.2,77.5,78.0,77.84,77.8,78.2,77.5,78.0,77.84,979600.0,76254140000.0,0.0,0.0,-0.1,-0.1,-0.128
VIC,2022-06-09,15:06:02,HOSE,STOCK,78.1,83.5,72.7,78.0,78.2,77.3,78.1,77.79,78.0,78.2,77.3,78.1,77.79,1542100.0,119959090000.0,0.0,0.0,0.0,0.0,0.0
VIC,2022-06-08,15:06:04,HOSE,STOCK,78.0,83.4,72.6,77.8,78.7,77.6,78.1,78.15,77.8,78.7,77.6,78.1,78.15,1441700.0,112674910000.0,0.0,0.0,0.1,0.1,0.1282
VIC,2022-06-07,15:06:03,HOSE,STOCK,78.5,83.9,73.1,78.5,78.5,77.7,78.0,77.98,78.5,78.5,77.7,78.0,77.98,1562200.0,121827950000.0,50000.0,3750000000.0,-0.5,-0.5,-0.6369
VIC,2022-06-06,15:06:03,HOSE,STOCK,78.8,84.3,73.3,78.7,78.9,77.9,78.5,78.34,78.7,78.9,77.9,78.5,78.34,1503500.0,117783170000.0,0.0,0.0,-0.3,-0.3,-0.3807
VIC,2022-06-03,15:06:05,HOSE,STOCK,78.9,84.4,73.4,78.1,79.2,78.0,78.8,78.53,78.1,79.2,78.0,78.8,78.53,1249100.0,98085650000.0,0.0,0.0,-0.1,-0.1,-0.1267
VIC,2022-06-02,15:06:03,HOSE,STOCK,79.3,84.8,73.8,79.2,79.2,77.6,78.9,78.49,79.2,79.2,77.6,78.9,78.49,2935600.0,230413600000.0,969800.0,71571240000.0,-0.4,-0.4,-0.5044
VIC,2022-06-01,15:06:04,HOSE,STOCK,78.8,84.3,73.3,78.6,79.4,78.3,79.3,78.89,78.6,79.4,78.3,79.3,78.89,1539200.0,121421470000.0,475000.0,34817500000.0,0.5,0.5,0.6345
VIC,2022-05-31,15:05:03,HOSE,STOCK,78.5,83.9,73.1,78.0,79.5,77.7,78.8,78.52,78.0,79.5,77.7,78.8,78.52,1776600.0,139496500000.0,0.0,0.0,0.3,0.3,0.3822
VIC,2022-05-30,15:05:03,HOSE,STOCK,78.0,83.4,72.6,78.0,78.5,77.2,78.5,77.98,78.0,78.5,77.2,78.5,77.98,1390900.0,108457400000.0,155500.0,11289300000.0,0.5,0.5,0.641
VIC,2022-05-27,15:05:03,HOSE,STOCK,77.7,83.1,72.3,77.4,78.0,77.0,78.0,77.56,77.4,78.0,77.0,78.0,77.56,1575800.0,122224370000.0,0.0,0.0,0.3,0.3,0.3861
VIC,2022-05-26,15:05:04,HOSE,STOCK,77.7,83.1,72.3,77.7,77.7,76.8,77.7,77.38,77.7,77.7,76.8,77.7,77.38,2076700.0,160691190000.0,0.0,0.0,0.0,0.0,0.0
VIC,2022-05-25,15:05:03,HOSE,STOCK,77.6,83.0,72.2,77.6,78.1,76.7,77.7,77.5,77.6,78.1,76.7,77.7,77.5,1360400.0,105433960000.0,0.0,0.0,0.1,0.1,0.1289
VIC,2022-05-24,15:05:02,HOSE,STOCK,77.4,82.8,72.0,77.0,77.6,76.4,77.6,77.11,77.0,77.6,76.4,77.6,77.11,1568300.0,120936330000.0,0.0,0.0,0.2,0.2,0.2584
VIC,2022-05-23,15:05:03,HOSE,STOCK,77.8,83.2,72.4,77.6,77.7,76.2,77.4,77.03,77.6,77.7,76.2,77.4,77.03,2644700.0,203734070000.0,20047.0,1535600200.0,-0.4,-0.4,-0.5141
VIC,2022-05-20,15:05:02,HOSE,STOCK,77.9,83.3,72.5,77.9,77.9,76.5,77.8,77.17,77.9,77.9,76.5,77.8,77.17,2331100.0,179901840000.0,0.0,0.0,-0.1,-0.1,-0.1284
VIC,2022-05-19,15:05:05,HOSE,STOCK,78.0,83.4,72.6,76.4,79.0,76.2,77.9,77.48,76.4,79.0,76.2,77.9,77.48,2650300.0,205350290000.0,0.0,0.0,-0.1,-0.1,-0.1282
VIC,2022-05-18,15:05:01,HOSE,STOCK,78.0,83.4,72.6,78.0,78.0,76.0,78.0,77.08,78.0,78.0,76.0,78.0,77.08,2964900.0,228541090000.0,213600.0,15507360000.0,0.0,0.0,0.0
VIC,2022-05-17,15:05:02,HOSE,STOCK,77.0,82.3,71.7,76.0,78.0,75.2,78.0,76.73,76.0,78.0,75.2,78.0,76.73,1857400.0,142509320000.0,458000.0,32838600000.0,1.0,1.0,1.2987
VIC,2022-05-16,15:05:02,HOSE,STOCK,78.0,83.4,72.6,79.0,79.0,76.2,77.0,77.28,79.0,79.0,76.2,77.0,77.28,1994100.0,154105710000.0,550000.0,45100000000.0,-1.0,-1.0,-1.2821
VIC,2022-05-13,15:05:03,HOSE,STOCK,79.0,84.5,73.5,79.0,79.0,77.2,78.0,77.96,79.0,79.0,77.2,78.0,77.96,3134600.0,244382020000.0,260000.0,19110000000.0,-1.0,-1.0,-1.2658
VIC,2022-05-12,15:05:04,HOSE,STOCK,80.5,86.1,74.9,80.0,80.0,77.1,79.0,78.63,80.0,80.0,77.1,79.0,78.63,2474100.0,194550380000.0,0.0,0.0,-1.5,-1.5,-1.8634
VIC,2022-05-11,15:05:03,HOSE,STOCK,80.4,86.0,74.8,80.2,80.5,78.7,80.5,79.809,80.2,80.5,78.7,80.5,79.809,1983600.0,158309220000.0,0.0,0.0,0.1,0.1,0.1244
VIC,2022-05-10,15:05:03,HOSE,STOCK,79.1,84.6,73.6,78.9,80.4,78.1,80.4,79.09,78.9,80.4,78.1,80.4,79.09,2617900.0,207043170000.0,540000.0,39744000000.0,1.3,1.3,1.6435
VIC,2022-05-09,15:05:02,HOSE,STOCK,79.8,85.3,74.3,78.7,79.2,77.9,79.1,78.71,78.7,79.2,77.9,79.1,78.71,2428900.0,191175740000.0,0.0,0.0,-0.7,-0.7,-0.8772
VIC,2022-05-06,15:05:04,HOSE,STOCK,80.0,85.6,74.4,78.5,80.0,78.0,79.8,79.12,78.5,80.0,78.0,79.8,79.12,1690000.0,133715080000.0,962000.0,76998148000.0,-0.2,-0.2,-0.25
VIC,2022-05-05,15:05:03,HOSE,STOCK,79.7,85.2,74.2,79.6,80.0,78.5,80.0,79.57,79.6,80.0,78.5,80.0,79.57,1858600.0,147893240000.0,0.0,0.0,0.3,0.3,0.3764
VIC,2022-05-04,15:05:03,HOSE,STOCK,80.0,85.6,74.4,79.6,80.0,77.7,79.7,79.15,79.6,80.0,77.7,79.7,79.15,1436000.0,113661350000.0,30000.0,2418000000.0,-0.3,-0.3,-0.375
VIC,2022-04-29,15:04:02,HOSE,STOCK,77.9,83.3,72.5,77.5,80.0,76.6,80.0,78.34,77.5,80.0,76.6,80.0,78.34,2148700.0,168327810000.0,24200.0,1754500000.0,2.1,2.1,2.6958
VIC,2022-04-28,15:04:02,HOSE,STOCK,78.0,83.4,72.6,78.0,78.2,76.3,77.9,77.41,78.0,78.2,76.3,77.9,77.41,1386100.0,107295050000.0,0.0,0.0,-0.1,-0.1,-0.1282
VIC,2022-04-27,15:04:04,HOSE,STOCK,78.0,83.4,72.6,77.5,78.0,75.0,78.0,76.44,77.5,78.0,75.0,78.0,76.44,2793500.0,213541040000.0,335000.0,25464600000.0,0.0,0.0,0.0
VIC,2022-04-26,15:04:03,HOSE,STOCK,76.2,81.5,70.9,73.5,78.5,73.5,78.0,76.23,73.5,78.5,73.5,78.0,76.23,3661700.0,279148030000.0,0.0,0.0,1.8,1.8,2.3622
VIC,2022-04-25,15:04:03,HOSE,STOCK,77.7,83.1,72.3,77.8,79.2,72.7,76.2,76.23,77.8,79.2,72.7,76.2,76.23,2738000.0,208718800000.0,0.0,0.0,-1.5,-1.5,-1.9305
VIC,2022-04-22,15:04:04,HOSE,STOCK,77.5,82.9,72.1,77.7,79.0,77.6,77.7,78.21,77.7,79.0,77.6,77.7,78.21,1867300.0,146045710000.0,30000.0,2361000000.0,0.2,0.2,0.2581
VIC,2022-04-21,15:04:02,HOSE,STOCK,79.3,84.8,73.8,79.0,79.5,77.5,77.5,78.22,79.0,79.5,77.5,77.5,78.22,2684300.0,209961090000.0,0.0,0.0,-1.8,-1.8,-2.2699
VIC,2022-04-20,15:04:02,HOSE,STOCK,78.8,84.3,73.3,78.0,79.8,78.0,79.3,79.14,78.0,79.8,78.0,79.3,79.14,1713900.0,135637530000.0,62500.0,4750000000.0,0.5,0.5,0.6345
VIC,2022-04-19,15:04:03,HOSE,STOCK,79.5,85.0,74.0,78.6,79.8,77.8,78.8,78.53,78.6,79.8,77.8,78.8,78.53,1816000.0,142601540000.0,651280.0,52531260000.0,-0.7,-0.7,-0.8805
VIC,2022-04-18,15:04:03,HOSE,STOCK,80.7,86.3,75.1,80.0,80.1,78.1,79.5,79.12,80.0,80.1,78.1,79.5,79.12,2984700.0,236157770000.0,75000.0,5865000000.0,-1.2,-1.2,-1.487
VIC,2022-04-15,15:04:02,HOSE,STOCK,81.7,87.4,76.0,81.5,81.8,80.6,80.7,81.06,81.5,81.8,80.6,80.7,81.06,1678400.0,136057740000.0,0.0,0.0,-1.0,-1.0,-1.224
VIC,2022-04-14,15:04:02,HOSE,STOCK,82.2,87.9,76.5,81.6,82.2,81.1,81.7,81.63,81.6,82.2,81.1,81.7,81.63,1763700.0,143967470000.0,85000.0,7140000000.0,-0.5,-0.5,-0.6083
VIC,2022-04-13,15:04:02,HOSE,STOCK,81.3,86.9,75.7,81.0,82.3,80.7,82.2,81.52,81.0,82.3,80.7,82.2,81.52,3146300.0,256499860000.0,150000.0,12195000000.0,0.9,0.9,1.107
VIC,2022-04-12,15:04:02,HOSE,STOCK,81.7,87.4,76.0,81.4,81.4,80.3,81.3,80.97,81.4,81.4,80.3,81.3,80.97,2356500.0,190801820000.0,0.0,0.0,-0.4,-0.4,-0.4896
VIC,2022-04-08,15:04:02,HOSE,STOCK,79.5,85.0,74.0,80.0,82.4,80.0,81.7,81.41,80.0,82.4,80.0,81.7,81.41,5192000.0,422700520000.0,199024.0,16101400552.0,2.2,2.2,2.7673
VIC,2022-04-07,15:04:01,HOSE,STOCK,80.5,86.1,74.9,80.2,80.3,77.6,79.5,78.69,80.2,80.3,77.6,79.5,78.69,3704800.0,291532870000.0,60000.0,4500000000.0,-1.0,-1.0,-1.2422
VIC,2022-04-06,15:04:02,HOSE,STOCK,82.3,88.0,76.6,80.5,82.3,79.5,80.5,80.4,80.5,82.3,79.5,80.5,80.4,5679100.0,456580930000.0,599000.0,48443400000.0,-1.8,-1.8,-2.1871
VIC,2022-04-05,15:04:02,HOSE,STOCK,82.7,88.4,77.0,82.5,83.1,81.7,82.3,82.27,82.5,83.1,81.7,82.3,82.27,3591100.0,295429140000.0,85000.0,7140000000.0,-0.4,-0.4,-0.4837
VIC,2022-04-04,15:04:02,HOSE,STOCK,82.1,87.8,76.4,82.5,82.8,81.5,82.7,82.29,82.5,82.8,81.5,82.7,82.29,2730500.0,224703900000.0,80000.0,6560000000.0,0.6,0.6,0.7308
VIC,2022-04-01,15:04:01,HOSE,STOCK,81.2,86.8,75.6,81.4,82.5,80.9,82.1,81.84,81.4,82.5,80.9,82.1,81.84,2609900.0,213581800000.0,0.0,0.0,0.9,0.9,1.1084
VIC,2022-03-31,15:03:04,HOSE,STOCK,81.1,86.7,75.5,81.1,82.3,81.0,81.2,81.59,81.1,82.3,81.0,81.2,81.59,1372000.0,111943790000.0,185000.0,15240000000.0,0.1,0.1,0.1233
VIC,2022-03-30,15:03:02,HOSE,STOCK,80.8,86.4,75.2,82.5,82.7,80.4,81.1,81.65,82.5,82.7,80.4,81.1,81.65,3088400.0,252160430000.0,0.0,0.0,0.3,0.3,0.3713
VIC,2022-03-29,15:03:03,HOSE,STOCK,80.5,86.1,74.9,80.0,81.8,79.8,80.8,80.8,80.0,81.8,79.8,80.8,80.8,2798300.0,226101990000.0,100000.0,8610000000.0,0.3,0.3,0.3727
VIC,2022-03-28,15:03:04,HOSE,STOCK,81.0,86.6,75.4,79.9,81.2,79.7,80.5,80.32,79.9,81.2,79.7,80.5,80.32,2339900.0,187940170000.0,185000.0,15240000000.0,-0.5,-0.5,-0.6173
VIC,2022-03-25,15:03:03,HOSE,STOCK,81.0,86.6,75.4,80.6,81.0,79.7,81.0,80.54,80.6,81.0,79.7,81.0,80.54,2193500.0,176657120000.0,0.0,0.0,0.0,0.0,0.0
VIC,2022-03-24,15:03:03,HOSE,STOCK,81.4,87.0,75.8,81.4,81.4,80.4,81.0,80.7,81.4,81.4,80.4,81.0,80.7,1995200.0,161016740000.0,570000.0,46790000000.0,-0.4,-0.4,-0.4914
VIC,2022-03-23,15:03:02,HOSE,STOCK,82.2,87.9,76.5,82.1,82.4,81.4,81.4,81.87,82.1,82.4,81.4,81.4,81.87,1529200.0,125197270000.0,15358809.0,1262269338600.0,-0.8,-0.8,-0.9732
VIC,2022-03-22,15:03:03,HOSE,STOCK,81.0,86.6,75.4,81.0,82.4,81.0,82.2,81.92,81.0,82.4,81.0,82.2,81.92,3631800.0,297518800000.0,0.0,0.0,1.2,1.2,1.4815
VIC,2022-03-21,15:03:02,HOSE,STOCK,78.8,84.3,73.3,78.8,81.0,78.3,81.0,79.74,78.8,81.0,78.3,81.0,79.74,3705300.0,295461260000.0,50000.0,3950000000.0,2.2,2.2,2.7919
VIC,2022-03-18,15:03:02,HOSE,STOCK,78.4,83.8,73.0,78.3,79.5,77.4,78.8,78.38,78.3,79.5,77.4,78.8,78.38,5520700.0,432689330000.0,3270000.0,256467000000.0,0.4,0.4,0.5102
VIC,2022-03-17,15:03:02,HOSE,STOCK,78.1,83.5,72.7,78.3,78.5,77.3,78.4,77.99,78.3,78.5,77.3,78.4,77.99,2565900.0,200109290000.0,10220000.0,798182000000.0,0.3,0.3,0.3841
VIC,2022-03-16,15:03:04,HOSE,STOCK,78.3,83.7,72.9,78.3,78.4,77.2,78.1,77.57,78.3,78.4,77.2,78.1,77.57,2950000.0,228843500000.0,70074.0,5507220476.0,-0.2,-0.2,-0.2554
VIC,2022-03-15,15:03:03,HOSE,STOCK,78.3,83.7,72.9,78.0,78.6,77.0,78.3,77.64,78.0,78.6,77.0,78.3,77.64,2733900.0,212270690000.0,141000.0,11025000000.0,0.0,0.0,0.0
VIC,2022-03-14,15:03:04,HOSE,STOCK,79.0,84.5,73.5,78.8,78.8,77.4,78.3,77.96,78.8,78.8,77.4,78.3,77.96,2622700.0,204457730000.0,50000.0,3800000000.0,-0.7,-0.7,-0.8861
VIC,2022-03-11,15:03:03,HOSE,STOCK,79.1,84.6,73.6,78.8,79.0,77.8,79.0,78.37,78.8,79.0,77.8,79.0,78.37,2222400.0,174176850000.0,0.0,0.0,-0.1,-0.1,-0.1264
VIC,2022-03-10,15:03:03,HOSE,STOCK,78.0,83.4,72.6,78.5,80.6,78.0,79.1,79.7,78.5,80.6,78.0,79.1,79.7,4366600.0,347999070000.0,0.0,0.0,1.1,1.1,1.4103
VIC,2022-03-09,15:03:03,HOSE,STOCK,77.9,83.3,72.5,78.1,78.7,77.3,78.0,78.07,78.1,78.7,77.3,78.0,78.07,3049900.0,238116150000.0,120000.0,9315000000.0,0.1,0.1,0.1284
VIC,2022-03-08,15:03:02,HOSE,STOCK,78.5,83.9,73.1,78.0,78.9,77.1,77.9,77.63,78.0,78.9,77.1,77.9,77.63,4290200.0,333046070000.0,20049.0,1551792600.0,-0.6,-0.6,-0.7643
VIC,2022-03-07,15:03:03,HOSE,STOCK,79.0,84.5,73.5,78.4,79.0,77.3,78.5,78.16,78.4,79.0,77.3,78.5,78.16,2442600.0,190902480000.0,621000.0,49059000000.0,-0.5,-0.5,-0.6329
VIC,2022-03-04,15:03:03,HOSE,STOCK,79.0,84.5,73.5,79.0,79.3,77.8,79.0,78.29,79.0,79.3,77.8,79.0,78.29,3817400.0,298849130000.0,90000.0,7065000000.0,0.0,0.0,0.0
VIC,2022-03-03,15:03:04,HOSE,STOCK,78.9,84.4,73.4,78.9,80.4,78.3,79.0,79.27,78.9,80.4,78.3,79.0,79.27,2610400.0,206930650000.0,0.0,0.0,0.1,0.1,0.1267
VIC,2022-03-02,15:03:03,HOSE,STOCK,79.2,84.7,73.7,79.2,79.2,77.2,78.9,78.34,79.2,79.2,77.2,78.9,78.34,2401000.0,188103170000.0,0.0,0.0,-0.3,-0.3,-0.3788
VIC,2022-03-01,15:03:04,HOSE,STOCK,77.0,82.3,71.7,77.1,79.9,77.0,79.2,78.51,77.1,79.9,77.0,79.2,78.51,3467600.0,272240620000.0,0.0,0.0,2.2,2.2,2.8571
VIC,2022-02-28,15:02:03,HOSE,STOCK,79.1,84.6,73.6,79.5,79.5,77.0,77.0,77.38,79.5,79.5,77.0,77.0,77.38,4678600.0,362044740000.0,67500.0,5369422500.0,-2.1,-2.1,-2.6549
VIC,2022-02-25,15:02:04,HOSE,STOCK,80.1,85.7,74.5,80.9,80.9,79.1,79.1,79.73,80.9,80.9,79.1,79.1,79.73,3385500.0,269910550000.0,0.0,0.0,-1.0,-1.0,-1.2484
VIC,2022-02-24,15:02:03,HOSE,STOCK,82.5,88.2,76.8,82.3,82.4,79.3,80.1,80.63,82.3,82.4,79.3,80.1,80.63,6367500.0,513409980000.0,0.0,0.0,-2.4,-2.4,-2.9091
VIC,2022-02-23,15:02:03,HOSE,STOCK,82.0,87.7,76.3,82.1,82.5,82.0,82.5,82.23,82.1,82.5,82.0,82.5,82.23,1439000.0,118332730000.0,0.0,0.0,0.5,0.5,0.6098
VIC,2022-02-22,15:02:02,HOSE,STOCK,83.6,89.4,77.8,83.0,83.3,81.8,82.0,82.3,83.0,83.3,81.8,82.0,82.3,2975200.0,244872260000.0,600000.0,50160000000.0,-1.6,-1.6,-1.9139
VIC,2022-02-21,15:02:03,HOSE,STOCK,82.2,87.9,76.5,82.1,83.8,82.0,83.6,83.18,82.1,83.8,82.0,83.6,83.18,2513700.0,209089550000.0,0.0,0.0,1.4,1.4,1.7032
VIC,2022-02-18,15:02:03,HOSE,STOCK,83.1,88.9,77.3,82.5,82.8,82.0,82.2,82.29,82.5,82.8,82.0,82.2,82.29,2914400.0,239819560000.0,0.0,0.0,-0.9,-0.9,-1.083
VIC,2022-02-17,15:02:03,HOSE,STOCK,82.9,88.7,77.1,82.8,83.5,82.0,83.1,82.64,82.8,83.5,82.0,83.1,82.64,2865600.0,236811960000.0,70000.0,5523000000.0,0.2,0.2,0.2413
VIC,2022-02-16,15:02:03,HOSE,STOCK,83.7,89.5,77.9,83.9,83.9,82.7,82.9,83.12,83.9,83.9,82.7,82.9,83.12,1986000.0,165073670000.0,0.0,0.0,-0.8,-0.8,-0.9558
VIC,2022-02-15,15:02:03,HOSE,STOCK,81.8,87.5,76.1,82.0,83.8,81.8,83.7,83.14,82.0,83.8,81.8,83.7,83.14,3001500.0,249534770000.0,0.0,0.0,1.9,1.9,2.3227
VIC,2022-02-14,15:02:02,HOSE,STOCK,81.7,87.4,76.0,81.7,84.0,80.7,81.8,82.35,81.7,84.0,80.7,81.8,82.35,4973500.0,409571710000.0,288000.0,23180000000.0,0.1,0.1,0.1224
VIC,2022-02-11,15:02:05,HOSE,STOCK,84.0,89.8,78.2,83.0,83.6,81.5,81.7,82.13,83.0,83.6,81.5,81.7,82.13,7846400.0,644393340000.0,0.0,0.0,-2.3,-2.3,-2.7381
VIC,2022-02-10,15:02:04,HOSE,STOCK,85.7,91.6,79.8,85.7,86.0,81.7,84.0,83.49,85.7,86.0,81.7,84.0,83.49,11088500.0,925742070000.0,0.0,0.0,-1.7,-1.7,-1.9837
VIC,2022-02-09,15:02:03,HOSE,STOCK,87.3,93.4,81.2,87.6,88.7,84.9,85.7,86.49,87.6,88.7,84.9,85.7,86.49,8812500.0,762223130000.0,0.0,0.0,-1.6,-1.6,-1.8328
VIC,2022-02-08,15:02:03,HOSE,STOCK,91.2,97.5,84.9,91.3,92.3,86.7,87.3,88.37,91.3,92.3,86.7,87.3,88.37,8010800.0,707899810000.0,20099.0,1748613000.0,-3.9,-3.9,-4.2763
VIC,2022-02-07,15:02:03,HOSE,STOCK,97.0,103.7,90.3,96.4,97.5,91.2,91.2,94.25,96.4,97.5,91.2,91.2,94.25,7413400.0,698729100000.0,40000.0,3612000000.0,-5.8,-5.8,-5.9794
VIC,2022-01-28,15:01:03,HOSE,STOCK,96.5,103.2,89.8,95.1,97.0,94.5,97.0,96.12,95.1,97.0,94.5,97.0,96.12,2999600.0,288309230000.0,0.0,0.0,0.5,0.5,0.5181
VIC,2022-01-27,15:01:04,HOSE,STOCK,96.4,103.1,89.7,96.5,96.5,94.2,96.5,95.61,96.5,96.5,94.2,96.5,95.61,2559000.0,244667430000.0,500000.0,47500000000.0,0.1,0.1,0.1037
VIC,2022-01-26,15:01:03,HOSE,STOCK,96.0,102.7,89.3,96.5,96.5,94.5,96.4,95.62,96.5,96.5,94.5,96.4,95.62,1932000.0,184746940000.0,0.0,0.0,0.4,0.4,0.4167
VIC,2022-01-25,15:01:03,HOSE,STOCK,95.0,101.6,88.4,95.0,97.7,93.4,96.0,95.3,95.0,97.7,93.4,96.0,95.3,3198400.0,304823220000.0,720000.0,69120000000.0,1.0,1.0,1.0526
VIC,2022-01-24,15:01:03,HOSE,STOCK,95.5,102.1,88.9,94.9,96.0,92.5,95.0,94.38,94.9,96.0,92.5,95.0,94.38,3935300.0,371418840000.0,1000000.0,91000000000.0,-0.5,-0.5,-0.5236
VIC,2022-01-21,15:01:02,HOSE,STOCK,95.0,101.6,88.4,95.9,96.0,93.3,95.5,94.59,95.9,96.0,93.3,95.5,94.59,3192800.0,302017040000.0,0.0,0.0,0.5,0.5,0.5263
VIC,2022-01-20,15:01:03,HOSE,STOCK,95.8,102.5,89.1,94.6,96.3,94.6,95.0,95.18,94.6,96.3,94.6,95.0,95.18,1689300.0,160793330000.0,0.0,0.0,-0.8,-0.8,-0.8351
VIC,2022-01-19,15:01:02,HOSE,STOCK,95.9,102.6,89.2,95.0,95.9,93.5,95.8,94.99,95.0,95.9,93.5,95.8,94.99,2479700.0,235546850000.0,347311.0,32989147600.0,-0.1,-0.1,-0.1043
VIC,2022-01-18,15:01:03,HOSE,STOCK,97.0,103.7,90.3,97.0,97.0,94.1,95.9,95.86,97.0,97.0,94.1,95.9,95.86,2032000.0,194795580000.0,732300.0,69802836000.0,-1.1,-1.1,-1.134
VIC,2022-01-17,15:01:03,HOSE,STOCK,98.9,105.8,92.0,99.0,99.2,94.5,97.0,97.19,99.0,99.2,94.5,97.0,97.19,2628900.0,255500390000.0,120500.0,11086000000.0,-1.9,-1.9,-1.9211
VIC,2022-01-14,15:01:03,HOSE,STOCK,98.8,105.7,91.9,98.2,99.6,98.2,98.9,98.87,98.2,99.6,98.2,98.9,98.87,1017400.0,100591030000.0,186400.0,17130160000.0,0.1,0.1,0.1012
VIC,2022-01-13,15:01:02,HOSE,STOCK,100.8,107.8,93.8,101.0,101.0,98.5,98.8,99.65,101.0,101.0,98.5,98.8,99.65,1955700.0,194881570000.0,192000.0,18009600000.0,-2.0,-2.0,-1.9841
VIC,2022-01-12,15:01:03,HOSE,STOCK,101.0,108.0,94.0,101.5,101.5,98.0,100.8,99.91,101.5,101.5,98.0,100.8,99.91,2338500.0,233627990000.0,0.0,0.0,-0.2,-0.2,-0.198
VIC,2022-01-11,15:01:02,HOSE,STOCK,102.3,109.4,95.2,102.0,102.0,99.8,101.0,100.91,102.0,102.0,99.8,101.0,100.91,2240600.0,226097830000.0,186400.0,20392160000.0,-1.3,-1.3,-1.2708
VIC,2022-01-10,15:01:03,HOSE,STOCK,102.2,109.3,95.1,102.5,105.5,102.2,102.3,103.9,102.5,105.5,102.2,102.3,103.9,2908500.0,302199640000.0,192000.0,20985600000.0,0.1,0.1,0.0978
VIC,2022-01-07,15:01:02,HOSE,STOCK,104.5,111.8,97.2,106.4,106.4,102.2,102.2,103.43,106.4,106.4,102.2,102.2,103.43,3108800.0,321554170000.0,20037.0,2063811000.0,-2.3,-2.3,-2.201
VIC,2022-01-06,15:01:03,HOSE,STOCK,100.0,107.0,93.0,101.0,106.4,100.5,104.5,104.92,101.0,106.4,100.5,104.5,104.92,5061400.0,531063660000.0,1386400.0,142375200000.0,4.5,4.5,4.5
VIC,2022-01-05,15:01:03,HOSE,STOCK,101.0,108.0,94.0,100.8,102.2,99.5,100.0,100.98,100.8,102.2,99.5,100.0,100.98,3396500.0,342984480000.0,192000.0,18048000000.0,-1.0,-1.0,-0.9901
VIC,2022-01-04,15:01:02,HOSE,STOCK,95.1,101.7,88.5,96.0,101.5,95.7,101.0,98.69,96.0,101.5,95.7,101.0,98.69,3071100.0,303095680000.0,962000.0,97643000000.0,5.9,5.9,6.204
VIC,2021-12-31,15:12:02,HOSE,STOCK,95.0,101.6,88.4,95.2,96.3,94.2,95.1,95.09,95.2,96.3,94.2,95.1,95.09,1267000.0,120477640000.0,186400.0,18938240000.0,0.1,0.1,0.1053
VIC,2021-12-30,15:12:03,HOSE,STOCK,95.5,102.1,88.9,95.8,96.4,95.0,95.0,95.33,95.8,96.4,95.0,95.0,95.33,1662400.0,158469020000.0,242000.0,24703200000.0,-0.5,-0.5,-0.5236
VIC,2021-12-29,15:12:02,HOSE,STOCK,98.4,105.2,91.6,98.0,98.0,95.2,95.5,96.2,98.0,98.0,95.2,95.5,96.2,2291900.0,220489860000.0,30000.0,3150000000.0,-2.9,-2.9,-2.9472
VIC,2021-12-28,15:12:02,HOSE,STOCK,99.0,105.9,92.1,99.1,99.3,96.5,98.4,97.8,99.1,99.3,96.5,98.4,97.8,1737300.0,169915760000.0,206400.0,19009440000.0,-0.6,-0.6,-0.6061
VIC,2021-12-27,15:12:02,HOSE,STOCK,96.5,103.2,89.8,97.0,99.0,96.5,99.0,97.6,97.0,99.0,96.5,99.0,97.6,1907500.0,186164840000.0,592000.0,54061900000.0,2.5,2.5,2.5907
VIC,2021-12-24,15:12:02,HOSE,STOCK,96.0,102.7,89.3,96.5,96.9,95.1,96.5,96.13,96.5,96.9,95.1,96.5,96.13,1415500.0,136065400000.0,500000.0,48872000000.0,0.5,0.5,0.5208
VIC,2021-12-23,15:12:04,HOSE,STOCK,99.6,106.5,92.7,99.6,100.0,96.0,96.0,97.74,99.6,100.0,96.0,96.0,97.74,2771100.0,270845620000.0,186400.0,19851600000.0,-3.6,-3.6,-3.6145
VIC,2021-12-22,15:12:02,HOSE,STOCK,98.1,104.9,91.3,98.2,100.1,98.2,99.6,99.48,98.2,100.1,98.2,99.6,99.48,2410600.0,239797510000.0,992000.0,97402300000.0,1.5,1.5,1.5291
VIC,2021-12-21,15:12:02,HOSE,STOCK,99.0,105.9,92.1,99.0,100.8,98.1,98.1,99.26,99.0,100.8,98.1,98.1,99.26,1467300.0,145648360000.0,20000.0,1844000000.0,-0.9,-0.9,-0.9091
VIC,2021-12-20,15:12:02,HOSE,STOCK,102.0,109.1,94.9,102.0,102.0,99.0,99.0,100.3,102.0,102.0,99.0,99.0,100.3,1372800.0,137686140000.0,686400.0,71439360000.0,-3.0,-3.0,-2.9412
VIC,2021-12-17,15:12:03,HOSE,STOCK,100.0,107.0,93.0,100.0,102.7,98.8,102.0,101.46,100.0,102.7,98.8,102.0,101.46,6655000.0,675205520000.0,492000.0,49956000000.0,2.0,2.0,2.0
VIC,2021-12-16,15:12:03,HOSE,STOCK,100.0,107.0,93.0,100.0,101.5,98.3,100.0,99.73,100.0,101.5,98.3,100.0,99.73,3095200.0,308679090000.0,400000.0,37600000000.0,0.0,0.0,0.0
VIC,2021-12-15,15:12:03,HOSE,STOCK,102.5,109.6,95.4,102.7,102.7,99.9,100.0,100.73,102.7,102.7,99.9,100.0,100.73,2897300.0,291833220000.0,1406412.0,138095852000.0,-2.5,-2.5,-2.439
VIC,2021-12-14,15:12:03,HOSE,STOCK,103.2,110.4,96.0,103.0,103.1,101.6,102.5,102.27,103.0,103.1,101.6,102.5,102.27,2629100.0,268883420000.0,192000.0,21196800000.0,-0.7,-0.7,-0.6783
VIC,2021-12-13,15:12:02,HOSE,STOCK,103.1,110.3,95.9,102.7,104.5,101.0,103.2,102.72,102.7,104.5,101.0,103.2,102.72,4076200.0,418723420000.0,0.0,0.0,0.1,0.1,0.097
VIC,2021-12-10,15:12:03,HOSE,STOCK,107.0,114.4,99.6,107.0,107.2,103.1,103.1,104.9,107.0,107.2,103.1,103.1,104.9,3080600.0,323154180000.0,0.0,0.0,-3.9,-3.9,-3.6449
VIC,2021-12-09,15:12:03,HOSE,STOCK,105.9,113.3,98.5,105.0,107.5,104.0,107.0,106.02,105.0,107.5,104.0,107.0,106.02,3173400.0,336432440000.0,226000.0,23739400000.0,1.1,1.1,1.0387
VIC,2021-12-08,15:12:01,HOSE,STOCK,106.7,114.1,99.3,106.5,107.0,103.5,105.9,105.08,106.5,107.0,103.5,105.9,105.08,3539500.0,371937440000.0,100000.0,10481300000.0,-0.8,-0.8,-0.7498
VIC,2021-12-07,15:12:03,HOSE,STOCK,105.6,112.9,98.3,107.4,107.5,105.6,106.7,106.6,107.4,107.5,105.6,106.7,106.6,3026300.0,322616740000.0,337000.0,35849618000.0,1.1,1.1,1.0417
VIC,2021-12-06,15:12:02,HOSE,STOCK,105.5,112.8,98.2,107.9,109.0,103.6,105.6,107.02,107.9,109.0,103.6,105.6,107.02,5825100.0,623409960000.0,160000.0,17068800000.0,0.1,0.1,0.0948
VIC,2021-12-03,15:12:06,HOSE,STOCK,107.2,114.7,99.7,109.1,109.6,105.5,105.5,108.48,109.1,109.6,105.5,105.5,108.48,5152400.0,558929000000.0,280000.0,30110750000.0,-1.7,-1.7,-1.5858
VIC,2021-12-02,15:12:03,HOSE,STOCK,106.0,113.4,98.6,106.0,108.5,105.1,107.2,106.63,106.0,108.5,105.1,107.2,106.63,4428600.0,472224780000.0,962000.0,104131633000.0,1.2,1.2,1.1321
VIC,2021-12-01,15:12:03,HOSE,STOCK,105.0,112.3,97.7,105.0,107.3,104.0,106.0,105.45,105.0,107.3,104.0,106.0,105.45,4082000.0,430436320000.0,360000.0,37080000000.0,1.0,1.0,0.9524
VIC,2021-11-30,15:11:03,HOSE,STOCK,105.3,112.6,98.0,105.5,106.9,103.5,105.0,105.19,105.5,106.9,103.5,105.0,105.19,4674300.0,491679980000.0,100000.0,10489700000.0,-0.3,-0.3,-0.2849
VIC,2021-11-29,15:11:03,HOSE,STOCK,98.5,105.3,91.7,99.0,105.3,98.5,105.3,103.02,99.0,105.3,98.5,105.3,103.02,8742300.0,900646080000.0,556200.0,57980266600.0,6.8,6.8,6.9036
VIC,2021-11-26,15:11:03,HOSE,STOCK,94.0,100.5,87.5,95.9,100.0,95.2,98.5,98.25,95.9,100.0,95.2,98.5,98.25,8681700.0,852974010000.0,528600.0,52030498400.0,4.5,4.5,4.7872
VIC,2021-11-25,15:11:02,HOSE,STOCK,94.1,100.6,87.6,94.8,94.8,93.8,94.0,94.26,94.8,94.8,93.8,94.0,94.26,1401800.0,132130260000.0,600000.0,58500000000.0,-0.1,-0.1,-0.1063
VIC,2021-11-24,15:11:03,HOSE,STOCK,94.8,101.4,88.2,94.8,95.2,93.5,94.1,94.1,94.8,95.2,93.5,94.1,94.1,2045100.0,192437000000.0,800000.0,76000000000.0,-0.7,-0.7,-0.7384
VIC,2021-11-23,15:11:04,HOSE,STOCK,94.8,101.4,88.2,94.0,95.0,93.5,94.8,94.3,94.0,95.0,93.5,94.8,94.3,1382700.0,130382100000.0,0.0,0.0,0.0,0.0,0.0
VIC,2021-11-22,15:11:04,HOSE,STOCK,94.8,101.4,88.2,94.5,95.0,93.0,94.8,94.17,94.5,95.0,93.0,94.8,94.17,2152100.0,202655980000.0,300000.0,27300000000.0,0.0,0.0,0.0
VIC,2021-11-19,15:11:05,HOSE,STOCK,94.5,101.1,87.9,94.6,96.0,94.0,94.8,95.03,94.6,96.0,94.0,94.8,95.03,2032500.0,193153380000.0,320099.0,29300335700.0,0.3,0.3,0.3175
VIC,2021-11-18,15:11:03,HOSE,STOCK,96.3,103.0,89.6,97.0,98.5,94.5,94.5,96.63,97.0,98.5,94.5,94.5,96.63,3871100.0,374066080000.0,30000.0,2697000000.0,-1.8,-1.8,-1.8692
VIC,2021-11-17,15:11:04,HOSE,STOCK,94.8,101.4,88.2,94.7,97.0,94.2,96.3,95.85,94.7,97.0,94.2,96.3,95.85,2815800.0,269901900000.0,0.0,0.0,1.5,1.5,1.5823
VIC,2021-11-16,15:11:02,HOSE,STOCK,95.0,101.6,88.4,95.0,95.1,93.9,94.8,94.38,95.0,95.1,93.9,94.8,94.38,1643900.0,155146920000.0,600000.0,58500000000.0,-0.2,-0.2,-0.2105
VIC,2021-11-15,15:11:02,HOSE,STOCK,94.5,101.1,87.9,94.5,95.1,94.0,95.0,94.66,94.5,95.1,94.0,95.0,94.66,1922400.0,181982310000.0,0.0,0.0,0.5,0.5,0.5291
VIC,2021-11-12,15:11:03,HOSE,STOCK,94.8,101.4,88.2,94.8,94.8,93.9,94.5,94.28,94.8,94.8,93.9,94.5,94.28,1133100.0,106829790000.0,0.0,0.0,-0.3,-0.3,-0.3165
VIC,2021-11-11,15:11:04,HOSE,STOCK,94.9,101.5,88.3,94.9,95.0,93.9,94.8,94.62,94.9,95.0,93.9,94.8,94.62,2186600.0,206891710000.0,0.0,0.0,-0.1,-0.1,-0.1054
VIC,2021-11-10,15:11:02,HOSE,STOCK,94.9,101.5,88.3,95.1,95.2,93.6,94.9,94.63,95.1,95.2,93.6,94.9,94.63,1680500.0,159028900000.0,60290.0,5715492000.0,0.0,0.0,0.0
VIC,2021-11-09,15:11:05,HOSE,STOCK,94.9,101.5,88.3,95.4,95.4,93.2,94.9,94.55,95.4,95.4,93.2,94.9,94.55,2373800.0,224434810000.0,1263800.0,112023333600.0,0.0,0.0,0.0
VIC,2021-11-08,15:11:03,HOSE,STOCK,95.0,101.6,88.4,95.0,95.5,94.5,94.9,95.12,95.0,95.5,94.5,94.9,95.12,1792000.0,170459130000.0,114600.0,10900981200.0,-0.1,-0.1,-0.1053
VIC,2021-11-05,15:11:11,HOSE,STOCK,95.0,101.6,88.4,94.5,95.0,94.0,95.0,94.59,94.5,95.0,94.0,95.0,94.59,1786600.0,168995190000.0,83500.0,7898265000.0,0.0,0.0,0.0
VIC,2021-11-04,15:11:03,HOSE,STOCK,95.3,101.9,88.7,95.2,95.5,94.0,95.0,94.63,95.2,95.5,94.0,95.0,94.63,1879100.0,177818110000.0,0.0,0.0,-0.3,-0.3,-0.3148
VIC,2021-11-03,15:11:01,HOSE,STOCK,95.8,102.5,89.1,95.8,95.8,93.9,95.3,94.81,95.8,95.8,93.9,95.3,94.81,3568200.0,338290960000.0,0.0,0.0,-0.5,-0.5,-0.5219
VIC,2021-11-02,15:11:03,HOSE,STOCK,95.8,102.5,89.1,95.7,96.0,94.9,95.8,95.42,95.7,96.0,94.9,95.8,95.42,1647800.0,157225370000.0,0.0,0.0,0.0,0.0,0.0
VIC,2021-11-01,15:11:03,HOSE,STOCK,95.8,102.5,89.1,95.8,96.0,94.9,95.8,95.41,95.8,96.0,94.9,95.8,95.41,2226600.0,212447800000.0,0.0,0.0,0.0,0.0,0.0
VIC,2021-10-29,15:10:03,HOSE,STOCK,95.0,101.6,88.4,94.2,96.5,94.2,95.8,95.61,94.2,96.5,94.2,95.8,95.61,2268000.0,216841800000.0,0.0,0.0,0.8,0.8,0.8421
VIC,2021-10-28,15:10:03,HOSE,STOCK,95.0,101.6,88.4,95.0,95.4,93.6,95.0,94.77,95.0,95.4,93.6,95.0,94.77,2086100.0,197697120000.0,0.0,0.0,0.0,0.0,0.0
VIC,2021-10-27,15:10:03,HOSE,STOCK,92.2,98.6,85.8,92.0,95.0,91.6,95.0,93.57,92.0,95.0,91.6,95.0,93.57,3908900.0,365765210000.0,300000.0,28114200000.0,2.8,2.8,3.0369
VIC,2021-10-26,15:10:02,HOSE,STOCK,92.1,98.5,85.7,91.8,92.2,90.9,92.2,91.77,91.8,92.2,90.9,92.2,91.77,1335900.0,122601120000.0,0.0,0.0,0.1,0.1,0.1086
VIC,2021-10-25,15:10:02,HOSE,STOCK,91.8,98.2,85.4,91.9,92.5,91.2,92.1,91.89,91.9,92.5,91.2,92.1,91.89,1341200.0,123245360000.0,0.0,0.0,0.3,0.3,0.3268
VIC,2021-10-22,15:10:02,HOSE,STOCK,91.0,97.3,84.7,91.0,91.8,90.8,91.8,91.33,91.0,91.8,90.8,91.8,91.33,1428000.0,130423070000.0,0.0,0.0,0.8,0.8,0.8791
VIC,2021-10-21,15:10:03,HOSE,STOCK,92.3,98.7,85.9,91.7,92.6,91.0,91.0,91.51,91.7,92.6,91.0,91.0,91.51,2847400.0,260569370000.0,0.0,0.0,-1.3,-1.3,-1.4085
VIC,2021-10-20,15:10:02,HOSE,STOCK,92.4,98.8,86.0,92.3,92.5,89.9,92.3,91.82,92.3,92.5,89.9,92.3,91.82,3128600.0,287279310000.0,0.0,0.0,-0.1,-0.1,-0.1082
VIC,2021-10-19,15:10:03,HOSE,STOCK,92.6,99.0,86.2,92.6,92.7,91.5,92.4,92.14,92.6,92.7,91.5,92.4,92.14,1686700.0,155415970000.0,0.0,0.0,-0.2,-0.2,-0.216
VIC,2021-10-18,15:10:02,HOSE,STOCK,92.6,99.0,86.2,92.3,92.9,91.1,92.6,92.29,92.3,92.9,91.1,92.6,92.29,2039400.0,188206920000.0,0.0,0.0,0.0,0.0,0.0
VIC,2021-10-15,15:10:03,HOSE,STOCK,92.5,98.9,86.1,92.5,93.0,92.0,92.6,92.74,92.5,93.0,92.0,92.6,92.74,1553700.0,144088970000.0,0.0,0.0,0.1,0.1,0.1081
VIC,2021-10-14,15:10:02,HOSE,STOCK,93.1,99.6,86.6,93.2,93.2,91.5,92.5,92.46,93.2,93.2,91.5,92.5,92.46,2677900.0,247586520000.0,0.0,0.0,-0.6,-0.6,-0.6445
VIC,2021-10-13,15:10:02,HOSE,STOCK,92.9,99.4,86.4,93.0,93.8,92.8,93.1,93.44,93.0,93.8,92.8,93.1,93.44,2581200.0,241175200000.0,0.0,0.0,0.2,0.2,0.2153
VIC,2021-10-12,15:10:02,HOSE,STOCK,91.9,98.3,85.5,92.0,93.0,92.0,92.9,92.59,92.0,93.0,92.0,92.9,92.59,2438700.0,225801370000.0,250000.0,23175750000.0,1.0,1.0,1.0881
VIC,2021-10-11,15:10:02,HOSE,STOCK,89.3,95.5,83.1,89.4,92.0,89.4,91.9,90.62,89.4,92.0,89.4,91.9,90.62,2694300.0,244161470000.0,0.0,0.0,2.6,2.6,2.9115
VIC,2021-10-08,15:10:03,HOSE,STOCK,88.8,95.0,82.6,89.0,89.5,88.8,89.3,89.21,89.0,89.5,88.8,89.3,89.21,1298500.0,115842150000.0,0.0,0.0,0.5,0.5,0.5631
VIC,2021-10-07,15:10:02,HOSE,STOCK,88.6,94.8,82.4,88.3,89.5,88.3,88.8,88.98,88.3,89.5,88.3,88.8,88.98,2290900.0,203846260000.0,0.0,0.0,0.2,0.2,0.2257
VIC,2021-10-06,15:10:03,HOSE,STOCK,88.6,94.8,82.4,88.8,89.0,88.1,88.6,88.61,88.8,89.0,88.1,88.6,88.61,1736800.0,153898390000.0,0.0,0.0,0.0,0.0,0.0
VIC,2021-10-05,15:10:02,HOSE,STOCK,87.8,93.9,81.7,87.8,88.8,87.1,88.6,88.27,87.8,88.8,87.1,88.6,88.27,2370600.0,209257900000.0,22499.0,2112656100.0,0.8,0.8,0.9112
VIC,2021-10-04,15:10:01,HOSE,STOCK,87.7,93.8,81.6,87.6,88.0,87.1,87.8,87.56,87.6,88.0,87.1,87.8,87.56,1565200.0,137055120000.0,0.0,0.0,0.1,0.1,0.114
VIC,2021-10-01,15:10:02,HOSE,STOCK,88.0,94.1,81.9,88.0,88.4,87.2,87.7,87.64,88.0,88.4,87.2,87.7,87.64,1734200.0,151983370000.0,2443045.0,200085385500.0,-0.3,-0.3,-0.3409
VIC,2021-09-30,15:09:01,HOSE,STOCK,86.7,92.7,80.7,86.5,89.4,86.5,88.0,88.05,86.5,89.4,86.5,88.0,88.05,3404700.0,299770680000.0,0.0,0.0,1.3,1.3,1.4994
VIC,2021-09-29,15:09:01,HOSE,STOCK,86.5,92.5,80.5,86.7,86.9,86.0,86.7,86.6,86.7,86.9,86.0,86.7,86.6,1911200.0,165519030000.0,100067.0,8664675500.0,0.2,0.2,0.2312
VIC,2021-09-28,15:09:02,HOSE,STOCK,86.1,92.1,80.1,85.3,87.0,85.2,86.5,86.17,85.3,87.0,85.2,86.5,86.17,2387300.0,205720490000.0,40077.0,3446622000.0,0.4,0.4,0.4646
VIC,2021-09-27,15:09:03,HOSE,STOCK,87.0,93.0,81.0,87.0,87.5,83.2,86.1,86.29,87.0,87.5,83.2,86.1,86.29,3000800.0,258928080000.0,1622447.0,141152889000.0,-0.9,-0.9,-1.0345
VIC,2021-09-24,15:09:03,HOSE,STOCK,87.1,93.1,81.1,87.1,87.5,86.3,87.0,87.06,87.1,87.5,86.3,87.0,87.06,3207900.0,279275050000.0,20037.0,1739211600.0,-0.1,-0.1,-0.1148
VIC,2021-09-23,15:09:03,HOSE,STOCK,86.1,92.1,80.1,86.5,87.4,86.4,87.1,86.85,86.5,87.4,86.4,87.1,86.85,2664100.0,231387090000.0,2720000.0,234360300000.0,1.0,1.0,1.1614
VIC,2021-09-22,15:09:02,HOSE,STOCK,85.6,91.5,79.7,85.6,86.9,85.4,86.1,85.85,85.6,86.9,85.4,86.1,85.85,2845500.0,244296640000.0,200000.0,17247000000.0,0.5,0.5,0.5841
VIC,2021-09-21,15:09:02,HOSE,STOCK,86.7,92.7,80.7,85.5,86.4,85.0,85.6,85.77,85.5,86.4,85.0,85.6,85.77,4524800.0,388110270000.0,0.0,0.0,-1.1,-1.1,-1.2687
VIC,2021-09-20,15:09:02,HOSE,STOCK,86.8,92.8,80.8,87.0,88.9,86.0,86.7,86.91,87.0,88.9,86.0,86.7,86.91,4014800.0,348932590000.0,0.0,0.0,-0.1,-0.1,-0.1152
VIC,2021-09-17,15:09:02,HOSE,STOCK,87.8,93.9,81.7,88.0,89.2,86.8,86.8,87.41,88.0,89.2,86.8,86.8,87.41,5567900.0,486699860000.0,1073300.0,93411825500.0,-1.0,-1.0,-1.139
VIC,2021-09-16,15:09:02,HOSE,STOCK,91.4,97.7,85.1,91.4,91.4,87.8,87.8,88.47,91.4,91.4,87.8,87.8,88.47,15130200.0,1338540580000.0,3750000.0,342750000000.0,-3.6,-3.6,-3.9387
VIC,2021-09-15,15:09:03,HOSE,STOCK,92.0,98.4,85.6,92.0,92.4,91.3,91.4,91.64,92.0,92.4,91.3,91.4,91.64,1037000.0,95027230000.0,5131400.0,472011049600.0,-0.6,-0.6,-0.6522
VIC,2021-09-14,15:09:01,HOSE,STOCK,92.0,98.4,85.6,92.3,92.9,91.9,92.0,92.46,92.3,92.9,91.9,92.0,92.46,1419300.0,131232950000.0,0.0,0.0,0.0,0.0,0.0
VIC,2021-09-13,15:09:02,HOSE,STOCK,91.3,97.6,85.0,91.8,93.4,91.6,92.0,92.43,91.8,93.4,91.6,92.0,92.43,1828100.0,168970270000.0,2000000.0,186000000000.0,0.7,0.7,0.7667
VIC,2021-09-10,15:09:03,HOSE,STOCK,91.3,97.6,85.0,91.8,92.0,91.3,91.3,91.44,91.8,92.0,91.3,91.3,91.44,1614600.0,147636510000.0,449300.0,41077701800.0,0.0,0.0,0.0
VIC,2021-09-09,15:09:02,HOSE,STOCK,92.0,98.4,85.6,92.2,92.4,91.3,91.3,91.52,92.2,92.4,91.3,91.3,91.52,2696600.0,246795870000.0,150000.0,13699500000.0,-0.7,-0.7,-0.7609
VIC,2021-09-08,15:09:03,HOSE,STOCK,93.9,100.4,87.4,94.0,94.3,92.0,92.0,92.82,94.0,94.3,92.0,92.0,92.82,2505700.0,232577810000.0,124000.0,11501000000.0,-1.9,-1.9,-2.0234
VIC,2021-09-07,15:09:05,HOSE,STOCK,95.0,101.6,88.4,95.5,95.5,93.9,93.9,94.38,95.5,95.5,93.9,93.9,94.38,2280200.0,215212680000.0,114000.0,10755900000.0,-1.1,-1.1,-1.1579
VIC,2021-09-06,15:09:02,HOSE,STOCK,94.1,100.6,87.6,94.4,95.8,94.2,95.0,95.01,94.4,95.8,94.2,95.0,95.01,1928800.0,183258430000.0,197000.0,18717364000.0,0.9,0.9,0.9564
VIC,2021-09-01,15:09:03,HOSE,STOCK,94.1,100.6,87.6,94.1,95.0,94.1,94.1,94.44,94.1,95.0,94.1,94.1,94.44,1303100.0,123064950000.0,0.0,0.0,0.0,0.0,0.0
VIC,2021-08-31,15:08:02,HOSE,STOCK,94.1,100.6,87.6,94.1,95.1,93.8,94.1,94.35,94.1,95.1,93.8,94.1,94.35,1529600.0,144318000000.0,695500.0,65446550000.0,0.0,0.0,0.0
VIC,2021-08-30,15:08:04,HOSE,STOCK,94.8,101.4,88.2,95.0,95.3,94.1,94.1,94.67,95.0,95.3,94.1,94.1,94.67,1414900.0,133942970000.0,387369.0,36702481200.0,-0.7,-0.7,-0.7384
VIC,2021-08-27,15:08:03,HOSE,STOCK,93.1,99.6,86.6,93.0,95.0,91.5,94.8,92.91,93.0,95.0,91.5,94.8,92.91,2485900.0,230967950000.0,0.0,0.0,1.7,1.7,1.826
VIC,2021-08-26,15:08:03,HOSE,STOCK,94.6,101.2,88.0,94.6,94.6,93.0,93.1,93.59,94.6,94.6,93.0,93.1,93.59,1766200.0,165306020000.0,0.0,0.0,-1.5,-1.5,-1.5856
VIC,2021-08-25,15:08:03,HOSE,STOCK,95.4,102.0,88.8,95.4,95.4,93.0,94.6,94.1,95.4,95.4,93.0,94.6,94.1,2057000.0,193562370000.0,0.0,0.0,-0.8,-0.8,-0.8386
VIC,2021-08-24,15:08:02,HOSE,STOCK,96.2,102.9,89.5,96.4,97.0,95.1,95.4,95.89,96.4,97.0,95.1,95.4,95.89,1417400.0,135917370000.0,600000.0,61650000000.0,-0.8,-0.8,-0.8316
VIC,2021-08-23,15:08:03,HOSE,STOCK,97.7,104.5,90.9,97.5,97.7,95.8,96.2,96.56,97.5,97.7,95.8,96.2,96.56,2161000.0,208668410000.0,53500.0,5162750000.0,-1.5,-1.5,-1.5353
VIC,2021-08-20,15:08:01,HOSE,STOCK,104.0,111.2,96.8,100.0,102.0,97.2,97.7,98.82,100.0,102.0,97.2,97.7,98.82,4953900.0,489554720000.0,50000.0,5200000000.0,-6.3,-6.3,-6.0577
VIC,2021-08-19,15:08:01,HOSE,STOCK,97.9,104.7,91.1,97.9,104.0,96.7,104.0,99.77,97.9,104.0,96.7,104.0,99.77,3521100.0,351297220000.0,0.0,0.0,6.1,6.1,6.2308
VIC,2021-08-18,15:08:01,HOSE,STOCK,98.9,105.8,92.0,99.0,100.2,97.9,97.9,98.97,99.0,100.2,97.9,97.9,98.97,2297700.0,227397470000.0,194900.0,19267482300.0,-1.0,-1.0,-1.0111
VIC,2021-08-17,15:08:02,HOSE,STOCK,98.4,105.1,91.5,100.0,103.4,98.9,98.9,100.52,100.0,103.4,98.9,98.9,100.52,4887500.0,491308590000.0,100000.0,10012000000.0,0.5,0.5,0.5081
VIC,2021-08-16,15:08:01,HOSE,STOCK,110.9,118.6,103.2,112.0,112.7,110.6,110.6,111.35,99.555,100.178,98.311,98.311,98.978,3085800.0,343611100000.0,0.0,0.0,-0.3,-0.2667,-0.2705
VIC,2021-08-13,15:08:01,HOSE,STOCK,111.1,118.8,103.4,111.5,112.2,110.5,110.9,111.33,99.111,99.733,98.222,98.578,98.96,2119300.0,235943700000.0,3722146.0,399736355200.0,-0.2,-0.1778,-0.18
VIC,2021-08-12,15:08:02,HOSE,STOCK,111.0,118.7,103.3,111.0,112.9,110.5,111.1,111.33,98.667,100.355,98.222,98.755,98.96,1833400.0,204117360000.0,0.0,0.0,0.1,0.0889,0.0901
VIC,2021-08-11,15:08:02,HOSE,STOCK,113.0,120.9,105.1,113.0,114.0,111.0,111.0,112.48,100.444,101.333,98.667,98.667,99.982,2382000.0,267934860000.0,0.0,0.0,-2.0,-1.7778,-1.7699
VIC,2021-08-10,15:08:03,HOSE,STOCK,113.1,121.0,105.2,115.0,115.0,113.0,113.0,113.89,102.222,102.222,100.444,100.444,101.235,2830600.0,322364520000.0,90000.0,10220490000.0,-0.1,-0.0889,-0.0884
VIC,2021-08-09,15:08:02,HOSE,STOCK,113.3,121.2,105.4,113.2,113.7,111.6,113.1,112.52,100.622,101.067,99.2,100.533,100.018,3219800.0,362290870000.0,0.0,0.0,-0.2,-0.1778,-0.1765
VIC,2021-08-06,15:08:04,HOSE,STOCK,114.0,121.9,106.1,115.0,115.9,113.3,113.3,114.33,102.222,103.022,100.711,100.711,101.627,3021900.0,345492460000.0,0.0,0.0,-0.7,-0.6222,-0.614
VIC,2021-08-05,15:08:05,HOSE,STOCK,114.0,121.9,106.1,113.7,115.0,112.9,114.0,114.21,101.067,102.222,100.355,101.333,101.52,2049200.0,234043450000.0,0.0,0.0,0.0,0.0,0.0
VIC,2021-08-04,15:08:03,HOSE,STOCK,114.5,122.5,106.5,115.5,116.4,114.0,114.0,115.14,102.667,103.467,101.333,101.333,102.347,2882400.0,331873510000.0,799200.0,87727060000.0,-0.5,-0.4444,-0.4367
VIC,2021-08-03,15:08:02,HOSE,STOCK,107.5,115.0,100.0,109.4,115.0,109.0,114.5,113.39,97.244,102.222,96.889,101.778,100.791,7293100.0,826962470000.0,0.0,0.0,7.0,6.2222,6.5116
VIC,2021-08-02,15:08:02,HOSE,STOCK,107.2,114.7,99.7,107.5,109.6,106.9,107.5,108.22,95.555,97.422,95.022,95.555,96.195,1682400.0,182073020000.0,0.0,0.0,0.3,0.2667,0.2799
VIC,2021-07-30,15:07:01,HOSE,STOCK,105.1,112.4,97.8,107.0,107.3,106.0,107.2,106.83,95.111,95.378,94.222,95.289,94.96,2339200.0,249899600000.0,318000.0,33964626000.0,2.1,1.8667,1.9981
VIC,2021-07-29,15:07:03,HOSE,STOCK,105.2,112.5,97.9,105.5,105.6,104.5,105.1,104.86,93.778,93.867,92.889,93.422,93.209,1076500.0,112885000000.0,0.0,0.0,-0.1,-0.0889,-0.0951
VIC,2021-07-28,15:07:03,HOSE,STOCK,104.3,111.6,97.0,104.3,105.5,104.0,105.2,104.96,92.711,93.778,92.444,93.511,93.298,1192400.0,125159420000.0,314200.0,33042843000.0,0.9,0.8,0.8629
VIC,2021-07-27,15:07:02,HOSE,STOCK,104.2,111.4,97.0,105.0,105.8,104.3,104.3,105.189,93.333,94.044,92.711,92.711,93.501,1442800.0,151766840000.0,0.0,0.0,0.1,0.0889,0.096
VIC,2021-07-26,15:07:03,HOSE,STOCK,104.0,111.2,96.8,104.8,105.4,103.1,104.2,104.478,93.155,93.689,91.644,92.622,92.869,1940200.0,202707830000.0,156100.0,16323377000.0,0.2,0.1778,0.1923
VIC,2021-07-23,15:07:02,HOSE,STOCK,106.2,113.6,98.8,106.2,108.8,104.0,104.0,106.32,94.4,96.711,92.444,92.444,94.507,3088800.0,328407450000.0,1908596.0,209799756000.0,-2.2,-1.9555,-2.0716
VIC,2021-07-22,15:07:02,HOSE,STOCK,104.0,111.2,96.8,104.0,106.8,103.7,106.2,105.98,92.444,94.933,92.178,94.4,94.204,2242200.0,237630420000.0,4399710.0,487499132400.0,2.2,1.9556,2.1154
VIC,2021-07-21,15:07:01,HOSE,STOCK,103.0,110.2,95.8,103.1,106.5,102.0,104.0,104.24,91.644,94.667,90.667,92.444,92.658,2765100.0,288244220000.0,11455812.0,1254411414000.0,1.0,0.8889,0.9709
VIC,2021-07-20,15:07:02,HOSE,STOCK,102.9,110.1,95.7,102.6,103.3,100.0,103.0,101.565,91.2,91.822,88.889,91.555,90.28,2130300.0,216364520000.0,243300.0,25022431800.0,0.1,0.0889,0.0972
VIC,2021-07-19,15:07:02,HOSE,STOCK,105.8,113.2,98.4,103.1,105.0,100.5,102.9,102.45,91.644,93.333,89.333,91.467,91.067,1851300.0,189662860000.0,375300.0,40298500000.0,-2.9,-2.5778,-2.741
VIC,2021-07-16,15:07:02,HOSE,STOCK,102.0,109.1,94.9,102.1,106.1,102.1,105.8,105.11,90.755,94.311,90.755,94.044,93.431,2158200.0,226841330000.0,173000.0,18281948000.0,3.8,3.3778,3.7255
VIC,2021-07-15,15:07:01,HOSE,STOCK,103.0,110.2,95.8,103.0,103.7,101.2,102.0,102.23,91.555,92.178,89.955,90.667,90.871,2584200.0,264195260000.0,0.0,0.0,-1.0,-0.8889,-0.9709
VIC,2021-07-14,15:07:02,HOSE,STOCK,103.0,110.2,95.8,103.0,106.4,102.0,103.0,103.61,91.555,94.578,90.667,91.555,92.098,2585100.0,267840170000.0,0.0,0.0,0.0,0.0,0.0
VIC,2021-07-13,15:07:02,HOSE,STOCK,104.0,111.2,96.8,104.1,105.1,99.0,103.0,102.17,92.533,93.422,88.0,91.555,90.818,2355200.0,240629250000.0,28400.0,2899611600.0,-1.0,-0.8889,-0.9615
VIC,2021-07-12,15:07:01,HOSE,STOCK,108.6,116.2,101.0,108.5,110.0,101.7,104.0,105.15,96.444,97.778,90.4,92.444,93.467,2863900.0,301150230000.0,0.0,0.0,-4.6,-4.0889,-4.2357
VIC,2021-07-09,15:07:02,HOSE,STOCK,111.0,118.7,103.3,110.8,111.0,107.5,108.6,109.14,98.489,98.667,95.555,96.533,97.013,1787900.0,195125330000.0,0.0,0.0,-2.4,-2.1333,-2.1622
VIC,2021-07-08,15:07:02,HOSE,STOCK,114.0,121.9,106.1,113.0,113.0,110.5,111.0,111.32,100.444,100.444,98.222,98.667,98.951,1480900.0,164859160000.0,0.0,0.0,-3.0,-2.6667,-2.6316
VIC,2021-07-07,15:07:01,HOSE,STOCK,112.0,119.8,104.2,112.0,114.0,110.0,114.0,112.13,99.555,101.333,97.778,101.333,99.671,2507000.0,281118720000.0,0.0,0.0,2.0,1.7778,1.7857
VIC,2021-07-06,15:07:02,HOSE,STOCK,115.0,123.0,107.0,115.0,116.0,112.0,112.0,114.08,102.222,103.111,99.555,99.555,101.404,3006500.0,342982320000.0,388100.0,44359830000.0,-3.0,-2.6667,-2.6087
VIC,2021-07-05,15:07:01,HOSE,STOCK,117.5,125.7,109.3,117.5,117.5,114.9,115.0,115.95,104.444,104.444,102.133,102.222,103.067,2765200.0,320631610000.0,250000.0,29150000000.0,-2.5,-2.2222,-2.1277
VIC,2021-07-02,15:07:02,HOSE,STOCK,118.6,126.9,110.3,118.1,118.9,117.5,117.5,117.98,104.978,105.689,104.444,104.444,104.871,1789100.0,211073590000.0,0.0,0.0,-1.1,-0.9778,-0.9275
VIC,2021-07-01,15:07:01,HOSE,STOCK,119.0,127.3,110.7,119.7,119.9,118.5,118.6,119.08,106.4,106.578,105.333,105.422,105.849,2194700.0,261347620000.0,0.0,0.0,-0.4,-0.3556,-0.3361
VIC,2021-06-30,15:06:02,HOSE,STOCK,118.0,126.2,109.8,118.0,121.5,118.0,119.0,120.2,104.889,108.0,104.889,105.778,106.844,2685900.0,322837250000.0,106000.0,12741296000.0,1.0,0.8889,0.8475
VIC,2021-06-29,15:06:01,HOSE,STOCK,116.7,124.8,108.6,116.9,119.3,116.9,118.0,118.06,103.911,106.044,103.911,104.889,104.942,2339900.0,276256960000.0,135000.0,15949595000.0,1.3,1.1556,1.114
VIC,2021-06-28,15:06:02,HOSE,STOCK,117.5,125.7,109.3,117.5,117.6,116.7,116.7,116.96,104.444,104.533,103.733,103.733,103.964,1711000.0,200121330000.0,363100.0,42468902200.0,-0.8,-0.7111,-0.6809
VIC,2021-06-25,15:06:02,HOSE,STOCK,117.5,125.7,109.3,117.2,118.0,116.7,117.5,117.22,104.178,104.889,103.733,104.444,104.195,1763300.0,206700510000.0,200000.0,23600000000.0,0.0,0.0,0.0
VIC,2021-06-24,15:06:02,HOSE,STOCK,116.9,125.0,108.8,117.9,118.2,116.8,117.5,117.46,104.8,105.067,103.822,104.444,104.409,1374300.0,161418570000.0,0.0,0.0,0.6,0.5333,0.5133
VIC,2021-06-23,15:06:02,HOSE,STOCK,117.5,125.7,109.3,118.0,118.1,116.5,116.9,117.13,104.889,104.978,103.555,103.911,104.115,1281200.0,150070410000.0,0.0,0.0,-0.6,-0.5333,-0.5106
VIC,2021-06-22,15:06:01,HOSE,STOCK,117.4,125.6,109.2,118.0,118.7,117.1,117.5,117.89,104.889,105.511,104.089,104.444,104.791,2161600.0,254838780000.0,200000.0,21840000000.0,0.1,0.0889,0.0852
VIC,2021-06-21,15:06:02,HOSE,STOCK,117.4,125.6,109.2,117.5,118.9,117.3,117.4,117.81,104.444,105.689,104.267,104.355,104.72,1497200.0,176382360000.0,0.0,0.0,0.0,0.0,0.0
VIC,2021-06-18,15:06:02,HOSE,STOCK,117.0,125.1,108.9,118.0,118.3,117.0,117.4,117.6,104.889,105.155,104.0,104.355,104.533,1788400.0,210317540000.0,50700.0,6142370000.0,0.4,0.3556,0.3419
VIC,2021-06-17,15:06:01,HOSE,STOCK,119.1,127.4,110.8,118.0,118.9,117.0,117.0,117.56,104.889,105.689,104.0,104.0,104.498,2848500.0,334859020000.0,200000.0,25480000000.0,-2.1,-1.8667,-1.7632
VIC,2021-06-16,15:06:03,HOSE,STOCK,121.7,130.2,113.2,121.7,121.7,119.0,119.1,119.95,108.178,108.178,105.778,105.867,106.622,1180600.0,141615110000.0,0.0,0.0,-2.6,-2.3111,-2.1364
VIC,2021-06-15,15:06:02,HOSE,STOCK,120.0,128.4,111.6,120.0,122.0,119.5,121.7,121.05,106.667,108.444,106.222,108.178,107.6,1348000.0,163176500000.0,1537600.0,186443883200.0,1.7,1.5111,1.4167
VIC,2021-06-14,15:06:03,HOSE,STOCK,118.0,126.2,109.8,118.2,120.5,118.1,120.0,119.36,105.067,107.111,104.978,106.667,106.098,1933100.0,230740960000.0,320700.0,36166236000.0,2.0,1.7778,1.6949
VIC,2021-06-11,15:06:02,HOSE,STOCK,116.5,124.6,108.4,117.0,118.0,116.3,118.0,117.12,104.0,104.889,103.378,104.889,104.107,1729000.0,202504680000.0,0.0,0.0,1.5,1.3333,1.2876
VIC,2021-06-10,15:06:03,HOSE,STOCK,118.8,127.1,110.5,118.5,119.2,116.5,116.5,117.71,105.333,105.955,103.555,103.555,104.631,2929000.0,344776390000.0,20000.0,2500000000.0,-2.3,-2.0444,-1.936
VIC,2021-06-09,15:06:02,HOSE,STOCK,119.8,128.1,111.5,120.0,121.0,117.0,118.8,119.27,106.667,107.555,104.0,105.6,106.018,1813300.0,216270760000.0,200000.0,23853800000.0,-1.0,-0.8889,-0.8347
VIC,2021-06-08,15:06:01,HOSE,STOCK,123.0,131.6,114.4,124.9,125.7,119.0,119.8,123.52,111.022,111.733,105.778,106.489,109.795,2699600.0,333467940000.0,300000.0,36693000000.0,-3.2,-2.8444,-2.6016
VIC,2021-06-07,15:06:03,HOSE,STOCK,121.0,129.4,112.6,122.8,126.5,122.0,123.0,124.13,109.155,112.444,108.444,109.333,110.338,3681800.0,457005040000.0,0.0,0.0,2.0,1.7778,1.6529
VIC,2021-06-04,15:06:02,HOSE,STOCK,121.0,129.4,112.6,118.5,121.0,118.5,121.0,120.09,105.333,107.555,105.333,107.555,106.747,3689200.0,443019400000.0,0.0,0.0,0.0,0.0,0.0
VIC,2021-06-03,15:06:01,HOSE,STOCK,117.5,125.7,109.3,118.0,118.8,117.0,118.5,117.76,104.889,105.6,104.0,105.333,104.675,2488900.0,293091060000.0,122400.0,14462498000.0,1.0,0.8889,0.8511
VIC,2021-06-02,15:06:04,HOSE,STOCK,120.0,128.4,111.6,120.2,121.9,117.0,117.5,119.83,106.844,108.355,104.0,104.444,106.515,3130600.0,375139920000.0,0.0,0.0,-2.5,-2.2222,-2.0833
VIC,2021-06-01,15:06:03,HOSE,STOCK,117.5,125.7,109.3,116.2,121.0,116.0,120.0,117.91,103.289,107.555,103.111,106.667,104.809,2155400.0,254142560000.0,0.0,0.0,2.5,2.2222,2.1277
VIC,2021-05-31,15:05:01,HOSE,STOCK,119.8,128.1,111.5,119.8,120.0,116.0,117.5,117.32,106.489,106.667,103.111,104.444,104.284,1846800.0,216660470000.0,295000.0,34314990000.0,-2.3,-2.0444,-1.9199
VIC,2021-05-28,15:05:02,HOSE,STOCK,120.3,128.7,111.9,120.1,123.0,119.0,119.8,121.49,106.755,109.333,105.778,106.489,107.991,1847400.0,224443590000.0,0.0,0.0,-0.5,-0.4444,-0.4156
VIC,2021-05-27,15:05:02,HOSE,STOCK,121.7,130.2,113.2,120.9,121.0,119.0,120.3,120.05,107.467,107.555,105.778,106.933,106.711,2081300.0,249865400000.0,405000.0,48721500000.0,-1.4,-1.2444,-1.1504
VIC,2021-05-26,15:05:02,HOSE,STOCK,122.3,130.8,113.8,122.0,122.2,120.5,121.7,121.38,108.444,108.622,107.111,108.178,107.893,1677500.0,203621180000.0,0.0,0.0,-0.6,-0.5333,-0.4906
VIC,2021-05-25,15:05:03,HOSE,STOCK,122.1,130.6,113.6,122.4,122.4,121.2,122.3,121.66,108.8,108.8,107.733,108.711,108.142,1514900.0,184301980000.0,0.0,0.0,0.2,0.1778,0.1638
VIC,2021-05-24,15:05:02,HOSE,STOCK,122.5,131.0,114.0,122.5,123.6,121.0,122.1,122.42,108.889,109.867,107.555,108.533,108.818,1985800.0,243098170000.0,0.0,0.0,-0.4,-0.3556,-0.3265
VIC,2021-05-21,15:05:02,HOSE,STOCK,122.9,131.5,114.3,123.0,123.0,120.5,122.5,121.5,109.333,109.333,107.111,108.889,108.0,1622400.0,197117690000.0,38750.0,4650000000.0,-0.4,-0.3556,-0.3255
VIC,2021-05-20,15:05:02,HOSE,STOCK,120.1,128.5,111.7,120.1,123.2,120.0,122.9,121.68,106.755,109.511,106.667,109.244,108.16,2084900.0,253682500000.0,0.0,0.0,2.8,2.4889,2.3314
VIC,2021-05-19,15:05:03,HOSE,STOCK,121.0,129.4,112.6,120.0,121.0,118.1,120.1,119.23,106.667,107.555,104.978,106.755,105.982,2178400.0,259729150000.0,0.0,0.0,-0.9,-0.8,-0.7438
VIC,2021-05-18,15:05:03,HOSE,STOCK,124.0,132.6,115.4,124.0,126.0,121.0,121.0,123.36,110.222,112.0,107.555,107.555,109.653,2452700.0,302555640000.0,0.0,0.0,-3.0,-2.6667,-2.4194
VIC,2021-05-17,15:05:03,HOSE,STOCK,125.3,134.0,116.6,126.0,130.0,124.0,124.0,126.34,112.0,115.555,110.222,110.222,112.302,2417900.0,305474510000.0,0.0,0.0,-1.3,-1.1556,-1.0375
VIC,2021-05-14,15:05:02,HOSE,STOCK,126.5,135.3,117.7,126.5,127.0,123.2,125.3,125.37,112.444,112.889,109.511,111.378,111.44,2609800.0,327186010000.0,1040000.0,127812000000.0,-1.2,-1.0667,-0.9486
VIC,2021-05-13,15:05:02,HOSE,STOCK,129.8,138.8,120.8,128.0,130.0,126.5,126.5,127.39,113.778,115.555,112.444,112.444,113.235,1723500.0,219564900000.0,0.0,0.0,-3.3,-2.9333,-2.5424
VIC,2021-05-12,15:05:02,HOSE,STOCK,131.0,140.1,121.9,130.0,132.0,128.0,129.8,129.13,115.555,117.333,113.778,115.378,114.782,1390400.0,179539270000.0,50000.0,6550000000.0,-1.2,-1.0667,-0.916
VIC,2021-05-11,15:05:02,HOSE,STOCK,132.5,141.7,123.3,132.5,133.4,130.5,131.0,132.25,117.778,118.578,116.0,116.444,117.555,1164200.0,153967550000.0,0.0,0.0,-1.5,-1.3333,-1.1321
VIC,2021-05-10,15:05:02,HOSE,STOCK,132.0,141.2,122.8,132.0,132.5,129.1,132.5,130.95,117.333,117.778,114.755,117.778,116.4,1099300.0,143948930000.0,0.0,0.0,0.5,0.4444,0.3788
VIC,2021-05-07,15:05:03,HOSE,STOCK,132.5,141.7,123.3,132.0,132.0,128.5,132.0,130.49,117.333,117.333,114.222,117.333,115.991,1769100.0,230853500000.0,0.0,0.0,-0.5,-0.4444,-0.3774
VIC,2021-05-06,15:05:02,HOSE,STOCK,133.7,143.0,124.4,133.7,134.0,131.0,132.5,133.0,118.844,119.111,116.444,117.778,118.222,1064200.0,141542520000.0,0.0,0.0,-1.2,-1.0667,-0.8975
VIC,2021-05-05,15:05:02,HOSE,STOCK,133.6,142.9,124.3,133.6,135.8,133.6,133.7,134.62,118.755,120.711,118.755,118.844,119.662,1268600.0,170778150000.0,0.0,0.0,0.1,0.0889,0.0749
VIC,2021-05-04,15:05:02,HOSE,STOCK,131.0,140.1,121.9,130.6,134.9,126.9,133.6,130.16,116.089,119.911,112.8,118.755,115.698,1732600.0,225517010000.0,0.0,0.0,2.6,2.3111,1.9847
VIC,2021-04-29,15:04:05,HOSE,STOCK,131.5,140.7,122.3,131.5,133.0,130.7,131.0,131.46,116.889,118.222,116.178,116.444,116.853,2181100.0,286737840000.0,0.0,0.0,-0.5,-0.4444,-0.3802
VIC,2021-04-28,15:04:02,HOSE,STOCK,132.1,141.3,122.9,132.1,133.2,129.8,131.5,131.64,117.422,118.4,115.378,116.889,117.013,1613300.0,212375910000.0,38000.0,4980926000.0,-0.6,-0.5333,-0.4542
VIC,2021-04-27,15:04:02,HOSE,STOCK,131.5,140.7,122.3,131.5,133.0,131.5,132.1,132.01,116.889,118.222,116.889,117.422,117.342,1631700.0,215395580000.0,1000000.0,127000000000.0,0.6,0.5333,0.4563
VIC,2021-04-26,15:04:04,HOSE,STOCK,138.3,147.9,128.7,139.0,139.5,131.0,131.5,134.86,123.555,124.0,116.444,116.889,119.875,2434500.0,328307880000.0,149429.0,20172915000.0,-6.8,-6.0445,-4.9168
VIC,2021-04-23,15:04:04,HOSE,STOCK,138.8,148.5,129.1,138.8,139.5,133.0,138.3,136.61,123.378,124.0,118.222,122.933,121.431,4410000.0,602457360000.0,200000.0,27256600000.0,-0.5,-0.4444,-0.3602
VIC,2021-04-22,15:04:01,HOSE,STOCK,143.1,153.1,133.1,142.0,142.9,137.5,138.8,140.62,126.222,127.022,122.222,123.378,124.995,3319500.0,466803700000.0,0.0,0.0,-4.3,-3.8222,-3.0049
VIC,2021-04-20,15:04:03,HOSE,STOCK,144.0,154.0,134.0,144.0,145.9,143.0,143.1,144.29,128.0,129.689,127.111,127.2,128.258,3108200.0,448467180000.0,0.0,0.0,-0.9,-0.8,-0.625
VIC,2021-04-19,15:04:03,HOSE,STOCK,143.0,153.0,133.0,142.1,144.2,141.1,144.0,143.13,126.311,128.178,125.422,128.0,127.227,2820300.0,403673960000.0,61100.0,8537300000.0,1.0,0.8889,0.6993
VIC,2021-04-16,15:04:02,HOSE,STOCK,140.9,150.7,131.1,140.9,144.1,140.0,143.0,142.1,125.244,128.089,124.444,127.111,126.311,2988000.0,424602820000.0,72400.0,10301215600.0,2.1,1.8667,1.4904
VIC,2021-04-15,15:04:02,HOSE,STOCK,140.0,149.8,130.2,139.9,145.0,139.9,140.9,142.68,124.355,128.889,124.355,125.244,126.827,3419000.0,487829860000.0,200000.0,28458400000.0,0.9,0.8,0.6429
VIC,2021-04-14,15:04:03,HOSE,STOCK,140.7,150.5,130.9,140.0,141.8,138.1,140.0,140.12,124.444,126.044,122.755,124.444,124.551,4102600.0,574856730000.0,0.0,0.0,-0.7,-0.6222,-0.4975
VIC,2021-04-13,15:04:04,HOSE,STOCK,132.0,141.2,122.8,139.0,141.2,136.0,140.7,140.61,123.555,125.511,120.889,125.067,124.987,5053200.0,710529830000.0,3527360.0,481737536000.0,8.7,7.7334,6.5909
VIC,2021-04-12,15:04:03,HOSE,STOCK,124.9,133.6,116.2,124.9,132.8,123.4,132.0,128.74,111.022,118.044,109.689,117.333,114.435,3481900.0,448271640000.0,1000000.0,126050000000.0,7.1,6.3111,5.6845
VIC,2021-04-09,15:04:03,HOSE,STOCK,125.4,134.1,116.7,124.8,125.4,123.1,124.9,124.28,110.933,111.467,109.422,111.022,110.471,1755500.0,218175860000.0,1064700.0,132348850700.0,-0.5,-0.4444,-0.3987
VIC,2021-04-08,15:04:03,HOSE,STOCK,127.7,136.6,118.8,128.4,128.4,124.0,125.4,126.39,114.133,114.133,110.222,111.467,112.347,1509200.0,190748830000.0,598900.0,75697009000.0,-2.3,-2.0445,-1.8011
VIC,2021-04-07,15:04:03,HOSE,STOCK,127.0,135.8,118.2,127.0,128.0,125.7,127.7,127.14,112.889,113.778,111.733,113.511,113.013,1698500.0,215951440000.0,500000.0,63571000000.0,0.7,0.6222,0.5512
VIC,2021-04-06,15:04:03,HOSE,STOCK,124.3,133.0,115.6,124.3,129.5,124.0,127.0,126.93,110.489,115.111,110.222,112.889,112.827,1979400.0,251239400000.0,1268000.0,152325902000.0,2.7,2.4,2.1722
VIC,2021-04-05,15:04:03,HOSE,STOCK,123.0,131.6,114.4,126.0,126.2,123.2,124.3,125.39,112.0,112.178,109.511,110.489,111.458,2249000.0,281995770000.0,138000.0,17325000000.0,1.3,1.1556,1.0569
VIC,2021-04-02,15:04:02,HOSE,STOCK,123.0,131.6,114.4,123.9,123.9,121.5,123.0,122.46,110.133,110.133,108.0,109.333,108.853,2255500.0,276211530000.0,48300.0,5940900000.0,0.0,0.0,0.0
VIC,2021-04-01,15:04:03,HOSE,STOCK,117.9,126.1,109.7,118.5,124.4,117.0,123.0,119.42,105.333,110.578,104.0,109.333,106.151,2230900.0,266410500000.0,1850000.0,212197700000.0,5.1,4.5333,4.3257
VIC,2021-03-31,15:03:01,HOSE,STOCK,117.0,125.1,108.9,117.5,119.5,117.0,117.9,118.5,104.444,106.222,104.0,104.8,105.333,2823600.0,334582650000.0,6000000.0,690000000000.0,0.9,0.8,0.7692
VIC,2021-03-30,15:03:03,HOSE,STOCK,112.8,120.6,105.0,112.8,118.6,112.0,117.0,115.94,100.267,105.422,99.555,104.0,103.058,5179600.0,600503140000.0,1495000.0,167710000000.0,4.2,3.7333,3.7234
VIC,2021-03-29,15:03:03,HOSE,STOCK,112.4,120.2,104.6,112.5,113.5,112.3,112.8,112.9,100.0,100.889,99.822,100.267,100.355,3140900.0,354609030000.0,1800000.0,198884100000.0,0.4,0.3556,0.3559
VIC,2021-03-26,15:03:01,HOSE,STOCK,110.4,118.1,102.7,110.0,113.5,110.0,112.4,112.22,97.778,100.889,97.778,99.911,99.751,2927800.0,328551790000.0,0.0,0.0,2.0,1.7778,1.8116
VIC,2021-03-25,15:03:03,HOSE,STOCK,107.9,115.4,100.4,107.3,112.4,107.1,110.4,110.56,95.378,99.911,95.2,98.133,98.275,4322000.0,477850410000.0,7450000.0,812050000000.0,2.5,2.2222,2.317
VIC,2021-03-24,15:03:02,HOSE,STOCK,106.5,113.9,99.1,105.5,108.0,103.8,107.9,105.01,93.778,96.0,92.267,95.911,93.342,1104100.0,115938320000.0,85100.0,8936095700.0,1.4,1.2444,1.3146
VIC,2021-03-23,15:03:02,HOSE,STOCK,107.3,114.8,99.8,106.0,107.0,105.1,106.5,106.19,94.222,95.111,93.422,94.667,94.391,1034700.0,109871610000.0,0.0,0.0,-0.8,-0.7111,-0.7456
VIC,2021-03-22,15:03:02,HOSE,STOCK,108.4,115.9,100.9,108.4,108.4,104.5,107.3,107.37,96.355,96.355,92.889,95.378,95.44,973900.0,104571940000.0,0.0,0.0,-1.1,-0.9778,-1.0148
VIC,2021-03-19,15:03:02,HOSE,STOCK,106.6,114.0,99.2,105.6,108.4,105.6,108.4,107.28,93.867,96.355,93.867,96.355,95.36,1625700.0,174411960000.0,618600.0,66556899600.0,1.8,1.6,1.6886
VIC,2021-03-18,15:03:02,HOSE,STOCK,104.7,112.0,97.4,105.5,106.6,105.2,106.6,105.86,93.778,94.755,93.511,94.755,94.098,1473900.0,156030180000.0,0.0,0.0,1.9,1.6889,1.8147
VIC,2021-03-17,15:03:03,HOSE,STOCK,105.4,112.7,98.1,104.2,105.3,104.0,104.7,104.47,92.622,93.6,92.444,93.067,92.862,1260400.0,131674730000.0,0.0,0.0,-0.7,-0.6222,-0.6641
VIC,2021-03-16,15:03:02,HOSE,STOCK,106.0,113.4,98.6,106.0,106.0,104.9,105.4,105.39,94.222,94.222,93.244,93.689,93.68,1360600.0,143392350000.0,0.0,0.0,-0.6,-0.5333,-0.566
VIC,2021-03-15,15:03:03,HOSE,STOCK,105.9,113.3,98.5,105.9,106.2,105.4,106.0,105.79,94.133,94.4,93.689,94.222,94.035,2632400.0,278476320000.0,0.0,0.0,0.1,0.0889,0.0944
VIC,2021-03-12,15:03:03,HOSE,STOCK,105.9,113.3,98.5,105.9,106.5,105.0,105.9,105.76,94.133,94.667,93.333,94.133,94.009,1122300.0,118694200000.0,0.0,0.0,0.0,0.0,0.0
VIC,2021-03-11,15:03:03,HOSE,STOCK,106.0,113.4,98.6,106.0,108.0,105.6,105.9,106.77,94.222,96.0,93.867,94.133,94.907,1108700.0,118371180000.0,0.0,0.0,-0.1,-0.0889,-0.0943
VIC,2021-03-10,15:03:03,HOSE,STOCK,104.3,111.6,97.0,104.5,106.0,102.1,106.0,104.85,92.889,94.222,90.755,94.222,93.2,576300.0,60425500000.0,0.0,0.0,1.7,1.5111,1.6299
VIC,2021-03-09,15:03:03,HOSE,STOCK,106.0,113.4,98.6,105.0,106.3,100.0,104.3,104.05,93.333,94.489,88.889,92.711,92.489,1587600.0,165195940000.0,100000.0,10405400000.0,-1.7,-1.5111,-1.6038
VIC,2021-03-08,15:03:02,HOSE,STOCK,106.3,113.7,98.9,106.5,107.0,105.0,106.0,105.75,94.667,95.111,93.333,94.222,94.0,1390100.0,146997560000.0,0.0,0.0,-0.3,-0.2667,-0.2822
VIC,2021-03-05,15:03:03,HOSE,STOCK,106.9,114.3,99.5,106.9,107.5,105.8,106.3,106.71,95.022,95.555,94.044,94.489,94.853,1294800.0,138162260000.0,0.0,0.0,-0.6,-0.5333,-0.5613
VIC,2021-03-04,15:03:03,HOSE,STOCK,106.9,114.3,99.5,107.6,107.9,106.6,106.9,107.37,95.644,95.911,94.755,95.022,95.44,1671400.0,179454740000.0,0.0,0.0,0.0,0.0,0.0
VIC,2021-03-03,15:03:03,HOSE,STOCK,108.2,115.7,100.7,106.6,108.2,106.5,106.9,107.02,94.755,96.178,94.667,95.022,95.129,1075300.0,115076670000.0,0.0,0.0,-1.3,-1.1556,-1.2015
VIC,2021-03-02,15:03:03,HOSE,STOCK,108.5,116.0,101.0,108.5,109.1,106.2,108.2,107.5,96.444,96.978,94.4,96.178,95.555,926300.0,99580820000.0,50800.0,5511800000.0,-0.3,-0.2667,-0.2765
VIC,2021-03-01,15:03:01,HOSE,STOCK,109.0,116.6,101.4,109.9,109.9,107.7,108.5,108.57,97.689,97.689,95.733,96.444,96.507,777700.0,84431450000.0,0.0,0.0,-0.5,-0.4444,-0.4587
VIC,2021-02-26,15:02:03,HOSE,STOCK,108.9,116.5,101.3,106.2,109.9,106.2,109.0,107.13,94.4,97.689,94.4,96.889,95.227,926800.0,99289480000.0,0.0,0.0,0.1,0.0889,0.0918
VIC,2021-02-25,15:02:03,HOSE,STOCK,108.2,115.7,100.7,109.5,109.9,106.1,108.9,108.74,97.333,97.689,94.311,96.8,96.658,1013500.0,110208350000.0,23416.0,2528928000.0,0.7,0.6222,0.647
VIC,2021-02-24,15:02:03,HOSE,STOCK,110.0,117.7,102.3,111.4,111.4,106.0,108.2,108.41,99.022,99.022,94.222,96.178,96.364,950100.0,102998550000.0,0.0,0.0,-1.8,-1.6,-1.6364
VIC,2021-02-23,15:02:02,HOSE,STOCK,109.7,117.3,102.1,108.2,111.7,107.5,110.0,109.04,96.178,99.289,95.555,97.778,96.924,1393900.0,151991230000.0,0.0,0.0,0.3,0.2667,0.2735
VIC,2021-02-22,15:02:02,HOSE,STOCK,109.0,116.6,101.4,109.2,110.7,106.0,109.7,109.83,97.067,98.4,94.222,97.511,97.627,1481000.0,162660970000.0,0.0,0.0,0.7,0.6222,0.6422
VIC,2021-02-19,15:02:03,HOSE,STOCK,110.0,117.7,102.3,107.6,109.5,107.0,109.0,108.57,95.644,97.333,95.111,96.889,96.507,1433200.0,155597240000.0,0.0,0.0,-1.0,-0.8889,-0.9091
VIC,2021-02-18,15:02:03,HOSE,STOCK,108.0,115.5,100.5,107.5,110.0,106.1,110.0,107.49,95.555,97.778,94.311,97.778,95.547,1434400.0,154186500000.0,20060.0,2142408000.0,2.0,1.7778,1.8519
VIC,2021-02-17,15:02:03,HOSE,STOCK,106.2,113.6,98.8,106.3,108.0,106.2,108.0,107.13,94.489,96.0,94.4,96.0,95.227,1253600.0,134295670000.0,0.0,0.0,1.8,1.6,1.6949
VIC,2021-02-09,15:02:03,HOSE,STOCK,101.0,108.0,94.0,104.0,106.5,101.5,106.2,104.01,92.444,94.667,90.222,94.4,92.453,1758000.0,182849120000.0,0.0,0.0,5.2,4.6222,5.1485
VIC,2021-02-08,15:02:02,HOSE,STOCK,107.5,115.0,100.0,107.8,107.8,101.0,101.0,103.05,95.822,95.822,89.778,89.778,91.6,3422500.0,352696450000.0,0.0,0.0,-6.5,-5.7778,-6.0465
VIC,2021-02-05,15:02:03,HOSE,STOCK,105.0,112.3,97.7,105.0,107.5,105.0,107.5,106.41,93.333,95.555,93.333,95.555,94.587,922900.0,98202320000.0,171000.0,18035423200.0,2.5,2.2222,2.381
VIC,2021-02-04,15:02:02,HOSE,STOCK,107.5,115.0,100.0,107.4,107.5,102.0,105.0,105.85,95.467,95.555,90.667,93.333,94.089,1022400.0,108225220000.0,0.0,0.0,-2.5,-2.2222,-2.3256
VIC,2021-02-03,15:02:02,HOSE,STOCK,105.9,113.3,98.5,105.0,108.0,105.0,107.5,107.15,93.333,96.0,93.333,95.555,95.244,1698900.0,182036840000.0,3680600.0,393785040000.0,1.6,1.4222,1.5109
VIC,2021-02-02,15:02:02,HOSE,STOCK,99.0,105.9,92.1,99.0,105.9,99.0,105.9,103.99,88.0,94.133,88.0,94.133,92.435,1771200.0,184179510000.0,113800.0,12028660000.0,6.9,6.1333,6.9697
VIC,2021-02-01,15:02:02,HOSE,STOCK,99.4,106.3,92.5,99.4,103.0,98.8,99.0,101.15,88.355,91.555,87.822,88.0,89.911,1340000.0,135537080000.0,378300.0,37922700000.0,-0.4,-0.3556,-0.4024
VIC,2021-01-29,15:01:03,HOSE,STOCK,93.0,99.5,86.5,92.5,99.5,92.5,99.4,97.05,82.222,88.444,82.222,88.355,86.267,1692900.0,164288820000.0,0.0,0.0,6.4,5.6889,6.8817
VIC,2021-01-28,15:01:02,HOSE,STOCK,100.0,107.0,93.0,94.3,96.0,93.0,93.0,94.2,83.822,85.333,82.667,82.667,83.733,1742900.0,164188960000.0,0.0,0.0,-7.0,-6.2222,-7.0
VIC,2021-01-27,15:01:03,HOSE,STOCK,101.5,108.6,94.4,101.5,103.0,99.5,100.0,101.37,90.222,91.555,88.444,88.889,90.107,1488900.0,150928610000.0,83900.0,8504859100.0,-1.5,-1.3333,-1.4778
VIC,2021-01-26,15:01:02,HOSE,STOCK,104.8,112.1,97.5,104.8,105.0,99.6,101.5,102.45,93.155,93.333,88.533,90.222,91.067,1028600.0,105379570000.0,0.0,0.0,-3.3,-2.9333,-3.1489
VIC,2021-01-25,15:01:03,HOSE,STOCK,105.0,112.3,97.7,105.0,105.8,104.1,104.8,104.67,93.333,94.044,92.533,93.155,93.04,827300.0,86590960000.0,0.0,0.0,-0.2,-0.1778,-0.1905
VIC,2021-01-22,15:01:03,HOSE,STOCK,105.1,112.4,97.8,105.1,106.5,105.0,105.0,105.74,93.422,94.667,93.333,93.333,93.991,1094200.0,115697180000.0,0.0,0.0,-0.1,-0.0889,-0.0951
VIC,2021-01-21,15:01:03,HOSE,STOCK,103.3,110.5,96.1,105.0,105.2,103.0,105.1,104.02,93.333,93.511,91.555,93.422,92.462,1564600.0,162756730000.0,0.0,0.0,1.8,1.6,1.7425
VIC,2021-01-20,15:01:03,HOSE,STOCK,102.7,109.8,95.6,103.0,105.0,102.5,103.3,103.38,91.555,93.333,91.111,91.822,91.893,1875500.0,193890730000.0,100000.0,10450000000.0,0.6,0.5333,0.5842
VIC,2021-01-19,15:01:02,HOSE,STOCK,110.3,118.0,102.6,110.3,110.3,102.6,102.7,105.28,98.044,98.044,91.2,91.289,93.582,1367600.0,143978320000.0,823660.0,90849698000.0,-7.6,-6.7556,-6.8903
VIC,2021-01-18,15:01:03,HOSE,STOCK,111.2,118.9,103.5,112.0,112.1,110.1,110.3,110.6,99.555,99.644,97.867,98.044,98.311,826900.0,91451780000.0,20000.0,2070000000.0,-0.9,-0.8,-0.8094
VIC,2021-01-15,15:01:03,HOSE,STOCK,110.4,118.1,102.7,111.4,112.2,109.8,111.2,110.49,99.022,99.733,97.6,98.844,98.213,1238000.0,136785740000.0,40000.0,4416000000.0,0.8,0.7111,0.7246
VIC,2021-01-14,15:01:03,HOSE,STOCK,111.1,118.8,103.4,111.5,112.3,110.0,110.4,111.24,99.111,99.822,97.778,98.133,98.88,1439100.0,160085510000.0,5796600.0,627689670400.0,-0.7,-0.6222,-0.6301
VIC,2021-01-13,15:01:02,HOSE,STOCK,114.4,122.4,106.4,114.4,114.6,111.1,111.1,113.23,101.689,101.867,98.755,98.755,100.649,1237900.0,140165510000.0,188300.0,21313814400.0,-3.3,-2.9333,-2.8846
VIC,2021-01-12,15:01:03,HOSE,STOCK,113.8,121.7,105.9,116.0,116.0,113.7,114.4,114.84,103.111,103.111,101.067,101.689,102.08,981100.0,112666020000.0,400000.0,45888800000.0,0.6,0.5333,0.5272
VIC,2021-01-11,15:01:02,HOSE,STOCK,111.8,119.6,104.0,112.8,114.6,112.8,113.8,113.71,100.267,101.867,100.267,101.155,101.075,1536700.0,174733050000.0,3785000.0,417429600000.0,2.0,1.7778,1.7889
VIC,2021-01-08,15:01:03,HOSE,STOCK,110.1,117.8,102.4,110.1,112.7,110.1,111.8,111.87,97.867,100.178,97.867,99.378,99.44,1348700.0,150874120000.0,228800.0,25610940800.0,1.7,1.5111,1.5441
VIC,2021-01-07,15:01:03,HOSE,STOCK,110.2,117.9,102.5,110.4,111.0,109.0,110.1,110.33,98.133,98.667,96.889,97.867,98.071,862300.0,95136800000.0,520600.0,57338535200.0,-0.1,-0.0889,-0.0907
VIC,2021-01-06,15:01:01,HOSE,STOCK,109.7,117.3,102.1,110.0,110.5,108.9,110.2,109.98,97.778,98.222,96.8,97.955,97.76,1283000.0,141108560000.0,132800.0,14608000000.0,0.5,0.4444,0.4558
VIC,2021-01-05,15:01:03,HOSE,STOCK,108.0,115.5,100.5,107.2,109.9,107.2,109.7,108.63,95.289,97.689,95.289,97.511,96.56,1192200.0,129510230000.0,0.0,0.0,1.7,1.5111,1.5741
VIC,2021-01-04,15:01:01,HOSE,STOCK,108.2,115.7,100.7,108.5,109.0,106.5,108.0,108.52,96.444,96.889,94.667,96.0,96.462,991100.0,107556640000.0,0.0,0.0,-0.2,-0.1778,-0.1848
VIC,2020-12-31,15:12:03,HOSE,STOCK,108.5,116.0,101.0,108.5,109.3,105.5,108.2,108.6,96.444,97.155,93.778,96.178,96.533,656040.0,71247272000.0,0.0,0.0,-0.3,-0.2667,-0.2765
VIC,2020-12-30,15:12:02,HOSE,STOCK,106.5,113.9,99.1,106.7,109.6,106.7,108.5,108.74,94.844,97.422,94.844,96.444,96.658,1528950.0,166254087000.0,0.0,0.0,2.0,1.7778,1.8779
VIC,2020-12-29,15:12:03,HOSE,STOCK,105.9,113.3,98.5,106.1,106.6,105.8,106.5,106.25,94.311,94.755,94.044,94.667,94.444,612360.0,65064325000.0,0.0,0.0,0.6,0.5333,0.5666
VIC,2020-12-28,15:12:02,HOSE,STOCK,105.9,113.3,98.5,105.9,106.6,105.4,105.9,105.96,94.133,94.755,93.689,94.133,94.187,711710.0,75410057000.0,0.0,0.0,0.0,0.0,0.0
VIC,2020-12-25,15:12:01,HOSE,STOCK,105.7,113.0,98.4,105.7,106.4,105.0,105.9,105.83,93.955,94.578,93.333,94.133,94.071,370300.0,39187387000.0,0.0,0.0,0.2,0.1778,0.1892
VIC,2020-12-24,15:12:03,HOSE,STOCK,105.7,113.0,98.4,107.0,107.0,104.0,105.7,105.92,95.111,95.111,92.444,93.955,94.151,831440.0,88061971000.0,0.0,0.0,0.0,0.0,0.0
VIC,2020-12-23,15:12:01,HOSE,STOCK,105.7,113.0,98.4,105.7,107.0,105.4,105.7,106.4,93.955,95.111,93.689,93.955,94.578,701430.0,74633460000.0,0.0,0.0,0.0,0.0,0.0
VIC,2020-12-22,15:12:02,HOSE,STOCK,106.4,113.8,99.0,106.0,107.5,105.3,105.7,106.21,94.222,95.555,93.6,93.955,94.409,518320.0,55050080000.0,0.0,0.0,-0.7,-0.6222,-0.6579
VIC,2020-12-21,15:12:02,HOSE,STOCK,104.7,112.0,97.4,105.5,106.4,104.9,106.4,105.84,93.778,94.578,93.244,94.578,94.08,587100.0,62141253000.0,0.0,0.0,1.7,1.5111,1.6237
VIC,2020-12-18,15:12:04,HOSE,STOCK,104.7,112.0,97.4,104.7,106.1,104.5,104.7,105.07,93.067,94.311,92.889,93.067,93.395,1350780.0,141931177000.0,0.0,0.0,0.0,0.0,0.0
VIC,2020-12-17,15:12:02,HOSE,STOCK,107.0,114.4,99.6,107.0,107.0,104.6,104.7,105.14,95.111,95.111,92.978,93.067,93.458,1352580.0,142208386000.0,0.0,0.0,-2.3,-2.0445,-2.1495
VIC,2020-12-16,15:12:02,HOSE,STOCK,107.0,114.4,99.6,106.8,107.1,105.9,107.0,106.47,94.933,95.2,94.133,95.111,94.64,756200.0,80516208000.0,0.0,0.0,0.0,0.0,0.0
VIC,2020-12-15,15:12:02,HOSE,STOCK,108.9,116.5,101.3,108.9,108.9,106.7,107.0,107.63,96.8,96.8,94.844,95.111,95.671,1205700.0,129769000000.0,0.0,0.0,-1.9,-1.6889,-1.7447
VIC,2020-12-14,15:12:02,HOSE,STOCK,106.8,114.2,99.4,106.7,108.9,105.5,108.9,107.33,94.844,96.8,93.778,96.8,95.404,1122380.0,120460824000.0,0.0,0.0,2.1,1.8667,1.9663
VIC,2020-12-11,15:12:03,HOSE,STOCK,104.9,112.2,97.6,104.9,106.8,104.9,106.8,105.93,93.244,94.933,93.244,94.933,94.16,569360.0,60309530000.0,0.0,0.0,1.9,1.6889,1.8112
VIC,2020-12-10,15:12:02,HOSE,STOCK,106.0,113.4,98.6,106.0,107.0,104.9,104.9,105.67,94.222,95.111,93.244,93.244,93.929,979550.0,103506706000.0,0.0,0.0,-1.1,-0.9778,-1.0377
VIC,2020-12-09,15:12:02,HOSE,STOCK,105.0,112.3,97.7,105.0,106.0,104.4,106.0,104.91,93.333,94.222,92.8,94.222,93.253,789790.0,82853015000.0,0.0,0.0,1.0,0.8889,0.9524
VIC,2020-12-08,15:12:02,HOSE,STOCK,105.8,113.2,98.4,105.8,105.8,104.8,105.0,105.17,94.044,94.044,93.155,93.333,93.484,747280.0,78589153000.0,0.0,0.0,-0.8,-0.7111,-0.7561
VIC,2020-12-07,15:12:02,HOSE,STOCK,105.8,113.2,98.4,106.0,106.0,105.1,105.8,105.82,94.222,94.222,93.422,94.044,94.062,678660.0,71815020000.0,0.0,0.0,0.0,0.0,0.0
VIC,2020-12-04,15:12:02,HOSE,STOCK,105.8,113.2,98.4,105.8,106.5,104.5,105.8,105.76,94.044,94.667,92.889,94.044,94.009,797060.0,84295504000.0,0.0,0.0,0.0,0.0,0.0
VIC,2020-12-03,15:12:02,HOSE,STOCK,105.0,112.3,97.7,105.0,105.8,104.3,105.8,105.07,93.333,94.044,92.711,94.044,93.395,731750.0,76881832000.0,0.0,0.0,0.8,0.7111,0.7619
VIC,2020-12-02,15:12:02,HOSE,STOCK,105.0,112.3,97.7,104.9,105.5,104.2,105.0,104.94,93.244,93.778,92.622,93.333,93.28,497910.0,52250703000.0,0.0,0.0,0.0,0.0,0.0
VIC,2020-12-01,15:12:02,HOSE,STOCK,103.9,111.1,96.7,103.0,105.0,102.8,105.0,103.58,91.555,93.333,91.378,93.333,92.071,953230.0,98736135000.0,0.0,0.0,1.1,0.9778,1.0587
VIC,2020-11-30,15:11:02,HOSE,STOCK,105.2,112.5,97.9,105.2,105.5,103.8,103.9,104.07,93.511,93.778,92.267,92.355,92.507,1596840.0,166184441000.0,0.0,0.0,-1.3,-1.1555,-1.2357
VIC,2020-11-27,15:11:03,HOSE,STOCK,106.1,113.5,98.7,106.0,106.1,104.8,105.2,105.38,94.222,94.311,93.155,93.511,93.671,720830.0,75958050000.0,0.0,0.0,-0.9,-0.8,-0.8483
VIC,2020-11-26,15:11:02,HOSE,STOCK,105.6,112.9,98.3,105.0,106.2,104.5,106.1,105.47,93.333,94.4,92.889,94.311,93.751,545450.0,57526959000.0,0.0,0.0,0.5,0.4444,0.4735
VIC,2020-11-25,15:11:02,HOSE,STOCK,104.0,111.2,96.8,104.1,106.2,104.1,105.6,105.39,92.533,94.4,92.533,93.867,93.68,1222490.0,128837059000.0,0.0,0.0,1.6,1.4222,1.5385
VIC,2020-11-24,15:11:02,HOSE,STOCK,103.8,111.0,96.6,103.9,105.0,103.1,104.0,103.7,92.355,93.333,91.644,92.444,92.178,812220.0,84223554000.0,0.0,0.0,0.2,0.1778,0.1927
VIC,2020-11-23,15:11:02,HOSE,STOCK,103.8,111.0,96.6,104.0,105.1,103.1,103.8,103.76,92.444,93.422,91.644,92.267,92.231,735650.0,76332910000.0,0.0,0.0,0.0,0.0,0.0
VIC,2020-11-20,15:11:02,HOSE,STOCK,104.0,111.2,96.8,104.5,104.5,103.4,103.8,103.73,92.889,92.889,91.911,92.267,92.204,533840.0,55375765000.0,0.0,0.0,-0.2,-0.1778,-0.1923
VIC,2020-11-19,15:11:03,HOSE,STOCK,104.9,112.2,97.6,104.8,104.8,103.0,104.0,103.68,93.155,93.155,91.555,92.444,92.16,1192700.0,123655550000.0,0.0,0.0,-0.9,-0.8,-0.858
VIC,2020-11-18,15:11:02,HOSE,STOCK,106.0,113.4,98.6,106.0,106.0,103.0,104.9,103.84,94.222,94.222,91.555,93.244,92.302,751270.0,78011867000.0,0.0,0.0,-1.1,-0.9778,-1.0377
VIC,2020-11-17,15:11:02,HOSE,STOCK,102.0,109.1,94.9,103.0,106.0,102.2,106.0,103.23,91.555,94.222,90.844,94.222,91.76,862320.0,89017575000.0,0.0,0.0,4.0,3.5555,3.9216
VIC,2020-11-16,15:11:02,HOSE,STOCK,107.4,114.9,99.9,107.4,108.5,100.0,102.0,105.35,95.467,96.444,88.889,90.667,93.644,1781800.0,187715394000.0,0.0,0.0,-5.4,-4.8,-5.0279
VIC,2020-11-13,15:11:02,HOSE,STOCK,106.8,114.2,99.4,106.8,108.0,106.1,107.4,107.3,94.933,96.0,94.311,95.467,95.378,535350.0,57444385000.0,0.0,0.0,0.6,0.5333,0.5618
VIC,2020-11-12,15:11:02,HOSE,STOCK,105.8,113.2,98.4,105.8,106.8,105.0,106.8,106.43,94.044,94.933,93.333,94.933,94.604,682660.0,72656450000.0,0.0,0.0,1.0,0.8889,0.9452
VIC,2020-11-11,15:11:02,HOSE,STOCK,105.6,112.9,98.3,105.6,106.0,103.0,105.8,104.71,93.867,94.222,91.555,94.044,93.075,1032780.0,108142729000.0,0.0,0.0,0.2,0.1778,0.1894
VIC,2020-11-10,15:11:02,HOSE,STOCK,106.1,113.5,98.7,106.5,107.2,105.6,105.6,106.42,94.667,95.289,93.867,93.867,94.595,781980.0,83218656000.0,0.0,0.0,-0.5,-0.4444,-0.4713
VIC,2020-11-09,15:11:02,HOSE,STOCK,105.1,112.4,97.8,105.1,106.2,104.7,106.1,105.77,93.422,94.4,93.067,94.311,94.018,803680.0,85008015000.0,0.0,0.0,1.0,0.8889,0.9515
VIC,2020-11-06,15:11:02,HOSE,STOCK,104.5,111.8,97.2,106.0,106.0,104.5,105.1,105.31,94.222,94.222,92.889,93.422,93.609,592830.0,62428608000.0,0.0,0.0,0.6,0.5333,0.5742
VIC,2020-11-05,15:11:02,HOSE,STOCK,103.5,110.7,96.3,104.2,106.9,104.0,104.5,105.65,92.622,95.022,92.444,92.889,93.911,789860.0,83446377000.0,0.0,0.0,1.0,0.8889,0.9662
VIC,2020-11-04,15:11:02,HOSE,STOCK,104.4,111.7,97.1,104.3,104.4,103.0,103.5,103.75,92.711,92.8,91.555,92.0,92.222,495340.0,51390522000.0,0.0,0.0,-0.9,-0.8,-0.8621
VIC,2020-11-03,15:11:02,HOSE,STOCK,106.5,113.9,99.1,107.0,107.0,104.4,104.4,105.48,95.111,95.111,92.8,92.8,93.76,751070.0,79220907000.0,0.0,0.0,-2.1,-1.8667,-1.9718
VIC,2020-11-02,15:11:01,HOSE,STOCK,106.5,113.9,99.1,106.5,107.0,105.0,106.5,106.22,94.667,95.111,93.333,94.667,94.418,691110.0,73413147000.0,0.0,0.0,0.0,0.0,0.0
VIC,2020-10-30,15:10:03,HOSE,STOCK,100.7,107.7,93.7,101.5,106.5,100.7,106.5,103.74,90.222,94.667,89.511,94.667,92.213,972400.0,100879490000.0,0.0,0.0,5.8,5.1556,5.7597
VIC,2020-10-29,15:10:01,HOSE,STOCK,100.2,107.2,93.2,100.2,103.0,100.0,100.7,101.84,89.067,91.555,88.889,89.511,90.524,1327780.0,135224494000.0,0.0,0.0,0.5,0.4444,0.499
VIC,2020-10-28,15:10:02,HOSE,STOCK,105.7,113.0,98.4,105.7,107.0,98.8,100.2,104.85,93.955,95.111,87.822,89.067,93.2,1184890.0,124232996000.0,0.0,0.0,-5.5,-4.8889,-5.2034
VIC,2020-10-27,15:10:03,HOSE,STOCK,105.1,112.4,97.8,107.0,107.1,104.0,105.7,106.48,95.111,95.2,92.444,93.955,94.649,804020.0,85614279000.0,0.0,0.0,0.6,0.5333,0.5709
VIC,2020-10-26,15:10:02,HOSE,STOCK,104.0,111.2,96.8,109.0,109.5,104.9,105.1,108.17,96.889,97.333,93.244,93.422,96.151,974720.0,105431927000.0,0.0,0.0,1.1,0.9778,1.0577
VIC,2020-10-23,15:10:03,HOSE,STOCK,100.1,107.1,93.1,100.2,104.9,100.0,104.0,102.96,89.067,93.244,88.889,92.444,91.52,1761080.0,181314228000.0,0.0,0.0,3.9,3.4667,3.8961
VIC,2020-10-22,15:10:02,HOSE,STOCK,97.3,104.1,90.5,97.0,100.1,96.8,100.1,98.52,86.222,88.978,86.044,88.978,87.573,621610.0,61238303000.0,0.0,0.0,2.8,2.4889,2.8777
VIC,2020-10-21,15:10:02,HOSE,STOCK,97.8,104.6,91.0,97.8,97.9,96.7,97.3,97.35,86.933,87.022,85.955,86.489,86.533,172010.0,16745618000.0,0.0,0.0,-0.5,-0.4444,-0.5112
VIC,2020-10-20,15:10:02,HOSE,STOCK,97.7,104.5,90.9,97.4,97.9,95.8,97.8,96.451,86.578,87.022,85.155,86.933,85.734,511250.0,49310820000.0,0.0,0.0,0.1,0.0889,0.1024
VIC,2020-10-19,15:10:03,HOSE,STOCK,97.6,104.4,90.8,97.8,97.9,97.4,97.7,97.66,86.933,87.022,86.578,86.844,86.809,370590.0,36191467000.0,0.0,0.0,0.1,0.0889,0.1025
VIC,2020-10-16,15:10:02,HOSE,STOCK,97.5,104.3,90.7,98.1,98.1,96.9,97.6,97.53,87.2,87.2,86.133,86.755,86.693,596590.0,58184537000.0,0.0,0.0,0.1,0.0889,0.1026
VIC,2020-10-15,15:10:01,HOSE,STOCK,95.0,101.6,88.4,95.1,97.5,91.0,97.5,96.4,84.533,86.667,80.889,86.667,85.689,1358580.0,130973722000.0,0.0,0.0,2.5,2.2222,2.6316
VIC,2020-10-14,15:10:03,HOSE,STOCK,94.1,100.6,87.6,94.1,95.0,94.0,95.0,94.54,83.644,84.444,83.555,84.444,84.035,389260.0,36800812000.0,0.0,0.0,0.9,0.8,0.9564
VIC,2020-10-13,15:10:02,HOSE,STOCK,93.9,100.4,87.4,93.9,94.1,93.4,94.1,93.998,83.467,83.644,83.022,83.644,83.554,271990.0,25566420000.0,0.0,0.0,0.2,0.1778,0.213
VIC,2020-10-12,15:10:02,HOSE,STOCK,93.6,100.1,87.1,93.6,94.0,92.5,93.9,93.51,83.2,83.555,82.222,83.467,83.12,326290.0,30512344000.0,0.0,0.0,0.3,0.2667,0.3205
VIC,2020-10-09,15:10:02,HOSE,STOCK,92.3,98.7,85.9,92.3,93.7,92.3,93.6,93.18,82.044,83.289,82.044,83.2,82.827,309580.0,28845231000.0,0.0,0.0,1.3,1.1556,1.4085
VIC,2020-10-08,15:10:02,HOSE,STOCK,92.5,98.9,86.1,92.0,92.9,91.5,92.3,92.07,81.778,82.578,81.333,82.044,81.84,216990.0,19977261000.0,0.0,0.0,-0.2,-0.1778,-0.2162
VIC,2020-10-07,15:10:02,HOSE,STOCK,91.8,98.2,85.4,91.5,93.5,91.0,92.5,91.98,81.333,83.111,80.889,82.222,81.76,381520.0,35092030000.0,0.0,0.0,0.7,0.6222,0.7625
VIC,2020-10-06,15:10:02,HOSE,STOCK,93.3,99.8,86.8,93.3,93.3,91.8,91.8,92.17,82.933,82.933,81.6,81.6,81.929,521190.0,48036027000.0,0.0,0.0,-1.5,-1.3333,-1.6077
VIC,2020-10-05,15:10:03,HOSE,STOCK,94.0,100.5,87.5,94.0,94.0,92.0,93.3,93.27,83.555,83.555,81.778,82.933,82.907,90450.0,8435951000.0,0.0,0.0,-0.7,-0.6222,-0.7447
VIC,2020-10-02,15:10:02,HOSE,STOCK,92.5,98.9,86.1,92.5,94.0,92.0,94.0,93.29,82.222,83.555,81.778,83.555,82.924,400770.0,37389526000.0,0.0,0.0,1.5,1.3333,1.6216
VIC,2020-10-01,15:10:02,HOSE,STOCK,91.5,97.9,85.1,91.9,93.4,91.9,92.5,92.78,81.689,83.022,81.689,82.222,82.471,212510.0,19717188000.0,0.0,0.0,1.0,0.8889,1.0929
VIC,2020-09-30,15:09:02,HOSE,STOCK,91.5,97.9,85.1,91.5,93.4,91.5,91.5,91.8,81.333,83.022,81.333,81.333,81.6,417360.0,38312490000.0,0.0,0.0,0.0,0.0,0.0
VIC,2020-09-29,15:09:03,HOSE,STOCK,92.8,99.2,86.4,94.0,94.0,91.5,91.5,92.49,83.555,83.555,81.333,81.333,82.213,394490.0,36485161000.0,0.0,0.0,-1.3,-1.1556,-1.4009
VIC,2020-09-28,15:09:02,HOSE,STOCK,92.8,99.2,86.4,93.0,94.2,92.8,92.8,93.32,82.667,83.733,82.489,82.489,82.951,202840.0,18928666000.0,0.0,0.0,0.0,0.0,0.0
VIC,2020-09-25,15:09:02,HOSE,STOCK,93.0,99.5,86.5,94.5,94.8,92.8,92.8,93.93,84.0,84.267,82.489,82.489,83.493,412210.0,38719445000.0,0.0,0.0,-0.2,-0.1778,-0.2151
VIC,2020-09-24,15:09:03,HOSE,STOCK,94.5,101.1,87.9,93.8,95.5,93.0,93.0,94.01,83.378,84.889,82.667,82.667,83.564,388940.0,36564876000.0,0.0,0.0,-1.5,-1.3333,-1.5873
VIC,2020-09-23,15:09:03,HOSE,STOCK,94.6,101.2,88.0,95.0,95.7,94.5,94.5,94.86,84.444,85.067,84.0,84.0,84.32,111830.0,10608497000.0,0.0,0.0,-0.1,-0.0889,-0.1057
VIC,2020-09-22,15:09:05,HOSE,STOCK,96.0,102.7,89.3,96.0,96.2,94.6,94.6,95.63,85.333,85.511,84.089,84.089,85.004,505230.0,48315773000.0,0.0,0.0,-1.4,-1.2444,-1.4583
VIC,2020-09-21,15:09:03,HOSE,STOCK,94.0,100.5,87.5,94.0,96.0,94.0,96.0,95.4,83.555,85.333,83.555,85.333,84.8,571860.0,54554552000.0,0.0,0.0,2.0,1.7778,2.1277
VIC,2020-09-18,15:09:02,HOSE,STOCK,94.0,100.5,87.5,95.0,95.4,93.5,94.0,94.17,84.444,84.8,83.111,83.555,83.707,1089310.0,102584913000.0,0.0,0.0,0.0,0.0,0.0
VIC,2020-09-17,15:09:03,HOSE,STOCK,95.5,102.1,88.9,93.1,95.5,93.0,94.0,94.24,82.755,84.889,82.667,83.555,83.769,833870.0,78581832000.0,0.0,0.0,-1.5,-1.3333,-1.5707
VIC,2020-09-16,15:09:03,HOSE,STOCK,95.0,101.6,88.4,94.9,95.5,93.1,95.5,94.93,84.355,84.889,82.755,84.889,84.382,544300.0,51669203000.0,0.0,0.0,0.5,0.4444,0.5263
VIC,2020-09-15,15:09:03,HOSE,STOCK,93.1,99.6,86.6,93.2,95.0,93.2,95.0,94.49,82.844,84.444,82.844,84.444,83.991,983560.0,92938827000.0,0.0,0.0,1.9,1.6889,2.0408
VIC,2020-09-14,15:09:02,HOSE,STOCK,91.1,97.4,84.8,91.3,93.6,91.2,93.1,92.66,81.155,83.2,81.067,82.755,82.364,608930.0,56421978000.0,0.0,0.0,2.0,1.7778,2.1954
VIC,2020-09-11,15:09:05,HOSE,STOCK,90.5,96.8,84.2,90.0,92.3,89.9,91.1,90.81,80.0,82.044,79.911,80.978,80.72,411350.0,37355635000.0,0.0,0.0,0.6,0.5333,0.663
VIC,2020-09-10,15:09:03,HOSE,STOCK,90.5,96.8,84.2,91.0,92.5,90.5,90.5,91.19,80.889,82.222,80.444,80.444,81.058,421160.0,38404768000.0,0.0,0.0,0.0,0.0,0.0
VIC,2020-09-09,15:09:01,HOSE,STOCK,90.5,96.8,84.2,90.4,92.4,89.4,90.5,90.21,80.355,82.133,79.467,80.444,80.187,865880.0,78114773000.0,0.0,0.0,0.0,0.0,0.0
VIC,2020-09-08,15:09:05,HOSE,STOCK,91.5,97.9,85.1,91.6,92.5,90.5,90.5,91.01,81.422,82.222,80.444,80.444,80.898,622290.0,56631809000.0,0.0,0.0,-1.0,-0.8889,-1.0929
VIC,2020-09-07,15:09:02,HOSE,STOCK,94.0,100.5,87.5,94.0,95.3,91.5,91.5,93.59,83.555,84.711,81.333,81.333,83.191,465400.0,43558965000.0,0.0,0.0,-2.5,-2.2222,-2.6596
VIC,2020-09-04,15:09:03,HOSE,STOCK,94.5,101.1,87.9,94.5,95.5,93.3,94.0,94.28,84.0,84.889,82.933,83.555,83.804,825960.0,77869407000.0,0.0,0.0,-0.5,-0.4444,-0.5291
VIC,2020-09-03,15:09:02,HOSE,STOCK,92.7,99.1,86.3,93.5,95.6,92.7,94.5,94.86,83.111,84.978,82.4,84.0,84.32,1037080.0,98375600000.0,0.0,0.0,1.8,1.6,1.9417
VIC,2020-09-01,15:09:02,HOSE,STOCK,90.0,96.3,83.7,90.2,94.0,89.9,92.7,91.98,80.178,83.555,79.911,82.4,81.76,675310.0,62113756000.0,0.0,0.0,2.7,2.4,3.0
VIC,2020-08-31,15:08:04,HOSE,STOCK,89.9,96.1,83.7,90.0,91.5,90.0,90.0,90.44,80.0,81.333,80.0,80.0,80.391,276580.0,25013230000.0,0.0,0.0,0.1,0.0889,0.1112
VIC,2020-08-28,15:08:03,HOSE,STOCK,91.0,97.3,84.7,91.3,92.3,89.9,89.9,91.71,81.155,82.044,79.911,79.911,81.52,636020.0,58331591000.0,0.0,0.0,-1.1,-0.9778,-1.2088
VIC,2020-08-27,15:08:04,HOSE,STOCK,91.0,97.3,84.7,90.1,91.0,90.1,91.0,90.76,80.089,80.889,80.089,80.889,80.675,437950.0,39750290000.0,0.0,0.0,0.0,0.0,0.0
VIC,2020-08-26,15:08:04,HOSE,STOCK,91.0,97.3,84.7,90.8,91.2,90.0,91.0,90.78,80.711,81.067,80.0,80.889,80.693,547280.0,49683947000.0,0.0,0.0,0.0,0.0,0.0
VIC,2020-08-25,15:08:03,HOSE,STOCK,89.0,95.2,82.8,89.0,91.9,89.0,91.0,90.45,79.111,81.689,79.111,80.889,80.4,1074660.0,97198301000.0,0.0,0.0,2.0,1.7778,2.2472
VIC,2020-08-24,15:08:03,HOSE,STOCK,86.1,92.1,80.1,86.5,89.0,86.5,89.0,88.04,76.889,79.111,76.889,79.111,78.258,1052840.0,92695796000.0,0.0,0.0,2.9,2.5778,3.3682
VIC,2020-08-21,15:08:03,HOSE,STOCK,86.0,92.0,80.0,86.0,86.9,85.9,86.1,86.14,76.444,77.244,76.355,76.533,76.569,376790.0,32457796000.0,0.0,0.0,0.1,0.0889,0.1163
VIC,2020-08-20,15:08:03,HOSE,STOCK,86.5,92.5,80.5,86.6,87.2,86.0,86.0,86.27,76.978,77.511,76.444,76.444,76.684,990220.0,85427013000.0,0.0,0.0,-0.5,-0.4444,-0.578
VIC,2020-08-19,15:08:02,HOSE,STOCK,86.5,92.5,80.5,86.5,87.6,86.5,86.5,87.0,76.889,77.867,76.889,76.889,77.333,347140.0,30199778000.0,0.0,0.0,0.0,0.0,0.0
VIC,2020-08-18,15:08:03,HOSE,STOCK,87.7,93.8,81.6,87.3,87.7,86.2,86.5,86.72,77.6,77.955,76.622,76.889,77.084,772670.0,67003785000.0,0.0,0.0,-1.2,-1.0667,-1.3683
VIC,2020-08-17,15:08:02,HOSE,STOCK,87.4,93.5,81.3,87.0,88.5,86.8,87.7,87.39,77.333,78.667,77.155,77.955,77.68,376200.0,32876331000.0,0.0,0.0,0.3,0.2667,0.3432
VIC,2020-08-14,15:08:02,HOSE,STOCK,88.0,94.1,81.9,88.0,89.0,87.4,87.4,88.09,78.222,79.111,77.689,77.689,78.302,654070.0,57617612000.0,0.0,0.0,-0.6,-0.5333,-0.6818
VIC,2020-08-13,15:08:02,HOSE,STOCK,87.4,93.5,81.3,88.5,89.0,87.5,88.0,88.24,78.667,79.111,77.778,78.222,78.435,458680.0,40476003000.0,0.0,0.0,0.6,0.5333,0.6865
VIC,2020-08-12,15:08:03,HOSE,STOCK,87.5,93.6,81.4,87.5,88.5,87.4,87.4,87.56,77.778,78.667,77.689,77.689,77.831,302330.0,26471897000.0,0.0,0.0,-0.1,-0.0889,-0.1143
VIC,2020-08-11,15:08:03,HOSE,STOCK,88.2,94.3,82.1,89.2,89.2,87.5,87.5,88.17,79.289,79.289,77.778,77.778,78.373,215330.0,18985641000.0,0.0,0.0,-0.7,-0.6222,-0.7937
VIC,2020-08-10,15:08:02,HOSE,STOCK,87.5,93.6,81.4,88.0,89.9,87.4,88.2,88.87,78.222,79.911,77.689,78.4,78.995,542550.0,48217911000.0,0.0,0.0,0.7,0.6222,0.8
VIC,2020-08-07,15:08:02,HOSE,STOCK,87.5,93.6,81.4,87.6,88.2,87.3,87.5,87.59,77.867,78.4,77.6,77.778,77.858,182500.0,15985073000.0,0.0,0.0,0.0,0.0,0.0
VIC,2020-08-06,15:08:02,HOSE,STOCK,87.0,93.0,81.0,88.0,88.2,87.1,87.5,87.9,78.222,78.4,77.422,77.778,78.133,332340.0,29211289000.0,0.0,0.0,0.5,0.4444,0.5747
VIC,2020-08-05,15:08:01,HOSE,STOCK,88.0,94.1,81.9,88.0,88.5,84.8,87.0,87.44,78.222,78.667,75.378,77.333,77.724,434490.0,37992346000.0,0.0,0.0,-1.0,-0.8889,-1.1364
VIC,2020-08-04,15:08:03,HOSE,STOCK,87.6,93.7,81.5,88.7,88.7,87.4,88.0,87.84,78.844,78.844,77.689,78.222,78.08,229230.0,20136125000.0,0.0,0.0,0.4,0.3556,0.4566
VIC,2020-08-03,15:08:03,HOSE,STOCK,87.5,93.6,81.4,85.0,88.1,85.0,87.6,87.2,75.555,78.311,75.555,77.867,77.511,164310.0,14327977000.0,0.0,0.0,0.1,0.0889,0.1143
VIC,2020-07-31,15:07:04,HOSE,STOCK,85.1,91.0,79.2,84.0,90.0,83.8,87.5,86.84,74.667,80.0,74.489,77.778,77.191,939040.0,81550130000.0,0.0,0.0,2.4,2.1333,2.8202
VIC,2020-07-30,15:07:02,HOSE,STOCK,83.5,89.3,77.7,83.5,85.5,83.5,85.1,84.72,74.222,76.0,74.222,75.644,75.307,242030.0,20504831000.0,0.0,0.0,1.6,1.4222,1.9162
VIC,2020-07-29,15:07:02,HOSE,STOCK,85.2,91.1,79.3,84.0,85.0,83.0,83.5,83.96,74.667,75.555,73.778,74.222,74.631,379370.0,31853575000.0,0.0,0.0,-1.7,-1.5111,-1.9953
VIC,2020-07-28,15:07:03,HOSE,STOCK,85.0,90.9,79.1,85.0,87.0,79.9,85.2,84.645,75.555,77.333,71.022,75.733,75.24,534300.0,45226076000.0,0.0,0.0,0.2,0.1778,0.2353
VIC,2020-07-27,15:07:01,HOSE,STOCK,88.0,94.1,81.9,83.9,86.0,82.9,85.0,83.73,74.578,76.444,73.689,75.555,74.427,825080.0,69084094000.0,0.0,0.0,-3.0,-2.6666,-3.4091
VIC,2020-07-24,15:07:02,HOSE,STOCK,90.0,96.3,83.7,89.9,90.0,84.0,88.0,87.76,79.911,80.0,74.667,78.222,78.009,674430.0,59187199000.0,0.0,0.0,-2.0,-1.7778,-2.2222
VIC,2020-07-23,15:07:01,HOSE,STOCK,89.8,96.0,83.6,90.0,90.3,89.5,90.0,89.86,80.0,80.267,79.555,80.0,79.875,181680.0,16325766000.0,0.0,0.0,0.2,0.1778,0.2227
VIC,2020-07-22,15:07:02,HOSE,STOCK,90.2,96.5,83.9,90.0,91.0,89.8,89.8,90.08,80.0,80.889,79.822,79.822,80.071,202110.0,18206081000.0,0.0,0.0,-0.4,-0.3556,-0.4435
VIC,2020-07-21,15:07:02,HOSE,STOCK,90.2,96.5,83.9,91.2,91.2,90.2,90.2,90.38,81.067,81.067,80.178,80.178,80.338,220660.0,19942793000.0,0.0,0.0,0.0,0.0,0.0
VIC,2020-07-20,15:07:02,HOSE,STOCK,91.5,97.9,85.1,91.0,91.4,90.2,90.2,90.66,80.889,81.244,80.178,80.178,80.587,222400.0,20162916000.0,0.0,0.0,-1.3,-1.1556,-1.4208
VIC,2020-07-17,15:07:02,HOSE,STOCK,93.0,99.5,86.5,91.5,92.0,91.0,91.5,91.63,81.333,81.778,80.889,81.333,81.449,214530.0,19657238000.0,0.0,0.0,-1.5,-1.3333,-1.6129
VIC,2020-07-16,15:07:03,HOSE,STOCK,90.5,96.8,84.2,90.9,93.0,90.6,93.0,92.33,80.8,82.667,80.533,82.667,82.071,328050.0,30287426000.0,0.0,0.0,2.5,2.2222,2.7624
VIC,2020-07-15,15:07:02,HOSE,STOCK,91.3,97.6,85.0,91.7,91.7,90.5,90.5,91.18,81.511,81.511,80.444,80.444,81.049,384240.0,35036038000.0,0.0,0.0,-0.8,-0.7111,-0.8762
VIC,2020-07-14,15:07:02,HOSE,STOCK,91.3,97.6,85.0,91.3,91.8,90.2,91.3,90.582,81.155,81.6,80.178,81.155,80.517,340990.0,30887497000.0,0.0,0.0,0.0,0.0,0.0
VIC,2020-07-13,15:07:02,HOSE,STOCK,91.4,97.7,85.1,91.5,91.6,91.0,91.3,91.27,81.333,81.422,80.889,81.155,81.129,349810.0,31927761000.0,0.0,0.0,-0.1,-0.0889,-0.1094
VIC,2020-07-10,15:07:02,HOSE,STOCK,91.0,97.3,84.7,91.0,92.0,91.0,91.4,91.37,80.889,81.778,80.889,81.244,81.218,193330.0,17664878000.0,0.0,0.0,0.4,0.3556,0.4396
VIC,2020-07-09,15:07:02,HOSE,STOCK,90.8,97.1,84.5,90.8,91.8,90.7,91.0,91.22,80.711,81.6,80.622,80.889,81.084,399710.0,36459772000.0,0.0,0.0,0.2,0.1778,0.2203
VIC,2020-07-08,15:07:02,HOSE,STOCK,91.0,97.3,84.7,90.8,91.5,90.1,90.8,90.85,80.711,81.333,80.089,80.711,80.755,187450.0,17030715000.0,0.0,0.0,-0.2,-0.1778,-0.2198
VIC,2020-07-07,15:07:02,HOSE,STOCK,91.4,97.7,85.1,91.5,92.2,91.0,91.0,91.34,81.333,81.955,80.889,80.889,81.191,336860.0,30768116000.0,0.0,0.0,-0.4,-0.3556,-0.4376
VIC,2020-07-06,15:07:03,HOSE,STOCK,90.2,96.5,83.9,90.2,91.9,90.2,91.4,90.85,80.178,81.689,80.178,81.244,80.755,284020.0,25804608000.0,0.0,0.0,1.2,1.0667,1.3304
VIC,2020-07-03,15:07:02,HOSE,STOCK,89.9,96.1,83.7,90.9,91.0,89.9,90.2,90.52,80.8,80.889,79.911,80.178,80.462,163320.0,14783792000.0,0.0,0.0,0.3,0.2667,0.3337
VIC,2020-07-02,15:07:02,HOSE,STOCK,91.0,97.3,84.7,90.6,91.1,89.5,89.9,90.07,80.533,80.978,79.555,79.911,80.062,420700.0,37892580000.0,0.0,0.0,-1.1,-0.9778,-1.2088
VIC,2020-07-01,15:07:02,HOSE,STOCK,89.0,95.2,82.8,90.5,91.5,89.0,91.0,90.01,80.444,81.333,79.111,80.889,80.009,92060.0,8286744000.0,0.0,0.0,2.0,1.7778,2.2472
VIC,2020-06-30,15:06:02,HOSE,STOCK,89.0,95.2,82.8,91.0,91.0,89.0,89.0,89.82,80.889,80.889,79.111,79.111,79.84,350550.0,31486908000.0,0.0,0.0,0.0,0.0,0.0
VIC,2020-06-29,15:06:02,HOSE,STOCK,91.5,97.9,85.1,91.5,91.9,89.0,89.0,90.26,81.333,81.689,79.111,79.111,80.231,359370.0,32438154000.0,0.0,0.0,-2.5,-2.2222,-2.7322
VIC,2020-06-26,15:06:02,HOSE,STOCK,93.4,99.9,86.9,93.5,94.4,91.5,91.5,92.89,83.111,83.911,81.333,81.333,82.569,222240.0,20644808000.0,0.0,0.0,-1.9,-1.6889,-2.0343
VIC,2020-06-25,15:06:02,HOSE,STOCK,94.7,101.3,88.1,93.3,94.4,92.8,93.4,93.32,82.933,83.911,82.489,83.022,82.951,169470.0,15815701000.0,0.0,0.0,-1.3,-1.1556,-1.3728
VIC,2020-06-24,15:06:02,HOSE,STOCK,94.2,100.7,87.7,94.5,95.1,94.0,94.7,94.37,84.0,84.533,83.555,84.178,83.884,214320.0,20226151000.0,0.0,0.0,0.5,0.4444,0.5308
VIC,2020-06-23,15:06:02,HOSE,STOCK,96.9,103.6,90.2,96.2,96.3,94.2,94.2,94.85,85.511,85.6,83.733,83.733,84.311,432630.0,41032940000.0,0.0,0.0,-2.7,-2.4,-2.7864
VIC,2020-06-22,15:06:02,HOSE,STOCK,97.3,104.1,90.5,97.0,97.0,95.2,96.9,96.55,86.222,86.222,84.622,86.133,85.822,508020.0,49049786000.0,0.0,0.0,-0.4,-0.3556,-0.4111
VIC,2020-06-19,15:06:02,HOSE,STOCK,91.0,97.3,84.7,91.0,97.3,91.0,97.3,96.86,80.889,86.489,80.889,86.489,86.098,1840100.0,178233250000.0,0.0,0.0,6.3,5.6,6.9231
VIC,2020-06-18,15:06:02,HOSE,STOCK,91.9,98.3,85.5,91.9,92.5,90.9,91.0,91.22,81.689,82.222,80.8,80.889,81.084,312850.0,28539153000.0,0.0,0.0,-0.9,-0.8,-0.9793
VIC,2020-06-17,15:06:02,HOSE,STOCK,93.4,99.9,86.9,93.0,93.4,90.5,91.9,91.77,82.667,83.022,80.444,81.689,81.573,380880.0,34952603000.0,0.0,0.0,-1.5,-1.3333,-1.606
VIC,2020-06-16,15:06:02,HOSE,STOCK,89.0,95.2,82.8,91.5,94.8,89.9,93.4,92.32,81.333,84.267,79.911,83.022,82.062,658480.0,60787754000.0,0.0,0.0,4.4,3.9111,4.9438
VIC,2020-06-15,15:06:02,HOSE,STOCK,91.8,98.2,85.4,93.0,93.0,89.0,89.0,90.65,82.667,82.667,79.111,79.111,80.578,791710.0,71771892000.0,0.0,0.0,-2.8,-2.4889,-3.0501
VIC,2020-06-12,15:06:02,HOSE,STOCK,93.0,99.5,86.5,90.0,92.5,89.9,91.8,91.2,80.0,82.222,79.911,81.6,81.067,875940.0,79883088000.0,0.0,0.0,-1.2,-1.0667,-1.2903
VIC,2020-06-11,15:06:02,HOSE,STOCK,95.6,102.2,89.0,95.6,96.2,93.0,93.0,95.11,84.978,85.511,82.667,82.667,84.542,761540.0,72428574000.0,0.0,0.0,-2.6,-2.3111,-2.7197
VIC,2020-06-10,15:06:02,HOSE,STOCK,96.2,102.9,89.5,96.2,96.2,95.4,95.6,95.69,85.511,85.511,84.8,84.978,85.058,488490.0,46741559000.0,0.0,0.0,-0.6,-0.5333,-0.6237
VIC,2020-06-09,15:06:03,HOSE,STOCK,96.0,102.7,89.3,97.0,97.0,96.1,96.2,96.57,86.222,86.222,85.422,85.511,85.84,318400.0,30747120000.0,0.0,0.0,0.2,0.1778,0.2083
VIC,2020-06-08,15:06:03,HOSE,STOCK,95.0,101.6,88.4,95.2,97.6,95.2,96.0,96.68,84.622,86.755,84.622,85.333,85.938,482180.0,46617934000.0,0.0,0.0,1.0,0.8889,1.0526
VIC,2020-06-05,15:06:03,HOSE,STOCK,96.0,102.7,89.3,96.0,96.2,95.0,95.0,95.51,85.333,85.511,84.444,84.444,84.898,525870.0,50223695000.0,0.0,0.0,-1.0,-0.8889,-1.0417
VIC,2020-06-04,15:06:04,HOSE,STOCK,96.8,103.5,90.1,96.8,96.8,96.0,96.0,96.2,86.044,86.044,85.333,85.333,85.511,550740.0,52979795000.0,0.0,0.0,-0.8,-0.7111,-0.8264
VIC,2020-06-03,15:06:02,HOSE,STOCK,96.7,103.4,90.0,96.5,96.8,95.5,96.8,96.14,85.778,86.044,84.889,86.044,85.458,466430.0,44841777000.0,0.0,0.0,0.1,0.0889,0.1034
VIC,2020-06-02,15:06:03,HOSE,STOCK,97.2,104.0,90.4,97.2,97.2,96.5,96.7,96.67,86.4,86.4,85.778,85.955,85.929,501700.0,48497638000.0,0.0,0.0,-0.5,-0.4444,-0.5144
VIC,2020-06-01,15:06:04,HOSE,STOCK,97.0,103.7,90.3,97.0,97.2,96.5,97.2,96.94,86.222,86.4,85.778,86.4,86.169,481490.0,46673424000.0,0.0,0.0,0.2,0.1778,0.2062
VIC,2020-05-29,15:05:02,HOSE,STOCK,97.0,103.7,90.3,97.0,97.5,96.6,97.0,97.07,86.222,86.667,85.867,86.222,86.284,493500.0,47905077000.0,0.0,0.0,0.0,0.0,0.0
VIC,2020-05-28,15:05:03,HOSE,STOCK,96.9,103.6,90.2,96.9,97.5,96.3,97.0,96.89,86.133,86.667,85.6,86.222,86.124,314790.0,30499902000.0,0.0,0.0,0.1,0.0889,0.1032
VIC,2020-05-27,15:05:03,HOSE,STOCK,96.9,103.6,90.2,96.9,97.9,96.5,96.9,96.97,86.133,87.022,85.778,86.133,86.195,591440.0,57353355000.0,0.0,0.0,0.0,0.0,0.0
VIC,2020-05-26,15:05:03,HOSE,STOCK,97.1,103.8,90.4,97.0,97.5,96.4,96.9,96.77,86.222,86.667,85.689,86.133,86.018,360000.0,34836744000.0,0.0,0.0,-0.2,-0.1778,-0.206
VIC,2020-05-25,15:05:03,HOSE,STOCK,96.4,103.1,89.7,96.2,97.1,96.0,97.1,96.6,85.511,86.311,85.333,86.311,85.867,216400.0,20904917000.0,0.0,0.0,0.7,0.6222,0.7261
VIC,2020-05-22,15:05:02,HOSE,STOCK,98.0,104.8,91.2,98.0,98.0,96.4,96.4,97.07,87.111,87.111,85.689,85.689,86.284,292930.0,28435825000.0,0.0,0.0,-1.6,-1.4222,-1.6327
VIC,2020-05-21,15:05:02,HOSE,STOCK,96.6,103.3,89.9,97.0,98.0,96.9,98.0,97.62,86.222,87.111,86.133,87.111,86.773,674380.0,65832649000.0,0.0,0.0,1.4,1.2444,1.4493
VIC,2020-05-20,15:05:03,HOSE,STOCK,96.5,103.2,89.8,96.4,97.0,96.1,96.6,96.63,85.689,86.222,85.422,85.867,85.893,254730.0,24615567000.0,0.0,0.0,0.1,0.0889,0.1036
VIC,2020-05-19,15:05:02,HOSE,STOCK,96.5,103.2,89.8,97.1,97.4,96.0,96.5,97.07,86.311,86.578,85.333,85.778,86.284,729850.0,70844049000.0,0.0,0.0,0.0,0.0,0.0
VIC,2020-05-18,15:05:02,HOSE,STOCK,97.0,103.7,90.3,97.0,97.0,95.5,96.5,96.28,86.222,86.222,84.889,85.778,85.582,229440.0,22090158000.0,0.0,0.0,-0.5,-0.4444,-0.5155
VIC,2020-05-15,15:05:02,HOSE,STOCK,96.0,102.7,89.3,96.0,97.5,95.8,97.0,96.66,85.333,86.667,85.155,86.222,85.92,327650.0,31671721000.0,0.0,0.0,1.0,0.8889,1.0417
VIC,2020-05-14,15:05:02,HOSE,STOCK,95.0,101.6,88.4,95.0,96.7,93.9,96.0,95.15,84.444,85.955,83.467,85.333,84.578,1002810.0,95420228000.0,0.0,0.0,1.0,0.8889,1.0526
VIC,2020-05-13,15:05:02,HOSE,STOCK,97.0,103.7,90.3,95.1,96.0,91.5,95.0,94.55,84.533,85.333,81.333,84.444,84.044,2652530.0,250792018000.0,0.0,0.0,-2.0,-1.7778,-2.0619
VIC,2020-05-12,15:05:02,HOSE,STOCK,97.5,104.3,90.7,97.4,97.4,95.0,97.0,96.77,86.578,86.578,84.444,86.222,86.018,770030.0,74516314000.0,0.0,0.0,-0.5,-0.4444,-0.5128
VIC,2020-05-11,15:05:02,HOSE,STOCK,97.5,104.3,90.7,98.0,98.0,95.9,97.5,97.1,87.111,87.111,85.244,86.667,86.311,1358920.0,131947697000.0,0.0,0.0,0.0,0.0,0.0
VIC,2020-05-08,15:05:01,HOSE,STOCK,96.0,102.7,89.3,96.4,100.0,96.1,97.5,97.98,85.689,88.889,85.422,86.667,87.093,1683960.0,164993129000.0,0.0,0.0,1.5,1.3333,1.5625
VIC,2020-05-07,15:05:02,HOSE,STOCK,95.0,101.6,88.4,95.0,96.0,94.0,96.0,95.52,84.444,85.333,83.555,85.333,84.907,617800.0,59010644000.0,0.0,0.0,1.0,0.8889,1.0526
VIC,2020-05-06,15:05:02,HOSE,STOCK,92.7,99.1,86.3,92.6,95.0,92.5,95.0,93.84,82.311,84.444,82.222,84.444,83.413,773570.0,72592502000.0,0.0,0.0,2.3,2.0444,2.4811
VIC,2020-05-05,15:05:02,HOSE,STOCK,91.8,98.2,85.4,91.8,93.0,91.8,92.7,92.59,81.6,82.667,81.6,82.4,82.302,274700.0,25433162000.0,0.0,0.0,0.9,0.8,0.9804
VIC,2020-05-04,15:05:02,HOSE,STOCK,91.9,98.3,85.5,91.9,92.5,90.0,91.8,91.89,81.689,82.222,80.0,81.6,81.68,259550.0,23849091000.0,0.0,0.0,-0.1,-0.0889,-0.1088
VIC,2020-04-29,15:04:03,HOSE,STOCK,92.0,98.4,85.6,93.0,93.4,90.5,91.9,92.35,82.667,83.022,80.444,81.689,82.089,314400.0,29036132000.0,0.0,0.0,-0.1,-0.0889,-0.1087
VIC,2020-04-28,15:04:02,HOSE,STOCK,92.0,98.4,85.6,92.5,92.9,91.5,92.0,91.89,82.222,82.578,81.333,81.778,81.68,222920.0,20483764000.0,0.0,0.0,0.0,0.0,0.0
VIC,2020-04-27,15:04:03,HOSE,STOCK,93.0,99.5,86.5,95.0,95.0,92.0,92.0,92.96,84.444,84.444,81.778,81.778,82.631,453720.0,42178233000.0,0.0,0.0,-1.0,-0.8889,-1.0753
VIC,2020-04-24,15:04:02,HOSE,STOCK,93.0,99.5,86.5,93.0,93.9,92.4,93.0,92.94,82.667,83.467,82.133,82.667,82.613,300240.0,27904343000.0,0.0,0.0,0.0,0.0,0.0
VIC,2020-04-23,15:04:02,HOSE,STOCK,92.5,98.9,86.1,93.0,94.9,92.7,93.0,93.29,82.667,84.355,82.4,82.667,82.924,347420.0,32411157000.0,0.0,0.0,0.5,0.4444,0.5405
VIC,2020-04-22,15:04:02,HOSE,STOCK,93.0,99.5,86.5,92.0,92.8,90.5,92.5,92.31,81.778,82.489,80.444,82.222,82.053,884070.0,81610112000.0,0.0,0.0,-0.5,-0.4444,-0.5376
VIC,2020-04-21,15:04:02,HOSE,STOCK,96.2,102.9,89.5,95.5,95.5,92.5,93.0,93.49,84.889,84.889,82.222,82.667,83.102,892270.0,83415520000.0,0.0,0.0,-3.2,-2.8445,-3.3264
VIC,2020-04-20,15:04:03,HOSE,STOCK,96.1,102.8,89.4,96.1,96.4,94.9,96.2,95.73,85.422,85.689,84.355,85.511,85.093,1055020.0,100997211000.0,0.0,0.0,0.1,0.0889,0.1041
VIC,2020-04-17,15:04:01,HOSE,STOCK,95.9,102.6,89.2,95.3,96.1,89.2,96.1,95.71,84.711,85.422,79.289,85.422,85.075,1191510.0,114041423000.0,0.0,0.0,0.2,0.1778,0.2086
VIC,2020-04-16,15:04:02,HOSE,STOCK,96.0,102.7,89.3,96.0,96.0,94.7,95.9,95.5,85.333,85.333,84.178,85.244,84.889,845580.0,80750129000.0,0.0,0.0,-0.1,-0.0889,-0.1042
VIC,2020-04-15,15:04:02,HOSE,STOCK,95.6,102.2,89.0,95.6,96.0,94.9,96.0,95.47,84.978,85.333,84.355,85.333,84.862,1176850.0,112354150000.0,0.0,0.0,0.4,0.3556,0.4184
VIC,2020-04-14,15:04:02,HOSE,STOCK,96.0,102.7,89.3,96.5,96.5,94.5,95.6,95.7,85.778,85.778,84.0,84.978,85.067,631630.0,60448287000.0,0.0,0.0,-0.4,-0.3556,-0.4167
VIC,2020-04-13,15:04:03,HOSE,STOCK,95.0,101.6,88.4,95.8,96.0,94.9,96.0,95.58,85.155,85.333,84.355,85.333,84.96,1411550.0,134913585000.0,0.0,0.0,1.0,0.8889,1.0526
VIC,2020-04-10,15:04:01,HOSE,STOCK,96.0,102.7,89.3,96.0,96.8,93.7,95.0,94.74,85.333,86.044,83.289,84.444,84.213,983120.0,93142248000.0,0.0,0.0,-1.0,-0.8889,-1.0417
VIC,2020-04-09,15:04:02,HOSE,STOCK,94.0,100.5,87.5,94.0,97.3,93.8,96.0,95.24,83.555,86.489,83.378,85.333,84.658,1560610.0,148625795000.0,0.0,0.0,2.0,1.7778,2.1277
VIC,2020-04-08,15:04:02,HOSE,STOCK,97.3,104.1,90.5,97.0,97.0,94.0,94.0,94.51,86.222,86.222,83.555,83.555,84.009,760120.0,71840345000.0,0.0,0.0,-3.3,-2.9333,-3.3916
VIC,2020-04-07,15:04:02,HOSE,STOCK,97.3,104.1,90.5,97.6,100.9,93.0,97.3,97.11,86.755,89.689,82.667,86.489,86.32,2855700.0,277307499000.0,0.0,0.0,0.0,0.0,0.0
VIC,2020-04-06,15:04:02,HOSE,STOCK,91.0,97.3,84.7,92.0,97.3,91.3,97.3,95.13,81.778,86.489,81.155,86.489,84.56,2698260.0,256693027000.0,0.0,0.0,6.3,5.6,6.9231
VIC,2020-04-03,15:04:02,HOSE,STOCK,86.0,92.0,80.0,86.0,91.0,86.0,91.0,89.1,76.444,80.889,76.444,80.889,79.2,1184500.0,105537660000.0,0.0,0.0,5.0,4.4445,5.814
VIC,2020-04-01,15:04:02,HOSE,STOCK,83.4,89.2,77.6,82.5,87.0,81.0,86.0,86.37,73.333,77.333,72.0,76.444,76.773,437820.0,37815626000.0,0.0,0.0,2.6,2.3111,3.1175
VIC,2020-03-31,15:03:03,HOSE,STOCK,81.4,87.0,75.8,81.4,87.0,80.4,83.4,83.17,72.355,77.333,71.467,74.133,73.929,1296450.0,107819305000.0,0.0,0.0,2.0,1.7778,2.457
VIC,2020-03-30,15:03:02,HOSE,STOCK,86.8,92.8,80.8,80.8,82.0,80.8,81.4,80.93,71.822,72.889,71.822,72.355,71.938,881240.0,71318248000.0,0.0,0.0,-5.4,-4.8,-6.2212
VIC,2020-03-27,15:03:02,HOSE,STOCK,81.8,87.5,76.1,82.0,87.4,79.5,86.8,85.35,72.889,77.689,70.667,77.155,75.867,1149310.0,98089389000.0,0.0,0.0,5.0,4.4444,6.1125
VIC,2020-03-26,15:03:02,HOSE,STOCK,76.5,81.8,71.2,77.6,81.8,75.6,81.8,80.08,68.978,72.711,67.2,72.711,71.182,1242250.0,99483499000.0,0.0,0.0,5.3,4.7111,6.9281
VIC,2020-03-25,15:03:02,HOSE,STOCK,71.5,76.5,66.5,71.5,76.5,68.0,76.5,73.34,63.555,68.0,60.444,68.0,65.191,1401570.0,102787883000.0,0.0,0.0,5.0,4.4444,6.993
VIC,2020-03-24,15:03:02,HOSE,STOCK,76.8,82.1,71.5,71.8,75.0,71.5,71.5,72.26,63.822,66.667,63.555,63.555,64.231,1474050.0,106514701000.0,0.0,0.0,-5.3,-4.7111,-6.901
VIC,2020-03-23,15:03:02,HOSE,STOCK,82.5,88.2,76.8,78.0,78.3,76.8,76.8,76.87,69.333,69.6,68.267,68.267,68.329,678160.0,52129716000.0,0.0,0.0,-5.7,-5.0667,-6.9091
VIC,2020-03-20,15:03:02,HOSE,STOCK,88.7,94.9,82.5,88.7,88.7,82.5,82.5,84.36,78.844,78.844,73.333,73.333,74.987,1083480.0,91399533000.0,0.0,0.0,-6.2,-5.5111,-6.9899
VIC,2020-03-19,15:03:02,HOSE,STOCK,89.0,95.2,82.8,86.9,88.7,83.1,88.7,85.79,77.244,78.844,73.867,78.844,76.258,1103680.0,94687758000.0,0.0,0.0,-0.3,-0.2667,-0.3371
VIC,2020-03-18,15:03:02,HOSE,STOCK,88.5,94.6,82.4,87.9,90.0,86.5,89.0,87.93,78.133,80.0,76.889,79.111,78.16,785390.0,69061626000.0,0.0,0.0,0.5,0.4444,0.565
VIC,2020-03-17,15:03:02,HOSE,STOCK,92.5,98.9,86.1,89.5,92.3,87.6,88.5,90.39,79.555,82.044,77.867,78.667,80.347,681330.0,61583834000.0,0.0,0.0,-4.0,-3.5556,-4.3243
VIC,2020-03-16,15:03:03,HOSE,STOCK,92.5,98.9,86.1,92.0,92.5,86.6,92.5,90.26,81.778,82.222,76.978,82.222,80.231,971340.0,87677212000.0,0.0,0.0,0.0,0.0,0.0
VIC,2020-03-13,15:03:03,HOSE,STOCK,91.8,98.2,85.4,86.0,92.5,85.4,92.5,88.09,76.444,82.222,75.911,82.222,78.302,1226880.0,108073851000.0,0.0,0.0,0.7,0.6222,0.7625
VIC,2020-03-12,15:03:07,HOSE,STOCK,97.0,103.7,90.3,91.0,92.3,90.3,91.8,90.9,80.889,82.044,80.267,81.6,80.8,1896270.0,172372656000.0,0.0,0.0,-5.2,-4.6222,-5.3608
VIC,2020-03-11,15:03:03,HOSE,STOCK,97.7,104.5,90.9,98.0,98.0,91.1,97.0,95.5,87.111,87.111,80.978,86.222,84.889,1049580.0,100236895000.0,0.0,0.0,-0.7,-0.6222,-0.7165
VIC,2020-03-10,15:03:03,HOSE,STOCK,97.7,104.5,90.9,93.0,99.2,91.2,97.7,96.31,82.667,88.178,81.067,86.844,85.609,825490.0,79506313000.0,0.0,0.0,0.0,0.0,0.0
VIC,2020-03-09,15:03:02,HOSE,STOCK,105.0,112.3,97.7,101.5,102.0,97.7,97.7,98.19,90.222,90.667,86.844,86.844,87.28,966890.0,94941405000.0,0.0,0.0,-7.3,-6.4889,-6.9524
VIC,2020-03-06,15:03:04,HOSE,STOCK,105.6,112.9,98.3,105.0,105.0,103.1,105.0,103.84,93.333,93.333,91.644,93.333,92.302,750830.0,77968509000.0,0.0,0.0,-0.6,-0.5333,-0.5682
VIC,2020-03-05,15:03:04,HOSE,STOCK,105.5,112.8,98.2,105.1,105.9,103.8,105.6,105.33,93.422,94.133,92.267,93.867,93.627,352300.0,37106224000.0,0.0,0.0,0.1,0.0889,0.0948
VIC,2020-03-04,15:03:02,HOSE,STOCK,105.5,112.8,98.2,104.6,105.5,103.5,105.5,105.08,92.978,93.778,92.0,93.778,93.404,443810.0,46633607000.0,0.0,0.0,0.0,0.0,0.0
VIC,2020-03-03,15:03:03,HOSE,STOCK,105.4,112.7,98.1,105.1,105.6,104.5,105.5,105.31,93.422,93.867,92.889,93.778,93.609,557950.0,58755772000.0,0.0,0.0,0.1,0.0889,0.0949
VIC,2020-03-02,15:03:04,HOSE,STOCK,105.4,112.7,98.1,104.0,105.4,102.7,105.4,104.71,92.444,93.689,91.289,93.689,93.075,742130.0,77712123000.0,0.0,0.0,0.0,0.0,0.0
VIC,2020-02-28,15:02:02,HOSE,STOCK,105.6,112.9,98.3,105.0,105.4,103.0,105.4,104.3,93.333,93.689,91.555,93.689,92.711,870840.0,90829323000.0,0.0,0.0,-0.2,-0.1778,-0.1894
VIC,2020-02-27,15:02:02,HOSE,STOCK,105.9,113.3,98.5,105.8,106.0,104.1,105.6,105.42,94.044,94.222,92.533,93.867,93.707,740420.0,78051880000.0,0.0,0.0,-0.3,-0.2667,-0.2833
VIC,2020-02-26,15:02:03,HOSE,STOCK,107.0,114.4,99.6,104.0,106.6,104.0,105.9,105.85,92.444,94.755,92.444,94.133,94.089,625410.0,66198703000.0,0.0,0.0,-1.1,-0.9778,-1.028
VIC,2020-02-25,15:02:02,HOSE,STOCK,107.3,114.8,99.8,106.7,107.3,105.9,107.0,106.49,94.844,95.378,94.133,95.111,94.658,543820.0,57909652000.0,0.0,0.0,-0.3,-0.2667,-0.2796
VIC,2020-02-24,15:02:03,HOSE,STOCK,109.9,117.5,102.3,107.1,108.0,105.5,107.3,106.85,95.2,96.0,93.778,95.378,94.978,1428650.0,152648715000.0,0.0,0.0,-2.6,-2.3111,-2.3658
VIC,2020-02-21,15:02:02,HOSE,STOCK,110.0,117.7,102.3,108.6,110.0,107.8,109.9,109.33,96.533,97.778,95.822,97.689,97.182,309060.0,33788278000.0,0.0,0.0,-0.1,-0.0889,-0.0909
VIC,2020-02-20,15:02:03,HOSE,STOCK,105.0,112.3,97.7,106.0,110.0,105.0,110.0,107.06,94.222,97.778,93.333,97.778,95.164,353570.0,37852262000.0,0.0,0.0,5.0,4.4445,4.7619
VIC,2020-02-19,15:02:02,HOSE,STOCK,104.5,111.8,97.2,103.5,107.0,103.5,105.0,105.24,92.0,95.111,92.0,93.333,93.547,875320.0,92120088000.0,0.0,0.0,0.5,0.4444,0.4785
VIC,2020-02-18,15:02:04,HOSE,STOCK,108.0,115.5,100.5,107.0,107.0,104.0,104.5,104.57,95.111,95.111,92.444,92.889,92.951,791870.0,82804190000.0,0.0,0.0,-3.5,-3.1111,-3.2407
VIC,2020-02-17,15:02:03,HOSE,STOCK,110.0,117.7,102.3,110.0,110.0,105.0,108.0,107.22,97.778,97.778,93.333,96.0,95.307,742220.0,79580941000.0,0.0,0.0,-2.0,-1.7778,-1.8182
VIC,2020-02-14,15:02:03,HOSE,STOCK,112.4,120.2,104.6,112.3,112.6,110.0,110.0,111.2,99.822,100.089,97.778,97.778,98.844,252390.0,28065285000.0,0.0,0.0,-2.4,-2.1333,-2.1352
VIC,2020-02-13,15:02:03,HOSE,STOCK,112.0,119.8,104.2,111.5,112.7,111.4,112.4,112.21,99.111,100.178,99.022,99.911,99.742,285340.0,32016864000.0,0.0,0.0,0.4,0.3556,0.3571
VIC,2020-02-12,15:02:02,HOSE,STOCK,113.4,121.3,105.5,113.4,113.4,112.0,112.0,112.44,100.8,100.8,99.555,99.555,99.947,452790.0,50911656000.0,0.0,0.0,-1.4,-1.2444,-1.2346
VIC,2020-02-11,15:02:04,HOSE,STOCK,113.7,121.6,105.8,113.5,114.2,113.0,113.4,113.64,100.889,101.511,100.444,100.8,101.013,290630.0,33026910000.0,0.0,0.0,-0.3,-0.2667,-0.2639
VIC,2020-02-10,15:02:02,HOSE,STOCK,114.4,122.4,106.4,113.0,114.1,113.0,113.7,113.66,100.444,101.422,100.444,101.067,101.031,192700.0,21903079000.0,0.0,0.0,-0.7,-0.6222,-0.6119
VIC,2020-02-07,15:02:03,HOSE,STOCK,114.4,122.4,106.4,114.0,114.4,112.0,114.4,113.69,101.333,101.689,99.555,101.689,101.058,1295520.0,147288047000.0,0.0,0.0,0.0,0.0,0.0
VIC,2020-02-06,15:02:03,HOSE,STOCK,114.5,122.5,106.5,114.5,114.7,112.8,114.4,114.01,101.778,101.955,100.267,101.689,101.342,676290.0,77105871000.0,0.0,0.0,-0.1,-0.0889,-0.0873
VIC,2020-02-05,15:02:02,HOSE,STOCK,114.8,122.8,106.8,114.8,114.8,113.0,114.5,113.55,102.044,102.044,100.444,101.778,100.933,468420.0,53189174000.0,0.0,0.0,-0.3,-0.2667,-0.2613
VIC,2020-02-04,15:02:02,HOSE,STOCK,114.8,122.8,106.8,113.6,114.8,111.8,114.8,113.56,100.978,102.044,99.378,102.044,100.942,1485500.0,168696003000.0,0.0,0.0,0.0,0.0,0.0
VIC,2020-02-03,15:02:03,HOSE,STOCK,114.8,122.8,106.8,113.8,114.8,112.3,114.8,113.89,101.155,102.044,99.822,102.044,101.235,760420.0,86606981000.0,0.0,0.0,0.0,0.0,0.0
VIC,2020-01-31,15:01:02,HOSE,STOCK,114.9,122.9,106.9,114.9,114.9,113.6,114.8,114.67,102.133,102.133,100.978,102.044,101.929,831740.0,95373213000.0,0.0,0.0,-0.1,-0.0889,-0.087
VIC,2020-01-30,15:01:01,HOSE,STOCK,114.9,122.9,106.9,114.1,114.9,112.1,114.9,114.36,101.422,102.133,99.644,102.133,101.653,682720.0,78074403000.0,0.0,0.0,0.0,0.0,0.0
VIC,2020-01-22,15:01:02,HOSE,STOCK,114.9,122.9,106.9,114.9,114.9,114.2,114.9,114.65,102.133,102.133,101.511,102.133,101.911,371780.0,42625857000.0,0.0,0.0,0.0,0.0,0.0
VIC,2020-01-21,15:01:03,HOSE,STOCK,114.9,122.9,106.9,114.3,115.0,114.3,114.9,114.71,101.6,102.222,101.6,102.133,101.964,181510.0,20820952000.0,0.0,0.0,0.0,0.0,0.0
VIC,2020-01-20,15:01:02,HOSE,STOCK,114.9,122.9,106.9,114.9,114.9,114.3,114.9,114.57,102.133,102.133,101.6,102.133,101.84,370670.0,42466917000.0,0.0,0.0,0.0,0.0,0.0
VIC,2020-01-17,15:01:02,HOSE,STOCK,115.0,123.0,107.0,114.9,115.1,114.4,114.9,114.92,102.133,102.311,101.689,102.133,102.151,169100.0,19433755000.0,0.0,0.0,-0.1,-0.0889,-0.087
VIC,2020-01-16,15:01:01,HOSE,STOCK,115.0,123.0,107.0,115.0,115.1,114.3,115.0,114.84,102.222,102.311,101.6,102.222,102.08,186740.0,21444898000.0,0.0,0.0,0.0,0.0,0.0
VIC,2020-01-15,15:01:02,HOSE,STOCK,115.0,123.0,107.0,115.0,115.0,114.3,115.0,114.64,102.222,102.222,101.6,102.222,101.902,205600.0,23570152000.0,0.0,0.0,0.0,0.0,0.0
VIC,2020-01-14,15:01:02,HOSE,STOCK,114.9,122.9,106.9,114.9,115.1,114.3,115.0,114.89,102.133,102.311,101.6,102.222,102.124,101150.0,11621131000.0,0.0,0.0,0.1,0.0889,0.087
VIC,2020-01-13,15:01:03,HOSE,STOCK,114.8,122.8,106.8,114.7,115.1,114.5,114.9,114.86,101.955,102.311,101.778,102.133,102.098,146680.0,16847407000.0,0.0,0.0,0.1,0.0889,0.0871
VIC,2020-01-10,15:01:03,HOSE,STOCK,114.7,122.7,106.7,115.0,115.0,114.7,114.8,114.84,102.222,102.222,101.955,102.044,102.08,159120.0,18273819000.0,0.0,0.0,0.1,0.0889,0.0872
VIC,2020-01-09,15:01:03,HOSE,STOCK,114.3,122.3,106.3,114.3,115.1,114.2,114.7,114.55,101.6,102.311,101.511,101.955,101.822,273870.0,31372697000.0,0.0,0.0,0.4,0.3556,0.35
VIC,2020-01-08,15:01:02,HOSE,STOCK,114.7,122.7,106.7,114.5,114.7,113.6,114.3,114.01,101.778,101.955,100.978,101.6,101.342,468910.0,53461063000.0,0.0,0.0,-0.4,-0.3556,-0.3487
VIC,2020-01-07,15:01:02,HOSE,STOCK,114.5,122.5,106.5,114.5,115.0,114.3,114.7,114.61,101.778,102.222,101.6,101.955,101.875,183910.0,21077831000.0,0.0,0.0,0.2,0.1778,0.1747
VIC,2020-01-06,15:01:02,HOSE,STOCK,115.3,123.3,107.3,115.0,115.0,114.4,114.5,114.74,102.222,102.222,101.689,101.778,101.991,301910.0,34639899000.0,0.0,0.0,-0.8,-0.7111,-0.6938
VIC,2020-01-03,15:01:03,HOSE,STOCK,115.0,123.0,107.0,115.0,115.3,114.3,115.3,115.03,102.222,102.489,101.6,102.489,102.249,248940.0,28636076000.0,0.0,0.0,0.3,0.2667,0.2609
VIC,2020-01-02,15:01:02,HOSE,STOCK,115.0,123.0,107.0,114.9,115.0,114.0,115.0,114.66,102.133,102.222,101.333,102.222,101.92,440280.0,50481279000.0,0.0,0.0,0.0,0.0,0.0
VIC,2019-12-31,15:12:01,HOSE,STOCK,115.0,123.0,107.0,115.0,115.0,114.1,115.0,114.63,102.222,102.222,101.422,102.222,101.893,614630.0,70456013000.0,0.0,0.0,0.0,0.0,0.0
VIC,2019-12-30,15:12:02,HOSE,STOCK,115.2,123.2,107.2,114.5,115.0,114.2,115.0,114.65,101.778,102.222,101.511,102.222,101.911,504080.0,57791436000.0,0.0,0.0,-0.2,-0.1778,-0.1736
VIC,2019-12-27,15:12:02,HOSE,STOCK,115.4,123.4,107.4,115.4,115.4,114.0,115.2,114.57,102.578,102.578,101.333,102.4,101.84,564070.0,64623396000.0,0.0,0.0,-0.2,-0.1778,-0.1733
VIC,2019-12-26,15:12:03,HOSE,STOCK,115.5,123.5,107.5,115.3,115.7,114.4,115.4,115.16,102.489,102.844,101.689,102.578,102.364,507390.0,58430080000.0,0.0,0.0,-0.1,-0.0889,-0.0866
VIC,2019-12-25,15:12:01,HOSE,STOCK,115.5,123.5,107.5,115.3,115.5,114.3,115.5,115.03,102.489,102.667,101.6,102.667,102.249,348350.0,40069260000.0,0.0,0.0,0.0,0.0,0.0
VIC,2019-12-24,15:12:03,HOSE,STOCK,115.7,123.7,107.7,115.6,115.6,114.3,115.5,114.87,102.755,102.755,101.6,102.667,102.107,449960.0,51686283000.0,0.0,0.0,-0.2,-0.1778,-0.1729
VIC,2019-12-23,15:12:01,HOSE,STOCK,115.8,123.9,107.7,115.8,115.8,114.3,115.7,114.97,102.933,102.933,101.6,102.844,102.195,591380.0,67991650000.0,0.0,0.0,-0.1,-0.0889,-0.0864
VIC,2019-12-20,15:12:02,HOSE,STOCK,115.8,123.9,107.7,115.8,115.8,114.7,115.8,115.62,102.933,102.933,101.955,102.933,102.773,839200.0,97027469000.0,0.0,0.0,0.0,0.0,0.0
VIC,2019-12-19,15:12:02,HOSE,STOCK,115.8,123.9,107.7,115.8,116.0,114.0,115.8,115.36,102.933,103.111,101.333,102.933,102.542,974360.0,112398938000.0,0.0,0.0,0.0,0.0,0.0
VIC,2019-12-18,15:12:02,HOSE,STOCK,115.8,123.9,107.7,115.0,115.9,114.5,115.8,115.17,102.222,103.022,101.778,102.933,102.373,847090.0,97557595000.0,0.0,0.0,0.0,0.0,0.0
VIC,2019-12-17,15:12:01,HOSE,STOCK,115.8,123.9,107.7,115.8,115.8,114.5,115.8,115.46,102.933,102.933,101.778,102.933,102.631,273030.0,31524416000.0,0.0,0.0,0.0,0.0,0.0
VIC,2019-12-16,15:12:02,HOSE,STOCK,116.0,124.1,107.9,116.0,116.0,114.8,115.8,115.48,103.111,103.111,102.044,102.933,102.649,377010.0,43538410000.0,0.0,0.0,-0.2,-0.1778,-0.1724
VIC,2019-12-13,15:12:01,HOSE,STOCK,116.0,124.1,107.9,115.8,116.0,114.9,116.0,115.53,102.933,103.111,102.133,103.111,102.693,295370.0,34123439000.0,0.0,0.0,0.0,0.0,0.0
VIC,2019-12-12,15:12:02,HOSE,STOCK,115.9,124.0,107.8,116.0,116.0,115.2,116.0,115.87,103.111,103.111,102.4,103.111,102.995,334050.0,38706029000.0,0.0,0.0,0.1,0.0889,0.0863
VIC,2019-12-11,15:12:02,HOSE,STOCK,115.9,124.0,107.8,115.9,115.9,114.5,115.9,115.22,103.022,103.022,101.778,103.022,102.418,301370.0,34724662000.0,0.0,0.0,0.0,0.0,0.0
VIC,2019-12-10,15:12:04,HOSE,STOCK,115.9,124.0,107.8,115.5,115.9,113.6,115.9,114.73,102.667,103.022,100.978,103.022,101.982,575810.0,66062489000.0,0.0,0.0,0.0,0.0,0.0
VIC,2019-12-09,15:12:02,HOSE,STOCK,115.9,124.0,107.8,115.8,115.9,115.0,115.9,115.64,102.933,103.022,102.222,103.022,102.791,188330.0,21777569000.0,0.0,0.0,0.0,0.0,0.0
VIC,2019-12-06,15:12:02,HOSE,STOCK,115.8,123.9,107.7,116.0,116.3,115.4,115.9,115.83,103.111,103.378,102.578,103.022,102.96,144740.0,16764513000.0,0.0,0.0,0.1,0.0889,0.0864
VIC,2019-12-05,15:12:02,HOSE,STOCK,115.5,123.5,107.5,116.0,116.1,115.5,115.8,115.91,103.111,103.2,102.667,102.933,103.031,167250.0,19386742000.0,0.0,0.0,0.3,0.2667,0.2597
VIC,2019-12-04,15:12:02,HOSE,STOCK,115.0,123.0,107.0,114.2,115.5,114.2,115.5,115.14,101.511,102.667,101.511,102.667,102.347,179900.0,20713284000.0,0.0,0.0,0.5,0.4444,0.4348
VIC,2019-12-03,15:12:03,HOSE,STOCK,115.0,123.0,107.0,115.0,116.3,114.2,115.0,114.98,102.222,103.378,101.511,102.222,102.204,300130.0,34510332000.0,0.0,0.0,0.0,0.0,0.0
VIC,2019-12-02,15:12:02,HOSE,STOCK,115.7,123.7,107.7,115.5,116.3,113.8,115.0,114.65,102.667,103.378,101.155,102.222,101.911,300040.0,34399193000.0,0.0,0.0,-0.7,-0.6222,-0.605
VIC,2019-11-29,15:11:02,HOSE,STOCK,115.7,123.7,107.7,115.7,116.1,114.5,115.7,115.6,102.844,103.2,101.778,102.844,102.755,205040.0,23702483000.0,0.0,0.0,0.0,0.0,0.0
VIC,2019-11-28,15:11:04,HOSE,STOCK,115.6,123.6,107.6,115.1,116.0,114.3,115.7,115.2,102.311,103.111,101.6,102.844,102.4,232980.0,26839840000.0,0.0,0.0,0.1,0.0889,0.0865
VIC,2019-11-27,15:11:03,HOSE,STOCK,115.2,123.2,107.2,115.2,116.3,115.1,115.6,115.71,102.4,103.378,102.311,102.755,102.853,304630.0,35248698000.0,0.0,0.0,0.4,0.3556,0.3472
VIC,2019-11-26,15:11:02,HOSE,STOCK,116.0,124.1,107.9,116.0,116.0,115.1,115.2,115.41,103.111,103.111,102.311,102.4,102.587,1027110.0,118541478000.0,0.0,0.0,-0.8,-0.7111,-0.6897
VIC,2019-11-25,15:11:03,HOSE,STOCK,116.2,124.3,108.1,116.2,116.2,115.5,116.0,115.91,103.289,103.289,102.667,103.111,103.031,234180.0,27144392000.0,0.0,0.0,-0.2,-0.1778,-0.1721
VIC,2019-11-22,15:11:02,HOSE,STOCK,115.3,123.3,107.3,115.9,116.9,115.3,116.2,116.0,103.022,103.911,102.489,103.289,103.111,308940.0,35838556000.0,0.0,0.0,0.9,0.8,0.7806
VIC,2019-11-21,15:11:04,HOSE,STOCK,116.0,124.1,107.9,117.0,117.0,113.8,115.3,114.9,104.0,104.0,101.155,102.489,102.133,1567980.0,180166120000.0,0.0,0.0,-0.7,-0.6222,-0.6034
VIC,2019-11-20,15:11:04,HOSE,STOCK,117.1,125.2,109.0,117.2,117.2,116.0,116.0,116.17,104.178,104.178,103.111,103.111,103.262,705410.0,81950738000.0,0.0,0.0,-1.1,-0.9778,-0.9394
VIC,2019-11-19,15:11:04,HOSE,STOCK,118.1,126.3,109.9,118.0,118.2,116.8,117.1,117.32,104.889,105.067,103.822,104.089,104.284,491510.0,57663940000.0,0.0,0.0,-1.0,-0.8889,-0.8467
VIC,2019-11-18,15:11:02,HOSE,STOCK,119.6,127.9,111.3,119.8,119.8,117.9,118.1,118.58,106.489,106.489,104.8,104.978,105.404,267820.0,31758942000.0,0.0,0.0,-1.5,-1.3333,-1.2542
VIC,2019-11-15,15:11:02,HOSE,STOCK,119.3,127.6,111.0,119.2,120.8,118.8,119.6,119.86,105.955,107.378,105.6,106.311,106.542,238410.0,28576961000.0,0.0,0.0,0.3,0.2667,0.2515
VIC,2019-11-14,15:11:02,HOSE,STOCK,119.0,127.3,110.7,119.0,119.8,118.8,119.3,119.25,105.778,106.489,105.6,106.044,106.0,250100.0,29825255000.0,0.0,0.0,0.3,0.2667,0.2521
VIC,2019-11-13,15:11:05,HOSE,STOCK,119.4,127.7,111.1,118.9,119.4,118.4,119.0,118.97,105.689,106.133,105.244,105.778,105.751,323490.0,38484672000.0,0.0,0.0,-0.4,-0.3556,-0.335
VIC,2019-11-12,15:11:03,HOSE,STOCK,118.9,127.2,110.6,118.9,119.9,118.6,119.4,119.26,105.689,106.578,105.422,106.133,106.009,158520.0,18905850000.0,0.0,0.0,0.5,0.4444,0.4205
VIC,2019-11-11,15:11:02,HOSE,STOCK,120.5,128.9,112.1,120.5,120.5,118.9,118.9,119.35,107.111,107.111,105.689,105.689,106.089,281300.0,33574493000.0,0.0,0.0,-1.6,-1.4222,-1.3278
VIC,2019-11-08,15:11:01,HOSE,STOCK,120.8,129.2,112.4,121.6,121.6,120.0,120.5,120.59,108.089,108.089,106.667,107.111,107.191,492950.0,59443276000.0,0.0,0.0,-0.3,-0.2667,-0.2483
VIC,2019-11-07,15:11:02,HOSE,STOCK,121.9,130.4,113.4,122.0,122.3,120.8,120.8,121.38,108.444,108.711,107.378,107.378,107.893,246740.0,29949748000.0,0.0,0.0,-1.1,-0.9778,-0.9024
VIC,2019-11-06,15:11:01,HOSE,STOCK,121.5,130.0,113.0,121.5,122.5,121.0,121.9,121.89,108.0,108.889,107.555,108.355,108.347,517800.0,63113725000.0,0.0,0.0,0.4,0.3556,0.3292
VIC,2019-11-05,15:11:03,HOSE,STOCK,121.7,130.2,113.2,121.0,122.0,120.9,121.5,121.48,107.555,108.444,107.467,108.0,107.982,260520.0,31649141000.0,0.0,0.0,-0.2,-0.1778,-0.1643
VIC,2019-11-04,15:11:03,HOSE,STOCK,122.5,131.0,114.0,122.5,122.5,120.7,121.7,121.68,108.889,108.889,107.289,108.178,108.16,309680.0,37683151000.0,0.0,0.0,-0.8,-0.7111,-0.6531
VIC,2019-11-01,15:11:03,HOSE,STOCK,119.0,127.3,110.7,120.0,122.5,119.5,122.5,121.29,106.667,108.889,106.222,108.889,107.813,749070.0,90852683000.0,0.0,0.0,3.5,3.1111,2.9412
VIC,2019-10-31,15:10:04,HOSE,STOCK,119.6,127.9,111.3,120.0,120.4,119.0,119.0,119.64,106.667,107.022,105.778,105.778,106.347,840720.0,100584048000.0,0.0,0.0,-0.6,-0.5333,-0.5017
VIC,2019-10-30,15:10:04,HOSE,STOCK,117.8,126.0,109.6,118.0,119.9,117.8,119.6,119.19,104.889,106.578,104.711,106.311,105.947,600930.0,71626676000.0,0.0,0.0,1.8,1.6,1.528
VIC,2019-10-29,15:10:01,HOSE,STOCK,117.7,125.9,109.5,117.7,117.9,117.4,117.8,117.68,104.622,104.8,104.355,104.711,104.604,187020.0,22008012000.0,0.0,0.0,0.1,0.0889,0.085
VIC,2019-10-28,15:10:03,HOSE,STOCK,117.2,125.4,109.0,117.0,118.1,116.7,117.7,117.36,104.0,104.978,103.733,104.622,104.32,268360.0,31495412000.0,0.0,0.0,0.5,0.4444,0.4266
VIC,2019-10-25,15:10:01,HOSE,STOCK,117.2,125.4,109.0,117.0,117.4,116.7,117.2,117.07,104.0,104.355,103.733,104.178,104.062,293710.0,34385879000.0,0.0,0.0,0.0,0.0,0.0
VIC,2019-10-24,15:10:01,HOSE,STOCK,117.1,125.2,109.0,117.1,117.2,116.5,117.2,116.98,104.089,104.178,103.555,104.178,103.982,396910.0,46429062000.0,0.0,0.0,0.1,0.0889,0.0854
VIC,2019-10-23,15:10:03,HOSE,STOCK,116.8,124.9,108.7,116.8,117.5,116.8,117.1,117.17,103.822,104.444,103.822,104.089,104.151,130200.0,15254958000.0,0.0,0.0,0.3,0.2667,0.2568
VIC,2019-10-22,15:10:02,HOSE,STOCK,116.9,125.0,108.8,118.0,118.0,116.8,116.8,117.39,104.889,104.889,103.822,103.822,104.347,175690.0,20625106000.0,0.0,0.0,-0.1,-0.0889,-0.0855
VIC,2019-10-21,15:10:03,HOSE,STOCK,117.0,125.1,108.9,117.0,118.3,116.0,116.9,117.29,104.0,105.155,103.111,103.911,104.258,205580.0,24112889000.0,0.0,0.0,-0.1,-0.0889,-0.0855
VIC,2019-10-18,15:10:05,HOSE,STOCK,117.0,125.1,108.9,117.0,117.0,116.5,117.0,116.76,104.0,104.0,103.555,104.0,103.787,261460.0,30528235000.0,0.0,0.0,0.0,0.0,0.0
VIC,2019-10-17,15:10:02,HOSE,STOCK,118.0,126.2,109.8,117.9,118.5,116.9,117.0,117.11,104.8,105.333,103.911,104.0,104.098,479110.0,56107513000.0,0.0,0.0,-1.0,-0.8889,-0.8475
VIC,2019-10-16,15:10:03,HOSE,STOCK,118.4,126.6,110.2,119.0,119.0,117.7,118.0,118.07,105.778,105.778,104.622,104.889,104.951,224670.0,26527526000.0,0.0,0.0,-0.4,-0.3556,-0.3378
VIC,2019-10-15,15:10:02,HOSE,STOCK,118.0,126.2,109.8,118.0,119.3,118.0,118.4,118.78,104.889,106.044,104.889,105.244,105.582,222070.0,26376406000.0,0.0,0.0,0.4,0.3556,0.339
VIC,2019-10-14,15:10:02,HOSE,STOCK,118.0,126.2,109.8,118.5,119.8,117.5,118.0,118.57,105.333,106.489,104.444,104.889,105.395,358150.0,42467315000.0,0.0,0.0,0.0,0.0,0.0
VIC,2019-10-11,15:10:03,HOSE,STOCK,116.9,125.0,108.8,117.5,118.0,116.7,118.0,117.46,104.444,104.889,103.733,104.889,104.409,328950.0,38640005000.0,0.0,0.0,1.1,0.9778,0.941
VIC,2019-10-10,15:10:03,HOSE,STOCK,117.0,125.1,108.9,117.5,117.7,116.8,116.9,117.06,104.444,104.622,103.822,103.911,104.053,273470.0,32011161000.0,0.0,0.0,-0.1,-0.0889,-0.0855
VIC,2019-10-09,15:10:01,HOSE,STOCK,117.1,125.2,109.0,116.9,118.3,116.7,117.0,117.25,103.911,105.155,103.733,104.0,104.222,221530.0,25974409000.0,0.0,0.0,-0.1,-0.0889,-0.0854
VIC,2019-10-08,15:10:02,HOSE,STOCK,117.0,125.1,108.9,117.2,117.3,116.4,117.1,116.84,104.178,104.267,103.467,104.089,103.858,353740.0,41329482000.0,0.0,0.0,0.1,0.0889,0.0855
VIC,2019-10-07,15:10:02,HOSE,STOCK,118.0,126.2,109.8,118.0,118.1,116.5,117.0,117.21,104.889,104.978,103.555,104.0,104.187,467120.0,54749321000.0,0.0,0.0,-1.0,-0.8889,-0.8475
VIC,2019-10-04,15:10:04,HOSE,STOCK,118.0,126.2,109.8,118.0,118.7,117.7,118.0,117.94,104.889,105.511,104.622,104.889,104.835,249050.0,29372072000.0,0.0,0.0,0.0,0.0,0.0
VIC,2019-10-03,15:10:02,HOSE,STOCK,118.0,126.2,109.8,117.2,118.0,117.1,118.0,117.46,104.178,104.889,104.089,104.889,104.409,650460.0,76403440000.0,0.0,0.0,0.0,0.0,0.0
VIC,2019-10-02,15:10:03,HOSE,STOCK,119.9,128.2,111.6,119.9,120.5,118.0,118.0,118.84,106.578,107.111,104.889,104.889,105.635,545260.0,64797416000.0,0.0,0.0,-1.9,-1.6889,-1.5847
VIC,2019-10-01,15:10:03,HOSE,STOCK,119.8,128.1,111.5,120.5,120.9,119.7,119.9,120.13,107.111,107.467,106.4,106.578,106.782,151960.0,18255548000.0,0.0,0.0,0.1,0.0889,0.0835
VIC,2019-09-30,15:09:03,HOSE,STOCK,119.8,128.1,111.5,120.0,121.2,119.6,119.8,120.39,106.667,107.733,106.311,106.489,107.013,308680.0,37161721000.0,0.0,0.0,0.0,0.0,0.0
VIC,2019-09-27,15:09:09,HOSE,STOCK,119.0,127.3,110.7,119.0,120.3,118.8,119.8,119.57,105.778,106.933,105.6,106.489,106.284,264300.0,31601567000.0,0.0,0.0,0.8,0.7111,0.6723
VIC,2019-09-26,15:09:02,HOSE,STOCK,119.7,128.0,111.4,120.0,120.0,118.8,119.0,119.19,106.667,106.667,105.6,105.778,105.947,334000.0,39810788000.0,0.0,0.0,-0.7,-0.6222,-0.5848
VIC,2019-09-25,15:09:03,HOSE,STOCK,120.1,128.5,111.7,120.1,120.3,119.0,119.7,119.63,106.755,106.933,105.778,106.4,106.338,256590.0,30694833000.0,0.0,0.0,-0.4,-0.3556,-0.3331
VIC,2019-09-24,15:09:04,HOSE,STOCK,119.0,127.3,110.7,119.0,120.4,119.0,120.1,119.83,105.778,107.022,105.778,106.755,106.515,258080.0,30925914000.0,0.0,0.0,1.1,0.9778,0.9244
VIC,2019-09-23,15:09:02,HOSE,STOCK,119.4,127.7,111.1,119.5,120.4,118.9,119.0,119.73,106.222,107.022,105.689,105.778,106.427,478830.0,57329418000.0,0.0,0.0,-0.4,-0.3556,-0.335
VIC,2019-09-20,15:09:03,HOSE,STOCK,121.5,130.0,113.0,121.4,121.9,119.4,119.4,119.85,107.911,108.355,106.133,106.133,106.533,1827050.0,218966100000.0,0.0,0.0,-2.1,-1.8667,-1.7284
VIC,2019-09-19,15:09:04,HOSE,STOCK,122.2,130.7,113.7,122.5,122.8,121.4,121.5,121.86,108.889,109.155,107.911,108.0,108.32,345240.0,42070919000.0,0.0,0.0,-0.7,-0.6222,-0.5728
VIC,2019-09-18,15:09:02,HOSE,STOCK,122.8,131.3,114.3,122.5,122.8,122.1,122.2,122.36,108.889,109.155,108.533,108.622,108.764,181830.0,22248582000.0,0.0,0.0,-0.6,-0.5333,-0.4886
VIC,2019-09-17,15:09:02,HOSE,STOCK,122.8,131.3,114.3,122.1,123.8,122.0,122.8,122.86,108.533,110.044,108.444,109.155,109.209,416830.0,51209924000.0,0.0,0.0,0.0,0.0,0.0
VIC,2019-09-16,15:09:03,HOSE,STOCK,122.4,130.9,113.9,122.0,124.7,122.0,122.8,123.26,108.444,110.844,108.444,109.155,109.564,330670.0,40757619000.0,0.0,0.0,0.4,0.3556,0.3268
VIC,2019-09-13,15:09:03,HOSE,STOCK,121.5,130.0,113.0,122.1,122.9,120.8,122.4,121.36,108.533,109.244,107.378,108.8,107.875,278500.0,33798168000.0,0.0,0.0,0.9,0.8,0.7407
VIC,2019-09-12,15:09:03,HOSE,STOCK,121.5,130.0,113.0,121.5,122.1,121.3,121.5,121.58,108.0,108.533,107.822,108.0,108.071,188180.0,22878022000.0,0.0,0.0,0.0,0.0,0.0
VIC,2019-09-11,15:09:02,HOSE,STOCK,122.0,130.5,113.5,122.0,122.8,121.0,121.5,121.78,108.444,109.155,107.555,108.0,108.249,176620.0,21509088000.0,0.0,0.0,-0.5,-0.4444,-0.4098
VIC,2019-09-10,15:09:02,HOSE,STOCK,122.6,131.1,114.1,123.0,123.2,122.0,122.0,122.71,109.333,109.511,108.444,108.444,109.075,247180.0,30331846000.0,0.0,0.0,-0.6,-0.5333,-0.4894
VIC,2019-09-09,15:09:06,HOSE,STOCK,121.1,129.5,112.7,121.9,122.8,121.1,122.6,122.07,108.355,109.155,107.644,108.978,108.507,165730.0,20230754000.0,0.0,0.0,1.5,1.3333,1.2386
VIC,2019-09-06,15:09:03,HOSE,STOCK,122.0,130.5,113.5,122.0,123.0,121.0,121.1,121.73,108.444,109.333,107.555,107.644,108.204,280330.0,34124186000.0,0.0,0.0,-0.9,-0.8,-0.7377
VIC,2019-09-05,15:09:04,HOSE,STOCK,122.4,130.9,113.9,122.9,123.4,122.0,122.0,122.81,109.244,109.689,108.444,108.444,109.164,303110.0,37226238000.0,0.0,0.0,-0.4,-0.3556,-0.3268
VIC,2019-09-04,15:09:04,HOSE,STOCK,123.0,131.6,114.4,123.0,123.5,121.7,122.4,122.64,109.333,109.778,108.178,108.8,109.013,385500.0,47279589000.0,0.0,0.0,-0.6,-0.5333,-0.4878
VIC,2019-09-03,15:09:04,HOSE,STOCK,123.5,132.1,114.9,123.5,124.4,122.2,123.0,123.49,109.778,110.578,108.622,109.333,109.769,174400.0,21536652000.0,0.0,0.0,-0.5,-0.4444,-0.4049
VIC,2019-08-30,15:08:01,HOSE,STOCK,122.5,131.0,114.0,122.5,123.9,122.0,123.5,123.24,108.889,110.133,108.444,109.778,109.547,220710.0,27200140000.0,0.0,0.0,1.0,0.8889,0.8163
VIC,2019-08-29,15:08:03,HOSE,STOCK,122.0,130.5,113.5,123.5,123.5,121.1,122.5,121.89,109.778,109.778,107.644,108.889,108.347,350460.0,42719043000.0,0.0,0.0,0.5,0.4444,0.4098
VIC,2019-08-28,15:08:07,HOSE,STOCK,122.5,131.0,114.0,122.2,123.5,121.9,122.0,122.44,108.622,109.778,108.355,108.444,108.835,242730.0,29720231000.0,0.0,0.0,-0.5,-0.4444,-0.4082
VIC,2019-08-27,15:08:02,HOSE,STOCK,124.8,133.5,116.1,124.9,125.7,122.5,122.5,123.81,111.022,111.733,108.889,108.889,110.053,397260.0,49186367000.0,0.0,0.0,-2.3,-2.0444,-1.8429
VIC,2019-08-26,15:08:02,HOSE,STOCK,125.0,133.7,116.3,125.0,125.0,123.4,124.8,123.94,111.111,111.111,109.689,110.933,110.169,355930.0,44115499000.0,0.0,0.0,-0.2,-0.1778,-0.16
VIC,2019-08-23,15:08:08,HOSE,STOCK,126.1,134.9,117.3,126.1,126.1,124.6,125.0,125.5,112.089,112.089,110.755,111.111,111.555,513250.0,64412924000.0,0.0,0.0,-1.1,-0.9778,-0.8723
VIC,2019-08-22,15:08:03,HOSE,STOCK,122.4,130.9,113.9,123.0,126.5,122.7,126.1,124.55,109.333,112.444,109.067,112.089,110.711,671970.0,83693542000.0,0.0,0.0,3.7,3.2889,3.0229
VIC,2019-08-21,15:08:03,HOSE,STOCK,121.0,129.4,112.6,121.0,122.5,121.0,122.4,122.14,107.555,108.889,107.555,108.8,108.569,252820.0,30878317000.0,0.0,0.0,1.4,1.2444,1.157
VIC,2019-08-20,15:08:03,HOSE,STOCK,121.9,130.4,113.4,121.9,122.5,121.0,121.0,121.81,108.355,108.889,107.555,107.555,108.275,206540.0,25158793000.0,0.0,0.0,-0.9,-0.8,-0.7383
VIC,2019-08-19,15:08:03,HOSE,STOCK,122.0,130.5,113.5,122.5,122.5,121.5,121.9,121.91,108.889,108.889,108.0,108.355,108.364,211950.0,25838811000.0,0.0,0.0,-0.1,-0.0889,-0.082
VIC,2019-08-16,15:08:04,HOSE,STOCK,121.0,129.4,112.6,119.6,122.3,119.6,122.0,121.68,106.311,108.711,106.311,108.444,108.16,347380.0,42269384000.0,0.0,0.0,1.0,0.8889,0.8264
VIC,2019-08-15,15:08:02,HOSE,STOCK,118.6,126.9,110.3,117.0,121.0,117.0,121.0,119.73,104.0,107.555,104.0,107.555,106.427,327120.0,39166653000.0,0.0,0.0,2.4,2.1333,2.0236
VIC,2019-08-14,15:08:03,HOSE,STOCK,118.1,126.3,109.9,119.5,120.0,118.2,118.6,118.71,106.222,106.667,105.067,105.422,105.52,302420.0,35900305000.0,0.0,0.0,0.5,0.4444,0.4234
VIC,2019-08-13,15:08:02,HOSE,STOCK,120.0,128.4,111.6,119.9,120.0,118.0,118.1,118.46,106.578,106.667,104.889,104.978,105.298,310330.0,36762583000.0,0.0,0.0,-1.9,-1.6889,-1.5833
VIC,2019-08-12,15:08:03,HOSE,STOCK,120.2,128.6,111.8,120.2,121.2,120.0,120.0,120.25,106.844,107.733,106.667,106.667,106.889,107460.0,12922307000.0,0.0,0.0,-0.2,-0.1778,-0.1664
VIC,2019-08-09,15:08:04,HOSE,STOCK,122.0,130.5,113.5,122.0,122.5,120.2,120.2,121.49,108.444,108.889,106.844,106.844,107.991,400990.0,48714999000.0,0.0,0.0,-1.8,-1.6,-1.4754
VIC,2019-08-08,15:08:04,HOSE,STOCK,118.0,126.2,109.8,118.0,122.5,118.0,122.0,120.29,104.889,108.889,104.889,108.444,106.924,545170.0,65579186000.0,0.0,0.0,4.0,3.5555,3.3898
VIC,2019-08-07,15:08:02,HOSE,STOCK,119.8,128.1,111.5,119.8,120.2,117.6,118.0,118.6,106.489,106.844,104.533,104.889,105.422,345950.0,41030909000.0,0.0,0.0,-1.8,-1.6,-1.5025
VIC,2019-08-06,15:08:03,HOSE,STOCK,118.0,126.2,109.8,116.0,119.8,115.5,119.8,117.32,103.111,106.489,102.667,106.489,104.284,441590.0,51807394000.0,0.0,0.0,1.8,1.6,1.5254
VIC,2019-08-05,15:08:03,HOSE,STOCK,122.5,131.0,114.0,122.1,122.1,118.0,118.0,120.12,108.533,108.533,104.889,104.889,106.773,760020.0,91294395000.0,0.0,0.0,-4.5,-4.0,-3.6735
VIC,2019-08-02,15:08:03,HOSE,STOCK,124.4,133.1,115.7,122.0,123.1,121.9,122.5,122.35,108.444,109.422,108.355,108.889,108.755,483120.0,59111454000.0,0.0,0.0,-1.9,-1.6889,-1.5273
VIC,2019-08-01,15:08:03,HOSE,STOCK,122.0,130.5,113.5,123.0,124.5,122.5,124.4,123.79,109.333,110.667,108.889,110.578,110.035,365850.0,45288297000.0,0.0,0.0,2.4,2.1333,1.9672
VIC,2019-07-31,15:07:03,HOSE,STOCK,122.5,131.0,114.0,122.5,123.2,120.2,122.0,122.1,108.889,109.511,106.844,108.444,108.533,406490.0,49631300000.0,0.0,0.0,-0.5,-0.4444,-0.4082
VIC,2019-07-30,15:07:04,HOSE,STOCK,124.4,133.1,115.7,124.4,125.0,122.0,122.5,123.34,110.578,111.111,108.444,108.889,109.635,366670.0,45226859000.0,0.0,0.0,-1.9,-1.6889,-1.5273
VIC,2019-07-29,15:07:03,HOSE,STOCK,122.1,130.6,113.6,123.0,124.4,122.1,124.4,123.69,109.333,110.578,108.533,110.578,109.947,566870.0,70115349000.0,0.0,0.0,2.3,2.0444,1.8837
VIC,2019-07-26,15:07:04,HOSE,STOCK,123.2,131.8,114.6,122.7,123.3,121.6,122.1,122.56,109.067,109.6,108.089,108.533,108.942,416560.0,51052114000.0,0.0,0.0,-1.1,-0.9778,-0.8929
VIC,2019-07-25,15:07:02,HOSE,STOCK,122.0,130.5,113.5,120.6,125.1,120.6,123.2,124.1,107.2,111.2,107.2,109.511,110.311,740440.0,91885186000.0,0.0,0.0,1.2,1.0667,0.9836
VIC,2019-07-24,15:07:01,HOSE,STOCK,119.8,128.1,111.5,120.5,122.2,120.2,122.0,121.71,107.111,108.622,106.844,108.444,108.187,661870.0,80558275000.0,0.0,0.0,2.2,1.9555,1.8364
VIC,2019-07-23,15:07:13,HOSE,STOCK,116.5,124.6,108.4,116.5,120.3,116.5,119.8,119.43,103.555,106.933,103.555,106.489,106.16,1502160.0,179398114000.0,0.0,0.0,3.3,2.9333,2.8326
VIC,2019-07-22,15:07:02,HOSE,STOCK,116.0,124.1,107.9,116.0,116.5,115.0,116.5,116.32,103.111,103.555,102.222,103.555,103.395,395900.0,46050552000.0,0.0,0.0,0.5,0.4444,0.431
VIC,2019-07-19,15:07:03,HOSE,STOCK,114.8,122.8,106.8,114.8,116.0,114.8,116.0,115.57,102.044,103.111,102.044,103.111,102.729,476260.0,55039347000.0,0.0,0.0,1.2,1.0667,1.0453
VIC,2019-07-18,15:07:01,HOSE,STOCK,115.5,123.5,107.5,115.0,115.9,114.8,114.8,115.16,102.222,103.022,102.044,102.044,102.364,454560.0,52345915000.0,0.0,0.0,-0.7,-0.6222,-0.6061
VIC,2019-07-17,15:07:02,HOSE,STOCK,115.9,124.0,107.8,116.0,116.3,115.0,115.5,115.56,103.111,103.378,102.222,102.667,102.72,213640.0,24688813000.0,0.0,0.0,-0.4,-0.3556,-0.3451
VIC,2019-07-16,15:07:02,HOSE,STOCK,114.2,122.1,106.3,115.0,116.5,114.2,115.9,115.67,102.222,103.555,101.511,103.022,102.818,473360.0,54752425000.0,0.0,0.0,1.7,1.5111,1.4886
VIC,2019-07-15,15:07:02,HOSE,STOCK,116.0,124.1,107.9,116.0,116.2,113.8,114.2,114.51,103.111,103.289,101.155,101.511,101.787,514900.0,58961861000.0,0.0,0.0,-1.8,-1.6,-1.5517
VIC,2019-07-12,15:07:02,HOSE,STOCK,116.5,124.6,108.4,116.9,117.0,116.0,116.0,116.4,103.911,104.0,103.111,103.111,103.467,169920.0,19779167000.0,0.0,0.0,-0.5,-0.4444,-0.4292
VIC,2019-07-11,15:07:01,HOSE,STOCK,116.8,124.9,108.7,117.3,117.5,115.6,116.5,116.25,104.267,104.444,102.755,103.555,103.333,363380.0,42242931000.0,0.0,0.0,-0.3,-0.2667,-0.2568
VIC,2019-07-10,15:07:02,HOSE,STOCK,116.0,124.1,107.9,117.0,117.5,116.5,116.8,116.9,104.0,104.444,103.555,103.822,103.911,377060.0,44078138000.0,0.0,0.0,0.8,0.7111,0.6897
VIC,2019-07-09,15:07:02,HOSE,STOCK,116.0,124.1,107.9,116.0,116.1,115.2,116.0,115.82,103.111,103.2,102.4,103.111,102.951,187330.0,21697361000.0,0.0,0.0,0.0,0.0,0.0
VIC,2019-07-08,15:07:05,HOSE,STOCK,116.7,124.8,108.6,116.5,116.7,115.8,116.0,116.19,103.555,103.733,102.933,103.111,103.28,285840.0,33213177000.0,0.0,0.0,-0.7,-0.6222,-0.5998
VIC,2019-07-05,15:07:02,HOSE,STOCK,116.5,124.6,108.4,116.0,116.8,115.8,116.7,116.4,103.111,103.822,102.933,103.733,103.467,307400.0,35782884000.0,0.0,0.0,0.2,0.1778,0.1717
VIC,2019-07-04,15:07:03,HOSE,STOCK,115.4,123.4,107.4,115.0,116.5,115.0,116.5,115.93,102.222,103.555,102.222,103.555,103.049,265260.0,30752484000.0,0.0,0.0,1.1,0.9778,0.9532
VIC,2019-07-03,15:07:03,HOSE,STOCK,115.8,123.9,107.7,115.5,116.0,114.3,115.4,114.91,102.667,103.111,101.6,102.578,102.142,260170.0,29897411000.0,0.0,0.0,-0.4,-0.3556,-0.3454
VIC,2019-07-02,15:07:02,HOSE,STOCK,117.2,125.4,109.0,117.1,117.3,115.8,115.8,116.54,104.089,104.267,102.933,102.933,103.591,268150.0,31250501000.0,0.0,0.0,-1.4,-1.2444,-1.1945
VIC,2019-07-01,15:07:01,HOSE,STOCK,115.7,123.7,107.7,116.7,117.2,116.1,117.2,116.78,103.733,104.178,103.2,104.178,103.804,562110.0,65642102000.0,0.0,0.0,1.5,1.3333,1.2965
VIC,2019-06-28,15:06:02,HOSE,STOCK,114.9,122.9,106.9,115.0,115.9,113.7,115.7,114.79,102.222,103.022,101.067,102.844,102.035,468590.0,53787891000.0,0.0,0.0,0.8,0.7111,0.6963
VIC,2019-06-27,15:06:02,HOSE,STOCK,116.9,125.0,108.8,117.0,117.0,114.9,114.9,116.07,104.0,104.0,102.133,102.133,103.173,398280.0,46227838000.0,0.0,0.0,-2.0,-1.7778,-1.7109
VIC,2019-06-26,15:06:01,HOSE,STOCK,116.4,124.5,108.3,116.3,117.0,116.0,116.9,116.71,103.378,104.0,103.111,103.911,103.742,515020.0,60107948000.0,0.0,0.0,0.5,0.4444,0.4296
VIC,2019-06-25,15:06:01,HOSE,STOCK,116.4,124.5,108.3,116.5,117.2,116.3,116.4,116.76,103.555,104.178,103.378,103.467,103.787,510700.0,59631759000.0,0.0,0.0,0.0,0.0,0.0
VIC,2019-06-24,15:06:02,HOSE,STOCK,114.5,122.5,106.5,115.0,116.6,115.0,116.4,116.31,102.222,103.644,102.222,103.467,103.387,228390.0,26563474000.0,0.0,0.0,1.9,1.6889,1.6594
VIC,2019-06-21,15:06:02,HOSE,STOCK,116.0,124.1,107.9,116.5,116.8,114.5,114.5,114.88,103.555,103.822,101.778,101.778,102.115,594210.0,68262062000.0,0.0,0.0,-1.5,-1.3333,-1.2931
VIC,2019-06-20,15:06:05,HOSE,STOCK,115.9,124.0,107.8,116.2,117.1,115.6,116.0,116.54,103.289,104.089,102.755,103.111,103.591,317480.0,36997544000.0,0.0,0.0,0.1,0.0889,0.0863
VIC,2019-06-19,15:06:02,HOSE,STOCK,114.0,121.9,106.1,114.7,115.9,114.5,115.9,115.23,101.955,103.022,101.778,103.022,102.427,135220.0,15581437000.0,0.0,0.0,1.9,1.6889,1.6667
VIC,2019-06-18,15:06:03,HOSE,STOCK,114.5,122.5,106.5,114.7,115.0,113.8,114.0,114.24,101.955,102.222,101.155,101.333,101.547,433860.0,49563796000.0,0.0,0.0,-0.5,-0.4444,-0.4367
VIC,2019-06-17,15:06:02,HOSE,STOCK,115.5,123.5,107.5,115.9,116.5,113.8,114.5,114.47,103.022,103.555,101.155,101.778,101.751,415390.0,47550592000.0,0.0,0.0,-1.0,-0.8889,-0.8658
VIC,2019-06-14,15:06:03,HOSE,STOCK,115.5,123.5,107.5,116.0,116.0,114.3,115.5,115.05,103.111,103.111,101.6,102.667,102.267,350180.0,40286819000.0,0.0,0.0,0.0,0.0,0.0
VIC,2019-06-13,15:06:02,HOSE,STOCK,116.0,124.1,107.9,115.2,115.9,115.2,115.5,115.58,102.4,103.022,102.4,102.667,102.738,267940.0,30968432000.0,0.0,0.0,-0.5,-0.4444,-0.431
VIC,2019-06-12,15:06:02,HOSE,STOCK,117.0,125.1,108.9,117.0,117.5,116.0,116.0,116.89,104.0,104.444,103.111,103.111,103.902,258350.0,30198315000.0,0.0,0.0,-1.0,-0.8889,-0.8547
VIC,2019-06-11,15:06:01,HOSE,STOCK,117.6,125.8,109.4,117.6,117.8,117.0,117.0,117.47,104.533,104.711,104.0,104.0,104.418,308910.0,36287066000.0,0.0,0.0,-0.6,-0.5333,-0.5102
VIC,2019-06-10,15:06:01,HOSE,STOCK,117.0,125.1,108.9,117.2,118.7,117.2,117.6,117.94,104.178,105.511,104.178,104.533,104.835,955890.0,112741118000.0,0.0,0.0,0.6,0.5333,0.5128
VIC,2019-06-07,15:06:01,HOSE,STOCK,115.9,124.0,107.8,116.6,117.0,116.1,117.0,116.7,103.644,104.0,103.2,104.0,103.733,286940.0,33484834000.0,0.0,0.0,1.1,0.9778,0.9491
VIC,2019-06-06,15:06:02,HOSE,STOCK,115.9,124.0,107.8,115.9,115.9,114.4,115.9,115.54,103.022,103.022,101.689,103.022,102.702,167500.0,19352398000.0,0.0,0.0,0.0,0.0,0.0
VIC,2019-06-05,15:06:01,HOSE,STOCK,114.6,122.6,106.6,115.0,115.9,115.0,115.9,115.65,102.222,103.022,102.222,103.022,102.8,244400.0,28265250000.0,0.0,0.0,1.3,1.1556,1.1344
VIC,2019-06-04,15:06:01,HOSE,STOCK,114.5,122.5,106.5,113.6,115.4,113.6,114.6,114.64,100.978,102.578,100.978,101.867,101.902,262740.0,30120246000.0,0.0,0.0,0.1,0.0889,0.0873
VIC,2019-06-03,15:06:01,HOSE,STOCK,114.6,122.6,106.6,114.0,115.5,113.0,114.5,114.37,101.333,102.667,100.444,101.778,101.662,281510.0,32196958000.0,0.0,0.0,-0.1,-0.0889,-0.0873
VIC,2019-05-31,15:05:02,HOSE,STOCK,115.0,123.0,107.0,115.8,115.8,114.6,114.6,115.04,102.933,102.933,101.867,101.867,102.258,296610.0,34123384000.0,0.0,0.0,-0.4,-0.3556,-0.3478
VIC,2019-05-30,15:05:01,HOSE,STOCK,115.2,123.2,107.2,115.2,116.2,115.0,115.0,115.75,102.4,103.289,102.222,102.222,102.889,572810.0,66301762000.0,0.0,0.0,-0.2,-0.1778,-0.1736
VIC,2019-05-29,15:05:02,HOSE,STOCK,114.0,121.9,106.1,114.9,115.4,114.0,115.2,114.94,102.133,102.578,101.333,102.4,102.169,357950.0,41141266000.0,0.0,0.0,1.2,1.0667,1.0526
VIC,2019-05-28,15:05:02,HOSE,STOCK,115.0,123.0,107.0,116.0,116.0,114.0,114.0,114.41,103.111,103.111,101.333,101.333,101.698,503270.0,57579087000.0,0.0,0.0,-1.0,-0.8889,-0.8696
VIC,2019-05-27,15:05:01,HOSE,STOCK,115.0,123.0,107.0,114.0,115.9,114.0,115.0,115.24,101.333,103.022,101.333,102.222,102.435,166080.0,19139419000.0,0.0,0.0,0.0,0.0,0.0
VIC,2019-05-24,15:05:01,HOSE,STOCK,117.0,125.1,108.9,115.5,116.2,114.3,115.0,115.43,102.667,103.289,101.6,102.222,102.604,628560.0,72556590000.0,0.0,0.0,-2.0,-1.7778,-1.7094
VIC,2019-05-23,15:05:01,HOSE,STOCK,117.5,125.7,109.3,117.0,117.6,116.2,117.0,117.29,104.0,104.533,103.289,104.0,104.258,249830.0,29301787000.0,0.0,0.0,-0.5,-0.4444,-0.4255
VIC,2019-05-22,15:05:01,HOSE,STOCK,117.5,125.7,109.3,117.2,118.1,116.0,117.5,117.33,104.178,104.978,103.111,104.444,104.293,382330.0,44860613000.0,0.0,0.0,0.0,0.0,0.0
VIC,2019-05-21,15:05:01,HOSE,STOCK,117.5,125.7,109.3,118.7,118.7,116.3,117.5,117.53,105.511,105.511,103.378,104.444,104.471,708620.0,83283059000.0,0.0,0.0,0.0,0.0,0.0
VIC,2019-05-20,15:05:01,HOSE,STOCK,116.9,125.0,108.8,117.0,117.5,116.1,117.5,116.99,104.0,104.444,103.2,104.444,103.991,406340.0,47537593000.0,0.0,0.0,0.6,0.5333,0.5133
VIC,2019-05-17,15:05:01,HOSE,STOCK,116.9,125.0,108.8,117.0,118.1,116.1,116.9,117.0,104.0,104.978,103.2,103.911,104.0,464260.0,54319850000.0,0.0,0.0,0.0,0.0,0.0
VIC,2019-05-16,15:05:01,HOSE,STOCK,115.3,123.3,107.3,115.3,118.9,115.3,116.9,117.08,102.489,105.689,102.489,103.911,104.071,773010.0,90500332000.0,0.0,0.0,1.6,1.4222,1.3877
VIC,2019-05-15,15:05:01,HOSE,STOCK,113.5,121.4,105.6,113.5,116.2,113.4,115.3,115.26,100.889,103.289,100.8,102.489,102.453,456790.0,52648042000.0,0.0,0.0,1.8,1.6,1.5859
VIC,2019-05-14,15:05:02,HOSE,STOCK,112.9,120.8,105.0,112.0,113.5,111.9,113.5,113.11,99.555,100.889,99.467,100.889,100.542,539280.0,60999486000.0,0.0,0.0,0.6,0.5333,0.5314
VIC,2019-05-13,15:05:01,HOSE,STOCK,112.7,120.5,104.9,111.9,112.9,111.7,112.9,112.32,99.467,100.355,99.289,100.355,99.84,439200.0,49330029000.0,0.0,0.0,0.2,0.1778,0.1775
VIC,2019-05-10,15:05:01,HOSE,STOCK,112.6,120.4,104.8,112.6,113.0,112.2,112.7,112.67,100.089,100.444,99.733,100.178,100.151,289160.0,32578624000.0,0.0,0.0,0.1,0.0889,0.0888
VIC,2019-05-09,15:05:02,HOSE,STOCK,112.6,120.4,104.8,112.7,112.7,111.6,112.6,112.31,100.178,100.178,99.2,100.089,99.831,314140.0,35282257000.0,0.0,0.0,0.0,0.0,0.0
VIC,2019-05-08,15:05:01,HOSE,STOCK,112.6,120.4,104.8,111.5,112.7,111.4,112.6,112.31,99.111,100.178,99.022,100.089,99.831,348500.0,39140772000.0,0.0,0.0,0.0,0.0,0.0
VIC,2019-05-07,15:05:02,HOSE,STOCK,112.2,120.0,104.4,112.2,113.3,111.0,112.6,112.22,99.733,100.711,98.667,100.089,99.751,421350.0,47285801000.0,0.0,0.0,0.4,0.3556,0.3565
VIC,2019-05-06,15:05:01,HOSE,STOCK,112.5,120.3,104.7,112.0,112.3,110.2,112.2,111.62,99.555,99.822,97.955,99.733,99.218,290580.0,32435695000.0,0.0,0.0,-0.3,-0.2667,-0.2667
VIC,2019-05-03,15:05:03,HOSE,STOCK,113.6,121.5,105.7,113.7,113.7,112.1,112.5,112.71,101.067,101.067,99.644,100.0,100.187,705500.0,79517368000.0,0.0,0.0,-1.1,-0.9778,-0.9683
VIC,2019-05-02,15:05:04,HOSE,STOCK,113.7,121.6,105.8,113.8,113.9,113.0,113.6,113.48,101.155,101.244,100.444,100.978,100.871,190970.0,21671707000.0,0.0,0.0,-0.1,-0.0889,-0.088
VIC,2019-04-26,15:04:02,HOSE,STOCK,113.6,121.5,105.7,112.0,113.7,112.0,113.7,113.35,99.555,101.067,99.555,101.067,100.755,826050.0,93630160000.0,0.0,0.0,0.1,0.0889,0.088
VIC,2019-04-25,15:04:02,HOSE,STOCK,113.8,121.7,105.9,113.8,113.8,112.0,113.6,112.76,101.155,101.155,99.555,100.978,100.231,503490.0,56774544000.0,0.0,0.0,-0.2,-0.1778,-0.1757
VIC,2019-04-24,15:04:02,HOSE,STOCK,113.0,120.9,105.1,113.0,114.0,112.1,113.8,113.57,100.444,101.333,99.644,101.155,100.951,447820.0,50857108000.0,0.0,0.0,0.8,0.7111,0.708
VIC,2019-04-23,15:04:01,HOSE,STOCK,111.9,119.7,104.1,111.9,113.0,111.0,113.0,112.42,99.467,100.444,98.667,100.444,99.929,534660.0,60107891000.0,0.0,0.0,1.1,0.9778,0.983
VIC,2019-04-22,15:04:02,HOSE,STOCK,110.1,117.8,102.4,109.0,111.9,107.0,111.9,110.29,96.889,99.467,95.111,99.467,98.035,794060.0,87579681000.0,0.0,0.0,1.8,1.6,1.6349
VIC,2019-04-19,15:04:02,HOSE,STOCK,109.0,116.6,101.4,110.0,110.6,108.2,110.1,109.63,97.778,98.311,96.178,97.867,97.449,414050.0,45392290000.0,0.0,0.0,1.1,0.9778,1.0092
VIC,2019-04-18,15:04:01,HOSE,STOCK,110.0,117.7,102.3,109.5,110.0,105.0,109.0,108.35,97.333,97.778,93.333,96.889,96.311,891240.0,96569062000.0,0.0,0.0,-1.0,-0.8889,-0.9091
VIC,2019-04-17,15:04:01,HOSE,STOCK,113.1,121.0,105.2,111.3,113.0,110.0,110.0,111.33,98.933,100.444,97.778,97.778,98.96,960220.0,106897354000.0,0.0,0.0,-3.1,-2.7556,-2.7409
VIC,2019-04-16,15:04:01,HOSE,STOCK,113.2,121.1,105.3,109.5,113.1,108.0,113.1,110.49,97.333,100.533,96.0,100.533,98.213,1231190.0,136031341000.0,0.0,0.0,-0.1,-0.0889,-0.0883
VIC,2019-04-12,15:04:01,HOSE,STOCK,115.0,123.0,107.0,115.0,115.0,113.0,113.2,113.68,102.222,102.222,100.444,100.622,101.049,551990.0,62749166000.0,0.0,0.0,-1.8,-1.6,-1.5652
VIC,2019-04-11,15:04:01,HOSE,STOCK,111.8,119.6,104.0,111.8,115.0,111.8,115.0,113.11,99.378,102.222,99.378,102.222,100.542,350810.0,39681318000.0,0.0,0.0,3.2,2.8444,2.8623
VIC,2019-04-10,15:04:01,HOSE,STOCK,113.0,120.9,105.1,113.0,114.0,110.9,111.8,112.11,100.444,101.333,98.578,99.378,99.653,696000.0,78031964000.0,0.0,0.0,-1.2,-1.0667,-1.0619
VIC,2019-04-09,15:04:01,HOSE,STOCK,115.5,123.5,107.5,116.0,116.0,112.8,113.0,113.94,103.111,103.111,100.267,100.444,101.28,1156710.0,131799683000.0,0.0,0.0,-2.5,-2.2222,-2.1645
VIC,2019-04-08,15:04:02,HOSE,STOCK,115.1,123.1,107.1,115.2,115.8,114.8,115.5,115.18,102.4,102.933,102.044,102.667,102.382,435190.0,50126324000.0,0.0,0.0,0.4,0.3556,0.3475
VIC,2019-04-05,15:04:01,HOSE,STOCK,115.1,123.1,107.1,115.3,115.4,114.6,115.1,115.13,102.489,102.578,101.867,102.311,102.338,235790.0,27146187000.0,0.0,0.0,0.0,0.0,0.0
VIC,2019-04-04,15:04:01,HOSE,STOCK,114.9,122.9,106.9,115.3,115.8,114.1,115.1,114.86,102.489,102.933,101.422,102.311,102.098,383730.0,44073354000.0,0.0,0.0,0.2,0.1778,0.1741
VIC,2019-04-03,15:04:01,HOSE,STOCK,116.3,124.4,108.2,115.5,116.0,114.5,114.9,115.2,102.667,103.111,101.778,102.133,102.4,464270.0,53486053000.0,0.0,0.0,-1.4,-1.2444,-1.2038
VIC,2019-04-02,15:04:01,HOSE,STOCK,116.5,124.6,108.4,116.9,117.2,116.2,116.3,116.81,103.911,104.178,103.289,103.378,103.831,1036350.0,121054334000.0,0.0,0.0,-0.2,-0.1778,-0.1717
VIC,2019-04-01,15:04:01,HOSE,STOCK,115.9,124.0,107.8,116.4,116.5,115.8,116.5,116.09,103.467,103.555,102.933,103.555,103.191,828430.0,96175390000.0,0.0,0.0,0.6,0.5333,0.5177
VIC,2019-03-29,15:03:01,HOSE,STOCK,115.9,124.0,107.8,115.9,116.8,115.9,115.9,116.15,103.022,103.822,103.022,103.022,103.244,1099970.0,127766961000.0,0.0,0.0,0.0,0.0,0.0
VIC,2019-03-28,15:03:02,HOSE,STOCK,113.9,121.8,106.0,113.9,115.9,113.9,115.9,115.25,101.244,103.022,101.244,103.022,102.444,561880.0,64757282000.0,0.0,0.0,2.0,1.7778,1.7559
VIC,2019-03-27,15:03:01,HOSE,STOCK,113.7,121.6,105.8,115.0,115.9,113.9,113.9,114.71,102.222,103.022,101.244,101.244,101.964,772080.0,88561479000.0,0.0,0.0,0.2,0.1778,0.1759
VIC,2019-03-26,15:03:02,HOSE,STOCK,115.2,123.2,107.2,115.5,116.8,113.0,113.7,114.76,102.667,103.822,100.444,101.067,102.009,846570.0,97155523000.0,0.0,0.0,-1.5,-1.3333,-1.3021
VIC,2019-03-25,15:03:02,HOSE,STOCK,118.6,126.9,110.3,117.0,117.3,115.0,115.2,116.06,104.0,104.267,102.222,102.4,103.164,886800.0,102917834000.0,0.0,0.0,-3.4,-3.0222,-2.8668
VIC,2019-03-22,15:03:01,HOSE,STOCK,117.0,125.1,108.9,117.0,118.9,117.0,118.6,118.06,104.0,105.689,104.0,105.422,104.942,1114660.0,131599649000.0,0.0,0.0,1.6,1.4222,1.3675
VIC,2019-03-21,15:03:02,HOSE,STOCK,120.2,128.6,111.8,120.0,120.3,117.0,117.0,118.93,106.667,106.933,104.0,104.0,105.715,1208480.0,143727626000.0,0.0,0.0,-3.2,-2.8444,-2.6622
VIC,2019-03-20,15:03:02,HOSE,STOCK,121.0,129.4,112.6,121.0,121.0,119.1,120.2,120.03,107.555,107.555,105.867,106.844,106.693,780190.0,93647402000.0,0.0,0.0,-0.8,-0.7111,-0.6612
VIC,2019-03-19,15:03:02,HOSE,STOCK,121.3,129.7,112.9,121.3,122.4,120.7,121.0,121.44,107.822,108.8,107.289,107.555,107.947,1190080.0,144518309000.0,0.0,0.0,-0.3,-0.2667,-0.2473
VIC,2019-03-18,15:03:02,HOSE,STOCK,118.7,127.0,110.4,120.0,121.3,119.1,121.3,120.16,106.667,107.822,105.867,107.822,106.809,1114570.0,133931938000.0,0.0,0.0,2.6,2.3111,2.1904
VIC,2019-03-15,15:03:02,HOSE,STOCK,118.8,127.1,110.5,119.3,119.3,117.9,118.7,118.67,106.044,106.044,104.8,105.511,105.484,1704580.0,202276261000.0,0.0,0.0,-0.1,-0.0889,-0.0842
VIC,2019-03-14,15:03:02,HOSE,STOCK,117.5,125.7,109.3,116.5,118.8,115.6,118.8,117.63,103.555,105.6,102.755,105.6,104.56,1155340.0,135902286000.0,0.0,0.0,1.3,1.1556,1.1064
VIC,2019-03-13,15:03:02,HOSE,STOCK,118.6,126.9,110.3,118.5,120.0,117.0,117.5,118.84,105.333,106.667,104.0,104.444,105.635,1262350.0,150014701000.0,0.0,0.0,-1.1,-0.9778,-0.9275
VIC,2019-03-12,15:03:03,HOSE,STOCK,118.3,126.5,110.1,119.0,119.4,118.2,118.6,118.86,105.778,106.133,105.067,105.422,105.653,902200.0,107232009000.0,0.0,0.0,0.3,0.2667,0.2536
VIC,2019-03-11,15:03:02,HOSE,STOCK,118.1,126.3,109.9,117.0,118.3,117.0,118.3,118.0,104.0,105.155,104.0,105.155,104.889,429390.0,50669528000.0,0.0,0.0,0.2,0.1778,0.1693
VIC,2019-03-08,15:03:01,HOSE,STOCK,119.2,127.5,110.9,119.0,119.6,118.1,118.1,118.98,105.778,106.311,104.978,104.978,105.76,845280.0,100572734000.0,0.0,0.0,-1.1,-0.9778,-0.9228
VIC,2019-03-07,15:03:03,HOSE,STOCK,117.7,125.9,109.5,117.9,122.5,117.8,119.2,120.52,104.8,108.889,104.711,105.955,107.129,1797980.0,216695172000.0,0.0,0.0,1.5,1.3333,1.2744
VIC,2019-03-06,15:03:01,HOSE,STOCK,117.3,125.5,109.1,117.7,117.7,117.1,117.7,117.46,104.622,104.622,104.089,104.622,104.409,377280.0,44316734000.0,0.0,0.0,0.4,0.3556,0.341
VIC,2019-03-05,15:03:02,HOSE,STOCK,117.4,125.6,109.2,117.4,117.8,116.9,117.3,117.52,104.355,104.711,103.911,104.267,104.462,706060.0,82978935000.0,0.0,0.0,-0.1,-0.0889,-0.0852
VIC,2019-03-04,15:03:01,HOSE,STOCK,115.1,123.1,107.1,116.7,117.6,115.8,117.4,117.03,103.733,104.533,102.933,104.355,104.027,660550.0,77305527000.0,0.0,0.0,2.3,2.0444,1.9983
VIC,2019-03-01,15:03:01,HOSE,STOCK,114.0,121.9,106.1,114.0,117.0,114.0,115.1,115.54,101.333,104.0,101.333,102.311,102.702,739260.0,85416870000.0,0.0,0.0,1.1,0.9778,0.9649
VIC,2019-02-28,15:02:02,HOSE,STOCK,117.4,125.6,109.2,117.0,117.4,113.1,114.0,115.11,104.0,104.355,100.533,101.333,102.32,1132410.0,130355481000.0,0.0,0.0,-3.4,-3.0222,-2.8961
VIC,2019-02-27,15:02:02,HOSE,STOCK,115.5,123.5,107.5,115.5,117.9,115.5,117.4,117.05,102.667,104.8,102.667,104.355,104.044,824620.0,96517850000.0,0.0,0.0,1.9,1.6889,1.645
VIC,2019-02-26,15:02:01,HOSE,STOCK,116.3,124.4,108.2,116.0,116.6,113.5,115.5,115.54,103.111,103.644,100.889,102.667,102.702,792710.0,91587285000.0,0.0,0.0,-0.8,-0.7111,-0.6879
VIC,2019-02-25,15:02:02,HOSE,STOCK,117.0,125.1,108.9,117.0,117.9,115.9,116.3,116.83,104.0,104.8,103.022,103.378,103.849,624890.0,73008250000.0,0.0,0.0,-0.7,-0.6222,-0.5983
VIC,2019-02-22,15:02:01,HOSE,STOCK,118.4,126.6,110.2,118.0,118.4,116.6,117.0,117.46,104.889,105.244,103.644,104.0,104.409,720970.0,84684276000.0,0.0,0.0,-1.4,-1.2444,-1.1824
VIC,2019-02-21,15:02:01,HOSE,STOCK,116.5,124.6,108.4,116.5,118.4,116.3,118.4,118.1,103.555,105.244,103.378,105.244,104.978,1162700.0,137315637000.0,0.0,0.0,1.9,1.6889,1.6309
VIC,2019-02-20,15:02:01,HOSE,STOCK,116.0,124.1,107.9,115.2,116.9,115.2,116.5,116.39,102.4,103.911,102.4,103.555,103.458,678800.0,79005596000.0,0.0,0.0,0.5,0.4444,0.431
VIC,2019-02-19,15:02:01,HOSE,STOCK,113.7,121.6,105.8,113.5,116.6,113.5,116.0,115.44,100.889,103.644,100.889,103.111,102.613,1002020.0,115668212000.0,0.0,0.0,2.3,2.0444,2.0229
VIC,2019-02-18,15:02:01,HOSE,STOCK,112.0,119.8,104.2,112.5,113.7,111.7,113.7,113.13,100.0,101.067,99.289,101.067,100.56,829150.0,93798009000.0,0.0,0.0,1.7,1.5111,1.5179
VIC,2019-02-15,15:02:01,HOSE,STOCK,112.9,120.8,105.0,113.0,113.0,112.0,112.0,112.34,100.444,100.444,99.555,99.555,99.858,670900.0,75366438000.0,0.0,0.0,-0.9,-0.8,-0.7972
VIC,2019-02-14,15:02:01,HOSE,STOCK,109.0,116.6,101.4,109.0,113.0,109.0,112.9,112.09,96.889,100.444,96.889,100.355,99.635,995310.0,111562238000.0,0.0,0.0,3.9,3.4666,3.578
VIC,2019-02-13,15:02:02,HOSE,STOCK,109.1,116.7,101.5,108.0,109.3,107.2,109.0,108.57,96.0,97.155,95.289,96.889,96.507,822040.0,89251772000.0,0.0,0.0,-0.1,-0.0889,-0.0917
VIC,2019-02-12,15:02:02,HOSE,STOCK,104.0,111.2,96.8,104.9,109.1,104.0,109.1,107.36,93.244,96.978,92.444,96.978,95.431,769110.0,82575131000.0,0.0,0.0,5.1,4.5333,4.9038
VIC,2019-02-11,15:02:02,HOSE,STOCK,98.8,105.7,91.9,101.8,104.0,101.2,104.0,102.27,90.489,92.444,89.955,92.444,90.907,527310.0,53927499000.0,0.0,0.0,5.2,4.6222,5.2632
VIC,2019-02-01,15:02:01,HOSE,STOCK,103.9,111.1,96.7,103.8,103.8,98.8,98.8,99.95,92.267,92.267,87.822,87.822,88.844,2095840.0,209472964000.0,0.0,0.0,-5.1,-4.5333,-4.9086
VIC,2019-01-31,15:01:02,HOSE,STOCK,103.9,111.1,96.7,104.0,104.5,102.5,103.9,103.24,92.444,92.889,91.111,92.355,91.769,651020.0,67210914000.0,0.0,0.0,0.0,0.0,0.0
VIC,2019-01-30,15:01:01,HOSE,STOCK,103.9,111.1,96.7,103.9,104.0,102.9,103.9,103.56,92.355,92.444,91.467,92.355,92.053,370040.0,38320873000.0,0.0,0.0,0.0,0.0,0.0
VIC,2019-01-29,15:01:01,HOSE,STOCK,103.7,110.9,96.5,104.9,104.9,103.0,103.9,103.79,93.244,93.244,91.555,92.355,92.258,225310.0,23384147000.0,0.0,0.0,0.2,0.1778,0.1929
VIC,2019-01-28,15:01:01,HOSE,STOCK,102.9,110.1,95.7,102.9,103.7,102.6,103.7,103.45,91.467,92.178,91.2,92.178,91.955,381260.0,39440141000.0,0.0,0.0,0.8,0.7111,0.7775
VIC,2019-01-25,15:01:01,HOSE,STOCK,102.8,109.9,95.7,102.8,103.5,102.2,102.9,102.92,91.378,92.0,90.844,91.467,91.484,306670.0,31563865000.0,0.0,0.0,0.1,0.0889,0.0973
VIC,2019-01-24,15:01:01,HOSE,STOCK,102.6,109.7,95.5,102.5,102.9,102.2,102.8,102.52,91.111,91.467,90.844,91.378,91.129,184720.0,18936675000.0,0.0,0.0,0.2,0.1778,0.1949
VIC,2019-01-23,15:01:01,HOSE,STOCK,102.4,109.5,95.3,102.0,103.7,102.0,102.6,102.92,90.667,92.178,90.667,91.2,91.484,299570.0,30830751000.0,0.0,0.0,0.2,0.1778,0.1953
VIC,2019-01-22,15:01:02,HOSE,STOCK,102.4,109.5,95.3,102.4,102.4,101.5,102.4,102.32,91.022,91.022,90.222,91.022,90.951,258070.0,26404821000.0,0.0,0.0,0.0,0.0,0.0
VIC,2019-01-21,15:01:01,HOSE,STOCK,102.2,109.3,95.1,102.2,102.4,101.3,102.4,102.11,90.844,91.022,90.044,91.022,90.764,404250.0,41279871000.0,0.0,0.0,0.2,0.1778,0.1957
VIC,2019-01-18,15:01:01,HOSE,STOCK,102.0,109.1,94.9,101.5,102.2,100.9,102.2,101.84,90.222,90.844,89.689,90.844,90.524,498290.0,50743415000.0,0.0,0.0,0.2,0.1778,0.1961
VIC,2019-01-17,15:01:01,HOSE,STOCK,102.0,109.1,94.9,102.0,102.2,100.7,102.0,101.9,90.667,90.844,89.511,90.667,90.578,325130.0,33131341000.0,0.0,0.0,0.0,0.0,0.0
VIC,2019-01-16,15:01:01,HOSE,STOCK,101.5,108.6,94.4,101.5,102.1,100.8,102.0,101.51,90.222,90.755,89.6,90.667,90.231,518160.0,52599675000.0,0.0,0.0,0.5,0.4444,0.4926
VIC,2019-01-15,15:01:01,HOSE,STOCK,101.4,108.4,94.4,101.4,101.5,100.4,101.5,101.25,90.133,90.222,89.244,90.222,90.0,711450.0,72031699000.0,0.0,0.0,0.1,0.0889,0.0986
VIC,2019-01-14,15:01:01,HOSE,STOCK,101.4,108.4,94.4,101.3,101.9,100.2,101.4,100.97,90.044,90.578,89.067,90.133,89.751,562930.0,56839682000.0,0.0,0.0,0.0,0.0,0.0
VIC,2019-01-11,15:01:01,HOSE,STOCK,101.4,108.4,94.4,101.0,101.4,100.1,101.4,100.74,89.778,90.133,88.978,90.133,89.547,569030.0,57324887000.0,0.0,0.0,0.0,0.0,0.0
VIC,2019-01-10,15:01:01,HOSE,STOCK,101.5,108.6,94.4,101.2,101.5,100.0,101.4,100.82,89.955,90.222,88.889,90.133,89.618,551980.0,55651882000.0,0.0,0.0,-0.1,-0.0889,-0.0985
VIC,2019-01-09,15:01:02,HOSE,STOCK,101.0,108.0,94.0,101.0,101.9,99.0,101.5,100.6,89.778,90.578,88.0,90.222,89.422,659210.0,66315193000.0,0.0,0.0,0.5,0.4444,0.495
VIC,2019-01-08,15:01:01,HOSE,STOCK,101.0,108.0,94.0,102.0,102.0,99.7,101.0,100.38,90.667,90.667,88.622,89.778,89.227,494300.0,49619466000.0,0.0,0.0,0.0,0.0,0.0
VIC,2019-01-07,15:01:01,HOSE,STOCK,100.6,107.6,93.6,100.9,103.0,99.9,101.0,100.87,89.689,91.555,88.8,89.778,89.662,589150.0,59427734000.0,0.0,0.0,0.4,0.3556,0.3976
VIC,2019-01-04,15:01:01,HOSE,STOCK,100.3,107.3,93.3,100.0,100.7,98.0,100.6,99.62,88.889,89.511,87.111,89.422,88.551,458000.0,45624849000.0,0.0,0.0,0.3,0.2667,0.2991
VIC,2019-01-03,15:01:01,HOSE,STOCK,100.4,107.4,93.4,100.0,100.3,98.2,100.3,99.1,88.889,89.155,87.289,89.155,88.089,496950.0,49246527000.0,0.0,0.0,-0.1,-0.0889,-0.0996
VIC,2019-01-02,15:01:01,HOSE,STOCK,0.0,0.0,0.0,101.2,101.3,97.5,100.4,100.09,89.955,90.044,86.667,89.244,88.969,602450.0,60300043000.0,0.0,0.0,0.0,0.0,0.0
VIC,2018-12-28,15:12:01,HOSE,STOCK,102.4,109.5,95.3,103.3,103.4,95.3,95.3,96.9,91.822,91.911,84.711,84.711,86.133,381320.0,36948115000.0,0.0,0.0,-7.1,-6.3111,-6.9336
VIC,2018-12-27,15:12:02,HOSE,STOCK,101.9,109.0,94.8,101.0,102.9,101.0,102.4,102.16,89.778,91.467,89.778,91.022,90.809,690680.0,70558760000.0,0.0,0.0,0.5,0.4444,0.4907
VIC,2018-12-26,15:12:01,HOSE,STOCK,101.9,109.0,94.8,101.0,101.9,101.0,101.9,101.61,89.778,90.578,89.778,90.578,90.32,367750.0,37368068000.0,0.0,0.0,0.0,0.0,0.0
VIC,2018-12-25,15:12:01,HOSE,STOCK,102.0,109.1,94.9,100.1,101.9,100.1,101.9,101.2,88.978,90.578,88.978,90.578,89.955,293610.0,29714148000.0,0.0,0.0,-0.1,-0.0889,-0.098
VIC,2018-12-24,15:12:01,HOSE,STOCK,102.0,109.1,94.9,102.0,102.2,101.3,102.0,101.96,90.667,90.844,90.044,90.667,90.631,216960.0,22120744000.0,0.0,0.0,0.0,0.0,0.0
VIC,2018-12-21,15:12:01,HOSE,STOCK,101.9,109.0,94.8,100.5,102.0,100.0,102.0,101.76,89.333,90.667,88.889,90.667,90.453,791040.0,80495002000.0,0.0,0.0,0.1,0.0889,0.0981
VIC,2018-12-20,15:12:01,HOSE,STOCK,102.0,109.1,94.9,101.0,102.0,100.8,101.9,101.65,89.778,90.667,89.6,90.578,90.355,387370.0,39376035000.0,0.0,0.0,-0.1,-0.0889,-0.098
VIC,2018-12-19,15:12:01,HOSE,STOCK,102.0,109.1,94.9,102.0,102.3,100.5,102.0,101.73,90.667,90.933,89.333,90.667,90.427,506600.0,51535599000.0,0.0,0.0,0.0,0.0,0.0
VIC,2018-12-18,15:12:01,HOSE,STOCK,102.5,109.6,95.4,101.8,102.0,100.0,102.0,101.36,90.489,90.667,88.889,90.667,90.098,531470.0,53867479000.0,0.0,0.0,-0.5,-0.4444,-0.4878
VIC,2018-12-17,15:12:02,HOSE,STOCK,102.7,109.8,95.6,102.0,102.7,101.9,102.5,102.32,90.667,91.289,90.578,91.111,90.951,205950.0,21073578000.0,0.0,0.0,-0.2,-0.1778,-0.1947
VIC,2018-12-14,15:12:01,HOSE,STOCK,102.8,109.9,95.7,102.2,103.0,101.6,102.7,102.25,90.844,91.555,90.311,91.289,90.889,234660.0,23994554000.0,0.0,0.0,-0.1,-0.0889,-0.0973
VIC,2018-12-13,15:12:02,HOSE,STOCK,102.2,109.3,95.1,102.5,103.9,101.8,102.8,102.86,91.111,92.355,90.489,91.378,91.431,488820.0,50281352000.0,0.0,0.0,0.6,0.5333,0.5871
VIC,2018-12-12,15:12:01,HOSE,STOCK,102.2,109.3,95.1,102.2,102.4,102.0,102.2,102.22,90.844,91.022,90.667,90.844,90.862,403320.0,41226071000.0,0.0,0.0,0.0,0.0,0.0
VIC,2018-12-11,15:12:02,HOSE,STOCK,102.1,109.2,95.0,102.1,102.2,101.4,102.2,102.0,90.755,90.844,90.133,90.844,90.667,457470.0,46661304000.0,0.0,0.0,0.1,0.0889,0.0979
VIC,2018-12-10,15:12:01,HOSE,STOCK,102.2,109.3,95.1,102.0,102.2,101.1,102.1,101.7,90.667,90.844,89.867,90.755,90.4,806730.0,82042076000.0,0.0,0.0,-0.1,-0.0889,-0.0978
VIC,2018-12-07,15:12:02,HOSE,STOCK,102.1,109.2,95.0,102.1,102.2,101.5,102.2,102.05,90.755,90.844,90.222,90.844,90.711,460960.0,47039676000.0,0.0,0.0,0.1,0.0889,0.0979
VIC,2018-12-06,15:12:01,HOSE,STOCK,102.1,109.2,95.0,102.1,102.2,101.1,102.1,101.93,90.755,90.844,89.867,90.755,90.604,251610.0,25646087000.0,0.0,0.0,0.0,0.0,0.0
VIC,2018-12-05,15:12:01,HOSE,STOCK,102.0,109.1,94.9,101.9,102.2,101.0,102.1,101.9,90.578,90.844,89.778,90.755,90.578,461240.0,47001273000.0,0.0,0.0,0.1,0.0889,0.098
VIC,2018-12-04,15:12:01,HOSE,STOCK,101.9,109.0,94.8,102.4,102.4,101.6,102.0,101.91,91.022,91.022,90.311,90.667,90.587,966490.0,98497862000.0,0.0,0.0,0.1,0.0889,0.0981
VIC,2018-12-03,15:12:01,HOSE,STOCK,101.7,108.8,94.6,101.8,103.0,101.3,101.9,101.93,90.489,91.555,90.044,90.578,90.604,262710.0,26778643000.0,0.0,0.0,0.2,0.1778,0.1967
VIC,2018-11-30,15:11:01,HOSE,STOCK,102.0,109.1,94.9,101.0,102.0,97.5,101.7,100.71,89.778,90.667,86.667,90.4,89.52,1024240.0,103151138000.0,0.0,0.0,-0.3,-0.2667,-0.2941
VIC,2018-11-29,15:11:01,HOSE,STOCK,102.0,109.1,94.9,102.5,103.0,101.7,102.0,102.24,91.111,91.555,90.4,90.667,90.88,367130.0,37534417000.0,0.0,0.0,0.0,0.0,0.0
VIC,2018-11-28,15:11:02,HOSE,STOCK,101.5,108.6,94.4,101.5,102.0,100.8,102.0,101.62,90.222,90.667,89.6,90.667,90.329,577600.0,58695986000.0,0.0,0.0,0.5,0.4444,0.4926
VIC,2018-11-27,15:11:01,HOSE,STOCK,100.5,107.5,93.5,100.5,103.2,100.5,101.5,101.82,89.333,91.733,89.333,90.222,90.507,467400.0,47589689000.0,0.0,0.0,1.0,0.8889,0.995
VIC,2018-11-26,15:11:01,HOSE,STOCK,99.0,105.9,92.1,99.0,100.5,98.0,100.5,99.38,88.0,89.333,87.111,89.333,88.338,642520.0,63855788000.0,0.0,0.0,1.5,1.3333,1.5152
VIC,2018-11-23,15:11:01,HOSE,STOCK,98.0,104.8,91.2,98.8,99.0,97.0,99.0,98.28,87.822,88.0,86.222,88.0,87.36,1055870.0,103768092000.0,0.0,0.0,1.0,0.8889,1.0204
VIC,2018-11-22,15:11:01,HOSE,STOCK,97.3,104.1,90.5,97.2,98.0,96.5,98.0,97.4,86.4,87.111,85.778,87.111,86.578,1345610.0,131062343000.0,0.0,0.0,0.7,0.6222,0.7194
VIC,2018-11-21,15:11:01,HOSE,STOCK,97.2,104.0,90.4,97.0,97.3,95.0,97.3,96.98,86.222,86.489,84.444,86.489,86.204,1609020.0,156035723000.0,0.0,0.0,0.1,0.0889,0.1029
VIC,2018-11-20,15:11:01,HOSE,STOCK,96.4,103.1,89.7,94.7,97.2,94.7,97.2,96.53,84.178,86.4,84.178,86.4,85.804,1470120.0,141915188000.0,0.0,0.0,0.8,0.7111,0.8299
VIC,2018-11-19,15:11:01,HOSE,STOCK,90.1,96.4,83.8,90.1,96.4,90.1,96.4,94.57,80.089,85.689,80.089,85.689,84.062,1553130.0,146883972000.0,0.0,0.0,6.3,5.6,6.9922
VIC,2018-11-16,15:11:02,HOSE,STOCK,91.7,98.1,85.3,91.7,92.5,89.8,90.1,90.48,81.511,82.222,79.822,80.089,80.427,895700.0,81042736000.0,0.0,0.0,-1.6,-1.4222,-1.7448
VIC,2018-11-15,15:11:01,HOSE,STOCK,94.7,101.3,88.1,94.7,94.7,90.9,91.7,91.97,84.178,84.178,80.8,81.511,81.751,689540.0,63417208000.0,0.0,0.0,-3.0,-2.6667,-3.1679
VIC,2018-11-14,15:11:01,HOSE,STOCK,93.3,99.8,86.8,93.6,95.1,93.4,94.7,94.71,83.2,84.533,83.022,84.178,84.187,450950.0,42709894000.0,0.0,0.0,1.4,1.2444,1.5005
VIC,2018-11-13,15:11:01,HOSE,STOCK,95.9,102.6,89.2,94.8,95.0,93.3,93.3,94.15,84.267,84.444,82.933,82.933,83.689,598800.0,56377421000.0,0.0,0.0,-2.6,-2.3111,-2.7112
VIC,2018-11-12,15:11:01,HOSE,STOCK,95.9,102.6,89.2,95.8,96.0,95.5,95.9,95.8,85.155,85.333,84.889,85.244,85.155,720990.0,69069231000.0,0.0,0.0,0.0,0.0,0.0
VIC,2018-11-09,15:11:01,HOSE,STOCK,96.0,102.7,89.3,95.0,96.0,95.0,95.9,95.68,84.444,85.333,84.444,85.244,85.049,602570.0,57656222000.0,0.0,0.0,-0.1,-0.0889,-0.1042
VIC,2018-11-08,15:11:01,HOSE,STOCK,96.0,102.7,89.3,96.0,96.6,95.8,96.0,96.05,85.333,85.867,85.155,85.333,85.378,383030.0,36790883000.0,0.0,0.0,0.0,0.0,0.0
VIC,2018-11-07,15:11:02,HOSE,STOCK,95.8,102.5,89.1,96.3,96.3,94.3,96.0,95.39,85.6,85.6,83.822,85.333,84.791,608180.0,58016665000.0,0.0,0.0,0.2,0.1778,0.2088
VIC,2018-11-06,15:11:02,HOSE,STOCK,96.0,102.7,89.3,96.0,96.5,95.4,95.8,95.92,85.333,85.778,84.8,85.155,85.262,597170.0,57277748000.0,0.0,0.0,-0.2,-0.1778,-0.2083
VIC,2018-11-05,15:11:02,HOSE,STOCK,96.0,102.7,89.3,96.0,96.5,95.1,96.0,95.64,85.333,85.778,84.533,85.333,85.013,664130.0,63515224000.0,0.0,0.0,0.0,0.0,0.0
VIC,2018-11-02,15:11:02,HOSE,STOCK,95.5,102.1,88.9,95.6,96.7,95.5,96.0,95.89,84.978,85.955,84.889,85.333,85.235,1484060.0,142310497000.0,0.0,0.0,0.5,0.4444,0.5236
VIC,2018-11-01,15:11:01,HOSE,STOCK,97.2,104.0,90.4,96.5,96.8,95.0,95.5,95.53,85.778,86.044,84.444,84.889,84.915,1225020.0,117021649000.0,0.0,0.0,-1.7,-1.5111,-1.749
VIC,2018-10-31,15:10:02,HOSE,STOCK,96.6,103.3,89.9,95.6,97.2,95.6,97.2,96.78,84.978,86.4,84.978,86.4,86.027,582470.0,56370651000.0,0.0,0.0,0.6,0.5333,0.6211
VIC,2018-10-30,15:10:01,HOSE,STOCK,97.2,104.0,90.4,95.5,97.3,95.5,96.6,96.55,84.889,86.489,84.889,85.867,85.822,452080.0,43648081000.0,0.0,0.0,-0.6,-0.5333,-0.6173
VIC,2018-10-29,15:10:01,HOSE,STOCK,96.4,103.1,89.7,95.5,97.7,95.0,97.2,96.31,84.889,86.844,84.444,86.4,85.609,643700.0,61992744000.0,0.0,0.0,0.8,0.7111,0.8299
VIC,2018-10-26,15:10:02,HOSE,STOCK,96.8,103.5,90.1,96.2,98.0,95.7,96.4,96.67,85.511,87.111,85.067,85.689,85.929,653110.0,63138485000.0,0.0,0.0,-0.4,-0.3556,-0.4132
VIC,2018-10-25,15:10:01,HOSE,STOCK,98.8,105.7,91.9,96.7,98.2,94.6,96.8,96.79,85.955,87.289,84.089,86.044,86.035,404050.0,39106287000.0,0.0,0.0,-2.0,-1.7778,-2.0243
VIC,2018-10-24,15:10:01,HOSE,STOCK,99.0,105.9,92.1,98.0,99.5,97.5,98.8,98.98,87.111,88.444,86.667,87.822,87.982,681290.0,67434769000.0,0.0,0.0,-0.2,-0.1778,-0.202
VIC,2018-10-23,15:10:01,HOSE,STOCK,99.1,106.0,92.2,98.1,99.0,96.5,99.0,98.27,87.2,88.0,85.778,88.0,87.351,608750.0,59819720000.0,0.0,0.0,-0.1,-0.0889,-0.1009
VIC,2018-10-22,15:10:02,HOSE,STOCK,99.1,106.0,92.2,98.1,99.6,97.1,99.1,99.17,87.2,88.533,86.311,88.089,88.151,536930.0,53249264000.0,0.0,0.0,0.0,0.0,0.0
VIC,2018-10-19,15:10:01,HOSE,STOCK,99.1,106.0,92.2,96.5,99.1,96.5,99.1,98.45,85.778,88.089,85.778,88.089,87.511,915870.0,90170104000.0,0.0,0.0,0.0,0.0,0.0
VIC,2018-10-18,15:10:01,HOSE,STOCK,99.0,105.9,92.1,98.5,99.2,98.0,99.1,98.91,87.555,88.178,87.111,88.089,87.92,896140.0,88638174000.0,0.0,0.0,0.1,0.0889,0.101
VIC,2018-10-17,15:10:01,HOSE,STOCK,98.6,105.5,91.7,98.6,99.6,98.2,99.0,98.75,87.644,88.533,87.289,88.0,87.778,1310430.0,129403821000.0,0.0,0.0,0.4,0.3556,0.4057
VIC,2018-10-16,15:10:01,HOSE,STOCK,95.5,102.1,88.9,95.0,98.6,94.2,98.6,97.29,84.444,87.644,83.733,87.644,86.48,1290720.0,125578883000.0,0.0,0.0,3.1,2.7555,3.2461
VIC,2018-10-15,15:10:01,HOSE,STOCK,96.0,102.7,89.3,96.0,96.7,94.0,95.5,95.59,85.333,85.955,83.555,84.889,84.969,720500.0,68872907000.0,0.0,0.0,-0.5,-0.4444,-0.5208
VIC,2018-10-12,15:10:01,HOSE,STOCK,93.0,99.5,86.5,93.0,97.5,92.8,96.0,94.82,82.667,86.667,82.489,85.333,84.284,1735640.0,164565136000.0,0.0,0.0,3.0,2.6667,3.2258
VIC,2018-10-11,15:10:01,HOSE,STOCK,96.6,103.3,89.9,92.0,94.4,89.9,93.0,91.93,81.778,83.911,79.911,82.667,81.715,3276160.0,301170972000.0,0.0,0.0,-3.6,-3.2,-3.7267
VIC,2018-10-10,15:10:01,HOSE,STOCK,96.6,103.3,89.9,96.6,97.7,96.5,96.6,96.81,85.867,86.844,85.778,85.867,86.053,1213420.0,117466678000.0,0.0,0.0,0.0,0.0,0.0
VIC,2018-10-09,15:10:01,HOSE,STOCK,96.6,103.3,89.9,96.6,97.3,96.1,96.6,96.74,85.867,86.489,85.422,85.867,85.991,944590.0,91382487000.0,0.0,0.0,0.0,0.0,0.0
VIC,2018-10-08,15:10:02,HOSE,STOCK,98.5,105.3,91.7,97.6,98.3,96.4,96.6,97.39,86.755,87.378,85.689,85.867,86.569,1766100.0,171998882000.0,0.0,0.0,-1.9,-1.6889,-1.9289
VIC,2018-10-05,15:10:01,HOSE,STOCK,100.6,107.6,93.6,99.9,100.4,98.3,98.5,98.98,88.8,89.244,87.378,87.555,87.982,1868060.0,184907408000.0,0.0,0.0,-2.1,-1.8667,-2.0875
VIC,2018-10-04,15:10:01,HOSE,STOCK,102.2,109.3,95.1,102.1,102.2,100.6,100.6,101.0,90.755,90.844,89.422,89.422,89.778,635150.0,64148404000.0,0.0,0.0,-1.6,-1.4222,-1.5656
VIC,2018-10-03,15:10:01,HOSE,STOCK,102.0,109.1,94.9,103.0,103.9,101.8,102.2,102.98,91.555,92.355,90.489,90.844,91.538,860380.0,88602671000.0,0.0,0.0,0.2,0.1778,0.1961
VIC,2018-10-02,15:10:01,HOSE,STOCK,98.5,105.3,91.7,99.9,102.0,99.7,102.0,101.15,88.8,90.667,88.622,90.667,89.911,1206840.0,122067348000.0,0.0,0.0,3.5,3.1111,3.5533
VIC,2018-10-01,15:10:01,HOSE,STOCK,98.3,105.1,91.5,99.9,102.5,98.5,98.5,100.48,88.8,91.111,87.555,87.555,89.315,1269410.0,127553618000.0,0.0,0.0,0.2,0.1778,0.2035
VIC,2018-09-28,15:09:01,HOSE,STOCK,98.6,105.5,91.7,98.6,98.6,98.1,98.3,98.31,87.644,87.644,87.2,87.378,87.387,857910.0,84341649000.0,0.0,0.0,-0.3,-0.2667,-0.3043
VIC,2018-09-27,15:09:01,HOSE,STOCK,99.0,105.9,92.1,99.0,99.2,98.5,98.6,98.74,88.0,88.178,87.555,87.644,87.769,497460.0,49120903000.0,0.0,0.0,-0.4,-0.3556,-0.404
VIC,2018-09-26,15:09:01,HOSE,STOCK,99.5,106.4,92.6,99.2,99.3,99.0,99.0,99.11,88.178,88.267,88.0,88.0,88.098,505180.0,50067003000.0,0.0,0.0,-0.5,-0.4444,-0.5025
VIC,2018-09-25,15:09:02,HOSE,STOCK,99.6,106.5,92.7,99.6,99.6,99.2,99.5,99.44,88.533,88.533,88.178,88.444,88.391,426720.0,42432453000.0,0.0,0.0,-0.1,-0.0889,-0.1004
VIC,2018-09-24,15:09:01,HOSE,STOCK,98.6,105.5,91.7,98.6,100.3,98.6,99.6,99.53,87.644,89.155,87.644,88.533,88.471,323610.0,32207558000.0,0.0,0.0,1.0,0.8889,1.0142
VIC,2018-09-21,15:09:01,HOSE,STOCK,98.5,105.3,91.7,98.5,99.3,98.4,98.6,98.69,87.555,88.267,87.467,87.644,87.724,1584980.0,156418725000.0,0.0,0.0,0.1,0.0889,0.1015
VIC,2018-09-20,15:09:02,HOSE,STOCK,98.6,105.5,91.7,98.2,99.5,98.2,98.5,98.46,87.289,88.444,87.289,87.555,87.52,449420.0,44249325000.0,0.0,0.0,-0.1,-0.0889,-0.1014
VIC,2018-09-19,15:09:01,HOSE,STOCK,99.6,106.5,92.7,99.6,100.1,98.5,98.6,99.19,88.533,88.978,87.555,87.644,88.169,416470.0,41309789000.0,0.0,0.0,-1.0,-0.8889,-1.004
VIC,2018-09-18,15:09:02,HOSE,STOCK,99.0,105.9,92.1,98.0,99.6,98.0,99.6,98.61,87.111,88.533,87.111,88.533,87.653,613160.0,60465890000.0,0.0,0.0,0.6,0.5333,0.6061
VIC,2018-09-17,15:09:01,HOSE,STOCK,101.0,108.0,94.0,100.8,101.3,98.9,99.0,99.87,89.6,90.044,87.911,88.0,88.773,465650.0,46505660000.0,0.0,0.0,-2.0,-1.7778,-1.9802
VIC,2018-09-14,15:09:02,HOSE,STOCK,100.3,107.3,93.3,100.3,101.5,99.7,101.0,100.55,89.155,90.222,88.622,89.778,89.378,614370.0,61777064000.0,0.0,0.0,0.7,0.6222,0.6979
VIC,2018-09-13,15:09:01,HOSE,STOCK,101.4,108.4,94.4,101.4,102.0,100.0,100.3,100.75,90.133,90.667,88.889,89.155,89.555,422540.0,42571379000.0,0.0,0.0,-1.1,-0.9778,-1.0848
VIC,2018-09-12,15:09:02,HOSE,STOCK,101.2,108.2,94.2,101.2,103.0,101.1,101.4,102.35,89.955,91.555,89.867,90.133,90.978,629760.0,64456289000.0,0.0,0.0,0.2,0.1778,0.1976
VIC,2018-09-11,15:09:01,HOSE,STOCK,99.3,106.2,92.4,98.5,102.0,98.5,101.2,101.03,87.555,90.667,87.555,89.955,89.804,726370.0,73386446000.0,0.0,0.0,1.9,1.6889,1.9134
VIC,2018-09-10,15:09:01,HOSE,STOCK,97.2,104.0,90.4,98.0,99.9,97.1,99.3,98.95,87.111,88.8,86.311,88.267,87.955,896450.0,88703101000.0,0.0,0.0,2.1,1.8667,2.1605
VIC,2018-09-07,15:09:01,HOSE,STOCK,98.0,104.8,91.2,96.1,99.0,96.1,97.2,97.16,85.422,88.0,85.422,86.4,86.364,698830.0,67896612000.0,0.0,0.0,-0.8,-0.7111,-0.8163
VIC,2018-09-06,15:09:01,HOSE,STOCK,101.5,108.6,94.4,101.1,101.5,98.0,98.0,99.97,89.867,90.222,87.111,87.111,88.862,918940.0,91865612000.0,0.0,0.0,-3.5,-3.1111,-3.4483
VIC,2018-09-05,15:09:01,HOSE,STOCK,102.1,109.2,95.0,102.1,102.8,101.5,101.5,102.28,90.755,91.378,90.222,90.222,90.915,610500.0,62442867000.0,0.0,0.0,-0.6,-0.5333,-0.5877
VIC,2018-09-04,15:09:02,HOSE,STOCK,103.4,110.6,96.2,103.4,103.4,102.0,102.1,102.55,91.911,91.911,90.667,90.755,91.155,343190.0,35192577000.0,0.0,0.0,-1.3,-1.1555,-1.2573
VIC,2018-08-31,15:08:02,HOSE,STOCK,103.4,110.6,96.2,103.3,103.4,101.5,103.4,102.73,91.822,91.911,90.222,91.911,91.315,1811230.0,186059128000.0,0.0,0.0,0.0,0.0,0.0
VIC,2018-08-30,15:08:16,HOSE,STOCK,103.0,110.2,95.8,103.0,103.5,102.5,103.4,103.01,91.555,92.0,91.111,91.911,91.564,1172570.0,120787317000.0,0.0,0.0,0.4,0.3556,0.3883
VIC,2018-08-29,15:08:02,HOSE,STOCK,104.2,111.4,97.0,104.2,104.2,103.0,103.0,103.54,92.622,92.622,91.555,91.555,92.035,533720.0,55263715000.0,0.0,0.0,-1.2,-1.0667,-1.1516
VIC,2018-08-28,15:08:02,HOSE,STOCK,104.2,111.4,97.0,103.6,104.5,103.5,104.2,104.03,92.089,92.889,92.0,92.622,92.471,617620.0,64248243000.0,0.0,0.0,0.0,0.0,0.0
VIC,2018-08-27,15:08:01,HOSE,STOCK,104.0,111.2,96.8,104.1,105.0,103.8,104.2,104.25,92.533,93.333,92.267,92.622,92.667,839360.0,87502049000.0,0.0,0.0,0.2,0.1778,0.1923
VIC,2018-08-24,15:08:01,HOSE,STOCK,104.6,111.9,97.3,104.6,105.1,103.8,104.0,104.38,92.978,93.422,92.267,92.444,92.782,1261290.0,131656934000.0,0.0,0.0,-0.6,-0.5333,-0.5736
VIC,2018-08-23,15:08:01,HOSE,STOCK,103.6,110.8,96.4,104.0,105.9,104.0,104.6,104.93,92.444,94.133,92.444,92.978,93.271,1808380.0,189745778000.0,0.0,0.0,1.0,0.8889,0.9653
VIC,2018-08-22,15:08:01,HOSE,STOCK,103.1,110.3,95.9,103.5,104.1,103.1,103.6,103.64,92.0,92.533,91.644,92.089,92.124,795470.0,82442449000.0,0.0,0.0,0.5,0.4444,0.485
VIC,2018-08-21,15:08:01,HOSE,STOCK,102.6,109.7,95.5,102.5,103.1,102.0,103.1,102.8,91.111,91.644,90.667,91.644,91.378,1041910.0,107106385000.0,0.0,0.0,0.5,0.4444,0.4873
VIC,2018-08-20,15:08:01,HOSE,STOCK,102.3,109.4,95.2,102.0,103.2,102.0,102.6,102.57,90.667,91.733,90.667,91.2,91.173,1000000.0,102566973000.0,0.0,0.0,0.3,0.2667,0.2933
VIC,2018-08-17,15:08:01,HOSE,STOCK,102.1,109.2,95.0,102.1,103.3,102.1,102.3,102.61,90.755,91.822,90.755,90.933,91.209,449530.0,46124289000.0,0.0,0.0,0.2,0.1778,0.1959
VIC,2018-08-16,15:08:01,HOSE,STOCK,101.9,109.0,94.8,100.1,103.1,100.1,102.1,101.99,88.978,91.644,88.978,90.755,90.658,1225510.0,124990807000.0,0.0,0.0,0.2,0.1778,0.1963
VIC,2018-08-15,15:08:01,HOSE,STOCK,103.3,110.5,96.1,103.3,104.3,101.9,101.9,102.83,91.822,92.711,90.578,90.578,91.404,644810.0,66304636000.0,0.0,0.0,-1.4,-1.2444,-1.3553
VIC,2018-08-14,15:08:01,HOSE,STOCK,102.8,109.9,95.7,102.8,104.6,101.8,103.3,102.5,91.378,92.978,90.489,91.822,91.111,1167680.0,119690214000.0,0.0,0.0,0.5,0.4444,0.4864
VIC,2018-08-13,15:08:01,HOSE,STOCK,104.2,111.4,97.0,103.5,104.0,101.4,102.8,102.41,92.0,92.444,90.133,91.378,91.031,1730190.0,177192273000.0,0.0,0.0,-1.4,-1.2444,-1.3436
VIC,2018-08-10,15:08:01,HOSE,STOCK,104.2,111.4,97.0,104.0,105.8,101.0,104.2,102.9,92.444,94.044,89.778,92.622,91.467,1885210.0,193984650000.0,0.0,0.0,0.0,0.0,0.0
VIC,2018-08-09,15:08:01,HOSE,STOCK,108.8,116.4,101.2,107.5,108.7,104.0,104.2,105.7,95.555,96.622,92.444,92.622,93.955,2819240.0,297989881000.0,0.0,0.0,-4.6,-4.0889,-4.2279
VIC,2018-08-08,15:08:01,HOSE,STOCK,0.0,0.0,0.0,109.7,110.9,108.6,108.8,109.61,97.511,98.578,96.533,96.711,97.431,1617710.0,177323203000.0,0.0,0.0,0.0,0.0,0.0
VIC,2018-08-07,15:08:01,HOSE,STOCK,0.0,0.0,0.0,111.0,111.5,109.9,110.3,110.39,98.667,99.111,97.689,98.044,98.124,1103740.0,121838674000.0,0.0,0.0,0.0,0.0,0.0
VIC,2018-08-06,17:08:48,HOSE,STOCK,0.0,0.0,0.0,112.0,112.9,109.7,111.5,111.03,99.555,100.355,97.511,99.111,98.693,3669840.0,407461043000.0,0.0,0.0,0.0,0.0,0.0
VIC,2018-08-03,15:08:02,HOSE,STOCK,106.7,114.1,99.3,107.2,112.7,106.8,111.5,111.49,95.289,100.178,94.933,99.111,99.102,2531090.0,282180106000.0,0.0,0.0,4.8,4.2667,4.4986
VIC,2018-08-02,15:08:01,HOSE,STOCK,106.5,113.9,99.1,106.5,107.4,106.2,106.7,106.78,94.667,95.467,94.4,94.844,94.915,1629230.0,173967844000.0,0.0,0.0,0.2,0.1778,0.1878
VIC,2018-08-01,15:08:02,HOSE,STOCK,106.4,113.8,99.0,106.3,107.5,106.3,106.5,106.76,94.489,95.555,94.489,94.667,94.898,1267370.0,135301033000.0,0.0,0.0,0.1,0.0889,0.094
VIC,2018-07-31,15:07:01,HOSE,STOCK,106.4,113.8,99.0,106.0,107.5,105.1,106.4,106.28,94.222,95.555,93.422,94.578,94.471,1902890.0,202248141000.0,0.0,0.0,0.0,0.0,0.0
VIC,2018-07-30,15:07:01,HOSE,STOCK,106.4,113.8,99.0,106.9,106.9,105.6,106.4,106.3,95.022,95.022,93.867,94.578,94.489,1158200.0,123111749000.0,0.0,0.0,0.0,0.0,0.0
VIC,2018-07-27,15:07:11,HOSE,STOCK,106.0,113.4,98.6,107.0,107.6,105.7,106.4,106.44,95.111,95.644,93.955,94.578,94.613,1187590.0,126408691000.0,0.0,0.0,0.4,0.3556,0.3774
VIC,2018-07-26,15:07:02,HOSE,STOCK,104.4,111.7,97.1,105.3,106.0,104.4,106.0,105.18,93.6,94.222,92.8,94.222,93.493,1297470.0,136466996000.0,0.0,0.0,1.6,1.4222,1.5326
VIC,2018-07-25,15:07:01,HOSE,STOCK,104.5,111.8,97.2,104.5,105.4,104.1,104.4,104.7,92.889,93.689,92.533,92.8,93.067,755570.0,79104906000.0,0.0,0.0,-0.1,-0.0889,-0.0957
VIC,2018-07-24,15:07:02,HOSE,STOCK,104.0,111.2,96.8,104.0,105.6,104.0,104.5,104.53,92.444,93.867,92.444,92.889,92.915,1493670.0,156132197000.0,0.0,0.0,0.5,0.4444,0.4808
VIC,2018-07-23,15:07:02,HOSE,STOCK,103.6,110.8,96.4,103.6,106.5,103.3,104.0,104.74,92.089,94.667,91.822,92.444,93.102,1255810.0,131538390000.0,0.0,0.0,0.4,0.3556,0.3861
VIC,2018-07-20,15:07:02,HOSE,STOCK,105.0,112.3,97.7,103.5,105.0,103.5,103.6,104.09,92.0,93.333,92.0,92.089,92.524,2187590.0,227700726000.0,0.0,0.0,-1.4,-1.2444,-1.3333
VIC,2018-07-19,15:07:01,HOSE,STOCK,105.0,112.3,97.7,105.0,105.0,103.0,105.0,104.16,93.333,93.333,91.555,93.333,92.587,2857260.0,297621872000.0,0.0,0.0,0.0,0.0,0.0
VIC,2018-07-18,15:07:01,HOSE,STOCK,104.0,111.2,96.8,102.5,105.0,102.5,105.0,103.65,91.111,93.333,91.111,93.333,92.133,1918790.0,198887362000.0,0.0,0.0,1.0,0.8889,0.9615
VIC,2018-07-17,15:07:02,HOSE,STOCK,102.5,109.6,95.4,101.0,104.1,100.0,104.0,102.54,89.778,92.533,88.889,92.444,91.147,1207830.0,123851173000.0,0.0,0.0,1.5,1.3333,1.4634
VIC,2018-07-16,15:07:02,HOSE,STOCK,103.0,110.2,95.8,103.5,103.5,101.0,102.5,102.47,92.0,92.0,89.778,91.111,91.084,1073340.0,109980792000.0,0.0,0.0,-0.5,-0.4444,-0.4854
VIC,2018-07-13,15:07:02,HOSE,STOCK,103.0,110.2,95.8,104.2,104.2,102.0,103.0,103.34,92.622,92.622,90.667,91.555,91.858,564040.0,58286073000.0,0.0,0.0,0.0,0.0,0.0
VIC,2018-07-12,15:07:01,HOSE,STOCK,104.5,111.8,97.2,104.9,104.9,101.0,103.0,103.83,93.244,93.244,89.778,91.555,92.293,357710.0,37139785000.0,0.0,0.0,-1.5,-1.3333,-1.4354
VIC,2018-07-11,15:07:01,HOSE,STOCK,103.0,110.2,95.8,101.0,104.5,100.0,104.5,102.54,89.778,92.889,88.889,92.889,91.147,840120.0,86147672000.0,0.0,0.0,1.5,1.3333,1.4563
VIC,2018-07-10,15:07:01,HOSE,STOCK,105.0,112.3,97.7,105.0,106.5,102.5,103.0,103.66,93.333,94.667,91.111,91.555,92.142,795030.0,82415346000.0,0.0,0.0,-2.0,-1.7778,-1.9048
VIC,2018-07-09,15:07:01,HOSE,STOCK,106.2,113.6,98.8,106.0,107.3,104.5,105.0,105.81,94.222,95.378,92.889,93.333,94.053,701990.0,74280711000.0,0.0,0.0,-1.2,-1.0667,-1.1299
VIC,2018-07-06,15:07:01,HOSE,STOCK,106.5,113.9,99.1,104.1,106.9,101.8,106.2,105.36,92.533,95.022,90.489,94.4,93.653,1431620.0,150828883000.0,0.0,0.0,-0.3,-0.2667,-0.2817
VIC,2018-07-05,15:07:01,HOSE,STOCK,105.0,112.3,97.7,104.0,107.3,103.0,106.5,105.85,92.444,95.378,91.555,94.667,94.089,1420080.0,150313371000.0,0.0,0.0,1.5,1.3333,1.4286
VIC,2018-07-04,15:07:02,HOSE,STOCK,99.7,106.6,92.8,99.5,106.2,97.0,105.0,103.41,88.444,94.4,86.222,93.333,91.92,1971010.0,203829064000.0,0.0,0.0,5.3,4.7111,5.3159
VIC,2018-07-03,15:07:01,HOSE,STOCK,107.2,114.7,99.7,106.0,107.0,99.7,99.7,101.55,94.222,95.111,88.622,88.622,90.267,3208300.0,325795888000.0,0.0,0.0,-7.5,-6.6666,-6.9963
VIC,2018-07-02,15:07:02,HOSE,STOCK,107.5,115.0,100.0,106.0,108.5,106.0,107.2,107.25,94.222,96.444,94.222,95.289,95.333,953200.0,102230359000.0,0.0,0.0,-0.3,-0.2667,-0.2791
VIC,2018-06-29,15:06:01,HOSE,STOCK,107.5,115.0,100.0,105.1,107.8,105.1,107.5,107.41,93.422,95.822,93.422,95.555,95.475,2967850.0,318774929000.0,0.0,0.0,0.0,0.0,0.0
VIC,2018-06-28,15:06:01,HOSE,STOCK,103.5,110.7,96.3,105.0,110.7,105.0,107.5,107.19,93.333,98.4,93.333,95.555,95.28,1193310.0,127909099000.0,0.0,0.0,4.0,3.5555,3.8647
VIC,2018-06-27,15:06:01,HOSE,STOCK,123.6,132.2,115.0,123.6,125.8,123.0,125.2,124.77,90.799,92.415,90.358,91.974,91.659,1177710.0,146945830000.0,0.0,0.0,1.6,1.1754,1.2945
VIC,2018-06-26,15:06:01,HOSE,STOCK,123.7,132.3,115.1,121.0,123.9,120.5,123.6,122.74,88.889,91.019,88.522,90.799,90.167,762320.0,93565302000.0,0.0,0.0,-0.1,-0.0735,-0.0808
VIC,2018-06-25,15:06:02,HOSE,STOCK,122.8,131.3,114.3,125.0,125.0,123.0,123.7,123.92,91.827,91.827,90.358,90.872,91.034,562650.0,69723433000.0,0.0,0.0,0.9,0.6612,0.7329
VIC,2018-06-22,15:06:01,HOSE,STOCK,122.8,131.3,114.3,124.9,124.9,122.8,122.8,123.12,91.754,91.754,90.211,90.211,90.446,461620.0,56834669000.0,0.0,0.0,0.0,0.0,0.0
VIC,2018-06-21,15:06:02,HOSE,STOCK,125.0,133.7,116.3,125.0,125.5,122.2,124.0,124.33,91.827,92.195,89.771,91.092,91.335,1700320.0,211400553000.0,0.0,0.0,-1.0,-0.7346,-0.8
VIC,2018-06-20,15:06:02,HOSE,STOCK,123.0,131.6,114.4,123.0,125.0,122.0,125.0,123.51,90.358,91.827,89.623,91.827,90.732,872130.0,107712576000.0,0.0,0.0,2.0,1.4692,1.626
VIC,2018-06-19,15:06:01,HOSE,STOCK,123.4,132.0,114.8,121.5,123.4,117.0,123.0,120.79,89.256,90.651,85.95,90.358,88.734,2024310.0,244509401000.0,0.0,0.0,-0.4,-0.2938,-0.3241
VIC,2018-06-18,15:06:01,HOSE,STOCK,123.5,132.1,114.9,123.5,125.9,122.5,123.4,123.33,90.725,92.489,89.991,90.651,90.601,1411490.0,174078234000.0,0.0,0.0,-0.1,-0.0735,-0.081
VIC,2018-06-15,15:06:02,HOSE,STOCK,126.0,134.8,117.2,126.0,126.8,123.5,123.5,123.86,92.562,93.149,90.725,90.725,90.99,4770820.0,590932599000.0,0.0,0.0,-2.5,-1.8365,-1.9841
VIC,2018-06-14,15:06:01,HOSE,STOCK,128.0,136.9,119.1,128.8,128.8,125.0,126.0,126.35,94.619,94.619,91.827,92.562,92.819,1578250.0,199415468000.0,0.0,0.0,-2.0,-1.4692,-1.5625
VIC,2018-06-13,15:06:02,HOSE,STOCK,124.4,133.1,115.7,122.0,128.0,122.0,128.0,126.07,89.623,94.031,89.623,94.031,92.613,1823230.0,229846401000.0,0.0,0.0,3.6,2.6446,2.8939
VIC,2018-06-12,15:06:01,HOSE,STOCK,124.3,133.0,115.6,120.0,124.6,120.0,124.4,122.82,88.155,91.533,88.155,91.387,90.226,2086270.0,256238743000.0,0.0,0.0,0.1,0.0735,0.0805
VIC,2018-06-11,15:06:02,HOSE,STOCK,124.2,132.8,115.6,124.0,125.1,122.5,124.3,124.07,91.092,91.9,89.991,91.313,91.144,1434380.0,177960858000.0,0.0,0.0,0.1,0.0735,0.0805
VIC,2018-06-08,15:06:01,HOSE,STOCK,124.2,132.8,115.6,123.2,124.8,122.0,124.2,123.62,90.505,91.68,89.623,91.24,90.813,902860.0,111610432000.0,0.0,0.0,0.0,0.0,0.0
VIC,2018-06-07,15:06:02,HOSE,STOCK,124.1,132.7,115.5,124.9,125.4,123.2,124.2,124.63,91.754,92.121,90.505,91.24,91.555,1475370.0,183872726000.0,0.0,0.0,0.1,0.0735,0.0806
VIC,2018-06-06,15:06:01,HOSE,STOCK,121.1,129.5,112.7,120.0,124.4,117.7,124.1,122.55,88.155,91.387,86.465,91.166,90.027,2053160.0,251615645000.0,0.0,0.0,3.0,2.2039,2.4773
VIC,2018-06-05,15:06:02,HOSE,STOCK,120.0,128.4,111.6,120.0,122.5,118.6,121.1,120.46,88.155,89.991,87.125,88.963,88.492,996780.0,120069938000.0,0.0,0.0,1.1,0.8081,0.9167
VIC,2018-06-04,15:06:02,HOSE,STOCK,119.0,127.3,110.7,119.0,120.1,118.5,120.0,119.6,87.419,88.227,87.052,88.155,87.86,901540.0,107827301000.0,0.0,0.0,1.0,0.7346,0.8403
VIC,2018-06-01,15:06:02,HOSE,STOCK,116.0,124.1,107.9,115.4,120.0,114.0,119.0,117.34,84.775,88.155,83.747,87.419,86.2,4227700.0,496069605000.0,0.0,0.0,3.0,2.2038,2.5862
VIC,2018-05-31,15:05:02,HOSE,STOCK,111.0,118.7,103.3,111.8,117.0,109.0,116.0,113.95,82.131,85.95,80.074,85.216,83.71,5567040.0,634357444000.0,0.0,0.0,5.0,3.6731,4.5045
VIC,2018-05-30,15:05:02,HOSE,STOCK,110.0,117.7,102.3,110.1,113.5,105.9,111.0,109.46,80.882,83.379,77.796,81.543,80.411,1827510.0,200040078000.0,0.0,0.0,1.0,0.7346,0.9091
VIC,2018-05-29,15:05:01,HOSE,STOCK,111.0,118.7,103.3,106.3,111.5,106.1,110.0,108.63,78.09,81.91,77.943,80.808,79.802,1698700.0,184522719000.0,0.0,0.0,-1.0,-0.7346,-0.9009
VIC,2018-05-28,15:05:01,HOSE,STOCK,107.0,114.4,99.6,102.8,111.0,102.5,111.0,108.08,75.519,81.543,75.299,81.543,79.397,3154610.0,340952819000.0,0.0,0.0,4.0,2.9385,3.7383
VIC,2018-05-25,15:05:02,HOSE,STOCK,104.1,111.3,96.9,104.1,110.6,100.0,107.0,106.29,76.474,81.249,73.462,78.604,78.083,2656380.0,282356110000.0,0.0,0.0,2.9,2.1304,2.7858
VIC,2018-05-24,15:05:02,HOSE,STOCK,103.0,110.2,95.8,103.0,105.0,101.2,104.1,102.69,75.666,77.135,74.343,76.474,75.438,3032350.0,311391855000.0,0.0,0.0,1.1,0.8081,1.068
VIC,2018-05-23,15:05:02,HOSE,STOCK,106.4,113.8,99.0,101.1,106.3,99.0,103.0,101.45,74.27,78.09,72.727,75.666,74.527,2360420.0,239474531000.0,0.0,0.0,-3.4,-2.4977,-3.1955
VIC,2018-05-22,15:05:01,HOSE,STOCK,114.4,122.4,106.4,110.8,114.0,106.4,106.4,108.67,81.395,83.747,78.163,78.163,79.831,2590430.0,281514507000.0,0.0,0.0,-8.0,-5.8769,-6.993
VIC,2018-05-21,15:05:02,HOSE,STOCK,123.0,131.6,114.4,123.0,123.0,114.4,114.4,118.38,90.358,90.358,84.04,84.04,86.964,2255860.0,267056796000.0,0.0,0.0,-8.6,-6.3177,-6.9919
VIC,2018-05-18,15:05:49,HOSE,STOCK,123.0,131.6,114.4,122.0,125.0,120.5,123.0,122.56,89.623,91.827,88.522,90.358,90.035,1523270.0,186685498000.0,0.0,0.0,0.0,0.0,0.0
VIC,2018-05-17,15:05:01,HOSE,STOCK,130.0,139.1,120.9,130.0,130.0,122.5,123.0,125.14,95.5,95.5,89.991,90.358,91.93,1772650.0,221829106000.0,0.0,0.0,-7.0,-5.1423,-5.3846
VIC,2018-05-16,15:05:02,HOSE,STOCK,132.0,141.2,122.8,132.0,132.0,128.0,130.0,130.19,96.97,96.97,94.031,95.5,95.64,879210.0,114463520000.0,0.0,0.0,-2.0,-1.4692,-1.5152
VIC,2018-05-15,15:05:02,HOSE,STOCK,132.0,141.2,122.8,133.9,134.8,132.0,132.0,134.02,98.365,99.027,96.97,96.97,98.453,1713520.0,229651334000.0,0.0,0.0,0.0,0.0,0.0
VIC,2018-05-14,15:05:02,HOSE,STOCK,124.0,132.6,115.4,125.0,132.0,125.0,132.0,127.77,91.827,96.97,91.827,96.97,93.862,2365670.0,302269740000.0,0.0,0.0,8.0,5.877,6.4516
VIC,2018-05-11,15:05:01,HOSE,STOCK,120.5,128.9,112.1,120.1,124.0,119.0,124.0,121.92,88.227,91.092,87.419,91.092,89.564,1349320.0,164506099000.0,0.0,0.0,3.5,2.5711,2.9046
VIC,2018-05-10,15:05:01,HOSE,STOCK,122.9,131.5,114.3,122.8,122.8,120.0,120.5,121.45,90.211,90.211,88.155,88.522,89.219,1783310.0,216581990000.0,0.0,0.0,-2.4,-1.7631,-1.9528
VIC,2018-05-09,15:05:01,HOSE,STOCK,123.9,132.5,115.3,122.6,123.2,121.8,122.9,122.64,90.064,90.505,89.476,90.284,90.093,1685960.0,206759558000.0,0.0,0.0,-1.0,-0.7346,-0.8071
VIC,2018-05-08,15:05:02,HOSE,STOCK,124.6,133.3,115.9,124.6,124.9,123.2,123.9,123.83,91.533,91.754,90.505,91.019,90.968,1263540.0,156470196000.0,0.0,0.0,-0.7,-0.5142,-0.5618
VIC,2018-05-07,15:05:01,HOSE,STOCK,124.5,133.2,115.8,123.5,125.0,123.5,124.6,124.38,90.725,91.827,90.725,91.533,91.371,1059820.0,131820890000.0,0.0,0.0,0.1,0.0735,0.0803
VIC,2018-05-04,15:05:02,HOSE,STOCK,123.0,131.6,114.4,121.6,125.1,120.0,124.5,123.66,89.33,91.9,88.155,91.46,90.843,3214170.0,397457665000.0,0.0,0.0,1.5,1.1019,1.2195
VIC,2018-05-03,15:05:01,HOSE,STOCK,125.0,133.7,116.3,123.0,126.1,122.0,123.0,124.14,90.358,92.635,89.623,90.358,91.195,4728270.0,586990805000.0,0.0,0.0,-2.0,-1.4692,-1.6
VIC,2018-05-02,15:05:01,HOSE,STOCK,126.0,134.8,117.2,126.0,126.0,120.0,125.0,123.64,92.562,92.562,88.155,91.827,90.828,5204200.0,643443157000.0,0.0,0.0,-1.0,-0.7346,-0.7937
VIC,2018-04-27,15:04:01,HOSE,STOCK,127.0,135.8,118.2,122.7,126.5,122.0,126.0,124.79,90.138,92.929,89.623,92.562,91.673,3015830.0,376335241000.0,0.0,0.0,-1.0,-0.7346,-0.7874
VIC,2018-04-26,15:04:02,HOSE,STOCK,127.0,135.8,118.2,126.8,127.0,122.9,127.0,124.84,93.149,93.297,90.284,93.297,91.71,6434440.0,803275596000.0,0.0,0.0,0.0,0.0,0.0
VIC,2018-04-24,15:04:01,HOSE,STOCK,123.2,131.8,114.6,120.0,127.6,118.2,127.0,125.7,88.155,93.738,86.832,93.297,92.341,8719000.0,1095943022000.0,0.0,0.0,3.8,2.7916,3.0844
VIC,2018-04-23,15:04:01,HOSE,STOCK,123.0,131.6,114.4,124.0,125.8,122.8,123.2,123.67,91.092,92.415,90.211,90.505,90.851,4834080.0,597820262000.0,0.0,0.0,0.2,0.1469,0.1626
VIC,2018-04-20,15:04:02,HOSE,STOCK,120.9,129.3,112.5,120.9,124.5,113.9,123.0,119.74,88.815,91.46,83.673,90.358,87.963,4165000.0,498717073000.0,0.0,0.0,2.1,1.5427,1.737
VIC,2018-04-19,15:04:02,HOSE,STOCK,129.9,138.9,120.9,128.6,129.0,120.9,120.9,122.99,94.472,94.766,88.815,88.815,90.351,5509300.0,677571893000.0,0.0,0.0,-9.0,-6.6115,-6.9284
VIC,2018-04-18,15:04:02,HOSE,STOCK,130.0,139.1,120.9,131.0,132.0,129.9,129.9,130.28,96.235,96.97,95.427,95.427,95.706,2306360.0,300467264000.0,0.0,0.0,-0.1,-0.0735,-0.0769
VIC,2018-04-17,15:04:02,HOSE,STOCK,128.7,137.7,119.7,130.0,132.0,127.5,130.0,129.96,95.5,96.97,93.664,95.5,95.471,2303090.0,299307115000.0,0.0,0.0,1.3,0.955,1.0101
VIC,2018-04-16,15:04:01,HOSE,STOCK,127.6,136.5,118.7,128.0,129.2,124.5,128.7,126.87,94.031,94.913,91.46,94.546,93.201,1686590.0,213980553000.0,0.0,0.0,1.1,0.8081,0.8621
VIC,2018-04-13,15:04:02,HOSE,STOCK,127.0,135.8,118.2,128.0,130.6,127.0,127.6,128.78,94.031,95.941,93.297,93.738,94.604,2093210.0,269554377000.0,0.0,0.0,0.6,0.4408,0.4724
VIC,2018-04-12,15:04:02,HOSE,STOCK,126.0,134.8,117.2,124.0,127.8,121.4,127.0,125.87,91.092,93.884,89.183,93.297,92.467,3592730.0,452232133000.0,0.0,0.0,1.0,0.7346,0.7937
VIC,2018-04-11,15:04:01,HOSE,STOCK,131.0,140.1,121.9,131.6,133.5,124.0,126.0,129.24,96.675,98.072,91.092,92.562,94.942,3216110.0,415649164000.0,0.0,0.0,-5.0,-3.6731,-3.8168
VIC,2018-04-10,15:04:01,HOSE,STOCK,134.9,144.3,125.5,135.0,136.8,131.0,131.0,134.18,99.173,100.496,96.235,96.235,98.571,4492970.0,602871969000.0,0.0,0.0,-3.9,-2.865,-2.891
VIC,2018-04-09,15:04:02,HOSE,STOCK,132.4,141.6,123.2,135.0,135.5,133.0,134.9,134.52,99.173,99.54,97.704,99.1,98.821,3209490.0,431750449000.0,0.0,0.0,2.5,1.8365,1.8882
VIC,2018-04-06,15:04:01,HOSE,STOCK,131.0,140.1,121.9,130.0,132.5,129.7,132.4,131.78,95.5,97.337,95.28,97.263,96.808,1954390.0,257545547000.0,0.0,0.0,1.4,1.0285,1.0687
VIC,2018-04-05,15:04:01,HOSE,STOCK,127.5,136.4,118.6,132.0,133.0,129.7,131.0,131.11,96.97,97.704,95.28,96.235,96.315,3190050.0,418238651000.0,0.0,0.0,3.5,2.5712,2.7451
VIC,2018-04-04,15:04:02,HOSE,STOCK,122.3,130.8,113.8,123.0,128.9,123.0,127.5,126.85,90.358,94.692,90.358,93.664,93.187,1939060.0,245968805000.0,0.0,0.0,5.2,3.82,4.2518
VIC,2018-04-03,15:04:01,HOSE,STOCK,123.0,131.6,114.4,122.2,123.0,120.8,122.3,121.75,89.771,90.358,88.742,89.843,89.44,2412640.0,293749819000.0,0.0,0.0,-0.7,-0.5142,-0.5691
VIC,2018-04-02,15:04:01,HOSE,STOCK,117.2,125.4,109.0,118.7,124.5,118.0,123.0,121.63,87.199,91.46,86.685,90.358,89.352,2458390.0,299004842000.0,0.0,0.0,5.8,4.2608,4.9488
VIC,2018-03-30,15:03:01,HOSE,STOCK,115.0,123.0,107.0,115.1,117.2,114.0,117.2,115.87,84.555,86.097,83.747,86.097,85.12,1733950.0,200910798000.0,0.0,0.0,2.2,1.6162,1.913
VIC,2018-03-29,00:03:00,HOSE,STOCK,114.5,122.5,106.5,114.5,115.5,113.5,115.0,114.8,84.114,84.849,83.379,84.481,84.334,1580300.0,181419841000.0,0.0,0.0,0.5,0.3673,0.4367
VIC,2018-03-28,15:03:02,HOSE,STOCK,113.0,120.9,105.1,113.0,116.0,112.2,114.5,114.27,83.011,85.216,82.424,84.114,83.945,1452270.0,165950750000.0,0.0,0.0,1.5,1.1019,1.3274
VIC,2018-03-27,15:03:02,HOSE,STOCK,113.8,121.7,105.9,117.0,117.8,112.9,113.0,114.8,85.95,86.538,82.939,83.011,84.334,3149210.0,361526779000.0,0.0,0.0,-0.8,-0.5877,-0.703
VIC,2018-03-26,15:03:01,HOSE,STOCK,109.5,117.1,101.9,110.0,117.1,108.5,113.8,113.14,80.808,86.024,79.706,83.6,83.115,4681960.0,529715902000.0,0.0,0.0,4.3,3.1589,3.9269
VIC,2018-03-23,15:03:02,HOSE,STOCK,108.0,115.5,100.5,105.6,111.2,105.5,109.5,108.25,77.576,81.69,77.502,80.441,79.523,3455080.0,374010682000.0,0.0,0.0,1.5,1.1019,1.3889
VIC,2018-03-22,15:03:01,HOSE,STOCK,108.0,115.5,100.5,109.0,110.7,108.0,108.0,109.3,80.074,81.323,79.339,79.339,80.294,2262170.0,247259911000.0,0.0,0.0,0.0,0.0,0.0
VIC,2018-03-21,15:03:01,HOSE,STOCK,104.2,111.4,97.0,104.9,108.6,104.5,108.0,107.17,77.061,79.779,76.768,79.339,78.729,3520200.0,377276571000.0,0.0,0.0,3.8,2.7916,3.6468
VIC,2018-03-20,15:03:01,HOSE,STOCK,104.4,111.7,97.1,103.0,105.5,103.0,104.2,104.38,75.666,77.502,75.666,76.547,76.679,1045660.0,109141016000.0,0.0,0.0,-0.2,-0.1469,-0.1916
VIC,2018-03-19,15:03:01,HOSE,STOCK,99.7,106.6,92.8,100.2,105.0,100.2,104.4,103.62,73.609,77.135,73.609,76.694,76.121,1201010.0,124447329000.0,0.0,0.0,4.7,3.4527,4.7141
VIC,2018-03-16,15:03:02,HOSE,STOCK,99.5,106.4,92.6,99.4,101.0,99.4,99.7,99.9,73.021,74.196,73.021,73.242,73.388,3090070.0,308710251000.0,0.0,0.0,0.2,0.1469,0.201
VIC,2018-03-15,15:03:02,HOSE,STOCK,102.5,109.6,95.4,102.9,102.9,99.5,99.5,100.62,75.592,75.592,73.094,73.094,73.917,2784640.0,280180993000.0,0.0,0.0,-3.0,-2.2038,-2.9268
VIC,2018-03-14,15:03:03,HOSE,STOCK,102.6,109.7,95.5,102.5,104.9,102.5,102.5,103.21,75.299,77.061,75.299,75.299,75.819,2048400.0,211412142000.0,0.0,0.0,-0.1,-0.0735,-0.0975
VIC,2018-03-13,15:03:01,HOSE,STOCK,100.0,107.0,93.0,100.0,102.9,99.9,102.6,101.6,73.462,75.592,73.388,75.371,74.637,1364520.0,138634090000.0,0.0,0.0,2.6,1.91,2.6
VIC,2018-03-12,15:03:01,HOSE,STOCK,103.5,110.7,96.3,103.0,104.1,99.7,100.0,101.33,75.666,76.474,73.242,73.462,74.439,4156360.0,421153155000.0,0.0,0.0,-3.5,-2.5712,-3.3816
VIC,2018-03-09,15:03:01,HOSE,STOCK,103.2,110.4,96.0,103.2,106.0,100.0,103.5,103.68,75.812,77.869,73.462,76.033,76.165,3193390.0,331094752000.0,0.0,0.0,0.3,0.2204,0.2907
VIC,2018-03-08,15:03:02,HOSE,STOCK,98.6,105.5,91.7,98.0,104.4,97.9,103.2,100.87,71.993,76.694,71.919,75.812,74.101,2497640.0,251929806000.0,0.0,0.0,4.6,3.3792,4.6653
VIC,2018-03-07,15:03:01,HOSE,STOCK,98.5,105.3,91.7,98.5,100.0,96.5,98.6,98.43,72.36,73.462,70.891,72.434,72.308,1554880.0,153049514000.0,0.0,0.0,0.1,0.0735,0.1015
VIC,2018-03-06,15:03:02,HOSE,STOCK,94.0,100.5,87.5,96.0,98.5,94.0,98.5,96.85,70.523,72.36,69.054,72.36,71.147,1563590.0,151427977000.0,0.0,0.0,4.5,3.3058,4.7872
VIC,2018-03-05,15:03:01,HOSE,STOCK,94.5,101.1,87.9,95.0,99.6,94.0,94.0,96.92,69.788,73.168,69.054,69.054,71.199,1957990.0,189767529000.0,0.0,0.0,-0.5,-0.3673,-0.5291
VIC,2018-03-02,15:03:02,HOSE,STOCK,94.0,100.5,87.5,92.0,95.5,92.0,94.5,93.61,67.585,70.156,67.585,69.421,68.768,876310.0,82033158000.0,0.0,0.0,0.5,0.3673,0.5319
VIC,2018-03-01,15:03:02,HOSE,STOCK,94.9,101.5,88.3,94.4,95.8,93.3,94.0,94.35,69.348,70.377,68.539,69.054,69.311,1228940.0,115956401000.0,0.0,0.0,-0.9,-0.6612,-0.9484
VIC,2018-02-28,15:02:02,HOSE,STOCK,93.5,100.0,87.0,92.3,95.1,92.3,94.9,94.4,67.805,69.862,67.805,69.715,69.348,1652330.0,155985027000.0,0.0,0.0,1.4,1.0285,1.4973
VIC,2018-02-27,15:02:02,HOSE,STOCK,95.0,101.6,88.4,96.5,96.9,92.5,93.5,94.77,70.891,71.185,67.952,68.687,69.619,2312070.0,219105454000.0,0.0,0.0,-1.5,-1.1019,-1.5789
VIC,2018-02-26,15:02:01,HOSE,STOCK,91.6,98.0,85.2,92.0,96.5,92.0,95.0,94.37,67.585,70.891,67.585,69.788,69.326,2663650.0,251378594000.0,0.0,0.0,3.4,2.4977,3.7118
VIC,2018-02-23,15:02:02,HOSE,STOCK,90.5,96.8,84.2,91.0,92.0,91.0,91.6,91.58,66.851,67.585,66.851,67.291,67.276,1315690.0,120485588000.0,0.0,0.0,1.1,0.8081,1.2155
VIC,2018-02-22,15:02:01,HOSE,STOCK,90.0,96.3,83.7,90.0,92.0,89.1,90.5,90.4,66.115,67.585,65.454,66.483,66.41,2059700.0,186200596000.0,0.0,0.0,0.5,0.3673,0.5556
VIC,2018-02-21,15:02:02,HOSE,STOCK,86.1,92.1,80.1,87.9,92.0,87.3,90.0,88.99,64.573,67.585,64.132,66.115,65.373,3032580.0,269873953000.0,0.0,0.0,3.9,2.865,4.5296
VIC,2018-02-13,15:02:01,HOSE,STOCK,83.6,89.4,77.8,85.0,87.0,84.0,86.1,85.78,62.443,63.912,61.707,63.251,63.016,1361140.0,116756884000.0,0.0,0.0,2.5,1.8366,2.9904
VIC,2018-02-12,15:02:02,HOSE,STOCK,78.2,83.6,72.8,79.0,83.6,79.0,83.6,81.25,58.035,61.414,58.035,61.414,59.688,1403590.0,114039337000.0,0.0,0.0,5.4,3.9669,6.9054
VIC,2018-02-09,15:02:01,HOSE,STOCK,79.0,84.5,73.5,76.0,78.6,74.5,78.2,76.6,55.831,57.741,54.729,57.447,56.272,1512070.0,115820400000.0,0.0,0.0,-0.8,-0.5877,-1.0127
VIC,2018-02-08,15:02:02,HOSE,STOCK,81.0,86.6,75.4,80.0,81.0,79.0,79.0,79.91,58.77,59.504,58.035,58.035,58.703,1035980.0,82789681000.0,0.0,0.0,-2.0,-1.4692,-2.4691
VIC,2018-02-07,15:02:02,HOSE,STOCK,81.1,86.7,75.5,82.0,82.9,81.0,81.0,82.04,60.239,60.899,59.504,59.504,60.268,1569240.0,128743674000.0,0.0,0.0,-0.1,-0.0735,-0.1233
VIC,2018-02-06,15:02:01,HOSE,STOCK,81.1,86.7,75.5,75.5,81.1,75.5,81.1,76.69,55.464,59.578,55.464,59.578,56.338,6416850.0,492087678000.0,0.0,0.0,0.0,0.0,0.0
VIC,2018-02-05,15:02:01,HOSE,STOCK,87.2,93.3,81.1,85.4,86.0,81.1,81.1,83.58,62.736,63.177,59.578,59.578,61.399,2587460.0,216253848000.0,0.0,0.0,-6.1,-4.4812,-6.9954
VIC,2018-02-02,15:02:02,HOSE,STOCK,86.6,92.6,80.6,86.5,88.5,86.5,87.2,87.78,63.545,65.013,63.545,64.059,64.484,4141270.0,363511416000.0,0.0,0.0,0.6,0.4408,0.6928
VIC,2018-02-01,15:02:02,HOSE,STOCK,86.0,92.0,80.0,87.5,87.8,85.0,86.6,86.38,64.279,64.499,62.443,63.618,63.456,2444650.0,211174863000.0,0.0,0.0,0.6,0.4408,0.6977
VIC,2018-01-31,15:01:01,HOSE,STOCK,85.0,90.9,79.1,85.5,88.4,85.1,86.0,86.71,62.81,64.94,62.516,63.177,63.699,5163910.0,447770224000.0,0.0,0.0,1.0,0.7346,1.1765
VIC,2018-01-30,15:01:01,HOSE,STOCK,85.5,91.4,79.6,85.5,85.8,83.5,85.0,84.65,62.81,63.03,61.34,62.443,62.186,2528460.0,214044860000.0,0.0,0.0,-0.5,-0.3673,-0.5848
VIC,2018-01-29,15:01:02,HOSE,STOCK,85.5,91.4,79.6,86.0,87.3,85.2,85.5,86.19,63.177,64.132,62.589,62.81,63.316,1648430.0,142077965000.0,0.0,0.0,0.0,0.0,0.0
VIC,2018-01-26,15:01:02,HOSE,STOCK,85.1,91.0,79.2,86.0,86.5,84.9,85.5,85.64,63.177,63.545,62.369,62.81,62.913,1879950.0,161006365000.0,0.0,0.0,0.4,0.2938,0.47
VIC,2018-01-25,15:01:01,HOSE,STOCK,85.0,90.9,79.1,85.0,89.5,85.0,85.1,86.71,62.443,65.748,62.443,62.516,63.699,6498690.0,563491900000.0,0.0,0.0,0.1,0.0735,0.1176
VIC,2018-01-22,15:01:01,HOSE,STOCK,84.0,89.8,78.2,84.5,85.6,84.0,85.0,84.93,62.075,62.883,61.707,62.443,62.391,1971820.0,167462007000.0,0.0,0.0,1.0,0.7346,1.1905
VIC,2018-01-19,15:01:02,HOSE,STOCK,84.4,90.3,78.5,85.0,86.2,84.0,84.0,84.88,62.443,63.324,61.707,61.707,62.355,4547470.0,386004994000.0,0.0,0.0,-0.4,-0.2938,-0.4739
VIC,2018-01-18,15:01:02,HOSE,STOCK,84.0,89.8,78.2,83.0,84.4,80.5,84.4,82.58,60.973,62.002,59.137,62.002,60.665,2516550.0,207804132000.0,0.0,0.0,0.4,0.2938,0.4762
VIC,2018-01-17,15:01:01,HOSE,STOCK,86.0,92.0,80.0,86.0,86.8,83.0,84.0,85.16,63.177,63.765,60.973,61.707,62.56,3664360.0,312059641000.0,0.0,0.0,-2.0,-1.4692,-2.3256
VIC,2018-01-16,15:01:01,HOSE,STOCK,87.2,93.3,81.1,87.2,87.5,85.0,86.0,85.95,64.059,64.279,62.443,63.177,63.14,4033950.0,346708829000.0,0.0,0.0,-1.2,-0.8815,-1.3761
VIC,2018-01-15,15:01:01,HOSE,STOCK,85.4,91.3,79.5,86.4,88.8,86.1,87.2,87.37,63.471,65.234,63.251,64.059,64.184,3992270.0,348814121000.0,0.0,0.0,1.8,1.3223,2.1077
VIC,2018-01-12,15:01:02,HOSE,STOCK,81.0,86.6,75.4,81.5,86.3,81.3,85.4,83.7,59.871,63.397,59.724,62.736,61.488,5641810.0,472246894000.0,0.0,0.0,4.4,3.2323,5.4321
VIC,2018-01-11,15:01:01,HOSE,STOCK,80.8,86.4,75.2,80.8,82.2,80.1,81.0,81.26,59.357,60.386,58.843,59.504,59.695,3234530.0,262821983000.0,0.0,0.0,0.2,0.1469,0.2475
VIC,2018-01-10,15:01:01,HOSE,STOCK,80.6,86.2,75.0,81.0,82.3,80.6,80.8,81.19,59.504,60.459,59.211,59.357,59.643,3525280.0,286207162000.0,0.0,0.0,0.2,0.1469,0.2481
VIC,2018-01-09,15:01:01,HOSE,STOCK,80.3,85.9,74.7,80.9,82.5,80.0,80.6,80.92,59.43,60.606,58.77,59.211,59.445,3276860.0,265168803000.0,0.0,0.0,0.3,0.2204,0.3736
VIC,2018-01-08,15:01:02,HOSE,STOCK,80.0,85.6,74.4,80.0,81.9,79.1,80.3,79.98,58.77,60.165,58.108,58.99,58.755,3978990.0,318222857000.0,0.0,0.0,0.3,0.2204,0.375
VIC,2018-01-05,15:01:01,HOSE,STOCK,81.0,86.6,75.4,81.0,81.0,79.0,80.0,79.93,59.504,59.504,58.035,58.77,58.718,2825160.0,225824732000.0,0.0,0.0,-1.0,-0.7346,-1.2346
VIC,2018-01-04,15:01:01,HOSE,STOCK,80.5,86.1,74.9,81.5,83.1,80.5,81.0,81.55,59.871,61.047,59.137,59.504,59.908,2937490.0,239555982000.0,0.0,0.0,0.5,0.3673,0.6211
VIC,2018-01-03,15:01:01,HOSE,STOCK,78.2,83.6,72.8,79.5,83.2,78.6,80.5,80.91,58.402,61.12,57.741,59.137,59.438,5014340.0,405687628000.0,0.0,0.0,2.3,1.6896,2.9412
VIC,2018-01-02,15:01:02,HOSE,STOCK,77.3,82.7,71.9,77.6,78.5,77.4,78.2,78.07,57.006,57.667,56.859,57.447,57.352,1435130.0,112040571000.0,0.0,0.0,0.9,0.6612,1.1643
VIC,2017-12-29,15:12:01,HOSE,STOCK,77.4,82.8,72.0,77.6,79.9,77.0,77.3,77.98,57.006,58.696,56.565,56.786,57.285,2105550.0,164186839000.0,0.0,0.0,-0.1,-0.0735,-0.1292
VIC,2017-12-28,15:12:01,HOSE,STOCK,77.2,82.6,71.8,77.5,78.5,77.4,77.4,77.75,56.933,57.667,56.859,56.859,57.116,1109290.0,86249109000.0,0.0,0.0,0.2,0.1469,0.2591
VIC,2017-12-27,15:12:01,HOSE,STOCK,78.0,83.4,72.6,78.0,79.0,76.7,77.2,77.37,57.3,58.035,56.345,56.713,56.837,2925370.0,226321585000.0,0.0,0.0,-0.8,-0.5877,-1.0256
VIC,2017-12-26,15:12:01,HOSE,STOCK,78.0,83.4,72.6,78.3,79.0,77.8,78.0,78.13,57.521,58.035,57.153,57.3,57.395,2308080.0,180319160000.0,0.0,0.0,0.0,0.0,0.0
VIC,2017-12-25,15:12:01,HOSE,STOCK,75.6,80.8,70.4,76.0,78.0,75.8,78.0,76.54,55.831,57.3,55.684,57.3,56.227,1399540.0,107123935000.0,0.0,0.0,2.4,1.7631,3.1746
VIC,2017-12-22,15:12:02,HOSE,STOCK,73.0,78.1,67.9,73.7,75.6,73.4,75.6,74.49,54.141,55.537,53.921,55.537,54.722,2254940.0,167980968000.0,0.0,0.0,2.6,1.91,3.5616
VIC,2017-12-21,15:12:01,HOSE,STOCK,73.5,78.6,68.4,73.9,75.5,73.0,73.0,74.43,54.288,55.464,53.628,53.628,54.677,1721550.0,128136447000.0,0.0,0.0,-0.5,-0.3673,-0.6803
VIC,2017-12-20,15:12:02,HOSE,STOCK,73.5,78.6,68.4,73.3,73.9,72.4,73.5,73.31,53.847,54.288,53.187,53.995,53.855,1506770.0,110463173000.0,0.0,0.0,0.0,0.0,0.0
VIC,2017-12-19,15:12:01,HOSE,STOCK,74.0,79.1,68.9,74.6,75.5,73.3,73.5,74.49,54.803,55.464,53.847,53.995,54.722,1006310.0,74963343000.0,0.0,0.0,-0.5,-0.3673,-0.6757
VIC,2017-12-18,15:12:02,HOSE,STOCK,70.2,75.1,65.3,71.4,74.0,71.4,74.0,72.43,52.452,54.362,52.452,54.362,53.208,1199690.0,86894958000.0,0.0,0.0,3.8,2.7916,5.4131
VIC,2017-12-15,15:12:01,HOSE,STOCK,72.0,77.0,67.0,70.7,71.7,70.1,70.2,70.34,51.938,52.672,51.497,51.571,51.673,4185530.0,294399421000.0,0.0,0.0,-1.8,-1.3223,-2.5
VIC,2017-12-14,15:12:01,HOSE,STOCK,72.0,77.0,67.0,71.9,72.5,71.0,72.0,71.66,52.819,53.26,52.158,52.892,52.643,477210.0,34196262000.0,0.0,0.0,0.0,0.0,0.0
VIC,2017-12-13,15:12:01,HOSE,STOCK,71.2,76.1,66.3,71.5,72.2,70.9,72.0,71.62,52.525,53.039,52.084,52.892,52.613,547600.0,39220989000.0,0.0,0.0,0.8,0.5877,1.1236
VIC,2017-12-12,15:12:01,HOSE,STOCK,72.0,77.0,67.0,73.0,73.1,69.0,71.2,71.01,53.628,53.7,50.689,52.305,52.165,1138470.0,80842799000.0,0.0,0.0,-0.8,-0.5877,-1.1111
VIC,2017-12-11,15:12:01,HOSE,STOCK,73.0,78.1,67.9,72.0,73.2,71.0,72.0,72.32,52.892,53.774,52.158,52.892,53.128,1057910.0,76506496000.0,0.0,0.0,-1.0,-0.7346,-1.3699
VIC,2017-12-08,15:12:02,HOSE,STOCK,72.0,77.0,67.0,71.2,73.5,69.5,73.0,71.62,52.305,53.995,51.056,53.628,52.613,1767290.0,126581574000.0,0.0,0.0,1.0,0.7346,1.3889
VIC,2017-12-07,15:12:01,HOSE,STOCK,73.0,78.1,67.9,72.5,73.8,71.0,72.0,72.01,53.26,54.215,52.158,52.892,52.9,1010070.0,72735753000.0,0.0,0.0,-1.0,-0.7346,-1.3699
VIC,2017-12-06,15:12:01,HOSE,STOCK,73.0,78.1,67.9,73.6,73.6,69.9,73.0,71.5,54.068,54.068,51.35,53.628,52.525,2680770.0,191666380000.0,0.0,0.0,0.0,0.0,0.0
VIC,2017-12-05,15:12:02,HOSE,STOCK,76.1,81.4,70.8,77.0,78.5,70.8,73.0,76.13,56.565,57.667,52.011,53.628,55.926,3682370.0,280320733000.0,0.0,0.0,-3.1,-2.2774,-4.0736
VIC,2017-12-04,15:12:01,HOSE,STOCK,74.6,79.8,69.4,75.1,77.2,74.5,76.1,76.11,55.17,56.713,54.729,55.905,55.912,1716220.0,130620566000.0,0.0,0.0,1.5,1.1019,2.0107
VIC,2017-12-01,15:12:02,HOSE,STOCK,74.5,79.7,69.3,74.5,75.4,73.8,74.6,74.62,54.729,55.39,54.215,54.803,54.817,966230.0,72102612000.0,0.0,0.0,0.1,0.0735,0.1342
VIC,2017-11-30,15:11:01,HOSE,STOCK,76.2,81.5,70.9,76.2,76.7,74.5,74.5,75.44,55.978,56.345,54.729,54.729,55.42,1728020.0,130369603000.0,0.0,0.0,-1.7,-1.2488,-2.231
VIC,2017-11-29,15:11:01,HOSE,STOCK,76.2,81.5,70.9,77.0,77.0,76.1,76.2,76.3,56.565,56.565,55.905,55.978,56.051,1324620.0,101071891000.0,0.0,0.0,0.0,0.0,0.0
VIC,2017-11-28,15:11:02,HOSE,STOCK,76.0,81.3,70.7,77.5,78.9,76.0,76.2,76.72,56.933,57.962,55.831,55.978,56.36,1786250.0,137038096000.0,0.0,0.0,0.2,0.1469,0.2632
VIC,2017-11-27,15:11:01,HOSE,STOCK,74.5,79.7,69.3,74.0,79.5,72.0,76.0,76.56,54.362,58.402,52.892,55.831,56.243,2152690.0,164800730000.0,0.0,0.0,1.5,1.1019,2.0134
VIC,2017-11-24,15:11:02,HOSE,STOCK,76.5,81.8,71.2,76.5,76.5,74.5,74.5,75.1,56.198,56.198,54.729,54.729,55.17,858280.0,64459294000.0,0.0,0.0,-2.0,-1.4692,-2.6144
VIC,2017-11-23,15:11:01,HOSE,STOCK,76.0,81.3,70.7,76.0,77.8,75.2,76.5,76.62,55.831,57.153,55.244,56.198,56.286,1302120.0,99766300000.0,0.0,0.0,0.5,0.3673,0.6579
VIC,2017-11-22,15:11:01,HOSE,STOCK,77.0,82.3,71.7,77.0,78.8,73.5,76.0,76.05,56.565,57.888,53.995,55.831,55.867,1670670.0,127048815000.0,0.0,0.0,-1.0,-0.7346,-1.2987
VIC,2017-11-21,15:11:02,HOSE,STOCK,0.0,0.0,0.0,78.0,81.6,76.5,77.0,79.35,57.3,59.945,56.198,56.565,58.291,3764030.0,298692101000.0,0.0,0.0,0.0,0.0,0.0
VIC,2017-11-20,15:11:02,HOSE,STOCK,71.4,76.3,66.5,71.8,76.3,71.5,76.3,75.58,52.746,56.051,52.525,56.051,55.523,1958970.0,148067802000.0,0.0,0.0,4.9,3.5996,6.8627
VIC,2017-11-17,15:11:02,HOSE,STOCK,69.9,74.7,65.1,70.2,72.0,69.9,71.4,71.11,51.571,52.892,51.35,52.452,52.239,1572620.0,111824863000.0,0.0,0.0,1.5,1.1019,2.1459
VIC,2017-11-16,15:11:01,HOSE,STOCK,69.0,73.8,64.2,68.0,69.9,68.0,69.9,69.47,49.954,51.35,49.954,51.35,51.034,1449350.0,100689361000.0,0.0,0.0,0.9,0.6612,1.3043
VIC,2017-11-15,15:11:01,HOSE,STOCK,68.6,73.4,63.8,68.6,69.5,67.3,69.0,68.27,50.395,51.056,49.44,50.689,50.152,2415870.0,164934095000.0,0.0,0.0,0.4,0.2938,0.5831
VIC,2017-11-14,15:11:02,HOSE,STOCK,68.6,73.4,63.8,68.5,69.5,67.4,68.6,68.17,50.322,51.056,49.513,50.395,50.079,1697460.0,115709655000.0,0.0,0.0,0.0,0.0,0.0
VIC,2017-11-13,15:11:01,HOSE,STOCK,66.0,70.6,61.4,66.0,68.6,65.3,68.6,66.94,48.484,50.395,47.971,50.395,49.175,1213210.0,81207712000.0,0.0,0.0,2.6,1.91,3.9394
VIC,2017-11-10,15:11:01,HOSE,STOCK,68.6,73.4,63.8,67.8,70.0,65.3,66.0,68.21,49.807,51.423,47.971,48.484,50.108,2037660.0,138988412000.0,0.0,0.0,-2.6,-1.91,-3.7901
VIC,2017-11-09,15:11:02,HOSE,STOCK,65.5,70.0,61.0,67.5,70.0,67.0,68.6,68.92,49.587,51.423,49.22,50.395,50.63,1902810.0,131135700000.0,0.0,0.0,3.1,2.2773,4.7328
VIC,2017-11-08,15:11:01,HOSE,STOCK,62.0,66.3,57.7,64.0,65.6,62.5,65.5,64.72,47.016,48.191,45.914,48.117,47.545,2031740.0,131485547000.0,0.0,0.0,3.5,2.5711,5.6452
VIC,2017-11-07,15:11:02,HOSE,STOCK,60.5,64.7,56.3,60.8,62.5,60.3,62.0,61.83,44.665,45.914,44.298,45.547,45.421,1645400.0,101736360000.0,0.0,0.0,1.5,1.1019,2.4793
VIC,2017-11-06,15:11:02,HOSE,STOCK,60.2,64.4,56.0,60.4,60.8,60.0,60.5,60.46,44.371,44.665,44.077,44.444,44.415,1023210.0,61860172000.0,0.0,0.0,0.3,0.2204,0.4983
VIC,2017-11-03,15:11:01,HOSE,STOCK,60.0,64.2,55.8,59.9,60.6,59.0,60.2,60.02,44.004,44.518,43.342,44.224,44.092,1227960.0,73707538000.0,0.0,0.0,0.2,0.1469,0.3333
VIC,2017-11-02,15:11:01,HOSE,STOCK,58.6,62.7,54.5,58.6,60.0,58.5,60.0,59.1,43.049,44.077,42.975,44.077,43.416,1396970.0,82566555000.0,0.0,0.0,1.4,1.0285,2.3891
VIC,2017-11-01,15:11:01,HOSE,STOCK,58.5,62.5,54.5,58.6,58.8,58.2,58.6,58.51,43.049,43.196,42.755,43.049,42.982,1443760.0,84474735000.0,0.0,0.0,0.1,0.0735,0.1709
VIC,2017-10-31,15:10:01,HOSE,STOCK,58.0,62.0,54.0,58.3,58.8,57.7,58.5,58.35,42.828,43.196,42.388,42.975,42.865,1225710.0,71521295000.0,0.0,0.0,0.5,0.3673,0.8621
VIC,2017-10-30,15:10:03,HOSE,STOCK,57.0,60.9,53.1,57.4,58.5,57.1,58.0,57.9,42.167,42.975,41.947,42.608,42.534,1520110.0,88014132000.0,0.0,0.0,1.0,0.7346,1.7544
VIC,2017-10-27,15:10:01,HOSE,STOCK,55.3,59.1,51.5,55.8,57.4,55.2,57.0,56.4,40.992,42.167,40.551,41.873,41.433,1881040.0,106092313000.0,0.0,0.0,1.7,1.2488,3.0741
VIC,2017-10-26,15:10:01,HOSE,STOCK,55.3,59.1,51.5,55.3,55.4,53.0,55.3,54.76,40.624,40.698,38.935,40.624,40.228,1424800.0,78023072000.0,0.0,0.0,0.0,0.0,0.0
VIC,2017-10-25,15:10:01,HOSE,STOCK,55.5,59.3,51.7,55.5,55.6,55.0,55.3,55.35,40.772,40.844,40.404,40.624,40.661,639470.0,35397419000.0,0.0,0.0,-0.2,-0.1469,-0.3604
VIC,2017-10-24,15:10:02,HOSE,STOCK,55.4,59.2,51.6,55.5,55.8,54.7,55.5,55.44,40.772,40.992,40.184,40.772,40.727,1015940.0,56321350000.0,0.0,0.0,0.1,0.0735,0.1805
VIC,2017-10-23,15:10:01,HOSE,STOCK,55.3,59.1,51.5,55.4,55.6,55.0,55.4,55.34,40.698,40.844,40.404,40.698,40.654,1042390.0,57685816000.0,0.0,0.0,0.1,0.0735,0.1808
VIC,2017-10-20,15:10:01,HOSE,STOCK,55.0,58.8,51.2,55.0,55.8,54.6,55.3,55.28,40.404,40.992,40.11,40.624,40.61,1699930.0,93976750000.0,0.0,0.0,0.3,0.2204,0.5455
VIC,2017-10-19,15:10:01,HOSE,STOCK,54.9,58.7,51.1,54.9,55.2,54.5,55.0,54.97,40.331,40.551,40.036,40.404,40.382,652270.0,35855408000.0,0.0,0.0,0.1,0.0735,0.1821
VIC,2017-10-18,15:10:01,HOSE,STOCK,55.3,59.1,51.5,55.3,55.7,54.9,54.9,55.18,40.624,40.918,40.331,40.331,40.536,645210.0,35603001000.0,0.0,0.0,-0.4,-0.2939,-0.7233
VIC,2017-10-17,15:10:01,HOSE,STOCK,54.6,58.4,50.8,54.8,55.8,54.5,55.3,55.17,40.257,40.992,40.036,40.624,40.529,611740.0,33750159000.0,0.0,0.0,0.7,0.5142,1.2821
VIC,2017-10-16,15:10:02,HOSE,STOCK,56.0,59.9,52.1,56.0,56.2,54.6,54.6,55.2,41.139,41.285,40.11,40.11,40.551,1164490.0,64285197000.0,0.0,0.0,-1.4,-1.0285,-2.5
VIC,2017-10-13,15:10:01,HOSE,STOCK,55.0,58.8,51.2,54.5,56.0,54.4,56.0,55.23,40.036,41.139,39.964,41.139,40.573,1163690.0,64268868000.0,0.0,0.0,1.0,0.7346,1.8182
VIC,2017-10-12,15:10:02,HOSE,STOCK,54.9,58.7,51.1,54.5,55.8,53.9,55.0,55.15,40.036,40.992,39.596,40.404,40.514,955520.0,52698121000.0,0.0,0.0,0.1,0.0735,0.1821
VIC,2017-10-11,15:10:01,HOSE,STOCK,52.2,55.8,48.55,52.2,54.9,52.2,54.9,53.76,38.347,40.331,38.347,40.331,39.493,1820720.0,97880994000.0,0.0,0.0,2.7,1.9835,5.1724
VIC,2017-10-10,15:10:02,HOSE,STOCK,52.0,55.6,48.4,51.5,52.2,50.7,52.2,51.13,37.833,38.347,37.245,38.347,37.561,1812200.0,92651302000.0,0.0,0.0,0.2,0.1469,0.3846
VIC,2017-10-09,15:10:01,HOSE,STOCK,52.6,56.2,48.95,52.4,52.4,51.3,52.0,51.84,38.494,38.494,37.686,38.2,38.083,655850.0,33996359000.0,0.0,0.0,-0.6,-0.4408,-1.1407
VIC,2017-10-06,15:10:02,HOSE,STOCK,52.7,56.3,49.05,52.7,52.9,52.3,52.6,52.62,38.715,38.861,38.42,38.641,38.656,1246450.0,65587689000.0,0.0,0.0,-0.1,-0.0735,-0.1898
VIC,2017-10-05,15:10:01,HOSE,STOCK,52.0,55.6,48.4,52.1,53.2,52.0,52.7,52.47,38.274,39.082,38.2,38.715,38.546,1639860.0,86043338000.0,0.0,0.0,0.7,0.5142,1.3462
VIC,2017-10-04,15:10:01,HOSE,STOCK,51.1,54.6,47.55,51.4,52.0,51.2,52.0,51.8,37.759,38.2,37.612,38.2,38.053,1930800.0,100023996000.0,0.0,0.0,0.9,0.6612,1.7613
VIC,2017-10-03,16:10:51,HOSE,STOCK,51.1,54.6,47.55,51.1,52.5,51.1,51.1,51.74,37.539,38.567,37.539,37.539,38.009,2940110.0,152119761000.0,0.0,0.0,0.0,0.0,0.0
VIC,2017-10-02,15:10:01,HOSE,STOCK,51.2,54.7,47.65,51.2,51.3,50.9,51.0,51.01,37.612,37.686,37.392,37.466,37.473,719100.0,36678425000.0,0.0,0.0,-0.2,-0.1469,-0.3906
VIC,2017-09-29,15:09:01,HOSE,STOCK,50.8,54.3,47.25,50.5,51.2,50.5,51.2,51.0,37.099,37.612,37.099,37.612,37.466,771460.0,39344958000.0,0.0,0.0,0.4,0.2938,0.7874
VIC,2017-09-28,15:09:02,HOSE,STOCK,51.1,54.6,47.55,51.4,51.8,50.8,50.8,51.12,37.759,38.053,37.318,37.318,37.554,802280.0,41011858000.0,0.0,0.0,-0.3,-0.2204,-0.5871
VIC,2017-09-27,15:09:01,HOSE,STOCK,49.4,52.8,45.95,49.8,51.5,49.8,51.1,50.97,36.584,37.833,36.584,37.539,37.444,1612010.0,82157134500.0,0.0,0.0,1.7,1.2489,3.4413
VIC,2017-09-26,15:09:01,HOSE,STOCK,49.0,52.4,45.6,49.0,49.95,48.8,49.4,49.27,35.996,36.694,35.85,36.29,36.195,1097210.0,54057048500.0,0.0,0.0,0.4,0.2938,0.8163
VIC,2017-09-25,15:09:01,HOSE,STOCK,49.1,52.5,45.7,49.0,49.3,48.8,49.0,49.0,35.996,36.217,35.85,35.996,35.996,991050.0,48564614500.0,0.0,0.0,-0.1,-0.0735,-0.2037
VIC,2017-09-22,15:09:06,HOSE,STOCK,49.1,52.5,45.7,49.2,49.7,48.3,49.1,49.19,36.143,36.51,35.482,36.069,36.136,635450.0,31258625000.0,0.0,0.0,0.0,0.0,0.0
VIC,2017-09-21,15:09:02,HOSE,STOCK,49.0,52.4,45.6,49.0,49.1,48.05,49.1,48.64,35.996,36.069,35.299,36.069,35.732,642630.0,31255628500.0,0.0,0.0,0.1,0.0735,0.2041
VIC,2017-09-20,15:09:01,HOSE,STOCK,49.1,52.5,45.7,49.1,49.15,48.7,49.0,49.0,36.069,36.107,35.776,35.996,35.996,587010.0,28764664500.0,0.0,0.0,-0.1,-0.0735,-0.2037
VIC,2017-09-19,15:09:01,HOSE,STOCK,49.0,52.4,45.6,49.0,49.3,48.85,49.1,49.08,35.996,36.217,35.886,36.069,36.055,677170.0,33233589500.0,0.0,0.0,0.1,0.0735,0.2041
VIC,2017-09-18,15:09:01,HOSE,STOCK,48.9,52.3,45.5,48.9,49.4,48.8,49.0,48.99,35.923,36.29,35.85,35.996,35.989,309400.0,15156283500.0,0.0,0.0,0.1,0.0735,0.2045
VIC,2017-09-15,15:09:02,HOSE,STOCK,49.15,52.5,45.75,48.2,49.5,48.2,48.9,48.94,35.409,36.364,35.409,35.923,35.952,3535620.0,173035956000.0,0.0,0.0,-0.25,-0.1837,-0.5086
VIC,2017-09-14,15:09:01,HOSE,STOCK,48.1,51.4,44.75,47.55,50.0,47.55,49.15,48.95,34.932,36.731,34.932,36.107,35.96,1038060.0,50814148000.0,0.0,0.0,1.05,0.7714,2.183
VIC,2017-09-13,15:09:01,HOSE,STOCK,49.3,52.7,45.85,49.3,49.35,48.0,48.1,48.48,36.217,36.253,35.261,35.335,35.614,983030.0,47655558000.0,0.0,0.0,-1.2,-0.8815,-2.4341
VIC,2017-09-12,15:09:02,HOSE,STOCK,49.3,52.7,45.85,48.6,49.3,48.6,49.3,49.02,35.702,36.217,35.702,36.217,36.011,1762650.0,86406120000.0,0.0,0.0,0.0,0.0,0.0
VIC,2017-09-11,15:09:01,HOSE,STOCK,50.6,54.1,47.1,50.4,50.4,49.3,49.3,49.72,37.025,37.025,36.217,36.217,36.525,678430.0,33734096000.0,0.0,0.0,-1.3,-0.955,-2.5692
VIC,2017-09-08,15:09:02,HOSE,STOCK,49.95,53.4,46.5,50.0,51.3,49.35,50.6,50.45,36.731,37.686,36.253,37.172,37.061,1674650.0,84478321000.0,0.0,0.0,0.65,0.4775,1.3013
VIC,2017-09-07,15:09:01,HOSE,STOCK,50.0,53.5,46.5,50.0,50.0,49.4,49.95,49.75,36.731,36.731,36.29,36.694,36.548,468460.0,23305973500.0,0.0,0.0,-0.05,-0.0367,-0.1
VIC,2017-09-06,15:09:02,HOSE,STOCK,50.2,53.7,46.7,50.2,50.2,49.0,50.0,49.77,36.878,36.878,35.996,36.731,36.562,977140.0,48632117500.0,0.0,0.0,-0.2,-0.1469,-0.3984
VIC,2017-09-05,15:09:01,HOSE,STOCK,49.4,52.8,45.95,49.9,50.3,49.6,50.2,50.03,36.658,36.951,36.437,36.878,36.753,1083940.0,54232100000.0,0.0,0.0,0.8,0.5877,1.6194
VIC,2017-09-01,15:09:02,HOSE,STOCK,49.0,52.4,45.6,48.7,49.9,48.7,49.4,49.46,35.776,36.658,35.776,36.29,36.334,613910.0,30364698500.0,0.0,0.0,0.4,0.2938,0.8163
VIC,2017-08-31,15:08:01,HOSE,STOCK,49.2,52.6,45.8,49.0,50.6,48.5,49.0,49.69,35.996,37.172,35.629,35.996,36.503,1464890.0,72789593500.0,0.0,0.0,-0.2,-0.1469,-0.4065
VIC,2017-08-30,15:08:01,HOSE,STOCK,46.05,49.25,42.85,46.05,49.2,46.05,49.2,47.71,33.829,36.143,33.829,36.143,35.049,1588730.0,75790641500.0,0.0,0.0,3.15,2.314,6.8404
VIC,2017-08-29,15:08:01,HOSE,STOCK,45.5,48.65,42.35,45.4,46.2,44.95,46.05,45.62,33.352,33.94,33.021,33.829,33.513,1051820.0,47988286000.0,0.0,0.0,0.55,0.404,1.2088
VIC,2017-08-28,15:08:02,HOSE,STOCK,44.55,47.65,41.45,44.55,45.5,44.1,45.5,45.01,32.727,33.425,32.396,33.425,33.065,815250.0,36692901500.0,0.0,0.0,0.95,0.6979,2.1324
VIC,2017-08-25,15:08:49,HOSE,STOCK,43.55,46.55,40.55,43.55,44.75,43.55,44.55,44.19,31.993,32.874,31.993,32.727,32.463,625340.0,27632812500.0,0.0,0.0,1.0,0.7346,2.2962
VIC,2017-08-24,15:08:02,HOSE,STOCK,43.3,46.3,40.3,43.5,43.95,43.3,43.55,43.73,31.956,32.286,31.809,31.993,32.124,391490.0,17120410500.0,0.0,0.0,0.25,0.1837,0.5774
VIC,2017-08-23,15:08:01,HOSE,STOCK,42.8,45.75,39.85,43.25,43.3,42.8,43.3,43.15,31.772,31.809,31.442,31.809,31.699,141920.0,6124027000.0,0.0,0.0,0.5,0.3673,1.1682
VIC,2017-08-22,15:08:02,HOSE,STOCK,42.9,45.9,39.9,42.6,43.0,42.6,42.8,42.82,31.295,31.588,31.295,31.442,31.456,219070.0,9381109000.0,0.0,0.0,-0.1,-0.0735,-0.2331
VIC,2017-08-21,15:08:02,HOSE,STOCK,42.75,45.7,39.8,42.3,42.9,42.3,42.9,42.67,31.075,31.516,31.075,31.516,31.346,297760.0,12706569000.0,0.0,0.0,0.15,0.1102,0.3509
VIC,2017-08-18,15:08:02,HOSE,STOCK,42.75,45.7,39.8,42.75,43.1,42.4,42.75,42.69,31.405,31.662,31.148,31.405,31.361,523350.0,22342350000.0,0.0,0.0,0.0,0.0,0.0
VIC,2017-08-17,15:08:01,HOSE,STOCK,42.8,45.75,39.85,43.0,43.0,42.4,42.75,42.7,31.588,31.588,31.148,31.405,31.368,334020.0,14263961000.0,0.0,0.0,-0.05,-0.0367,-0.1168
VIC,2017-08-16,15:08:02,HOSE,STOCK,42.6,45.55,39.65,42.5,42.85,42.4,42.8,42.58,31.221,31.478,31.148,31.442,31.28,259540.0,11051598000.0,0.0,0.0,0.2,0.1469,0.4695
VIC,2017-08-15,15:08:01,HOSE,STOCK,43.5,46.5,40.5,43.4,43.5,42.5,42.6,42.64,31.883,31.956,31.221,31.295,31.324,508250.0,21670314500.0,0.0,0.0,-0.9,-0.6612,-2.069
VIC,2017-08-14,15:08:01,HOSE,STOCK,43.5,46.5,40.5,43.5,43.55,43.2,43.5,43.5,31.956,31.993,31.735,31.956,31.956,227890.0,9913685500.0,0.0,0.0,0.0,0.0,0.0
VIC,2017-08-11,15:08:01,HOSE,STOCK,43.2,46.2,40.2,43.2,43.7,42.9,43.5,43.29,31.735,32.103,31.516,31.956,31.802,125330.0,5425551000.0,0.0,0.0,0.3,0.2204,0.6944
VIC,2017-08-10,00:08:00,HOSE,STOCK,43.5,46.5,40.5,43.5,43.8,43.0,43.2,43.41,31.956,32.176,31.588,31.735,31.89,178660.0,7755334500.0,0.0,0.0,-0.3,-0.2204,-0.6897
VIC,2017-08-09,15:08:01,HOSE,STOCK,44.9,48.0,41.8,44.3,45.0,43.5,43.5,43.89,32.544,33.058,31.956,31.956,32.243,631740.0,27729008000.0,0.0,0.0,-1.4,-1.0285,-3.118
VIC,2017-08-08,15:08:01,HOSE,STOCK,44.5,47.6,41.4,44.5,44.9,44.5,44.9,44.63,32.691,32.984,32.691,32.984,32.786,655500.0,29252704500.0,0.0,0.0,0.4,0.2938,0.8989
VIC,2017-08-07,15:08:01,HOSE,STOCK,44.55,47.65,41.45,44.55,44.6,44.3,44.5,44.48,32.727,32.764,32.544,32.691,32.676,342670.0,15241902500.0,0.0,0.0,-0.05,-0.0367,-0.1122
VIC,2017-08-04,15:08:02,HOSE,STOCK,44.4,47.5,41.3,44.6,44.9,44.4,44.55,44.61,32.764,32.984,32.617,32.727,32.772,436280.0,19463323500.0,0.0,0.0,0.15,0.1102,0.3378
VIC,2017-08-03,15:08:01,HOSE,STOCK,44.4,47.5,41.3,44.2,44.8,44.0,44.4,44.51,32.47,32.911,32.324,32.617,32.698,481890.0,21449296500.0,0.0,0.0,0.0,0.0,0.0
VIC,2017-08-02,15:08:01,HOSE,STOCK,44.4,47.5,41.3,43.9,44.5,43.9,44.4,44.3,32.25,32.691,32.25,32.617,32.544,388850.0,17226615500.0,0.0,0.0,0.0,0.0,0.0
VIC,2017-08-01,15:08:02,HOSE,STOCK,44.5,47.6,41.4,44.5,44.5,44.0,44.4,44.33,32.691,32.691,32.324,32.617,32.565,404610.0,17936740000.0,0.0,0.0,-0.1,-0.0735,-0.2247
VIC,2017-07-31,15:07:01,HOSE,STOCK,42.9,45.9,39.9,43.6,44.5,43.5,44.5,44.02,32.029,32.691,31.956,32.691,32.338,1244560.0,54785741000.0,0.0,0.0,1.6,1.1754,3.7296
VIC,2017-07-28,15:07:01,HOSE,STOCK,42.3,45.25,39.35,42.3,42.9,42.0,42.9,42.63,31.075,31.516,30.854,31.516,31.316,431700.0,18404839000.0,0.0,0.0,0.6,0.4408,1.4184
VIC,2017-07-27,15:07:01,HOSE,STOCK,42.6,45.55,39.65,42.1,42.6,42.1,42.3,42.43,30.927,31.295,30.927,31.075,31.17,254710.0,10806159500.0,0.0,0.0,-0.3,-0.2204,-0.7042
VIC,2017-07-26,15:07:01,HOSE,STOCK,42.0,44.9,39.1,42.0,42.6,41.8,42.6,42.23,30.854,31.295,30.707,31.295,31.023,508260.0,21462113000.0,0.0,0.0,0.6,0.4408,1.4286
VIC,2017-07-25,15:07:01,HOSE,STOCK,42.2,45.15,39.25,41.8,42.1,41.8,42.0,41.99,30.707,30.927,30.707,30.854,30.846,193720.0,8133451500.0,0.0,0.0,-0.2,-0.1469,-0.4739
VIC,2017-07-24,15:07:01,HOSE,STOCK,42.45,45.4,39.5,42.45,42.45,41.9,42.2,42.1,31.185,31.185,30.78,31.001,30.927,222770.0,9378098000.0,0.0,0.0,-0.25,-0.1837,-0.5889
VIC,2017-07-21,15:07:02,HOSE,STOCK,42.4,45.35,39.45,42.1,42.45,41.65,42.45,42.13,30.927,31.185,30.596,31.185,30.949,563380.0,23734818500.0,0.0,0.0,0.05,0.0367,0.1179
VIC,2017-07-20,15:07:01,HOSE,STOCK,42.0,44.9,39.1,42.0,42.4,41.8,42.4,42.15,30.854,31.148,30.707,31.148,30.964,259280.0,10929058000.0,0.0,0.0,0.4,0.2938,0.9524
VIC,2017-07-19,15:07:01,HOSE,STOCK,42.3,45.25,39.35,42.5,42.5,41.95,42.0,42.17,31.221,31.221,30.817,30.854,30.979,300130.0,12655560000.0,0.0,0.0,-0.3,-0.2204,-0.7092
VIC,2017-07-18,15:07:01,HOSE,STOCK,42.4,45.35,39.45,41.5,42.3,41.5,42.3,42.03,30.487,31.075,30.487,31.075,30.876,146220.0,6145051500.0,0.0,0.0,-0.1,-0.0735,-0.2358
VIC,2017-07-17,15:07:01,HOSE,STOCK,42.6,45.55,39.65,42.5,42.5,41.8,42.4,42.07,31.221,31.221,30.707,31.148,30.906,489240.0,20584759500.0,0.0,0.0,-0.2,-0.1469,-0.4695
VIC,2017-07-14,15:07:01,HOSE,STOCK,42.6,45.55,39.65,42.6,42.6,42.2,42.6,42.43,31.295,31.295,31.001,31.295,31.17,355150.0,15068413000.0,0.0,0.0,0.0,0.0,0.0
VIC,2017-07-13,15:07:01,HOSE,STOCK,42.6,45.55,39.65,42.6,42.6,41.9,42.6,42.47,31.295,31.295,30.78,31.295,31.199,552600.0,23470093000.0,0.0,0.0,0.0,0.0,0.0
VIC,2017-07-12,15:07:01,HOSE,STOCK,42.1,45.0,39.2,42.45,42.6,42.0,42.6,42.41,31.185,31.295,30.854,31.295,31.156,459760.0,19499874500.0,0.0,0.0,0.5,0.3673,1.1876
VIC,2017-07-11,15:07:01,HOSE,STOCK,41.1,43.95,38.25,41.1,42.1,41.1,42.1,41.64,30.193,30.927,30.193,30.927,30.589,436010.0,18153769000.0,0.0,0.0,1.0,0.7346,2.4331
VIC,2017-07-10,15:07:02,HOSE,STOCK,42.0,44.9,39.1,42.3,42.3,41.0,41.1,41.38,31.075,31.075,30.119,30.193,30.398,555810.0,22999051500.0,0.0,0.0,-0.9,-0.6612,-2.1429
VIC,2017-07-07,15:07:01,HOSE,STOCK,42.4,45.35,39.45,42.65,42.7,42.0,42.0,42.27,31.332,31.368,30.854,30.854,31.052,238900.0,10099136000.0,0.0,0.0,-0.4,-0.2938,-0.9434
VIC,2017-07-06,15:07:01,HOSE,STOCK,42.0,44.9,39.1,42.5,42.5,42.0,42.4,42.27,31.221,31.221,30.854,31.148,31.052,324260.0,13706781000.0,0.0,0.0,0.4,0.2938,0.9524
VIC,2017-07-05,15:07:01,HOSE,STOCK,42.0,44.9,39.1,42.3,42.4,41.65,42.0,41.87,31.075,31.148,30.596,30.854,30.758,493510.0,20662813500.0,0.0,0.0,0.0,0.0,0.0
VIC,2017-07-04,15:07:01,HOSE,STOCK,42.3,45.25,39.35,42.2,42.3,41.5,42.0,41.91,31.001,31.075,30.487,30.854,30.788,938440.0,39330190000.0,0.0,0.0,-0.3,-0.2204,-0.7092
VIC,2017-07-03,15:07:01,HOSE,STOCK,42.7,45.65,39.75,42.7,42.7,42.2,42.3,42.33,31.368,31.368,31.001,31.075,31.096,537620.0,22756181000.0,0.0,0.0,-0.4,-0.2939,-0.9368
VIC,2017-06-30,15:06:01,HOSE,STOCK,42.35,45.3,39.4,42.6,42.7,42.25,42.7,42.5,31.295,31.368,31.037,31.368,31.221,452240.0,19221174000.0,0.0,0.0,0.35,0.2571,0.8264
VIC,2017-06-29,15:06:02,HOSE,STOCK,42.45,45.4,39.5,42.8,42.8,42.3,42.35,42.47,31.442,31.442,31.075,31.111,31.199,171730.0,7294050000.0,0.0,0.0,-0.1,-0.0735,-0.2356
VIC,2017-06-28,15:06:01,HOSE,STOCK,42.6,45.55,39.65,42.6,42.6,42.25,42.45,42.37,31.295,31.295,31.037,31.185,31.126,240730.0,10200206500.0,0.0,0.0,-0.15,-0.1102,-0.3521
VIC,2017-06-27,15:06:01,HOSE,STOCK,42.8,45.75,39.85,42.8,42.8,42.5,42.6,42.62,31.442,31.442,31.221,31.295,31.309,217480.0,9268122000.0,0.0,0.0,-0.2,-0.1469,-0.4673
VIC,2017-06-26,15:06:01,HOSE,STOCK,42.05,44.95,39.15,42.05,42.95,42.05,42.8,42.71,30.891,31.552,30.891,31.442,31.376,579860.0,24766339500.0,0.0,0.0,0.75,0.551,1.7836
VIC,2017-06-23,15:06:01,HOSE,STOCK,42.1,45.0,39.2,41.8,42.1,41.8,42.05,41.94,30.707,30.927,30.707,30.891,30.81,452090.0,18960574000.0,0.0,0.0,-0.05,-0.0367,-0.1188
VIC,2017-06-22,15:06:01,HOSE,STOCK,42.8,45.75,39.85,42.65,42.7,42.1,42.1,42.22,31.332,31.368,30.927,30.927,31.016,291210.0,12295879500.0,0.0,0.0,-0.7,-0.5142,-1.6355
VIC,2017-06-21,15:06:01,HOSE,STOCK,42.3,45.25,39.35,42.3,42.8,41.95,42.8,42.17,31.075,31.442,30.817,31.442,30.979,556290.0,23456555000.0,0.0,0.0,0.5,0.3673,1.182
VIC,2017-06-20,15:06:01,HOSE,STOCK,43.1,46.1,40.1,43.2,43.2,42.3,42.3,42.5,31.735,31.735,31.075,31.075,31.221,475170.0,20195565000.0,0.0,0.0,-0.8,-0.5877,-1.8561
VIC,2017-06-19,15:06:02,HOSE,STOCK,43.0,46.0,40.0,42.5,43.1,42.35,43.1,42.79,31.221,31.662,31.111,31.662,31.435,756020.0,32346643000.0,0.0,0.0,0.1,0.0735,0.2326
VIC,2017-06-16,15:06:01,HOSE,STOCK,42.3,45.25,39.35,42.85,43.0,42.4,43.0,42.95,31.478,31.588,31.148,31.588,31.552,3660640.0,157232647000.0,0.0,0.0,0.7,0.5142,1.6548
VIC,2017-06-15,15:06:02,HOSE,STOCK,41.5,44.4,38.6,41.6,42.3,41.6,42.3,42.01,30.56,31.075,30.56,31.075,30.861,777300.0,32652420000.0,0.0,0.0,0.8,0.5877,1.9277
VIC,2017-06-14,15:06:01,HOSE,STOCK,43.0,46.0,40.0,43.0,43.1,41.2,41.5,42.1,31.588,31.662,30.267,30.487,30.927,1835800.0,77283040000.0,0.0,0.0,-1.5,-1.1019,-3.4884
VIC,2017-06-13,15:06:01,HOSE,STOCK,42.35,45.3,39.4,42.55,43.0,42.25,43.0,42.61,31.258,31.588,31.037,31.588,31.302,953070.0,40607664000.0,0.0,0.0,0.65,0.4775,1.5348
VIC,2017-06-12,15:06:01,HOSE,STOCK,41.6,44.5,38.7,41.8,42.35,41.6,42.35,42.02,30.707,31.111,30.56,31.111,30.868,1150090.0,48328747000.0,0.0,0.0,0.75,0.551,1.8029
VIC,2017-06-09,15:06:01,HOSE,STOCK,41.3,44.15,38.45,41.4,41.8,41.4,41.6,41.6,30.413,30.707,30.413,30.56,30.56,538240.0,22390469000.0,0.0,0.0,0.3,0.2204,0.7264
VIC,2017-06-08,15:06:02,HOSE,STOCK,41.0,43.85,38.15,41.1,41.8,40.7,41.3,41.25,30.193,30.707,29.899,30.34,30.303,702230.0,28966815000.0,0.0,0.0,0.3,0.2204,0.7317
VIC,2017-06-07,15:06:01,HOSE,STOCK,40.65,43.45,37.85,40.65,41.0,40.65,41.0,40.82,29.862,30.119,29.862,30.119,29.988,494480.0,20186577500.0,0.0,0.0,0.35,0.2571,0.861
VIC,2017-06-06,15:06:01,HOSE,STOCK,40.6,43.4,37.8,40.75,40.75,40.55,40.65,40.64,29.936,29.936,29.788,29.862,29.855,439540.0,17862380500.0,0.0,0.0,0.05,0.0367,0.1232
VIC,2017-06-05,15:06:01,HOSE,STOCK,40.6,43.4,37.8,40.5,40.65,40.25,40.6,40.53,29.752,29.862,29.568,29.826,29.774,494100.0,20024860500.0,0.0,0.0,0.0,0.0,0.0
VIC,2017-06-02,15:06:01,HOSE,STOCK,40.55,43.35,37.75,40.55,40.65,40.4,40.6,40.57,29.788,29.862,29.678,29.826,29.804,630520.0,25577700500.0,0.0,0.0,0.05,0.0367,0.1233
VIC,2017-06-01,15:06:01,HOSE,STOCK,40.25,43.05,37.45,40.5,40.65,40.25,40.55,40.41,29.752,29.862,29.568,29.788,29.686,710890.0,28728762500.0,0.0,0.0,0.3,0.2204,0.7453
VIC,2017-05-31,15:05:02,HOSE,STOCK,40.25,43.05,37.45,40.3,40.7,40.2,40.25,40.38,29.605,29.899,29.532,29.568,29.664,633970.0,25599748500.0,0.0,0.0,0.0,0.0,0.0
VIC,2017-05-30,15:05:01,HOSE,STOCK,40.65,43.45,37.85,40.3,40.6,40.25,40.25,40.38,29.605,29.826,29.568,29.568,29.664,665930.0,26888103500.0,0.0,0.0,-0.4,-0.2938,-0.984
VIC,2017-05-29,15:05:01,HOSE,STOCK,40.5,43.3,37.7,40.5,40.75,40.0,40.65,40.33,29.752,29.936,29.385,29.862,29.628,784880.0,31654800500.0,0.0,0.0,0.15,0.1102,0.3704
VIC,2017-05-26,15:05:02,HOSE,STOCK,40.05,42.85,37.25,40.1,40.5,40.0,40.5,40.16,29.458,29.752,29.385,29.752,29.502,724620.0,29103011500.0,0.0,0.0,0.45,0.3306,1.1236
VIC,2017-05-25,15:05:01,HOSE,STOCK,40.5,43.3,37.7,40.3,40.5,39.95,40.05,40.15,29.605,29.752,29.348,29.421,29.495,1822220.0,73164288000.0,0.0,0.0,-0.45,-0.3306,-1.1111
VIC,2017-05-24,15:05:01,HOSE,STOCK,40.85,43.7,38.0,40.85,40.95,40.4,40.5,40.566,30.009,30.083,29.678,29.752,29.801,1407180.0,57084207500.0,0.0,0.0,-0.35,-0.2571,-0.8568
VIC,2017-05-23,15:05:01,HOSE,STOCK,41.2,44.05,38.35,41.2,41.2,40.8,40.85,40.94,30.267,30.267,29.972,30.009,30.076,799020.0,32714524000.0,0.0,0.0,-0.35,-0.2571,-0.8495
VIC,2017-05-22,15:05:01,HOSE,STOCK,40.9,43.75,38.05,40.8,41.4,40.8,41.2,41.13,29.972,30.413,29.972,30.267,30.215,825830.0,33969892500.0,0.0,0.0,0.3,0.2204,0.7335
VIC,2017-05-19,15:05:01,HOSE,STOCK,41.3,44.15,38.45,41.3,41.3,40.7,40.9,41.01,30.34,30.34,29.899,30.046,30.127,645030.0,26454276500.0,0.0,0.0,-0.4,-0.2938,-0.9685
VIC,2017-05-18,15:05:01,HOSE,STOCK,41.3,44.15,38.45,41.3,41.7,41.05,41.3,41.33,30.34,30.634,30.156,30.34,30.362,815460.0,33706183000.0,0.0,0.0,0.0,0.0,0.0
VIC,2017-05-17,15:05:01,HOSE,STOCK,41.5,44.4,38.6,41.3,41.7,41.15,41.3,41.36,30.34,30.634,30.229,30.34,30.384,538140.0,22255706500.0,0.0,0.0,-0.2,-0.1469,-0.4819
VIC,2017-05-16,15:05:01,HOSE,STOCK,40.9,43.75,38.05,41.0,41.5,40.8,41.5,41.21,30.119,30.487,29.972,30.487,30.274,1007010.0,41496667000.0,0.0,0.0,0.6,0.4408,1.467
VIC,2017-05-15,15:05:02,HOSE,STOCK,40.5,43.3,37.7,40.5,41.3,40.3,40.9,40.6,29.752,30.34,29.605,30.046,29.826,655580.0,26619140500.0,0.0,0.0,0.4,0.2938,0.9877
VIC,2017-05-12,15:05:02,HOSE,STOCK,40.5,43.3,37.7,40.4,40.6,40.3,40.5,40.45,29.678,29.826,29.605,29.752,29.716,372820.0,15081222500.0,0.0,0.0,0.0,0.0,0.0
VIC,2017-05-11,15:05:02,HOSE,STOCK,40.45,43.25,37.65,40.5,40.85,40.45,40.5,40.59,29.752,30.009,29.716,29.752,29.818,861350.0,34958023000.0,0.0,0.0,0.05,0.0367,0.1236
VIC,2017-05-10,15:05:01,HOSE,STOCK,40.75,43.6,37.9,40.55,40.8,40.4,40.45,40.6,29.788,29.972,29.678,29.716,29.826,722530.0,29332558500.0,0.0,0.0,-0.3,-0.2204,-0.7362
VIC,2017-05-09,15:05:01,HOSE,STOCK,40.4,43.2,37.6,40.4,40.9,40.3,40.75,40.68,29.678,30.046,29.605,29.936,29.884,579970.0,23594686500.0,0.0,0.0,0.35,0.2571,0.8663
VIC,2017-05-08,15:05:01,HOSE,STOCK,40.4,43.2,37.6,40.4,40.55,40.15,40.4,40.32,29.678,29.788,29.495,29.678,29.62,457360.0,18441984000.0,0.0,0.0,0.0,0.0,0.0
VIC,2017-05-05,15:05:01,HOSE,STOCK,40.3,43.1,37.5,40.3,40.4,40.1,40.4,40.28,29.605,29.678,29.458,29.678,29.59,518030.0,20864374000.0,0.0,0.0,0.1,0.0735,0.2481
VIC,2017-05-04,15:05:01,HOSE,STOCK,40.5,43.3,37.7,40.55,40.55,40.1,40.3,40.29,29.788,29.788,29.458,29.605,29.598,695060.0,28003665000.0,0.0,0.0,-0.2,-0.1469,-0.4938
VIC,2017-05-03,15:05:01,HOSE,STOCK,40.9,43.75,38.05,41.1,41.1,40.3,40.5,40.55,30.193,30.193,29.605,29.752,29.788,330500.0,13403381500.0,0.0,0.0,-0.4,-0.2938,-0.978
VIC,2017-04-28,15:04:02,HOSE,STOCK,40.9,43.75,38.05,40.5,40.9,40.4,40.9,40.68,29.752,30.046,29.678,30.046,29.884,868180.0,35318874500.0,0.0,0.0,0.0,0.0,0.0
VIC,2017-04-27,15:04:01,HOSE,STOCK,40.4,43.2,37.6,40.4,41.0,40.4,40.9,40.81,29.678,30.119,29.678,30.046,29.98,532960.0,21751914500.0,0.0,0.0,0.5,0.3673,1.2376
VIC,2017-04-26,15:04:01,HOSE,STOCK,40.35,43.15,37.55,40.4,40.5,40.1,40.4,40.38,29.678,29.752,29.458,29.678,29.664,418510.0,16900220000.0,0.0,0.0,0.05,0.0367,0.1239
VIC,2017-04-25,15:04:01,HOSE,STOCK,40.0,42.8,37.2,40.0,40.5,40.0,40.35,40.24,29.385,29.752,29.385,29.642,29.561,291630.0,11736397500.0,0.0,0.0,0.35,0.2571,0.875
VIC,2017-04-24,15:04:02,HOSE,STOCK,40.5,43.3,37.7,40.3,40.9,39.65,40.0,40.27,29.605,30.046,29.128,29.385,29.583,422960.0,17030931000.0,0.0,0.0,-0.5,-0.3673,-1.2346
VIC,2017-04-21,15:04:01,HOSE,STOCK,40.6,43.4,37.8,40.2,41.25,40.2,40.5,40.73,29.532,30.303,29.532,29.752,29.921,473170.0,19270450500.0,0.0,0.0,-0.1,-0.0735,-0.2463
VIC,2017-04-20,15:04:01,HOSE,STOCK,41.5,44.4,38.6,41.5,41.6,40.5,40.6,40.95,30.487,30.56,29.752,29.826,30.083,1169510.0,47889467000.0,0.0,0.0,-0.9,-0.6612,-2.1687
VIC,2017-04-19,15:04:01,HOSE,STOCK,41.7,44.6,38.8,41.7,41.7,41.45,41.5,41.57,30.634,30.634,30.45,30.487,30.538,961170.0,39957833000.0,0.0,0.0,-0.2,-0.1469,-0.4796
VIC,2017-04-18,15:04:01,HOSE,STOCK,41.75,44.65,38.85,41.5,42.0,41.3,41.7,41.55,30.487,30.854,30.34,30.634,30.524,420640.0,17479399500.0,0.0,0.0,-0.05,-0.0367,-0.1198
VIC,2017-04-17,15:04:01,HOSE,STOCK,41.75,44.65,38.85,41.75,42.0,40.75,41.75,41.39,30.67,30.854,29.936,30.67,30.406,1273790.0,52727327000.0,0.0,0.0,0.0,0.0,0.0
VIC,2017-04-14,15:04:02,HOSE,STOCK,42.4,45.35,39.45,42.2,42.35,41.7,41.75,41.89,31.001,31.111,30.634,30.67,30.773,700080.0,29326929000.0,0.0,0.0,-0.65,-0.4775,-1.533
VIC,2017-04-13,15:04:02,HOSE,STOCK,42.05,44.95,39.15,42.05,42.75,42.05,42.4,42.55,30.891,31.405,30.891,31.148,31.258,860710.0,36622779500.0,0.0,0.0,0.35,0.2571,0.8323
VIC,2017-04-12,15:04:01,HOSE,STOCK,42.55,45.5,39.6,42.55,42.9,42.0,42.05,42.49,31.258,31.516,30.854,30.891,31.214,660120.0,28046089500.0,0.0,0.0,-0.5,-0.3673,-1.1751
VIC,2017-04-11,15:04:01,HOSE,STOCK,42.4,45.35,39.45,42.1,42.95,42.1,42.55,42.6,30.927,31.552,30.927,31.258,31.295,1211260.0,51598040000.0,0.0,0.0,0.15,0.1102,0.3538
VIC,2017-04-10,15:04:01,HOSE,STOCK,42.0,44.9,39.1,42.0,42.5,41.9,42.4,42.19,30.854,31.221,30.78,31.148,30.994,949330.0,40050489500.0,0.0,0.0,0.4,0.2938,0.9524
VIC,2017-04-07,15:04:01,HOSE,STOCK,41.6,44.5,38.7,41.6,42.0,41.5,42.0,41.77,30.56,30.854,30.487,30.854,30.685,370920.0,15493627000.0,0.0,0.0,0.4,0.2938,0.9615
VIC,2017-04-05,15:04:01,HOSE,STOCK,42.0,44.9,39.1,42.0,42.1,41.6,41.6,41.71,30.854,30.927,30.56,30.56,30.641,526530.0,21964121500.0,0.0,0.0,-0.4,-0.2938,-0.9524
VIC,2017-04-04,15:04:01,HOSE,STOCK,41.5,44.4,38.6,41.7,42.0,41.55,42.0,41.79,30.634,30.854,30.524,30.854,30.7,529490.0,22128270000.0,0.0,0.0,0.5,0.3673,1.2048
VIC,2017-04-03,15:04:01,HOSE,STOCK,41.8,44.7,38.9,41.9,42.0,41.5,41.5,41.66,30.78,30.854,30.487,30.487,30.604,623430.0,25972864000.0,0.0,0.0,-0.3,-0.2204,-0.7177
VIC,2017-03-31,15:03:01,HOSE,STOCK,42.2,45.15,39.25,42.1,42.35,41.8,41.8,42.01,30.927,31.111,30.707,30.707,30.861,604220.0,25381952000.0,0.0,0.0,-0.4,-0.2938,-0.9479
VIC,2017-03-30,15:03:01,HOSE,STOCK,42.2,45.15,39.25,42.3,42.35,42.0,42.2,42.23,31.075,31.111,30.854,31.001,31.023,665180.0,28093747500.0,0.0,0.0,0.0,0.0,0.0
VIC,2017-03-29,15:03:01,HOSE,STOCK,42.0,44.9,39.1,42.3,42.4,42.0,42.2,42.19,31.075,31.148,30.854,31.001,30.994,732520.0,30908348500.0,0.0,0.0,0.2,0.1469,0.4762
VIC,2017-03-28,15:03:01,HOSE,STOCK,42.35,45.3,39.4,42.35,42.35,42.0,42.0,42.09,31.111,31.111,30.854,30.854,30.92,710950.0,29920740500.0,0.0,0.0,-0.35,-0.2571,-0.8264
VIC,2017-03-27,15:03:01,HOSE,STOCK,42.35,45.3,39.4,42.1,42.4,42.0,42.35,42.24,30.927,31.148,30.854,31.111,31.03,1056690.0,44634085000.0,0.0,0.0,0.0,0.0,0.0
VIC,2017-03-24,15:03:01,HOSE,STOCK,42.5,45.45,39.55,42.3,42.45,42.15,42.35,42.31,31.075,31.185,30.964,31.111,31.082,1562480.0,66102320000.0,0.0,0.0,-0.15,-0.1102,-0.3529
VIC,2017-03-23,15:03:01,HOSE,STOCK,41.65,44.55,38.75,41.65,42.6,41.65,42.5,42.22,30.596,31.295,30.596,31.221,31.016,1028940.0,43436813000.0,0.0,0.0,0.85,0.6244,2.0408
VIC,2017-03-22,15:03:01,HOSE,STOCK,41.45,44.35,38.55,41.45,42.4,41.45,41.65,41.95,30.45,31.148,30.45,30.596,30.817,1495860.0,62746579500.0,0.0,0.0,0.2,0.1469,0.4825
VIC,2017-03-21,15:03:01,HOSE,STOCK,43.3,46.3,40.3,43.8,43.8,41.0,41.45,41.9,32.176,32.176,30.119,30.45,30.78,6736840.0,282290680500.0,0.0,0.0,-1.85,-1.359,-4.2725
VIC,2017-03-20,15:03:02,HOSE,STOCK,43.8,46.85,40.75,44.3,44.5,43.3,43.3,43.75,32.544,32.691,31.809,31.809,32.14,1170670.0,51212893500.0,0.0,0.0,-0.5,-0.3673,-1.1416
VIC,2017-03-17,15:03:01,HOSE,STOCK,44.0,47.05,40.95,44.2,44.8,43.8,43.8,43.89,32.47,32.911,32.176,32.176,32.243,1070220.0,46968231000.0,0.0,0.0,-0.2,-0.1469,-0.4545
VIC,2017-03-16,15:03:01,HOSE,STOCK,43.5,46.5,40.5,43.2,44.0,43.2,44.0,43.79,31.735,32.324,31.735,32.324,32.169,192350.0,8423425500.0,0.0,0.0,0.5,0.3673,1.1494
VIC,2017-03-15,15:03:02,HOSE,STOCK,44.05,47.1,41.0,44.1,44.2,43.3,43.5,43.87,32.396,32.47,31.809,31.956,32.228,557540.0,24457220000.0,0.0,0.0,-0.55,-0.404,-1.2486
VIC,2017-03-14,15:03:01,HOSE,STOCK,44.2,47.25,41.15,44.2,44.5,44.05,44.05,44.21,32.47,32.691,32.36,32.36,32.477,370080.0,16360247000.0,0.0,0.0,-0.15,-0.1102,-0.3394
VIC,2017-03-13,15:03:01,HOSE,STOCK,44.2,47.25,41.15,44.6,44.7,44.2,44.2,44.32,32.764,32.837,32.47,32.47,32.558,362880.0,16084450000.0,0.0,0.0,0.0,0.0,0.0
VIC,2017-03-10,15:03:01,HOSE,STOCK,44.2,47.25,41.15,44.05,44.7,44.0,44.2,44.23,32.36,32.837,32.324,32.47,32.492,841330.0,37212191000.0,0.0,0.0,0.0,0.0,0.0
VIC,2017-03-09,15:03:01,HOSE,STOCK,44.5,47.6,41.4,44.5,44.5,44.2,44.2,44.38,32.691,32.691,32.47,32.47,32.603,271170.0,12033359000.0,0.0,0.0,-0.3,-0.2204,-0.6742
VIC,2017-03-08,15:03:01,HOSE,STOCK,44.85,47.95,41.75,44.85,44.85,44.0,44.5,44.64,32.948,32.948,32.324,32.691,32.794,554530.0,24756688500.0,0.0,0.0,-0.35,-0.2571,-0.7804
VIC,2017-03-07,15:03:01,HOSE,STOCK,44.75,47.85,41.65,44.75,45.3,44.6,44.85,44.84,32.874,33.278,32.764,32.948,32.94,238620.0,10699134500.0,0.0,0.0,0.1,0.0735,0.2235
VIC,2017-03-06,15:03:01,HOSE,STOCK,44.5,47.6,41.4,44.9,45.4,44.6,44.75,44.92,32.984,33.352,32.764,32.874,32.999,366910.0,16480913000.0,0.0,0.0,0.25,0.1837,0.5618
VIC,2017-03-03,15:03:01,HOSE,STOCK,44.1,47.15,41.05,44.45,44.9,44.3,44.5,44.39,32.654,32.984,32.544,32.691,32.61,290560.0,12897921500.0,0.0,0.0,0.4,0.2939,0.907
VIC,2017-03-02,15:03:01,HOSE,STOCK,44.7,47.8,41.6,44.6,44.95,44.0,44.1,44.43,32.764,33.021,32.324,32.396,32.639,794680.0,35304582500.0,0.0,0.0,-0.6,-0.4408,-1.3423
VIC,2017-03-01,15:03:01,HOSE,STOCK,45.0,48.15,41.85,44.7,45.35,44.3,44.7,44.82,32.837,33.315,32.544,32.837,32.925,651080.0,29178756000.0,0.0,0.0,-0.3,-0.2204,-0.6667
VIC,2017-02-28,15:02:02,HOSE,STOCK,45.95,49.15,42.75,46.2,46.2,45.0,45.0,45.44,33.94,33.94,33.058,33.058,33.381,1009600.0,45874961000.0,0.0,0.0,-0.95,-0.6979,-2.0675
VIC,2017-02-27,15:02:01,HOSE,STOCK,45.25,48.4,42.1,45.3,46.5,45.3,45.95,45.98,33.278,34.16,33.278,33.756,33.778,788600.0,36256568500.0,0.0,0.0,0.7,0.5142,1.547
VIC,2017-02-24,15:02:01,HOSE,STOCK,45.25,48.4,42.1,45.25,46.0,44.9,45.25,45.22,33.242,33.793,32.984,33.242,33.22,508290.0,22983840500.0,0.0,0.0,0.0,0.0,0.0
VIC,2017-02-23,15:02:01,HOSE,STOCK,45.7,48.85,42.55,45.7,46.0,45.0,45.25,45.39,33.572,33.793,33.058,33.242,33.344,584670.0,26536364000.0,0.0,0.0,-0.45,-0.3306,-0.9847
VIC,2017-02-22,15:02:01,HOSE,STOCK,46.45,49.7,43.2,46.3,46.8,45.5,45.7,46.19,34.012,34.38,33.425,33.572,33.932,885490.0,40898230000.0,0.0,0.0,-0.75,-0.551,-1.6146
VIC,2017-02-21,15:02:01,HOSE,STOCK,45.3,48.45,42.15,45.3,47.0,45.3,46.45,46.44,33.278,34.527,33.278,34.123,34.116,1291740.0,59986210000.0,0.0,0.0,1.15,0.8448,2.5386
VIC,2017-02-20,15:02:01,HOSE,STOCK,44.0,47.05,40.95,43.8,45.4,43.3,45.3,44.52,32.176,33.352,31.809,33.278,32.705,804050.0,35798818500.0,0.0,0.0,1.3,0.955,2.9545
VIC,2017-02-17,15:02:01,HOSE,STOCK,44.0,47.05,40.95,44.1,44.1,43.6,44.0,43.84,32.396,32.396,32.029,32.324,32.205,692670.0,30368900000.0,0.0,0.0,0.0,0.0,0.0
VIC,2017-02-16,15:02:01,HOSE,STOCK,44.5,47.6,41.4,44.5,44.7,44.0,44.0,44.32,32.691,32.837,32.324,32.324,32.558,871460.0,38620943000.0,0.0,0.0,-0.5,-0.3673,-1.1236
VIC,2017-02-15,15:02:01,HOSE,STOCK,42.55,45.5,39.6,42.6,44.7,42.6,44.5,43.68,31.295,32.837,31.295,32.691,32.088,2270860.0,99196425000.0,0.0,0.0,1.95,1.4325,4.5828
VIC,2017-02-14,15:02:01,HOSE,STOCK,42.5,45.45,39.55,42.6,42.85,42.45,42.55,42.64,31.295,31.478,31.185,31.258,31.324,496140.0,21155812000.0,0.0,0.0,0.05,0.0367,0.1176
VIC,2017-02-13,15:02:01,HOSE,STOCK,42.5,45.45,39.55,42.5,42.6,42.3,42.5,42.49,31.221,31.295,31.075,31.221,31.214,316160.0,13433246500.0,0.0,0.0,0.0,0.0,0.0
VIC,2017-02-10,15:02:02,HOSE,STOCK,42.65,45.6,39.7,42.6,42.75,42.05,42.5,42.39,31.295,31.405,30.891,31.221,31.14,834560.0,35373624500.0,0.0,0.0,-0.15,-0.1102,-0.3517
VIC,2017-02-09,15:02:01,HOSE,STOCK,42.75,45.7,39.8,42.8,42.85,42.55,42.65,42.69,31.442,31.478,31.258,31.332,31.361,282170.0,12044947000.0,0.0,0.0,-0.1,-0.0735,-0.2339
VIC,2017-02-08,15:02:01,HOSE,STOCK,42.8,45.75,39.85,42.9,42.9,42.7,42.75,42.77,31.516,31.516,31.368,31.405,31.42,334800.0,14317998000.0,0.0,0.0,-0.05,-0.0367,-0.1168
VIC,2017-02-07,15:02:01,HOSE,STOCK,42.4,45.35,39.45,42.4,42.8,42.2,42.8,42.45,31.148,31.442,31.001,31.442,31.185,794850.0,33741533500.0,0.0,0.0,0.4,0.2939,0.9434
VIC,2017-02-06,15:02:01,HOSE,STOCK,42.0,44.9,39.1,42.5,42.6,42.0,42.4,42.42,31.221,31.295,30.854,31.148,31.163,473180.0,20071969500.0,0.0,0.0,0.4,0.2938,0.9524
VIC,2017-02-03,15:02:01,HOSE,STOCK,42.5,45.45,39.55,42.5,42.5,41.95,42.0,42.2,31.221,31.221,30.817,30.854,31.001,397270.0,16763919500.0,0.0,0.0,-0.5,-0.3673,-1.1765
VIC,2017-02-02,15:02:02,HOSE,STOCK,42.0,44.9,39.1,42.3,42.85,42.3,42.5,42.53,31.075,31.478,31.075,31.221,31.244,390520.0,16610236500.0,0.0,0.0,0.5,0.3673,1.1905
VIC,2017-01-25,15:01:01,HOSE,STOCK,41.5,44.4,38.6,41.9,42.0,41.5,42.0,41.85,30.78,30.854,30.487,30.854,30.744,788030.0,32982366500.0,0.0,0.0,0.5,0.3673,1.2048
VIC,2017-01-24,15:01:01,HOSE,STOCK,42.0,44.9,39.1,42.2,42.2,41.5,41.5,41.65,31.001,31.001,30.487,30.487,30.596,539560.0,22472951500.0,0.0,0.0,-0.5,-0.3673,-1.1905
VIC,2017-01-23,15:01:01,HOSE,STOCK,42.0,44.9,39.1,42.2,42.2,41.7,42.0,41.92,31.001,31.001,30.634,30.854,30.796,729750.0,30592919500.0,0.0,0.0,0.0,0.0,0.0
VIC,2017-01-20,15:01:01,HOSE,STOCK,42.0,44.9,39.1,42.15,42.2,41.85,42.0,41.98,30.964,31.001,30.744,30.854,30.839,714290.0,29985958000.0,0.0,0.0,0.0,0.0,0.0
VIC,2017-01-19,15:01:01,HOSE,STOCK,42.1,45.0,39.2,42.1,42.3,41.8,42.0,42.01,30.927,31.075,30.707,30.854,30.861,1160620.0,48758483500.0,0.0,0.0,-0.1,-0.0735,-0.2375
VIC,2017-01-18,15:01:01,HOSE,STOCK,42.65,45.6,39.7,42.3,42.65,42.1,42.1,42.25,31.075,31.332,30.927,30.927,31.037,743470.0,31409233500.0,0.0,0.0,-0.55,-0.404,-1.2896
VIC,2017-01-17,15:01:02,HOSE,STOCK,42.85,45.8,39.9,43.0,43.0,42.3,42.65,42.67,31.588,31.588,31.075,31.332,31.346,662430.0,28265899500.0,0.0,0.0,-0.2,-0.1469,-0.4667
VIC,2017-01-16,15:01:02,HOSE,STOCK,43.3,46.3,40.3,43.3,43.3,42.85,42.85,43.08,31.809,31.809,31.478,31.478,31.647,249960.0,10767649500.0,0.0,0.0,-0.45,-0.3306,-1.0393
VIC,2017-01-13,15:01:01,HOSE,STOCK,43.0,46.0,40.0,43.05,43.45,42.95,43.3,43.25,31.626,31.919,31.552,31.809,31.772,506040.0,21887183000.0,0.0,0.0,0.3,0.2204,0.6977
VIC,2017-01-12,15:01:01,HOSE,STOCK,43.0,46.0,40.0,43.2,43.3,42.85,43.0,43.0,31.735,31.809,31.478,31.588,31.588,518850.0,22312774500.0,0.0,0.0,0.0,0.0,0.0
VIC,2017-01-11,15:01:01,HOSE,STOCK,42.9,45.9,39.9,42.9,43.45,42.6,43.0,42.92,31.516,31.919,31.295,31.588,31.53,415040.0,17812262000.0,0.0,0.0,0.1,0.0735,0.2331
VIC,2017-01-10,15:01:01,HOSE,STOCK,43.2,46.2,40.2,43.2,43.3,42.85,42.9,43.07,31.735,31.809,31.478,31.516,31.64,432520.0,18628098000.0,0.0,0.0,-0.3,-0.2204,-0.6944
VIC,2017-01-09,15:01:01,HOSE,STOCK,43.1,46.1,40.1,43.3,43.5,43.2,43.2,43.38,31.809,31.956,31.735,31.735,31.868,459010.0,19911826000.0,0.0,0.0,0.1,0.0735,0.232
VIC,2017-01-06,15:01:02,HOSE,STOCK,42.3,45.25,39.35,42.4,43.5,42.35,43.1,43.01,31.148,31.956,31.111,31.662,31.596,850050.0,36561223000.0,0.0,0.0,0.8,0.5877,1.8913
VIC,2017-01-05,15:01:01,HOSE,STOCK,42.05,44.95,39.15,41.9,42.4,41.9,42.3,42.22,30.78,31.148,30.78,31.075,31.016,359450.0,15176532000.0,0.0,0.0,0.25,0.1837,0.5945
VIC,2017-01-04,15:01:01,HOSE,STOCK,41.6,44.5,38.7,41.6,42.05,41.6,42.05,41.98,30.56,30.891,30.56,30.891,30.839,314110.0,13185714000.0,0.0,0.0,0.45,0.3306,1.0817
VIC,2017-01-03,15:01:01,HOSE,STOCK,42.0,44.9,39.1,42.0,42.0,41.6,41.6,41.72,30.854,30.854,30.56,30.56,30.648,321500.0,13414321000.0,0.0,0.0,-0.4,-0.2938,-0.9524
VIC,2016-12-30,15:12:01,HOSE,STOCK,41.9,44.8,39.0,41.6,42.0,41.6,42.0,41.89,30.56,30.854,30.56,30.854,30.773,704400.0,29509766500.0,0.0,0.0,0.1,0.0735,0.2387
VIC,2016-12-29,15:12:01,HOSE,STOCK,41.6,44.5,38.7,41.6,42.05,41.6,41.9,41.89,30.56,30.891,30.56,30.78,30.773,386900.0,16206059500.0,0.0,0.0,0.3,0.2204,0.7212
VIC,2016-12-28,15:12:01,HOSE,STOCK,42.3,45.25,39.35,42.45,42.45,41.55,41.6,41.71,31.185,31.185,30.524,30.56,30.641,1112890.0,46416932000.0,0.0,0.0,-0.7,-0.5142,-1.6548
VIC,2016-12-27,15:12:01,HOSE,STOCK,42.0,44.9,39.1,42.1,42.65,42.0,42.3,42.28,30.927,31.332,30.854,31.075,31.06,260080.0,10995428000.0,0.0,0.0,0.3,0.2204,0.7143
VIC,2016-12-26,15:12:01,HOSE,STOCK,42.1,45.0,39.2,42.2,42.2,41.9,42.0,41.99,31.001,31.001,30.78,30.854,30.846,205460.0,8627400000.0,0.0,0.0,-0.1,-0.0735,-0.2375
VIC,2016-12-23,15:12:02,HOSE,STOCK,42.0,44.9,39.1,41.6,42.1,41.6,42.1,41.97,30.56,30.927,30.56,30.927,30.832,282360.0,11850823500.0,0.0,0.0,0.1,0.0735,0.2381
VIC,2016-12-22,15:12:02,HOSE,STOCK,41.4,44.25,38.55,41.6,42.1,41.35,42.0,41.66,30.56,30.927,30.377,30.854,30.604,667670.0,27817183000.0,0.0,0.0,0.6,0.4408,1.4493
VIC,2016-12-21,15:12:01,HOSE,STOCK,41.85,44.75,38.95,41.85,41.85,41.3,41.4,41.48,30.744,30.744,30.34,30.413,30.472,766850.0,31811707500.0,0.0,0.0,-0.45,-0.3306,-1.0753
VIC,2016-12-20,15:12:02,HOSE,STOCK,42.8,45.75,39.85,42.65,43.0,41.85,41.85,42.16,31.332,31.588,30.744,30.744,30.972,876460.0,36955792500.0,0.0,0.0,-0.95,-0.6979,-2.2196
VIC,2016-12-19,15:12:01,HOSE,STOCK,42.5,45.45,39.55,42.6,43.3,42.6,42.8,43.01,31.295,31.809,31.295,31.442,31.596,620190.0,26676624500.0,0.0,0.0,0.3,0.2204,0.7059
VIC,2016-12-16,15:12:01,HOSE,STOCK,42.0,44.9,39.1,42.0,42.5,41.35,42.5,42.3,30.854,31.221,30.377,31.221,31.075,3293250.0,139302464000.0,0.0,0.0,0.5,0.3673,1.1905
VIC,2016-12-15,15:12:01,HOSE,STOCK,42.45,45.4,39.5,42.3,42.4,41.85,42.0,41.99,31.075,31.148,30.744,30.854,30.846,388600.0,16315513500.0,0.0,0.0,-0.45,-0.3306,-1.0601
VIC,2016-12-14,15:12:01,HOSE,STOCK,42.0,44.9,39.1,42.0,42.5,41.6,42.45,42.08,30.854,31.221,30.56,31.185,30.913,830990.0,34970818000.0,0.0,0.0,0.45,0.3306,1.0714
VIC,2016-12-13,15:12:01,HOSE,STOCK,42.0,44.9,39.1,42.0,42.0,41.1,42.0,41.68,30.854,30.854,30.193,30.854,30.619,1231230.0,51311574000.0,0.0,0.0,0.0,0.0,0.0
VIC,2016-12-12,15:12:01,HOSE,STOCK,42.0,44.9,39.1,41.6,42.0,41.3,42.0,41.76,30.56,30.854,30.34,30.854,30.677,756230.0,31583513500.0,0.0,0.0,0.0,0.0,0.0
VIC,2016-12-09,15:12:02,HOSE,STOCK,42.0,44.9,39.1,42.0,42.0,41.2,42.0,41.74,30.854,30.854,30.267,30.854,30.663,705920.0,29463084000.0,0.0,0.0,0.0,0.0,0.0
VIC,2016-12-08,15:12:01,HOSE,STOCK,42.0,44.9,39.1,41.5,42.0,41.5,42.0,41.93,30.487,30.854,30.487,30.854,30.803,713700.0,29928969000.0,0.0,0.0,0.0,0.0,0.0
VIC,2016-12-07,15:12:01,HOSE,STOCK,41.7,44.6,38.8,41.7,42.1,40.85,42.0,41.61,30.634,30.927,30.009,30.854,30.567,981090.0,40825741500.0,0.0,0.0,0.3,0.2204,0.7194
VIC,2016-12-06,15:12:01,HOSE,STOCK,41.95,44.85,39.05,41.9,41.9,40.95,41.7,41.43,30.78,30.78,30.083,30.634,30.436,563020.0,23324906000.0,0.0,0.0,-0.25,-0.1837,-0.5959
VIC,2016-12-05,15:12:02,HOSE,STOCK,42.0,44.9,39.1,42.0,42.15,41.4,41.95,41.87,30.854,30.964,30.413,30.817,30.758,672940.0,28174864500.0,0.0,0.0,-0.05,-0.0367,-0.119
VIC,2016-12-02,15:12:02,HOSE,STOCK,42.0,44.9,39.1,41.5,42.2,41.5,42.0,41.94,30.487,31.001,30.487,30.854,30.81,627590.0,26321665500.0,0.0,0.0,0.0,0.0,0.0
VIC,2016-12-01,15:12:01,HOSE,STOCK,42.0,44.9,39.1,42.1,42.2,41.5,42.0,41.89,30.927,31.001,30.487,30.854,30.773,701120.0,29366954500.0,0.0,0.0,0.0,0.0,0.0
VIC,2016-11-30,15:11:01,HOSE,STOCK,41.5,44.4,38.6,41.05,42.0,40.4,42.0,41.1,30.156,30.854,29.678,30.854,30.193,1461410.0,60064288500.0,0.0,0.0,0.5,0.3673,1.2048
VIC,2016-11-29,15:11:01,HOSE,STOCK,42.5,45.45,39.55,42.5,42.5,41.5,41.5,41.79,31.221,31.221,30.487,30.487,30.7,986930.0,41240532500.0,0.0,0.0,-1.0,-0.7346,-2.3529
VIC,2016-11-28,15:11:02,HOSE,STOCK,42.5,45.45,39.55,41.8,42.5,41.1,42.5,41.86,30.707,31.221,30.193,31.221,30.751,1107530.0,46356022500.0,0.0,0.0,0.0,0.0,0.0
VIC,2016-11-25,15:11:01,HOSE,STOCK,42.5,45.45,39.55,42.3,42.5,41.5,42.5,42.04,31.075,31.221,30.487,31.221,30.884,1651400.0,69425697500.0,0.0,0.0,0.0,0.0,0.0
VIC,2016-11-24,15:11:01,HOSE,STOCK,42.7,45.65,39.75,42.7,42.7,42.05,42.5,42.35,31.368,31.368,30.891,31.221,31.111,619360.0,26228939000.0,0.0,0.0,-0.2,-0.1469,-0.4684
VIC,2016-11-23,15:11:02,HOSE,STOCK,42.6,45.55,39.65,42.6,42.8,42.55,42.7,42.68,31.295,31.442,31.258,31.368,31.354,286930.0,12247570000.0,0.0,0.0,0.1,0.0735,0.2347
VIC,2016-11-22,15:11:01,HOSE,STOCK,42.6,45.55,39.65,42.4,42.7,42.4,42.6,42.54,31.148,31.368,31.148,31.295,31.251,261260.0,11113205000.0,0.0,0.0,0.0,0.0,0.0
VIC,2016-11-21,15:11:01,HOSE,STOCK,42.6,45.55,39.65,42.5,42.6,42.2,42.6,42.44,31.221,31.295,31.001,31.295,31.177,326180.0,13844247500.0,0.0,0.0,0.0,0.0,0.0
VIC,2016-11-18,15:11:02,HOSE,STOCK,42.7,45.65,39.75,43.0,43.0,42.3,42.6,42.58,31.588,31.588,31.075,31.295,31.28,376190.0,16018675500.0,0.0,0.0,-0.1,-0.0735,-0.2342
VIC,2016-11-17,15:11:02,HOSE,STOCK,42.7,45.65,39.75,42.6,42.8,42.05,42.7,42.51,31.295,31.442,30.891,31.368,31.228,993910.0,42252368000.0,0.0,0.0,0.0,0.0,0.0
VIC,2016-11-16,15:11:01,HOSE,STOCK,42.75,45.7,39.8,42.75,43.3,42.6,42.7,42.81,31.405,31.809,31.295,31.368,31.449,465120.0,19912888000.0,0.0,0.0,-0.05,-0.0367,-0.117
VIC,2016-11-15,15:11:01,HOSE,STOCK,42.9,45.9,39.9,43.0,43.5,42.55,42.75,42.97,31.588,31.956,31.258,31.405,31.566,404110.0,17365846000.0,0.0,0.0,-0.15,-0.1102,-0.3497
VIC,2016-11-14,15:11:01,HOSE,STOCK,44.0,47.05,40.95,43.7,44.8,42.9,42.9,43.94,32.103,32.911,31.516,31.516,32.279,1412440.0,62057592000.0,0.0,0.0,-1.1,-0.8081,-2.5
VIC,2016-11-11,15:11:01,HOSE,STOCK,42.8,45.75,39.85,42.8,44.0,42.35,44.0,42.99,31.442,32.324,31.111,32.324,31.581,1006070.0,43250701000.0,0.0,0.0,1.2,0.8816,2.8037
VIC,2016-11-10,15:11:01,HOSE,STOCK,42.5,45.45,39.55,42.8,43.0,42.6,42.8,42.82,31.442,31.588,31.295,31.442,31.456,254060.0,10878741500.0,0.0,0.0,0.3,0.2204,0.7059
VIC,2016-11-09,15:11:01,HOSE,STOCK,42.8,45.75,39.85,42.9,42.9,42.0,42.5,42.52,31.516,31.516,30.854,31.221,31.236,846210.0,35984875000.0,0.0,0.0,-0.3,-0.2204,-0.7009
VIC,2016-11-08,15:11:01,HOSE,STOCK,42.75,45.7,39.8,42.7,42.9,42.6,42.8,42.73,31.368,31.516,31.295,31.442,31.39,351360.0,15014558000.0,0.0,0.0,0.05,0.0367,0.117
VIC,2016-11-07,15:11:02,HOSE,STOCK,42.4,45.35,39.45,42.4,42.85,42.3,42.75,42.55,31.148,31.478,31.075,31.405,31.258,195260.0,8308531500.0,0.0,0.0,0.35,0.2571,0.8255
VIC,2016-11-04,15:11:02,HOSE,STOCK,42.4,45.35,39.45,42.0,42.7,42.0,42.4,42.39,30.854,31.368,30.854,31.148,31.14,166620.0,7063179000.0,0.0,0.0,0.0,0.0,0.0
VIC,2016-11-03,15:11:01,HOSE,STOCK,42.3,45.25,39.35,42.1,42.8,41.85,42.4,42.19,30.927,31.442,30.744,31.148,30.994,488460.0,20608902000.0,0.0,0.0,0.1,0.0735,0.2364
VIC,2016-11-02,15:11:01,HOSE,STOCK,42.75,45.7,39.8,42.8,43.2,42.3,42.3,42.8,31.442,31.735,31.075,31.075,31.442,481870.0,20621898000.0,0.0,0.0,-0.45,-0.3306,-1.0526
VIC,2016-11-01,15:11:01,HOSE,STOCK,42.5,45.45,39.55,42.5,42.85,42.5,42.75,42.74,31.221,31.478,31.221,31.405,31.397,207880.0,8885069000.0,0.0,0.0,0.25,0.1837,0.5882
VIC,2016-10-31,15:10:01,HOSE,STOCK,42.85,45.8,39.9,42.5,43.25,42.3,42.5,42.63,31.221,31.772,31.075,31.221,31.316,980500.0,41795654500.0,0.0,0.0,-0.35,-0.2571,-0.8168
VIC,2016-10-28,15:10:01,HOSE,STOCK,42.8,45.75,39.85,42.8,43.2,42.6,42.85,42.95,31.442,31.735,31.295,31.478,31.552,711780.0,30570615500.0,0.0,0.0,0.05,0.0367,0.1168
VIC,2016-10-27,15:10:02,HOSE,STOCK,42.45,45.4,39.5,42.4,42.9,42.0,42.8,42.61,31.148,31.516,30.854,31.442,31.302,1053560.0,44888824500.0,0.0,0.0,0.35,0.2571,0.8245
VIC,2016-10-26,15:10:01,HOSE,STOCK,42.7,45.65,39.75,42.4,42.8,42.0,42.45,42.39,31.148,31.442,30.854,31.185,31.14,434490.0,18418370500.0,0.0,0.0,-0.25,-0.1837,-0.5855
VIC,2016-10-25,15:10:01,HOSE,STOCK,43.0,46.0,40.0,42.4,42.85,42.3,42.7,42.65,31.148,31.478,31.075,31.368,31.332,555710.0,23698788000.0,0.0,0.0,-0.3,-0.2204,-0.6977
VIC,2016-10-24,15:10:01,HOSE,STOCK,43.0,46.0,40.0,43.0,43.0,42.5,43.0,42.71,31.588,31.588,31.221,31.588,31.376,587640.0,25098577000.0,0.0,0.0,0.0,0.0,0.0
VIC,2016-10-21,15:10:01,HOSE,STOCK,43.3,46.3,40.3,43.3,43.3,42.7,43.0,42.97,31.809,31.809,31.368,31.588,31.566,751380.0,32284104500.0,0.0,0.0,-0.3,-0.2204,-0.6928
VIC,2016-10-20,15:10:02,HOSE,STOCK,43.8,46.85,40.75,43.6,43.6,43.0,43.3,43.28,32.029,32.029,31.588,31.809,31.795,331270.0,14335880500.0,0.0,0.0,-0.5,-0.3673,-1.1416
VIC,2016-10-19,15:10:02,HOSE,STOCK,42.9,45.9,39.9,42.85,43.8,42.7,43.8,43.44,31.478,32.176,31.368,32.176,31.912,654870.0,28444286500.0,0.0,0.0,0.9,0.6612,2.0979
VIC,2016-10-18,15:10:01,HOSE,STOCK,43.0,46.0,40.0,43.0,43.0,42.5,42.9,42.86,31.588,31.588,31.221,31.516,31.485,320680.0,13743805500.0,0.0,0.0,-0.1,-0.0735,-0.2326
VIC,2016-10-17,15:10:02,HOSE,STOCK,43.0,46.0,40.0,43.0,43.1,42.7,43.0,42.98,31.588,31.662,31.368,31.588,31.574,542930.0,23336274000.0,0.0,0.0,0.0,0.0,0.0
VIC,2016-10-14,15:10:01,HOSE,STOCK,43.0,46.0,40.0,42.85,43.4,42.4,43.0,43.03,31.478,31.883,31.148,31.588,31.611,628940.0,27063118000.0,0.0,0.0,0.0,0.0,0.0
VIC,2016-10-13,15:10:01,HOSE,STOCK,42.2,45.15,39.25,42.5,43.1,41.9,43.0,42.6,31.221,31.662,30.78,31.588,31.295,1097150.0,46737933000.0,0.0,0.0,0.8,0.5877,1.8957
VIC,2016-10-12,15:10:02,HOSE,STOCK,42.1,45.0,39.2,42.1,42.8,42.1,42.2,42.444,30.927,31.442,30.927,31.001,31.18,164250.0,6971367500.0,0.0,0.0,0.1,0.0735,0.2375
VIC,2016-10-11,15:10:02,HOSE,STOCK,42.1,45.0,39.2,42.2,42.5,41.7,42.1,42.03,31.001,31.221,30.634,30.927,30.876,307500.0,12925343000.0,0.0,0.0,0.0,0.0,0.0
VIC,2016-10-10,15:10:01,HOSE,STOCK,42.8,45.75,39.85,43.2,43.2,42.0,42.1,42.54,31.735,31.735,30.854,30.927,31.251,286190.0,12173113000.0,0.0,0.0,-0.7,-0.5142,-1.6355
VIC,2016-10-07,15:10:01,HOSE,STOCK,42.7,45.65,39.75,43.0,43.4,42.4,42.8,42.72,31.588,31.883,31.148,31.442,31.383,250280.0,10692687000.0,0.0,0.0,0.1,0.0735,0.2342
VIC,2016-10-06,15:10:01,HOSE,STOCK,43.8,46.85,40.75,43.8,43.8,42.6,42.7,43.17,32.176,32.176,31.295,31.368,31.714,797640.0,34434705500.0,0.0,0.0,-1.1,-0.8081,-2.5114
VIC,2016-10-05,15:10:01,HOSE,STOCK,44.0,47.05,40.95,44.3,44.5,43.7,43.8,44.11,32.544,32.691,32.103,32.176,32.404,254440.0,11223061000.0,0.0,0.0,-0.2,-0.1469,-0.4545
VIC,2016-10-04,15:10:01,HOSE,STOCK,43.0,46.0,40.0,43.0,44.0,42.8,44.0,43.51,31.588,32.324,31.442,32.324,31.964,446930.0,19444940000.0,0.0,0.0,1.0,0.7346,2.3256
VIC,2016-10-03,15:10:01,HOSE,STOCK,44.5,47.6,41.4,44.5,44.5,43.0,43.0,43.51,32.691,32.691,31.588,31.588,31.964,1050750.0,45723259000.0,0.0,0.0,-1.5,-1.1019,-3.3708
VIC,2016-09-30,15:09:01,HOSE,STOCK,44.95,48.05,41.85,44.5,44.8,42.5,44.5,44.36,32.691,32.911,31.221,32.691,32.588,170270.0,7554012000.0,0.0,0.0,-0.45,-0.3306,-1.0011
VIC,2016-09-29,15:09:01,HOSE,STOCK,44.65,47.75,41.55,44.65,44.95,44.6,44.95,44.84,32.801,33.021,32.764,33.021,32.94,218130.0,9779948000.0,0.0,0.0,0.3,0.2204,0.6719
VIC,2016-09-28,15:09:01,HOSE,STOCK,45.95,49.15,42.75,45.5,45.5,44.0,44.65,44.74,33.425,33.425,32.324,32.801,32.867,1071170.0,47928008000.0,0.0,0.0,-1.3,-0.955,-2.8292
VIC,2016-09-27,15:09:01,HOSE,STOCK,44.7,47.8,41.6,44.9,45.95,44.7,45.95,45.32,32.984,33.756,32.837,33.756,33.293,362780.0,16440243000.0,0.0,0.0,1.25,0.9183,2.7964
VIC,2016-09-26,15:09:01,HOSE,STOCK,44.35,47.45,41.25,44.35,45.0,43.7,44.7,44.51,32.58,33.058,32.103,32.837,32.698,420940.0,18734046000.0,0.0,0.0,0.35,0.2571,0.7892
VIC,2016-09-23,15:09:01,HOSE,STOCK,44.0,47.05,40.95,44.1,44.35,44.0,44.35,44.16,32.396,32.58,32.324,32.58,32.441,464830.0,20526298500.0,0.0,0.0,0.35,0.2571,0.7955
VIC,2016-09-22,15:09:01,HOSE,STOCK,43.7,46.75,40.65,43.7,44.4,43.7,44.0,44.07,32.103,32.617,32.103,32.324,32.374,1031190.0,45448990000.0,0.0,0.0,0.3,0.2204,0.6865
VIC,2016-09-21,15:09:01,HOSE,STOCK,42.6,45.55,39.65,43.0,43.9,42.6,43.7,43.23,31.588,32.25,31.295,32.103,31.757,739790.0,31981611500.0,0.0,0.0,1.1,0.8081,2.5822
VIC,2016-09-20,15:09:01,HOSE,STOCK,42.3,45.25,39.35,41.7,43.0,41.45,42.6,41.93,30.634,31.588,30.45,31.295,30.803,779080.0,32668569000.0,0.0,0.0,0.3,0.2204,0.7092
VIC,2016-09-19,15:09:02,HOSE,STOCK,43.0,46.0,40.0,43.0,43.0,42.0,42.3,42.44,31.588,31.588,30.854,31.075,31.177,447860.0,19007128500.0,0.0,0.0,-0.7,-0.5142,-1.6279
VIC,2016-09-16,15:09:01,HOSE,STOCK,41.2,44.05,38.35,40.7,43.0,40.7,43.0,42.69,29.899,31.588,29.899,31.588,31.361,2866190.0,122345200000.0,0.0,0.0,1.8,1.3223,4.3689
VIC,2016-09-15,15:09:01,HOSE,STOCK,39.4,42.15,36.7,40.5,41.4,40.0,41.2,40.84,29.752,30.413,29.385,30.267,30.002,824280.0,33664627000.0,0.0,0.0,1.8,1.3223,4.5685
VIC,2016-09-14,15:09:01,HOSE,STOCK,49.1,52.5,45.7,49.5,49.5,48.3,48.3,48.94,29.685,29.685,28.965,28.965,29.348,801730.0,39240424500.0,0.0,0.0,-0.8,-0.4798,-1.6293
VIC,2016-09-13,15:09:01,HOSE,STOCK,49.8,53.2,46.35,49.5,49.9,49.0,49.1,49.37,29.685,29.924,29.385,29.445,29.606,393290.0,19414803000.0,0.0,0.0,-0.7,-0.4198,-1.4056
VIC,2016-09-12,15:09:01,HOSE,STOCK,48.8,52.2,45.4,50.0,50.0,48.9,49.8,49.52,29.985,29.985,29.325,29.865,29.697,728040.0,36049530000.0,0.0,0.0,1.0,0.5997,2.0492
VIC,2016-09-09,15:09:01,HOSE,STOCK,47.8,51.0,44.5,48.5,48.9,48.2,48.8,48.58,29.085,29.325,28.905,29.265,29.133,918320.0,44615832000.0,0.0,0.0,1.0,0.5997,2.0921
VIC,2016-09-08,15:09:01,HOSE,STOCK,47.5,50.5,44.2,48.0,48.0,47.6,47.8,47.82,28.785,28.785,28.546,28.666,28.677,334150.0,15980217000.0,0.0,0.0,0.3,0.1799,0.6316
VIC,2016-09-07,15:09:01,HOSE,STOCK,47.9,51.0,44.6,48.1,48.1,47.4,47.5,47.62,28.845,28.845,28.426,28.485,28.557,515100.0,24527738000.0,0.0,0.0,-0.4,-0.2399,-0.8351
VIC,2016-09-06,15:09:01,HOSE,STOCK,47.9,51.0,44.6,48.3,48.4,47.9,47.9,48.04,28.965,29.026,28.725,28.725,28.81,598070.0,28730164000.0,0.0,0.0,0.0,0.0,0.0
VIC,2016-09-05,15:09:01,HOSE,STOCK,48.0,51.0,44.7,48.1,48.1,47.6,47.9,47.77,28.845,28.845,28.546,28.725,28.647,394080.0,18826265000.0,0.0,0.0,-0.1,-0.06,-0.2083
VIC,2016-09-01,15:09:01,HOSE,STOCK,48.1,51.0,44.8,48.2,48.3,47.6,48.0,47.97,28.905,28.965,28.546,28.785,28.768,349770.0,16778325000.0,0.0,0.0,-0.1,-0.06,-0.2079
VIC,2016-08-31,15:08:02,HOSE,STOCK,48.1,51.0,44.8,48.0,48.5,47.9,48.1,48.26,28.785,29.085,28.725,28.845,28.941,482190.0,23268092000.0,0.0,0.0,0.0,0.0,0.0
VIC,2016-08-30,15:08:01,HOSE,STOCK,48.0,51.0,44.7,48.0,48.4,47.5,48.1,48.0,28.785,29.026,28.485,28.845,28.785,233880.0,11226384000.0,0.0,0.0,0.1,0.06,0.2083
VIC,2016-08-29,15:08:01,HOSE,STOCK,48.0,51.0,44.7,48.0,48.7,48.0,48.0,48.33,28.785,29.205,28.785,28.785,28.983,858310.0,41484311000.0,0.0,0.0,0.0,0.0,0.0
VIC,2016-08-26,15:08:01,HOSE,STOCK,48.3,51.5,45.0,48.0,48.3,47.9,48.0,47.99,28.785,28.965,28.725,28.785,28.78,240700.0,11551576000.0,0.0,0.0,-0.3,-0.1799,-0.6211
VIC,2016-08-25,15:08:02,HOSE,STOCK,48.5,51.5,45.2,48.5,48.5,47.8,48.3,48.1,29.085,29.085,28.666,28.965,28.845,644830.0,31016066000.0,0.0,0.0,-0.2,-0.1199,-0.4124
VIC,2016-08-24,15:08:02,HOSE,STOCK,48.5,51.5,45.2,48.5,48.8,48.3,48.5,48.5,29.085,29.265,28.965,29.085,29.085,478690.0,23217784000.0,0.0,0.0,0.0,0.0,0.0
VIC,2016-08-23,15:08:01,HOSE,STOCK,46.9,50.0,43.7,46.7,48.5,46.4,48.5,47.08,28.006,29.085,27.826,29.085,28.234,1687820.0,79467021000.0,0.0,0.0,1.6,0.9595,3.4115
VIC,2016-08-22,15:08:02,HOSE,STOCK,47.7,51.0,44.4,48.0,48.0,46.7,46.9,46.98,28.785,28.785,28.006,28.125,28.173,1594810.0,74928229000.0,0.0,0.0,-0.8,-0.4797,-1.6771
VIC,2016-08-19,15:08:01,HOSE,STOCK,47.9,51.0,44.6,48.0,48.4,47.2,47.7,47.65,28.785,29.026,28.306,28.605,28.575,1158000.0,55174613000.0,0.0,0.0,-0.2,-0.1199,-0.4175
VIC,2016-08-18,15:08:01,HOSE,STOCK,47.9,51.0,44.6,48.9,48.9,47.7,47.9,48.05,29.325,29.325,28.605,28.725,28.815,432750.0,20795625000.0,0.0,0.0,0.0,0.0,0.0
VIC,2016-08-17,15:08:01,HOSE,STOCK,47.9,51.0,44.6,47.9,48.7,47.0,47.9,47.85,28.725,29.205,28.186,28.725,28.696,1763870.0,84399537000.0,0.0,0.0,0.0,0.0,0.0
VIC,2016-08-16,15:08:02,HOSE,STOCK,49.0,52.0,45.6,49.0,49.0,47.5,47.9,47.99,29.385,29.385,28.485,28.725,28.78,1691880.0,81187449000.0,0.0,0.0,-1.1,-0.6597,-2.2449
VIC,2016-08-15,15:08:01,HOSE,STOCK,49.0,52.0,45.6,49.0,49.0,48.5,49.0,48.85,29.385,29.385,29.085,29.385,29.295,543500.0,26551522000.0,0.0,0.0,0.0,0.0,0.0
VIC,2016-08-12,15:08:01,HOSE,STOCK,49.0,52.0,45.6,49.5,49.5,48.6,49.0,48.98,29.685,29.685,29.145,29.385,29.373,1226560.0,60074713000.0,0.0,0.0,0.0,0.0,0.0
VIC,2016-08-11,15:08:01,HOSE,STOCK,48.6,52.0,45.2,48.6,49.2,48.2,49.0,48.77,29.145,29.505,28.905,29.385,29.247,1964870.0,95834818000.0,0.0,0.0,0.4,0.2399,0.823
VIC,2016-08-10,15:08:02,HOSE,STOCK,45.5,48.6,42.4,45.7,48.6,45.7,48.6,47.75,27.406,29.145,27.406,29.145,28.636,2852080.0,136189511000.0,0.0,0.0,3.1,1.859,6.8132
VIC,2016-08-09,15:08:01,HOSE,STOCK,44.7,47.8,41.6,44.5,45.8,44.5,45.5,45.24,26.686,27.466,26.686,27.286,27.13,827360.0,37427204000.0,0.0,0.0,0.8,0.4798,1.7897
VIC,2016-08-08,15:08:01,HOSE,STOCK,44.7,47.8,41.6,44.7,45.5,41.6,44.7,43.58,26.806,27.286,24.948,26.806,26.135,3019390.0,131594409000.0,0.0,0.0,0.0,0.0,0.0
VIC,2016-08-05,15:08:01,HOSE,STOCK,47.5,50.5,44.2,46.5,47.3,44.5,44.7,45.5,27.886,28.366,26.686,26.806,27.286,1844020.0,83907380000.0,0.0,0.0,-2.8,-1.6791,-5.8947
VIC,2016-08-04,15:08:01,HOSE,STOCK,49.3,52.5,45.9,49.5,49.6,47.5,47.5,48.48,29.685,29.745,28.485,28.485,29.073,732590.0,35519019000.0,0.0,0.0,-1.8,-1.0794,-3.6511
VIC,2016-08-03,15:08:01,HOSE,STOCK,51.0,54.5,47.5,50.0,50.5,49.0,49.3,49.5,29.985,30.284,29.385,29.564,29.685,1214100.0,60095816000.0,0.0,0.0,-1.7,-1.0194,-3.3333
VIC,2016-08-02,15:08:01,HOSE,STOCK,51.5,55.0,47.9,50.5,52.0,50.5,51.0,50.87,30.284,31.184,30.284,30.584,30.507,1349020.0,68624570000.0,0.0,0.0,-0.5,-0.2998,-0.9709
VIC,2016-08-01,15:08:01,HOSE,STOCK,51.0,54.5,47.5,51.5,52.0,50.5,51.5,51.25,30.884,31.184,30.284,30.884,30.734,460650.0,23607430000.0,0.0,0.0,0.5,0.2998,0.9804
VIC,2016-07-29,15:07:01,HOSE,STOCK,52.5,56.0,48.9,52.5,52.5,51.0,51.0,51.62,31.484,31.484,30.584,30.584,30.956,359260.0,18545365000.0,0.0,0.0,-1.5,-0.8995,-2.8571
VIC,2016-07-28,15:07:01,HOSE,STOCK,51.0,54.5,47.5,51.5,53.0,51.0,52.5,51.92,30.884,31.784,30.584,31.484,31.136,528660.0,27449030000.0,0.0,0.0,1.5,0.8995,2.9412
VIC,2016-07-27,15:07:01,HOSE,STOCK,50.5,54.0,47.0,50.5,51.0,50.0,51.0,50.73,30.284,30.584,29.985,30.584,30.423,335420.0,17016360000.0,0.0,0.0,0.5,0.2998,0.9901
VIC,2016-07-26,15:07:01,HOSE,STOCK,50.5,54.0,47.0,50.5,51.0,49.8,50.5,50.22,30.284,30.584,29.865,30.284,30.116,266140.0,13365305000.0,0.0,0.0,0.0,0.0,0.0
VIC,2016-07-25,15:07:01,HOSE,STOCK,50.0,53.5,46.5,50.5,51.0,50.0,50.5,50.45,30.284,30.584,29.985,30.284,30.254,148890.0,7512200000.0,0.0,0.0,0.5,0.2998,1.0
VIC,2016-07-22,15:07:01,HOSE,STOCK,50.5,54.0,47.0,50.5,51.0,49.6,50.0,50.24,30.284,30.584,29.745,29.985,30.129,628770.0,31587871000.0,0.0,0.0,-0.5,-0.2999,-0.9901
VIC,2016-07-21,15:07:01,HOSE,STOCK,50.0,53.5,46.5,50.5,51.5,49.9,50.5,50.48,30.284,30.884,29.924,30.284,30.273,622420.0,31417220000.0,0.0,0.0,0.5,0.2998,1.0
VIC,2016-07-20,15:07:01,HOSE,STOCK,52.0,55.5,48.4,52.0,52.5,50.0,50.0,50.69,31.184,31.484,29.985,29.985,30.398,1193970.0,60526570000.0,0.0,0.0,-2.0,-1.1994,-3.8462
VIC,2016-07-19,15:07:01,HOSE,STOCK,54.0,57.5,50.5,54.0,54.5,50.5,52.0,52.14,32.383,32.684,30.284,31.184,31.268,1550450.0,80834665000.0,0.0,0.0,-2.0,-1.1994,-3.7037
VIC,2016-07-18,15:07:02,HOSE,STOCK,54.5,58.0,51.0,54.5,54.5,53.5,54.0,53.88,32.684,32.684,32.084,32.383,32.311,519810.0,28005630000.0,0.0,0.0,-0.5,-0.2998,-0.9174
VIC,2016-07-15,15:07:01,HOSE,STOCK,53.5,57.0,49.8,54.0,54.5,53.0,54.5,53.91,32.383,32.684,31.784,32.684,32.33,373250.0,20120060000.0,0.0,0.0,1.0,0.5997,1.8692
VIC,2016-07-14,15:07:01,HOSE,STOCK,55.0,58.5,51.5,55.0,55.5,53.5,53.5,54.79,32.983,33.284,32.084,32.084,32.857,973530.0,53335230000.0,0.0,0.0,-1.5,-0.8996,-2.7273
VIC,2016-07-13,15:07:02,HOSE,STOCK,52.0,55.5,48.4,52.5,55.0,52.5,55.0,54.15,31.484,32.983,31.484,32.983,32.474,1578230.0,85463325000.0,0.0,0.0,3.0,1.7991,5.7692
VIC,2016-07-12,15:07:01,HOSE,STOCK,51.0,54.5,47.5,51.0,52.0,51.0,52.0,51.36,30.584,31.184,30.584,31.184,30.8,1001810.0,51457770000.0,0.0,0.0,1.0,0.5997,1.9608
VIC,2016-07-11,15:07:02,HOSE,STOCK,51.5,55.0,47.9,51.5,52.0,50.5,51.0,51.06,30.884,31.184,30.284,30.584,30.62,632350.0,32284660000.0,0.0,0.0,-0.5,-0.2998,-0.9709
VIC,2016-07-08,15:07:01,HOSE,STOCK,51.5,55.0,47.9,52.0,52.0,51.0,51.5,51.67,31.184,31.184,30.584,30.884,30.986,718620.0,37127705000.0,0.0,0.0,0.0,0.0,0.0
VIC,2016-07-07,15:07:01,HOSE,STOCK,51.0,54.5,47.5,51.5,52.0,50.5,51.5,51.41,30.884,31.184,30.284,30.884,30.83,640510.0,32927990000.0,0.0,0.0,0.5,0.2998,0.9804
VIC,2016-07-06,15:07:01,HOSE,STOCK,51.0,54.5,47.5,51.0,51.5,50.5,51.0,50.94,30.584,30.884,30.284,30.584,30.548,528660.0,26927865000.0,0.0,0.0,0.0,0.0,0.0
VIC,2016-07-05,15:07:01,HOSE,STOCK,51.0,54.5,47.5,51.5,52.5,51.0,51.0,51.6,30.884,31.484,30.584,30.584,30.944,579190.0,29888400000.0,0.0,0.0,0.0,0.0,0.0
VIC,2016-07-04,15:07:01,HOSE,STOCK,51.0,54.5,47.5,51.5,52.0,51.0,51.0,51.33,30.884,31.184,30.584,30.584,30.782,459790.0,23599915000.0,0.0,0.0,0.0,0.0,0.0
VIC,2016-07-01,15:07:01,HOSE,STOCK,49.4,52.5,46.0,50.5,51.5,49.9,51.0,50.73,30.284,30.884,29.924,30.584,30.423,888200.0,45059734000.0,0.0,0.0,1.6,0.9595,3.2389
VIC,2016-06-30,15:06:01,HOSE,STOCK,48.0,51.0,44.7,48.5,51.0,48.2,49.4,49.62,29.085,30.584,28.905,29.625,29.757,814400.0,40414514000.0,0.0,0.0,1.4,0.8396,2.9167
VIC,2016-06-29,15:06:01,HOSE,STOCK,47.7,51.0,44.4,47.7,48.5,47.7,48.0,48.09,28.605,29.085,28.605,28.785,28.84,625710.0,30092293000.0,0.0,0.0,0.3,0.1799,0.6289
VIC,2016-06-28,15:06:01,HOSE,STOCK,48.4,51.5,45.1,48.4,48.4,47.7,47.7,48.08,29.026,29.026,28.605,28.605,28.833,414530.0,19932068000.0,0.0,0.0,-0.7,-0.4198,-1.4463
VIC,2016-06-27,15:06:01,HOSE,STOCK,46.847,50.0,43.6,48.0,48.9,47.9,48.4,48.19,28.785,29.325,28.725,29.026,28.9,527320.0,25411503000.0,0.0,0.0,1.553,0.9314,3.315
VIC,2016-06-24,15:06:01,HOSE,STOCK,53.0,56.5,49.3,53.0,53.0,49.4,52.0,51.19,28.634,28.634,26.69,28.094,27.656,1143290.0,58529123000.0,0.0,0.0,-1.0,-0.5403,-1.8868
VIC,2016-06-23,15:06:01,HOSE,STOCK,52.5,56.0,48.9,53.0,53.5,52.5,53.0,52.72,28.634,28.904,28.364,28.634,28.484,291630.0,15374795000.0,0.0,0.0,0.5,0.2701,0.9524
VIC,2016-06-22,15:06:01,HOSE,STOCK,54.0,57.5,50.5,54.0,54.0,52.5,52.5,52.98,29.174,29.174,28.364,28.364,28.624,464600.0,24614190000.0,0.0,0.0,-1.5,-0.8104,-2.7778
VIC,2016-06-21,15:06:02,HOSE,STOCK,53.5,57.0,49.8,54.0,54.5,53.5,54.0,54.12,29.174,29.444,28.904,29.174,29.239,333390.0,18042190000.0,0.0,0.0,0.5,0.2701,0.9346
VIC,2016-06-20,15:06:01,HOSE,STOCK,52.0,55.5,48.4,52.5,54.0,52.0,53.5,53.23,28.364,29.174,28.094,28.904,28.758,231660.0,12332315000.0,0.0,0.0,1.5,0.8104,2.8846
VIC,2016-06-17,15:06:01,HOSE,STOCK,53.5,57.0,49.8,53.0,53.5,52.0,52.0,52.08,28.634,28.904,28.094,28.094,28.138,3234450.0,168453485000.0,0.0,0.0,-1.5,-0.8104,-2.8037
VIC,2016-06-16,15:06:02,HOSE,STOCK,53.5,57.0,49.8,53.5,54.0,53.0,53.5,53.56,28.904,29.174,28.634,28.904,28.937,455360.0,24388810000.0,0.0,0.0,0.0,0.0,0.0
VIC,2016-06-15,15:06:01,HOSE,STOCK,53.5,57.0,49.8,54.0,54.5,53.0,53.5,53.33,29.174,29.444,28.634,28.904,28.812,311910.0,16633985000.0,0.0,0.0,0.0,0.0,0.0
VIC,2016-06-14,15:06:02,HOSE,STOCK,52.5,56.0,48.9,52.5,53.5,52.5,53.5,52.96,28.364,28.904,28.364,28.904,28.612,278210.0,14735070000.0,0.0,0.0,1.0,0.5403,1.9048
VIC,2016-06-13,15:06:01,HOSE,STOCK,54.0,57.5,50.5,53.5,53.5,52.5,52.5,53.09,28.904,28.904,28.364,28.364,28.683,631990.0,33549210000.0,0.0,0.0,-1.5,-0.8104,-2.7778
VIC,2016-06-10,15:06:01,HOSE,STOCK,54.5,58.0,51.0,54.5,55.0,54.0,54.0,54.49,29.444,29.715,29.174,29.174,29.439,170630.0,9298340000.0,0.0,0.0,-0.5,-0.2701,-0.9174
VIC,2016-06-09,15:06:01,HOSE,STOCK,54.5,58.0,51.0,54.5,55.0,54.0,54.5,54.48,29.444,29.715,29.174,29.444,29.434,113090.0,6161530000.0,0.0,0.0,0.0,0.0,0.0
VIC,2016-06-08,15:06:02,HOSE,STOCK,54.5,58.0,51.0,54.5,56.0,54.0,54.5,54.95,29.444,30.255,29.174,29.444,29.688,1064310.0,58487215000.0,0.0,0.0,0.0,0.0,0.0
VIC,2016-06-07,15:06:01,HOSE,STOCK,53.5,57.0,49.8,53.5,54.5,53.5,54.5,54.0,28.904,29.444,28.904,29.444,29.174,401370.0,21674265000.0,0.0,0.0,1.0,0.5403,1.8692
VIC,2016-06-06,15:06:01,HOSE,STOCK,54.0,57.5,50.5,54.0,54.5,53.0,53.5,53.72,29.174,29.444,28.634,28.904,29.023,295810.0,15889780000.0,0.0,0.0,-0.5,-0.2701,-0.9259
VIC,2016-06-03,15:06:01,HOSE,STOCK,53.5,57.0,49.8,53.5,54.0,53.0,54.0,53.61,28.904,29.174,28.634,29.174,28.964,345410.0,18519075000.0,0.0,0.0,0.5,0.2701,0.9346
VIC,2016-06-02,15:06:01,HOSE,STOCK,53.5,57.0,49.8,53.5,54.0,53.0,53.5,53.43,28.904,29.174,28.634,28.904,28.866,510870.0,27296505000.0,0.0,0.0,0.0,0.0,0.0
VIC,2016-06-01,15:06:01,HOSE,STOCK,52.5,56.0,48.9,53.0,53.5,52.5,53.5,53.1,28.634,28.904,28.364,28.904,28.688,469570.0,24936120000.0,0.0,0.0,1.0,0.5403,1.9048
VIC,2016-05-31,15:05:01,HOSE,STOCK,53.5,57.0,49.8,53.5,54.0,52.5,52.5,53.08,28.904,29.174,28.364,28.364,28.677,418750.0,22227080000.0,0.0,0.0,-1.0,-0.5403,-1.8692
VIC,2016-05-30,15:05:01,HOSE,STOCK,51.5,55.0,47.9,52.0,54.0,52.0,53.5,53.03,28.094,29.174,28.094,28.904,28.65,1078090.0,57171400000.0,0.0,0.0,2.0,1.0805,3.8835
VIC,2016-05-27,15:05:01,HOSE,STOCK,51.0,54.5,47.5,51.0,52.0,51.0,51.5,51.44,27.554,28.094,27.554,27.824,27.791,383940.0,19750425000.0,0.0,0.0,0.5,0.2701,0.9804
VIC,2016-05-26,15:05:02,HOSE,STOCK,52.0,55.5,48.4,52.0,52.0,50.5,51.0,51.25,28.094,28.094,27.284,27.554,27.689,611130.0,31320790000.0,0.0,0.0,-1.0,-0.5403,-1.9231
VIC,2016-05-25,15:05:01,HOSE,STOCK,52.0,55.5,48.4,52.0,52.5,51.5,52.0,52.26,28.094,28.364,27.824,28.094,28.235,283630.0,14822080000.0,0.0,0.0,0.0,0.0,0.0
VIC,2016-05-24,15:05:01,HOSE,STOCK,52.0,55.5,48.4,53.0,53.0,51.5,52.0,51.85,28.634,28.634,27.824,28.094,28.013,471240.0,24433160000.0,0.0,0.0,0.0,0.0,0.0
VIC,2016-05-23,15:05:01,HOSE,STOCK,51.5,55.0,47.9,52.0,52.0,50.5,52.0,51.21,28.094,28.094,27.284,28.094,27.668,1410160.0,72212225000.0,0.0,0.0,0.5,0.2701,0.9709
VIC,2016-05-20,15:05:02,HOSE,STOCK,53.5,57.0,49.8,53.5,54.0,51.5,51.5,52.33,28.904,29.174,27.824,27.824,28.272,1554880.0,81364020000.0,0.0,0.0,-2.0,-1.0805,-3.7383
VIC,2016-05-19,15:05:01,HOSE,STOCK,53.5,57.0,49.8,54.5,54.5,53.0,53.5,53.65,29.444,29.444,28.634,28.904,28.985,623940.0,33476215000.0,0.0,0.0,0.0,0.0,0.0
VIC,2016-05-18,15:05:02,HOSE,STOCK,54.5,58.0,51.0,54.5,54.5,53.5,53.5,54.0,29.444,29.444,28.904,28.904,29.174,586250.0,31658380000.0,0.0,0.0,-1.0,-0.5403,-1.8349
VIC,2016-05-17,15:05:01,HOSE,STOCK,55.0,58.5,51.5,55.5,55.5,54.5,54.5,54.9,29.985,29.985,29.444,29.444,29.661,518280.0,28454570000.0,0.0,0.0,-0.5,-0.2701,-0.9091
VIC,2016-05-16,15:05:01,HOSE,STOCK,53.5,57.0,49.8,53.5,55.5,53.0,55.0,54.64,28.904,29.985,28.634,29.715,29.52,1233650.0,67406845000.0,0.0,0.0,1.5,0.8104,2.8037
VIC,2016-05-13,15:05:01,HOSE,STOCK,53.5,57.0,49.8,53.5,54.0,53.0,53.5,53.6,28.904,29.174,28.634,28.904,28.958,793060.0,42509920000.0,0.0,0.0,0.0,0.0,0.0
VIC,2016-05-12,15:05:01,HOSE,STOCK,53.5,57.0,49.8,54.0,54.5,53.5,53.5,53.92,29.174,29.444,28.904,28.904,29.132,469130.0,25293280000.0,0.0,0.0,0.0,0.0,0.0
VIC,2016-05-11,15:05:01,HOSE,STOCK,52.0,55.5,48.4,52.0,53.5,52.0,53.5,52.97,28.094,28.904,28.094,28.904,28.618,865680.0,45853510000.0,0.0,0.0,1.5,0.8104,2.8846
VIC,2016-05-10,15:05:01,HOSE,STOCK,52.0,55.5,48.4,52.0,52.0,51.0,52.0,51.68,28.094,28.094,27.554,28.094,27.922,698580.0,36104120000.0,0.0,0.0,0.0,0.0,0.0
VIC,2016-05-09,15:05:02,HOSE,STOCK,52.5,56.0,48.9,53.0,53.0,52.0,52.0,52.37,28.634,28.634,28.094,28.094,28.294,786590.0,41191100000.0,0.0,0.0,-0.5,-0.2701,-0.9524
VIC,2016-05-06,15:05:01,HOSE,STOCK,51.5,55.0,47.9,52.0,52.5,52.0,52.5,52.16,28.094,28.364,28.094,28.364,28.18,813560.0,42433720000.0,0.0,0.0,1.0,0.5403,1.9417
VIC,2016-05-05,15:05:01,HOSE,STOCK,51.0,54.5,47.5,51.5,53.0,51.5,51.5,52.11,27.824,28.634,27.824,27.824,28.154,413180.0,21532080000.0,0.0,0.0,0.5,0.2701,0.9804
VIC,2016-05-04,15:05:02,HOSE,STOCK,52.5,56.0,48.9,51.5,52.5,51.0,51.0,51.57,27.824,28.364,27.554,27.554,27.862,755160.0,38940465000.0,0.0,0.0,-1.5,-0.8104,-2.8571
VIC,2016-04-29,15:04:02,HOSE,STOCK,52.0,55.5,48.4,52.5,53.0,52.0,52.5,52.44,28.364,28.634,28.094,28.364,28.332,421970.0,22127905000.0,0.0,0.0,0.5,0.2701,0.9615
VIC,2016-04-28,15:04:01,HOSE,STOCK,53.0,56.5,49.3,53.0,53.5,52.0,52.0,52.33,28.634,28.904,28.094,28.094,28.272,520580.0,27240855000.0,0.0,0.0,-1.0,-0.5403,-1.8868
VIC,2016-04-27,15:04:01,HOSE,STOCK,54.0,57.5,50.5,55.0,55.0,52.0,53.0,53.05,29.715,29.715,28.094,28.634,28.661,974580.0,51697515000.0,0.0,0.0,-1.0,-0.5403,-1.8519
VIC,2016-04-26,15:04:01,HOSE,STOCK,52.5,56.0,48.9,52.5,54.5,52.5,54.0,53.45,28.364,29.444,28.364,29.174,28.877,724510.0,38723565000.0,0.0,0.0,1.5,0.8104,2.8571
VIC,2016-04-25,15:04:01,HOSE,STOCK,54.5,58.0,51.0,55.5,56.0,52.5,52.5,54.03,29.985,30.255,28.364,28.364,29.191,1404690.0,75897245000.0,0.0,0.0,-2.0,-1.0805,-3.6697
VIC,2016-04-22,15:04:02,HOSE,STOCK,51.5,55.0,47.9,51.5,55.0,51.5,54.5,53.89,27.824,29.715,27.824,29.444,29.116,1729690.0,93216070000.0,0.0,0.0,3.0,1.6208,5.8252
VIC,2016-04-21,15:04:01,HOSE,STOCK,50.5,54.0,47.0,51.5,52.5,50.5,51.5,51.59,27.824,28.364,27.284,27.824,27.873,1196330.0,61722130000.0,0.0,0.0,1.0,0.5403,1.9802
VIC,2016-04-20,15:04:01,HOSE,STOCK,49.7,53.0,46.3,49.7,51.0,49.7,50.5,50.15,26.851,27.554,26.851,27.284,27.094,1417390.0,71086333000.0,0.0,0.0,0.8,0.4322,1.6097
VIC,2016-04-19,15:04:02,HOSE,STOCK,52.0,55.5,48.4,52.0,52.0,49.7,49.7,50.76,28.094,28.094,26.851,26.851,27.424,1021510.0,51855892000.0,0.0,0.0,-2.3,-1.2426,-4.4231
VIC,2016-04-15,15:04:01,HOSE,STOCK,52.5,56.0,48.9,52.5,54.5,52.0,52.0,53.33,28.364,29.444,28.094,28.094,28.812,1549470.0,82627065000.0,0.0,0.0,-0.5,-0.2701,-0.9524
VIC,2016-04-14,15:04:02,HOSE,STOCK,52.0,55.5,48.4,51.5,54.5,51.5,52.5,53.22,27.824,29.444,27.824,28.364,28.753,1075850.0,57251735000.0,0.0,0.0,0.5,0.2701,0.9615
VIC,2016-04-13,15:04:02,HOSE,STOCK,52.0,55.5,48.4,51.5,53.0,50.5,52.0,51.7,27.824,28.634,27.284,28.094,27.932,807840.0,41765845000.0,0.0,0.0,0.0,0.0,0.0
VIC,2016-04-12,15:04:01,HOSE,STOCK,50.5,54.0,47.0,52.0,52.5,51.0,52.0,51.78,28.094,28.364,27.554,28.094,27.975,1157120.0,59912045000.0,0.0,0.0,1.5,0.8104,2.9703
VIC,2016-04-11,15:04:01,HOSE,STOCK,47.5,50.5,44.2,47.5,50.5,47.5,50.5,49.76,25.662,27.284,25.662,27.284,26.884,1288260.0,64103502000.0,0.0,0.0,3.0,1.6208,6.3158
VIC,2016-04-08,15:04:01,HOSE,STOCK,47.2,50.5,43.9,47.2,47.6,46.9,47.5,47.46,25.5,25.716,25.339,25.662,25.641,600280.0,28489863000.0,0.0,0.0,0.3,0.1621,0.6356
VIC,2016-04-07,15:04:02,HOSE,STOCK,47.6,50.5,44.3,47.6,47.7,47.1,47.2,47.27,25.716,25.771,25.447,25.5,25.539,289730.0,13695342000.0,0.0,0.0,-0.4,-0.2161,-0.8403
VIC,2016-04-06,15:04:01,HOSE,STOCK,47.1,50.0,43.9,47.1,47.6,46.9,47.6,47.25,25.447,25.716,25.339,25.716,25.528,547050.0,25849789000.0,0.0,0.0,0.5,0.2701,1.0616
VIC,2016-04-05,15:04:02,HOSE,STOCK,47.1,50.0,43.9,47.1,47.3,46.5,47.1,47.11,25.447,25.555,25.123,25.447,25.452,323780.0,15253291000.0,0.0,0.0,0.0,0.0,0.0
VIC,2016-04-04,15:04:01,HOSE,STOCK,47.2,50.5,43.9,47.3,47.3,46.8,47.1,47.104,25.555,25.555,25.284,25.447,25.449,351710.0,16567000000.0,0.0,0.0,-0.1,-0.054,-0.2119
VIC,2016-04-01,15:04:02,HOSE,STOCK,47.2,50.5,43.9,47.2,47.4,46.8,47.2,47.17,25.5,25.609,25.284,25.5,25.484,548420.0,25871096000.0,0.0,0.0,0.0,0.0,0.0
VIC,2016-03-31,15:03:01,HOSE,STOCK,47.0,50.0,43.8,46.4,47.6,46.4,47.2,47.29,25.068,25.716,25.068,25.5,25.549,1398070.0,66115552000.0,0.0,0.0,0.2,0.1081,0.4255
VIC,2016-03-30,15:03:02,HOSE,STOCK,46.8,50.0,43.6,45.9,47.0,45.9,47.0,46.93,24.798,25.392,24.798,25.392,25.355,650730.0,30541384000.0,0.0,0.0,0.2,0.1081,0.4274
VIC,2016-03-29,15:03:01,HOSE,STOCK,46.7,49.9,43.5,47.0,47.4,46.6,46.8,46.92,25.392,25.609,25.176,25.284,25.348,1482760.0,69568243000.0,0.0,0.0,0.1,0.054,0.2141
VIC,2016-03-28,15:03:01,HOSE,STOCK,45.8,49.0,42.6,46.1,46.8,45.9,46.7,46.45,24.907,25.284,24.798,25.23,25.095,820660.0,38116909000.0,0.0,0.0,0.9,0.4862,1.9651
VIC,2016-03-25,15:03:01,HOSE,STOCK,45.1,48.2,42.0,45.0,46.0,45.0,45.8,45.38,24.312,24.852,24.312,24.744,24.517,1257200.0,57046391000.0,0.0,0.0,0.7,0.3782,1.5521
VIC,2016-03-24,15:03:01,HOSE,STOCK,45.4,48.5,42.3,45.4,45.5,45.0,45.1,45.27,24.528,24.582,24.312,24.366,24.458,510060.0,23092964000.0,0.0,0.0,-0.3,-0.1621,-0.6608
VIC,2016-03-23,15:03:01,HOSE,STOCK,45.5,48.6,42.4,45.0,45.6,44.6,45.4,45.18,24.312,24.636,24.095,24.528,24.409,1615870.0,73009570000.0,0.0,0.0,-0.1,-0.054,-0.2198
VIC,2016-03-22,15:03:01,HOSE,STOCK,45.2,48.3,42.1,45.2,45.6,44.9,45.5,45.39,24.42,24.636,24.259,24.582,24.523,657090.0,29824996000.0,0.0,0.0,0.3,0.1621,0.6637
VIC,2016-03-21,15:03:02,HOSE,STOCK,44.1,47.1,41.1,44.7,45.6,44.7,45.2,45.33,24.15,24.636,24.15,24.42,24.49,1039980.0,47140463000.0,0.0,0.0,1.1,0.5943,2.4943
VIC,2016-03-18,15:03:01,HOSE,STOCK,45.0,48.1,41.9,45.0,45.1,44.1,44.1,44.21,24.312,24.366,23.826,23.826,23.885,5451040.0,240984325000.0,0.0,0.0,-0.9,-0.4862,-2.0
VIC,2016-03-17,15:03:02,HOSE,STOCK,44.6,47.7,41.5,45.2,45.3,44.9,45.0,45.08,24.42,24.474,24.259,24.312,24.356,488110.0,22006321000.0,0.0,0.0,0.4,0.2161,0.8969
VIC,2016-03-16,15:03:01,HOSE,STOCK,45.0,48.1,41.9,44.7,44.9,44.6,44.6,44.69,24.15,24.259,24.095,24.095,24.144,434350.0,19410323000.0,0.0,0.0,-0.4,-0.2161,-0.8889
VIC,2016-03-15,15:03:02,HOSE,STOCK,45.4,48.5,42.3,45.4,46.0,44.8,45.0,45.15,24.528,24.852,24.204,24.312,24.393,1073480.0,48468181000.0,0.0,0.0,-0.4,-0.2161,-0.8811
VIC,2016-03-14,15:03:02,HOSE,STOCK,45.4,48.5,42.3,45.1,45.5,45.0,45.4,45.25,24.366,24.582,24.312,24.528,24.447,346630.0,15683591000.0,0.0,0.0,0.0,0.0,0.0
VIC,2016-03-11,15:03:01,HOSE,STOCK,46.5,49.7,43.3,46.5,46.5,45.4,45.4,45.81,25.123,25.123,24.528,24.528,24.749,560370.0,25668629000.0,0.0,0.0,-1.1,-0.5943,-2.3656
VIC,2016-03-10,15:03:01,HOSE,STOCK,46.5,49.7,43.3,46.5,46.8,46.4,46.5,46.59,25.123,25.284,25.068,25.123,25.171,575310.0,26803641000.0,0.0,0.0,0.0,0.0,0.0
VIC,2016-03-09,15:03:01,HOSE,STOCK,46.4,49.6,43.2,46.5,46.9,46.5,46.5,46.68,25.123,25.339,25.123,25.123,25.22,1123530.0,52450854000.0,0.0,0.0,0.1,0.054,0.2155
VIC,2016-03-08,15:03:01,HOSE,STOCK,45.8,49.0,42.6,45.6,46.4,45.6,46.4,46.21,24.636,25.068,24.636,25.068,24.966,1079780.0,49898882000.0,0.0,0.0,0.6,0.3242,1.31
VIC,2016-03-07,15:03:01,HOSE,STOCK,45.8,49.0,42.6,45.8,46.5,45.5,45.8,46.01,24.744,25.123,24.582,24.744,24.858,557500.0,25653071000.0,0.0,0.0,0.0,0.0,0.0
VIC,2016-03-04,15:03:02,HOSE,STOCK,45.4,48.5,42.3,45.4,46.0,45.2,45.8,45.82,24.528,24.852,24.42,24.744,24.755,802550.0,36774646000.0,0.0,0.0,0.4,0.2161,0.8811
VIC,2016-03-03,15:03:02,HOSE,STOCK,45.0,48.1,41.9,45.2,45.5,45.0,45.4,45.29,24.42,24.582,24.312,24.528,24.468,491450.0,22259233000.0,0.0,0.0,0.4,0.2161,0.8889
VIC,2016-03-02,15:03:02,HOSE,STOCK,44.1,47.1,41.1,44.4,45.1,44.2,45.0,44.75,23.988,24.366,23.879,24.312,24.177,560340.0,25072838000.0,0.0,0.0,0.9,0.4862,2.0408
VIC,2016-03-01,15:03:02,HOSE,STOCK,44.1,47.1,41.1,44.4,44.6,43.6,44.1,44.0,23.988,24.095,23.556,23.826,23.772,956870.0,42101613000.0,0.0,0.0,0.0,0.0,0.0
VIC,2016-02-29,15:02:02,HOSE,STOCK,45.0,48.1,41.9,45.0,45.0,44.1,44.1,44.48,24.312,24.312,23.826,23.826,24.031,259290.0,11532554000.0,0.0,0.0,-0.9,-0.4862,-2.0
VIC,2016-02-26,15:02:02,HOSE,STOCK,45.5,48.6,42.4,45.6,45.8,44.7,45.0,44.96,24.636,24.744,24.15,24.312,24.291,1235270.0,55535190000.0,0.0,0.0,-0.5,-0.2701,-1.0989
VIC,2016-02-25,15:02:02,HOSE,STOCK,45.4,48.5,42.3,45.5,45.9,45.4,45.5,45.64,24.582,24.798,24.528,24.582,24.658,528840.0,24133658000.0,0.0,0.0,0.1,0.054,0.2203
VIC,2016-02-24,15:02:01,HOSE,STOCK,45.6,48.7,42.5,45.4,45.9,45.1,45.4,45.59,24.528,24.798,24.366,24.528,24.631,534860.0,24382674000.0,0.0,0.0,-0.2,-0.1081,-0.4386
VIC,2016-02-23,15:02:01,HOSE,STOCK,45.2,48.3,42.1,45.2,46.3,45.2,45.6,45.79,24.42,25.014,24.42,24.636,24.739,418590.0,19166918000.0,0.0,0.0,0.4,0.2161,0.885
VIC,2016-02-22,15:02:02,HOSE,STOCK,45.1,48.2,42.0,45.1,45.2,44.6,45.2,45.0,24.366,24.42,24.095,24.42,24.312,724960.0,32617318000.0,0.0,0.0,0.1,0.054,0.2217
VIC,2016-02-19,15:02:02,HOSE,STOCK,46.0,49.2,42.8,45.9,45.9,44.3,45.1,45.0,24.798,24.798,23.934,24.366,24.312,1393710.0,62721688000.0,0.0,0.0,-0.9,-0.4862,-1.9565
VIC,2016-02-18,15:02:02,HOSE,STOCK,45.5,48.6,42.4,46.0,46.2,45.7,46.0,45.99,24.852,24.96,24.69,24.852,24.847,595150.0,27372305000.0,0.0,0.0,0.5,0.2701,1.0989
VIC,2016-02-17,15:02:02,HOSE,STOCK,45.6,48.7,42.5,46.3,46.3,45.5,45.5,45.71,25.014,25.014,24.582,24.582,24.696,259490.0,11862212000.0,0.0,0.0,-0.1,-0.054,-0.2193
VIC,2016-02-16,15:02:02,HOSE,STOCK,45.5,48.6,42.4,46.2,46.2,45.5,45.6,45.85,24.96,24.96,24.582,24.636,24.772,392060.0,17976782000.0,0.0,0.0,0.1,0.054,0.2198
VIC,2016-02-15,15:02:02,HOSE,STOCK,46.6,49.8,43.4,46.5,46.6,45.5,45.5,45.99,25.123,25.176,24.582,24.582,24.847,685060.0,31505085000.0,0.0,0.0,-1.1,-0.5943,-2.3605
VIC,2016-02-05,15:02:01,HOSE,STOCK,47.0,50.0,43.8,46.4,47.0,46.4,46.6,46.68,25.068,25.392,25.068,25.176,25.22,895260.0,41794855000.0,0.0,0.0,-0.4,-0.2161,-0.8511
VIC,2016-02-04,15:02:02,HOSE,STOCK,47.0,50.0,43.8,47.0,47.5,47.0,47.0,47.13,25.392,25.662,25.392,25.392,25.463,404050.0,19043668000.0,0.0,0.0,0.0,0.0,0.0
VIC,2016-02-03,15:02:02,HOSE,STOCK,47.0,50.0,43.8,46.7,47.0,46.0,47.0,46.65,25.23,25.392,24.852,25.392,25.204,1102250.0,51420763000.0,0.0,0.0,0.0,0.0,0.0
VIC,2016-02-02,15:02:02,HOSE,STOCK,47.0,50.0,43.8,46.7,47.2,46.7,47.0,46.97,25.23,25.5,25.23,25.392,25.376,1017260.0,47781002000.0,0.0,0.0,0.0,0.0,0.0
VIC,2016-02-01,15:02:02,HOSE,STOCK,47.6,50.5,44.3,47.2,47.9,47.0,47.0,47.29,25.5,25.878,25.392,25.392,25.549,1133280.0,53596255000.0,0.0,0.0,-0.6,-0.3242,-1.2605
VIC,2016-01-29,15:01:02,HOSE,STOCK,48.3,51.5,45.0,48.2,48.2,47.2,47.6,47.56,26.042,26.042,25.5,25.716,25.695,2231860.0,106140265000.0,0.0,0.0,-0.7,-0.3782,-1.4493
VIC,2016-01-28,15:01:02,HOSE,STOCK,47.5,50.5,44.2,47.0,48.3,47.0,48.3,47.53,25.392,26.095,25.392,26.095,25.678,4244530.0,201734214000.0,0.0,0.0,0.8,0.4322,1.6842
VIC,2016-01-27,15:01:02,HOSE,STOCK,48.0,51.0,44.7,47.5,47.6,46.9,47.5,47.32,25.662,25.716,25.339,25.662,25.565,3440360.0,162786262000.0,0.0,0.0,-0.5,-0.2701,-1.0417
VIC,2016-01-26,15:01:02,HOSE,STOCK,48.3,51.5,45.0,48.0,48.4,47.3,48.0,47.87,25.932,26.148,25.555,25.932,25.862,1779070.0,85159931000.0,0.0,0.0,-0.3,-0.1621,-0.6211
VIC,2016-01-25,15:01:01,HOSE,STOCK,48.3,51.5,45.0,48.5,48.5,48.0,48.3,48.26,26.204,26.204,25.932,26.095,26.074,1960040.0,94589678000.0,0.0,0.0,0.0,0.0,0.0
VIC,2016-01-22,15:01:01,HOSE,STOCK,47.8,51.0,44.5,47.8,49.1,47.8,48.3,48.43,25.825,26.527,25.825,26.095,26.165,1432160.0,69355395000.0,0.0,0.0,0.5,0.2701,1.046
VIC,2016-01-21,15:01:02,HOSE,STOCK,47.4,50.5,44.1,47.7,48.0,47.3,47.8,47.72,25.771,25.932,25.555,25.825,25.781,2201170.0,105031681000.0,0.0,0.0,0.4,0.2161,0.8439
VIC,2016-01-20,15:01:01,HOSE,STOCK,47.5,50.5,44.2,47.1,48.0,47.1,47.4,47.39,25.447,25.932,25.447,25.609,25.604,1569270.0,74367060000.0,0.0,0.0,-0.1,-0.054,-0.2105
VIC,2016-01-19,15:01:02,HOSE,STOCK,47.5,50.5,44.2,47.2,48.1,47.2,47.5,47.74,25.5,25.987,25.5,25.662,25.793,736420.0,35157706000.0,0.0,0.0,0.0,0.0,0.0
VIC,2016-01-18,15:01:02,HOSE,STOCK,47.5,50.5,44.2,46.8,47.6,45.0,47.5,46.95,25.284,25.716,24.312,25.662,25.365,2516720.0,118164845000.0,0.0,0.0,0.0,0.0,0.0
VIC,2016-01-15,15:01:01,HOSE,STOCK,48.0,51.0,44.7,48.1,48.1,47.4,47.5,47.53,25.987,25.987,25.609,25.662,25.678,931360.0,44264374000.0,0.0,0.0,-0.5,-0.2701,-1.0417
VIC,2016-01-14,15:01:16,HOSE,STOCK,47.9,51.0,44.7,47.2,48.2,47.2,48.0,47.74,25.5,26.042,25.5,25.932,25.793,2616100.0,124897521000.0,0.0,0.0,0.1,0.054,0.2088
VIC,2016-01-13,15:01:11,HOSE,STOCK,48.0,51.0,44.6,48.0,48.0,47.2,47.9,47.66,25.932,25.932,25.5,25.878,25.749,2003030.0,95472522000.0,0.0,0.0,-0.1,-0.054,-0.2083
VIC,2016-01-12,15:01:18,HOSE,STOCK,48.3,51.0,44.7,48.3,48.4,47.6,48.0,48.03,26.095,26.148,25.716,25.932,25.949,1030900.0,49512849000.0,0.0,0.0,-0.3,-0.1621,-0.6211
VIC,2016-01-11,15:01:11,HOSE,STOCK,48.0,51.5,45.0,48.0,49.1,47.6,48.3,48.54,25.932,26.527,25.716,26.095,26.224,1591300.0,77239160000.0,0.0,0.0,0.3,0.1621,0.625
VIC,2016-01-08,15:01:14,HOSE,STOCK,48.0,51.0,44.7,47.5,48.0,47.0,48.0,47.86,25.662,25.932,25.392,25.932,25.857,1641950.0,78579585000.0,0.0,0.0,0.0,0.0,0.0
VIC,2016-01-07,15:01:10,HOSE,STOCK,47.5,51.0,44.7,46.8,48.2,46.5,48.0,47.44,25.284,26.042,25.123,25.932,25.63,2852010.0,135311878000.0,0.0,0.0,0.5,0.2701,1.0526
VIC,2016-01-06,16:01:51,HOSE,STOCK,47.5,50.5,44.2,47.4,47.9,46.7,47.5,47.16,25.609,25.878,25.23,25.662,25.479,1976280.0,93204544000.0,0.0,0.0,0.0,0.0,0.0
VIC,2016-01-05,15:01:15,HOSE,STOCK,47.5,50.5,44.2,47.0,47.7,46.8,47.5,47.29,25.392,25.771,25.284,25.662,25.549,2480100.0,117291888000.0,0.0,0.0,0.0,0.0,0.0
VIC,2016-01-04,15:01:14,HOSE,STOCK,45.7,48.8,42.6,45.6,47.5,45.2,47.5,46.81,24.636,25.662,24.42,25.662,25.29,4809120.0,225123691000.0,0.0,0.0,1.8,0.9725,3.9387
VIC,2015-12-31,15:12:16,HOSE,STOCK,45.7,48.8,42.6,45.5,46.0,45.1,45.7,45.41,24.582,24.852,24.366,24.69,24.533,3361900.0,153589723000.0,0.0,0.0,0.0,0.0,0.0
VIC,2015-12-30,16:12:20,HOSE,STOCK,45.5,48.6,42.4,45.1,46.0,44.0,46.0,45.41,24.366,24.852,23.772,24.852,24.533,2836200.0,128792216000.0,0.0,0.0,0.5,0.2701,1.0989
VIC,2015-12-29,15:12:11,HOSE,STOCK,43.5,48.6,42.4,43.5,45.5,43.0,45.5,44.54,23.501,24.582,23.232,24.582,24.063,2905940.0,129437288000.0,0.0,0.0,2.0,1.0805,4.5977
VIC,2015-12-28,15:12:10,HOSE,STOCK,42.4,46.5,40.5,42.4,43.7,42.4,43.5,43.26,22.907,23.61,22.907,23.501,23.372,1494140.0,64640564000.0,0.0,0.0,1.1,0.5943,2.5943
VIC,2015-12-25,15:12:10,HOSE,STOCK,42.0,45.3,39.5,42.3,42.5,42.0,42.4,42.22,22.853,22.961,22.691,22.907,22.81,564790.0,23844671000.0,0.0,0.0,0.4,0.2161,0.9524
VIC,2015-12-24,15:12:13,HOSE,STOCK,41.7,44.9,39.1,41.9,42.1,41.7,42.0,41.93,22.637,22.745,22.529,22.691,22.653,672060.0,28181393000.0,0.0,0.0,0.3,0.1621,0.7194
VIC,2015-12-23,15:12:14,HOSE,STOCK,41.6,44.6,38.8,41.2,41.9,41.2,41.7,41.62,22.259,22.637,22.259,22.529,22.486,737670.0,30699831000.0,0.0,0.0,0.1,0.054,0.2404
VIC,2015-12-22,15:12:25,HOSE,STOCK,41.5,44.5,38.7,41.5,41.8,41.4,41.6,41.58,22.421,22.584,22.367,22.476,22.465,366380.0,15233871000.0,0.0,0.0,0.1,0.054,0.241
VIC,2015-12-21,16:12:41,HOSE,STOCK,40.0,44.4,38.6,41.0,41.5,41.0,41.5,41.29,22.151,22.421,22.151,22.421,22.308,522360.0,21566150000.0,0.0,0.0,1.5,0.8104,3.75
VIC,2015-12-18,15:12:19,HOSE,STOCK,41.9,42.8,37.2,41.9,42.1,40.0,40.0,40.5,22.637,22.745,21.611,21.611,21.882,2466150.0,99871914000.0,0.0,0.0,-1.9,-1.0265,-4.5346
VIC,2015-12-17,15:12:54,HOSE,STOCK,41.7,44.8,39.0,42.0,42.3,41.8,41.9,41.89,22.691,22.853,22.584,22.637,22.632,575650.0,24115389000.0,0.0,0.0,0.2,0.1081,0.4796
VIC,2015-12-16,15:12:08,HOSE,STOCK,41.5,44.6,38.8,41.8,42.3,41.6,41.7,41.98,22.584,22.853,22.476,22.529,22.681,522330.0,21928446000.0,0.0,0.0,0.2,0.1081,0.4819
VIC,2015-12-15,15:12:14,HOSE,STOCK,41.3,44.4,38.6,41.2,41.7,41.2,41.5,41.5,22.259,22.529,22.259,22.421,22.421,376440.0,15621376000.0,0.0,0.0,0.2,0.1081,0.4843
VIC,2015-12-14,15:12:09,HOSE,STOCK,41.5,44.1,38.5,41.5,41.6,41.1,41.3,41.3,22.421,22.476,22.204,22.313,22.313,614150.0,25363234000.0,0.0,0.0,-0.2,-0.1081,-0.4819
VIC,2015-12-11,15:12:08,HOSE,STOCK,41.3,44.4,38.6,41.3,41.6,41.3,41.5,41.5,22.313,22.476,22.313,22.421,22.421,680860.0,28256239000.0,0.0,0.0,0.2,0.1081,0.4843
VIC,2015-12-10,15:12:28,HOSE,STOCK,41.8,44.1,38.5,41.8,42.3,41.3,41.3,41.63,22.584,22.853,22.313,22.313,22.492,622480.0,25915397000.0,0.0,0.0,-0.5,-0.2701,-1.1962
VIC,2015-12-09,15:12:59,HOSE,STOCK,42.4,44.7,38.9,42.4,43.4,41.8,41.8,42.31,22.907,23.448,22.584,22.584,22.859,1356520.0,57393692000.0,0.0,0.0,-0.6,-0.3242,-1.4151
VIC,2015-12-08,15:12:09,HOSE,STOCK,42.3,45.3,39.5,42.1,42.6,41.8,42.4,42.15,22.745,23.016,22.584,22.907,22.772,778590.0,32815804000.0,0.0,0.0,0.1,0.054,0.2364
VIC,2015-12-07,15:12:51,HOSE,STOCK,42.3,45.2,39.4,42.4,42.4,42.0,42.3,42.22,22.907,22.907,22.691,22.853,22.81,804560.0,33965701000.0,0.0,0.0,0.0,0.0,0.0
VIC,2015-12-04,15:12:07,HOSE,STOCK,42.8,45.2,39.4,42.6,42.9,42.2,42.3,42.39,23.016,23.178,22.799,22.853,22.901,564530.0,23931897000.0,0.0,0.0,-0.5,-0.2701,-1.1682
VIC,2015-12-03,15:12:10,HOSE,STOCK,42.6,45.7,39.9,42.6,42.9,42.5,42.8,42.71,23.016,23.178,22.961,23.124,23.075,417700.0,17840895000.0,0.0,0.0,0.2,0.1081,0.4695
VIC,2015-12-02,15:12:07,HOSE,STOCK,42.8,45.5,39.7,43.0,43.3,42.6,42.6,42.97,23.232,23.393,23.016,23.016,23.215,723660.0,31093601000.0,0.0,0.0,-0.2,-0.1081,-0.4673
VIC,2015-12-01,15:12:32,HOSE,STOCK,42.8,45.7,39.9,42.9,43.0,42.7,42.8,42.84,23.178,23.232,23.07,23.124,23.145,261670.0,11211006000.0,0.0,0.0,0.0,0.0,0.0
VIC,2015-11-30,15:11:07,HOSE,STOCK,42.6,45.7,39.9,42.3,42.8,42.2,42.8,42.55,22.853,23.124,22.799,23.124,22.988,942170.0,40092649000.0,0.0,0.0,0.2,0.1081,0.4695
VIC,2015-11-27,15:11:08,HOSE,STOCK,43.2,45.5,39.7,43.1,43.2,42.5,42.6,42.8,23.285,23.34,22.961,23.016,23.124,645100.0,27611956000.0,0.0,0.0,-0.6,-0.3242,-1.3889
VIC,2015-11-26,15:11:08,HOSE,STOCK,43.4,46.2,40.2,43.4,43.4,43.1,43.2,43.21,23.448,23.448,23.285,23.34,23.345,236160.0,10203825000.0,0.0,0.0,-0.2,-0.1081,-0.4608
VIC,2015-11-25,15:11:10,HOSE,STOCK,43.4,46.4,40.4,43.3,43.5,42.9,43.4,43.14,23.393,23.501,23.178,23.448,23.308,841660.0,36312728000.0,0.0,0.0,0.0,0.0,0.0
VIC,2015-11-24,15:11:08,HOSE,STOCK,43.7,46.4,40.4,43.7,43.8,43.3,43.4,43.55,23.61,23.664,23.393,23.448,23.528,478700.0,20846840000.0,0.0,0.0,-0.3,-0.1621,-0.6865
VIC,2015-11-23,15:11:19,HOSE,STOCK,43.7,46.7,40.7,43.6,43.9,43.6,43.7,43.73,23.556,23.718,23.556,23.61,23.626,563750.0,24651981000.0,0.0,0.0,0.0,0.0,0.0
VIC,2015-11-20,15:11:08,HOSE,STOCK,43.4,46.7,40.7,43.7,43.9,43.4,43.7,43.69,23.61,23.718,23.448,23.61,23.604,679170.0,29672231000.0,0.0,0.0,0.3,0.1621,0.6912
VIC,2015-11-19,15:11:08,HOSE,STOCK,43.7,46.4,40.4,43.9,43.9,43.4,43.4,43.63,23.718,23.718,23.448,23.448,23.572,755330.0,32951381000.0,0.0,0.0,-0.3,-0.1621,-0.6865
VIC,2015-11-18,15:11:08,HOSE,STOCK,43.4,46.7,40.7,43.6,44.1,43.3,43.7,43.71,23.556,23.826,23.393,23.61,23.615,686870.0,30025970000.0,0.0,0.0,0.3,0.1621,0.6912
VIC,2015-11-17,15:11:14,HOSE,STOCK,43.4,46.4,40.4,43.5,44.0,43.3,43.4,43.63,23.501,23.772,23.393,23.448,23.572,814300.0,35523955000.0,0.0,0.0,0.0,0.0,0.0
VIC,2015-11-16,15:11:08,HOSE,STOCK,44.3,46.4,40.4,43.9,44.2,43.4,43.4,43.71,23.718,23.879,23.448,23.448,23.615,1007330.0,44031509000.0,0.0,0.0,-0.9,-0.4862,-2.0316
VIC,2015-11-13,15:11:35,HOSE,STOCK,43.7,47.4,41.2,43.7,44.3,43.7,44.3,44.02,23.61,23.934,23.61,23.934,23.782,758120.0,33373854000.0,0.0,0.0,0.6,0.3242,1.373
VIC,2015-11-12,16:11:10,HOSE,STOCK,44.1,46.7,40.7,43.8,44.4,42.7,43.7,43.37,23.664,23.988,23.07,23.61,23.431,2052850.0,89027821000.0,0.0,0.0,-0.4,-0.2161,-0.907
VIC,2015-11-11,16:11:04,HOSE,STOCK,44.5,47.1,41.1,44.5,44.8,43.9,44.1,44.36,24.042,24.204,23.718,23.826,23.966,1367910.0,60679866000.0,0.0,0.0,-0.4,-0.2161,-0.8989
VIC,2015-11-10,15:11:07,HOSE,STOCK,45.1,47.6,41.4,44.8,45.1,44.5,44.5,44.76,24.204,24.366,24.042,24.042,24.182,832570.0,37263208000.0,0.0,0.0,-0.6,-0.3242,-1.3304
VIC,2015-11-09,15:11:54,HOSE,STOCK,45.1,48.2,42.0,45.3,45.4,44.8,45.1,45.16,24.474,24.528,24.204,24.366,24.399,602460.0,27206425000.0,0.0,0.0,0.0,0.0,0.0
VIC,2015-11-06,15:11:08,HOSE,STOCK,45.5,48.2,42.0,45.5,45.8,45.0,45.1,45.43,24.582,24.744,24.312,24.366,24.544,860260.0,39083361000.0,0.0,0.0,-0.4,-0.2161,-0.8791
VIC,2015-11-05,15:11:23,HOSE,STOCK,45.6,48.6,42.4,45.5,46.1,45.5,45.5,45.8,24.582,24.907,24.582,24.582,24.744,765040.0,35037001000.0,0.0,0.0,-0.1,-0.054,-0.2193
VIC,2015-11-04,15:11:08,HOSE,STOCK,46.0,48.7,42.5,46.3,46.8,45.6,45.6,46.31,25.014,25.284,24.636,24.636,25.02,1389650.0,64352274000.0,0.0,0.0,-0.4,-0.2161,-0.8696
VIC,2015-11-03,15:11:09,HOSE,STOCK,45.0,49.2,42.8,45.0,46.0,44.3,46.0,45.0,24.312,24.852,23.934,24.852,24.312,1349370.0,60721843000.0,0.0,0.0,1.0,0.5403,2.2222
VIC,2015-11-02,15:11:09,HOSE,STOCK,45.5,48.1,41.9,45.6,45.8,44.9,45.0,45.4,24.636,24.744,24.259,24.312,24.528,1108090.0,50305612000.0,0.0,0.0,-0.5,-0.2701,-1.0989
VIC,2015-10-30,15:10:09,HOSE,STOCK,46.0,48.6,42.4,46.1,46.1,45.3,45.5,45.61,24.907,24.907,24.474,24.582,24.641,1867210.0,85159873000.0,0.0,0.0,-0.5,-0.2701,-1.087
VIC,2015-10-29,15:10:08,HOSE,STOCK,44.4,49.2,42.8,44.4,46.0,44.4,46.0,45.37,23.988,24.852,23.988,24.852,24.512,3769240.0,170993897000.0,0.0,0.0,1.6,0.8644,3.6036
VIC,2015-10-28,15:10:08,HOSE,STOCK,44.4,47.5,41.3,44.5,45.2,44.4,44.4,44.71,24.042,24.42,23.988,23.988,24.155,1220690.0,54579377000.0,0.0,0.0,0.0,0.0,0.0
VIC,2015-10-27,15:10:45,HOSE,STOCK,44.5,47.5,41.3,44.4,44.8,44.0,44.4,44.33,23.988,24.204,23.772,23.988,23.95,694730.0,30794382000.0,0.0,0.0,-0.1,-0.054,-0.2247
VIC,2015-10-26,15:10:10,HOSE,STOCK,44.4,47.6,41.4,44.8,45.7,44.5,44.5,45.16,24.204,24.69,24.042,24.042,24.399,2448930.0,110591535000.0,0.0,0.0,0.1,0.054,0.2252
VIC,2015-10-23,15:10:10,HOSE,STOCK,42.5,47.5,41.3,42.6,44.4,42.6,44.4,43.71,23.016,23.988,23.016,23.988,23.615,3208630.0,140239370000.0,0.0,0.0,1.9,1.0265,4.4706
VIC,2015-10-22,15:10:08,HOSE,STOCK,41.7,45.4,39.6,41.8,42.8,41.8,42.5,42.27,22.584,23.124,22.584,22.961,22.837,478920.0,20244926000.0,0.0,0.0,0.8,0.4322,1.9185
VIC,2015-10-21,15:10:08,HOSE,STOCK,42.2,44.6,38.8,42.5,42.5,41.7,41.7,41.98,22.961,22.961,22.529,22.529,22.681,578460.0,24281373000.0,0.0,0.0,-0.5,-0.2701,-1.1848
VIC,2015-10-20,15:10:07,HOSE,STOCK,42.7,45.1,39.3,42.7,42.7,42.1,42.2,42.36,23.07,23.07,22.745,22.799,22.885,576750.0,24432590000.0,0.0,0.0,-0.5,-0.2701,-1.171
VIC,2015-10-19,15:10:08,HOSE,STOCK,42.8,45.6,39.8,42.8,42.8,42.6,42.7,42.67,23.124,23.124,23.016,23.07,23.054,341820.0,14584643000.0,0.0,0.0,-0.1,-0.054,-0.2336
VIC,2015-10-16,15:10:34,HOSE,STOCK,42.5,45.4,39.6,42.5,42.8,42.5,42.8,42.7,22.961,23.124,22.961,23.124,23.07,368830.0,15747457000.0,0.0,0.0,0.3,0.1621,0.7059
VIC,2015-10-15,15:10:02,HOSE,STOCK,42.5,45.4,39.6,42.7,42.8,42.5,42.5,42.65,23.07,23.124,22.961,22.961,23.043,539950.0,23027417000.0,0.0,0.0,0.0,0.0,0.0
VIC,2015-10-14,15:10:02,HOSE,STOCK,42.8,45.7,39.9,43.0,43.0,42.5,42.5,42.7,23.232,23.232,22.961,22.961,23.07,1173050.0,50088464000.0,0.0,0.0,-0.3,-0.1621,-0.7009
VIC,2015-10-13,15:10:02,HOSE,STOCK,43.2,45.7,39.9,43.1,43.2,42.8,42.8,43.05,23.285,23.34,23.124,23.124,23.259,1174250.0,50550916000.0,0.0,0.0,-0.4,-0.2161,-0.9259
VIC,2015-10-12,15:10:03,HOSE,STOCK,43.3,46.2,40.2,43.3,43.6,43.1,43.2,43.27,23.393,23.556,23.285,23.34,23.377,974660.0,42170113000.0,0.0,0.0,-0.1,-0.054,-0.2309
VIC,2015-10-09,15:10:03,HOSE,STOCK,43.5,46.3,40.3,43.5,43.9,43.3,43.3,43.59,23.501,23.718,23.393,23.393,23.549,1831340.0,79837007000.0,0.0,0.0,-0.2,-0.1081,-0.4598
VIC,2015-10-08,15:10:03,HOSE,STOCK,42.5,46.5,40.5,42.5,44.1,42.5,43.5,43.51,22.961,23.826,22.961,23.501,23.507,2457280.0,106905385000.0,0.0,0.0,1.0,0.5403,2.3529
VIC,2015-10-07,15:10:02,HOSE,STOCK,42.1,45.4,39.6,42.2,43.1,41.8,42.5,42.44,22.799,23.285,22.584,22.961,22.929,2096590.0,88983056000.0,0.0,0.0,0.4,0.2161,0.9501
VIC,2015-10-06,15:10:03,HOSE,STOCK,41.6,45.0,39.2,42.0,42.2,41.8,42.1,42.01,22.691,22.799,22.584,22.745,22.697,841260.0,35339245000.0,0.0,0.0,0.5,0.2701,1.2019
VIC,2015-10-05,15:10:02,HOSE,STOCK,41.6,44.5,38.7,41.6,41.7,41.5,41.6,41.61,22.476,22.529,22.421,22.476,22.481,472330.0,19655765000.0,0.0,0.0,0.0,0.0,0.0
VIC,2015-10-02,15:10:03,HOSE,STOCK,41.6,44.5,38.7,41.6,41.7,41.4,41.6,41.58,22.476,22.529,22.367,22.476,22.465,494680.0,20570673000.0,0.0,0.0,0.0,0.0,0.0
VIC,2015-10-01,15:10:03,HOSE,STOCK,41.7,44.5,38.7,41.9,42.1,41.6,41.6,41.84,22.637,22.745,22.476,22.476,22.605,417940.0,17485111000.0,0.0,0.0,-0.1,-0.054,-0.2398
VIC,2015-09-30,15:09:03,HOSE,STOCK,41.6,44.6,38.8,41.9,42.0,41.7,41.7,41.85,22.637,22.691,22.529,22.529,22.61,338130.0,14149546000.0,0.0,0.0,0.1,0.054,0.2404
VIC,2015-09-29,15:09:02,HOSE,STOCK,42.0,44.5,38.7,41.7,41.9,41.4,41.6,41.62,22.529,22.637,22.367,22.476,22.486,431390.0,17952727000.0,0.0,0.0,-0.4,-0.2161,-0.9524
VIC,2015-09-28,15:09:02,HOSE,STOCK,42.1,44.9,39.1,42.1,42.2,41.7,42.0,41.96,22.745,22.799,22.529,22.691,22.669,465240.0,19520553000.0,0.0,0.0,-0.1,-0.054,-0.2375
VIC,2015-09-25,15:09:03,HOSE,STOCK,42.4,45.0,39.2,42.4,42.4,41.9,42.1,42.12,22.907,22.907,22.637,22.745,22.756,636970.0,26831351000.0,0.0,0.0,-0.3,-0.1621,-0.7075
VIC,2015-09-24,15:09:02,HOSE,STOCK,42.5,45.3,39.5,42.7,42.7,42.4,42.4,42.54,23.07,23.07,22.907,22.907,22.982,664570.0,28269010000.0,0.0,0.0,-0.1,-0.054,-0.2353
VIC,2015-09-23,15:09:03,HOSE,STOCK,42.8,45.4,39.6,42.5,42.7,42.4,42.5,42.57,22.961,23.07,22.907,22.961,22.999,707360.0,30112520000.0,0.0,0.0,-0.3,-0.1621,-0.7009
VIC,2015-09-22,15:09:03,HOSE,STOCK,42.9,45.7,39.9,42.9,43.0,42.6,42.8,42.75,23.178,23.232,23.016,23.124,23.096,365500.0,15625524000.0,0.0,0.0,-0.1,-0.054,-0.2331
VIC,2015-09-21,15:09:02,HOSE,STOCK,42.0,45.9,39.9,42.4,43.0,42.2,42.9,42.78,22.907,23.232,22.799,23.178,23.113,1158500.0,49559474000.0,0.0,0.0,0.9,0.4863,2.1429
VIC,2015-09-18,15:09:03,HOSE,STOCK,42.0,44.9,39.1,42.4,42.5,42.0,42.0,42.07,22.907,22.961,22.691,22.691,22.729,6992330.0,294138760000.0,0.0,0.0,0.0,0.0,0.0
VIC,2015-09-17,15:09:03,HOSE,STOCK,41.7,44.9,39.1,42.0,42.2,41.7,42.0,42.11,22.691,22.799,22.529,22.691,22.75,454840.0,19155227000.0,0.0,0.0,0.3,0.1621,0.7194
VIC,2015-09-16,15:09:02,HOSE,STOCK,41.7,44.6,38.8,41.7,41.9,41.6,41.7,41.72,22.529,22.637,22.476,22.529,22.54,1295070.0,54036504000.0,0.0,0.0,0.0,0.0,0.0
VIC,2015-09-15,15:09:03,HOSE,STOCK,41.8,44.6,38.8,41.8,41.8,41.4,41.7,41.69,22.584,22.584,22.367,22.529,22.524,962630.0,40127626000.0,0.0,0.0,-0.1,-0.054,-0.2392
VIC,2015-09-14,15:09:03,HOSE,STOCK,42.0,44.7,38.9,42.0,42.0,41.6,41.8,41.86,22.691,22.691,22.476,22.584,22.616,477150.0,19974105000.0,0.0,0.0,-0.2,-0.1081,-0.4762
VIC,2015-09-11,15:09:02,HOSE,STOCK,42.4,44.9,39.1,42.4,42.4,41.9,42.0,42.12,22.907,22.907,22.637,22.691,22.756,445540.0,18765028000.0,0.0,0.0,-0.4,-0.2161,-0.9434
VIC,2015-09-10,15:09:02,HOSE,STOCK,41.9,45.3,39.5,41.7,42.5,41.2,42.4,42.16,22.529,22.961,22.259,22.907,22.778,1097080.0,46250134000.0,0.0,0.0,0.5,0.2701,1.1933
VIC,2015-09-09,15:09:02,HOSE,STOCK,41.7,44.8,39.0,42.0,42.0,41.7,41.9,41.85,22.691,22.691,22.529,22.637,22.61,514350.0,21525736000.0,0.0,0.0,0.2,0.1081,0.4796
VIC,2015-09-08,15:09:02,HOSE,STOCK,41.6,44.6,38.8,41.6,41.9,41.5,41.7,41.71,22.476,22.637,22.421,22.529,22.534,580480.0,24209375000.0,0.0,0.0,0.1,0.054,0.2404
VIC,2015-09-07,15:09:02,HOSE,STOCK,41.5,44.5,38.7,41.2,41.9,41.1,41.6,41.54,22.259,22.637,22.204,22.476,22.444,433750.0,18018061000.0,0.0,0.0,0.1,0.054,0.241
VIC,2015-09-04,15:09:02,HOSE,STOCK,41.1,44.4,38.6,41.2,41.5,41.1,41.5,41.38,22.259,22.421,22.204,22.421,22.356,716580.0,29651485000.0,0.0,0.0,0.4,0.2161,0.9732
VIC,2015-09-03,15:09:03,HOSE,STOCK,41.5,43.9,38.3,41.5,41.5,41.0,41.1,41.25,22.421,22.421,22.151,22.204,22.286,1232010.0,50820102000.0,0.0,0.0,-0.4,-0.2161,-0.9639
VIC,2015-09-01,15:09:03,HOSE,STOCK,41.5,44.4,38.6,41.5,41.7,40.7,41.5,41.27,22.421,22.529,21.989,22.421,22.296,885510.0,36548612000.0,0.0,0.0,0.0,0.0,0.0
VIC,2015-08-31,15:08:03,HOSE,STOCK,41.7,44.4,38.6,41.7,41.7,40.8,41.5,41.2,22.529,22.529,22.043,22.421,22.259,886190.0,36509605000.0,0.0,0.0,-0.2,-0.1081,-0.4796
VIC,2015-08-28,15:08:03,HOSE,STOCK,41.0,44.6,38.8,41.4,41.7,40.8,41.7,41.24,22.367,22.529,22.043,22.529,22.28,930510.0,38372568000.0,0.0,0.0,0.7,0.3782,1.7073
VIC,2015-08-27,15:08:03,HOSE,STOCK,40.2,43.8,38.2,40.4,41.3,40.1,41.0,40.78,21.827,22.313,21.665,22.151,22.032,1429370.0,58286244000.0,0.0,0.0,0.8,0.4322,1.99
VIC,2015-08-26,15:08:03,HOSE,STOCK,40.1,43.0,37.4,39.7,40.4,39.6,40.2,40.06,21.449,21.827,21.395,21.718,21.644,1642870.0,65813216000.0,0.0,0.0,0.1,0.054,0.2494
VIC,2015-08-25,15:08:03,HOSE,STOCK,40.1,42.9,37.3,38.8,40.1,38.8,40.1,39.67,20.963,21.665,20.963,21.665,21.433,2271270.0,90112238000.0,0.0,0.0,0.0,0.0,0.0
VIC,2015-08-24,15:08:03,HOSE,STOCK,40.1,42.9,37.3,40.1,40.1,37.9,40.1,39.33,21.665,21.665,20.476,21.665,21.249,2732410.0,107455840000.0,0.0,0.0,0.0,0.0,0.0
VIC,2015-08-21,15:08:02,HOSE,STOCK,40.6,42.9,37.3,40.3,40.6,38.8,40.1,39.59,21.772,21.935,20.963,21.665,21.389,3110370.0,123131077000.0,0.0,0.0,-0.5,-0.2701,-1.2315
VIC,2015-08-20,15:08:02,HOSE,STOCK,40.8,43.4,37.8,40.8,41.2,40.1,40.6,40.64,22.043,22.259,21.665,21.935,21.956,1142450.0,46425484000.0,0.0,0.0,-0.2,-0.1081,-0.4902
VIC,2015-08-19,15:08:03,HOSE,STOCK,41.7,43.6,38.0,41.7,41.7,40.6,40.8,40.99,22.529,22.529,21.935,22.043,22.146,787690.0,32291324000.0,0.0,0.0,-0.9,-0.4862,-2.1583
VIC,2015-08-18,15:08:03,HOSE,STOCK,41.0,44.6,38.8,41.0,41.7,41.0,41.7,41.47,22.151,22.529,22.151,22.529,22.404,563880.0,23384611000.0,0.0,0.0,0.7,0.3782,1.7073
VIC,2015-08-17,15:08:02,HOSE,STOCK,41.8,43.8,38.2,41.8,42.3,41.0,41.0,41.7,22.584,22.853,22.151,22.151,22.529,758640.0,31637706000.0,0.0,0.0,-0.8,-0.4322,-1.9139
VIC,2015-08-14,15:08:03,HOSE,STOCK,42.5,45.4,39.6,42.5,42.9,41.6,41.8,42.03,22.961,23.178,22.476,22.584,22.708,819060.0,34421863000.0,0.0,0.0,-0.7,-0.3782,-1.6471
VIC,2015-08-13,15:08:02,HOSE,STOCK,43.1,45.4,39.6,43.1,43.1,42.4,42.5,42.71,23.285,23.285,22.907,22.961,23.075,860480.0,36754391000.0,0.0,0.0,-0.6,-0.3242,-1.3921
VIC,2015-08-12,15:08:02,HOSE,STOCK,43.7,46.1,40.1,43.7,43.7,43.1,43.1,43.35,23.61,23.61,23.285,23.285,23.42,810320.0,35131408000.0,0.0,0.0,-0.6,-0.3242,-1.373
VIC,2015-08-11,15:08:03,HOSE,STOCK,43.5,46.5,40.5,43.5,43.7,43.4,43.7,43.61,23.501,23.61,23.448,23.61,23.561,1130250.0,49287706000.0,0.0,0.0,0.2,0.1081,0.4598
VIC,2015-08-10,15:08:03,HOSE,STOCK,43.0,46.5,40.5,43.0,43.5,43.0,43.5,43.24,23.232,23.501,23.232,23.501,23.361,802880.0,34713359000.0,0.0,0.0,0.5,0.2701,1.1628
VIC,2015-08-07,15:08:02,HOSE,STOCK,43.0,46.0,40.0,43.1,43.1,42.9,43.0,42.99,23.285,23.285,23.178,23.232,23.227,318890.0,13709775000.0,0.0,0.0,0.0,0.0,0.0
VIC,2015-08-06,15:08:02,HOSE,STOCK,43.2,46.0,40.0,43.0,43.2,42.7,43.0,42.94,23.232,23.34,23.07,23.232,23.199,490170.0,21045789000.0,0.0,0.0,-0.2,-0.1081,-0.463
VIC,2015-08-05,15:08:03,HOSE,STOCK,43.0,46.2,40.2,43.1,43.2,42.8,43.2,43.03,23.285,23.34,23.124,23.34,23.248,494710.0,21289346000.0,0.0,0.0,0.2,0.1081,0.4651
VIC,2015-08-04,15:08:02,HOSE,STOCK,43.1,46.0,40.0,42.8,43.1,42.7,43.0,42.91,23.124,23.285,23.07,23.232,23.183,710800.0,30501423000.0,0.0,0.0,-0.1,-0.054,-0.232
VIC,2015-08-03,15:08:02,HOSE,STOCK,43.1,46.1,40.1,42.7,43.4,42.6,43.1,42.95,23.07,23.448,23.016,23.285,23.204,1810730.0,77777488000.0,0.0,0.0,0.0,0.0,0.0
VIC,2015-07-31,15:07:03,HOSE,STOCK,43.1,46.1,40.1,42.9,43.4,42.7,43.1,42.95,23.178,23.448,23.07,23.285,23.204,1367150.0,58719965000.0,0.0,0.0,0.0,0.0,0.0
VIC,2015-07-30,15:07:02,HOSE,STOCK,43.2,46.1,40.1,43.2,43.4,42.9,43.1,43.09,23.34,23.448,23.178,23.285,23.28,729400.0,31432929000.0,0.0,0.0,-0.1,-0.054,-0.2315
VIC,2015-07-29,15:07:03,HOSE,STOCK,43.8,46.2,40.2,44.0,44.1,43.1,43.2,43.53,23.772,23.826,23.285,23.34,23.517,1177900.0,51274617000.0,0.0,0.0,-0.6,-0.3242,-1.3699
VIC,2015-07-28,15:07:03,HOSE,STOCK,44.0,46.8,40.8,44.2,44.9,43.8,43.8,44.42,23.879,24.259,23.664,23.664,23.998,2556060.0,113536587000.0,0.0,0.0,-0.2,-0.1081,-0.4545
VIC,2015-07-27,15:07:02,HOSE,STOCK,43.8,47.0,41.0,44.0,44.3,43.7,44.0,43.96,23.772,23.934,23.61,23.772,23.75,1634930.0,71870751000.0,0.0,0.0,0.2,0.1081,0.4566
VIC,2015-07-24,15:07:03,HOSE,STOCK,44.1,46.8,40.8,44.4,44.4,43.6,43.8,43.88,23.988,23.988,23.556,23.664,23.707,752000.0,32999745000.0,0.0,0.0,-0.3,-0.1621,-0.6803
VIC,2015-07-23,15:07:03,HOSE,STOCK,44.5,47.1,41.1,44.5,45.0,44.1,44.1,44.55,24.042,24.312,23.826,23.826,24.069,1096080.0,48827255000.0,0.0,0.0,-0.4,-0.2161,-0.8989
VIC,2015-07-22,15:07:03,HOSE,STOCK,43.0,47.6,41.4,43.3,44.6,43.1,44.5,44.05,23.393,24.095,23.285,24.042,23.799,1978850.0,87164650000.0,0.0,0.0,1.5,0.8104,3.4884
VIC,2015-07-21,15:07:02,HOSE,STOCK,42.6,46.0,40.0,42.5,43.3,42.5,43.0,43.05,22.961,23.393,22.961,23.232,23.259,575410.0,24769156000.0,0.0,0.0,0.4,0.2161,0.939
VIC,2015-07-20,15:07:02,HOSE,STOCK,42.7,45.5,39.7,42.7,43.3,42.4,42.6,42.75,23.07,23.393,22.907,23.016,23.096,763460.0,32637602000.0,0.0,0.0,-0.1,-0.054,-0.2342
VIC,2015-07-17,15:07:02,HOSE,STOCK,42.8,45.6,39.8,43.0,43.1,42.5,42.7,42.69,23.232,23.285,22.961,23.07,23.064,770060.0,32877609000.0,0.0,0.0,-0.1,-0.054,-0.2336
VIC,2015-07-16,15:07:02,HOSE,STOCK,43.5,45.7,39.9,43.0,43.3,42.7,42.8,42.9,23.232,23.393,23.07,23.124,23.178,940730.0,40359598000.0,0.0,0.0,-0.7,-0.3782,-1.6092
VIC,2015-07-15,15:07:02,HOSE,STOCK,44.0,46.5,40.5,44.2,44.2,43.3,43.5,43.54,23.879,23.879,23.393,23.501,23.524,1452980.0,63260356000.0,0.0,0.0,-0.5,-0.2701,-1.1364
VIC,2015-07-14,15:07:03,HOSE,STOCK,44.1,47.0,41.0,43.7,44.1,43.7,44.0,43.97,23.61,23.826,23.61,23.772,23.756,642340.0,28241199000.0,0.0,0.0,-0.1,-0.054,-0.2268
VIC,2015-07-13,00:07:00,HOSE,STOCK,44.3,47.4,41.2,44.3,44.3,44.0,44.1,44.1,23.934,23.934,23.772,23.826,23.826,1259500.0,55538000000.0,0.0,0.0,-0.2,-0.1081,-0.4515
VIC,2015-07-10,15:07:03,HOSE,STOCK,44.0,47.4,41.2,44.3,44.6,44.0,44.3,44.32,23.934,24.095,23.772,23.934,23.945,1334490.0,59149251000.0,0.0,0.0,0.3,0.1621,0.6818
VIC,2015-07-09,15:07:03,HOSE,STOCK,43.5,47.0,41.0,43.0,44.6,42.8,44.0,43.59,23.232,24.095,23.124,23.772,23.549,1664850.0,72562647000.0,0.0,0.0,0.5,0.2701,1.1494
VIC,2015-07-08,15:07:03,HOSE,STOCK,44.2,47.2,41.2,44.1,44.1,43.2,43.5,43.53,23.826,23.826,23.34,23.501,23.517,1648750.0,71777214000.0,0.0,0.0,-0.7,-0.3782,-1.5837
VIC,2015-07-07,15:07:02,HOSE,STOCK,44.6,47.2,41.2,44.4,44.7,44.1,44.2,44.42,23.988,24.15,23.826,23.879,23.998,2060130.0,91508524000.0,0.0,0.0,-0.4,-0.2161,-0.8969
VIC,2015-07-06,15:07:03,HOSE,STOCK,44.6,47.7,41.5,45.0,45.1,44.0,44.6,44.46,24.312,24.366,23.772,24.095,24.02,1602770.0,71265978000.0,0.0,0.0,0.0,0.0,0.0
VIC,2015-07-03,15:07:02,HOSE,STOCK,43.9,47.7,41.5,44.4,44.9,44.3,44.6,44.64,23.988,24.259,23.934,24.095,24.117,1937740.0,86498470000.0,0.0,0.0,0.7,0.3782,1.5945
VIC,2015-07-02,15:07:04,HOSE,STOCK,43.4,46.9,40.9,43.7,43.9,43.5,43.9,43.78,23.61,23.718,23.501,23.718,23.653,1117760.0,48935232000.0,0.0,0.0,0.5,0.2701,1.1521
VIC,2015-07-01,15:07:03,HOSE,STOCK,43.5,46.4,40.4,44.0,44.0,43.0,43.4,43.43,23.772,23.772,23.232,23.448,23.464,797910.0,34650096000.0,0.0,0.0,-0.1,-0.054,-0.2299
VIC,2015-06-30,15:06:02,HOSE,STOCK,42.7,46.5,40.5,42.5,44.2,42.5,43.5,43.72,22.961,23.879,22.961,23.501,23.621,3429780.0,149943545000.0,0.0,0.0,0.8,0.4322,1.8735
VIC,2015-06-29,15:06:02,HOSE,STOCK,52.0,45.6,39.8,42.1,43.3,42.1,42.7,42.88,22.745,23.393,22.745,23.07,23.167,1764630.0,75671739000.0,0.0,0.0,-9.3,-5.0246,-17.8846
VIC,2015-06-26,15:06:03,HOSE,STOCK,52.5,44.2,38.5,52.0,52.5,52.0,52.0,52.11,22.332,22.547,22.332,22.332,22.379,1026800.0,53511070000.0,0.0,0.0,-0.5,-0.2147,-0.9524
VIC,2015-06-25,15:06:03,HOSE,STOCK,52.5,56.0,48.9,52.0,53.0,51.5,52.5,52.29,22.332,22.762,22.117,22.547,22.457,1089400.0,56969525000.0,0.0,0.0,0.0,0.0,0.0
VIC,2015-06-24,15:06:02,HOSE,STOCK,52.0,55.5,48.4,51.5,52.5,51.5,52.5,52.02,22.117,22.547,22.117,22.547,22.34,780150.0,40585815000.0,0.0,0.0,0.5,0.2147,0.9615
VIC,2015-06-23,15:06:03,HOSE,STOCK,51.5,55.5,48.4,51.5,52.5,51.0,52.0,51.88,22.117,22.547,21.902,22.332,22.28,1356440.0,70371925000.0,0.0,0.0,0.5,0.2147,0.9709
VIC,2015-06-22,15:06:03,HOSE,STOCK,51.0,55.0,47.9,51.5,52.0,51.0,51.5,51.49,22.117,22.332,21.902,22.117,22.114,532730.0,27432925000.0,0.0,0.0,0.5,0.2147,0.9804
VIC,2015-06-19,15:06:02,HOSE,STOCK,50.5,54.5,47.5,51.0,51.5,50.5,51.0,50.97,21.902,22.117,21.688,21.902,21.89,944200.0,48122800000.0,0.0,0.0,0.5,0.2147,0.9901
VIC,2015-06-18,15:06:03,HOSE,STOCK,50.5,54.0,47.0,50.5,51.0,50.5,50.5,50.51,21.688,21.902,21.688,21.688,21.692,683660.0,34531330000.0,0.0,0.0,0.0,0.0,0.0
VIC,2015-06-17,15:06:03,HOSE,STOCK,50.5,54.0,47.0,50.5,51.5,49.8,50.5,50.34,21.688,22.117,21.387,21.688,21.619,653080.0,32872963000.0,0.0,0.0,0.0,0.0,0.0
VIC,2015-06-16,15:06:03,HOSE,STOCK,50.5,54.0,47.0,50.5,51.0,49.9,50.5,50.38,21.688,21.902,21.43,21.688,21.636,739750.0,37269293000.0,0.0,0.0,0.0,0.0,0.0
VIC,2015-06-15,15:06:06,HOSE,STOCK,52.0,54.0,47.0,52.0,52.0,50.0,50.5,51.01,22.332,22.332,21.473,21.688,21.907,850000.0,43355210000.0,0.0,0.0,-1.5,-0.6442,-2.8846
VIC,2015-06-12,15:06:02,HOSE,STOCK,49.2,55.5,48.4,49.4,52.0,49.3,52.0,50.65,21.215,22.332,21.173,22.332,21.752,2997570.0,151817745000.0,0.0,0.0,2.8,1.2025,5.6911
VIC,2015-06-11,15:06:02,HOSE,STOCK,48.6,52.5,45.8,48.6,49.2,48.6,49.2,48.99,20.872,21.129,20.872,21.129,21.039,528030.0,25866701000.0,0.0,0.0,0.6,0.2577,1.2346
VIC,2015-06-10,15:06:02,HOSE,STOCK,49.0,52.0,45.2,49.0,49.1,48.5,48.6,48.8,21.044,21.086,20.829,20.872,20.957,476610.0,23260232000.0,0.0,0.0,-0.4,-0.1718,-0.8163
VIC,2015-06-09,15:06:02,HOSE,STOCK,49.0,52.0,45.6,49.2,49.3,48.9,49.0,49.1,21.129,21.173,21.001,21.044,21.086,446220.0,21909677000.0,0.0,0.0,0.0,0.0,0.0
VIC,2015-06-08,15:06:03,HOSE,STOCK,48.8,52.0,45.6,48.8,49.5,48.8,49.0,49.16,20.957,21.259,20.957,21.044,21.112,593240.0,29161599000.0,0.0,0.0,0.2,0.0859,0.4098
VIC,2015-06-05,15:06:18,HOSE,STOCK,48.8,52.0,45.4,48.8,49.2,48.6,48.8,48.91,20.957,21.129,20.872,20.957,21.005,626020.0,30618075000.0,0.0,0.0,0.0,0.0,0.0
VIC,2015-06-04,16:06:21,HOSE,STOCK,48.3,51.5,45.0,48.5,49.0,48.5,48.8,48.78,20.829,21.044,20.829,20.957,20.949,1277590.0,62315853000.0,0.0,0.0,0.5,0.2147,1.0352
VIC,2015-06-03,16:06:29,HOSE,STOCK,48.1,51.5,45.0,48.0,48.6,48.0,48.3,48.37,20.614,20.872,20.614,20.743,20.773,766250.0,37065240000.0,0.0,0.0,0.2,0.0859,0.4158
VIC,2015-06-02,15:06:17,HOSE,STOCK,48.7,51.0,44.8,48.8,48.9,48.1,48.1,48.6,20.957,21.001,20.657,20.657,20.872,418090.0,20319720000.0,0.0,0.0,-0.6,-0.2577,-1.232
VIC,2015-06-01,16:06:11,HOSE,STOCK,47.5,52.0,45.3,48.1,49.2,48.0,48.7,48.59,20.657,21.129,20.614,20.915,20.868,1238300.0,60168397000.0,0.0,0.0,1.2,0.5154,2.5263
VIC,2015-05-29,15:05:11,HOSE,STOCK,47.8,50.5,44.2,47.8,48.1,47.5,47.5,47.7,20.528,20.657,20.399,20.399,20.485,618530.0,29502194000.0,0.0,0.0,-0.3,-0.1288,-0.6276
VIC,2015-05-28,15:05:23,HOSE,STOCK,48.1,51.0,44.5,48.0,48.2,47.8,47.8,47.96,20.614,20.7,20.528,20.528,20.597,623820.0,29917312000.0,0.0,0.0,-0.3,-0.1288,-0.6237
VIC,2015-05-27,15:05:15,HOSE,STOCK,48.3,51.0,44.8,48.5,48.7,48.1,48.1,48.42,20.829,20.915,20.657,20.657,20.794,712170.0,34484593000.0,0.0,0.0,-0.2,-0.0859,-0.4141
VIC,2015-05-26,15:05:15,HOSE,STOCK,48.2,51.5,45.0,48.1,48.8,48.1,48.3,48.36,20.657,20.957,20.657,20.743,20.769,623860.0,30166907000.0,0.0,0.0,0.1,0.0429,0.2075
VIC,2015-05-25,16:05:10,HOSE,STOCK,48.5,51.5,44.9,48.3,48.3,47.7,48.2,48.1,20.743,20.743,20.485,20.7,20.657,334190.0,16076196000.0,0.0,0.0,-0.3,-0.1288,-0.6186
VIC,2015-05-22,15:05:09,HOSE,STOCK,47.2,51.5,45.2,47.1,48.5,46.9,48.5,47.93,20.228,20.829,20.141,20.829,20.584,1058290.0,50719905000.0,0.0,0.0,1.3,0.5583,2.7542
VIC,2015-05-21,15:05:13,HOSE,STOCK,47.1,50.5,43.9,47.0,47.5,46.9,47.2,47.08,20.184,20.399,20.141,20.27,20.219,387320.0,18235265000.0,0.0,0.0,0.1,0.0429,0.2123
VIC,2015-05-20,15:05:11,HOSE,STOCK,46.6,50.0,43.9,46.6,47.6,46.6,47.1,47.15,20.013,20.443,20.013,20.228,20.249,617150.0,29101047000.0,0.0,0.0,0.5,0.2147,1.073
VIC,2015-05-19,15:05:10,HOSE,STOCK,46.3,49.8,43.4,46.6,46.7,46.3,46.6,46.41,20.013,20.056,19.884,20.013,19.931,552310.0,25632271000.0,0.0,0.0,0.3,0.1288,0.6479
VIC,2015-05-18,16:05:09,HOSE,STOCK,47.0,49.5,43.1,47.0,47.1,46.3,46.3,46.78,20.184,20.228,19.884,19.884,20.091,1655740.0,77450381000.0,0.0,0.0,-0.7,-0.3006,-1.4894
VIC,2015-05-15,15:05:09,HOSE,STOCK,47.4,50.0,43.8,47.4,47.7,47.0,47.0,47.21,20.356,20.485,20.184,20.184,20.275,458130.0,21629624000.0,0.0,0.0,-0.4,-0.1718,-0.8439
VIC,2015-05-14,15:05:10,HOSE,STOCK,47.5,50.5,44.1,47.5,47.6,47.3,47.4,47.45,20.399,20.443,20.314,20.356,20.378,83130.0,3944396000.0,0.0,0.0,-0.1,-0.0429,-0.2105
VIC,2015-05-13,16:05:43,HOSE,STOCK,47.5,50.5,44.2,47.5,47.6,46.8,47.5,47.3,20.399,20.443,20.099,20.399,20.314,555300.0,26263808000.0,0.0,0.0,0.0,0.0,0.0
VIC,2015-05-12,15:05:13,HOSE,STOCK,48.0,50.5,44.2,48.2,48.2,47.0,47.5,47.56,20.7,20.7,20.184,20.399,20.426,618510.0,29414645000.0,0.0,0.0,-0.5,-0.2147,-1.0417
VIC,2015-05-11,15:05:11,HOSE,STOCK,48.3,51.0,44.7,48.5,48.5,48.0,48.0,48.26,20.829,20.829,20.614,20.614,20.726,309660.0,14943445000.0,0.0,0.0,-0.3,-0.1288,-0.6211
VIC,2015-05-08,15:05:18,HOSE,STOCK,48.6,51.5,45.0,48.6,48.6,48.3,48.3,48.35,20.872,20.872,20.743,20.743,20.764,70990.0,3432688000.0,0.0,0.0,-0.3,-0.1288,-0.6173
VIC,2015-05-07,16:05:08,HOSE,STOCK,48.1,52.0,45.2,48.1,48.6,48.0,48.6,48.34,20.657,20.872,20.614,20.872,20.76,262900.0,12709121000.0,0.0,0.0,0.5,0.2147,1.0395
VIC,2015-05-06,15:05:14,HOSE,STOCK,48.8,51.0,44.8,48.8,48.8,48.0,48.1,48.15,20.957,20.957,20.614,20.657,20.679,186040.0,8957008000.0,0.0,0.0,-0.7,-0.3006,-1.4344
VIC,2015-05-05,15:05:12,HOSE,STOCK,48.1,52.0,45.4,48.1,48.8,48.0,48.8,48.41,20.657,20.957,20.614,20.957,20.79,762350.0,36906789000.0,0.0,0.0,0.7,0.3006,1.4553
VIC,2015-05-04,15:05:15,HOSE,STOCK,48.6,52.0,45.2,45.2,48.7,45.2,48.1,48.15,19.412,20.915,19.412,20.657,20.679,1448720.0,69749110000.0,0.0,0.0,-0.5,-0.2147,-1.0288
VIC,2015-04-27,15:04:13,HOSE,STOCK,48.6,52.0,45.2,49.0,49.0,48.6,48.6,48.81,21.044,21.044,20.872,20.872,20.962,242300.0,11826615000.0,0.0,0.0,0.0,0.0,0.0
VIC,2015-04-24,15:04:24,HOSE,STOCK,48.8,52.0,45.4,48.8,49.0,48.7,48.8,48.81,20.957,21.044,20.915,20.957,20.962,287890.0,14052698000.0,0.0,0.0,0.0,0.0,0.0
VIC,2015-04-23,15:04:10,HOSE,STOCK,48.6,52.0,45.4,48.8,49.0,48.5,48.8,48.78,20.957,21.044,20.829,20.957,20.949,584810.0,28525778000.0,0.0,0.0,0.2,0.0859,0.4115
VIC,2015-04-22,15:04:12,HOSE,STOCK,48.5,52.0,45.2,48.8,48.8,48.5,48.6,48.59,20.957,20.957,20.829,20.872,20.868,625130.0,30376827000.0,0.0,0.0,0.1,0.0429,0.2062
VIC,2015-04-21,15:04:12,HOSE,STOCK,48.6,51.5,45.2,48.6,48.9,48.4,48.5,48.69,20.872,21.001,20.785,20.829,20.911,591750.0,28810043000.0,0.0,0.0,-0.1,-0.0429,-0.2058
VIC,2015-04-20,15:04:14,HOSE,STOCK,48.8,52.0,45.2,48.6,49.0,48.5,48.6,48.75,20.872,21.044,20.829,20.872,20.937,936960.0,45676381000.0,0.0,0.0,-0.2,-0.0859,-0.4098
VIC,2015-04-17,15:04:26,HOSE,STOCK,48.1,51.0,44.8,48.2,49.4,48.1,48.8,48.95,20.7,21.215,20.657,20.957,21.022,1078340.0,52784639000.0,0.0,0.0,0.7,0.3006,1.4553
VIC,2015-04-16,15:04:16,HOSE,STOCK,47.5,51.0,44.8,47.5,48.4,47.5,48.1,48.15,20.399,20.785,20.399,20.657,20.679,601670.0,28967561000.0,0.0,0.0,0.6,0.2577,1.2632
VIC,2015-04-15,15:04:17,HOSE,STOCK,47.6,50.5,44.2,47.8,47.9,47.1,47.5,47.46,20.528,20.572,20.228,20.399,20.383,443980.0,21069653000.0,0.0,0.0,-0.1,-0.0429,-0.2101
VIC,2015-04-14,15:04:13,HOSE,STOCK,48.6,50.5,44.3,48.7,48.7,47.6,47.6,48.05,20.915,20.915,20.443,20.443,20.636,426570.0,20496846000.0,0.0,0.0,-1.0,-0.4295,-2.0576
VIC,2015-04-13,15:04:09,HOSE,STOCK,47.5,52.0,45.2,47.6,48.7,47.6,48.6,48.36,20.443,20.915,20.443,20.872,20.769,1697520.0,82087501000.0,0.0,0.0,1.1,0.4724,2.3158
VIC,2015-04-10,15:04:05,HOSE,STOCK,46.1,50.5,44.2,46.3,47.9,46.3,47.5,47.19,19.884,20.572,19.884,20.399,20.267,1224360.0,57778591000.0,0.0,0.0,1.4,0.6012,3.0369
VIC,2015-04-09,15:04:26,HOSE,STOCK,46.0,49.2,42.8,46.0,46.6,46.0,46.1,46.25,19.756,20.013,19.756,19.798,19.862,639520.0,29578095000.0,0.0,0.0,0.1,0.0429,0.2174
VIC,2015-04-08,15:04:14,HOSE,STOCK,46.2,49.2,42.8,46.2,46.3,46.0,46.0,46.14,19.841,19.884,19.756,19.756,19.815,611130.0,28199857000.0,0.0,0.0,-0.2,-0.0859,-0.4329
VIC,2015-04-07,15:04:10,HOSE,STOCK,45.9,49.4,43.0,45.9,46.2,45.7,46.2,45.98,19.712,19.841,19.626,19.841,19.747,672070.0,30900104000.0,0.0,0.0,0.3,0.1288,0.6536
VIC,2015-04-06,15:04:09,HOSE,STOCK,46.1,49.1,42.7,46.1,46.2,45.9,45.9,46.02,19.798,19.841,19.712,19.712,19.764,455810.0,20974191000.0,0.0,0.0,-0.2,-0.0859,-0.4338
VIC,2015-04-03,15:04:10,HOSE,STOCK,46.3,49.3,42.9,46.3,46.3,46.1,46.1,46.14,19.884,19.884,19.798,19.798,19.815,311650.0,14379243000.0,0.0,0.0,-0.2,-0.0859,-0.432
VIC,2015-04-02,15:04:14,HOSE,STOCK,46.0,49.5,43.1,46.4,46.4,45.9,46.3,46.19,19.927,19.927,19.712,19.884,19.837,444740.0,20544720000.0,0.0,0.0,0.3,0.1288,0.6522
VIC,2015-04-01,15:04:12,HOSE,STOCK,47.0,49.2,42.8,47.0,47.0,46.0,46.0,46.3,20.184,20.184,19.756,19.756,19.884,482240.0,22329716000.0,0.0,0.0,-1.0,-0.4295,-2.1277
VIC,2015-03-31,16:03:18,HOSE,STOCK,46.6,50.0,43.8,46.6,47.1,46.6,47.0,46.92,20.013,20.228,20.013,20.184,20.15,710820.0,33349204000.0,0.0,0.0,0.4,0.1718,0.8584
VIC,2015-03-30,15:03:14,HOSE,STOCK,47.1,49.8,43.4,47.2,47.3,46.6,46.6,46.85,20.27,20.314,20.013,20.013,20.121,934790.0,43797350000.0,0.0,0.0,-0.5,-0.2147,-1.0616
VIC,2015-03-27,15:03:09,HOSE,STOCK,47.5,50.0,43.9,48.3,48.3,47.0,47.1,47.26,20.743,20.743,20.184,20.228,20.296,1097010.0,51845821000.0,0.0,0.0,-0.4,-0.1718,-0.8421
VIC,2015-03-26,15:03:22,HOSE,STOCK,48.2,50.5,44.2,48.0,48.2,47.5,47.5,47.78,20.614,20.7,20.399,20.399,20.52,581580.0,27786005000.0,0.0,0.0,-0.7,-0.3006,-1.4523
VIC,2015-03-25,15:03:08,HOSE,STOCK,48.3,51.5,45.0,48.3,48.4,48.1,48.2,48.23,20.743,20.785,20.657,20.7,20.713,637570.0,30751592000.0,0.0,0.0,-0.1,-0.0429,-0.207
VIC,2015-03-24,15:03:15,HOSE,STOCK,48.3,51.5,45.0,48.3,48.4,48.1,48.3,48.25,20.743,20.785,20.657,20.743,20.722,1057820.0,51042210000.0,0.0,0.0,0.0,0.0,0.0
VIC,2015-03-23,15:03:26,HOSE,STOCK,48.6,51.5,45.0,48.6,49.1,48.2,48.3,48.49,20.872,21.086,20.7,20.743,20.824,709040.0,34379055000.0,0.0,0.0,-0.3,-0.1288,-0.6173
VIC,2015-03-20,15:03:11,HOSE,STOCK,49.1,52.0,45.2,49.1,49.2,48.6,48.6,48.68,21.086,21.129,20.872,20.872,20.906,1952070.0,95033075000.0,0.0,0.0,-0.5,-0.2147,-1.0183
VIC,2015-03-19,15:03:12,HOSE,STOCK,49.3,52.5,45.7,49.4,49.5,48.8,49.1,49.13,21.215,21.259,20.957,21.086,21.1,787290.0,38678252000.0,0.0,0.0,-0.2,-0.0859,-0.4057
VIC,2015-03-18,15:03:09,HOSE,STOCK,49.3,52.5,45.9,49.3,49.4,49.2,49.3,49.3,21.173,21.215,21.129,21.173,21.173,709890.0,34997793000.0,0.0,0.0,0.0,0.0,0.0
VIC,2015-03-17,15:03:11,HOSE,STOCK,49.2,52.5,45.9,49.3,49.4,49.1,49.3,49.26,21.173,21.215,21.086,21.173,21.156,332570.0,16384059000.0,0.0,0.0,0.1,0.0429,0.2033
VIC,2015-03-16,15:03:41,HOSE,STOCK,49.6,52.5,45.8,49.5,49.6,48.9,49.2,49.19,21.259,21.301,21.001,21.129,21.124,1155790.0,56858969000.0,0.0,0.0,-0.4,-0.1718,-0.8065
VIC,2015-03-13,15:03:11,HOSE,STOCK,49.6,53.0,46.2,49.6,49.9,49.5,49.6,49.72,21.301,21.43,21.259,21.301,21.352,529480.0,26328381000.0,0.0,0.0,0.0,0.0,0.0
VIC,2015-03-12,15:03:11,HOSE,STOCK,49.3,53.0,46.2,49.3,49.9,49.3,49.6,49.45,21.173,21.43,21.173,21.301,21.237,814790.0,40294147000.0,0.0,0.0,0.3,0.1288,0.6085
VIC,2015-03-11,15:03:11,HOSE,STOCK,49.7,53.0,46.3,49.7,49.7,49.2,49.3,49.41,21.344,21.344,21.129,21.173,21.22,844110.0,41710574000.0,0.0,0.0,-0.4,-0.1718,-0.8048
VIC,2015-03-10,15:03:12,HOSE,STOCK,49.7,53.0,46.3,49.5,49.9,49.4,49.7,49.6,21.259,21.43,21.215,21.344,21.301,895980.0,44441585000.0,0.0,0.0,0.0,0.0,0.0
VIC,2015-03-09,15:03:10,HOSE,STOCK,49.9,53.0,46.3,49.9,50.5,49.6,49.7,49.86,21.43,21.688,21.301,21.344,21.412,661550.0,32983383000.0,0.0,0.0,-0.2,-0.0859,-0.4008
VIC,2015-03-06,15:03:15,HOSE,STOCK,51.0,53.0,46.5,50.0,51.0,49.9,49.9,50.12,21.473,21.902,21.43,21.43,21.525,1493200.0,74836431000.0,0.0,0.0,-1.1,-0.4724,-2.1569
VIC,2015-03-05,15:03:10,HOSE,STOCK,51.5,54.5,47.5,51.0,51.5,50.5,51.0,50.91,21.902,22.117,21.688,21.902,21.865,845730.0,43058200000.0,0.0,0.0,-0.5,-0.2147,-0.9709
VIC,2015-03-04,15:03:14,HOSE,STOCK,52.0,55.0,47.9,52.0,52.0,51.0,51.5,51.52,22.332,22.332,21.902,22.117,22.126,816360.0,42062655000.0,0.0,0.0,-0.5,-0.2147,-0.9615
VIC,2015-03-03,15:03:08,HOSE,STOCK,49.9,53.0,46.5,49.9,52.5,49.9,52.0,51.27,21.43,22.547,21.43,22.332,22.019,2373010.0,121666834000.0,0.0,0.0,2.1,0.9019,4.2084
VIC,2015-03-02,15:03:12,HOSE,STOCK,49.5,53.0,46.5,49.6,50.0,49.5,49.9,49.77,21.301,21.473,21.259,21.43,21.374,788530.0,39243238000.0,0.0,0.0,0.4,0.1718,0.8081
VIC,2015-02-27,15:02:08,HOSE,STOCK,49.9,52.5,46.1,50.0,50.0,49.5,49.5,49.64,21.473,21.473,21.259,21.259,21.318,538120.0,26710231000.0,0.0,0.0,-0.4,-0.1718,-0.8016
VIC,2015-02-26,15:02:08,HOSE,STOCK,50.0,53.0,46.5,50.0,50.5,49.2,49.9,49.8,21.473,21.688,21.129,21.43,21.387,1158830.0,57711686000.0,0.0,0.0,-0.1,-0.0429,-0.2
VIC,2015-02-25,15:02:13,HOSE,STOCK,51.5,53.5,46.5,51.0,51.5,50.0,50.0,50.53,21.902,22.117,21.473,21.473,21.7,756990.0,38247940000.0,0.0,0.0,-1.5,-0.6442,-2.9126
VIC,2015-02-24,15:02:10,HOSE,STOCK,50.5,55.0,47.9,50.5,51.5,50.0,51.5,50.81,21.688,22.117,21.473,22.117,21.821,906580.0,46059485000.0,0.0,0.0,1.0,0.4295,1.9802
VIC,2015-02-13,15:02:09,HOSE,STOCK,50.5,54.0,47.0,50.0,51.5,50.0,50.5,50.5,21.473,22.117,21.473,21.688,21.688,1455720.0,73520165000.0,0.0,0.0,0.0,0.0,0.0
VIC,2015-02-12,15:02:10,HOSE,STOCK,48.5,53.5,46.5,48.9,50.0,48.8,50.0,49.52,21.001,21.473,20.957,21.473,21.268,2221520.0,110008179000.0,0.0,0.0,1.5,0.6442,3.0928
VIC,2015-02-11,15:02:11,HOSE,STOCK,47.2,51.5,45.2,47.4,48.5,47.2,48.5,48.04,20.356,20.829,20.27,20.829,20.631,894030.0,42952008000.0,0.0,0.0,1.3,0.5583,2.7542
VIC,2015-02-10,15:02:08,HOSE,STOCK,47.3,50.5,43.9,47.5,47.7,47.2,47.2,47.44,20.399,20.485,20.27,20.27,20.373,362290.0,17186391000.0,0.0,0.0,-0.1,-0.0429,-0.2114
VIC,2015-02-09,15:02:09,HOSE,STOCK,46.9,50.5,44.0,46.9,47.5,46.9,47.3,47.36,20.141,20.399,20.141,20.314,20.34,437370.0,20712665000.0,0.0,0.0,0.4,0.1718,0.8529
VIC,2015-02-06,15:02:07,HOSE,STOCK,46.8,50.0,43.7,47.0,47.2,46.8,46.9,46.94,20.184,20.27,20.099,20.141,20.159,160630.0,7539758000.0,0.0,0.0,0.1,0.0429,0.2137
VIC,2015-02-05,15:02:03,HOSE,STOCK,46.9,50.0,43.6,46.7,47.0,46.7,46.8,46.82,20.056,20.184,20.056,20.099,20.108,264080.0,12363673000.0,0.0,0.0,-0.1,-0.0429,-0.2132
VIC,2015-02-04,15:02:12,HOSE,STOCK,46.9,50.0,43.7,47.3,47.3,46.5,46.9,46.78,20.314,20.314,19.97,20.141,20.091,754650.0,35304202000.0,0.0,0.0,0.0,0.0,0.0
VIC,2015-02-03,15:02:09,HOSE,STOCK,47.7,50.0,43.7,47.7,47.8,46.9,46.9,47.21,20.485,20.528,20.141,20.141,20.275,304890.0,14393424000.0,0.0,0.0,-0.8,-0.3436,-1.6771
VIC,2015-02-02,15:02:09,HOSE,STOCK,48.0,51.0,44.4,48.0,48.1,47.7,47.7,47.92,20.614,20.657,20.485,20.485,20.58,408830.0,19591269000.0,0.0,0.0,-0.3,-0.1288,-0.625
VIC,2015-01-30,15:01:09,HOSE,STOCK,47.6,51.0,44.7,47.7,48.4,47.6,48.0,48.1,20.485,20.785,20.443,20.614,20.657,938950.0,45167030000.0,0.0,0.0,0.4,0.1718,0.8403
VIC,2015-01-29,15:01:05,HOSE,STOCK,47.6,50.5,44.3,47.6,47.8,47.4,47.6,47.58,20.443,20.528,20.356,20.443,20.434,185770.0,8839810000.0,0.0,0.0,0.0,0.0,0.0
VIC,2015-01-28,15:01:05,HOSE,STOCK,48.0,50.5,44.3,47.6,48.0,47.5,47.6,47.64,20.443,20.614,20.399,20.443,20.46,323250.0,15400078000.0,0.0,0.0,-0.4,-0.1718,-0.8333
VIC,2015-01-27,15:01:12,HOSE,STOCK,48.2,51.0,44.7,48.2,48.3,47.4,48.0,47.95,20.7,20.743,20.356,20.614,20.593,517330.0,24805672000.0,0.0,0.0,-0.2,-0.0859,-0.4149
VIC,2015-01-26,15:01:32,HOSE,STOCK,48.0,51.5,44.9,48.0,48.9,48.0,48.2,48.29,20.614,21.001,20.614,20.7,20.739,241650.0,11669843000.0,0.0,0.0,0.2,0.0859,0.4167
VIC,2015-01-23,15:01:13,HOSE,STOCK,47.1,50.0,43.9,47.4,48.0,47.3,48.0,47.77,20.356,20.614,20.314,20.614,20.516,770380.0,36798728000.0,0.0,0.0,0.9,0.3865,1.9108
VIC,2015-01-22,15:01:16,HOSE,STOCK,47.1,50.0,43.9,47.4,47.4,47.1,47.1,47.17,20.356,20.356,20.228,20.228,20.258,204950.0,9666804000.0,0.0,0.0,0.0,0.0,0.0
VIC,2015-01-21,15:01:05,HOSE,STOCK,47.1,50.0,43.9,47.1,47.4,47.1,47.1,47.18,20.228,20.356,20.228,20.228,20.262,227060.0,10713247000.0,0.0,0.0,0.0,0.0,0.0
VIC,2015-01-20,15:01:06,HOSE,STOCK,47.3,50.0,43.9,47.4,47.6,47.1,47.1,47.36,20.356,20.443,20.228,20.228,20.34,316350.0,14982512000.0,0.0,0.0,-0.2,-0.0859,-0.4228
VIC,2015-01-19,15:01:09,HOSE,STOCK,47.3,50.5,44.0,47.3,47.9,47.2,47.3,47.5,20.314,20.572,20.27,20.314,20.399,407620.0,19362804000.0,0.0,0.0,0.0,0.0,0.0
VIC,2015-01-16,15:01:05,HOSE,STOCK,47.4,50.5,44.0,47.4,47.4,47.0,47.3,47.17,20.356,20.356,20.184,20.314,20.258,275570.0,12999247000.0,0.0,0.0,-0.1,-0.0429,-0.211
VIC,2015-01-15,15:01:28,HOSE,STOCK,47.1,50.5,44.1,47.1,47.5,46.8,47.4,47.09,20.228,20.399,20.099,20.356,20.223,826580.0,38924407000.0,0.0,0.0,0.3,0.1288,0.6369
VIC,2015-01-14,15:01:19,HOSE,STOCK,47.1,50.0,43.9,47.4,47.4,47.0,47.1,47.11,20.356,20.356,20.184,20.228,20.232,585600.0,27587694000.0,0.0,0.0,0.0,0.0,0.0
VIC,2015-01-13,15:01:09,HOSE,STOCK,47.3,50.0,43.9,47.2,47.6,46.9,47.1,47.12,20.27,20.443,20.141,20.228,20.236,784490.0,36962625000.0,0.0,0.0,-0.2,-0.0859,-0.4228
VIC,2015-01-12,16:01:02,HOSE,STOCK,47.8,50.5,44.0,47.8,48.2,47.3,47.3,47.86,20.528,20.7,20.314,20.314,20.554,472380.0,22608433000.0,0.0,0.0,-0.5,-0.2147,-1.046
VIC,2015-01-09,15:01:14,HOSE,STOCK,48.0,51.0,44.5,48.0,48.6,47.8,47.8,48.33,20.614,20.872,20.528,20.528,20.756,969330.0,46844103000.0,0.0,0.0,-0.2,-0.0859,-0.4167
VIC,2015-01-08,15:01:11,HOSE,STOCK,47.7,51.0,44.7,47.7,48.4,47.7,48.0,48.08,20.485,20.785,20.485,20.614,20.649,788420.0,37907146000.0,0.0,0.0,0.3,0.1288,0.6289
VIC,2015-01-07,15:01:06,HOSE,STOCK,47.8,51.0,44.4,47.8,48.0,47.5,47.7,47.72,20.528,20.614,20.399,20.485,20.493,319600.0,15250836000.0,0.0,0.0,-0.1,-0.0429,-0.2092
VIC,2015-01-06,15:01:05,HOSE,STOCK,47.6,51.0,44.5,47.4,47.8,47.3,47.8,47.59,20.356,20.528,20.314,20.528,20.438,462360.0,22004104000.0,0.0,0.0,0.2,0.0859,0.4202
VIC,2015-01-05,16:01:04,HOSE,STOCK,47.7,50.5,44.3,47.7,47.7,47.3,47.6,47.55,20.485,20.485,20.314,20.443,20.421,320790.0,15252707000.0,0.0,0.0,-0.1,-0.0429,-0.2096
VIC,2014-12-31,15:12:02,HOSE,STOCK,47.7,51.0,44.4,47.6,48.0,47.4,47.7,47.7,20.443,20.614,20.356,20.485,20.485,334990.0,15979802000.0,0.0,0.0,0.0,0.0,0.0
VIC,2014-12-30,15:12:03,HOSE,STOCK,46.9,50.5,44.2,47.2,47.5,47.0,47.5,47.17,20.27,20.399,20.184,20.399,20.258,1029140.0,48544224000.0,0.0,0.0,0.6,0.2577,1.2793
VIC,2014-12-29,15:12:04,HOSE,STOCK,46.6,50.0,43.7,46.1,47.1,46.1,46.9,46.72,19.798,20.228,19.798,20.141,20.065,446970.0,20882657000.0,0.0,0.0,0.3,0.1288,0.6438
VIC,2014-12-26,15:12:03,HOSE,STOCK,45.9,49.8,43.4,45.9,46.9,45.4,46.6,46.18,19.712,20.141,19.498,20.013,19.833,824220.0,38063595000.0,0.0,0.0,0.7,0.3006,1.5251
VIC,2014-12-25,15:12:03,HOSE,STOCK,46.7,49.9,43.5,46.8,46.8,45.9,45.9,46.21,20.099,20.099,19.712,19.712,19.845,165880.0,7664872000.0,0.0,0.0,-0.8,-0.3436,-1.7131
VIC,2014-12-24,15:12:02,HOSE,STOCK,46.5,49.9,43.5,46.9,46.9,46.5,46.7,46.76,20.141,20.141,19.97,20.056,20.083,110740.0,5177978000.0,0.0,0.0,0.2,0.0859,0.4301
VIC,2014-12-23,15:12:18,HOSE,STOCK,47.0,49.7,43.3,47.0,47.2,46.4,46.5,46.75,20.184,20.27,19.927,19.97,20.077,196630.0,9191705000.0,0.0,0.0,-0.5,-0.2147,-1.0638
VIC,2014-12-22,15:12:46,HOSE,STOCK,47.0,50.0,43.8,47.4,47.4,47.0,47.0,47.29,20.356,20.356,20.184,20.184,20.309,835050.0,39488476000.0,0.0,0.0,0.0,0.0,0.0
VIC,2014-12-19,15:12:03,HOSE,STOCK,47.1,50.0,43.8,46.8,47.6,46.6,47.0,46.99,20.099,20.443,20.013,20.184,20.18,3336130.0,156779959000.0,0.0,0.0,-0.1,-0.0429,-0.2123
VIC,2014-12-18,15:12:42,HOSE,STOCK,45.0,50.0,43.9,45.7,47.2,45.1,47.1,46.05,19.626,20.27,19.368,20.228,19.777,1089700.0,50183513000.0,0.0,0.0,2.1,0.9019,4.6667
VIC,2014-12-17,15:12:13,HOSE,STOCK,47.0,48.1,41.9,47.0,47.2,44.0,45.0,45.72,20.184,20.27,18.897,19.325,19.635,2256690.0,103183616000.0,0.0,0.0,-2.0,-0.8589,-4.2553
VIC,2014-12-16,15:12:13,HOSE,STOCK,48.1,50.0,43.8,48.0,48.0,46.9,47.0,47.36,20.614,20.614,20.141,20.184,20.34,1232870.0,58387265000.0,0.0,0.0,-1.1,-0.4724,-2.2869
VIC,2014-12-15,15:12:09,HOSE,STOCK,48.2,51.0,44.8,48.2,48.3,48.0,48.1,48.13,20.7,20.743,20.614,20.657,20.67,412390.0,19847499000.0,0.0,0.0,-0.1,-0.0429,-0.2075
VIC,2014-12-12,15:12:47,HOSE,STOCK,48.2,51.5,44.9,48.1,48.5,48.1,48.2,48.2,20.657,20.829,20.657,20.7,20.7,672740.0,32423987000.0,0.0,0.0,0.0,0.0,0.0
VIC,2014-12-11,15:12:10,HOSE,STOCK,48.7,51.5,44.9,48.0,49.0,48.0,48.2,48.56,20.614,21.044,20.614,20.7,20.855,1202410.0,58384017000.0,0.0,0.0,-0.5,-0.2147,-1.0267
VIC,2014-12-10,15:12:10,HOSE,STOCK,47.8,52.0,45.3,47.5,48.9,47.5,48.7,48.29,20.399,21.001,20.399,20.915,20.739,765320.0,36956374000.0,0.0,0.0,0.9,0.3865,1.8828
VIC,2014-12-09,15:12:14,HOSE,STOCK,48.9,51.0,44.5,48.7,48.8,47.4,47.8,48.1,20.915,20.957,20.356,20.528,20.657,1396920.0,67185092000.0,0.0,0.0,-1.1,-0.4724,-2.2495
VIC,2014-12-08,15:12:13,HOSE,STOCK,48.7,52.0,45.5,48.8,49.1,48.4,48.9,48.8,20.957,21.086,20.785,21.001,20.957,985520.0,48090333000.0,0.0,0.0,0.2,0.0859,0.4107
VIC,2014-12-05,15:12:11,HOSE,STOCK,48.4,52.0,45.3,48.4,48.9,48.4,48.7,48.71,20.785,21.001,20.785,20.915,20.919,890450.0,43372183000.0,0.0,0.0,0.3,0.1288,0.6198
VIC,2014-12-04,15:12:17,HOSE,STOCK,48.3,51.5,45.1,48.4,48.7,48.3,48.4,48.51,20.785,20.915,20.743,20.785,20.833,516730.0,25064562000.0,0.0,0.0,0.1,0.0429,0.207
VIC,2014-12-03,15:12:11,HOSE,STOCK,48.5,51.5,45.0,48.5,48.6,48.2,48.3,48.34,20.829,20.872,20.7,20.743,20.76,1457650.0,70468261000.0,0.0,0.0,-0.2,-0.0859,-0.4124
VIC,2014-12-02,15:12:11,HOSE,STOCK,48.6,51.5,45.2,48.9,48.9,48.5,48.5,48.67,21.001,21.001,20.829,20.829,20.902,868170.0,42253933000.0,0.0,0.0,-0.1,-0.0429,-0.2058
VIC,2014-12-01,15:12:13,HOSE,STOCK,48.3,52.0,45.2,48.3,49.0,48.3,48.6,48.65,20.743,21.044,20.743,20.872,20.893,403800.0,19645713000.0,0.0,0.0,0.3,0.1288,0.6211
VIC,2014-11-28,15:11:10,HOSE,STOCK,48.2,51.5,45.0,48.5,49.1,48.3,48.3,48.84,20.829,21.086,20.743,20.743,20.975,1001310.0,48904739000.0,0.0,0.0,0.1,0.0429,0.2075
VIC,2014-11-27,15:11:10,HOSE,STOCK,48.4,51.5,44.9,48.5,48.5,48.0,48.2,48.23,20.829,20.829,20.614,20.7,20.713,360070.0,17365348000.0,0.0,0.0,-0.2,-0.0859,-0.4132
VIC,2014-11-26,15:11:11,HOSE,STOCK,49.3,51.5,45.1,49.5,49.5,48.4,48.4,48.95,21.259,21.259,20.785,20.785,21.022,1543650.0,75556924000.0,0.0,0.0,-0.9,-0.3865,-1.8256
VIC,2014-11-25,15:11:13,HOSE,STOCK,48.0,52.5,45.9,48.3,49.3,48.2,49.3,48.86,20.743,21.173,20.7,21.173,20.984,1661680.0,81196753000.0,0.0,0.0,1.3,0.5583,2.7083
VIC,2014-11-24,15:11:13,HOSE,STOCK,48.0,51.0,44.7,48.0,48.6,47.5,48.0,47.99,20.614,20.872,20.399,20.614,20.61,781250.0,37489845000.0,0.0,0.0,0.0,0.0,0.0
VIC,2014-11-21,15:11:13,HOSE,STOCK,48.2,51.0,44.7,48.2,48.4,47.9,48.0,48.06,20.7,20.785,20.572,20.614,20.64,948120.0,45565395000.0,0.0,0.0,-0.2,-0.0859,-0.4149
VIC,2014-11-20,15:11:16,HOSE,STOCK,48.4,51.5,44.9,48.5,48.8,48.2,48.2,48.34,20.829,20.957,20.7,20.7,20.76,835340.0,40380543000.0,0.0,0.0,-0.2,-0.0859,-0.4132
VIC,2014-11-19,15:11:13,HOSE,STOCK,48.5,51.5,45.1,48.3,48.6,48.2,48.4,48.41,20.743,20.872,20.7,20.785,20.79,884820.0,42830609000.0,0.0,0.0,-0.1,-0.0429,-0.2062
VIC,2014-11-18,15:11:12,HOSE,STOCK,49.6,51.5,45.2,49.3,49.4,48.5,48.5,48.88,21.173,21.215,20.829,20.829,20.993,1353050.0,66139241000.0,0.0,0.0,-1.1,-0.4724,-2.2177
VIC,2014-11-17,15:11:14,HOSE,STOCK,49.4,53.0,46.2,49.5,49.9,49.4,49.6,49.75,21.259,21.43,21.215,21.301,21.365,1164180.0,57921880000.0,0.0,0.0,0.2,0.0859,0.4049
VIC,2014-11-14,15:11:13,HOSE,STOCK,48.8,52.5,46.0,48.8,49.5,48.5,49.4,49.06,20.957,21.259,20.829,21.215,21.068,2765430.0,135683012000.0,0.0,0.0,0.6,0.2577,1.2295
VIC,2014-11-13,15:11:12,HOSE,STOCK,48.8,52.0,45.4,48.8,49.1,48.6,48.8,48.83,20.957,21.086,20.872,20.957,20.971,934660.0,45636038000.0,0.0,0.0,0.0,0.0,0.0
VIC,2014-11-12,15:11:12,HOSE,STOCK,48.6,52.0,45.4,48.6,49.0,48.6,48.8,48.83,20.872,21.044,20.872,20.957,20.971,1106560.0,54031141000.0,0.0,0.0,0.2,0.0859,0.4115
VIC,2014-11-11,15:11:10,HOSE,STOCK,48.7,52.0,45.2,48.7,48.8,48.4,48.6,48.6,20.915,20.957,20.785,20.872,20.872,761240.0,36999539000.0,0.0,0.0,-0.1,-0.0429,-0.2053
VIC,2014-11-10,15:11:14,HOSE,STOCK,48.3,52.0,45.3,48.3,49.2,48.3,48.7,48.78,20.743,21.129,20.743,20.915,20.949,1522760.0,74281377000.0,0.0,0.0,0.4,0.1718,0.8282
VIC,2014-11-07,15:11:13,HOSE,STOCK,48.1,51.5,45.0,48.1,48.3,47.9,48.3,48.15,20.657,20.743,20.572,20.743,20.679,567090.0,27305585000.0,0.0,0.0,0.2,0.0859,0.4158
VIC,2014-11-06,15:11:05,HOSE,STOCK,48.5,51.5,45.2,48.6,48.6,48.0,48.1,48.18,20.872,20.872,20.614,20.657,20.692,747280.0,36007144000.0,0.0,0.0,-0.4,-0.1718,-0.8247
VIC,2014-11-05,15:11:12,HOSE,STOCK,48.5,51.5,45.2,48.5,48.7,47.9,48.5,48.84,20.829,20.915,20.572,20.829,20.975,751310.0,36225323000.0,0.0,0.0,0.0,0.0,0.0
VIC,2014-11-04,15:11:07,HOSE,STOCK,49.2,51.5,45.2,48.8,49.2,48.4,48.5,48.84,20.957,21.129,20.785,20.829,20.975,1086740.0,53072229000.0,0.0,0.0,-0.7,-0.3006,-1.4228
VIC,2014-11-03,15:11:07,HOSE,STOCK,48.0,52.5,45.8,48.5,49.4,48.4,49.2,48.98,20.829,21.215,20.785,21.129,21.035,2671730.0,130854471000.0,0.0,0.0,1.2,0.5153,2.5
VIC,2014-10-31,15:10:07,HOSE,STOCK,47.6,51.0,44.7,47.6,48.0,47.1,48.0,47.58,20.443,20.614,20.228,20.614,20.434,970860.0,46193362000.0,0.0,0.0,0.4,0.1718,0.8403
VIC,2014-10-30,15:10:06,HOSE,STOCK,47.7,50.5,44.3,47.8,48.0,47.5,47.6,47.7,20.528,20.614,20.399,20.443,20.485,772160.0,36834626000.0,0.0,0.0,-0.1,-0.0429,-0.2096
VIC,2014-10-29,15:10:09,HOSE,STOCK,46.8,51.0,44.4,47.2,47.7,46.9,47.7,47.39,20.27,20.485,20.141,20.485,20.353,1124220.0,53271544000.0,0.0,0.0,0.9,0.3865,1.9231
VIC,2014-10-28,15:10:07,HOSE,STOCK,46.9,50.0,43.6,46.8,47.2,46.7,46.8,46.92,20.099,20.27,20.056,20.099,20.15,912980.0,42841296000.0,0.0,0.0,-0.1,-0.0429,-0.2132
VIC,2014-10-27,15:10:08,HOSE,STOCK,47.7,50.0,43.7,47.3,47.8,46.7,46.9,47.18,20.314,20.528,20.056,20.141,20.262,1231950.0,58121700000.0,0.0,0.0,-0.8,-0.3436,-1.6771
VIC,2014-10-24,15:10:07,HOSE,STOCK,47.3,51.0,44.4,47.3,47.9,47.1,47.7,47.47,20.314,20.572,20.228,20.485,20.387,740530.0,35151639000.0,0.0,0.0,0.4,0.1718,0.8457
VIC,2014-10-23,15:10:07,HOSE,STOCK,48.0,50.5,44.0,47.7,48.2,47.3,47.3,47.64,20.485,20.7,20.314,20.314,20.46,1575350.0,75045677000.0,0.0,0.0,-0.7,-0.3006,-1.4583
VIC,2014-10-22,15:10:13,HOSE,STOCK,48.9,51.0,44.7,49.0,49.4,48.0,48.0,48.46,21.044,21.215,20.614,20.614,20.812,2071480.0,100383685000.0,0.0,0.0,-0.9,-0.3865,-1.8405
VIC,2014-10-21,15:10:07,HOSE,STOCK,47.0,52.0,45.5,47.3,48.9,47.2,48.9,48.27,20.314,21.001,20.27,21.001,20.73,2846410.0,137401594000.0,0.0,0.0,1.9,0.816,4.0426
VIC,2014-10-20,15:10:11,HOSE,STOCK,46.3,49.5,43.1,46.5,48.0,46.4,47.0,47.03,19.97,20.614,19.927,20.184,20.196,1219710.0,57366389000.0,0.0,0.0,0.7,0.3006,1.5119
VIC,2014-10-17,15:10:07,HOSE,STOCK,46.5,49.5,43.1,46.2,46.9,45.7,46.3,46.24,19.841,20.141,19.626,19.884,19.858,2491500.0,115205079000.0,0.0,0.0,-0.2,-0.0859,-0.4301
VIC,2014-10-16,15:10:08,HOSE,STOCK,47.7,49.7,43.3,47.4,47.7,46.0,46.5,46.73,20.356,20.485,19.756,19.97,20.069,2950030.0,137859187000.0,0.0,0.0,-1.2,-0.5154,-2.5157
VIC,2014-10-15,15:10:07,HOSE,STOCK,48.1,51.0,44.4,48.0,48.1,47.3,47.7,47.72,20.614,20.657,20.314,20.485,20.493,1838510.0,87726971000.0,0.0,0.0,-0.4,-0.1718,-0.8316
VIC,2014-10-14,16:10:06,HOSE,STOCK,48.8,51.0,44.8,48.8,49.0,48.1,48.1,48.55,20.957,21.044,20.657,20.657,20.851,2095390.0,101727961000.0,0.0,0.0,-0.7,-0.3006,-1.4344
VIC,2014-10-13,15:10:07,HOSE,STOCK,48.6,52.0,45.4,48.6,49.4,48.6,48.8,48.82,20.872,21.215,20.872,20.957,20.966,1207120.0,58935579000.0,0.0,0.0,0.2,0.0859,0.4115
VIC,2014-10-10,15:10:59,HOSE,STOCK,48.9,52.0,45.2,48.7,49.7,48.4,48.6,48.95,20.915,21.344,20.785,20.872,21.022,1715080.0,83960432000.0,0.0,0.0,-0.3,-0.1288,-0.6135
VIC,2014-10-09,15:10:15,HOSE,STOCK,49.9,52.0,45.5,50.0,50.5,48.8,48.9,50.17,21.473,21.688,20.957,21.001,21.546,3946480.0,194136137000.0,0.0,0.0,-1.0,-0.4295,-2.004
VIC,2014-10-08,15:10:16,HOSE,STOCK,50.5,54.0,47.0,50.0,51.0,49.9,49.9,50.17,21.473,21.902,21.43,21.43,21.546,1628530.0,81702224000.0,0.0,0.0,-0.6,-0.2577,-1.1881
VIC,2014-10-07,15:10:10,HOSE,STOCK,51.0,54.5,47.5,51.5,51.5,50.5,50.5,50.6,22.117,22.117,21.688,21.688,21.731,1531200.0,77483240000.0,0.0,0.0,-0.5,-0.2147,-0.9804
VIC,2014-10-06,15:10:13,HOSE,STOCK,50.0,54.5,47.5,51.0,52.0,50.5,51.0,51.14,21.902,22.332,21.688,21.902,21.963,1352160.0,69148110000.0,0.0,0.0,1.0,0.4295,2.0
VIC,2014-10-03,15:10:11,HOSE,STOCK,49.0,52.0,45.6,48.6,51.5,48.3,50.0,49.66,20.872,22.117,20.743,21.473,21.327,4304000.0,213753874000.0,0.0,0.0,1.0,0.4295,2.0408
VIC,2014-10-02,15:10:11,HOSE,STOCK,49.5,52.5,46.1,49.5,49.5,48.6,49.0,49.04,21.259,21.259,20.872,21.044,21.06,2455680.0,120424481000.0,0.0,0.0,-0.5,-0.2147,-1.0101
VIC,2014-10-01,15:10:11,HOSE,STOCK,48.0,51.0,44.7,48.0,49.5,48.0,49.5,48.98,20.614,21.259,20.614,21.259,21.035,1688520.0,82703427000.0,0.0,0.0,1.5,0.6442,3.125
VIC,2014-09-30,15:09:12,HOSE,STOCK,48.5,51.5,45.2,47.6,48.6,45.8,48.0,46.78,20.443,20.872,19.669,20.614,20.091,4871710.0,227907158000.0,0.0,0.0,-0.5,-0.2147,-1.0309
VIC,2014-09-29,15:09:14,HOSE,STOCK,51.5,55.0,47.9,51.0,51.0,48.2,48.5,49.22,21.902,21.902,20.7,20.829,21.138,2850510.0,140293900000.0,0.0,0.0,-3.0,-1.2884,-5.8252
VIC,2014-09-26,15:09:15,HOSE,STOCK,52.0,55.5,48.4,51.5,53.0,51.5,51.5,52.01,22.117,22.762,22.117,22.117,22.336,2115680.0,110045535000.0,0.0,0.0,-0.5,-0.2147,-0.9615
VIC,2014-09-25,15:09:12,HOSE,STOCK,55.5,59.0,52.0,54.0,54.0,52.0,52.0,52.53,23.19,23.19,22.332,22.332,22.559,7753290.0,407292855000.0,0.0,0.0,-3.5,-1.5031,-6.3063
VIC,2014-09-24,15:09:11,HOSE,STOCK,56.0,59.5,52.5,56.0,56.0,55.0,55.5,55.56,24.05,24.05,23.621,23.835,23.86,1182150.0,65680170000.0,0.0,0.0,-0.5,-0.2147,-0.8929
VIC,2014-09-23,15:09:11,HOSE,STOCK,54.5,58.0,51.0,54.5,56.0,54.5,56.0,55.22,23.405,24.05,23.405,24.05,23.715,1498020.0,82718165000.0,0.0,0.0,1.5,0.6442,2.7523
VIC,2014-09-22,15:09:10,HOSE,STOCK,54.5,58.0,51.0,55.0,55.5,54.5,54.5,54.88,23.621,23.835,23.405,23.405,23.569,750170.0,41165800000.0,0.0,0.0,0.0,0.0,0.0
VIC,2014-09-19,15:09:37,HOSE,STOCK,54.5,58.0,51.0,54.0,55.5,53.5,54.5,54.45,23.19,23.835,22.976,23.405,23.384,3504070.0,190805770000.0,0.0,0.0,0.0,0.0,0.0
VIC,2014-09-18,15:09:21,HOSE,STOCK,54.5,58.0,51.0,54.5,54.5,53.5,54.5,53.86,23.405,23.405,22.976,23.405,23.131,1683380.0,90671945000.0,0.0,0.0,0.0,0.0,0.0
VIC,2014-09-17,15:09:16,HOSE,STOCK,54.5,58.0,51.0,55.0,55.0,53.5,54.5,54.05,23.621,23.621,22.976,23.405,23.212,1987090.0,107403535000.0,0.0,0.0,0.0,0.0,0.0
VIC,2014-09-16,15:09:09,HOSE,STOCK,54.5,58.0,51.0,54.5,54.5,53.0,54.5,53.84,23.405,23.405,22.762,23.405,23.122,2744360.0,147754965000.0,0.0,0.0,0.0,0.0,0.0
VIC,2014-09-15,15:09:12,HOSE,STOCK,55.5,59.0,52.0,55.5,56.0,54.5,54.5,54.9,23.835,24.05,23.405,23.405,23.577,1576130.0,86523765000.0,0.0,0.0,-1.0,-0.4294,-1.8018
VIC,2014-09-12,15:09:12,HOSE,STOCK,54.5,59.0,52.0,55.0,56.0,55.0,55.5,55.26,23.621,24.05,23.621,23.835,23.732,1671630.0,92381260000.0,0.0,0.0,1.0,0.4295,1.8349
VIC,2014-09-11,15:09:15,HOSE,STOCK,55.0,58.5,51.5,55.0,56.0,54.5,54.5,54.59,23.621,24.05,23.405,23.405,23.444,2160590.0,117938345000.0,0.0,0.0,-0.5,-0.2147,-0.9091
VIC,2014-09-10,15:09:14,HOSE,STOCK,55.5,58.5,51.5,55.0,56.0,54.0,55.0,54.96,23.621,24.05,23.19,23.621,23.604,3656420.0,200943920000.0,0.0,0.0,-0.5,-0.2147,-0.9009
VIC,2014-09-09,15:09:10,HOSE,STOCK,56.5,60.0,53.0,56.5,56.5,54.5,55.5,55.6,24.265,24.265,23.405,23.835,23.878,1881730.0,104630150000.0,0.0,0.0,-1.0,-0.4295,-1.7699
VIC,2014-09-08,15:09:10,HOSE,STOCK,55.5,59.0,52.0,56.0,57.5,56.0,56.5,56.32,24.05,24.694,24.05,24.265,24.188,1466720.0,82604320000.0,0.0,0.0,1.0,0.4295,1.8018
VIC,2014-09-05,15:09:13,HOSE,STOCK,57.5,59.0,52.0,57.0,57.5,55.5,55.5,56.27,24.48,24.694,23.835,23.835,24.166,5229900.0,294275315000.0,0.0,0.0,-2.0,-0.8589,-3.4783
VIC,2014-09-04,15:09:15,HOSE,STOCK,58.0,61.5,53.5,57.5,58.0,57.0,57.5,57.51,24.694,24.908,24.48,24.694,24.699,2269860.0,130529485000.0,0.0,0.0,-0.5,-0.2147,-0.8621
VIC,2014-09-03,15:09:10,HOSE,STOCK,58.5,62.5,54.5,58.5,59.0,57.5,58.0,58.23,25.124,25.338,24.694,24.908,25.007,3399560.0,197965415000.0,0.0,0.0,-0.5,-0.2147,-0.8547
VIC,2014-08-29,15:08:15,HOSE,STOCK,58.5,62.5,54.5,57.0,59.5,55.5,58.5,56.86,24.48,25.553,23.835,25.124,24.419,3117820.0,177290235000.0,0.0,0.0,0.0,0.0,0.0
VIC,2014-08-28,15:08:10,HOSE,STOCK,57.5,61.5,53.5,57.5,57.5,55.5,56.0,56.6,24.694,24.694,23.835,24.05,24.308,3366640.0,190545440000.0,0.0,0.0,-1.5,-0.6442,-2.6087
VIC,2014-08-27,15:08:10,HOSE,STOCK,57.5,61.5,53.5,59.0,60.0,57.5,57.5,58.52,25.338,25.767,24.694,24.694,25.132,3137220.0,183586195000.0,0.0,0.0,0.0,0.0,0.0
VIC,2014-08-26,15:08:10,HOSE,STOCK,80.5,61.5,53.5,57.5,57.5,57.0,57.5,57.5,24.694,24.694,24.48,24.694,24.694,717890.0,41278410000.0,0.0,0.0,-23.0,-9.8776,-28.5714
VIC,2014-08-25,15:08:11,HOSE,STOCK,79.0,57.5,50.5,80.0,81.0,79.5,80.5,80.15,23.09,23.378,22.945,23.233,23.133,1655160.0,132653475000.0,0.0,0.0,1.5,0.4329,1.8987
VIC,2014-08-22,15:08:10,HOSE,STOCK,77.5,84.5,73.5,77.5,80.0,77.5,79.0,79.09,22.368,23.09,22.368,22.801,22.827,1635580.0,129355510000.0,0.0,0.0,1.5,0.4329,1.9355
VIC,2014-08-21,15:08:12,HOSE,STOCK,77.0,82.5,72.5,77.5,78.0,76.0,77.5,77.25,22.368,22.512,21.936,22.368,22.296,1112210.0,85922260000.0,0.0,0.0,0.5,0.1443,0.6494
VIC,2014-08-20,15:08:09,HOSE,STOCK,78.0,82.0,72.0,78.0,78.5,77.0,77.0,77.6,22.512,22.656,22.224,22.224,22.397,770600.0,59800035000.0,0.0,0.0,-1.0,-0.2886,-1.2821
VIC,2014-08-19,15:08:16,HOSE,STOCK,78.0,83.0,73.0,78.5,79.0,77.5,78.0,78.14,22.656,22.801,22.368,22.512,22.553,704120.0,55020660000.0,0.0,0.0,0.0,0.0,0.0
VIC,2014-08-18,15:08:11,HOSE,STOCK,77.5,83.0,73.0,78.0,79.0,77.5,78.0,78.06,22.512,22.801,22.368,22.512,22.53,615090.0,48016850000.0,0.0,0.0,0.5,0.1443,0.6452
VIC,2014-08-15,15:08:18,HOSE,STOCK,78.5,82.5,72.5,79.0,79.5,77.5,77.5,78.37,22.801,22.945,22.368,22.368,22.62,2248120.0,176182390000.0,0.0,0.0,-1.0,-0.2886,-1.2739
VIC,2014-08-14,15:08:06,HOSE,STOCK,78.0,83.5,73.5,78.5,79.0,77.0,78.5,78.12,22.656,22.801,22.224,22.656,22.547,1829170.0,142893815000.0,0.0,0.0,0.5,0.1443,0.641
VIC,2014-08-13,15:08:06,HOSE,STOCK,78.5,83.0,73.0,77.5,78.5,77.0,78.0,77.66,22.368,22.656,22.224,22.512,22.414,1657240.0,128694950000.0,0.0,0.0,-0.5,-0.1443,-0.6369
VIC,2014-08-12,16:08:41,HOSE,STOCK,76.0,83.5,73.5,76.0,78.5,76.0,78.5,77.58,21.936,22.656,21.936,22.656,22.391,1732400.0,134404315000.0,0.0,0.0,2.5,0.7215,3.2895
VIC,2014-08-11,16:08:54,HOSE,STOCK,76.0,81.0,71.0,75.5,76.0,75.0,76.0,75.15,21.79,21.936,21.646,21.936,21.691,624140.0,46903505000.0,0.0,0.0,0.0,0.0,0.0
VIC,2014-08-08,15:08:09,HOSE,STOCK,77.0,81.0,71.0,76.0,77.0,75.5,76.0,75.97,21.936,22.224,21.79,21.936,21.927,871560.0,66214130000.0,0.0,0.0,-1.0,-0.2886,-1.2987
VIC,2014-08-07,15:08:14,HOSE,STOCK,77.5,82.0,72.0,76.5,77.5,76.5,77.0,76.84,22.08,22.368,22.08,22.224,22.178,629310.0,48356720000.0,0.0,0.0,-0.5,-0.1443,-0.6452
VIC,2014-08-06,15:08:11,HOSE,STOCK,77.0,82.5,72.5,75.5,78.5,74.5,77.5,76.54,21.79,22.656,21.502,22.368,22.091,1804610.0,138120940000.0,0.0,0.0,0.5,0.1443,0.6494
VIC,2014-08-05,15:08:10,HOSE,STOCK,78.0,80.0,70.0,78.0,78.0,76.5,77.0,76.94,21.884,21.884,21.463,21.604,21.588,1891980.0,145566025000.0,0.0,0.0,-1.0,-0.2806,-1.2821
VIC,2014-08-04,15:08:10,HOSE,STOCK,75.5,83.0,73.0,75.5,78.5,75.5,78.0,77.46,21.183,22.024,21.183,21.884,21.732,979240.0,75854235000.0,0.0,0.0,2.5,0.7014,3.3113
VIC,2014-08-01,15:08:59,HOSE,STOCK,74.0,80.5,70.5,74.0,76.0,73.5,75.5,75.2,20.762,21.323,20.621,21.183,21.099,638690.0,48029545000.0,0.0,0.0,1.5,0.4209,2.027
VIC,2014-07-31,15:07:13,HOSE,STOCK,73.0,79.0,69.0,73.0,74.5,72.5,74.0,73.58,20.481,20.902,20.34,20.762,20.644,803780.0,59139695000.0,0.0,0.0,1.0,0.2806,1.3699
VIC,2014-07-30,15:07:10,HOSE,STOCK,73.0,78.0,68.0,73.0,73.5,72.5,73.0,72.93,20.481,20.621,20.34,20.481,20.461,331720.0,24191790000.0,0.0,0.0,0.0,0.0,0.0
VIC,2014-07-29,15:07:08,HOSE,STOCK,72.0,78.0,68.0,73.0,73.0,71.5,73.0,72.49,20.481,20.481,20.06,20.481,20.338,397580.0,28821260000.0,0.0,0.0,1.0,0.2806,1.3889
VIC,2014-07-28,15:07:09,HOSE,STOCK,73.0,77.0,67.0,73.0,73.0,72.0,72.0,72.39,20.481,20.481,20.201,20.201,20.311,509880.0,36908685000.0,0.0,0.0,-1.0,-0.2806,-1.3699
VIC,2014-07-25,15:07:33,HOSE,STOCK,70.5,78.0,68.0,71.0,74.0,70.5,73.0,72.25,19.92,20.762,19.78,20.481,20.271,1328790.0,96007235000.0,0.0,0.0,2.5,0.7014,3.5461
VIC,2014-07-24,15:07:07,HOSE,STOCK,70.0,75.0,66.0,70.0,71.0,69.5,70.5,70.25,19.639,19.92,19.499,19.78,19.71,730540.0,51317075000.0,0.0,0.0,0.5,0.1403,0.7143
VIC,2014-07-23,15:07:06,HOSE,STOCK,70.0,74.5,65.5,70.5,70.5,70.0,70.0,70.08,19.78,19.78,19.639,19.639,19.662,149720.0,10492355000.0,0.0,0.0,0.0,0.0,0.0
VIC,2014-07-22,15:07:09,HOSE,STOCK,70.5,74.5,65.5,70.5,71.0,70.0,70.0,70.39,19.78,19.92,19.639,19.639,19.749,218190.0,15357715000.0,0.0,0.0,-0.5,-0.1403,-0.7092
VIC,2014-07-21,15:07:10,HOSE,STOCK,70.0,75.0,66.0,71.0,72.0,70.0,70.5,70.77,19.92,20.201,19.639,19.78,19.856,756480.0,53534270000.0,0.0,0.0,0.5,0.1403,0.7143
VIC,2014-07-18,15:07:10,HOSE,STOCK,69.0,74.5,65.5,69.0,71.0,69.0,70.0,69.66,19.359,19.92,19.359,19.639,19.544,781080.0,54410175000.0,0.0,0.0,1.0,0.2806,1.4493
VIC,2014-07-17,15:07:06,HOSE,STOCK,70.0,73.5,64.5,70.0,70.0,69.0,69.0,69.3,19.639,19.639,19.359,19.359,19.444,256930.0,17806110000.0,0.0,0.0,-1.0,-0.2806,-1.4286
VIC,2014-07-16,15:07:08,HOSE,STOCK,70.0,74.5,65.5,70.5,70.5,69.5,70.0,70.1,19.78,19.78,19.499,19.639,19.668,405580.0,28431295000.0,0.0,0.0,0.0,0.0,0.0
VIC,2014-07-15,15:07:06,HOSE,STOCK,69.5,74.5,65.5,69.5,70.5,69.5,70.0,70.0,19.499,19.78,19.499,19.639,19.639,323760.0,22662035000.0,0.0,0.0,0.5,0.1403,0.7194
VIC,2014-07-14,15:07:09,HOSE,STOCK,69.5,74.0,65.0,70.0,70.5,69.0,69.5,69.5,19.639,19.78,19.359,19.499,19.499,274390.0,19070680000.0,0.0,0.0,0.0,0.0,0.0
VIC,2014-07-11,15:07:06,HOSE,STOCK,69.5,74.0,65.0,69.0,70.0,69.0,69.5,69.556,19.359,19.639,19.359,19.499,19.516,446060.0,31026000000.0,0.0,0.0,0.0,0.0,0.0
VIC,2014-07-10,15:07:11,HOSE,STOCK,71.0,74.0,65.0,71.0,71.0,69.0,69.5,70.05,19.92,19.92,19.359,19.499,19.653,289160.0,20256970000.0,0.0,0.0,-1.5,-0.4208,-2.1127
VIC,2014-07-09,15:07:11,HOSE,STOCK,71.5,75.5,66.5,71.5,72.0,71.0,71.0,71.28,20.06,20.201,19.92,19.92,19.998,307680.0,21932525000.0,0.0,0.0,-0.5,-0.1403,-0.6993
VIC,2014-07-08,15:07:09,HOSE,STOCK,71.0,76.5,66.5,75.0,75.0,71.0,71.5,72.77,21.043,21.043,19.92,20.06,20.417,1315750.0,95748355000.0,0.0,0.0,0.5,0.1403,0.7042
VIC,2014-07-07,15:07:08,HOSE,STOCK,66.5,75.5,66.5,71.0,71.0,71.0,71.0,71.0,19.92,19.92,19.92,19.92,19.92,662250.0,47019750000.0,0.0,0.0,4.5,1.2625,6.7669
VIC,2014-07-04,15:07:09,HOSE,STOCK,65.5,71.0,62.0,65.5,66.5,65.0,66.5,66.06,18.377,18.658,18.237,18.658,18.534,271870.0,17960345000.0,0.0,0.0,1.0,0.2806,1.5267
VIC,2014-07-03,15:07:12,HOSE,STOCK,64.5,70.0,61.0,65.0,65.5,64.5,65.5,65.06,18.237,18.377,18.097,18.377,18.254,198570.0,12919260000.0,0.0,0.0,1.0,0.2806,1.5504
VIC,2014-07-02,15:07:14,HOSE,STOCK,64.5,69.0,60.0,64.5,65.0,64.0,64.5,64.5,18.097,18.237,17.956,18.097,18.097,47370.0,3055405000.0,0.0,0.0,0.0,0.0,0.0
VIC,2014-07-01,15:07:10,HOSE,STOCK,64.0,69.0,60.0,64.0,65.0,64.0,64.5,64.43,17.956,18.237,17.956,18.097,18.076,183330.0,11811810000.0,0.0,0.0,0.5,0.1403,0.7813
VIC,2014-06-30,15:06:11,HOSE,STOCK,63.5,68.0,60.0,63.5,64.0,63.0,64.0,63.8,17.816,17.956,17.676,17.956,17.9,213360.0,13613215000.0,0.0,0.0,0.5,0.1403,0.7874
VIC,2014-06-27,15:06:10,HOSE,STOCK,64.5,67.5,59.5,64.5,64.5,63.5,63.5,64.06,18.097,18.097,17.816,17.816,17.973,75660.0,4847095000.0,0.0,0.0,-1.0,-0.2806,-1.5504
VIC,2014-06-26,15:06:12,HOSE,STOCK,64.5,69.0,60.0,64.5,65.0,64.0,64.5,64.55,18.097,18.237,17.956,18.097,18.11,165720.0,10696830000.0,0.0,0.0,0.0,0.0,0.0
VIC,2014-06-25,15:06:09,HOSE,STOCK,63.5,69.0,60.0,63.5,64.5,63.5,64.5,64.131,17.816,18.097,17.816,18.097,17.992,277900.0,17822000000.0,0.0,0.0,1.0,0.2806,1.5748
VIC,2014-06-24,15:06:10,HOSE,STOCK,63.5,67.5,59.5,63.5,64.0,63.0,63.5,63.51,17.816,17.956,17.676,17.816,17.819,289340.0,18374960000.0,0.0,0.0,0.0,0.0,0.0
VIC,2014-06-23,15:06:13,HOSE,STOCK,62.5,67.5,59.5,63.5,64.0,63.0,63.5,63.6,17.816,17.956,17.676,17.816,17.844,289800.0,18431135000.0,0.0,0.0,1.0,0.2806,1.6
VIC,2014-06-20,15:06:09,HOSE,STOCK,63.5,66.5,58.5,64.0,65.0,62.5,62.5,62.73,17.956,18.237,17.535,17.535,17.6,1200250.0,75288370000.0,0.0,0.0,-1.0,-0.2806,-1.5748
VIC,2014-06-19,15:06:11,HOSE,STOCK,65.0,67.5,59.5,64.5,64.5,63.5,63.5,63.87,18.097,18.097,17.816,17.816,17.919,224650.0,14349115000.0,0.0,0.0,-1.5,-0.4209,-2.3077
VIC,2014-06-18,15:06:46,HOSE,STOCK,64.5,69.5,60.5,64.5,65.0,64.0,65.0,64.67,18.097,18.237,17.956,18.237,18.144,195090.0,12616795000.0,0.0,0.0,0.5,0.1403,0.7752
VIC,2014-06-17,15:06:53,HOSE,STOCK,65.0,69.0,60.0,64.5,65.0,64.0,64.5,64.54,18.097,18.237,17.956,18.097,18.108,137500.0,8874210000.0,0.0,0.0,-0.5,-0.1403,-0.7692
VIC,2014-06-16,15:06:06,HOSE,STOCK,64.5,69.5,60.5,64.5,65.0,64.5,65.0,64.89,18.097,18.237,18.097,18.237,18.206,128740.0,8353350000.0,0.0,0.0,0.5,0.1403,0.7752
VIC,2014-06-13,15:06:06,HOSE,STOCK,65.0,69.0,60.0,65.0,65.5,64.5,64.5,64.87,18.237,18.377,18.097,18.097,18.2,154110.0,9996750000.0,0.0,0.0,-0.5,-0.1403,-0.7692
VIC,2014-06-12,15:06:06,HOSE,STOCK,65.5,69.5,60.5,65.5,66.0,65.0,65.0,65.35,18.377,18.517,18.237,18.237,18.335,158980.0,10390040000.0,0.0,0.0,-0.5,-0.1403,-0.7634
VIC,2014-06-11,15:06:07,HOSE,STOCK,65.5,70.0,61.0,65.5,66.0,65.5,65.5,65.52,18.377,18.517,18.377,18.377,18.382,87450.0,5729715000.0,0.0,0.0,0.0,0.0,0.0
VIC,2014-06-10,15:06:10,HOSE,STOCK,66.0,70.0,61.0,66.0,66.0,65.0,65.5,65.53,18.517,18.517,18.237,18.377,18.385,178030.0,11665750000.0,0.0,0.0,-0.5,-0.1403,-0.7576
VIC,2014-06-09,15:06:06,HOSE,STOCK,65.0,70.5,61.5,65.5,66.0,65.0,66.0,65.49,18.377,18.517,18.237,18.517,18.374,112650.0,7377315000.0,0.0,0.0,1.0,0.2806,1.5385
VIC,2014-06-06,15:06:09,HOSE,STOCK,65.0,69.5,60.5,65.0,65.5,65.0,65.0,65.0,18.237,18.377,18.237,18.237,18.237,107290.0,6974370000.0,0.0,0.0,0.0,0.0,0.0
VIC,2014-06-05,15:06:09,HOSE,STOCK,64.5,69.5,60.5,64.5,65.5,63.5,65.0,64.68,18.097,18.377,17.816,18.237,18.147,94140.0,6088550000.0,0.0,0.0,0.5,0.1403,0.7752
VIC,2014-06-04,15:06:12,HOSE,STOCK,67.0,69.0,60.0,67.0,67.0,64.0,64.5,65.05,18.798,18.798,17.956,18.097,18.251,107760.0,7009300000.0,0.0,0.0,-2.5,-0.7014,-3.7313
VIC,2014-06-03,15:06:09,HOSE,STOCK,67.5,71.5,62.5,67.5,67.5,67.0,67.0,67.01,18.938,18.938,18.798,18.798,18.801,148340.0,9940105000.0,0.0,0.0,-0.5,-0.1403,-0.7407
VIC,2014-06-02,15:06:11,HOSE,STOCK,68.5,72.0,63.0,68.0,68.0,67.0,67.5,67.48,19.079,19.079,18.798,18.938,18.932,206710.0,13948230000.0,0.0,0.0,-1.0,-0.2806,-1.4599
VIC,2014-05-30,15:05:13,HOSE,STOCK,67.0,73.0,64.0,67.0,68.5,66.0,68.5,67.71,18.798,19.219,18.517,19.219,18.997,455870.0,30868380000.0,0.0,0.0,1.5,0.4209,2.2388
VIC,2014-05-29,15:05:54,HOSE,STOCK,66.5,71.5,62.5,66.5,67.5,66.5,67.0,66.89,18.658,18.938,18.658,18.798,18.767,227100.0,15191450000.0,0.0,0.0,0.5,0.1403,0.7519
VIC,2014-05-28,15:05:10,HOSE,STOCK,67.0,71.0,62.0,67.0,67.0,66.0,66.5,66.5,18.798,18.798,18.517,18.658,18.658,139920.0,9305300000.0,0.0,0.0,-0.5,-0.1403,-0.7463
VIC,2014-05-27,15:05:06,HOSE,STOCK,67.0,71.5,62.5,67.0,67.0,66.5,67.0,66.86,18.798,18.798,18.658,18.798,18.758,151300.0,10115425000.0,0.0,0.0,0.0,0.0,0.0
VIC,2014-05-26,15:05:10,HOSE,STOCK,66.5,71.5,62.5,66.5,67.5,66.0,67.0,67.1,18.658,18.938,18.517,18.798,18.826,336430.0,22573265000.0,0.0,0.0,0.5,0.1403,0.7519
VIC,2014-05-23,15:05:13,HOSE,STOCK,66.0,71.0,62.0,66.5,67.0,66.0,66.5,66.49,18.658,18.798,18.517,18.658,18.654,188440.0,12528765000.0,0.0,0.0,0.5,0.1403,0.7576
VIC,2014-05-22,15:05:10,HOSE,STOCK,67.0,70.5,61.5,67.0,67.5,66.0,66.0,67.03,18.798,18.938,18.517,18.517,18.806,283130.0,18976905000.0,0.0,0.0,-1.0,-0.2806,-1.4925
VIC,2014-05-21,15:05:11,HOSE,STOCK,66.5,71.5,62.5,67.0,67.5,66.0,67.0,66.78,18.798,18.938,18.517,18.798,18.736,510090.0,34062120000.0,0.0,0.0,0.5,0.1403,0.7519
VIC,2014-05-20,15:05:15,HOSE,STOCK,67.0,71.0,62.0,66.0,67.0,65.0,66.5,66.13,18.517,18.798,18.237,18.658,18.554,74920.0,4954385000.0,0.0,0.0,-0.5,-0.1403,-0.7463
VIC,2014-05-19,15:05:10,HOSE,STOCK,65.0,71.5,62.5,66.0,67.0,65.5,67.0,66.43,18.517,18.798,18.377,18.798,18.637,651700.0,43295405000.0,0.0,0.0,2.0,0.5611,3.0769
VIC,2014-05-16,16:05:00,HOSE,STOCK,64.5,69.5,60.5,63.5,65.5,63.5,65.0,64.72,17.816,18.377,17.816,18.237,18.157,138200.0,8944255000.0,0.0,0.0,0.5,0.1403,0.7752
VIC,2014-05-15,15:05:07,HOSE,STOCK,64.5,69.0,60.0,64.5,65.5,63.0,64.5,64.28,18.097,18.377,17.676,18.097,18.035,251360.0,16157110000.0,0.0,0.0,0.0,0.0,0.0
VIC,2014-05-14,15:05:14,HOSE,STOCK,62.5,69.0,60.0,62.0,65.0,62.0,64.5,63.56,17.395,18.237,17.395,18.097,17.833,360580.0,22917655000.0,0.0,0.0,2.0,0.5611,3.2
VIC,2014-05-13,15:05:12,HOSE,STOCK,62.5,66.5,58.5,62.5,62.5,61.0,62.5,61.63,17.535,17.535,17.115,17.535,17.291,193560.0,11929550000.0,0.0,0.0,0.0,0.0,0.0
VIC,2014-05-12,15:05:08,HOSE,STOCK,64.0,66.5,58.5,63.5,63.5,60.5,62.5,61.47,17.816,17.816,16.975,17.535,17.246,475820.0,29249140000.0,0.0,0.0,-1.5,-0.4208,-2.3438
VIC,2014-05-09,15:05:11,HOSE,STOCK,62.5,68.0,60.0,62.0,64.0,62.0,64.0,63.44,17.395,17.956,17.395,17.956,17.799,609100.0,38639455000.0,0.0,0.0,1.5,0.4208,2.4
VIC,2014-05-08,15:05:09,HOSE,STOCK,64.5,69.0,60.0,63.0,63.0,60.5,62.5,62.14,17.676,17.676,16.975,17.535,17.434,1477880.0,91835995000.0,0.0,0.0,-2.0,-0.5611,-3.1008
VIC,2014-05-07,15:05:12,HOSE,STOCK,63.5,69.0,60.0,62.5,65.0,62.5,64.5,64.1,17.535,18.237,17.535,18.097,17.983,391550.0,25099030000.0,0.0,0.0,1.0,0.2806,1.5748
VIC,2014-05-06,15:05:10,HOSE,STOCK,64.0,67.5,59.5,62.5,63.5,62.0,63.5,62.7,17.535,17.816,17.395,17.816,17.591,877520.0,55024030000.0,0.0,0.0,-0.5,-0.1403,-0.7813
VIC,2014-05-05,15:05:08,HOSE,STOCK,65.0,68.0,60.0,65.0,65.0,64.0,64.0,64.32,18.237,18.237,17.956,17.956,18.046,768250.0,49410410000.0,0.0,0.0,-1.0,-0.2806,-1.5385
VIC,2014-04-29,15:04:08,HOSE,STOCK,65.0,69.5,60.5,65.5,66.5,64.5,65.0,65.31,18.377,18.658,18.097,18.237,18.323,588810.0,38454620000.0,0.0,0.0,0.0,0.0,0.0
VIC,2014-04-28,15:04:10,HOSE,STOCK,67.0,70.0,61.0,67.0,67.0,65.0,65.5,65.87,18.798,18.798,18.237,18.377,18.481,452850.0,29828535000.0,0.0,0.0,-1.5,-0.4208,-2.2388
VIC,2014-04-25,15:04:11,HOSE,STOCK,67.0,71.5,62.5,66.5,67.5,66.5,67.0,66.76,18.658,18.938,18.658,18.798,18.731,642550.0,42898970000.0,0.0,0.0,0.0,0.0,0.0
VIC,2014-04-24,15:04:11,HOSE,STOCK,67.0,71.5,62.5,67.0,67.5,66.5,67.0,66.81,18.798,18.938,18.658,18.798,18.744,319690.0,21358210000.0,0.0,0.0,0.0,0.0,0.0
VIC,2014-04-23,15:04:10,HOSE,STOCK,66.0,71.5,62.5,66.5,68.0,66.0,67.0,67.07,18.658,19.079,18.517,18.798,18.817,779980.0,52314450000.0,0.0,0.0,1.0,0.2806,1.5152
VIC,2014-04-22,15:04:10,HOSE,STOCK,64.5,70.5,61.5,64.0,66.0,64.0,66.0,65.02,17.956,18.517,17.956,18.517,18.242,898000.0,58385885000.0,0.0,0.0,1.5,0.4208,2.3256
VIC,2014-04-21,15:04:55,HOSE,STOCK,65.0,69.0,60.0,65.0,65.5,64.0,64.5,64.77,18.237,18.377,17.956,18.097,18.172,385040.0,24939460000.0,0.0,0.0,-0.5,-0.1403,-0.7692
VIC,2014-04-18,15:04:11,HOSE,STOCK,66.5,69.5,60.5,66.5,66.5,64.5,65.0,65.26,18.658,18.658,18.097,18.237,18.309,654850.0,42733310000.0,0.0,0.0,-1.5,-0.4209,-2.2556
VIC,2014-04-17,15:04:09,HOSE,STOCK,66.0,71.0,62.0,66.5,67.5,66.0,66.5,66.55,18.658,18.938,18.517,18.658,18.672,872910.0,58094395000.0,0.0,0.0,0.5,0.1403,0.7576
VIC,2014-04-16,15:04:08,HOSE,STOCK,68.0,70.5,61.5,67.5,68.0,65.5,66.0,66.55,18.938,19.079,18.377,18.517,18.672,858690.0,57142545000.0,0.0,0.0,-2.0,-0.5611,-2.9412
VIC,2014-04-15,15:04:10,HOSE,STOCK,68.5,72.5,63.5,68.0,69.5,67.5,68.0,68.24,19.079,19.499,18.938,19.079,19.145,656970.0,44831770000.0,0.0,0.0,-0.5,-0.1403,-0.7299
VIC,2014-04-14,15:04:10,HOSE,STOCK,69.0,73.5,64.5,69.0,69.0,67.5,68.5,68.2,19.359,19.359,18.938,19.219,19.134,766980.0,52308450000.0,0.0,0.0,-0.5,-0.1403,-0.7246
VIC,2014-04-11,15:04:08,HOSE,STOCK,70.5,73.5,64.5,69.5,70.0,68.5,69.0,69.31,19.499,19.639,19.219,19.359,19.445,494540.0,34277455000.0,0.0,0.0,-1.5,-0.4208,-2.1277
VIC,2014-04-10,15:04:08,HOSE,STOCK,71.0,75.5,66.5,72.0,72.5,70.0,70.5,70.96,20.201,20.34,19.639,19.78,19.909,1327050.0,94167880000.0,0.0,0.0,-0.5,-0.1403,-0.7042
VIC,2014-04-08,15:04:08,HOSE,STOCK,73.0,75.5,66.5,72.5,73.0,71.0,71.0,71.56,20.34,20.481,19.92,19.92,20.077,875040.0,62618710000.0,0.0,0.0,-2.0,-0.5611,-2.7397
VIC,2014-04-07,15:04:10,HOSE,STOCK,73.5,78.0,68.0,73.5,74.0,73.0,73.0,73.29,20.621,20.762,20.481,20.481,20.562,816100.0,59812290000.0,0.0,0.0,-0.5,-0.1403,-0.6803
VIC,2014-04-04,15:04:13,HOSE,STOCK,73.5,78.5,68.5,73.5,74.0,73.0,73.5,73.44,20.621,20.762,20.481,20.621,20.604,825720.0,60637345000.0,0.0,0.0,0.0,0.0,0.0
VIC,2014-04-03,15:04:08,HOSE,STOCK,72.5,78.5,68.5,73.0,74.0,73.0,73.5,73.32,20.481,20.762,20.481,20.621,20.572,142310.0,10433855000.0,0.0,0.0,1.0,0.2806,1.3793
VIC,2014-04-02,15:04:08,HOSE,STOCK,72.5,77.5,67.5,72.5,73.0,71.0,72.5,71.71,20.34,20.481,19.92,20.34,20.12,836130.0,59958085000.0,0.0,0.0,0.0,0.0,0.0
VIC,2014-04-01,15:04:11,HOSE,STOCK,73.5,77.5,67.5,73.5,73.5,72.0,72.5,72.72,20.621,20.621,20.201,20.34,20.403,398500.0,28979895000.0,0.0,0.0,-1.0,-0.2806,-1.3605
VIC,2014-03-31,15:03:08,HOSE,STOCK,74.0,78.5,68.5,75.0,75.0,73.5,73.5,73.57,21.043,21.043,20.621,20.621,20.641,230690.0,16971595000.0,0.0,0.0,-0.5,-0.1403,-0.6757
VIC,2014-03-28,15:03:08,HOSE,STOCK,74.5,79.0,69.0,75.0,75.0,74.0,74.0,74.21,21.043,21.043,20.762,20.762,20.82,300040.0,22267040000.0,0.0,0.0,-0.5,-0.1403,-0.6711
VIC,2014-03-27,15:03:11,HOSE,STOCK,73.5,79.5,69.5,74.5,74.5,72.0,74.5,73.26,20.902,20.902,20.201,20.902,20.554,570750.0,41811690000.0,0.0,0.0,1.0,0.2806,1.3605
VIC,2014-03-26,15:03:05,HOSE,STOCK,76.5,78.5,68.5,76.5,76.5,73.0,73.5,75.07,21.463,21.463,20.481,20.621,21.062,316700.0,23775495000.0,0.0,0.0,-3.0,-0.8417,-3.9216
VIC,2014-03-25,15:03:10,HOSE,STOCK,78.0,81.5,71.5,77.5,77.5,76.5,76.5,76.82,21.744,21.744,21.463,21.463,21.553,205980.0,15824300000.0,0.0,0.0,-1.5,-0.4208,-1.9231
VIC,2014-03-24,15:03:08,HOSE,STOCK,78.5,83.0,73.0,78.0,78.5,77.0,78.0,77.68,21.884,22.024,21.604,21.884,21.794,238500.0,18527170000.0,0.0,0.0,-0.5,-0.1403,-0.6369
VIC,2014-03-21,17:03:42,HOSE,STOCK,76.5,81.5,71.5,77.5,78.5,77.0,78.5,78.358,21.744,22.024,21.604,22.024,21.985,2543040.0,199268000000.0,0.0,0.0,2.0,0.5611,2.6144
VIC,2014-03-20,15:03:09,HOSE,STOCK,77.5,81.5,71.5,77.5,78.0,76.5,76.5,76.83,21.744,21.884,21.463,21.463,21.556,424610.0,32622040000.0,0.0,0.0,-1.0,-0.2806,-1.2903
VIC,2014-03-19,15:03:08,HOSE,STOCK,77.5,82.5,72.5,77.0,78.0,77.0,77.5,77.47,21.604,21.884,21.604,21.744,21.735,430220.0,33327255000.0,0.0,0.0,0.0,0.0,0.0
VIC,2014-03-18,15:03:09,HOSE,STOCK,78.5,82.5,72.5,77.5,78.0,77.0,77.5,77.57,21.744,21.884,21.604,21.744,21.764,1153490.0,89478555000.0,0.0,0.0,-1.0,-0.2806,-1.2739
VIC,2014-03-17,15:03:24,HOSE,STOCK,76.0,83.5,73.5,77.0,78.5,77.0,78.5,77.57,21.604,22.024,21.604,22.024,21.764,1132960.0,87878720000.0,0.0,0.0,2.5,0.7014,3.2895
VIC,2014-03-14,15:03:05,HOSE,STOCK,77.0,81.0,71.0,77.0,77.0,75.5,76.0,76.36,21.604,21.604,21.183,21.323,21.424,321940.0,24582810000.0,0.0,0.0,-1.0,-0.2806,-1.2987
VIC,2014-03-13,15:03:08,HOSE,STOCK,77.0,82.0,72.0,77.0,77.5,76.5,77.0,76.81,21.604,21.744,21.463,21.604,21.549,297830.0,22876135000.0,0.0,0.0,0.0,0.0,0.0
VIC,2014-03-12,15:03:06,HOSE,STOCK,75.0,82.0,72.0,76.5,78.0,76.0,77.0,77.09,21.463,21.884,21.323,21.604,21.628,525690.0,40527655000.0,0.0,0.0,2.0,0.5611,2.6667
VIC,2014-03-11,15:03:05,HOSE,STOCK,75.5,80.0,70.0,75.5,76.0,74.5,75.0,75.11,21.183,21.323,20.902,21.043,21.073,100320.0,7534870000.0,0.0,0.0,-0.5,-0.1403,-0.6623
VIC,2014-03-10,15:03:07,HOSE,STOCK,75.0,80.5,70.5,75.5,76.0,75.0,75.5,75.49,21.183,21.323,21.043,21.183,21.18,112090.0,8461620000.0,0.0,0.0,0.5,0.1403,0.6667
VIC,2014-03-07,15:03:10,HOSE,STOCK,74.5,80.0,70.0,74.5,75.5,74.5,75.0,74.85,20.902,21.183,20.902,21.043,21.0,93650.0,7009610000.0,0.0,0.0,0.5,0.1403,0.6711
VIC,2014-03-06,15:03:09,HOSE,STOCK,74.5,79.5,69.5,74.5,76.0,74.5,74.5,75.13,20.902,21.323,20.902,20.902,21.078,209630.0,15748520000.0,0.0,0.0,0.0,0.0,0.0
VIC,2014-03-05,15:03:10,HOSE,STOCK,73.5,78.5,68.5,74.0,75.0,73.5,74.5,74.4,20.762,21.043,20.621,20.902,20.874,333980.0,24848915000.0,0.0,0.0,1.0,0.2806,1.3605
VIC,2014-03-04,15:03:09,HOSE,STOCK,74.5,78.5,68.5,74.0,74.5,72.5,73.5,73.5,20.762,20.902,20.34,20.621,20.621,364470.0,26787615000.0,0.0,0.0,-1.0,-0.2806,-1.3423
VIC,2014-03-03,15:03:11,HOSE,STOCK,76.5,79.5,69.5,77.0,77.5,74.0,74.5,75.73,21.604,21.744,20.762,20.902,21.247,298310.0,22592450000.0,0.0,0.0,-2.0,-0.5611,-2.6144
VIC,2014-02-28,15:02:21,HOSE,STOCK,78.0,81.5,71.5,78.0,78.0,76.5,76.5,77.41,21.884,21.884,21.463,21.463,21.718,183980.0,14241995000.0,0.0,0.0,-1.5,-0.4208,-1.9231
VIC,2014-02-27,15:02:07,HOSE,STOCK,77.5,83.0,73.0,78.0,78.0,77.0,78.0,77.79,21.884,21.884,21.604,21.884,21.826,155860.0,12123835000.0,0.0,0.0,0.5,0.1403,0.6452
VIC,2014-02-26,15:02:08,HOSE,STOCK,78.0,82.5,72.5,78.0,78.0,77.0,77.5,77.56,21.884,21.884,21.604,21.744,21.761,107900.0,8368590000.0,0.0,0.0,-0.5,-0.1403,-0.641
VIC,2014-02-25,15:02:08,HOSE,STOCK,78.0,83.0,73.0,77.5,78.5,77.5,78.0,77.93,21.744,22.024,21.744,21.884,21.865,143390.0,11174925000.0,0.0,0.0,0.0,0.0,0.0
VIC,2014-02-24,15:02:08,HOSE,STOCK,77.5,83.0,73.0,78.5,78.5,77.5,78.0,77.57,22.024,22.024,21.744,21.884,21.764,86730.0,6727760000.0,0.0,0.0,0.5,0.1403,0.6452
VIC,2014-02-21,15:02:07,HOSE,STOCK,78.5,83.5,73.5,78.5,78.5,77.5,77.5,77.88,22.024,22.024,21.744,21.744,21.85,148430.0,11560105000.0,0.0,0.0,-1.0,-0.2806,-1.2739
VIC,2014-02-20,15:02:16,HOSE,STOCK,78.5,83.5,73.5,78.5,78.5,77.0,78.5,77.81,22.024,22.024,21.604,22.024,21.83,213160.0,16585760000.0,0.0,0.0,0.0,0.0,0.0
VIC,2014-02-19,15:02:07,HOSE,STOCK,78.0,83.5,73.5,79.0,79.0,77.5,78.5,78.33,22.165,22.165,21.744,22.024,21.977,194840.0,15262765000.0,0.0,0.0,0.5,0.1403,0.641
VIC,2014-02-18,15:02:08,HOSE,STOCK,76.5,83.0,73.0,78.0,78.5,77.0,78.0,77.71,21.884,22.024,21.604,21.884,21.803,306040.0,23781790000.0,0.0,0.0,1.5,0.4208,1.9608
VIC,2014-02-17,15:02:07,HOSE,STOCK,77.0,81.5,71.5,77.0,77.0,76.0,76.5,76.42,21.604,21.604,21.323,21.463,21.441,178110.0,13612045000.0,0.0,0.0,-0.5,-0.1403,-0.6494
VIC,2014-02-14,15:02:06,HOSE,STOCK,78.0,82.0,72.0,78.0,78.5,77.0,77.0,77.51,21.884,22.024,21.604,21.604,21.747,146690.0,11370300000.0,0.0,0.0,-1.0,-0.2806,-1.2821
VIC,2014-02-13,15:02:06,HOSE,STOCK,77.5,83.0,73.0,77.5,78.0,77.0,78.0,77.57,21.744,21.884,21.604,21.884,21.764,289440.0,22452440000.0,0.0,0.0,0.5,0.1403,0.6452
VIC,2014-02-12,15:02:06,HOSE,STOCK,76.5,82.5,72.5,76.5,77.5,76.0,77.5,76.72,21.463,21.744,21.323,21.744,21.525,165600.0,12704635000.0,0.0,0.0,1.0,0.2806,1.3072
VIC,2014-02-11,15:02:13,HOSE,STOCK,76.0,81.5,71.5,77.0,77.0,76.0,76.5,76.41,21.604,21.604,21.323,21.463,21.437,613520.0,46877365000.0,0.0,0.0,0.5,0.1403,0.6579
VIC,2014-02-10,15:02:21,HOSE,STOCK,74.5,81.0,71.0,74.5,76.0,74.5,76.0,75.46,20.902,21.323,20.902,21.323,21.172,94390.0,7122555000.0,0.0,0.0,1.5,0.4208,2.0134
VIC,2014-02-07,15:02:07,HOSE,STOCK,75.5,79.5,69.5,76.5,76.5,74.0,74.5,74.7,21.463,21.463,20.762,20.902,20.958,223270.0,16679095000.0,0.0,0.0,-1.0,-0.2806,-1.3245
VIC,2014-02-06,15:02:10,HOSE,STOCK,76.5,80.5,70.5,76.5,76.5,74.5,75.5,75.32,21.463,21.463,20.902,21.183,21.132,263650.0,19859285000.0,0.0,0.0,-1.0,-0.2806,-1.3072
VIC,2014-01-27,15:01:16,HOSE,STOCK,76.5,81.5,71.5,76.5,76.5,76.0,76.5,76.25,21.463,21.463,21.323,21.463,21.393,148840.0,11348975000.0,0.0,0.0,0.0,0.0,0.0
VIC,2014-01-24,15:01:07,HOSE,STOCK,75.5,81.5,71.5,76.0,76.5,75.0,76.5,75.46,21.323,21.463,21.043,21.463,21.172,191230.0,14429335000.0,0.0,0.0,1.0,0.2806,1.3245
VIC,2014-01-23,15:01:08,HOSE,STOCK,77.0,80.5,70.5,77.0,77.0,75.0,75.5,75.84,21.604,21.604,21.043,21.183,21.277,130540.0,9900100000.0,0.0,0.0,-1.5,-0.4209,-1.9481
VIC,2014-01-22,15:01:13,HOSE,STOCK,79.5,82.0,72.0,79.5,80.0,77.0,77.0,78.77,22.305,22.444,21.604,21.604,22.1,418970.0,33000485000.0,0.0,0.0,-2.5,-0.7014,-3.1447
VIC,2014-01-21,15:01:07,HOSE,STOCK,76.0,85.0,74.0,77.0,80.0,73.5,79.5,77.29,21.604,22.444,20.621,22.305,21.685,659560.0,50975170000.0,0.0,0.0,3.5,0.982,4.6053
VIC,2014-01-20,15:01:08,HOSE,STOCK,72.5,81.0,71.0,73.5,77.0,73.5,76.0,75.78,20.621,21.604,20.621,21.323,21.261,1235820.0,93655395000.0,0.0,0.0,3.5,0.982,4.8276
VIC,2014-01-17,15:01:06,HOSE,STOCK,70.5,77.5,67.5,70.5,75.0,70.5,72.5,73.42,19.78,21.043,19.78,20.34,20.599,561090.0,41195610000.0,0.0,0.0,2.0,0.5611,2.8369
VIC,2014-01-16,15:01:09,HOSE,STOCK,70.5,75.0,66.0,70.5,70.5,70.0,70.5,70.27,19.78,19.78,19.639,19.78,19.716,53630.0,3768580000.0,0.0,0.0,0.0,0.0,0.0
VIC,2014-01-15,15:01:07,HOSE,STOCK,70.5,75.0,66.0,70.0,71.0,70.0,70.5,70.24,19.639,19.92,19.639,19.78,19.707,165250.0,11606680000.0,0.0,0.0,0.0,0.0,0.0
VIC,2014-01-14,15:01:07,HOSE,STOCK,71.0,75.0,66.0,71.0,71.0,70.5,70.5,70.59,19.92,19.92,19.78,19.78,19.804,111540.0,7873990000.0,0.0,0.0,-0.5,-0.1403,-0.7042
VIC,2014-01-13,15:01:07,HOSE,STOCK,71.0,75.5,66.5,71.5,71.5,70.5,71.0,71.01,20.06,20.06,19.78,19.92,19.923,102090.0,7249295000.0,0.0,0.0,0.0,0.0,0.0
VIC,2014-01-10,15:01:07,HOSE,STOCK,70.5,75.5,66.5,71.0,71.5,70.5,71.0,71.01,19.92,20.06,19.78,19.92,19.923,143010.0,10154800000.0,0.0,0.0,0.5,0.1403,0.7092
VIC,2014-01-09,15:01:09,HOSE,STOCK,70.0,75.0,66.0,70.0,70.5,69.5,70.5,70.11,19.639,19.78,19.499,19.78,19.67,185370.0,12996450000.0,0.0,0.0,0.5,0.1403,0.7143
VIC,2014-01-08,15:01:14,HOSE,STOCK,70.5,74.5,65.5,70.0,70.5,70.0,70.0,70.02,19.639,19.78,19.639,19.639,19.645,109890.0,7694635000.0,0.0,0.0,-0.5,-0.1403,-0.7092
VIC,2014-01-07,15:01:05,HOSE,STOCK,70.5,75.0,66.0,70.5,70.5,70.0,70.5,70.47,19.78,19.78,19.639,19.78,19.772,294120.0,20728095000.0,0.0,0.0,0.0,0.0,0.0
VIC,2014-01-06,15:01:07,HOSE,STOCK,70.5,75.0,66.0,70.5,70.5,69.5,70.5,70.11,19.78,19.78,19.499,19.78,19.67,111760.0,7835635000.0,0.0,0.0,0.0,0.0,0.0
VIC,2014-01-03,15:01:07,HOSE,STOCK,70.0,75.0,66.0,70.0,70.5,69.5,70.5,70.0,19.639,19.78,19.499,19.78,19.639,91920.0,6434515000.0,0.0,0.0,0.5,0.1403,0.7143
VIC,2014-01-02,15:01:09,HOSE,STOCK,70.0,74.5,65.5,70.0,70.5,69.5,70.0,69.92,19.639,19.78,19.499,19.639,19.617,74950.0,5240700000.0,0.0,0.0,0.0,0.0,0.0
VIC,2013-12-31,15:12:05,HOSE,STOCK,70.0,74.5,65.5,70.0,70.5,68.0,70.0,69.49,19.639,19.78,19.079,19.639,19.497,96990.0,6739865000.0,0.0,0.0,0.0,0.0,0.0
VIC,2013-12-30,15:12:10,HOSE,STOCK,70.0,73.5,64.5,70.0,70.0,68.5,69.0,69.24,19.639,19.639,19.219,19.359,19.427,244580.0,16935300000.0,0.0,0.0,-1.0,-0.2806,-1.4286
VIC,2013-12-27,16:12:11,HOSE,STOCK,70.0,74.5,65.5,70.5,70.5,69.0,70.0,69.98,19.78,19.78,19.359,19.639,19.634,149540.0,10465410000.0,0.0,0.0,0.0,0.0,0.0
VIC,2013-12-26,15:12:05,HOSE,STOCK,69.0,74.5,65.5,69.0,70.5,68.5,70.0,69.9,19.359,19.78,19.219,19.639,19.612,465220.0,32518560000.0,0.0,0.0,1.0,0.2806,1.4493
VIC,2013-12-25,15:12:30,HOSE,STOCK,69.5,73.5,64.5,69.5,69.5,68.0,69.0,68.93,19.499,19.499,19.079,19.359,19.339,164890.0,11365370000.0,0.0,0.0,-0.5,-0.1403,-0.7194
VIC,2013-12-24,15:12:05,HOSE,STOCK,70.0,74.0,65.0,69.0,70.0,68.5,69.5,69.22,19.359,19.639,19.219,19.499,19.42,130170.0,9010465000.0,0.0,0.0,-0.5,-0.1403,-0.7143
VIC,2013-12-23,15:12:05,HOSE,STOCK,66.0,70.5,61.5,68.0,70.0,67.5,70.0,68.91,19.079,19.639,18.938,19.639,19.334,78040.0,5377560000.0,0.0,0.0,4.0,1.1222,6.0606
VIC,2013-12-20,16:12:45,HOSE,STOCK,70.0,70.5,61.5,70.0,70.0,66.0,66.0,66.24,19.639,19.639,18.517,18.517,18.584,610150.0,40418715000.0,0.0,0.0,-4.0,-1.1222,-5.7143
VIC,2013-12-19,15:12:07,HOSE,STOCK,71.0,74.5,65.5,69.5,70.5,69.0,70.0,69.5,19.499,19.78,19.359,19.639,19.499,210000.0,14594290000.0,0.0,0.0,-1.0,-0.2806,-1.4085
VIC,2013-12-18,15:12:11,HOSE,STOCK,70.0,75.5,66.5,70.0,71.0,68.5,71.0,69.77,19.639,19.92,19.219,19.92,19.575,54910.0,3830830000.0,0.0,0.0,1.0,0.2806,1.4286
VIC,2013-12-17,15:12:05,HOSE,STOCK,67.5,74.5,65.5,68.0,70.0,67.5,70.0,68.14,19.079,19.639,18.938,19.639,19.117,158210.0,10781010000.0,0.0,0.0,2.5,0.7014,3.7037
VIC,2013-12-16,15:12:07,HOSE,STOCK,71.0,72.0,63.0,70.0,71.0,67.5,67.5,68.12,19.639,19.92,18.938,18.938,19.112,300030.0,20438880000.0,0.0,0.0,-3.5,-0.982,-4.9296
VIC,2013-12-13,15:12:07,HOSE,STOCK,71.5,75.5,66.5,71.0,72.0,71.0,71.0,71.41,19.92,20.201,19.92,19.92,20.036,95740.0,6837090000.0,0.0,0.0,-0.5,-0.1403,-0.6993
VIC,2013-12-12,15:12:08,HOSE,STOCK,71.5,76.5,66.5,71.0,71.5,71.0,71.5,71.12,19.92,20.06,19.92,20.06,19.954,44460.0,3162060000.0,0.0,0.0,0.0,0.0,0.0
VIC,2013-12-11,16:12:44,HOSE,STOCK,71.5,76.5,66.5,71.5,71.5,70.5,71.5,70.9,20.06,20.06,19.78,20.06,19.892,69190.0,4905645000.0,0.0,0.0,0.0,0.0,0.0
VIC,2013-12-10,15:12:09,HOSE,STOCK,71.0,76.5,66.5,71.0,72.0,70.5,71.5,71.19,19.92,20.201,19.78,20.06,19.973,311260.0,22158035000.0,0.0,0.0,0.5,0.1403,0.7042
VIC,2013-12-09,15:12:24,HOSE,STOCK,71.0,75.5,66.5,71.5,71.5,70.5,71.0,71.02,20.06,20.06,19.78,19.92,19.926,105100.0,7464250000.0,0.0,0.0,0.0,0.0,0.0
VIC,2013-12-06,15:12:08,HOSE,STOCK,71.0,75.5,66.5,70.5,71.0,70.5,71.0,70.56,19.78,19.92,19.78,19.92,19.797,81510.0,5751700000.0,0.0,0.0,0.0,0.0,0.0
VIC,2013-12-05,15:12:15,HOSE,STOCK,71.0,75.5,66.5,71.0,71.5,70.0,71.0,70.71,19.92,20.06,19.639,19.92,19.839,238180.0,16842630000.0,0.0,0.0,0.0,0.0,0.0
VIC,2013-12-04,15:12:08,HOSE,STOCK,71.0,75.5,66.5,70.5,71.5,70.5,71.0,70.93,19.78,20.06,19.78,19.92,19.9,69710.0,4944510000.0,0.0,0.0,0.0,0.0,0.0
VIC,2013-12-03,15:12:03,HOSE,STOCK,70.0,75.5,66.5,70.0,71.0,70.0,71.0,70.57,19.639,19.92,19.639,19.92,19.799,282280.0,19919640000.0,0.0,0.0,1.0,0.2806,1.4286
VIC,2013-12-02,15:12:10,HOSE,STOCK,69.0,74.5,65.5,68.5,70.0,68.5,70.0,69.14,19.219,19.639,19.219,19.639,19.397,176520.0,12205015000.0,0.0,0.0,1.0,0.2806,1.4493
VIC,2013-11-29,15:11:05,HOSE,STOCK,68.0,73.5,64.5,68.0,69.0,68.0,69.0,68.51,19.079,19.359,19.079,19.359,19.221,358020.0,24528000000.0,0.0,0.0,1.0,0.2806,1.4706
VIC,2013-11-28,15:11:18,HOSE,STOCK,67.0,72.5,63.5,67.5,68.0,67.0,68.0,67.75,18.938,19.079,18.798,19.079,19.008,275520.0,18666085000.0,0.0,0.0,1.0,0.2806,1.4925
VIC,2013-11-27,15:11:09,HOSE,STOCK,68.5,71.5,62.5,68.5,68.5,67.0,67.0,67.6,19.219,19.219,18.798,18.798,18.965,522130.0,35296855000.0,0.0,0.0,-1.5,-0.4209,-2.1898
VIC,2013-11-26,15:11:14,HOSE,STOCK,68.5,73.0,64.0,68.5,68.5,67.0,68.5,68.2,19.219,19.219,18.798,19.219,19.134,731520.0,49890140000.0,0.0,0.0,0.0,0.0,0.0
VIC,2013-11-25,17:11:56,HOSE,STOCK,68.0,73.0,64.0,68.0,69.0,68.0,68.5,68.51,19.079,19.359,19.079,19.219,19.221,229550.0,15725635000.0,0.0,0.0,0.5,0.1403,0.7353
VIC,2013-11-22,15:11:11,HOSE,STOCK,68.0,72.5,63.5,68.0,68.5,67.5,68.0,68.02,19.079,19.219,18.938,19.079,19.084,251730.0,17122305000.0,0.0,0.0,0.0,0.0,0.0
VIC,2013-11-21,15:11:07,HOSE,STOCK,68.0,72.5,63.5,68.0,69.0,67.5,68.0,68.26,19.079,19.359,18.938,19.079,19.151,229600.0,15673360000.0,0.0,0.0,0.0,0.0,0.0
VIC,2013-11-20,15:11:53,HOSE,STOCK,68.0,72.5,63.5,67.5,68.0,67.0,68.0,67.66,18.938,19.079,18.798,19.079,18.982,186590.0,12624985000.0,0.0,0.0,0.0,0.0,0.0
VIC,2013-11-19,15:11:08,HOSE,STOCK,67.0,72.5,63.5,67.0,68.0,66.5,68.0,67.7,18.798,19.079,18.658,19.079,18.995,355360.0,24057180000.0,0.0,0.0,1.0,0.2806,1.4925
VIC,2013-11-18,21:11:48,HOSE,STOCK,66.5,71.5,62.5,67.0,68.0,66.5,67.0,66.866,18.798,19.079,18.658,18.798,18.76,470600.0,31467000000.0,0.0,0.0,0.5,0.1403,0.7519
VIC,2013-11-15,16:11:48,HOSE,STOCK,66.5,71.0,62.0,66.5,67.0,66.0,66.5,66.46,18.658,18.798,18.517,18.658,18.646,482580.0,32071675000.0,0.0,0.0,0.0,0.0,0.0
VIC,2013-11-14,15:11:09,HOSE,STOCK,66.0,71.0,62.0,65.0,66.5,65.0,66.5,65.9,18.237,18.658,18.237,18.658,18.489,469050.0,30909955000.0,0.0,0.0,0.5,0.1403,0.7576
VIC,2013-11-13,16:11:02,HOSE,STOCK,66.0,70.5,61.5,65.5,66.5,65.5,66.0,65.95,18.377,18.658,18.377,18.517,18.503,257600.0,16989435000.0,0.0,0.0,0.0,0.0,0.0
VIC,2013-11-12,16:11:38,HOSE,STOCK,66.0,70.5,61.5,66.0,66.5,65.0,66.0,65.48,18.517,18.658,18.237,18.517,18.372,212900.0,13940495000.0,0.0,0.0,0.0,0.0,0.0
VIC,2013-11-11,15:11:35,HOSE,STOCK,66.0,70.5,61.5,66.5,66.5,65.0,66.0,65.7,18.658,18.658,18.237,18.517,18.433,74310.0,4882480000.0,0.0,0.0,0.0,0.0,0.0
VIC,2013-11-08,15:11:57,HOSE,STOCK,66.5,70.5,61.5,66.0,66.5,66.0,66.0,66.0,18.517,18.658,18.517,18.517,18.517,122590.0,8091465000.0,0.0,0.0,-0.5,-0.1403,-0.7519
VIC,2013-11-07,15:11:02,HOSE,STOCK,66.5,71.0,62.0,66.5,67.0,65.5,66.5,66.36,18.658,18.798,18.377,18.658,18.618,198630.0,13180765000.0,0.0,0.0,0.0,0.0,0.0
VIC,2013-11-06,16:11:11,HOSE,STOCK,66.5,71.0,62.0,66.0,67.0,66.0,66.5,66.3,18.517,18.798,18.517,18.658,18.601,217440.0,14416970000.0,0.0,0.0,0.0,0.0,0.0
VIC,2013-11-05,15:11:56,HOSE,STOCK,67.0,71.0,62.0,66.5,67.5,65.5,66.5,66.21,18.658,18.938,18.377,18.658,18.576,90080.0,5964450000.0,0.0,0.0,-0.5,-0.1403,-0.7463
VIC,2013-11-04,15:11:03,HOSE,STOCK,67.0,71.5,62.5,67.0,67.5,66.0,67.0,66.86,18.798,18.938,18.517,18.798,18.758,88640.0,5926270000.0,0.0,0.0,0.0,0.0,0.0
VIC,2013-11-01,15:11:16,HOSE,STOCK,67.5,71.5,62.5,67.5,67.5,66.5,67.0,66.97,18.938,18.938,18.658,18.798,18.789,81420.0,5452645000.0,0.0,0.0,-0.5,-0.1403,-0.7407
VIC,2013-10-31,15:10:00,HOSE,STOCK,67.0,72.0,63.0,67.0,67.5,67.0,67.5,67.16,18.798,18.938,18.798,18.938,18.843,132420.0,8893535000.0,0.0,0.0,0.5,0.1403,0.7463
VIC,2013-10-30,15:10:03,HOSE,STOCK,66.0,71.5,62.5,66.5,67.0,66.0,67.0,66.82,18.658,18.798,18.517,18.798,18.747,182310.0,12181415000.0,0.0,0.0,1.0,0.2806,1.5152
VIC,2013-10-29,15:10:05,HOSE,STOCK,66.0,70.5,61.5,65.5,66.0,65.0,66.0,65.86,18.377,18.517,18.237,18.517,18.478,90160.0,5938260000.0,0.0,0.0,0.0,0.0,0.0
VIC,2013-10-28,16:10:31,HOSE,STOCK,66.5,70.5,61.5,66.5,66.5,65.5,66.0,66.05,18.658,18.658,18.377,18.517,18.532,52520.0,3468715000.0,0.0,0.0,-0.5,-0.1403,-0.7519
VIC,2013-10-25,15:10:06,HOSE,STOCK,66.5,71.0,62.0,66.5,67.0,66.0,66.5,66.43,18.658,18.798,18.517,18.658,18.637,71350.0,4739635000.0,0.0,0.0,0.0,0.0,0.0
VIC,2013-10-24,16:10:19,HOSE,STOCK,67.5,72.0,63.0,67.5,67.5,66.0,66.5,66.84,18.938,18.938,18.517,18.658,18.753,133480.0,8921195000.0,0.0,0.0,-1.0,-0.2806,-1.4815
VIC,2013-10-23,17:10:41,HOSE,STOCK,66.5,71.0,62.0,67.0,67.5,66.5,67.5,67.129,18.798,18.938,18.658,18.938,18.834,255940.0,17181000000.0,0.0,0.0,1.0,0.2806,1.5038
VIC,2013-10-22,15:10:08,HOSE,STOCK,66.0,70.5,61.5,66.0,67.0,66.0,66.5,66.494,18.517,18.798,18.517,18.658,18.656,247120.0,16431880000.0,0.0,0.0,0.5,0.1403,0.7576
VIC,2013-10-21,15:10:07,HOSE,STOCK,65.5,70.0,61.0,65.5,66.5,65.0,66.0,65.86,18.377,18.658,18.237,18.517,18.478,247830.0,16323265000.0,0.0,0.0,0.5,0.1403,0.7634
VIC,2013-10-18,15:10:12,HOSE,STOCK,65.0,70.0,61.0,65.0,65.5,64.0,65.5,64.99,18.237,18.377,17.956,18.377,18.234,208190.0,13529765000.0,0.0,0.0,0.5,0.1403,0.7692
VIC,2013-10-17,15:10:08,HOSE,STOCK,64.5,69.0,60.0,64.5,65.5,64.5,65.0,64.98,18.097,18.377,18.097,18.237,18.231,251590.0,16348260000.0,0.0,0.0,0.5,0.1403,0.7752
VIC,2013-10-16,15:10:08,HOSE,STOCK,64.0,69.0,60.0,64.0,65.0,64.0,64.5,64.24,17.956,18.237,17.956,18.097,18.024,363210.0,23334050000.0,0.0,0.0,0.5,0.1403,0.7813
VIC,2013-10-15,15:10:11,HOSE,STOCK,63.5,68.0,60.0,63.0,64.0,63.0,64.0,63.73,17.676,17.956,17.676,17.956,17.88,186260.0,11870715000.0,0.0,0.0,0.5,0.1403,0.7874
VIC,2013-10-14,15:10:15,HOSE,STOCK,64.0,67.5,59.5,64.0,64.0,63.0,63.5,63.52,17.956,17.956,17.676,17.816,17.821,57260.0,3636975000.0,0.0,0.0,-0.5,-0.1403,-0.7813
VIC,2013-10-11,15:10:07,HOSE,STOCK,64.0,68.0,60.0,64.0,64.5,63.5,64.0,64.01,17.956,18.097,17.816,17.956,17.959,242240.0,15505140000.0,0.0,0.0,0.0,0.0,0.0
VIC,2013-10-10,15:10:08,HOSE,STOCK,64.0,68.0,60.0,64.0,64.0,63.0,64.0,63.59,17.956,17.956,17.676,17.956,17.842,163200.0,10377675000.0,0.0,0.0,0.0,0.0,0.0
VIC,2013-10-09,15:10:08,HOSE,STOCK,64.0,68.0,60.0,64.5,64.5,63.5,64.0,63.97,18.097,18.097,17.816,17.956,17.948,87560.0,5600790000.0,0.0,0.0,0.0,0.0,0.0
VIC,2013-10-08,15:10:09,HOSE,STOCK,64.0,68.0,60.0,64.0,65.0,64.0,64.0,64.11,17.956,18.237,17.956,17.956,17.988,1562330.0,100154360000.0,0.0,0.0,0.0,0.0,0.0
VIC,2013-10-07,15:10:05,HOSE,STOCK,63.0,67.0,59.0,63.0,64.0,62.5,64.0,63.25,17.676,17.956,17.535,17.956,17.746,472720.0,29901580000.0,0.0,0.0,1.0,0.2806,1.5873
VIC,2013-10-04,15:10:05,HOSE,STOCK,62.5,66.5,58.5,62.5,63.0,62.5,63.0,62.63,17.535,17.676,17.535,17.676,17.572,382690.0,23968995000.0,0.0,0.0,0.5,0.1403,0.8
VIC,2013-10-03,15:10:12,HOSE,STOCK,62.5,66.5,58.5,63.0,63.0,62.0,62.5,62.53,17.676,17.676,17.395,17.535,17.544,212530.0,13290355000.0,0.0,0.0,0.0,0.0,0.0
VIC,2013-10-02,15:10:10,HOSE,STOCK,62.0,66.5,58.5,62.5,63.0,62.0,62.5,62.53,17.535,17.676,17.395,17.535,17.544,276360.0,17279600000.0,0.0,0.0,0.5,0.1403,0.8065
VIC,2013-10-01,15:10:05,HOSE,STOCK,62.5,66.5,58.5,62.5,63.0,62.0,62.0,62.42,17.535,17.676,17.395,17.395,17.513,432890.0,27020790000.0,0.0,0.0,-0.5,-0.1403,-0.8
VIC,2013-09-30,15:09:08,HOSE,STOCK,62.5,66.5,58.5,62.5,63.0,62.0,62.5,62.49,17.535,17.676,17.395,17.535,17.532,369040.0,23062710000.0,0.0,0.0,0.0,0.0,0.0
VIC,2013-09-27,15:09:07,HOSE,STOCK,62.5,66.5,58.5,62.5,63.0,62.0,62.5,62.48,17.535,17.676,17.395,17.535,17.53,137190.0,8571345000.0,0.0,0.0,0.0,0.0,0.0
VIC,2013-09-26,15:09:09,HOSE,STOCK,62.0,66.5,58.5,62.0,63.0,62.0,62.5,62.27,17.395,17.676,17.395,17.535,17.471,141530.0,8813360000.0,0.0,0.0,0.5,0.1403,0.8065
VIC,2013-09-25,15:09:04,HOSE,STOCK,62.5,66.5,58.5,62.5,63.0,62.0,62.0,62.16,17.535,17.676,17.395,17.395,17.44,325130.0,20211400000.0,0.0,0.0,-0.5,-0.1403,-0.8
VIC,2013-09-24,15:09:14,HOSE,STOCK,62.0,66.5,58.5,61.5,62.5,61.5,62.5,62.22,17.255,17.535,17.255,17.535,17.457,176720.0,10995515000.0,0.0,0.0,0.5,0.1403,0.8065
VIC,2013-09-23,16:09:10,HOSE,STOCK,61.5,65.5,57.5,62.5,62.5,61.5,62.0,61.85,17.535,17.535,17.255,17.395,17.352,69140.0,4276510000.0,0.0,0.0,0.5,0.1403,0.813
VIC,2013-09-20,15:09:08,HOSE,STOCK,62.5,66.5,58.5,62.5,62.5,61.5,61.5,61.56,17.535,17.535,17.255,17.255,17.272,883320.0,54378595000.0,0.0,0.0,-1.0,-0.2806,-1.6
VIC,2013-09-19,15:09:03,HOSE,STOCK,62.5,66.5,58.5,63.0,63.0,62.5,62.5,62.51,17.676,17.676,17.535,17.535,17.538,170480.0,10657500000.0,0.0,0.0,0.0,0.0,0.0
VIC,2013-09-18,15:09:08,HOSE,STOCK,62.5,66.5,58.5,62.5,63.0,62.0,62.5,62.41,17.535,17.676,17.395,17.535,17.509,153790.0,9598480000.0,0.0,0.0,0.0,0.0,0.0
VIC,2013-09-17,15:09:04,HOSE,STOCK,62.5,66.5,58.5,63.0,63.0,62.5,62.5,62.61,17.676,17.676,17.535,17.535,17.566,116100.0,7269245000.0,0.0,0.0,0.0,0.0,0.0
VIC,2013-09-16,15:09:03,HOSE,STOCK,63.0,67.0,59.0,63.5,63.5,62.5,62.5,62.91,17.816,17.816,17.535,17.535,17.651,266060.0,16737870000.0,0.0,0.0,-0.5,-0.1403,-0.7937
VIC,2013-09-13,15:09:09,HOSE,STOCK,63.0,67.0,59.0,62.5,64.0,62.5,63.0,63.21,17.535,17.956,17.535,17.676,17.734,195260.0,12341910000.0,0.0,0.0,0.0,0.0,0.0
VIC,2013-09-12,15:09:05,HOSE,STOCK,63.5,67.0,59.0,63.0,63.5,62.5,63.0,63.03,17.676,17.816,17.535,17.676,17.684,148430.0,9355875000.0,0.0,0.0,-0.5,-0.1403,-0.7874
VIC,2013-09-11,15:09:08,HOSE,STOCK,63.0,67.5,59.5,63.0,63.5,62.5,63.5,63.22,17.676,17.816,17.535,17.816,17.738,223790.0,14147045000.0,0.0,0.0,0.5,0.1403,0.7937
VIC,2013-09-10,15:09:11,HOSE,STOCK,62.0,67.0,59.0,62.0,63.5,62.0,63.0,62.67,17.395,17.816,17.395,17.676,17.583,129590.0,8120860000.0,0.0,0.0,1.0,0.2806,1.6129
VIC,2013-09-09,15:09:08,HOSE,STOCK,63.5,66.0,58.0,63.0,63.5,62.0,62.0,62.39,17.676,17.816,17.395,17.395,17.504,309190.0,19291460000.0,0.0,0.0,-1.5,-0.4208,-2.3622
VIC,2013-09-06,15:09:19,HOSE,STOCK,62.0,67.5,59.5,62.0,64.0,61.5,63.5,63.21,17.395,17.956,17.255,17.816,17.734,1846240.0,116694615000.0,0.0,0.0,1.5,0.4209,2.4194
VIC,2013-09-05,15:09:08,HOSE,STOCK,62.0,66.0,58.0,61.5,62.5,61.0,62.0,61.86,17.255,17.535,17.115,17.395,17.356,280670.0,17363310000.0,0.0,0.0,0.0,0.0,0.0
VIC,2013-09-04,15:09:04,HOSE,STOCK,62.0,66.0,58.0,61.5,62.5,61.0,62.0,61.63,17.255,17.535,17.115,17.395,17.291,363360.0,22395250000.0,0.0,0.0,0.0,0.0,0.0
VIC,2013-09-03,15:09:05,HOSE,STOCK,62.5,66.5,58.5,62.0,62.5,61.5,62.0,62.1,17.395,17.535,17.255,17.395,17.423,166220.0,10322970000.0,0.0,0.0,-0.5,-0.1403,-0.8
VIC,2013-08-30,15:08:10,HOSE,STOCK,61.5,65.5,57.5,61.5,62.5,61.5,62.5,61.83,17.255,17.535,17.255,17.535,17.348,157030.0,9709625000.0,0.0,0.0,1.0,0.2806,1.626
VIC,2013-08-29,15:08:12,HOSE,STOCK,63.5,67.5,59.5,63.0,63.5,61.5,61.5,61.67,17.676,17.816,17.255,17.255,17.302,463010.0,28554200000.0,0.0,0.0,-2.0,-0.5611,-3.1496
VIC,2013-08-28,15:08:08,HOSE,STOCK,64.0,67.5,59.5,63.5,63.5,60.5,63.5,62.03,17.816,17.816,16.975,17.816,17.404,774770.0,48060525000.0,0.0,0.0,-0.5,-0.1403,-0.7813
VIC,2013-08-27,15:08:05,HOSE,STOCK,65.0,68.0,60.0,64.5,65.0,64.0,64.0,64.29,18.097,18.237,17.956,17.956,18.038,145150.0,9332110000.0,0.0,0.0,-1.0,-0.2806,-1.5385
VIC,2013-08-26,15:08:12,HOSE,STOCK,66.0,70.5,61.5,66.0,66.0,64.5,65.0,65.07,18.517,18.517,18.097,18.237,18.256,284690.0,18524455000.0,0.0,0.0,-1.0,-0.2806,-1.5152
VIC,2013-08-23,15:08:13,HOSE,STOCK,66.5,70.5,61.5,66.5,67.0,64.5,66.0,65.57,18.658,18.798,18.097,18.517,18.397,284080.0,18627720000.0,0.0,0.0,-0.5,-0.1403,-0.7519
VIC,2013-08-22,15:08:08,HOSE,STOCK,65.5,71.0,62.0,65.0,67.5,65.0,66.5,66.33,18.237,18.938,18.237,18.658,18.61,629460.0,41753125000.0,0.0,0.0,1.0,0.2806,1.5267
VIC,2013-08-21,15:08:07,HOSE,STOCK,65.0,69.5,60.5,65.0,66.0,64.0,65.5,64.75,18.237,18.517,17.956,18.377,18.166,330550.0,21402010000.0,0.0,0.0,0.5,0.1403,0.7692
VIC,2013-08-20,15:08:05,HOSE,STOCK,66.0,70.5,61.5,66.0,66.5,64.5,65.0,65.36,18.517,18.658,18.097,18.237,18.338,442460.0,28917420000.0,0.0,0.0,-1.0,-0.2806,-1.5152
VIC,2013-08-19,15:08:05,HOSE,STOCK,66.5,71.0,62.0,66.5,67.5,66.0,66.0,66.5,18.658,18.938,18.517,18.517,18.658,433700.0,28842345000.0,0.0,0.0,-0.5,-0.1403,-0.7519
VIC,2013-08-16,15:08:04,HOSE,STOCK,66.0,71.0,62.0,66.0,66.5,65.5,66.5,65.84,18.517,18.658,18.377,18.658,18.473,305030.0,20082400000.0,0.0,0.0,0.5,0.1403,0.7576
VIC,2013-08-15,15:08:04,HOSE,STOCK,65.5,70.5,61.5,66.0,67.0,66.0,66.0,66.38,18.517,18.798,18.517,18.517,18.623,844420.0,56052010000.0,0.0,0.0,0.5,0.1403,0.7634
VIC,2013-08-14,15:08:14,HOSE,STOCK,65.0,69.5,60.5,65.0,65.5,64.0,65.5,65.03,18.237,18.377,17.956,18.377,18.245,190870.0,12413030000.0,0.0,0.0,0.5,0.1403,0.7692
VIC,2013-08-13,15:08:05,HOSE,STOCK,64.5,69.5,60.5,65.0,65.5,64.5,65.0,64.97,18.237,18.377,18.097,18.237,18.228,225200.0,14631290000.0,0.0,0.0,0.5,0.1403,0.7752
VIC,2013-08-12,15:08:05,HOSE,STOCK,66.0,69.0,60.0,66.0,66.0,64.5,64.5,65.04,18.517,18.517,18.097,18.097,18.247,185980.0,12095820000.0,0.0,0.0,-1.5,-0.4209,-2.2727
VIC,2013-08-09,15:08:04,HOSE,STOCK,66.0,70.5,61.5,66.0,66.5,65.0,66.0,65.69,18.517,18.658,18.237,18.517,18.43,268440.0,17634655000.0,0.0,0.0,0.0,0.0,0.0
VIC,2013-08-08,15:08:05,HOSE,STOCK,66.0,70.5,61.5,66.0,66.5,65.5,66.0,65.68,18.517,18.658,18.377,18.517,18.428,280580.0,18429825000.0,0.0,0.0,0.0,0.0,0.0
VIC,2013-08-07,15:08:04,HOSE,STOCK,64.5,70.5,61.5,64.5,66.5,64.0,66.0,65.32,18.097,18.658,17.956,18.517,18.326,506530.0,33088415000.0,0.0,0.0,1.5,0.4208,2.3256
VIC,2013-08-06,15:08:05,HOSE,STOCK,64.0,69.0,60.0,63.5,64.5,63.0,64.5,64.057,17.816,18.097,17.676,18.097,17.972,397020.0,25432000000.0,0.0,0.0,0.5,0.1403,0.7813
VIC,2013-08-05,15:08:04,HOSE,STOCK,63.5,68.0,60.0,63.0,64.0,63.0,64.0,63.57,17.676,17.956,17.676,17.956,17.836,264270.0,16799375000.0,0.0,0.0,0.5,0.1403,0.7874
VIC,2013-08-02,15:08:04,HOSE,STOCK,63.5,67.5,59.5,63.0,64.0,63.0,63.5,63.5,17.676,17.956,17.676,17.816,17.816,171820.0,10910275000.0,0.0,0.0,0.0,0.0,0.0
VIC,2013-08-01,15:08:05,HOSE,STOCK,63.0,67.5,59.5,62.0,63.5,62.0,63.5,63.16,17.395,17.816,17.395,17.816,17.721,185760.0,11733335000.0,0.0,0.0,0.5,0.1403,0.7937
VIC,2013-07-31,15:07:06,HOSE,STOCK,62.0,67.0,59.0,62.0,63.0,61.0,63.0,62.42,17.395,17.676,17.115,17.676,17.513,273900.0,17097845000.0,0.0,0.0,1.0,0.2806,1.6129
VIC,2013-07-30,15:07:10,HOSE,STOCK,63.0,67.0,59.0,63.0,63.5,62.0,62.0,62.28,17.676,17.816,17.395,17.395,17.474,176550.0,10996105000.0,0.0,0.0,-1.0,-0.2806,-1.5873
VIC,2013-07-29,15:07:04,HOSE,STOCK,64.0,68.0,60.0,63.5,64.0,63.0,63.0,63.45,17.816,17.956,17.676,17.676,17.802,1029000.0,65286720000.0,0.0,0.0,-1.0,-0.2806,-1.5625
VIC,2013-07-26,15:07:05,HOSE,STOCK,64.0,68.0,60.0,64.0,64.0,63.0,64.0,63.5,17.956,17.956,17.676,17.956,17.816,3877670.0,246235750000.0,0.0,0.0,0.0,0.0,0.0
VIC,2013-07-25,15:07:04,HOSE,STOCK,63.5,67.5,59.5,63.5,64.0,63.0,64.0,63.53,17.816,17.956,17.676,17.956,17.825,4287660.0,272409720000.0,0.0,0.0,0.5,0.1403,0.7874
VIC,2013-07-24,15:07:04,HOSE,STOCK,63.5,67.5,59.5,63.5,64.0,62.5,63.5,63.42,17.816,17.956,17.535,17.816,17.793,2637950.0,167307110000.0,0.0,0.0,0.0,0.0,0.0
VIC,2013-07-23,15:07:09,HOSE,STOCK,63.5,67.5,59.5,63.5,64.0,63.0,63.5,63.491,17.816,17.956,17.676,17.816,17.813,4466240.0,283567060000.0,0.0,0.0,0.0,0.0,0.0
VIC,2013-07-22,15:07:03,HOSE,STOCK,63.5,67.5,59.5,64.0,64.0,63.0,63.5,63.55,17.956,17.956,17.676,17.816,17.83,4404440.0,279924005000.0,0.0,0.0,0.0,0.0,0.0
VIC,2013-07-19,14:07:05,HOSE,STOCK,63.5,67.5,59.5,64.0,64.5,63.0,64.0,63.742,17.956,18.097,17.676,17.956,17.884,3411160.0,217433000000.0,0.0,0.0,0.5,0.1403,0.7874
VIC,2013-07-18,14:07:05,HOSE,STOCK,64.0,68.0,60.0,63.5,64.5,63.0,63.5,63.7,17.816,18.097,17.676,17.816,17.872,4173320.0,265831665000.0,0.0,0.0,-0.5,-0.1403,-0.7813
VIC,2013-07-17,14:07:05,HOSE,STOCK,64.0,68.0,60.0,64.0,65.0,63.0,64.0,63.83,17.956,18.237,17.676,17.956,17.908,3892710.0,248455580000.0,0.0,0.0,0.0,0.0,0.0
VIC,2013-07-16,14:07:03,HOSE,STOCK,64.5,69.0,60.0,64.5,65.0,63.0,64.0,63.78,18.097,18.237,17.676,17.956,17.894,3291530.0,209923600000.0,0.0,0.0,-0.5,-0.1403,-0.7752
VIC,2013-07-15,14:07:05,HOSE,STOCK,65.0,69.5,60.5,65.0,65.5,63.0,64.5,64.16,18.237,18.377,17.676,18.097,18.0,2470510.0,158499725000.0,0.0,0.0,-0.5,-0.1403,-0.7692
VIC,2013-07-12,14:07:04,HOSE,STOCK,63.5,67.5,59.5,63.5,65.0,63.0,65.0,63.928,17.816,18.237,17.676,18.237,17.936,2300070.0,147040000000.0,0.0,0.0,1.5,0.4209,2.3622
VIC,2013-07-11,14:07:04,HOSE,STOCK,62.5,66.5,58.5,62.5,63.5,62.0,63.5,62.86,17.535,17.816,17.395,17.816,17.636,2499420.0,157123110000.0,0.0,0.0,1.0,0.2806,1.6
VIC,2013-07-10,14:07:05,HOSE,STOCK,63.0,67.0,59.0,63.5,63.5,62.0,62.5,62.63,17.816,17.816,17.395,17.535,17.572,207760.0,13013040000.0,0.0,0.0,-0.5,-0.1403,-0.7937
VIC,2013-07-09,14:07:05,HOSE,STOCK,62.0,66.0,58.0,62.0,63.0,62.0,63.0,62.443,17.395,17.676,17.395,17.676,17.519,280430.0,17511000000.0,0.0,0.0,1.0,0.2806,1.6129
VIC,2013-07-08,14:07:04,HOSE,STOCK,62.0,66.0,58.0,63.0,63.0,61.5,62.0,62.229,17.676,17.676,17.255,17.395,17.46,238650.0,14851000000.0,0.0,0.0,0.0,0.0,0.0
VIC,2013-07-05,14:07:03,HOSE,STOCK,63.0,67.0,59.0,63.5,63.5,62.5,63.0,62.9,17.816,17.816,17.535,17.676,17.647,144780.0,9107360000.0,0.0,0.0,0.0,0.0,0.0
VIC,2013-07-04,14:07:04,HOSE,STOCK,63.5,67.5,59.5,63.5,64.5,63.0,63.0,63.89,17.816,18.097,17.676,17.676,17.924,1982700.0,126668840000.0,0.0,0.0,-0.5,-0.1403,-0.7874
VIC,2013-07-03,14:07:06,HOSE,STOCK,63.5,67.5,59.5,63.5,64.0,62.5,63.5,63.39,17.816,17.956,17.535,17.816,17.785,514930.0,32639860000.0,0.0,0.0,0.0,0.0,0.0
VIC,2013-07-02,14:07:05,HOSE,STOCK,61.5,65.5,57.5,62.0,64.0,61.5,63.5,62.88,17.395,17.956,17.255,17.816,17.642,413990.0,26030815000.0,0.0,0.0,2.0,0.5611,3.252
VIC,2013-07-01,14:07:04,HOSE,STOCK,62.5,66.5,58.5,62.5,62.5,61.0,61.5,61.52,17.535,17.535,17.115,17.255,17.26,155160.0,9545490000.0,0.0,0.0,-1.0,-0.2806,-1.6
VIC,2013-06-28,14:06:04,HOSE,STOCK,63.0,67.0,59.0,63.0,63.5,62.5,62.5,62.77,17.676,17.816,17.535,17.535,17.611,320100.0,20093380000.0,0.0,0.0,-0.5,-0.1403,-0.7937
VIC,2013-06-27,14:06:05,HOSE,STOCK,61.5,65.5,57.5,61.5,63.0,61.5,63.0,62.5,17.255,17.676,17.255,17.676,17.535,345020.0,21562375000.0,0.0,0.0,1.5,0.4209,2.439
VIC,2013-06-26,14:06:03,HOSE,STOCK,61.5,65.5,57.5,61.5,62.0,60.0,61.5,61.02,17.255,17.395,16.834,17.255,17.12,1003120.0,61212340000.0,0.0,0.0,0.0,0.0,0.0
VIC,2013-06-25,14:06:04,HOSE,STOCK,62.5,66.5,58.5,62.5,62.5,59.5,61.5,60.74,17.535,17.535,16.693,17.255,17.042,946390.0,57486965000.0,0.0,0.0,-1.0,-0.2806,-1.6
VIC,2013-06-24,14:06:05,HOSE,STOCK,63.0,67.0,59.0,63.5,64.0,62.0,62.5,62.605,17.816,17.956,17.395,17.535,17.564,755930.0,47325000000.0,0.0,0.0,-0.5,-0.1403,-0.7937
VIC,2013-06-21,14:06:04,HOSE,STOCK,63.5,67.5,59.5,63.0,64.0,62.5,63.0,63.211,17.676,17.956,17.535,17.676,17.734,635240.0,40154000000.0,0.0,0.0,-0.5,-0.1403,-0.7874
VIC,2013-06-20,14:06:05,HOSE,STOCK,64.0,68.0,60.0,64.0,64.5,63.5,63.5,63.755,17.956,18.097,17.816,17.816,17.888,357810.0,22812000000.0,0.0,0.0,-0.5,-0.1403,-0.7813
VIC,2013-06-19,14:06:04,HOSE,STOCK,64.0,68.0,60.0,65.0,65.0,64.0,64.0,64.119,18.237,18.237,17.956,17.956,17.989,951470.0,61007000000.0,0.0,0.0,0.0,0.0,0.0
VIC,2013-06-18,14:06:05,HOSE,STOCK,64.0,68.0,60.0,64.5,65.0,64.0,64.0,64.3,18.097,18.237,17.956,17.956,18.04,1364110.0,87707275000.0,0.0,0.0,0.0,0.0,0.0
VIC,2013-06-17,14:06:04,HOSE,STOCK,65.0,69.5,60.5,65.5,65.5,63.5,64.0,64.21,18.377,18.377,17.816,17.956,18.016,1538990.0,98819320000.0,0.0,0.0,-1.0,-0.2806,-1.5385
VIC,2013-06-14,14:06:04,HOSE,STOCK,68.0,72.5,63.5,68.0,68.0,65.0,65.0,66.244,19.079,19.079,18.237,18.237,18.586,1565440.0,103701000000.0,0.0,0.0,-3.0,-0.8417,-4.4118
VIC,2013-06-13,14:06:04,HOSE,STOCK,69.0,73.5,64.5,68.5,69.5,67.0,68.0,67.99,19.219,19.499,18.798,19.079,19.075,643900.0,43775915000.0,0.0,0.0,-1.0,-0.2806,-1.4493
VIC,2013-06-12,14:06:04,HOSE,STOCK,68.5,73.0,64.0,69.0,70.0,68.5,69.0,69.29,19.359,19.639,19.219,19.359,19.44,650840.0,45096430000.0,0.0,0.0,0.5,0.1403,0.7299
VIC,2013-06-11,14:06:05,HOSE,STOCK,70.0,74.5,65.5,70.5,70.5,68.0,68.5,68.67,19.78,19.78,19.079,19.219,19.266,1013170.0,69569450000.0,0.0,0.0,-1.5,-0.4209,-2.1429
VIC,2013-06-10,14:06:04,HOSE,STOCK,69.5,74.0,65.0,72.0,72.0,70.0,70.0,70.96,20.201,20.201,19.639,19.639,19.909,1263220.0,89635105000.0,0.0,0.0,0.5,0.1403,0.7194
VIC,2013-06-07,14:06:04,HOSE,STOCK,68.5,73.0,64.0,68.5,69.5,68.0,69.5,68.5,19.219,19.499,19.079,19.499,19.219,906520.0,62096335000.0,0.0,0.0,1.0,0.2806,1.4599
VIC,2013-06-06,14:06:07,HOSE,STOCK,69.5,74.0,65.0,69.0,69.5,68.5,68.5,69.09,19.359,19.499,19.219,19.219,19.384,549640.0,37974800000.0,0.0,0.0,-1.0,-0.2806,-1.4388
VIC,2013-06-05,14:06:04,HOSE,STOCK,71.5,76.5,66.5,71.0,71.0,69.5,69.5,69.991,19.92,19.92,19.499,19.499,19.637,635050.0,44448000000.0,0.0,0.0,-2.0,-0.5611,-2.7972
VIC,2013-06-04,14:06:07,HOSE,STOCK,69.0,73.5,64.5,73.5,73.5,71.5,71.5,72.4,20.621,20.621,20.06,20.06,20.312,2422400.0,175376170000.0,0.0,0.0,2.5,0.7014,3.6232
VIC,2013-06-03,14:06:05,HOSE,STOCK,68.0,72.5,63.5,68.0,70.0,67.0,69.0,69.13,19.079,19.639,18.798,19.359,19.396,183400.0,12678450000.0,0.0,0.0,1.0,0.2806,1.4706
VIC,2013-05-31,14:05:04,HOSE,STOCK,71.5,76.5,66.5,73.0,73.0,68.0,68.0,69.687,20.481,20.481,19.079,19.079,19.552,759040.0,52895000000.0,0.0,0.0,-3.5,-0.982,-4.8951
VIC,2013-05-30,14:05:05,HOSE,STOCK,71.5,76.5,66.5,73.5,75.5,71.5,71.5,72.52,20.621,21.183,20.06,20.06,20.347,1325820.0,96142695000.0,0.0,0.0,0.0,0.0,0.0
VIC,2013-05-29,14:05:03,HOSE,STOCK,67.0,71.5,62.5,67.5,71.5,65.0,71.5,69.21,18.938,20.06,18.237,20.06,19.418,848370.0,58714155000.0,0.0,0.0,4.5,1.2625,6.7164
VIC,2013-05-28,14:05:05,HOSE,STOCK,67.0,71.5,62.5,67.0,68.0,66.5,67.0,67.3,18.798,19.079,18.658,18.798,18.883,243170.0,16365070000.0,0.0,0.0,0.0,0.0,0.0
VIC,2013-05-27,14:05:04,HOSE,STOCK,65.0,69.5,60.5,65.0,67.5,65.0,67.0,66.32,18.237,18.938,18.237,18.798,18.606,255140.0,16921075000.0,0.0,0.0,2.0,0.5611,3.0769
VIC,2013-05-24,14:05:03,HOSE,STOCK,64.0,68.0,60.0,64.0,65.5,64.0,65.0,64.912,17.956,18.377,17.956,18.237,18.212,355190.0,23056000000.0,0.0,0.0,1.0,0.2806,1.5625
VIC,2013-05-23,14:05:05,HOSE,STOCK,66.0,70.5,61.5,66.0,66.0,64.0,64.0,65.201,18.517,18.517,17.956,17.956,18.292,199720.0,13022000000.0,0.0,0.0,-2.0,-0.5611,-3.0303
VIC,2013-05-22,14:05:04,HOSE,STOCK,64.5,69.0,60.0,64.0,66.0,64.0,66.0,65.06,17.956,18.517,17.956,18.517,18.254,246700.0,16051275000.0,0.0,0.0,1.5,0.4208,2.3256
VIC,2013-05-21,14:05:05,HOSE,STOCK,64.0,68.0,60.0,63.0,64.5,63.0,64.5,64.07,17.676,18.097,17.676,18.097,17.976,31840.0,2040000000.0,0.0,0.0,0.5,0.1403,0.7813
VIC,2013-05-20,14:05:05,HOSE,STOCK,64.0,68.0,60.0,64.0,64.0,63.0,64.0,63.986,17.956,17.956,17.676,17.956,17.953,20020.0,1281000000.0,0.0,0.0,0.0,0.0,0.0
VIC,2013-05-17,14:05:03,HOSE,STOCK,63.5,67.5,59.5,64.0,64.0,63.5,64.0,63.577,17.956,17.956,17.816,17.956,17.837,41100.0,2613000000.0,0.0,0.0,0.5,0.1403,0.7874
VIC,2013-05-16,14:05:07,HOSE,STOCK,64.0,68.0,60.0,64.5,64.5,63.5,63.5,63.873,18.097,18.097,17.816,17.816,17.921,58710.0,3750000000.0,0.0,0.0,-0.5,-0.1403,-0.7813
VIC,2013-05-15,14:05:04,HOSE,STOCK,64.5,69.0,60.0,64.5,64.5,63.5,64.0,63.586,18.097,18.097,17.816,17.956,17.839,115010.0,7313000000.0,0.0,0.0,-0.5,-0.1403,-0.7752
VIC,2013-05-14,14:05:05,HOSE,STOCK,64.5,69.0,60.0,64.5,64.5,63.5,64.5,64.103,18.097,18.097,17.816,18.097,17.985,35240.0,2259000000.0,0.0,0.0,0.0,0.0,0.0
VIC,2013-05-13,14:05:05,HOSE,STOCK,64.0,68.0,60.0,64.0,64.5,63.0,64.5,64.173,17.956,18.097,17.676,18.097,18.005,82340.0,5284000000.0,0.0,0.0,0.5,0.1403,0.7813
VIC,2013-05-10,14:05:04,HOSE,STOCK,64.5,69.0,60.0,64.5,65.0,62.5,64.0,63.457,18.097,18.237,17.535,17.956,17.804,144130.0,9146000000.0,0.0,0.0,-0.5,-0.1403,-0.7752
VIC,2013-05-09,14:05:04,HOSE,STOCK,64.5,69.0,60.0,63.5,64.5,63.5,64.5,64.195,17.816,18.097,17.816,18.097,18.011,61220.0,3930000000.0,0.0,0.0,0.0,0.0,0.0
VIC,2013-05-08,14:05:03,HOSE,STOCK,64.0,68.0,60.0,64.0,64.5,64.0,64.5,64.226,17.956,18.097,17.956,18.097,18.02,69240.0,4447000000.0,0.0,0.0,0.5,0.1403,0.7813
VIC,2013-05-07,14:05:05,HOSE,STOCK,64.0,68.0,60.0,64.0,64.5,63.5,64.0,63.933,17.956,18.097,17.816,17.956,17.937,340450.0,21766000000.0,0.0,0.0,0.0,0.0,0.0
VIC,2013-05-06,14:05:04,HOSE,STOCK,63.5,67.5,59.5,64.0,64.5,64.0,64.0,64.045,17.956,18.097,17.956,17.956,17.969,77570.0,4968000000.0,0.0,0.0,0.5,0.1403,0.7874
VIC,2013-05-03,14:05:03,HOSE,STOCK,63.5,67.5,59.5,62.5,64.0,62.5,63.5,63.505,17.535,17.956,17.535,17.816,17.818,73490.0,4667000000.0,0.0,0.0,0.0,0.0,0.0
VIC,2013-05-02,14:05:05,HOSE,STOCK,62.0,66.0,58.0,61.0,64.0,61.0,63.5,63.222,17.115,17.956,17.115,17.816,17.738,157650.0,9967000000.0,0.0,0.0,1.5,0.4209,2.4194
VIC,2013-04-26,14:04:03,HOSE,STOCK,62.0,66.0,58.0,61.0,62.0,61.0,62.0,61.579,17.115,17.395,17.115,17.395,17.276,82480.0,5079000000.0,0.0,0.0,0.0,0.0,0.0
VIC,2013-04-25,14:04:04,HOSE,STOCK,61.0,65.0,57.0,61.5,62.0,61.0,62.0,61.459,17.255,17.395,17.115,17.395,17.243,59080.0,3631000000.0,0.0,0.0,1.0,0.2806,1.6393
VIC,2013-04-24,14:04:03,HOSE,STOCK,61.5,65.5,57.5,61.0,61.5,61.0,61.0,61.16,17.115,17.255,17.115,17.115,17.159,181360.0,11092000000.0,0.0,0.0,-0.5,-0.1403,-0.813
VIC,2013-04-23,14:04:05,HOSE,STOCK,61.0,65.0,57.0,61.5,61.5,60.5,61.5,61.063,17.255,17.255,16.975,17.255,17.132,90120.0,5503000000.0,0.0,0.0,0.5,0.1403,0.8197
VIC,2013-04-22,14:04:09,HOSE,STOCK,61.5,65.5,57.5,61.0,61.5,60.0,61.0,60.304,17.115,17.255,16.834,17.115,16.919,204960.0,12360000000.0,0.0,0.0,-0.5,-0.1403,-0.813
VIC,2013-04-18,14:04:06,HOSE,STOCK,62.0,66.0,58.0,60.5,61.5,60.0,61.5,60.671,16.975,17.255,16.834,17.255,17.022,463190.0,28102000000.0,0.0,0.0,-0.5,-0.1403,-0.8065
VIC,2013-04-17,14:04:07,HOSE,STOCK,62.0,66.0,58.0,62.0,63.0,61.0,62.0,61.867,17.395,17.676,17.115,17.395,17.357,109460.0,6772000000.0,0.0,0.0,0.0,0.0,0.0
VIC,2013-04-16,14:04:07,HOSE,STOCK,62.0,66.0,58.0,61.0,62.0,59.5,62.0,60.452,17.115,17.395,16.693,17.395,16.961,246990.0,14931000000.0,0.0,0.0,0.0,0.0,0.0
VIC,2013-04-15,14:04:04,HOSE,STOCK,63.5,67.5,59.5,63.5,63.5,60.0,62.0,62.049,17.816,17.816,16.834,17.395,17.408,82290.0,5106000000.0,0.0,0.0,-1.5,-0.4208,-2.3622
VIC,2013-04-12,14:04:04,HOSE,STOCK,64.0,68.0,60.0,64.0,64.0,62.5,63.5,63.275,17.956,17.956,17.535,17.816,17.753,98270.0,6218000000.0,0.0,0.0,-0.5,-0.1403,-0.7813
VIC,2013-04-11,14:04:05,HOSE,STOCK,63.0,67.0,59.0,63.0,64.0,62.5,64.0,62.856,17.676,17.956,17.535,17.956,17.636,133050.0,8363000000.0,0.0,0.0,1.0,0.2806,1.5873
VIC,2013-04-10,14:04:04,HOSE,STOCK,64.0,68.0,60.0,64.0,64.0,63.0,63.0,63.49,17.956,17.956,17.676,17.676,17.813,505340.0,32084000000.0,0.0,0.0,-1.0,-0.2806,-1.5625
VIC,2013-04-09,14:04:04,HOSE,STOCK,65.0,69.5,60.5,64.5,65.0,63.5,64.0,64.25,18.097,18.237,17.816,17.956,18.026,141820.0,9112000000.0,0.0,0.0,-1.0,-0.2806,-1.5385
VIC,2013-04-08,14:04:04,HOSE,STOCK,65.0,69.5,60.5,66.0,66.0,64.5,65.0,65.109,18.517,18.517,18.097,18.237,18.267,99740.0,6494000000.0,0.0,0.0,0.0,0.0,0.0
VIC,2013-04-05,14:04:04,HOSE,STOCK,63.5,67.5,59.5,64.5,65.5,64.0,65.0,64.978,18.097,18.377,17.956,18.237,18.231,218290.0,14184000000.0,0.0,0.0,1.5,0.4209,2.3622
VIC,2013-04-04,14:04:05,HOSE,STOCK,64.5,69.0,60.0,65.0,65.0,62.5,63.5,63.42,18.237,18.237,17.535,17.816,17.793,116840.0,7410000000.0,0.0,0.0,-1.0,-0.2806,-1.5504
VIC,2013-04-03,14:04:03,HOSE,STOCK,66.0,70.5,61.5,65.0,66.0,63.5,64.5,64.628,18.237,18.517,17.816,18.097,18.132,124760.0,8063000000.0,0.0,0.0,-1.5,-0.4209,-2.2727
VIC,2013-04-02,14:04:04,HOSE,STOCK,65.5,70.0,61.0,64.5,66.0,64.5,66.0,65.402,18.097,18.517,18.097,18.517,18.349,95700.0,6259000000.0,0.0,0.0,0.5,0.1403,0.7634
VIC,2013-04-01,14:04:04,HOSE,STOCK,63.5,67.5,59.5,64.0,65.5,63.5,65.5,64.341,17.956,18.377,17.816,18.377,18.051,88590.0,5700000000.0,0.0,0.0,2.0,0.5611,3.1496
VIC,2013-03-29,14:03:04,HOSE,STOCK,64.0,68.0,60.0,63.0,64.0,63.0,63.5,63.415,17.676,17.956,17.676,17.816,17.793,36080.0,2288000000.0,0.0,0.0,-0.5,-0.1403,-0.7813
VIC,2013-03-28,14:03:05,HOSE,STOCK,64.5,69.0,60.0,65.0,65.0,63.0,64.0,63.691,18.237,18.237,17.676,17.956,17.868,135090.0,8604000000.0,0.0,0.0,-0.5,-0.1403,-0.7752
VIC,2013-03-27,14:03:03,HOSE,STOCK,66.0,70.5,61.5,66.0,66.0,64.5,64.5,64.913,18.517,18.517,18.097,18.097,18.212,114830.0,7454000000.0,0.0,0.0,-1.5,-0.4209,-2.2727
VIC,2013-03-26,14:03:05,HOSE,STOCK,66.5,71.0,62.0,67.0,67.5,66.0,66.0,66.645,18.798,18.938,18.517,18.517,18.699,154130.0,10272000000.0,0.0,0.0,-0.5,-0.1403,-0.7519
VIC,2013-03-25,14:03:09,HOSE,STOCK,65.0,69.5,60.5,65.0,67.0,65.0,66.5,66.221,18.237,18.798,18.237,18.658,18.58,286920.0,19000000000.0,0.0,0.0,1.5,0.4209,2.3077
VIC,2013-03-22,14:03:04,HOSE,STOCK,65.5,70.0,61.0,65.5,67.5,65.0,65.0,66.499,18.377,18.938,18.237,18.237,18.657,210740.0,14014000000.0,0.0,0.0,-0.5,-0.1403,-0.7634
VIC,2013-03-21,14:03:05,HOSE,STOCK,65.0,69.5,60.5,65.0,66.0,65.0,65.5,65.233,18.237,18.517,18.237,18.377,18.302,94400.0,6158000000.0,0.0,0.0,0.5,0.1403,0.7692
VIC,2013-03-20,14:03:12,HOSE,STOCK,64.5,69.0,60.0,64.0,65.0,64.0,65.0,64.704,17.956,18.237,17.956,18.237,18.153,61650.0,3989000000.0,0.0,0.0,0.5,0.1403,0.7752
VIC,2013-03-19,14:03:05,HOSE,STOCK,64.5,69.0,60.0,64.0,65.5,64.0,64.5,64.785,17.956,18.377,17.956,18.097,18.177,58810.0,3810000000.0,0.0,0.0,0.0,0.0,0.0
VIC,2013-03-18,14:03:04,HOSE,STOCK,65.5,70.0,61.0,65.5,66.0,64.5,64.5,65.378,18.377,18.517,18.097,18.097,18.343,102710.0,6715000000.0,0.0,0.0,-1.0,-0.2806,-1.5267
VIC,2013-03-15,14:03:05,HOSE,STOCK,64.0,68.0,60.0,64.5,65.5,64.0,65.5,65.155,18.097,18.377,17.956,18.377,18.28,415500.0,27072000000.0,0.0,0.0,1.5,0.4208,2.3438
VIC,2013-03-14,14:03:05,HOSE,STOCK,63.5,67.5,59.5,63.5,64.0,63.0,64.0,63.702,17.816,17.956,17.676,17.956,17.873,75210.0,4791000000.0,0.0,0.0,0.5,0.1403,0.7874
VIC,2013-03-13,14:03:03,HOSE,STOCK,63.5,67.5,59.5,64.5,65.0,63.0,63.5,63.612,18.097,18.237,17.676,17.816,17.848,144800.0,9211000000.0,0.0,0.0,0.0,0.0,0.0
VIC,2013-03-12,14:03:05,HOSE,STOCK,66.0,70.5,61.5,65.0,65.5,63.5,63.5,63.891,18.237,18.377,17.816,17.816,17.925,169070.0,10802000000.0,0.0,0.0,-2.5,-0.7014,-3.7879
VIC,2013-03-11,14:03:05,HOSE,STOCK,65.0,69.5,60.5,65.0,66.0,64.5,66.0,65.155,18.237,18.517,18.097,18.517,18.28,74730.0,4869000000.0,0.0,0.0,1.0,0.2806,1.5385
VIC,2013-03-08,14:03:03,HOSE,STOCK,64.5,69.0,60.0,65.0,65.5,64.5,65.0,64.873,18.237,18.377,18.097,18.237,18.202,73590.0,4774000000.0,0.0,0.0,0.5,0.1403,0.7752
VIC,2013-03-07,14:03:05,HOSE,STOCK,66.0,70.5,61.5,66.0,66.0,64.5,64.5,65.113,18.517,18.517,18.097,18.097,18.268,283370.0,18451000000.0,0.0,0.0,-1.5,-0.4209,-2.2727
VIC,2013-03-06,14:03:07,HOSE,STOCK,66.0,70.5,61.5,68.0,68.0,65.5,66.0,66.158,19.079,19.079,18.377,18.517,18.562,94290.0,6238000000.0,0.0,0.0,0.0,0.0,0.0
VIC,2013-03-05,14:03:08,HOSE,STOCK,68.0,72.5,63.5,67.5,67.5,66.0,66.0,66.402,18.938,18.938,18.517,18.517,18.63,201440.0,13376000000.0,0.0,0.0,-2.0,-0.5611,-2.9412
VIC,2013-03-04,14:03:04,HOSE,STOCK,66.0,70.5,61.5,67.5,70.0,66.5,68.0,68.293,18.938,19.639,18.658,19.079,19.161,379190.0,25896000000.0,0.0,0.0,2.0,0.5611,3.0303
VIC,2013-03-01,14:03:05,HOSE,STOCK,67.0,71.5,62.5,68.0,68.0,66.0,66.0,67.17,19.079,19.079,18.517,18.517,18.845,132410.0,8894000000.0,0.0,0.0,-1.0,-0.2806,-1.4925
VIC,2013-02-28,14:02:05,HOSE,STOCK,63.5,67.5,59.5,63.5,67.5,63.5,67.0,66.045,17.816,18.938,17.816,18.798,18.53,551700.0,36437000000.0,0.0,0.0,3.5,0.982,5.5118
VIC,2013-02-27,14:02:03,HOSE,STOCK,62.5,66.5,58.5,62.5,63.5,62.0,63.5,62.538,17.535,17.816,17.395,17.816,17.547,115050.0,7195000000.0,0.0,0.0,1.0,0.2806,1.6
VIC,2013-02-26,14:02:05,HOSE,STOCK,65.0,69.5,60.5,64.5,64.5,61.5,62.5,63.091,18.097,18.097,17.255,17.535,17.701,145630.0,9188000000.0,0.0,0.0,-2.5,-0.7014,-3.8462
VIC,2013-02-25,14:02:04,HOSE,STOCK,64.0,68.0,60.0,65.0,65.0,64.0,65.0,64.657,18.237,18.237,17.956,18.237,18.14,60860.0,3935000000.0,0.0,0.0,1.0,0.2806,1.5625
VIC,2013-02-22,14:02:04,HOSE,STOCK,65.0,69.5,60.5,65.0,66.0,63.5,64.0,64.583,18.237,18.517,17.816,17.956,18.12,109240.0,7055000000.0,0.0,0.0,-1.0,-0.2806,-1.5385
VIC,2013-02-21,14:02:04,HOSE,STOCK,67.0,71.5,62.5,66.5,67.0,65.0,65.0,66.137,18.658,18.798,18.237,18.237,18.556,91840.0,6074000000.0,0.0,0.0,-2.0,-0.5611,-2.9851
VIC,2013-02-20,14:02:04,HOSE,STOCK,67.0,71.5,62.5,67.5,67.5,66.5,67.0,67.01,18.938,18.938,18.658,18.798,18.801,145770.0,9768000000.0,0.0,0.0,0.0,0.0,0.0
VIC,2013-02-19,14:02:05,HOSE,STOCK,66.0,70.5,61.5,68.0,68.0,66.5,67.0,67.052,19.079,19.079,18.658,18.798,18.812,463190.0,31058000000.0,0.0,0.0,1.0,0.2806,1.5152
VIC,2013-02-18,14:02:04,HOSE,STOCK,67.5,72.0,63.0,67.5,67.5,66.0,66.0,66.774,18.938,18.938,18.517,18.517,18.734,117770.0,7864000000.0,0.0,0.0,-1.5,-0.4208,-2.2222
VIC,2013-02-08,14:02:05,HOSE,STOCK,67.5,72.0,63.0,67.0,68.0,66.0,67.5,67.035,18.798,19.079,18.517,18.938,18.807,96950.0,6499000000.0,0.0,0.0,0.0,0.0,0.0
VIC,2013-02-07,14:02:05,HOSE,STOCK,67.5,72.0,63.0,68.0,68.0,67.0,67.5,67.078,19.079,19.079,18.798,18.938,18.82,104460.0,7007000000.0,0.0,0.0,0.0,0.0,0.0
VIC,2013-02-06,14:02:04,HOSE,STOCK,67.0,71.5,62.5,68.0,68.0,67.0,67.5,67.439,19.079,19.079,18.798,18.938,18.921,175610.0,11843000000.0,0.0,0.0,0.5,0.1403,0.7463
VIC,2013-02-05,14:02:05,HOSE,STOCK,67.0,71.5,62.5,67.0,68.0,67.0,67.0,67.026,18.798,19.079,18.798,18.798,18.804,741040.0,49669000000.0,0.0,0.0,0.0,0.0,0.0
VIC,2013-02-04,14:02:05,HOSE,STOCK,67.0,71.5,62.5,67.0,67.5,67.0,67.0,67.01,18.798,18.938,18.798,18.798,18.801,244350.0,16374000000.0,0.0,0.0,0.0,0.0,0.0
VIC,2013-02-01,14:02:06,HOSE,STOCK,66.5,71.0,62.0,66.5,67.0,66.0,67.0,66.582,18.658,18.798,18.517,18.798,18.682,188520.0,12552000000.0,0.0,0.0,0.5,0.1403,0.7519
VIC,2013-01-31,14:01:05,HOSE,STOCK,67.0,71.5,62.5,66.0,67.0,66.0,66.5,66.384,18.517,18.798,18.517,18.658,18.625,131930.0,8758000000.0,0.0,0.0,-0.5,-0.1403,-0.7463
VIC,2013-01-30,14:01:03,HOSE,STOCK,67.0,71.5,62.5,67.0,67.5,66.5,67.0,67.009,18.798,18.938,18.658,18.798,18.801,596680.0,39983000000.0,0.0,0.0,0.0,0.0,0.0
VIC,2013-01-29,14:01:05,HOSE,STOCK,67.0,71.5,62.5,67.0,67.5,66.5,67.0,66.965,18.798,18.938,18.658,18.798,18.788,312550.0,20930000000.0,0.0,0.0,0.0,0.0,0.0
VIC,2013-01-28,14:01:04,HOSE,STOCK,66.0,70.5,61.5,67.5,68.0,67.0,67.0,67.285,18.938,19.079,18.798,18.798,18.877,331350.0,22295000000.0,0.0,0.0,1.0,0.2806,1.5152
VIC,2013-01-25,14:01:03,HOSE,STOCK,65.5,70.0,61.0,65.5,66.5,65.5,66.0,65.97,18.377,18.658,18.377,18.517,18.508,352190.0,23234000000.0,0.0,0.0,0.5,0.1403,0.7634
VIC,2013-01-24,14:01:04,HOSE,STOCK,65.5,70.0,61.0,65.5,66.0,65.0,65.5,65.436,18.377,18.517,18.237,18.377,18.359,248840.0,16283000000.0,0.0,0.0,0.0,0.0,0.0
VIC,2013-01-23,14:01:04,HOSE,STOCK,65.0,69.5,60.5,65.5,66.5,65.0,65.5,65.566,18.377,18.658,18.237,18.377,18.396,305690.0,20043000000.0,0.0,0.0,0.5,0.1403,0.7692
VIC,2013-01-22,14:01:05,HOSE,STOCK,84.0,67.5,59.0,67.0,67.0,64.5,65.0,65.127,18.798,18.798,18.097,18.237,18.272,200700.0,13071000000.0,0.0,0.0,-19.0,-5.3308,-22.619
VIC,2013-01-21,14:01:04,HOSE,STOCK,85.0,90.5,79.5,84.5,85.5,84.0,84.0,84.538,17.892,18.104,17.787,17.787,17.9,133100.0,11252000000.0,0.0,0.0,-1.0,-0.2118,-1.1765
VIC,2013-01-18,14:01:03,HOSE,STOCK,85.0,90.5,79.5,85.0,85.5,84.5,85.0,84.887,17.999,18.104,17.892,17.999,17.974,205380.0,17434000000.0,0.0,0.0,0.0,0.0,0.0
VIC,2013-01-17,14:01:05,HOSE,STOCK,84.5,90.0,79.0,85.0,85.5,84.5,85.0,84.976,17.999,18.104,17.892,17.999,17.994,137110.0,11651000000.0,0.0,0.0,0.5,0.1059,0.5917
VIC,2013-01-16,14:01:03,HOSE,STOCK,83.5,89.0,78.0,85.0,85.5,83.5,84.5,84.639,17.999,18.104,17.681,17.892,17.922,237940.0,20139000000.0,0.0,0.0,1.0,0.2117,1.1976
VIC,2013-01-15,14:01:05,HOSE,STOCK,83.5,89.0,78.0,85.0,85.5,83.5,83.5,84.117,17.999,18.104,17.681,17.681,17.812,160930.0,13537000000.0,0.0,0.0,0.0,0.0,0.0
VIC,2013-01-14,14:01:11,HOSE,STOCK,83.5,87.5,79.5,84.0,84.0,83.0,83.5,83.514,17.787,17.787,17.575,17.681,17.684,215400.0,17989000000.0,0.0,0.0,0.0,0.0,0.0
VIC,2013-01-11,14:01:04,HOSE,STOCK,83.0,87.0,79.0,84.5,84.5,82.5,83.5,83.394,17.892,17.892,17.469,17.681,17.658,171140.0,14272000000.0,0.0,0.0,0.5,0.1059,0.6024
VIC,2013-01-10,14:01:05,HOSE,STOCK,83.0,87.0,79.0,83.0,83.0,81.0,83.0,82.468,17.575,17.575,17.151,17.575,17.462,120980.0,9977000000.0,0.0,0.0,0.0,0.0,0.0
VIC,2013-01-09,14:01:04,HOSE,STOCK,84.5,88.5,80.5,84.5,84.5,83.0,83.0,83.848,17.892,17.892,17.575,17.575,17.755,81350.0,6821000000.0,0.0,0.0,-1.5,-0.3176,-1.7751
VIC,2013-01-08,14:01:05,HOSE,STOCK,83.5,87.5,79.5,84.5,85.0,83.5,84.5,84.235,17.892,17.999,17.681,17.892,17.836,363210.0,30595000000.0,0.0,0.0,1.0,0.2117,1.1976
VIC,2013-01-07,14:01:04,HOSE,STOCK,80.0,84.0,76.0,80.5,84.0,80.5,83.5,83.103,17.046,17.787,17.046,17.681,17.596,370650.0,30802000000.0,0.0,0.0,3.5,0.7411,4.375
VIC,2013-01-04,14:01:07,HOSE,STOCK,80.0,84.0,76.0,80.0,80.5,79.0,80.0,79.924,16.94,17.046,16.728,16.94,16.924,162880.0,13018000000.0,0.0,0.0,0.0,0.0,0.0
VIC,2013-01-03,14:01:06,HOSE,STOCK,80.0,84.0,76.0,80.0,80.0,79.0,80.0,79.702,16.94,16.94,16.728,16.94,16.876,118830.0,9471000000.0,0.0,0.0,0.0,0.0,0.0
VIC,2013-01-02,14:01:04,HOSE,STOCK,80.0,84.0,76.0,79.5,82.0,79.0,80.0,80.622,16.834,17.364,16.728,16.94,17.072,106720.0,8604000000.0,0.0,0.0,0.0,0.0,0.0
