code,date,time,floor,type,basicPrice,ceilingPrice,floorPrice,open,high,low,close,average,adOpen,adHigh,adLow,adClose,adAverage,nmVolume,nmValue,ptVolume,ptValue,change,adChange,pctChange
GVR,2025-11-03,15:11:02,HOSE,STOCK,29.05,31.05,27.05,29.1,29.45,28.35,28.35,29.041,29.1,29.45,28.35,28.35,29.041,5166700.0,150048290000.0,0.0,0.0,-0.7,-0.7,-2.4096
GVR,2025-10-31,15:10:02,HOSE,STOCK,28.35,30.3,26.4,28.35,29.5,28.15,29.05,29.022,28.35,29.5,28.15,29.05,29.022,7002600.0,203230735000.0,0.0,0.0,0.7,0.7,2.4691
GVR,2025-10-30,15:10:03,HOSE,STOCK,28.1,30.05,26.15,28.3,28.55,27.6,28.35,28.048,28.3,28.55,27.6,28.35,28.048,3349800.0,93954760000.0,0.0,0.0,0.25,0.25,0.8897
GVR,2025-10-29,15:10:02,HOSE,STOCK,27.55,29.45,25.65,27.75,28.6,27.45,28.1,28.179,27.75,28.6,27.45,28.1,28.179,3912600.0,110253975000.0,0.0,0.0,0.55,0.55,1.9964
GVR,2025-10-28,15:10:03,HOSE,STOCK,27.4,29.3,25.5,27.5,27.6,26.75,27.55,27.193,27.5,27.6,26.75,27.55,27.193,1413900.0,38448485000.0,0.0,0.0,0.15,0.15,0.5474
GVR,2025-10-27,15:10:01,HOSE,STOCK,26.55,28.4,24.7,27.1,28.15,27.1,27.4,27.59,27.1,28.15,27.1,27.4,27.59,3939900.0,108700695000.0,0.0,0.0,0.85,0.85,3.2015
GVR,2025-10-24,15:10:03,HOSE,STOCK,26.1,27.9,24.3,26.2,27.0,26.0,26.55,26.432,26.2,27.0,26.0,26.55,26.432,1636800.0,43263610000.0,0.0,0.0,0.45,0.45,1.7241
GVR,2025-10-23,15:10:01,HOSE,STOCK,26.5,28.35,24.65,26.7,26.75,26.1,26.1,26.406,26.7,26.75,26.1,26.1,26.406,872300.0,23034335000.0,0.0,0.0,-0.4,-0.4,-1.5094
GVR,2025-10-22,15:10:02,HOSE,STOCK,25.4,27.15,23.65,25.7,26.5,25.55,26.5,25.893,25.7,26.5,25.55,26.5,25.893,2127900.0,55096745000.0,0.0,0.0,1.1,1.1,4.3307
GVR,2025-10-21,15:10:02,HOSE,STOCK,25.25,27.0,23.5,25.0,25.9,24.5,25.4,25.291,25.0,25.9,24.5,25.4,25.291,3055400.0,77274530000.0,0.0,0.0,0.15,0.15,0.5941
GVR,2025-10-20,15:10:02,HOSE,STOCK,27.1,28.95,25.25,27.0,27.3,25.25,25.25,26.284,27.0,27.3,25.25,25.25,26.284,3351500.0,88089945000.0,0.0,0.0,-1.85,-1.85,-6.8266
GVR,2025-10-17,15:10:02,HOSE,STOCK,27.2,29.1,25.3,27.4,27.65,27.1,27.1,27.38,27.4,27.65,27.1,27.1,27.38,2038900.0,55824405000.0,0.0,0.0,-0.1,-0.1,-0.3676
GVR,2025-10-16,15:10:01,HOSE,STOCK,27.45,29.35,25.55,27.6,27.7,27.1,27.2,27.321,27.6,27.7,27.1,27.2,27.321,3624800.0,99031425000.0,0.0,0.0,-0.25,-0.25,-0.9107
GVR,2025-10-15,15:10:01,HOSE,STOCK,27.85,29.75,25.95,27.85,28.05,27.25,27.45,27.598,27.85,28.05,27.25,27.45,27.598,2559800.0,70646375000.0,0.0,0.0,-0.4,-0.4,-1.4363
GVR,2025-10-14,15:10:02,HOSE,STOCK,28.5,30.45,26.55,28.75,28.75,27.8,27.85,28.117,28.75,28.75,27.8,27.85,28.117,2466800.0,69359760000.0,0.0,0.0,-0.65,-0.65,-2.2807
GVR,2025-10-13,15:10:01,HOSE,STOCK,28.05,30.0,26.1,27.9,28.95,27.85,28.5,28.339,27.9,28.95,27.85,28.5,28.339,3580700.0,101473150000.0,0.0,0.0,0.45,0.45,1.6043
GVR,2025-10-10,15:10:02,HOSE,STOCK,28.0,29.95,26.05,28.45,28.5,28.0,28.05,28.147,28.45,28.5,28.0,28.05,28.147,2163700.0,60901040000.0,0.0,0.0,0.05,0.05,0.1786
GVR,2025-10-09,15:10:02,HOSE,STOCK,27.45,29.35,25.55,27.5,28.55,27.15,28.0,27.844,27.5,28.55,27.15,28.0,27.844,3675400.0,102336490000.0,0.0,0.0,0.55,0.55,2.0036
GVR,2025-10-08,15:10:03,HOSE,STOCK,27.35,29.25,25.45,27.7,27.85,27.3,27.45,27.555,27.7,27.85,27.3,27.45,27.555,1029600.0,28370600000.0,0.0,0.0,0.1,0.1,0.3656
GVR,2025-10-07,15:10:02,HOSE,STOCK,27.55,29.45,25.65,27.65,27.9,27.3,27.35,27.607,27.65,27.9,27.3,27.35,27.607,989500.0,27316640000.0,0.0,0.0,-0.2,-0.2,-0.726
GVR,2025-10-06,15:10:03,HOSE,STOCK,26.7,28.55,24.85,27.3,27.55,26.9,27.55,27.274,27.3,27.55,26.9,27.55,27.274,2309200.0,62981560000.0,50000.0,1400000000.0,0.85,0.85,3.1835
GVR,2025-10-03,15:10:02,HOSE,STOCK,27.3,29.2,25.4,27.5,27.5,26.65,26.7,26.864,27.5,27.5,26.65,26.7,26.864,2383700.0,64035895000.0,0.0,0.0,-0.6,-0.6,-2.1978
GVR,2025-10-02,15:10:02,HOSE,STOCK,27.85,29.75,25.95,27.9,28.05,27.15,27.3,27.516,27.9,28.05,27.15,27.3,27.516,1751100.0,48182915000.0,50000.0,1400000000.0,-0.55,-0.55,-1.9749
GVR,2025-10-01,15:10:01,HOSE,STOCK,27.7,29.6,25.8,27.75,28.0,27.75,27.85,27.895,27.75,28.0,27.75,27.85,27.895,690600.0,19263945000.0,0.0,0.0,0.15,0.15,0.5415
GVR,2025-09-30,15:09:02,HOSE,STOCK,28.25,30.2,26.3,28.25,28.3,27.45,27.7,27.748,28.25,28.3,27.45,27.7,27.748,2051500.0,56925250000.0,0.0,0.0,-0.55,-0.55,-1.9469
GVR,2025-09-29,15:09:02,HOSE,STOCK,28.5,30.45,26.55,28.6,28.7,28.25,28.25,28.379,28.6,28.7,28.25,28.25,28.379,827200.0,23474940000.0,0.0,0.0,-0.25,-0.25,-0.8772
GVR,2025-09-26,15:09:02,HOSE,STOCK,28.8,30.8,26.8,28.95,29.0,28.5,28.5,28.753,28.95,29.0,28.5,28.5,28.753,1301000.0,37407895000.0,0.0,0.0,-0.3,-0.3,-1.0417
GVR,2025-09-25,15:09:02,HOSE,STOCK,28.6,30.6,26.6,28.8,29.0,28.6,28.8,28.772,28.8,29.0,28.6,28.8,28.772,1186300.0,34131840000.0,0.0,0.0,0.2,0.2,0.6993
GVR,2025-09-24,15:09:02,HOSE,STOCK,28.1,30.05,26.15,28.15,28.6,28.0,28.6,28.323,28.15,28.6,28.0,28.6,28.323,1004700.0,28456370000.0,0.0,0.0,0.5,0.5,1.7794
GVR,2025-09-23,15:09:02,HOSE,STOCK,28.3,30.25,26.35,28.7,28.7,28.1,28.1,28.342,28.7,28.7,28.1,28.1,28.342,841800.0,23858440000.0,0.0,0.0,-0.2,-0.2,-0.7067
GVR,2025-09-22,15:09:02,HOSE,STOCK,28.6,30.6,26.6,28.7,28.85,28.25,28.3,28.478,28.7,28.85,28.25,28.3,28.478,1376400.0,39196570000.0,0.0,0.0,-0.3,-0.3,-1.049
GVR,2025-09-19,15:09:02,HOSE,STOCK,28.8,30.8,26.8,29.1,29.1,28.6,28.6,28.764,29.1,29.1,28.6,28.6,28.764,1522700.0,43798645000.0,0.0,0.0,-0.2,-0.2,-0.6944
GVR,2025-09-18,15:09:01,HOSE,STOCK,28.9,30.9,26.9,29.0,29.0,28.6,28.8,28.797,29.0,29.0,28.6,28.8,28.797,1614500.0,46492085000.0,0.0,0.0,-0.1,-0.1,-0.346
GVR,2025-09-17,15:09:02,HOSE,STOCK,29.45,31.5,27.4,29.5,29.6,28.9,28.9,29.214,29.5,29.6,28.9,28.9,29.214,2606000.0,76131715000.0,0.0,0.0,-0.55,-0.55,-1.8676
GVR,2025-09-16,15:09:02,HOSE,STOCK,29.85,31.9,27.8,30.15,30.15,29.45,29.45,29.669,30.15,30.15,29.45,29.45,29.669,2089300.0,61988095000.0,0.0,0.0,-0.4,-0.4,-1.34
GVR,2025-09-15,15:09:02,HOSE,STOCK,29.35,31.4,27.3,29.5,30.0,29.35,29.85,29.648,29.5,30.0,29.35,29.85,29.648,2734300.0,81065945000.0,0.0,0.0,0.5,0.5,1.7036
GVR,2025-09-12,15:09:01,HOSE,STOCK,28.75,30.75,26.75,28.9,29.7,28.8,29.35,29.289,28.9,29.7,28.8,29.35,29.289,2261000.0,66222580000.0,0.0,0.0,0.6,0.6,2.087
GVR,2025-09-11,15:09:02,HOSE,STOCK,28.3,30.25,26.35,28.6,28.8,28.0,28.75,28.279,28.6,28.8,28.0,28.75,28.279,2590300.0,73251660000.0,60000.0,1698000000.0,0.45,0.45,1.5901
GVR,2025-09-10,15:09:02,HOSE,STOCK,28.6,30.6,26.6,28.9,28.9,28.25,28.3,28.431,28.9,28.9,28.25,28.3,28.431,2812000.0,79947970000.0,29000.0,835200000.0,-0.3,-0.3,-1.049
GVR,2025-09-09,15:09:02,HOSE,STOCK,28.8,30.8,26.8,28.8,29.0,28.4,28.6,28.669,28.8,29.0,28.4,28.6,28.669,2423500.0,69478305000.0,0.0,0.0,-0.2,-0.2,-0.6944
GVR,2025-09-08,15:09:02,HOSE,STOCK,29.8,31.85,27.75,30.3,30.3,28.8,28.8,29.388,30.3,30.3,28.8,28.8,29.388,4599400.0,135165345000.0,60000.0,1794000000.0,-1.0,-1.0,-3.3557
GVR,2025-09-05,15:09:01,HOSE,STOCK,29.5,31.55,27.45,29.8,30.8,29.7,29.8,30.256,29.8,30.8,29.7,29.8,30.256,7745200.0,234340870000.0,0.0,0.0,0.3,0.3,1.0169
GVR,2025-09-04,15:09:02,HOSE,STOCK,29.3,31.35,27.25,29.5,29.7,29.3,29.5,29.461,29.5,29.7,29.3,29.5,29.461,3336000.0,98282300000.0,0.0,0.0,0.2,0.2,0.6826
GVR,2025-09-03,15:09:02,HOSE,STOCK,29.05,31.05,27.05,29.05,29.7,29.0,29.3,29.348,29.05,29.7,29.0,29.3,29.348,2775000.0,81440360000.0,0.0,0.0,0.25,0.25,0.8606
GVR,2025-08-29,15:08:02,HOSE,STOCK,29.2,31.2,27.2,29.25,29.35,29.0,29.05,29.099,29.25,29.35,29.0,29.05,29.099,3348000.0,97423230000.0,0.0,0.0,-0.15,-0.15,-0.5137
GVR,2025-08-28,15:08:02,HOSE,STOCK,29.15,31.15,27.15,29.45,29.45,29.05,29.2,29.199,29.45,29.45,29.05,29.2,29.199,2640700.0,77106160000.0,0.0,0.0,0.05,0.05,0.1715
GVR,2025-08-27,15:08:02,HOSE,STOCK,29.2,31.2,27.2,29.4,29.6,29.0,29.15,29.276,29.4,29.6,29.0,29.15,29.276,2712000.0,79395335000.0,0.0,0.0,-0.05,-0.05,-0.1712
GVR,2025-08-26,15:08:02,HOSE,STOCK,28.4,30.35,26.45,28.5,29.25,28.25,29.2,28.516,28.5,29.25,28.25,29.2,28.516,3730100.0,106368745000.0,0.0,0.0,0.8,0.8,2.8169
GVR,2025-08-25,15:08:02,HOSE,STOCK,29.5,31.55,27.45,29.9,30.0,28.35,28.4,28.876,29.9,30.0,28.35,28.4,28.876,4989200.0,144066195000.0,0.0,0.0,-1.1,-1.1,-3.7288
GVR,2025-08-22,15:08:02,HOSE,STOCK,31.7,33.9,29.5,31.45,31.45,29.5,29.5,30.179,31.45,31.45,29.5,29.5,30.179,9181800.0,277096990000.0,0.0,0.0,-2.2,-2.2,-6.9401
GVR,2025-08-21,15:08:01,HOSE,STOCK,32.2,34.45,29.95,32.6,33.45,31.65,31.7,32.503,32.6,33.45,31.65,31.7,32.503,6927300.0,225155920000.0,20000.0,646000000.0,-0.5,-0.5,-1.5528
GVR,2025-08-20,15:08:02,HOSE,STOCK,31.65,33.85,29.45,31.85,32.85,31.15,32.2,31.969,31.85,32.85,31.15,32.2,31.969,9685600.0,309639295000.0,0.0,0.0,0.55,0.55,1.7378
GVR,2025-08-19,15:08:02,HOSE,STOCK,31.75,33.95,29.55,32.0,32.25,31.55,31.65,31.757,32.0,32.25,31.55,31.65,31.757,4565400.0,144984180000.0,0.0,0.0,-0.1,-0.1,-0.315
GVR,2025-08-18,15:08:02,HOSE,STOCK,31.4,33.55,29.25,31.4,32.2,31.3,31.75,31.807,31.4,32.2,31.3,31.75,31.807,4974300.0,158219550000.0,0.0,0.0,0.35,0.35,1.1146
GVR,2025-08-15,15:08:02,HOSE,STOCK,32.1,34.3,29.9,32.45,32.6,31.25,31.4,31.929,32.45,32.6,31.25,31.4,31.929,6847800.0,218643370000.0,0.0,0.0,-0.7,-0.7,-2.1807
GVR,2025-08-14,15:08:02,HOSE,STOCK,32.65,34.9,30.4,32.7,32.8,31.9,32.1,32.171,32.7,32.8,31.9,32.1,32.171,7598600.0,244454865000.0,0.0,0.0,-0.55,-0.55,-1.6845
GVR,2025-08-13,15:08:03,HOSE,STOCK,32.45,34.7,30.2,32.6,33.2,32.0,32.65,32.574,32.6,33.2,32.0,32.65,32.574,9515500.0,309956040000.0,0.0,0.0,0.2,0.2,0.6163
GVR,2025-08-12,15:08:01,HOSE,STOCK,32.6,34.85,30.35,32.95,32.95,31.9,32.45,32.216,32.95,32.95,31.9,32.45,32.216,5985900.0,192844730000.0,0.0,0.0,-0.15,-0.15,-0.4601
GVR,2025-08-11,15:08:02,HOSE,STOCK,30.6,32.7,28.5,30.65,32.7,30.65,32.6,32.158,30.65,32.7,30.65,32.6,32.158,16551700.0,532263835000.0,65000.0,2052000000.0,2.0,2.0,6.5359
GVR,2025-08-08,15:08:02,HOSE,STOCK,31.1,33.25,28.95,31.25,31.35,30.35,30.6,30.648,31.25,31.35,30.35,30.6,30.648,5319600.0,163034350000.0,0.0,0.0,-0.5,-0.5,-1.6077
GVR,2025-08-07,15:08:02,HOSE,STOCK,30.25,32.35,28.15,30.9,31.9,30.75,31.1,31.229,30.9,31.9,30.75,31.1,31.229,8822900.0,275534070000.0,0.0,0.0,0.85,0.85,2.8099
GVR,2025-08-06,15:08:02,HOSE,STOCK,29.95,32.0,27.9,30.05,30.4,29.8,30.25,30.083,30.05,30.4,29.8,30.25,30.083,4244400.0,127685020000.0,0.0,0.0,0.3,0.3,1.0017
GVR,2025-08-05,15:08:02,HOSE,STOCK,29.9,31.95,27.85,30.0,30.95,28.8,29.95,30.306,30.0,30.95,28.8,29.95,30.306,6630700.0,200951035000.0,0.0,0.0,0.05,0.05,0.1672
GVR,2025-08-04,15:08:01,HOSE,STOCK,29.7,31.75,27.65,29.6,30.25,29.6,29.9,29.887,29.6,30.25,29.6,29.9,29.887,2427700.0,72557850000.0,0.0,0.0,0.2,0.2,0.6734
GVR,2025-08-01,15:08:01,HOSE,STOCK,30.1,32.2,28.0,30.3,30.5,29.6,29.7,29.843,30.3,30.5,29.6,29.7,29.843,3682100.0,109883450000.0,0.0,0.0,-0.4,-0.4,-1.3289
GVR,2025-07-31,15:07:02,HOSE,STOCK,29.5,31.55,27.45,30.4,30.95,29.65,30.1,30.338,30.4,30.95,29.65,30.1,30.338,5841300.0,177216235000.0,0.0,0.0,0.6,0.6,2.0339
GVR,2025-07-30,15:07:02,HOSE,STOCK,29.5,31.55,27.45,29.55,30.1,28.95,29.5,29.476,29.55,30.1,28.95,29.5,29.476,4900900.0,144460270000.0,0.0,0.0,0.0,0.0,0.0
GVR,2025-07-29,15:07:02,HOSE,STOCK,31.4,33.55,29.25,31.8,32.0,29.5,29.5,30.953,31.8,32.0,29.5,29.5,30.953,9990800.0,309240665000.0,25000.0,785000000.0,-1.9,-1.9,-6.051
GVR,2025-07-28,15:07:02,HOSE,STOCK,31.2,33.35,29.05,31.3,31.95,31.05,31.4,31.31,31.3,31.95,31.05,31.4,31.31,9787300.0,306438065000.0,0.0,0.0,0.2,0.2,0.641
GVR,2025-07-25,15:07:02,HOSE,STOCK,31.65,33.85,29.45,31.85,31.85,31.2,31.2,31.498,31.85,31.85,31.2,31.2,31.498,5447000.0,171570800000.0,0.0,0.0,-0.45,-0.45,-1.4218
GVR,2025-07-24,15:07:02,HOSE,STOCK,31.05,33.2,28.9,31.5,32.15,31.05,31.65,31.622,31.5,32.15,31.05,31.65,31.622,6627900.0,209586790000.0,0.0,0.0,0.6,0.6,1.9324
GVR,2025-07-23,15:07:02,HOSE,STOCK,30.45,32.55,28.35,30.65,31.2,30.6,31.05,30.9,30.65,31.2,30.6,31.05,30.9,6916300.0,213715625000.0,35000.0,1071000000.0,0.6,0.6,1.9704
GVR,2025-07-22,15:07:02,HOSE,STOCK,30.6,32.7,28.5,30.5,30.7,30.1,30.45,30.312,30.5,30.7,30.1,30.45,30.312,3675700.0,111417005000.0,0.0,0.0,-0.15,-0.15,-0.4902
GVR,2025-07-21,15:07:02,HOSE,STOCK,30.4,32.5,28.3,30.6,31.3,30.45,30.6,30.743,30.6,31.3,30.45,30.6,30.743,5345100.0,164322465000.0,52000.0,1586000000.0,0.2,0.2,0.6579
GVR,2025-07-18,15:07:02,HOSE,STOCK,30.05,32.15,27.95,30.5,31.15,30.15,30.4,30.606,30.5,31.15,30.15,30.4,30.606,6173600.0,188948880000.0,0.0,0.0,0.35,0.35,1.1647
GVR,2025-07-17,15:07:01,HOSE,STOCK,29.85,31.9,27.8,30.1,30.7,29.9,30.05,30.241,30.1,30.7,29.9,30.05,30.241,6703000.0,202703785000.0,0.0,0.0,0.2,0.2,0.67
GVR,2025-07-16,15:07:02,HOSE,STOCK,30.1,32.2,28.0,30.2,30.3,29.85,29.85,29.976,30.2,30.3,29.85,29.85,29.976,4022600.0,120582380000.0,0.0,0.0,-0.25,-0.25,-0.8306
GVR,2025-07-15,15:07:02,HOSE,STOCK,30.65,32.75,28.55,30.7,30.85,30.1,30.1,30.41,30.7,30.85,30.1,30.1,30.41,4106500.0,124879610000.0,0.0,0.0,-0.55,-0.55,-1.7945
GVR,2025-07-14,15:07:02,HOSE,STOCK,30.0,32.1,27.9,30.3,30.9,29.65,30.65,30.437,30.3,30.9,29.65,30.65,30.437,5703300.0,173588560000.0,0.0,0.0,0.65,0.65,2.1667
GVR,2025-07-11,15:07:02,HOSE,STOCK,30.1,32.2,28.0,30.3,30.45,30.0,30.0,30.152,30.3,30.45,30.0,30.0,30.152,3276400.0,98790630000.0,20000.0,609000000.0,-0.1,-0.1,-0.3322
GVR,2025-07-10,15:07:02,HOSE,STOCK,29.85,31.9,27.8,29.9,30.65,29.75,30.1,30.27,29.9,30.65,29.75,30.1,30.27,5198000.0,157342170000.0,0.0,0.0,0.25,0.25,0.8375
GVR,2025-07-09,15:07:01,HOSE,STOCK,30.0,32.1,27.9,30.25,30.25,29.8,29.85,29.898,30.25,30.25,29.8,29.85,29.898,3949300.0,118077055000.0,0.0,0.0,-0.15,-0.15,-0.5
GVR,2025-07-08,15:07:01,HOSE,STOCK,29.75,31.8,27.7,30.5,30.55,29.8,30.0,30.087,30.5,30.55,29.8,30.0,30.087,4327300.0,130195290000.0,20000.0,611000000.0,0.25,0.25,0.8403
GVR,2025-07-07,15:07:01,HOSE,STOCK,29.3,31.35,27.25,29.7,30.1,29.55,29.75,29.757,29.7,30.1,29.55,29.75,29.757,2774500.0,82561845000.0,0.0,0.0,0.45,0.45,1.5358
GVR,2025-07-04,15:07:02,HOSE,STOCK,29.6,31.65,27.55,29.6,29.9,29.1,29.3,29.337,29.6,29.9,29.1,29.3,29.337,5120900.0,150232005000.0,0.0,0.0,-0.3,-0.3,-1.0135
GVR,2025-07-03,15:07:02,HOSE,STOCK,31.25,33.4,29.1,30.45,30.65,29.25,29.6,29.881,30.45,30.65,29.25,29.6,29.881,13342000.0,398670095000.0,124300.0,3778795000.0,-1.65,-1.65,-5.28
GVR,2025-07-02,15:07:02,HOSE,STOCK,31.15,33.3,29.0,31.2,32.4,31.1,31.25,31.662,31.2,32.4,31.1,31.25,31.662,4471900.0,141591340000.0,22000.0,704000000.0,0.1,0.1,0.321
GVR,2025-07-01,15:07:02,HOSE,STOCK,30.3,32.4,28.2,30.65,31.3,30.4,31.15,31.004,30.65,31.3,30.4,31.15,31.004,5298600.0,164275585000.0,50000.0,1515000000.0,0.85,0.85,2.8053
GVR,2025-06-30,15:06:02,HOSE,STOCK,30.35,32.45,28.25,30.55,30.95,30.15,30.3,30.509,30.55,30.95,30.15,30.3,30.509,2514100.0,76701470000.0,0.0,0.0,-0.05,-0.05,-0.1647
GVR,2025-06-27,15:06:01,HOSE,STOCK,30.5,32.6,28.4,30.8,31.1,30.35,30.35,30.604,30.8,31.1,30.35,30.35,30.604,2310700.0,70716930000.0,0.0,0.0,-0.15,-0.15,-0.4918
GVR,2025-06-26,15:06:02,HOSE,STOCK,30.8,32.95,28.65,30.8,30.9,30.25,30.5,30.504,30.8,30.9,30.25,30.5,30.504,1932500.0,58949070000.0,0.0,0.0,-0.3,-0.3,-0.974
GVR,2025-06-25,15:06:02,HOSE,STOCK,29.65,31.7,27.6,30.0,31.35,29.7,30.8,30.591,30.0,31.35,29.7,30.8,30.591,6556600.0,200572825000.0,0.0,0.0,1.15,1.15,3.8786
GVR,2025-06-24,15:06:02,HOSE,STOCK,29.8,31.85,27.75,30.2,30.2,29.45,29.65,29.884,30.2,30.2,29.45,29.65,29.884,5252900.0,156979130000.0,0.0,0.0,-0.15,-0.15,-0.5034
GVR,2025-06-23,15:06:01,HOSE,STOCK,29.2,31.2,27.2,28.85,30.8,28.45,29.8,29.542,28.85,30.8,28.45,29.8,29.542,4683800.0,138368565000.0,95700.0,2607825000.0,0.6,0.6,2.0548
GVR,2025-06-20,15:06:01,HOSE,STOCK,29.9,31.95,27.85,29.95,29.95,29.1,29.2,29.33,29.95,29.95,29.1,29.2,29.33,2306100.0,67638820000.0,0.0,0.0,-0.7,-0.7,-2.3411
GVR,2025-06-19,15:06:02,HOSE,STOCK,29.0,31.0,27.0,29.0,30.45,29.0,29.9,29.672,29.0,30.45,29.0,29.9,29.672,7153300.0,212256155000.0,20000.0,590000000.0,0.9,0.9,3.1034
GVR,2025-06-18,15:06:02,HOSE,STOCK,28.9,30.9,26.9,29.0,29.45,28.75,29.0,29.108,29.0,29.45,28.75,29.0,29.108,3837000.0,111688365000.0,0.0,0.0,0.1,0.1,0.346
GVR,2025-06-17,15:06:01,HOSE,STOCK,28.0,29.95,26.05,28.2,28.9,28.05,28.9,28.696,28.2,28.9,28.05,28.9,28.696,4712300.0,135222835000.0,0.0,0.0,0.9,0.9,3.2143
GVR,2025-06-16,15:06:02,HOSE,STOCK,27.2,29.1,25.3,27.2,28.0,27.2,28.0,27.653,27.2,28.0,27.2,28.0,27.653,1588300.0,43920485000.0,0.0,0.0,0.8,0.8,2.9412
GVR,2025-06-13,15:06:02,HOSE,STOCK,28.55,30.5,26.6,28.1,28.3,27.0,27.2,27.604,28.1,28.3,27.0,27.2,27.604,5880100.0,162313290000.0,0.0,0.0,-1.35,-1.35,-4.7285
GVR,2025-06-12,15:06:02,HOSE,STOCK,27.75,29.65,25.85,28.0,28.8,28.0,28.55,28.498,28.0,28.8,28.0,28.55,28.498,2196400.0,62592710000.0,0.0,0.0,0.8,0.8,2.8829
GVR,2025-06-11,15:06:02,HOSE,STOCK,28.15,30.1,26.2,28.45,28.45,27.6,27.75,27.908,28.45,28.45,27.6,27.75,27.908,1332600.0,37189900000.0,0.0,0.0,-0.4,-0.4,-1.421
GVR,2025-06-10,15:06:02,HOSE,STOCK,27.7,29.6,25.8,27.9,28.5,27.75,28.15,28.095,27.9,28.5,27.75,28.15,28.095,1650100.0,46358895000.0,0.0,0.0,0.45,0.45,1.6245
GVR,2025-06-09,15:06:01,HOSE,STOCK,28.35,30.3,26.4,28.45,28.65,27.35,27.7,27.9,28.45,28.65,27.35,27.7,27.9,2841100.0,79266820000.0,0.0,0.0,-0.65,-0.65,-2.2928
GVR,2025-06-06,15:06:01,HOSE,STOCK,29.2,31.2,27.2,29.25,29.7,28.3,28.35,28.971,29.25,29.7,28.3,28.35,28.971,2886200.0,83615235000.0,0.0,0.0,-0.85,-0.85,-2.911
GVR,2025-06-05,15:06:08,HOSE,STOCK,29.15,31.15,27.15,29.2,29.7,29.1,29.2,29.385,29.2,29.7,29.1,29.2,29.385,2329100.0,68439605000.0,0.0,0.0,0.05,0.05,0.1715
GVR,2025-06-04,15:06:02,HOSE,STOCK,29.5,31.55,27.45,29.7,29.85,29.05,29.15,29.43,29.7,29.85,29.05,29.15,29.43,2090200.0,61513910000.0,0.0,0.0,-0.35,-0.35,-1.1864
GVR,2025-06-03,15:06:01,HOSE,STOCK,29.3,31.35,27.25,29.4,29.65,29.25,29.5,29.45,29.4,29.65,29.25,29.5,29.45,3373000.0,99335295000.0,0.0,0.0,0.2,0.2,0.6826
GVR,2025-06-02,15:06:02,HOSE,STOCK,28.7,30.7,26.7,28.55,29.35,28.55,29.3,28.927,28.55,29.35,28.55,29.3,28.927,3274700.0,94725790000.0,0.0,0.0,0.6,0.6,2.0906
GVR,2025-05-30,15:05:01,HOSE,STOCK,29.4,31.45,27.35,29.5,29.5,28.6,28.7,28.996,29.5,29.5,28.6,28.7,28.996,3261500.0,94569320000.0,0.0,0.0,-0.7,-0.7,-2.381
GVR,2025-05-29,15:05:02,HOSE,STOCK,29.65,31.7,27.6,30.3,30.3,29.35,29.4,29.817,30.3,30.3,29.35,29.4,29.817,4316900.0,128718495000.0,0.0,0.0,-0.25,-0.25,-0.8432
GVR,2025-05-28,15:05:02,HOSE,STOCK,29.4,31.45,27.35,29.5,30.4,29.25,29.65,29.748,29.5,30.4,29.25,29.65,29.748,5838800.0,173694615000.0,40000.0,1176000000.0,0.25,0.25,0.8503
GVR,2025-05-27,15:05:01,HOSE,STOCK,28.85,30.85,26.85,29.4,29.5,29.1,29.4,29.28,29.4,29.5,29.1,29.4,29.28,5066500.0,148345150000.0,0.0,0.0,0.55,0.55,1.9064
GVR,2025-05-26,15:05:02,HOSE,STOCK,27.0,28.85,25.15,27.2,28.85,26.5,28.85,28.013,27.2,28.85,26.5,28.85,28.013,7422100.0,207917730000.0,0.0,0.0,1.85,1.85,6.8519
GVR,2025-05-23,15:05:02,HOSE,STOCK,26.85,28.7,25.0,27.0,27.2,26.65,27.0,26.919,27.0,27.2,26.65,27.0,26.919,1813500.0,48817565000.0,0.0,0.0,0.15,0.15,0.5587
GVR,2025-05-22,15:05:01,HOSE,STOCK,27.3,29.2,25.4,27.25,27.7,26.85,26.85,27.241,27.25,27.7,26.85,26.85,27.241,3665000.0,99838435000.0,43900.0,1212030000.0,-0.45,-0.45,-1.6484
GVR,2025-05-21,15:05:02,HOSE,STOCK,27.7,29.6,25.8,27.95,27.95,27.15,27.3,27.358,27.95,27.95,27.15,27.3,27.358,2845700.0,77851990000.0,0.0,0.0,-0.4,-0.4,-1.444
GVR,2025-05-20,15:05:01,HOSE,STOCK,27.2,29.1,25.3,27.2,28.0,27.0,27.7,27.637,27.2,28.0,27.0,27.7,27.637,3284000.0,90760960000.0,0.0,0.0,0.5,0.5,1.8382
GVR,2025-05-19,15:05:01,HOSE,STOCK,27.7,29.6,25.8,27.5,28.05,27.2,27.2,27.566,27.5,28.05,27.2,27.2,27.566,3455100.0,95241915000.0,21000.0,581700000.0,-0.5,-0.5,-1.8051
GVR,2025-05-16,15:05:02,HOSE,STOCK,28.1,30.05,26.15,28.1,28.2,27.7,27.7,27.882,28.1,28.2,27.7,27.7,27.882,2693400.0,75097325000.0,0.0,0.0,-0.4,-0.4,-1.4235
GVR,2025-05-15,15:05:01,HOSE,STOCK,28.0,29.95,26.05,28.1,28.3,27.45,28.1,27.774,28.1,28.3,27.45,28.1,27.774,4569500.0,126914540000.0,22600.0,676870000.0,0.1,0.1,0.3571
GVR,2025-05-14,15:05:02,HOSE,STOCK,28.65,30.65,26.65,28.7,28.7,27.85,28.0,28.098,28.7,28.7,27.85,28.0,28.098,5543500.0,155762870000.0,75000.0,2258750000.0,-0.65,-0.65,-2.2688
GVR,2025-05-13,15:05:02,HOSE,STOCK,27.95,29.9,26.0,28.35,28.85,28.25,28.65,28.481,28.35,28.85,28.25,28.65,28.481,6543300.0,186361475000.0,0.0,0.0,0.7,0.7,2.5045
GVR,2025-05-12,15:05:03,HOSE,STOCK,26.65,28.5,24.8,26.8,28.15,26.75,27.95,27.494,26.8,28.15,26.75,27.95,27.494,8097300.0,222628545000.0,0.0,0.0,1.3,1.3,4.878
GVR,2025-05-09,15:05:02,HOSE,STOCK,26.55,28.4,24.7,27.0,27.2,26.3,26.65,26.815,27.0,27.2,26.3,26.65,26.815,5752200.0,154247780000.0,55000.0,1562000000.0,0.1,0.1,0.3766
GVR,2025-05-08,15:05:02,HOSE,STOCK,24.85,26.55,23.15,25.15,26.55,25.1,26.55,26.001,25.15,26.55,25.1,26.55,26.001,10064000.0,261671185000.0,0.0,0.0,1.7,1.7,6.841
GVR,2025-05-07,15:05:26,HOSE,STOCK,24.3,26.0,22.6,24.2,25.15,24.2,24.85,24.756,24.2,25.15,24.2,24.85,24.756,4378300.0,108388615000.0,0.0,0.0,0.55,0.55,2.2634
GVR,2025-05-06,15:05:01,HOSE,STOCK,24.85,26.55,23.15,25.15,25.15,24.3,24.3,24.693,25.15,25.15,24.3,24.3,24.693,4005900.0,98916870000.0,130000.0,3451500000.0,-0.55,-0.55,-2.2133
GVR,2025-05-05,16:05:56,HOSE,STOCK,23.7,25.35,22.05,24.1,24.9,24.0,24.85,24.46,24.1,24.9,24.0,24.85,24.46,5919600.0,144793390000.0,0.0,0.0,1.15,1.15,4.8523
GVR,2025-04-29,15:04:17,HOSE,STOCK,23.5,25.1,21.9,23.5,24.0,23.3,23.7,23.692,23.5,24.0,23.3,23.7,23.692,3078300.0,72931470000.0,285000.0,6957280000.0,0.2,0.2,0.8511
GVR,2025-04-28,15:04:18,HOSE,STOCK,23.8,25.45,22.15,24.0,24.0,23.15,23.5,23.372,24.0,24.0,23.15,23.5,23.372,2733400.0,63885690000.0,0.0,0.0,-0.3,-0.3,-1.2605
GVR,2025-04-25,15:04:20,HOSE,STOCK,23.55,25.15,21.95,23.65,24.0,23.55,23.8,23.702,23.65,24.0,23.55,23.8,23.702,3552300.0,84195375000.0,35000.0,880250000.0,0.25,0.25,1.0616
GVR,2025-04-24,15:04:17,HOSE,STOCK,23.15,24.75,21.55,23.4,24.5,23.3,23.55,23.736,23.4,24.5,23.3,23.55,23.736,5767100.0,136886010000.0,0.0,0.0,0.4,0.4,1.7279
GVR,2025-04-23,15:04:18,HOSE,STOCK,22.3,23.85,20.75,22.85,23.6,21.7,23.15,22.618,22.85,23.6,21.7,23.15,22.618,6047400.0,136780145000.0,0.0,0.0,0.85,0.85,3.8117
GVR,2025-04-22,15:04:17,HOSE,STOCK,23.7,25.35,22.05,23.6,23.65,22.05,22.3,22.388,23.6,23.65,22.05,22.3,22.388,6821400.0,152717250000.0,0.0,0.0,-1.4,-1.4,-5.9072
GVR,2025-04-21,15:04:18,HOSE,STOCK,24.5,26.2,22.8,24.5,24.6,23.6,23.7,23.982,24.5,24.6,23.6,23.7,23.982,2932600.0,70328910000.0,0.0,0.0,-0.8,-0.8,-3.2653
GVR,2025-04-18,15:04:21,HOSE,STOCK,24.2,25.85,22.55,24.8,24.8,24.5,24.5,24.641,24.8,24.8,24.5,24.5,24.641,3253400.0,80165980000.0,0.0,0.0,0.3,0.3,1.2397
GVR,2025-04-17,15:04:18,HOSE,STOCK,23.5,25.1,21.9,23.35,24.4,23.35,24.2,23.988,23.35,24.4,23.35,24.2,23.988,4874600.0,116932150000.0,0.0,0.0,0.7,0.7,2.9787
GVR,2025-04-16,15:04:19,HOSE,STOCK,24.4,26.1,22.7,24.1,25.0,23.5,23.5,24.06,24.1,25.0,23.5,23.5,24.06,6426600.0,154626590000.0,0.0,0.0,-0.9,-0.9,-3.6885
GVR,2025-04-15,15:04:18,HOSE,STOCK,26.2,28.0,24.4,25.55,26.0,24.4,24.4,24.821,25.55,26.0,24.4,24.4,24.821,6815900.0,169177760000.0,0.0,0.0,-1.8,-1.8,-6.8702
GVR,2025-04-14,15:04:22,HOSE,STOCK,26.0,27.8,24.2,27.25,27.3,25.8,26.2,26.322,27.25,27.3,25.8,26.2,26.322,4547200.0,119691865000.0,0.0,0.0,0.2,0.2,0.7692
GVR,2025-04-11,15:04:23,HOSE,STOCK,25.6,27.35,23.85,24.5,26.8,23.85,26.0,24.508,24.5,26.8,23.85,26.0,24.508,10906200.0,267284730000.0,0.0,0.0,0.4,0.4,1.5625
GVR,2025-04-10,15:04:19,HOSE,STOCK,23.95,25.6,22.3,25.6,25.6,25.6,25.6,25.6,25.6,25.6,25.6,25.6,25.6,2523800.0,64609280000.0,0.0,0.0,1.65,1.65,6.8894
GVR,2025-04-09,15:04:25,HOSE,STOCK,25.75,27.55,23.95,23.95,23.95,23.95,23.95,23.95,23.95,23.95,23.95,23.95,23.95,459100.0,10995445000.0,0.0,0.0,-1.8,-1.8,-6.9903
GVR,2025-04-08,15:04:27,HOSE,STOCK,27.65,29.55,25.75,25.75,25.75,25.75,25.75,25.75,25.75,25.75,25.75,25.75,25.75,461900.0,11893925000.0,0.0,0.0,-1.9,-1.9,-6.8716
GVR,2025-04-04,15:04:29,HOSE,STOCK,29.7,31.75,27.65,27.65,27.65,27.65,27.65,27.65,27.65,27.65,27.65,27.65,27.65,1437200.0,39738580000.0,84000.0,2322600000.0,-2.05,-2.05,-6.9024
GVR,2025-04-03,15:04:21,HOSE,STOCK,31.9,34.1,29.7,29.7,30.1,29.7,29.7,29.725,29.7,30.1,29.7,29.7,29.725,3332700.0,99065985000.0,0.0,0.0,-2.2,-2.2,-6.8966
GVR,2025-04-02,15:04:20,HOSE,STOCK,31.85,34.05,29.65,31.95,32.3,31.7,31.9,32.019,31.95,32.3,31.7,31.9,32.019,1929900.0,61792540000.0,0.0,0.0,0.05,0.05,0.157
GVR,2025-04-01,15:04:18,HOSE,STOCK,32.4,34.65,30.15,32.45,32.75,31.6,31.85,31.985,32.45,32.75,31.6,31.85,31.985,3786400.0,121107115000.0,0.0,0.0,-0.55,-0.55,-1.6975
GVR,2025-03-31,15:03:25,HOSE,STOCK,34.8,37.2,32.4,34.65,34.8,32.4,32.4,33.153,34.65,34.8,32.4,32.4,33.153,9067500.0,300610955000.0,0.0,0.0,-2.4,-2.4,-6.8966
GVR,2025-03-28,15:03:21,HOSE,STOCK,34.95,37.35,32.55,35.05,35.6,34.8,34.8,35.34,35.05,35.6,34.8,34.8,35.34,4680600.0,165412195000.0,0.0,0.0,-0.15,-0.15,-0.4292
GVR,2025-03-27,15:03:18,HOSE,STOCK,34.5,36.9,32.1,34.55,35.15,34.5,34.95,34.998,34.55,35.15,34.5,34.95,34.998,3998000.0,139922260000.0,0.0,0.0,0.45,0.45,1.3043
GVR,2025-03-26,15:03:23,HOSE,STOCK,34.6,37.0,32.2,34.5,34.9,34.25,34.5,34.591,34.5,34.9,34.25,34.5,34.591,2813400.0,97318795000.0,0.0,0.0,-0.1,-0.1,-0.289
GVR,2025-03-25,15:03:19,HOSE,STOCK,34.15,36.5,31.8,34.3,35.35,33.9,34.6,34.761,34.3,35.35,33.9,34.6,34.761,4845000.0,168414915000.0,0.0,0.0,0.45,0.45,1.3177
GVR,2025-03-24,15:03:26,HOSE,STOCK,34.55,36.95,32.15,34.55,34.6,33.7,34.15,34.049,34.55,34.6,33.7,34.15,34.049,2533500.0,86262075000.0,0.0,0.0,-0.4,-0.4,-1.1577
GVR,2025-03-21,15:03:24,HOSE,STOCK,34.5,36.9,32.1,34.5,35.3,34.35,34.55,34.856,34.5,35.3,34.35,34.55,34.856,4101100.0,142946205000.0,0.0,0.0,0.05,0.05,0.1449
GVR,2025-03-20,15:03:21,HOSE,STOCK,34.8,37.2,32.4,35.0,35.0,34.0,34.5,34.52,35.0,35.0,34.0,34.5,34.52,2368900.0,81773880000.0,0.0,0.0,-0.3,-0.3,-0.8621
GVR,2025-03-19,15:03:20,HOSE,STOCK,33.4,35.7,31.1,33.4,35.35,33.3,34.8,34.159,33.4,35.35,33.3,34.8,34.159,8590800.0,293451535000.0,0.0,0.0,1.4,1.4,4.1916
GVR,2025-03-18,15:03:24,HOSE,STOCK,33.05,35.35,30.75,33.2,33.75,32.95,33.4,33.402,33.2,33.75,32.95,33.4,33.402,4240900.0,141653320000.0,0.0,0.0,0.35,0.35,1.059
GVR,2025-03-17,15:03:18,HOSE,STOCK,33.3,35.6,31.0,33.35,33.45,32.85,33.05,33.055,33.35,33.45,32.85,33.05,33.055,2746500.0,90784900000.0,0.0,0.0,-0.25,-0.25,-0.7508
GVR,2025-03-14,15:03:21,HOSE,STOCK,33.0,35.3,30.7,33.0,33.65,32.95,33.3,33.366,33.0,33.65,32.95,33.3,33.366,4168200.0,139077095000.0,0.0,0.0,0.3,0.3,0.9091
GVR,2025-03-13,15:03:19,HOSE,STOCK,32.8,35.05,30.55,32.9,33.75,32.75,33.0,33.316,32.9,33.75,32.75,33.0,33.316,4500600.0,149940970000.0,0.0,0.0,0.2,0.2,0.6098
GVR,2025-03-12,15:03:18,HOSE,STOCK,33.4,35.7,31.1,33.3,33.4,32.8,32.8,32.981,33.3,33.4,32.8,32.8,32.981,2208000.0,72821885000.0,0.0,0.0,-0.6,-0.6,-1.7964
GVR,2025-03-11,15:03:19,HOSE,STOCK,33.3,35.6,31.0,33.0,33.45,32.3,33.4,33.169,33.0,33.45,32.3,33.4,33.169,3157200.0,104720680000.0,0.0,0.0,0.1,0.1,0.3003
GVR,2025-03-10,15:03:21,HOSE,STOCK,33.5,35.8,31.2,33.6,33.7,33.15,33.3,33.444,33.6,33.7,33.15,33.3,33.444,2626600.0,87845190000.0,0.0,0.0,-0.2,-0.2,-0.597
GVR,2025-03-07,15:03:22,HOSE,STOCK,34.0,36.35,31.65,34.0,34.1,33.5,33.5,33.623,34.0,34.1,33.5,33.5,33.623,3000600.0,100887920000.0,0.0,0.0,-0.5,-0.5,-1.4706
GVR,2025-03-06,15:03:18,HOSE,STOCK,33.0,35.3,30.7,33.0,34.0,33.0,34.0,33.647,33.0,34.0,33.0,34.0,33.647,4939600.0,166204445000.0,0.0,0.0,1.0,1.0,3.0303
GVR,2025-03-05,15:03:21,HOSE,STOCK,33.5,35.8,31.2,33.6,33.6,33.0,33.0,33.372,33.6,33.6,33.0,33.0,33.372,2713400.0,90551045000.0,0.0,0.0,-0.5,-0.5,-1.4925
GVR,2025-03-04,15:03:19,HOSE,STOCK,33.1,35.4,30.8,33.0,33.95,32.9,33.5,33.448,33.0,33.95,32.9,33.5,33.448,5964800.0,199510630000.0,20000.0,660000000.0,0.4,0.4,1.2085
GVR,2025-03-03,15:03:24,HOSE,STOCK,33.4,35.7,31.1,33.6,33.65,33.0,33.1,33.169,33.6,33.65,33.0,33.1,33.169,2783900.0,92339990000.0,0.0,0.0,-0.3,-0.3,-0.8982
GVR,2025-02-28,15:02:23,HOSE,STOCK,32.7,34.95,30.45,32.7,33.8,32.35,33.4,33.25,32.7,33.8,32.35,33.4,33.25,6457800.0,214719720000.0,20000.0,649000000.0,0.7,0.7,2.1407
GVR,2025-02-27,15:02:25,HOSE,STOCK,32.6,34.85,30.35,32.55,32.7,31.9,32.7,32.333,32.55,32.7,31.9,32.7,32.333,3126500.0,101090335000.0,20000.0,640000000.0,0.1,0.1,0.3067
GVR,2025-02-26,15:02:26,HOSE,STOCK,32.1,34.3,29.9,32.3,32.9,32.2,32.6,32.539,32.3,32.9,32.2,32.6,32.539,4286200.0,139470415000.0,0.0,0.0,0.5,0.5,1.5576
GVR,2025-02-25,15:02:21,HOSE,STOCK,32.45,34.7,30.2,32.5,32.55,31.85,32.1,32.093,32.5,32.55,31.85,32.1,32.093,2746800.0,88153650000.0,0.0,0.0,-0.35,-0.35,-1.0786
GVR,2025-02-24,15:02:21,HOSE,STOCK,32.4,34.65,30.15,32.45,32.6,31.9,32.45,32.219,32.45,32.6,31.9,32.45,32.219,3295100.0,106166300000.0,0.0,0.0,0.05,0.05,0.1543
GVR,2025-02-21,15:02:20,HOSE,STOCK,32.35,34.6,30.1,32.35,32.5,31.75,32.4,32.076,32.35,32.5,31.75,32.4,32.076,3890300.0,124785625000.0,0.0,0.0,0.05,0.05,0.1546
GVR,2025-02-20,15:02:21,HOSE,STOCK,31.65,33.85,29.45,31.7,32.5,31.4,32.35,32.143,31.7,32.5,31.4,32.35,32.143,6240800.0,200594885000.0,43000.0,1358800000.0,0.7,0.7,2.2117
GVR,2025-02-19,15:02:24,HOSE,STOCK,30.85,33.0,28.7,31.2,31.75,30.85,31.65,31.304,31.2,31.75,30.85,31.65,31.304,6110400.0,191277520000.0,0.0,0.0,0.8,0.8,2.5932
GVR,2025-02-18,15:02:18,HOSE,STOCK,30.55,32.65,28.45,30.75,30.85,30.35,30.85,30.549,30.75,30.85,30.35,30.85,30.549,2969100.0,90703255000.0,0.0,0.0,0.3,0.3,0.982
GVR,2025-02-17,15:02:18,HOSE,STOCK,30.35,32.45,28.25,30.45,31.25,30.45,30.55,30.945,30.45,31.25,30.45,30.55,30.945,4781800.0,147973525000.0,0.0,0.0,0.2,0.2,0.659
GVR,2025-02-14,15:02:19,HOSE,STOCK,29.45,31.5,27.4,29.8,31.0,29.75,30.35,30.396,29.8,31.0,29.75,30.35,30.396,5564300.0,169129855000.0,0.0,0.0,0.9,0.9,3.056
GVR,2025-02-13,15:02:21,HOSE,STOCK,28.75,30.75,26.75,28.8,29.6,28.75,29.45,29.288,28.8,29.6,28.75,29.45,29.288,2968500.0,86941055000.0,0.0,0.0,0.7,0.7,2.4348
GVR,2025-02-12,15:02:20,HOSE,STOCK,28.9,30.9,26.9,29.15,29.3,28.75,28.75,28.978,29.15,29.3,28.75,28.75,28.978,958300.0,27769130000.0,40000.0,1156000000.0,-0.15,-0.15,-0.519
GVR,2025-02-11,15:02:19,HOSE,STOCK,28.8,30.8,26.8,28.95,28.95,28.65,28.9,28.798,28.95,28.95,28.65,28.9,28.798,1079300.0,31081260000.0,0.0,0.0,0.1,0.1,0.3472
GVR,2025-02-10,15:02:21,HOSE,STOCK,29.4,31.45,27.35,29.4,29.4,28.8,28.8,29.045,29.4,29.4,28.8,28.8,29.045,1699500.0,49362235000.0,0.0,0.0,-0.6,-0.6,-2.0408
GVR,2025-02-07,15:02:20,HOSE,STOCK,29.2,31.2,27.2,29.2,29.95,29.1,29.4,29.532,29.2,29.95,29.1,29.4,29.532,2297000.0,67833825000.0,0.0,0.0,0.2,0.2,0.6849
GVR,2025-02-06,15:02:21,HOSE,STOCK,29.45,31.5,27.4,29.7,29.7,29.15,29.2,29.33,29.7,29.7,29.15,29.2,29.33,1349500.0,39581310000.0,0.0,0.0,-0.25,-0.25,-0.8489
GVR,2025-02-05,15:02:21,HOSE,STOCK,29.5,31.55,27.45,29.55,29.75,29.3,29.45,29.492,29.55,29.75,29.3,29.45,29.492,1266300.0,37346000000.0,0.0,0.0,-0.05,-0.05,-0.1695
GVR,2025-02-04,15:02:16,HOSE,STOCK,29.25,31.25,27.25,29.55,29.65,29.3,29.5,29.474,29.55,29.65,29.3,29.5,29.474,1364800.0,40226585000.0,0.0,0.0,0.25,0.25,0.8547
GVR,2025-02-03,15:02:22,HOSE,STOCK,28.8,30.8,26.8,28.95,29.9,28.8,29.25,29.42,28.95,29.9,28.8,29.25,29.42,2989200.0,87942890000.0,0.0,0.0,0.45,0.45,1.5625
GVR,2025-01-24,15:01:16,HOSE,STOCK,28.45,30.4,26.5,28.6,28.95,28.6,28.8,28.776,28.6,28.95,28.6,28.8,28.776,1613200.0,46421870000.0,0.0,0.0,0.35,0.35,1.2302
GVR,2025-01-23,15:01:13,HOSE,STOCK,28.0,29.95,26.05,28.0,28.7,28.0,28.45,28.524,28.0,28.7,28.0,28.45,28.524,1461800.0,41696445000.0,0.0,0.0,0.45,0.45,1.6071
GVR,2025-01-22,15:01:18,HOSE,STOCK,28.4,30.35,26.45,28.45,28.6,28.0,28.0,28.198,28.45,28.6,28.0,28.0,28.198,1362800.0,38427485000.0,25000.0,711250000.0,-0.4,-0.4,-1.4085
GVR,2025-01-21,15:01:14,HOSE,STOCK,28.7,30.7,26.7,28.85,29.0,28.4,28.4,28.642,28.85,29.0,28.4,28.4,28.642,1030100.0,29504440000.0,0.0,0.0,-0.3,-0.3,-1.0453
GVR,2025-01-20,15:01:20,HOSE,STOCK,28.75,30.75,26.75,29.15,29.15,28.65,28.7,28.849,29.15,29.15,28.65,28.7,28.849,1012900.0,29220630000.0,0.0,0.0,-0.05,-0.05,-0.1739
GVR,2025-01-17,15:01:17,HOSE,STOCK,28.45,30.4,26.5,28.4,29.2,28.4,28.75,28.84,28.4,29.2,28.4,28.75,28.84,1314400.0,37906950000.0,0.0,0.0,0.3,0.3,1.0545
GVR,2025-01-16,15:01:12,HOSE,STOCK,28.2,30.15,26.25,28.5,28.75,28.3,28.45,28.492,28.5,28.75,28.3,28.45,28.492,730300.0,20807960000.0,0.0,0.0,0.25,0.25,0.8865
GVR,2025-01-15,15:01:15,HOSE,STOCK,27.75,29.65,25.85,28.15,28.25,27.85,28.2,28.078,28.15,28.25,27.85,28.2,28.078,680400.0,19104070000.0,20100.0,595965000.0,0.45,0.45,1.6216
GVR,2025-01-14,15:01:16,HOSE,STOCK,28.1,30.05,26.15,28.1,28.35,27.75,27.75,28.029,28.1,28.35,27.75,27.75,28.029,901200.0,25259635000.0,20000.0,567000000.0,-0.35,-0.35,-1.2456
GVR,2025-01-13,15:01:16,HOSE,STOCK,28.0,29.95,26.05,28.15,28.25,27.6,28.1,27.913,28.15,28.25,27.6,28.1,27.913,947000.0,26433265000.0,0.0,0.0,0.1,0.1,0.3571
GVR,2025-01-10,15:01:15,HOSE,STOCK,28.6,30.6,26.6,28.6,28.85,28.0,28.0,28.394,28.6,28.85,28.0,28.0,28.394,1211900.0,34411020000.0,0.0,0.0,-0.6,-0.6,-2.0979
GVR,2025-01-09,15:01:13,HOSE,STOCK,28.65,30.65,26.65,28.8,29.1,28.6,28.6,28.778,28.8,29.1,28.6,28.6,28.778,1108600.0,31903230000.0,0.0,0.0,-0.05,-0.05,-0.1745
GVR,2025-01-08,15:01:19,HOSE,STOCK,28.3,30.25,26.35,28.3,29.2,27.55,28.65,28.367,28.3,29.2,27.55,28.65,28.367,2445900.0,69383770000.0,0.0,0.0,0.35,0.35,1.2367
GVR,2025-01-07,15:01:15,HOSE,STOCK,29.4,31.45,27.35,29.45,29.7,28.0,28.3,28.688,29.45,29.7,28.0,28.3,28.688,3865500.0,110893930000.0,20000.0,588000000.0,-1.1,-1.1,-3.7415
GVR,2025-01-06,15:01:17,HOSE,STOCK,30.3,32.4,28.2,30.3,30.6,29.4,29.4,29.813,30.3,30.6,29.4,29.4,29.813,2127100.0,63414530000.0,40000.0,1205000000.0,-0.9,-0.9,-2.9703
GVR,2025-01-03,15:01:17,HOSE,STOCK,30.5,32.6,28.4,30.6,30.75,30.3,30.3,30.463,30.6,30.75,30.3,30.3,30.463,1619700.0,49340600000.0,0.0,0.0,-0.2,-0.2,-0.6557
GVR,2025-01-02,15:01:20,HOSE,STOCK,30.35,32.45,28.25,30.5,30.8,30.45,30.5,30.579,30.5,30.8,30.45,30.5,30.579,946400.0,28939745000.0,0.0,0.0,0.15,0.15,0.4942
GVR,2024-12-31,15:12:14,HOSE,STOCK,30.55,32.65,28.45,30.65,30.65,30.35,30.35,30.479,30.65,30.65,30.35,30.35,30.479,1178200.0,35910010000.0,0.0,0.0,-0.2,-0.2,-0.6547
GVR,2024-12-30,15:12:15,HOSE,STOCK,30.7,32.8,28.6,30.7,30.7,30.55,30.55,30.603,30.7,30.7,30.55,30.55,30.603,1070600.0,32763030000.0,0.0,0.0,-0.15,-0.15,-0.4886
GVR,2024-12-27,15:12:21,HOSE,STOCK,30.9,33.05,28.75,30.9,31.2,30.7,30.7,30.823,30.9,31.2,30.7,30.7,30.823,1609600.0,49612080000.0,0.0,0.0,-0.2,-0.2,-0.6472
GVR,2024-12-26,15:12:17,HOSE,STOCK,31.1,33.25,28.95,31.3,31.3,30.85,30.9,31.048,31.3,31.3,30.85,30.9,31.048,1144000.0,35518575000.0,0.0,0.0,-0.2,-0.2,-0.6431
GVR,2024-12-25,15:12:14,HOSE,STOCK,30.7,32.8,28.6,30.85,31.5,30.85,31.1,31.231,30.85,31.5,30.85,31.1,31.231,2092700.0,65355985000.0,0.0,0.0,0.4,0.4,1.3029
GVR,2024-12-24,15:12:13,HOSE,STOCK,30.85,33.0,28.7,30.85,31.15,30.65,30.7,30.781,30.85,31.15,30.65,30.7,30.781,1861800.0,57308300000.0,0.0,0.0,-0.15,-0.15,-0.4862
GVR,2024-12-23,15:12:16,HOSE,STOCK,30.9,33.05,28.75,31.3,31.45,30.7,30.85,31.079,31.3,31.45,30.7,30.85,31.079,1803400.0,56048670000.0,0.0,0.0,-0.05,-0.05,-0.1618
GVR,2024-12-20,15:12:13,HOSE,STOCK,30.9,33.05,28.75,31.0,31.2,30.85,30.9,31.003,31.0,31.2,30.85,30.9,31.003,956600.0,29657380000.0,0.0,0.0,0.0,0.0,0.0
GVR,2024-12-19,15:12:14,HOSE,STOCK,31.35,33.5,29.2,30.9,31.15,30.75,30.9,30.931,30.9,31.15,30.75,30.9,30.931,2228300.0,68922775000.0,0.0,0.0,-0.45,-0.45,-1.4354
GVR,2024-12-18,15:12:12,HOSE,STOCK,31.1,33.25,28.95,31.1,31.35,31.05,31.35,31.207,31.1,31.35,31.05,31.35,31.207,762900.0,23807515000.0,0.0,0.0,0.25,0.25,0.8039
GVR,2024-12-17,15:12:12,HOSE,STOCK,31.2,33.35,29.05,31.45,31.45,31.1,31.1,31.19,31.45,31.45,31.1,31.1,31.19,948600.0,29586615000.0,0.0,0.0,-0.1,-0.1,-0.3205
GVR,2024-12-16,15:12:16,HOSE,STOCK,31.4,33.55,29.25,31.4,31.6,31.05,31.2,31.276,31.4,31.6,31.05,31.2,31.276,1315600.0,41146085000.0,0.0,0.0,-0.2,-0.2,-0.6369
GVR,2024-12-13,15:12:15,HOSE,STOCK,31.65,33.85,29.45,31.6,31.65,31.35,31.4,31.47,31.6,31.65,31.35,31.4,31.47,1142900.0,35966455000.0,0.0,0.0,-0.25,-0.25,-0.7899
GVR,2024-12-12,15:12:13,HOSE,STOCK,31.45,33.65,29.25,31.6,32.2,31.6,31.65,31.864,31.6,32.2,31.6,31.65,31.864,2559700.0,81563120000.0,0.0,0.0,0.2,0.2,0.6359
GVR,2024-12-11,15:12:14,HOSE,STOCK,31.75,33.95,29.55,31.75,31.95,31.25,31.45,31.512,31.75,31.95,31.25,31.45,31.512,2909400.0,91680090000.0,0.0,0.0,-0.3,-0.3,-0.9449
GVR,2024-12-10,15:12:13,HOSE,STOCK,32.1,34.3,29.9,32.25,32.3,31.7,31.75,31.945,32.25,32.3,31.7,31.75,31.945,1802500.0,57580135000.0,0.0,0.0,-0.35,-0.35,-1.0903
GVR,2024-12-09,15:12:14,HOSE,STOCK,32.05,34.25,29.85,32.1,32.3,32.0,32.1,32.148,32.1,32.3,32.0,32.1,32.148,2153900.0,69243270000.0,0.0,0.0,0.05,0.05,0.156
GVR,2024-12-06,15:12:16,HOSE,STOCK,31.35,33.5,29.2,31.5,32.8,31.35,32.05,32.175,31.5,32.8,31.35,32.05,32.175,5687900.0,183006675000.0,0.0,0.0,0.7,0.7,2.2329
GVR,2024-12-05,15:12:14,HOSE,STOCK,30.35,32.45,28.25,30.4,31.5,30.1,31.35,30.967,30.4,31.5,30.1,31.35,30.967,2958200.0,91605600000.0,0.0,0.0,1.0,1.0,3.2949
GVR,2024-12-04,15:12:12,HOSE,STOCK,30.9,33.05,28.75,30.9,31.0,30.35,30.35,30.653,30.9,31.0,30.35,30.35,30.653,2916000.0,89383310000.0,40000.0,1239000000.0,-0.55,-0.55,-1.7799
GVR,2024-12-03,15:12:12,HOSE,STOCK,31.45,33.65,29.25,31.6,31.6,30.9,30.9,31.209,31.6,31.6,30.9,30.9,31.209,2569400.0,80189425000.0,0.0,0.0,-0.55,-0.55,-1.7488
GVR,2024-12-02,15:12:13,HOSE,STOCK,31.3,33.45,29.15,31.5,31.7,31.35,31.45,31.493,31.5,31.7,31.35,31.45,31.493,1918400.0,60416280000.0,0.0,0.0,0.15,0.15,0.4792
GVR,2024-11-29,15:11:15,HOSE,STOCK,31.35,33.5,29.2,31.35,31.5,31.2,31.3,31.353,31.35,31.5,31.2,31.3,31.353,1809200.0,56723115000.0,0.0,0.0,-0.05,-0.05,-0.1595
GVR,2024-11-28,15:11:12,HOSE,STOCK,31.25,33.4,29.1,31.3,31.8,31.3,31.35,31.517,31.3,31.8,31.3,31.35,31.517,2401700.0,75693170000.0,0.0,0.0,0.1,0.1,0.32
GVR,2024-11-27,15:11:11,HOSE,STOCK,31.3,33.45,29.15,31.5,31.5,31.15,31.25,31.307,31.5,31.5,31.15,31.25,31.307,1369700.0,42881505000.0,0.0,0.0,-0.05,-0.05,-0.1597
GVR,2024-11-26,15:11:12,HOSE,STOCK,30.9,33.05,28.75,31.0,31.6,31.0,31.3,31.361,31.0,31.6,31.0,31.3,31.361,2765200.0,86720300000.0,0.0,0.0,0.4,0.4,1.2945
GVR,2024-11-25,15:11:12,HOSE,STOCK,30.9,33.05,28.75,30.9,31.2,30.8,30.9,30.94,30.9,31.2,30.8,30.9,30.94,2182500.0,67525760000.0,0.0,0.0,0.0,0.0,0.0
GVR,2024-11-22,15:11:12,HOSE,STOCK,31.2,33.35,29.05,31.1,31.3,30.85,30.9,30.991,31.1,31.3,30.85,30.9,30.991,1785700.0,55339700000.0,0.0,0.0,-0.3,-0.3,-0.9615
GVR,2024-11-21,15:11:11,HOSE,STOCK,30.8,32.95,28.65,30.8,31.3,30.6,31.2,30.88,30.8,31.3,30.6,31.2,30.88,1808500.0,55845575000.0,49000.0,1538600000.0,0.4,0.4,1.2987
GVR,2024-11-20,15:11:13,HOSE,STOCK,30.4,32.5,28.3,30.4,31.3,30.0,30.8,30.757,30.4,31.3,30.0,30.8,30.757,2657000.0,81721340000.0,0.0,0.0,0.4,0.4,1.3158
GVR,2024-11-19,15:11:09,HOSE,STOCK,31.15,33.3,29.0,31.2,31.4,30.35,30.4,30.678,31.2,31.4,30.35,30.4,30.678,2306700.0,70765490000.0,0.0,0.0,-0.75,-0.75,-2.4077
GVR,2024-11-18,15:11:11,HOSE,STOCK,31.0,33.15,28.85,31.0,31.55,30.3,31.15,30.79,31.0,31.55,30.3,31.15,30.79,2509300.0,77261000000.0,0.0,0.0,0.15,0.15,0.4839
GVR,2024-11-15,15:11:15,HOSE,STOCK,31.5,33.7,29.3,31.2,31.8,30.8,31.0,31.253,31.2,31.8,30.8,31.0,31.253,3097000.0,96789300000.0,0.0,0.0,-0.5,-0.5,-1.5873
GVR,2024-11-14,15:11:11,HOSE,STOCK,32.25,34.5,30.0,32.5,32.5,31.35,31.5,31.962,32.5,32.5,31.35,31.5,31.962,2776900.0,88756380000.0,0.0,0.0,-0.75,-0.75,-2.3256
GVR,2024-11-13,15:11:12,HOSE,STOCK,32.9,35.2,30.6,32.7,32.95,32.35,32.55,32.574,32.399,32.647,32.052,32.251,32.274,2498000.0,81370755000.0,0.0,0.0,-0.35,-0.3468,-1.0638
GVR,2024-11-12,15:11:12,HOSE,STOCK,33.4,35.7,31.1,33.45,33.7,32.9,32.9,33.289,33.142,33.39,32.597,32.597,32.983,2059300.0,68551880000.0,0.0,0.0,-0.5,-0.4954,-1.497
GVR,2024-11-11,15:11:18,HOSE,STOCK,32.9,35.2,30.6,32.9,33.4,32.7,33.4,33.015,32.597,33.093,32.399,33.093,32.711,2587400.0,85423495000.0,0.0,0.0,0.5,0.4954,1.5198
GVR,2024-11-08,15:11:14,HOSE,STOCK,33.35,35.65,31.05,33.4,33.6,32.85,32.9,33.059,33.093,33.291,32.548,32.597,32.755,3288000.0,108697370000.0,0.0,0.0,-0.45,-0.4459,-1.3493
GVR,2024-11-07,15:11:13,HOSE,STOCK,33.75,36.1,31.4,34.0,34.0,33.1,33.35,33.374,33.687,33.687,32.795,33.043,33.067,3116400.0,104006475000.0,0.0,0.0,-0.4,-0.3963,-1.1852
GVR,2024-11-06,15:11:11,HOSE,STOCK,32.1,34.3,29.9,32.5,33.85,32.4,33.75,33.354,32.201,33.539,32.102,33.44,33.047,4992000.0,166504210000.0,0.0,0.0,1.65,1.6348,5.1402
GVR,2024-11-05,15:11:10,HOSE,STOCK,31.55,33.75,29.35,31.8,32.35,31.65,32.1,31.952,31.507,32.052,31.359,31.805,31.658,2156300.0,68898735000.0,0.0,0.0,0.55,0.5449,1.7433
GVR,2024-11-04,15:11:11,HOSE,STOCK,32.3,34.55,30.05,32.5,32.5,31.45,31.55,31.715,32.201,32.201,31.161,31.26,31.423,2648300.0,83990950000.0,0.0,0.0,-0.75,-0.7431,-2.322
GVR,2024-11-01,15:11:13,HOSE,STOCK,32.9,35.2,30.6,32.7,32.7,32.05,32.3,32.301,32.399,32.399,31.755,32.003,32.004,2875500.0,92880230000.0,0.0,0.0,-0.6,-0.5945,-1.8237
GVR,2024-10-31,15:10:12,HOSE,STOCK,32.7,34.95,30.45,32.8,33.0,32.65,32.9,32.766,32.498,32.696,32.35,32.597,32.465,1348200.0,44174570000.0,0.0,0.0,0.2,0.1982,0.6116
GVR,2024-10-30,15:10:11,HOSE,STOCK,32.95,35.25,30.65,32.95,33.2,32.6,32.7,32.877,32.647,32.895,32.3,32.399,32.575,1420900.0,46715380000.0,0.0,0.0,-0.25,-0.2477,-0.7587
GVR,2024-10-29,15:10:11,HOSE,STOCK,32.5,34.75,30.25,32.8,33.05,32.65,32.95,32.921,32.498,32.746,32.35,32.647,32.618,1808800.0,59548285000.0,0.0,0.0,0.45,0.4459,1.3846
GVR,2024-10-28,15:10:12,HOSE,STOCK,32.25,34.5,30.0,32.3,32.7,32.1,32.5,32.304,32.003,32.399,31.805,32.201,32.007,2184400.0,70565240000.0,0.0,0.0,0.25,0.2477,0.7752
GVR,2024-10-25,15:10:13,HOSE,STOCK,32.9,35.2,30.6,33.1,33.1,32.2,32.25,32.518,32.795,32.795,31.904,31.953,32.219,2905000.0,94465300000.0,0.0,0.0,-0.65,-0.644,-1.9757
GVR,2024-10-24,15:10:13,HOSE,STOCK,33.5,35.8,31.2,33.6,33.8,32.7,32.9,33.109,33.291,33.489,32.399,32.597,32.804,3868400.0,128078380000.0,0.0,0.0,-0.6,-0.5945,-1.791
GVR,2024-10-23,15:10:13,HOSE,STOCK,33.75,36.1,31.4,33.85,33.85,33.05,33.5,33.362,33.539,33.539,32.746,33.192,33.055,2834600.0,94569095000.0,0.0,0.0,-0.25,-0.2477,-0.7407
GVR,2024-10-22,15:10:11,HOSE,STOCK,35.2,37.65,32.75,35.3,35.35,32.75,33.75,33.94,34.975,35.025,32.449,33.44,33.628,8186400.0,277846520000.0,0.0,0.0,-1.45,-1.4367,-4.1193
GVR,2024-10-21,15:10:18,HOSE,STOCK,35.85,38.35,33.35,35.85,36.0,35.2,35.2,35.612,35.52,35.669,34.876,34.876,35.284,1962200.0,69877335000.0,0.0,0.0,-0.65,-0.644,-1.8131
GVR,2024-10-18,15:10:15,HOSE,STOCK,36.0,38.5,33.5,36.0,36.75,35.8,35.85,36.366,35.669,36.412,35.471,35.52,36.031,4558800.0,165787015000.0,0.0,0.0,-0.15,-0.1486,-0.4167
GVR,2024-10-17,15:10:13,HOSE,STOCK,36.1,38.6,33.6,36.1,36.1,35.35,36.0,35.63,35.768,35.768,35.025,35.669,35.302,2683300.0,95605340000.0,0.0,0.0,-0.1,-0.0991,-0.277
GVR,2024-10-16,15:10:10,HOSE,STOCK,35.75,38.25,33.25,35.7,36.1,35.6,36.1,35.911,35.372,35.768,35.272,35.768,35.581,2253700.0,80933150000.0,0.0,0.0,0.35,0.3468,0.979
GVR,2024-10-15,15:10:10,HOSE,STOCK,36.3,38.8,33.8,36.3,36.45,35.6,35.75,35.991,35.966,36.115,35.272,35.421,35.66,2210200.0,79546805000.0,0.0,0.0,-0.55,-0.5449,-1.5152
GVR,2024-10-14,15:10:11,HOSE,STOCK,35.5,37.95,33.05,35.9,36.45,35.6,36.3,36.172,35.57,36.115,35.272,35.966,35.839,4002000.0,144758370000.0,0.0,0.0,0.8,0.7926,2.2535
GVR,2024-10-11,15:10:12,HOSE,STOCK,35.65,38.1,33.2,35.7,35.9,35.25,35.5,35.481,35.372,35.57,34.926,35.173,35.155,2128300.0,75513275000.0,0.0,0.0,-0.15,-0.1486,-0.4208
GVR,2024-10-10,15:10:11,HOSE,STOCK,35.65,38.1,33.2,35.8,36.15,35.65,35.65,35.857,35.471,35.817,35.322,35.322,35.527,2462700.0,88305250000.0,0.0,0.0,0.0,0.0,0.0
GVR,2024-10-09,15:10:14,HOSE,STOCK,35.05,37.5,32.6,35.25,35.65,35.25,35.65,35.459,34.926,35.322,34.926,35.322,35.133,1840800.0,65272060000.0,0.0,0.0,0.6,0.5945,1.7118
GVR,2024-10-08,15:10:10,HOSE,STOCK,34.8,37.2,32.4,34.8,35.35,34.8,35.05,35.06,34.48,35.025,34.48,34.728,34.737,1379100.0,48350850000.0,0.0,0.0,0.25,0.2477,0.7184
GVR,2024-10-07,15:10:12,HOSE,STOCK,34.9,37.3,32.5,35.0,35.2,34.55,34.8,34.85,34.678,34.876,34.232,34.48,34.529,1552900.0,54119235000.0,0.0,0.0,-0.1,-0.0991,-0.2865
GVR,2024-10-04,15:10:14,HOSE,STOCK,35.55,38.0,33.1,35.75,35.75,34.9,34.9,35.218,35.421,35.421,34.579,34.579,34.894,2301700.0,81060385000.0,0.0,0.0,-0.65,-0.644,-1.8284
GVR,2024-10-03,15:10:11,HOSE,STOCK,36.15,38.65,33.65,36.2,36.45,35.15,35.55,35.767,35.867,36.115,34.827,35.223,35.438,3456300.0,123621295000.0,0.0,0.0,-0.6,-0.5945,-1.6598
GVR,2024-10-02,15:10:11,HOSE,STOCK,36.0,38.5,33.5,35.9,36.6,35.9,36.15,36.298,35.57,36.263,35.57,35.817,35.964,2572200.0,93365915000.0,0.0,0.0,0.15,0.1486,0.4167
GVR,2024-10-01,15:10:10,HOSE,STOCK,35.75,38.25,33.25,36.1,36.65,35.9,36.0,36.368,35.768,36.313,35.57,35.669,36.033,4110800.0,149501105000.0,0.0,0.0,0.25,0.2477,0.6993
GVR,2024-09-30,15:09:14,HOSE,STOCK,36.0,38.5,33.5,36.1,36.1,35.6,35.75,35.764,35.768,35.768,35.272,35.421,35.435,1844800.0,65977785000.0,0.0,0.0,-0.25,-0.2477,-0.6944
GVR,2024-09-27,15:09:13,HOSE,STOCK,36.4,38.9,33.9,36.65,36.65,35.9,36.0,36.157,36.313,36.313,35.57,35.669,35.824,2615100.0,94552940000.0,0.0,0.0,-0.4,-0.3963,-1.0989
GVR,2024-09-26,15:09:11,HOSE,STOCK,36.0,38.5,33.5,36.5,36.9,36.1,36.4,36.517,36.164,36.561,35.768,36.065,36.181,3546000.0,129489810000.0,0.0,0.0,0.4,0.3963,1.1111
GVR,2024-09-25,15:09:12,HOSE,STOCK,36.15,38.65,33.65,36.35,36.45,35.95,36.0,36.189,36.016,36.115,35.619,35.669,35.856,3793400.0,137280510000.0,0.0,0.0,-0.15,-0.1486,-0.4149
GVR,2024-09-24,15:09:09,HOSE,STOCK,35.55,38.0,33.1,35.4,36.3,35.4,36.15,36.013,35.074,35.966,35.074,35.817,35.682,3633500.0,130854700000.0,0.0,0.0,0.6,0.5945,1.6878
GVR,2024-09-23,15:09:12,HOSE,STOCK,35.6,38.05,33.15,35.6,35.7,35.3,35.55,35.435,35.272,35.372,34.975,35.223,35.109,1808400.0,64080070000.0,0.0,0.0,-0.05,-0.0495,-0.1404
GVR,2024-09-20,15:09:12,HOSE,STOCK,35.7,38.15,33.25,36.3,36.3,35.5,35.6,35.835,35.966,35.966,35.173,35.272,35.505,2374700.0,85098230000.0,0.0,0.0,-0.1,-0.0991,-0.2801
GVR,2024-09-19,15:09:12,HOSE,STOCK,35.55,38.0,33.1,35.7,35.8,35.2,35.7,35.505,35.372,35.471,34.876,35.372,35.178,2640000.0,93732630000.0,0.0,0.0,0.15,0.1486,0.4219
GVR,2024-09-18,15:09:14,HOSE,STOCK,35.6,38.05,33.15,35.85,36.35,35.55,35.55,35.947,35.52,36.016,35.223,35.223,35.616,3875900.0,139326955000.0,0.0,0.0,-0.05,-0.0495,-0.1404
GVR,2024-09-17,15:09:13,HOSE,STOCK,34.9,37.3,32.5,34.9,35.6,34.75,35.6,35.239,34.579,35.272,34.43,35.272,34.915,2885400.0,101678030000.0,0.0,0.0,0.7,0.6936,2.0057
GVR,2024-09-16,15:09:12,HOSE,STOCK,34.6,37.0,32.2,34.7,35.2,34.6,34.9,34.878,34.381,34.876,34.282,34.579,34.557,3306400.0,115319160000.0,0.0,0.0,0.3,0.2972,0.8671
GVR,2024-09-13,15:09:15,HOSE,STOCK,34.55,36.95,32.15,34.8,34.8,34.4,34.6,34.542,34.48,34.48,34.084,34.282,34.224,844400.0,29167205000.0,0.0,0.0,0.05,0.0495,0.1447
GVR,2024-09-12,15:09:10,HOSE,STOCK,34.1,36.45,31.75,34.4,35.15,34.3,34.55,34.777,34.084,34.827,33.984,34.232,34.457,2146700.0,74656250000.0,0.0,0.0,0.45,0.4459,1.3196
GVR,2024-09-11,15:09:10,HOSE,STOCK,34.1,36.45,31.75,34.1,34.55,33.6,34.1,34.061,33.786,34.232,33.291,33.786,33.748,1827400.0,62243780000.0,0.0,0.0,0.0,0.0,0.0
GVR,2024-09-10,15:09:09,HOSE,STOCK,34.5,36.9,32.1,34.6,34.85,33.9,34.1,34.285,34.282,34.529,33.588,33.786,33.97,1778700.0,60983080000.0,0.0,0.0,-0.4,-0.3963,-1.1594
GVR,2024-09-09,15:09:11,HOSE,STOCK,34.5,36.9,32.1,34.45,34.7,34.0,34.5,34.472,34.133,34.381,33.687,34.183,34.155,1066300.0,36757760000.0,0.0,0.0,0.0,0.0,0.0
GVR,2024-09-06,15:09:14,HOSE,STOCK,33.9,36.25,31.55,33.7,34.6,33.65,34.5,34.116,33.39,34.282,33.34,34.183,33.802,1687800.0,57581740000.0,0.0,0.0,0.6,0.5945,1.7699
GVR,2024-09-05,15:09:10,HOSE,STOCK,34.7,37.1,32.3,34.85,34.9,33.85,33.9,34.301,34.529,34.579,33.539,33.588,33.985,2268600.0,77814305000.0,0.0,0.0,-0.8,-0.7926,-2.3055
GVR,2024-09-04,15:09:11,HOSE,STOCK,35.35,37.8,32.9,34.8,34.95,33.4,34.7,34.431,34.48,34.628,33.093,34.381,34.114,3842300.0,132293185000.0,0.0,0.0,-0.65,-0.644,-1.8388
GVR,2024-08-30,15:08:11,HOSE,STOCK,35.3,37.75,32.85,35.35,35.8,35.25,35.35,35.402,35.025,35.471,34.926,35.025,35.076,1249100.0,44220370000.0,0.0,0.0,0.05,0.0495,0.1416
GVR,2024-08-29,15:08:11,HOSE,STOCK,35.65,38.1,33.2,35.75,35.9,35.3,35.3,35.445,35.421,35.57,34.975,34.975,35.119,874100.0,30982730000.0,0.0,0.0,-0.35,-0.3468,-0.9818
GVR,2024-08-28,15:08:10,HOSE,STOCK,34.95,37.35,32.55,35.2,36.1,35.05,35.65,35.616,34.876,35.768,34.728,35.322,35.288,4322400.0,153945495000.0,0.0,0.0,0.7,0.6936,2.0029
GVR,2024-08-27,15:08:10,HOSE,STOCK,35.05,37.5,32.6,35.0,35.1,34.7,34.95,34.846,34.678,34.777,34.381,34.628,34.525,1419700.0,49471350000.0,0.0,0.0,-0.1,-0.0991,-0.2853
GVR,2024-08-26,15:08:11,HOSE,STOCK,35.45,37.9,33.0,36.1,36.2,35.05,35.05,35.509,35.768,35.867,34.728,34.728,35.182,1970400.0,69967415000.0,0.0,0.0,-0.4,-0.3963,-1.1283
GVR,2024-08-23,15:08:10,HOSE,STOCK,34.8,37.2,32.4,34.8,35.45,34.6,35.45,35.024,34.48,35.124,34.282,35.124,34.702,2069000.0,72464465000.0,0.0,0.0,0.65,0.644,1.8678
GVR,2024-08-22,15:08:14,HOSE,STOCK,35.25,37.7,32.8,35.6,35.6,34.7,34.8,34.943,35.272,35.272,34.381,34.48,34.622,2104500.0,73537790000.0,0.0,0.0,-0.45,-0.4459,-1.2766
GVR,2024-08-21,15:08:14,HOSE,STOCK,35.1,37.55,32.65,35.1,35.3,34.6,35.25,34.978,34.777,34.975,34.282,34.926,34.656,2076700.0,72639580000.0,0.0,0.0,0.15,0.1486,0.4274
GVR,2024-08-20,15:08:13,HOSE,STOCK,34.75,37.15,32.35,34.65,35.6,34.45,35.1,35.023,34.331,35.272,34.133,34.777,34.701,3129900.0,109617925000.0,0.0,0.0,0.35,0.3468,1.0072
GVR,2024-08-19,15:08:11,HOSE,STOCK,34.55,36.95,32.15,34.6,34.95,34.5,34.75,34.69,34.282,34.628,34.183,34.43,34.371,2026300.0,70291440000.0,0.0,0.0,0.2,0.1982,0.5789
GVR,2024-08-16,15:08:12,HOSE,STOCK,32.65,34.9,30.4,33.0,34.85,32.95,34.55,34.135,32.696,34.529,32.647,34.232,33.821,4684900.0,159916900000.0,0.0,0.0,1.9,1.8825,5.8193
GVR,2024-08-15,15:08:12,HOSE,STOCK,33.4,35.7,31.1,33.3,33.3,32.6,32.65,32.791,32.994,32.994,32.3,32.35,32.489,1954700.0,64095775000.0,0.0,0.0,-0.75,-0.7431,-2.2455
GVR,2024-08-14,15:08:09,HOSE,STOCK,33.1,35.4,30.8,33.2,33.8,32.9,33.4,33.394,32.895,33.489,32.597,33.093,33.087,2924300.0,97654635000.0,0.0,0.0,0.3,0.2972,0.9063
GVR,2024-08-13,15:08:10,HOSE,STOCK,33.2,35.5,30.9,33.2,33.25,32.75,33.1,33.016,32.895,32.944,32.449,32.795,32.712,1986100.0,65573775000.0,0.0,0.0,-0.1,-0.0991,-0.3012
GVR,2024-08-12,15:08:11,HOSE,STOCK,32.5,34.75,30.25,32.55,33.45,32.4,33.2,32.942,32.251,33.142,32.102,32.895,32.639,2727400.0,89844765000.0,0.0,0.0,0.7,0.6936,2.1538
GVR,2024-08-09,15:08:10,HOSE,STOCK,31.9,34.1,29.7,32.6,32.8,32.25,32.5,32.52,32.3,32.498,31.953,32.201,32.221,2928100.0,95222680000.0,0.0,0.0,0.6,0.5945,1.8809
GVR,2024-08-08,15:08:09,HOSE,STOCK,32.55,34.8,30.3,32.1,32.8,31.65,31.9,32.142,31.805,32.498,31.359,31.607,31.846,3006900.0,96646395000.0,0.0,0.0,-0.65,-0.644,-1.9969
GVR,2024-08-07,15:08:10,HOSE,STOCK,31.35,33.5,29.2,31.5,32.65,31.3,32.55,32.113,31.21,32.35,31.012,32.251,31.818,4143000.0,133044660000.0,0.0,0.0,1.2,1.189,3.8278
GVR,2024-08-06,15:08:09,HOSE,STOCK,30.1,32.2,28.0,31.3,31.75,30.4,31.35,31.05,31.012,31.458,30.12,31.062,30.764,3084900.0,95786125000.0,0.0,0.0,1.25,1.2385,4.1528
GVR,2024-08-05,15:08:09,HOSE,STOCK,32.35,34.6,30.1,31.7,32.3,30.1,30.1,30.726,31.408,32.003,29.823,29.823,30.443,4195100.0,128900390000.0,0.0,0.0,-2.25,-2.2293,-6.9552
GVR,2024-08-02,15:08:11,HOSE,STOCK,31.4,33.55,29.25,30.7,32.4,30.7,32.35,31.728,30.418,32.102,30.418,32.052,31.436,2308900.0,73255905000.0,0.0,0.0,0.95,0.9412,3.0255
GVR,2024-08-01,15:08:09,HOSE,STOCK,33.0,35.3,30.7,33.2,33.25,30.95,31.4,31.951,32.895,32.944,30.665,31.111,31.657,3734300.0,119315330000.0,0.0,0.0,-1.6,-1.5853,-4.8485
GVR,2024-07-31,15:07:11,HOSE,STOCK,33.25,35.55,30.95,33.25,33.75,32.85,33.0,33.172,32.944,33.44,32.548,32.696,32.867,2859400.0,94851945000.0,0.0,0.0,-0.25,-0.2477,-0.7519
GVR,2024-07-30,15:07:09,HOSE,STOCK,33.5,35.8,31.2,33.6,33.8,32.5,33.25,33.148,33.291,33.489,32.201,32.944,32.843,2018800.0,66918485000.0,0.0,0.0,-0.25,-0.2477,-0.7463
GVR,2024-07-29,15:07:09,HOSE,STOCK,33.1,35.4,30.8,33.5,33.5,33.1,33.5,33.258,33.192,33.192,32.795,33.192,32.952,2070300.0,68854835000.0,0.0,0.0,0.4,0.3963,1.2085
GVR,2024-07-26,21:07:59,HOSE,STOCK,33.0,35.3,30.7,33.05,33.85,32.9,33.1,33.268,32.746,33.539,32.597,32.795,32.962,2930200.0,97480800000.0,0.0,0.0,0.1,0.0991,0.303
GVR,2024-07-25,15:07:08,HOSE,STOCK,32.7,34.95,30.45,32.7,33.05,32.05,33.0,32.613,32.399,32.746,31.755,32.696,32.313,1939700.0,63259570000.0,0.0,0.0,0.3,0.2972,0.9174
GVR,2024-07-24,15:07:09,HOSE,STOCK,30.6,32.7,28.5,30.6,32.7,30.1,32.7,31.492,30.318,32.399,29.823,32.399,31.202,5005100.0,157618385000.0,0.0,0.0,2.1,2.0807,6.8627
GVR,2024-07-23,15:07:11,HOSE,STOCK,32.75,35.0,30.5,33.0,33.45,30.6,30.6,32.246,32.696,33.142,30.318,30.318,31.949,3977100.0,128246330000.0,0.0,0.0,-2.15,-2.1302,-6.5649
GVR,2024-07-22,15:07:09,HOSE,STOCK,34.5,36.9,32.1,34.0,34.1,32.6,32.75,33.167,33.687,33.786,32.3,32.449,32.862,6232700.0,206718705000.0,0.0,0.0,-1.75,-1.7339,-5.0725
GVR,2024-07-19,15:07:09,HOSE,STOCK,36.05,38.55,33.55,36.05,36.05,34.45,34.5,34.908,35.718,35.718,34.133,34.183,34.587,5131800.0,179142995000.0,0.0,0.0,-1.55,-1.5358,-4.2996
GVR,2024-07-18,15:07:10,HOSE,STOCK,35.55,38.0,33.1,35.55,36.45,34.8,36.05,35.483,35.223,36.115,34.48,35.718,35.157,3847700.0,136527035000.0,0.0,0.0,0.5,0.4954,1.4065
GVR,2024-07-17,15:07:09,HOSE,STOCK,38.2,40.85,35.55,38.2,38.2,35.55,35.55,36.551,37.849,37.849,35.223,35.223,36.215,10716900.0,391713030000.0,0.0,0.0,-2.65,-2.6256,-6.9372
GVR,2024-07-16,15:07:09,HOSE,STOCK,38.5,41.15,35.85,38.5,38.75,37.8,38.2,38.333,38.146,38.394,37.452,37.849,37.98,3256100.0,124815465000.0,0.0,0.0,-0.3,-0.2972,-0.7792
GVR,2024-07-15,15:07:11,HOSE,STOCK,37.9,40.55,35.25,37.9,39.0,37.6,38.5,38.332,37.551,38.641,37.254,38.146,37.979,4631600.0,177538100000.0,0.0,0.0,0.6,0.5945,1.5831
GVR,2024-07-12,15:07:09,HOSE,STOCK,36.95,39.5,34.4,36.95,38.2,36.7,37.9,37.492,36.61,37.849,36.362,37.551,37.147,5392500.0,202176130000.0,0.0,0.0,0.95,0.9413,2.571
GVR,2024-07-11,15:07:09,HOSE,STOCK,37.0,39.55,34.45,37.5,37.8,36.65,36.95,37.162,37.155,37.452,36.313,36.61,36.82,3800800.0,141246920000.0,0.0,0.0,-0.05,-0.0495,-0.1351
GVR,2024-07-10,15:07:08,HOSE,STOCK,38.0,40.65,35.35,38.15,38.3,37.0,37.0,37.525,37.799,37.948,36.66,36.66,37.18,5595000.0,209949635000.0,0.0,0.0,-1.0,-0.9908,-2.6316
GVR,2024-07-09,15:07:10,HOSE,STOCK,36.5,39.05,33.95,37.4,38.5,37.15,38.0,38.096,37.056,38.146,36.808,37.65,37.746,8135400.0,309924170000.0,0.0,0.0,1.5,1.4862,4.1096
GVR,2024-07-08,15:07:11,HOSE,STOCK,35.1,37.55,32.65,35.35,36.5,35.1,36.5,35.87,35.025,36.164,34.777,36.164,35.54,6637100.0,238073680000.0,0.0,0.0,1.4,1.3871,3.9886
GVR,2024-07-05,15:07:10,HOSE,STOCK,35.0,37.45,32.55,35.0,35.45,34.6,35.1,34.987,34.678,35.124,34.282,34.777,34.665,3118000.0,109088165000.0,0.0,0.0,0.1,0.0991,0.2857
GVR,2024-07-04,15:07:10,HOSE,STOCK,34.6,37.0,32.2,34.5,35.55,34.15,35.0,34.86,34.183,35.223,33.836,34.678,34.539,5654700.0,197125125000.0,0.0,0.0,0.4,0.3963,1.1561
GVR,2024-07-03,15:07:09,HOSE,STOCK,34.6,37.0,32.2,34.6,35.1,34.4,34.6,34.742,34.282,34.777,34.084,34.282,34.422,3127200.0,108644020000.0,0.0,0.0,0.0,0.0,0.0
GVR,2024-07-02,15:07:08,HOSE,STOCK,34.3,36.7,31.9,34.45,34.8,34.15,34.6,34.527,34.133,34.48,33.836,34.282,34.209,2052100.0,70852495000.0,0.0,0.0,0.3,0.2972,0.8746
GVR,2024-07-01,15:07:09,HOSE,STOCK,34.2,36.55,31.85,34.2,34.45,33.6,34.3,33.883,33.885,34.133,33.291,33.984,33.571,3247900.0,110049215000.0,0.0,0.0,0.1,0.0991,0.2924
GVR,2024-06-28,15:06:10,HOSE,STOCK,36.0,38.5,33.5,36.0,36.05,33.5,34.2,34.938,35.669,35.718,33.192,33.885,34.617,7376400.0,257714810000.0,0.0,0.0,-1.8,-1.7834,-5.0
GVR,2024-06-27,15:06:08,HOSE,STOCK,35.95,38.45,33.45,35.95,36.8,35.3,36.0,36.272,35.619,36.461,34.975,35.669,35.938,6491300.0,235451510000.0,0.0,0.0,0.05,0.0495,0.1391
GVR,2024-06-26,15:06:09,HOSE,STOCK,33.6,35.95,31.25,33.95,35.95,33.6,35.95,34.973,33.638,35.619,33.291,35.619,34.651,10259700.0,358808485000.0,0.0,0.0,2.35,2.3284,6.994
GVR,2024-06-25,15:06:10,HOSE,STOCK,33.0,35.3,30.7,33.25,33.7,33.0,33.6,33.356,32.944,33.39,32.696,33.291,33.049,2336500.0,77936115000.0,0.0,0.0,0.6,0.5945,1.8182
GVR,2024-06-24,15:06:10,HOSE,STOCK,34.55,36.95,32.15,34.05,34.4,33.0,33.0,33.417,33.737,34.084,32.696,32.696,33.11,4719500.0,157710965000.0,0.0,0.0,-1.55,-1.5357,-4.4863
GVR,2024-06-21,15:06:10,HOSE,STOCK,34.0,36.35,31.65,34.0,34.85,34.0,34.55,34.539,33.687,34.529,33.687,34.232,34.221,3665100.0,126587550000.0,0.0,0.0,0.55,0.5449,1.6176
GVR,2024-06-20,15:06:08,HOSE,STOCK,33.6,35.95,31.25,33.5,34.0,33.4,34.0,33.698,33.192,33.687,33.093,33.687,33.388,2558700.0,86223575000.0,0.0,0.0,0.4,0.3963,1.1905
GVR,2024-06-19,15:06:10,HOSE,STOCK,33.95,36.3,31.6,33.95,34.0,33.4,33.6,33.617,33.638,33.687,33.093,33.291,33.308,3074300.0,103349600000.0,0.0,0.0,-0.35,-0.3468,-1.0309
GVR,2024-06-18,15:06:08,HOSE,STOCK,33.35,35.65,31.05,33.8,34.3,33.5,33.95,34.009,33.489,33.984,33.192,33.638,33.696,2555200.0,86899705000.0,0.0,0.0,0.6,0.5945,1.7991
GVR,2024-06-17,15:06:08,HOSE,STOCK,33.0,35.3,30.7,33.4,33.9,33.0,33.35,33.381,33.093,33.588,32.696,33.043,33.074,5119400.0,170892215000.0,0.0,0.0,0.35,0.3468,1.0606
GVR,2024-06-14,15:06:09,HOSE,STOCK,35.35,37.8,32.9,35.4,35.7,33.0,33.0,34.422,35.074,35.372,32.696,32.696,34.105,5510300.0,189672910000.0,0.0,0.0,-2.35,-2.3284,-6.6478
GVR,2024-06-13,15:06:08,HOSE,STOCK,35.75,38.25,33.25,35.95,35.95,35.3,35.35,35.459,35.619,35.619,34.975,35.025,35.133,3580700.0,126967610000.0,0.0,0.0,-0.4,-0.3963,-1.1189
GVR,2024-06-12,15:06:08,HOSE,STOCK,35.6,38.05,33.15,35.4,35.8,35.05,35.75,35.311,35.074,35.471,34.728,35.421,34.986,3275500.0,115659940000.0,0.0,0.0,0.15,0.1486,0.4213
GVR,2024-06-11,15:06:08,HOSE,STOCK,36.2,38.7,33.7,36.3,36.45,35.25,35.6,35.699,35.966,36.115,34.926,35.272,35.371,4490900.0,160320905000.0,0.0,0.0,-0.6,-0.5945,-1.6575
GVR,2024-06-10,15:06:09,HOSE,STOCK,35.0,37.45,32.55,35.25,36.75,35.25,36.2,36.064,34.926,36.412,34.926,35.867,35.732,6186600.0,223110475000.0,0.0,0.0,1.2,1.189,3.4286
GVR,2024-06-07,15:06:09,HOSE,STOCK,34.8,37.2,32.4,34.9,35.2,34.8,35.0,34.942,34.579,34.876,34.48,34.678,34.621,2124000.0,74216235000.0,0.0,0.0,0.2,0.1982,0.5747
GVR,2024-06-06,15:06:07,HOSE,STOCK,35.15,37.6,32.7,35.2,35.45,34.6,34.8,35.085,34.876,35.124,34.282,34.48,34.762,3062400.0,107444370000.0,0.0,0.0,-0.35,-0.3468,-0.9957
GVR,2024-06-05,15:06:07,HOSE,STOCK,35.1,37.55,32.65,35.5,36.3,35.1,35.15,35.613,35.173,35.966,34.777,34.827,35.285,4617800.0,164454420000.0,0.0,0.0,0.05,0.0495,0.1425
GVR,2024-06-04,15:06:07,HOSE,STOCK,35.0,37.45,32.55,35.0,35.75,34.95,35.1,35.229,34.678,35.421,34.628,34.777,34.905,3282900.0,115654440000.0,0.0,0.0,0.1,0.0991,0.2857
GVR,2024-06-03,15:06:07,HOSE,STOCK,35.15,37.6,32.7,35.7,35.7,35.0,35.0,35.235,35.372,35.372,34.678,34.678,34.911,4507700.0,158827955000.0,0.0,0.0,-0.15,-0.1486,-0.4267
GVR,2024-05-31,15:05:07,HOSE,STOCK,36.0,38.5,33.5,36.1,36.2,35.15,35.15,35.608,35.768,35.867,34.827,34.827,35.28,2634500.0,93810005000.0,0.0,0.0,-0.85,-0.8422,-2.3611
GVR,2024-05-30,15:05:08,HOSE,STOCK,34.9,37.3,32.5,34.3,36.25,34.05,36.0,34.917,33.984,35.917,33.737,35.669,34.596,8152400.0,284655545000.0,0.0,0.0,1.1,1.0899,3.1519
GVR,2024-05-29,15:05:07,HOSE,STOCK,35.6,38.05,33.15,35.55,36.9,34.8,34.9,35.913,35.223,36.561,34.48,34.579,35.583,6868300.0,246663105000.0,0.0,0.0,-0.7,-0.6936,-1.9663
GVR,2024-05-28,15:05:10,HOSE,STOCK,35.25,37.7,32.8,35.5,35.6,34.95,35.6,35.297,35.173,35.272,34.628,35.272,34.972,4463400.0,157544395000.0,0.0,0.0,0.35,0.3468,0.9929
GVR,2024-05-27,15:05:06,HOSE,STOCK,34.25,36.6,31.9,34.2,35.95,33.55,35.25,35.118,33.885,35.619,33.241,34.926,34.795,7430800.0,260956430000.0,0.0,0.0,1.0,0.9908,2.9197
GVR,2024-05-24,15:05:08,HOSE,STOCK,33.4,35.7,31.1,33.0,35.0,32.8,34.25,34.067,32.696,34.678,32.498,33.935,33.754,12307800.0,419290355000.0,0.0,0.0,0.85,0.8422,2.5449
GVR,2024-05-23,15:05:06,HOSE,STOCK,32.8,35.05,30.55,32.6,33.45,32.4,33.4,33.023,32.3,33.142,32.102,33.093,32.719,4457900.0,147213625000.0,0.0,0.0,0.6,0.5945,1.8293
GVR,2024-05-22,15:05:07,HOSE,STOCK,33.35,35.65,31.05,33.8,33.95,32.6,32.8,33.198,33.489,33.638,32.3,32.498,32.893,5201400.0,172673760000.0,0.0,0.0,-0.55,-0.5449,-1.6492
GVR,2024-05-21,15:05:06,HOSE,STOCK,33.6,35.95,31.25,33.6,33.75,32.9,33.35,33.236,33.291,33.44,32.597,33.043,32.93,4039900.0,134269920000.0,0.0,0.0,-0.25,-0.2477,-0.744
GVR,2024-05-20,15:05:07,HOSE,STOCK,33.35,35.65,31.05,33.65,34.5,33.5,33.6,33.928,33.34,34.183,33.192,33.291,33.616,5485900.0,186123170000.0,0.0,0.0,0.25,0.2477,0.7496
GVR,2024-05-17,15:05:07,HOSE,STOCK,32.55,34.8,30.3,32.4,34.15,32.3,33.35,33.403,32.102,33.836,32.003,33.043,33.096,6321300.0,211151360000.0,0.0,0.0,0.8,0.7926,2.4578
GVR,2024-05-16,15:05:06,HOSE,STOCK,32.75,35.0,30.5,33.0,33.4,32.5,32.55,32.781,32.696,33.093,32.201,32.251,32.479,4267900.0,139907430000.0,0.0,0.0,-0.2,-0.1982,-0.6107
GVR,2024-05-15,15:05:05,HOSE,STOCK,32.5,34.75,30.25,32.85,32.85,32.3,32.75,32.535,32.548,32.548,32.003,32.449,32.236,3872800.0,126001255000.0,0.0,0.0,0.25,0.2477,0.7692
GVR,2024-05-14,15:05:06,HOSE,STOCK,32.0,34.2,29.8,32.2,32.85,32.1,32.5,32.509,31.904,32.548,31.805,32.201,32.21,4214600.0,137010230000.0,0.0,0.0,0.5,0.4954,1.5625
GVR,2024-05-13,15:05:05,HOSE,STOCK,31.65,33.85,29.45,31.8,32.25,31.3,32.0,31.791,31.507,31.953,31.012,31.706,31.499,3373900.0,107260050000.0,0.0,0.0,0.35,0.3468,1.1058
GVR,2024-05-10,15:05:07,HOSE,STOCK,31.75,33.95,29.55,31.8,31.9,31.2,31.65,31.54,31.507,31.607,30.913,31.359,31.25,3561300.0,112324320000.0,0.0,0.0,-0.1,-0.0991,-0.315
GVR,2024-05-09,15:05:06,HOSE,STOCK,31.7,33.9,29.5,31.8,32.7,31.6,31.75,32.053,31.507,32.399,31.309,31.458,31.758,5780200.0,185275165000.0,0.0,0.0,0.05,0.0495,0.1577
GVR,2024-05-08,15:05:06,HOSE,STOCK,31.45,33.65,29.25,31.0,32.15,30.5,31.7,31.587,30.715,31.854,30.219,31.408,31.296,5303200.0,167512810000.0,0.0,0.0,0.25,0.2477,0.7949
GVR,2024-05-07,15:05:07,HOSE,STOCK,31.2,33.35,29.05,31.3,31.75,30.8,31.45,31.355,31.012,31.458,30.517,31.161,31.067,3851600.0,120767295000.0,0.0,0.0,0.25,0.2477,0.8013
GVR,2024-05-06,15:05:07,HOSE,STOCK,29.4,31.45,27.35,29.85,31.25,29.5,31.2,30.808,29.575,30.963,29.229,30.913,30.525,6482900.0,199727520000.0,0.0,0.0,1.8,1.7834,6.1224
GVR,2024-05-03,15:05:08,HOSE,STOCK,30.0,32.1,27.9,30.3,30.3,29.35,29.4,29.778,30.021,30.021,29.08,29.13,29.504,3957900.0,117859135000.0,0.0,0.0,-0.6,-0.5945,-2.0
GVR,2024-05-02,15:05:06,HOSE,STOCK,30.0,32.1,27.9,30.0,30.35,29.25,30.0,29.731,29.724,30.071,28.981,29.724,29.457,3824600.0,113709980000.0,0.0,0.0,0.0,0.0,0.0
GVR,2024-04-26,15:04:06,HOSE,STOCK,29.4,31.45,27.35,29.05,30.45,29.05,30.0,29.914,28.783,30.17,28.783,29.724,29.639,3970200.0,118763555000.0,0.0,0.0,0.6,0.5945,2.0408
GVR,2024-04-25,15:04:07,HOSE,STOCK,29.5,31.55,27.45,29.7,30.0,29.15,29.4,29.574,29.427,29.724,28.882,29.13,29.302,3440300.0,101744840000.0,0.0,0.0,-0.1,-0.0991,-0.339
GVR,2024-04-24,16:04:43,HOSE,STOCK,27.6,29.5,25.7,28.1,29.5,27.85,29.5,29.245,27.841,29.229,27.594,29.229,28.976,6235900.0,182367875000.0,0.0,0.0,1.9,1.8825,6.8841
GVR,2024-04-23,15:04:06,HOSE,STOCK,28.7,30.7,26.7,28.65,28.9,27.05,27.6,28.039,28.386,28.634,26.801,27.346,27.781,4113200.0,115328690000.0,0.0,0.0,-1.1,-1.0899,-3.8328
GVR,2024-04-22,15:04:08,HOSE,STOCK,28.1,30.05,26.15,28.9,29.05,28.2,28.7,28.615,28.634,28.783,27.941,28.436,28.352,2522300.0,72174230000.0,0.0,0.0,0.6,0.5945,2.1352
GVR,2024-04-19,15:04:05,HOSE,STOCK,28.65,30.65,26.65,27.5,29.4,27.5,28.1,28.528,27.247,29.13,27.247,27.841,28.266,5880600.0,167760530000.0,0.0,0.0,-0.55,-0.5449,-1.9197
GVR,2024-04-17,15:04:05,HOSE,STOCK,30.35,32.45,28.25,30.7,30.7,28.65,28.65,29.48,30.418,30.418,28.386,28.386,29.209,4711100.0,138881610000.0,0.0,0.0,-1.7,-1.6843,-5.6013
GVR,2024-04-16,15:04:06,HOSE,STOCK,29.8,31.85,27.75,30.0,30.35,29.3,30.35,29.893,29.724,30.071,29.03,30.071,29.618,5269100.0,157506510000.0,0.0,0.0,0.55,0.5449,1.8456
GVR,2024-04-15,15:04:08,HOSE,STOCK,32.0,34.2,29.8,32.0,33.25,29.8,29.8,31.865,31.706,32.944,29.526,29.526,31.572,7398600.0,235756695000.0,0.0,0.0,-2.2,-2.1798,-6.875
GVR,2024-04-12,15:04:07,HOSE,STOCK,31.9,34.1,29.7,31.95,32.25,31.65,32.0,31.929,31.656,31.953,31.359,31.706,31.635,2989100.0,95439200000.0,0.0,0.0,0.1,0.0991,0.3135
GVR,2024-04-11,15:04:05,HOSE,STOCK,31.65,33.85,29.45,31.2,32.3,31.15,31.9,31.629,30.913,32.003,30.863,31.607,31.338,2722100.0,86096930000.0,0.0,0.0,0.25,0.2477,0.7899
GVR,2024-04-10,15:04:05,HOSE,STOCK,32.3,34.55,30.05,32.45,32.5,31.6,31.65,31.926,32.151,32.201,31.309,31.359,31.632,2554900.0,81568295000.0,0.0,0.0,-0.65,-0.644,-2.0124
GVR,2024-04-09,15:04:05,HOSE,STOCK,31.7,33.9,29.5,32.0,32.35,31.6,32.3,31.971,31.706,32.052,31.309,32.003,31.677,2029700.0,64891240000.0,0.0,0.0,0.6,0.5945,1.8927
GVR,2024-04-08,15:04:05,HOSE,STOCK,31.5,33.7,29.3,31.6,32.4,31.3,31.7,31.948,31.309,32.102,31.012,31.408,31.654,3618000.0,115585950000.0,0.0,0.0,0.2,0.1982,0.6349
GVR,2024-04-05,15:04:05,HOSE,STOCK,33.1,35.4,30.8,32.8,33.0,31.5,31.5,32.29,32.498,32.696,31.21,31.21,31.993,7351500.0,237376790000.0,0.0,0.0,-1.6,-1.5853,-4.8338
GVR,2024-04-04,15:04:05,HOSE,STOCK,34.25,36.6,31.9,34.15,34.4,33.1,33.1,33.606,33.836,34.084,32.795,32.795,33.297,5221500.0,175472355000.0,0.0,0.0,-1.15,-1.1394,-3.3577
GVR,2024-04-03,15:04:05,HOSE,STOCK,35.25,37.7,32.8,35.05,35.2,34.25,34.25,34.786,34.728,34.876,33.935,33.935,34.466,3897300.0,135569830000.0,0.0,0.0,-1.0,-0.9908,-2.8369
GVR,2024-04-02,15:04:04,HOSE,STOCK,32.95,35.25,30.65,32.8,35.25,32.75,35.25,34.159,32.498,34.926,32.449,34.926,33.845,10181700.0,347793790000.0,0.0,0.0,2.3,2.2789,6.9803
GVR,2024-04-01,23:04:50,HOSE,STOCK,33.15,35.45,30.85,33.15,33.35,32.65,32.95,33.008,32.845,33.043,32.35,32.647,32.704,3763000.0,124210600000.0,0.0,0.0,-0.2,-0.1982,-0.6033
GVR,2024-03-29,14:04:36,HOSE,STOCK,33.05,35.35,30.75,33.0,33.7,32.9,33.15,33.36,32.696,33.39,32.597,32.845,33.053,3228200.0,107693730000.0,0.0,0.0,0.1,0.0991,0.3026
GVR,2024-03-28,14:04:10,HOSE,STOCK,33.4,35.7,31.1,33.55,33.6,33.0,33.05,33.146,33.241,33.291,32.696,32.746,32.841,3194600.0,105888845000.0,0.0,0.0,-0.35,-0.3468,-1.0479
GVR,2024-03-27,17:03:30,HOSE,STOCK,33.9,36.25,31.55,33.9,33.9,33.0,33.4,33.386,33.588,33.588,32.696,33.093,33.079,2580500.0,86152245000.0,0.0,0.0,-0.5,-0.4954,-1.4749
GVR,2024-03-26,17:03:26,HOSE,STOCK,31.9,34.1,29.7,31.9,34.05,31.85,33.9,32.996,31.607,33.737,31.557,33.588,32.692,5040000.0,166299040000.0,0.0,0.0,2.0,1.9816,6.2696
GVR,2024-03-25,16:03:35,HOSE,STOCK,33.25,35.55,30.95,32.8,33.2,31.6,31.9,32.453,32.498,32.895,31.309,31.607,32.154,6119700.0,198602275000.0,0.0,0.0,-1.35,-1.3376,-4.0602
GVR,2024-03-22,15:03:09,HOSE,STOCK,33.25,35.55,30.95,33.4,33.7,32.75,33.25,33.07,33.093,33.39,32.449,32.944,32.766,5647400.0,186771270000.0,0.0,0.0,0.0,0.0,0.0
GVR,2024-03-21,15:03:07,HOSE,STOCK,32.8,35.05,30.55,33.3,33.4,32.6,33.25,32.92,32.994,33.093,32.3,32.944,32.617,4064500.0,133787005000.0,0.0,0.0,0.45,0.4459,1.372
GVR,2024-03-20,15:03:09,HOSE,STOCK,32.55,34.8,30.3,32.65,33.0,32.2,32.8,32.61,32.35,32.696,31.904,32.498,32.31,4024600.0,131222520000.0,0.0,0.0,0.25,0.2477,0.768
GVR,2024-03-19,15:03:07,HOSE,STOCK,32.55,34.8,30.3,32.75,33.9,31.9,32.55,33.18,32.449,33.588,31.607,32.251,32.875,5437600.0,180441885000.0,0.0,0.0,0.0,0.0,0.0
GVR,2024-03-18,15:03:07,HOSE,STOCK,34.6,37.0,32.2,34.6,35.8,32.2,32.55,33.07,34.282,35.471,31.904,32.251,32.766,13916500.0,460252035000.0,0.0,0.0,-2.05,-2.0312,-5.9249
GVR,2024-03-15,15:03:11,HOSE,STOCK,32.8,35.05,30.55,32.8,34.6,32.4,34.6,33.78,32.498,34.282,32.102,34.282,33.469,5677900.0,191793640000.0,0.0,0.0,1.8,1.7835,5.4878
GVR,2024-03-14,15:03:08,HOSE,STOCK,32.3,34.55,30.05,32.3,33.15,31.8,32.8,32.45,32.003,32.845,31.507,32.498,32.151,4827500.0,156661535000.0,0.0,0.0,0.5,0.4954,1.548
GVR,2024-03-13,15:03:07,HOSE,STOCK,31.6,33.8,29.4,32.2,33.0,31.8,32.3,32.25,31.904,32.696,31.507,32.003,31.953,3675000.0,118510245000.0,0.0,0.0,0.7,0.6936,2.2152
GVR,2024-03-12,15:03:07,HOSE,STOCK,29.55,31.6,27.5,29.55,31.6,29.5,31.6,31.05,29.278,31.309,29.229,31.309,30.764,9490400.0,294687360000.0,0.0,0.0,2.05,2.0311,6.9374
GVR,2024-03-11,15:03:05,HOSE,STOCK,29.0,31.0,27.0,29.0,30.35,29.0,29.55,29.85,28.733,30.071,28.733,29.278,29.575,5766000.0,172127455000.0,0.0,0.0,0.55,0.5449,1.8966
GVR,2024-03-08,15:03:07,HOSE,STOCK,29.1,31.1,27.1,29.6,29.8,28.5,29.0,29.18,29.328,29.526,28.238,28.733,28.912,5529700.0,161380175000.0,0.0,0.0,-0.1,-0.0991,-0.3436
GVR,2024-03-07,15:03:08,HOSE,STOCK,28.9,30.9,26.9,28.85,29.2,28.65,29.1,28.89,28.585,28.931,28.386,28.832,28.624,3414800.0,98664465000.0,0.0,0.0,0.2,0.1982,0.692
GVR,2024-03-06,15:03:06,HOSE,STOCK,29.7,31.75,27.65,29.55,29.65,28.8,28.9,29.1,29.278,29.377,28.535,28.634,28.832,3513200.0,102251060000.0,0.0,0.0,-0.8,-0.7926,-2.6936
GVR,2024-03-05,15:03:06,HOSE,STOCK,29.8,31.85,27.75,29.5,29.95,29.35,29.7,29.56,29.229,29.674,29.08,29.427,29.288,2287200.0,67604055000.0,0.0,0.0,-0.1,-0.0991,-0.3356
GVR,2024-03-04,15:03:06,HOSE,STOCK,29.15,31.15,27.15,29.65,30.75,29.45,29.8,30.01,29.377,30.467,29.179,29.526,29.734,6026300.0,180841185000.0,0.0,0.0,0.65,0.644,2.2298
GVR,2024-03-01,15:03:06,HOSE,STOCK,28.6,30.6,26.6,28.6,29.25,28.0,29.15,28.82,28.337,28.981,27.742,28.882,28.555,4188200.0,120711170000.0,0.0,0.0,0.55,0.5449,1.9231
GVR,2024-02-29,15:02:07,HOSE,STOCK,28.9,30.9,26.9,28.9,28.9,28.15,28.6,28.47,28.634,28.634,27.891,28.337,28.208,4998300.0,142300065000.0,0.0,0.0,-0.3,-0.2972,-1.0381
GVR,2024-02-28,15:02:06,HOSE,STOCK,28.9,30.9,26.9,28.9,29.9,28.45,28.9,28.98,28.634,29.625,28.188,28.634,28.713,5552600.0,160904300000.0,0.0,0.0,0.0,0.0,0.0
GVR,2024-02-27,15:02:06,HOSE,STOCK,28.8,30.8,26.8,28.9,29.4,28.65,28.9,28.99,28.634,29.13,28.386,28.634,28.723,3318500.0,96194720000.0,0.0,0.0,0.1,0.0991,0.3472
GVR,2024-02-26,15:02:09,HOSE,STOCK,27.55,29.45,25.65,27.5,29.1,27.3,28.8,28.39,27.247,28.832,27.049,28.535,28.129,7028600.0,199534800000.0,0.0,0.0,1.25,1.2385,4.5372
GVR,2024-02-23,15:02:06,HOSE,STOCK,27.95,29.9,26.0,28.1,28.3,26.8,27.55,27.67,27.841,28.04,26.553,27.297,27.415,5825900.0,161206965000.0,0.0,0.0,-0.4,-0.3963,-1.4311
GVR,2024-02-22,15:02:05,HOSE,STOCK,28.15,30.1,26.2,28.1,28.3,27.75,27.95,27.97,27.841,28.04,27.495,27.693,27.713,2740800.0,76651940000.0,0.0,0.0,-0.2,-0.1982,-0.7105
GVR,2024-02-21,15:02:06,HOSE,STOCK,28.2,30.15,26.25,28.25,28.5,27.7,28.15,28.05,27.99,28.238,27.445,27.891,27.792,3976300.0,111546235000.0,0.0,0.0,-0.05,-0.0495,-0.1773
GVR,2024-02-20,15:02:06,HOSE,STOCK,26.8,28.65,24.95,26.9,28.2,26.35,28.2,27.14,26.653,27.941,26.108,27.941,26.89,5439800.0,147650340000.0,0.0,0.0,1.4,1.3871,5.2239
GVR,2024-02-19,15:02:08,HOSE,STOCK,26.65,28.5,24.8,26.95,28.2,26.8,26.8,27.28,26.702,27.941,26.553,26.553,27.029,5352800.0,146041985000.0,0.0,0.0,0.15,0.1486,0.5629
GVR,2024-02-16,15:02:06,HOSE,STOCK,24.95,26.65,23.25,24.9,26.65,24.85,26.65,26.3,24.671,26.405,24.621,26.405,26.058,7573400.0,199203805000.0,0.0,0.0,1.7,1.6844,6.8136
GVR,2024-02-15,15:02:04,HOSE,STOCK,25.35,27.1,23.6,25.4,25.55,24.75,24.95,25.09,25.166,25.315,24.522,24.72,24.859,4639300.0,116416035000.0,0.0,0.0,-0.4,-0.3963,-1.5779
GVR,2024-02-07,15:02:05,HOSE,STOCK,25.2,26.95,23.45,25.2,25.4,24.95,25.35,25.2,24.968,25.166,24.72,25.117,24.968,2757100.0,69478980000.0,0.0,0.0,0.15,0.1486,0.5952
GVR,2024-02-06,15:02:04,HOSE,STOCK,25.05,26.8,23.3,25.05,25.55,24.8,25.2,25.15,24.82,25.315,24.572,24.968,24.919,2648100.0,66591720000.0,0.0,0.0,0.15,0.1486,0.5988
GVR,2024-02-05,15:02:05,HOSE,STOCK,24.6,26.3,22.9,24.8,25.35,24.3,25.05,24.98,24.572,25.117,24.076,24.82,24.75,5140900.0,128413425000.0,0.0,0.0,0.45,0.4459,1.8293
GVR,2024-02-02,15:02:04,HOSE,STOCK,23.95,25.6,22.3,24.5,24.9,24.25,24.6,24.53,24.275,24.671,24.027,24.374,24.304,5668700.0,139047090000.0,0.0,0.0,0.65,0.644,2.714
GVR,2024-02-01,15:02:05,HOSE,STOCK,22.4,23.95,20.85,22.45,23.95,22.45,23.95,23.47,22.243,23.73,22.243,23.73,23.254,5949400.0,139649250000.0,0.0,0.0,1.55,1.5358,6.9196
GVR,2024-01-31,15:01:04,HOSE,STOCK,22.95,24.55,21.35,23.1,23.1,22.0,22.4,22.55,22.887,22.887,21.798,22.194,22.343,4073900.0,91880930000.0,0.0,0.0,-0.55,-0.5449,-2.3965
GVR,2024-01-30,15:01:04,HOSE,STOCK,22.5,24.05,20.95,22.5,23.3,22.25,22.95,22.85,22.293,23.086,22.045,22.739,22.64,3698000.0,84500425000.0,0.0,0.0,0.45,0.4459,2.0
GVR,2024-01-29,15:01:05,HOSE,STOCK,21.45,22.95,19.95,21.6,22.7,21.6,22.5,22.29,21.401,22.491,21.401,22.293,22.085,6728900.0,149972940000.0,0.0,0.0,1.05,1.0403,4.8951
GVR,2024-01-26,15:01:04,HOSE,STOCK,20.9,22.35,19.45,21.0,21.45,20.95,21.45,21.24,20.807,21.253,20.757,21.253,21.045,2436000.0,51731050000.0,0.0,0.0,0.55,0.5449,2.6316
GVR,2024-01-25,15:01:04,HOSE,STOCK,20.9,22.35,19.45,20.9,21.0,20.8,20.9,20.86,20.708,20.807,20.609,20.708,20.668,664000.0,13854080000.0,0.0,0.0,0.0,0.0,0.0
GVR,2024-01-24,15:01:04,HOSE,STOCK,20.9,22.35,19.45,20.85,21.3,20.85,20.9,21.04,20.658,21.104,20.658,20.708,20.846,1074100.0,22603660000.0,0.0,0.0,0.0,0.0,0.0
GVR,2024-01-23,15:01:04,HOSE,STOCK,21.05,22.5,19.6,20.95,21.05,20.8,20.9,20.91,20.757,20.856,20.609,20.708,20.718,1485300.0,31062810000.0,0.0,0.0,-0.15,-0.1486,-0.7126
GVR,2024-01-22,15:01:03,HOSE,STOCK,21.3,22.75,19.85,21.45,21.45,20.85,21.05,20.97,21.253,21.253,20.658,20.856,20.777,2143000.0,44940535000.0,0.0,0.0,-0.25,-0.2477,-1.1737
GVR,2024-01-19,15:01:04,HOSE,STOCK,21.1,22.55,19.65,21.1,21.65,21.1,21.3,21.43,20.906,21.451,20.906,21.104,21.233,2034500.0,43601985000.0,0.0,0.0,0.2,0.1982,0.9479
GVR,2024-01-18,15:01:05,HOSE,STOCK,21.2,22.65,19.75,21.2,21.4,20.95,21.1,21.14,21.005,21.203,20.757,20.906,20.946,1784700.0,37734375000.0,0.0,0.0,-0.1,-0.0991,-0.4717
GVR,2024-01-17,15:01:04,HOSE,STOCK,20.95,22.4,19.5,20.95,21.45,20.9,21.2,21.12,20.757,21.253,20.708,21.005,20.926,2063200.0,43578190000.0,0.0,0.0,0.25,0.2477,1.1933
GVR,2024-01-16,15:01:03,HOSE,STOCK,20.55,21.95,19.15,20.5,20.95,20.5,20.95,20.76,20.311,20.757,20.311,20.757,20.569,1319800.0,27401750000.0,0.0,0.0,0.4,0.3963,1.9465
GVR,2024-01-15,15:01:04,HOSE,STOCK,20.4,21.8,19.0,20.55,20.9,20.4,20.55,20.6,20.361,20.708,20.212,20.361,20.41,2017500.0,41559235000.0,0.0,0.0,0.15,0.1486,0.7353
GVR,2024-01-12,15:01:04,HOSE,STOCK,21.2,22.65,19.75,21.0,21.2,20.3,20.4,20.71,20.807,21.005,20.113,20.212,20.519,3546100.0,73447680000.0,0.0,0.0,-0.8,-0.7926,-3.7736
GVR,2024-01-11,15:01:04,HOSE,STOCK,21.6,23.1,20.1,21.6,21.65,21.15,21.2,21.34,21.401,21.451,20.955,21.005,21.144,1699700.0,36270345000.0,0.0,0.0,-0.4,-0.3963,-1.8519
GVR,2024-01-10,15:01:04,HOSE,STOCK,21.4,22.85,19.95,21.35,21.6,21.1,21.6,21.36,21.154,21.401,20.906,21.401,21.163,1652900.0,35299615000.0,0.0,0.0,0.2,0.1982,0.9346
GVR,2024-01-09,15:01:06,HOSE,STOCK,21.5,23.0,20.0,21.65,21.65,21.0,21.4,21.32,21.451,21.451,20.807,21.203,21.124,3126900.0,66674200000.0,0.0,0.0,-0.1,-0.0991,-0.4651
GVR,2024-01-08,15:01:05,HOSE,STOCK,21.8,23.3,20.3,22.0,22.0,21.5,21.5,21.61,21.798,21.798,21.302,21.302,21.411,1878400.0,40600775000.0,0.0,0.0,-0.3,-0.2972,-1.3761
GVR,2024-01-05,15:01:03,HOSE,STOCK,21.4,22.85,19.95,21.5,21.95,21.45,21.8,21.75,21.302,21.748,21.253,21.599,21.55,2868500.0,62385085000.0,0.0,0.0,0.4,0.3963,1.8692
GVR,2024-01-04,15:01:04,HOSE,STOCK,21.6,23.1,20.1,21.5,21.75,21.4,21.4,21.59,21.302,21.55,21.203,21.203,21.391,2912300.0,62883945000.0,0.0,0.0,-0.2,-0.1982,-0.9259
GVR,2024-01-03,15:01:03,HOSE,STOCK,20.95,22.4,19.5,20.9,21.9,20.8,21.6,21.58,20.708,21.699,20.609,21.401,21.381,4320100.0,93215780000.0,0.0,0.0,0.65,0.644,3.1026
GVR,2024-01-02,15:01:03,HOSE,STOCK,21.2,22.65,19.75,21.45,21.45,20.9,20.95,21.08,21.253,21.253,20.708,20.757,20.886,2681000.0,56509625000.0,0.0,0.0,-0.25,-0.2477,-1.1792
GVR,2023-12-29,15:12:01,HOSE,STOCK,20.3,21.7,18.9,20.45,21.3,20.45,21.2,20.9,20.262,21.104,20.262,21.005,20.708,7483700.0,156437395000.0,0.0,0.0,0.9,0.8917,4.4335
GVR,2023-12-28,15:12:03,HOSE,STOCK,20.25,21.65,18.85,20.35,20.5,20.15,20.3,20.35,20.163,20.311,19.965,20.113,20.163,1830100.0,37246060000.0,0.0,0.0,0.05,0.0495,0.2469
GVR,2023-12-27,15:12:02,HOSE,STOCK,20.3,21.7,18.9,20.3,20.5,20.2,20.25,20.33,20.113,20.311,20.014,20.064,20.143,1275100.0,25924240000.0,0.0,0.0,-0.05,-0.0495,-0.2463
GVR,2023-12-26,15:12:01,HOSE,STOCK,20.2,21.6,18.8,20.25,20.5,20.2,20.3,20.34,20.064,20.311,20.014,20.113,20.153,1790200.0,36406415000.0,0.0,0.0,0.1,0.0991,0.495
GVR,2023-12-25,15:12:02,HOSE,STOCK,20.25,21.65,18.85,20.3,20.4,20.05,20.2,20.23,20.113,20.212,19.866,20.014,20.044,1477400.0,29886775000.0,0.0,0.0,-0.05,-0.0495,-0.2469
GVR,2023-12-22,15:12:02,HOSE,STOCK,19.9,21.25,18.55,20.05,20.25,19.9,20.25,20.12,19.866,20.064,19.717,20.064,19.935,1995500.0,40155080000.0,0.0,0.0,0.35,0.3468,1.7588
GVR,2023-12-21,15:12:02,HOSE,STOCK,19.75,21.1,18.4,19.7,19.95,19.65,19.9,19.8,19.519,19.766,19.469,19.717,19.618,958000.0,18969585000.0,0.0,0.0,0.15,0.1486,0.7595
GVR,2023-12-20,15:12:01,HOSE,STOCK,19.6,20.95,18.25,19.65,19.85,19.5,19.75,19.65,19.469,19.667,19.321,19.568,19.469,789200.0,15511700000.0,0.0,0.0,0.15,0.1486,0.7653
GVR,2023-12-19,15:12:02,HOSE,STOCK,19.45,20.8,18.1,19.45,19.6,19.2,19.6,19.46,19.271,19.42,19.023,19.42,19.281,1243600.0,24200870000.0,0.0,0.0,0.15,0.1486,0.7712
GVR,2023-12-18,15:12:01,HOSE,STOCK,19.9,21.25,18.55,19.9,19.9,19.45,19.45,19.7,19.717,19.717,19.271,19.271,19.519,1003400.0,19765420000.0,0.0,0.0,-0.45,-0.4459,-2.2613
GVR,2023-12-15,15:12:01,HOSE,STOCK,19.85,21.2,18.5,19.85,20.1,19.65,19.9,19.87,19.667,19.915,19.469,19.717,19.687,961600.0,19103605000.0,0.0,0.0,0.05,0.0495,0.2519
GVR,2023-12-14,15:12:01,HOSE,STOCK,19.95,21.3,18.6,20.15,20.2,19.8,19.85,19.99,19.965,20.014,19.618,19.667,19.806,1055000.0,21091965000.0,0.0,0.0,-0.1,-0.0991,-0.5013
GVR,2023-12-13,15:12:03,HOSE,STOCK,20.35,21.75,18.95,20.35,20.55,19.95,19.95,20.2,20.163,20.361,19.766,19.766,20.014,1917800.0,38735985000.0,0.0,0.0,-0.4,-0.3963,-1.9656
GVR,2023-12-12,15:12:02,HOSE,STOCK,20.35,21.75,18.95,20.45,20.7,20.35,20.35,20.46,20.262,20.51,20.163,20.163,20.272,1283200.0,26249150000.0,0.0,0.0,0.0,0.0,0.0
GVR,2023-12-11,15:12:02,HOSE,STOCK,20.05,21.45,18.65,20.15,20.35,20.0,20.35,20.19,19.965,20.163,19.816,20.163,20.004,1128600.0,22781530000.0,0.0,0.0,0.3,0.2972,1.4963
GVR,2023-12-08,15:12:02,HOSE,STOCK,20.2,21.6,18.8,20.2,20.4,20.0,20.05,20.16,20.014,20.212,19.816,19.866,19.975,1284200.0,25887905000.0,0.0,0.0,-0.15,-0.1486,-0.7426
GVR,2023-12-07,15:12:03,HOSE,STOCK,20.8,22.25,19.35,20.8,20.8,19.95,20.2,20.28,20.609,20.609,19.766,20.014,20.093,3409800.0,69134225000.0,0.0,0.0,-0.6,-0.5945,-2.8846
GVR,2023-12-06,15:12:03,HOSE,STOCK,20.6,22.0,19.2,20.7,20.8,20.5,20.8,20.67,20.51,20.609,20.311,20.609,20.48,1853800.0,38318520000.0,0.0,0.0,0.2,0.1982,0.9709
GVR,2023-12-05,15:12:03,HOSE,STOCK,20.6,22.0,19.2,20.65,20.85,20.45,20.6,20.64,20.46,20.658,20.262,20.41,20.45,2609300.0,53866820000.0,0.0,0.0,0.0,0.0,0.0
GVR,2023-12-04,15:12:02,HOSE,STOCK,20.15,21.55,18.75,20.35,20.85,20.3,20.6,20.56,20.163,20.658,20.113,20.41,20.371,3141500.0,64594045000.0,0.0,0.0,0.45,0.4458,2.2333
GVR,2023-12-01,15:12:02,HOSE,STOCK,20.0,21.4,18.6,20.0,20.2,19.8,20.15,20.03,19.816,20.014,19.618,19.965,19.846,1179800.0,23632170000.0,0.0,0.0,0.15,0.1486,0.75
GVR,2023-11-30,15:11:03,HOSE,STOCK,19.85,21.2,18.5,19.8,20.4,19.8,20.0,20.18,19.618,20.212,19.618,19.816,19.994,3408300.0,68789725000.0,0.0,0.0,0.15,0.1486,0.7557
GVR,2023-11-29,15:11:02,HOSE,STOCK,19.6,20.95,18.25,19.7,19.9,19.55,19.85,19.71,19.519,19.717,19.37,19.667,19.529,1369700.0,27000275000.0,0.0,0.0,0.25,0.2477,1.2755
GVR,2023-11-28,15:11:01,HOSE,STOCK,19.3,20.65,17.95,19.4,19.6,18.9,19.6,19.29,19.222,19.42,18.726,19.42,19.113,1256000.0,24225490000.0,0.0,0.0,0.3,0.2972,1.5544
GVR,2023-11-27,15:11:01,HOSE,STOCK,19.55,20.9,18.2,19.6,19.8,19.3,19.3,19.52,19.42,19.618,19.122,19.122,19.34,1345200.0,26258550000.0,0.0,0.0,-0.25,-0.2477,-1.2788
GVR,2023-11-24,15:11:03,HOSE,STOCK,19.3,20.65,17.95,19.3,19.55,18.75,19.55,19.22,19.122,19.37,18.578,19.37,19.043,2200900.0,42300290000.0,0.0,0.0,0.25,0.2477,1.2953
GVR,2023-11-23,15:11:02,HOSE,STOCK,20.15,21.55,18.75,20.35,20.35,19.3,19.3,19.97,20.163,20.163,19.122,19.122,19.786,2776300.0,55447760000.0,0.0,0.0,-0.85,-0.8422,-4.2184
GVR,2023-11-22,15:11:03,HOSE,STOCK,20.05,21.45,18.65,20.1,20.2,19.8,20.15,20.01,19.915,20.014,19.618,19.965,19.826,3150100.0,63045035000.0,0.0,0.0,0.1,0.0991,0.4988
GVR,2023-11-21,15:11:02,HOSE,STOCK,20.0,21.4,18.6,20.3,20.3,19.85,20.05,20.03,20.113,20.113,19.667,19.866,19.846,1338500.0,26809760000.0,0.0,0.0,0.05,0.0495,0.25
GVR,2023-11-20,15:11:02,HOSE,STOCK,19.45,20.8,18.1,19.2,20.1,19.0,20.0,19.88,19.023,19.915,18.825,19.816,19.697,2992800.0,59482560000.0,0.0,0.0,0.55,0.5449,2.8278
GVR,2023-11-17,15:11:01,HOSE,STOCK,19.7,21.05,18.35,19.8,20.35,19.1,19.45,19.73,19.618,20.163,18.924,19.271,19.548,3491800.0,68894535000.0,0.0,0.0,-0.25,-0.2477,-1.269
GVR,2023-11-16,15:11:01,HOSE,STOCK,19.5,20.85,18.15,19.7,19.7,19.4,19.7,19.56,19.519,19.519,19.222,19.519,19.38,936200.0,18309355000.0,0.0,0.0,0.2,0.1982,1.0256
GVR,2023-11-15,15:11:01,HOSE,STOCK,19.7,21.05,18.35,20.45,20.45,19.85,19.85,20.12,19.905,19.905,19.321,19.321,19.584,2589000.0,52078790000.0,0.0,0.0,0.15,0.146,0.7614
GVR,2023-11-14,15:11:02,HOSE,STOCK,19.45,20.8,18.1,19.8,19.8,19.35,19.7,19.6,19.273,19.273,18.835,19.175,19.078,1361200.0,26675010000.0,0.0,0.0,0.25,0.2433,1.2853
GVR,2023-11-13,15:11:01,HOSE,STOCK,19.35,20.7,18.0,19.5,19.65,19.15,19.45,19.44,18.981,19.127,18.64,18.932,18.922,1633900.0,31760490000.0,0.0,0.0,0.1,0.0973,0.5168
GVR,2023-11-10,15:11:02,HOSE,STOCK,19.7,21.05,18.35,19.3,19.95,19.3,19.35,19.58,18.786,19.419,18.786,18.835,19.058,2241300.0,43887095000.0,0.0,0.0,-0.35,-0.3407,-1.7766
GVR,2023-11-09,15:11:02,HOSE,STOCK,19.7,21.05,18.35,19.9,20.2,19.6,19.7,19.88,19.37,19.662,19.078,19.175,19.35,2562000.0,50936975000.0,0.0,0.0,0.0,0.0,0.0
GVR,2023-11-08,15:11:01,HOSE,STOCK,18.45,19.7,17.2,18.5,19.7,18.35,19.7,19.18,18.007,19.175,17.861,19.175,18.669,2532900.0,48582080000.0,0.0,0.0,1.25,1.2167,6.7751
GVR,2023-11-07,15:11:01,HOSE,STOCK,18.5,19.75,17.25,18.35,18.95,18.15,18.45,18.61,17.861,18.445,17.667,17.959,18.114,1632000.0,30363910000.0,0.0,0.0,-0.05,-0.0487,-0.2703
GVR,2023-11-06,15:11:01,HOSE,STOCK,18.5,19.75,17.25,18.6,18.8,18.25,18.5,18.5,18.105,18.299,17.764,18.007,18.007,939200.0,17374540000.0,0.0,0.0,0.0,0.0,0.0
GVR,2023-11-03,15:11:01,HOSE,STOCK,18.5,19.75,17.25,18.65,18.7,18.2,18.5,18.4,18.153,18.202,17.715,18.007,17.91,1245300.0,22913595000.0,0.0,0.0,0.0,0.0,0.0
GVR,2023-11-02,15:11:02,HOSE,STOCK,17.3,18.5,16.1,17.55,18.5,17.55,18.5,18.0,17.083,18.007,17.083,18.007,17.521,2148500.0,38665525000.0,0.0,0.0,1.2,1.168,6.9364
GVR,2023-11-01,15:11:02,HOSE,STOCK,16.9,18.05,15.75,16.9,17.4,16.45,17.3,16.87,16.45,16.936,16.012,16.839,16.421,1479400.0,24950495000.0,0.0,0.0,0.4,0.3893,2.3669
GVR,2023-10-31,15:10:02,HOSE,STOCK,18.0,19.25,16.75,18.2,18.2,16.85,16.9,17.45,17.715,17.715,16.401,16.45,16.985,2313300.0,40362365000.0,0.0,0.0,-1.1,-1.0707,-6.1111
GVR,2023-10-30,15:10:01,HOSE,STOCK,19.3,20.65,17.95,19.3,19.3,18.0,18.0,18.59,18.786,18.786,17.521,17.521,18.095,2345000.0,43601185000.0,0.0,0.0,-1.3,-1.2654,-6.7358
GVR,2023-10-27,15:10:02,HOSE,STOCK,19.1,20.4,17.8,19.5,19.5,18.3,19.3,19.11,18.981,18.981,17.813,18.786,18.601,1471800.0,28119125000.0,0.0,0.0,0.2,0.1947,1.0471
GVR,2023-10-26,15:10:02,HOSE,STOCK,20.5,21.9,19.1,20.0,20.3,19.1,19.1,19.3,19.467,19.759,18.591,18.591,18.786,4302900.0,83031275000.0,0.0,0.0,-1.4,-1.3627,-6.8293
GVR,2023-10-25,15:10:02,HOSE,STOCK,20.45,21.85,19.05,20.55,20.9,20.5,20.5,20.7,20.003,20.343,19.954,19.954,20.149,2486500.0,51472680000.0,0.0,0.0,0.05,0.0487,0.2445
GVR,2023-10-24,15:10:02,HOSE,STOCK,19.75,21.1,18.4,19.9,20.5,19.7,20.45,20.15,19.37,19.954,19.175,19.905,19.613,1732000.0,34903535000.0,0.0,0.0,0.7,0.6813,3.5443
GVR,2023-10-23,15:10:02,HOSE,STOCK,20.5,21.9,19.1,20.55,20.6,19.55,19.75,20.19,20.003,20.051,19.029,19.224,19.652,2482600.0,50128285000.0,0.0,0.0,-0.75,-0.73,-3.6585
GVR,2023-10-20,15:10:06,HOSE,STOCK,20.0,21.4,18.6,20.1,20.7,19.45,20.5,20.0,19.565,20.149,18.932,19.954,19.467,2896100.0,57912010000.0,0.0,0.0,0.5,0.4867,2.5
GVR,2023-10-19,15:10:02,HOSE,STOCK,20.0,21.4,18.6,19.85,20.5,19.7,20.0,20.15,19.321,19.954,19.175,19.467,19.613,3130900.0,63098700000.0,0.0,0.0,0.0,0.0,0.0
GVR,2023-10-18,15:10:02,HOSE,STOCK,20.2,21.6,18.8,20.6,21.0,19.5,20.0,20.38,20.051,20.441,18.981,19.467,19.837,3600400.0,73374220000.0,0.0,0.0,-0.2,-0.1947,-0.9901
GVR,2023-10-17,15:10:02,HOSE,STOCK,21.45,22.95,19.95,21.65,21.9,20.2,20.2,21.43,21.073,21.317,19.662,19.662,20.859,3992400.0,85555875000.0,0.0,0.0,-1.25,-1.2167,-5.8275
GVR,2023-10-16,15:10:02,HOSE,STOCK,21.4,22.85,19.95,21.45,21.95,21.3,21.45,21.68,20.879,21.365,20.733,20.879,21.102,3658400.0,79311190000.0,0.0,0.0,0.05,0.0487,0.2336
GVR,2023-10-13,15:10:02,HOSE,STOCK,20.85,22.3,19.4,20.65,21.45,20.6,21.4,21.02,20.1,20.879,20.051,20.83,20.46,4293700.0,90242605000.0,0.0,0.0,0.55,0.5354,2.6379
GVR,2023-10-12,15:10:02,HOSE,STOCK,20.7,22.1,19.3,20.75,21.15,20.75,20.85,20.97,20.197,20.587,20.197,20.295,20.411,3522600.0,73858210000.0,0.0,0.0,0.15,0.146,0.7246
GVR,2023-10-11,15:10:02,HOSE,STOCK,20.05,21.45,18.65,20.1,20.7,20.05,20.7,20.35,19.565,20.149,19.516,20.149,19.808,2187000.0,44510500000.0,0.0,0.0,0.65,0.6327,3.2419
GVR,2023-10-10,15:10:02,HOSE,STOCK,20.4,21.8,19.0,20.65,20.65,20.05,20.05,20.39,20.1,20.1,19.516,19.516,19.847,3350400.0,68327865000.0,0.0,0.0,-0.35,-0.3407,-1.7157
GVR,2023-10-09,15:10:02,HOSE,STOCK,20.2,21.6,18.8,20.4,20.65,20.05,20.4,20.38,19.857,20.1,19.516,19.857,19.837,2436000.0,49641570000.0,0.0,0.0,0.2,0.1947,0.9901
GVR,2023-10-06,15:10:01,HOSE,STOCK,19.8,21.15,18.45,19.8,20.35,19.45,20.2,19.84,19.273,19.808,18.932,19.662,19.312,2399800.0,47611940000.0,0.0,0.0,0.4,0.3893,2.0202
GVR,2023-10-05,15:10:01,HOSE,STOCK,19.5,20.85,18.15,19.7,20.3,19.65,19.8,19.97,19.175,19.759,19.127,19.273,19.438,4016400.0,80206235000.0,0.0,0.0,0.3,0.292,1.5385
GVR,2023-10-04,15:10:01,HOSE,STOCK,19.0,20.3,17.7,19.05,19.75,18.8,19.5,19.36,18.543,19.224,18.299,18.981,18.844,2046900.0,39629115000.0,0.0,0.0,0.5,0.4867,2.6316
GVR,2023-10-03,15:10:02,HOSE,STOCK,20.4,21.8,19.0,20.0,20.15,19.0,19.0,19.46,19.467,19.613,18.494,18.494,18.942,3931200.0,76493095000.0,0.0,0.0,-1.4,-1.3627,-6.8627
GVR,2023-10-02,15:10:01,HOSE,STOCK,19.5,20.85,18.15,19.7,20.4,19.5,20.4,20.03,19.175,19.857,18.981,19.857,19.496,2740700.0,54884230000.0,0.0,0.0,0.9,0.876,4.6154
GVR,2023-09-29,15:09:01,HOSE,STOCK,19.6,20.95,18.25,19.9,20.15,19.5,19.5,19.82,19.37,19.613,18.981,18.981,19.292,1955800.0,38765240000.0,0.0,0.0,-0.1,-0.0973,-0.5102
GVR,2023-09-28,15:09:01,HOSE,STOCK,19.85,21.2,18.5,19.85,19.85,19.4,19.6,19.62,19.321,19.321,18.883,19.078,19.097,2073300.0,40677605000.0,0.0,0.0,-0.25,-0.2433,-1.2594
GVR,2023-09-27,15:09:01,HOSE,STOCK,18.95,20.25,17.65,19.1,19.85,18.55,19.85,19.01,18.591,19.321,18.056,19.321,18.504,4359100.0,82862345000.0,0.0,0.0,0.9,0.876,4.7493
GVR,2023-09-26,15:09:01,HOSE,STOCK,20.35,21.75,18.95,20.3,20.8,18.95,18.95,19.75,19.759,20.246,18.445,18.445,19.224,7147500.0,141194910000.0,0.0,0.0,-1.4,-1.3627,-6.8796
GVR,2023-09-25,15:09:01,HOSE,STOCK,21.85,23.35,20.35,21.8,22.4,20.35,20.35,21.29,21.219,21.803,19.808,19.808,20.723,4890300.0,104094715000.0,0.0,0.0,-1.5,-1.46,-6.865
GVR,2023-09-22,15:09:01,HOSE,STOCK,23.2,24.8,21.6,22.9,22.9,21.85,21.85,22.23,22.29,22.29,21.268,21.268,21.638,5376200.0,119506740000.0,0.0,0.0,-1.35,-1.314,-5.819
GVR,2023-09-21,15:09:01,HOSE,STOCK,23.1,24.7,21.5,23.3,23.7,23.05,23.2,23.36,22.679,23.069,22.436,22.582,22.738,4683800.0,109394750000.0,0.0,0.0,0.1,0.0973,0.4329
GVR,2023-09-20,15:09:02,HOSE,STOCK,22.3,23.85,20.75,22.45,23.1,22.2,23.1,22.81,21.852,22.485,21.609,22.485,22.202,6505800.0,148412640000.0,0.0,0.0,0.8,0.7787,3.5874
GVR,2023-09-19,15:09:01,HOSE,STOCK,22.15,23.7,20.6,22.05,22.3,21.7,22.3,22.0,21.463,21.706,21.122,21.706,21.414,2540100.0,55881320000.0,0.0,0.0,0.15,0.146,0.6772
GVR,2023-09-18,15:09:02,HOSE,STOCK,22.6,24.15,21.05,22.75,22.8,21.55,22.15,22.32,22.144,22.193,20.976,21.56,21.725,4330900.0,96645070000.0,0.0,0.0,-0.45,-0.438,-1.9912
GVR,2023-09-15,15:09:03,HOSE,STOCK,22.0,23.5,20.5,22.3,23.0,21.9,22.6,22.41,21.706,22.387,21.317,21.998,21.813,3130300.0,70150145000.0,0.0,0.0,0.6,0.584,2.7273
GVR,2023-09-14,15:09:03,HOSE,STOCK,22.3,23.85,20.75,22.45,22.5,21.95,22.0,22.22,21.852,21.901,21.365,21.414,21.628,2618600.0,58177815000.0,0.0,0.0,-0.3,-0.292,-1.3453
GVR,2023-09-13,15:09:02,HOSE,STOCK,22.7,24.25,21.15,22.8,23.2,22.2,22.3,22.86,22.193,22.582,21.609,21.706,22.251,5665700.0,129496500000.0,0.0,0.0,-0.4,-0.3893,-1.7621
GVR,2023-09-12,15:09:02,HOSE,STOCK,21.75,23.25,20.25,21.9,22.7,21.65,22.7,22.16,21.317,22.095,21.073,22.095,21.57,2385000.0,52858965000.0,0.0,0.0,0.95,0.9247,4.3678
GVR,2023-09-11,15:09:02,HOSE,STOCK,22.7,24.25,21.15,23.25,23.25,21.75,21.75,22.32,22.631,22.631,21.171,21.171,21.725,4406700.0,98356915000.0,0.0,0.0,-0.95,-0.9247,-4.185
GVR,2023-09-08,15:09:03,HOSE,STOCK,22.4,23.95,20.85,22.15,23.2,22.15,22.7,22.85,21.56,22.582,21.56,22.095,22.241,3404000.0,77768940000.0,0.0,0.0,0.3,0.292,1.3393
GVR,2023-09-07,15:09:01,HOSE,STOCK,22.0,23.5,20.5,22.2,22.85,22.2,22.4,22.48,21.609,22.241,21.609,21.803,21.881,5152000.0,115837090000.0,0.0,0.0,0.4,0.3893,1.8182
GVR,2023-09-06,15:09:03,HOSE,STOCK,22.0,23.5,20.5,22.15,22.2,21.65,22.0,21.89,21.56,21.609,21.073,21.414,21.307,3422100.0,74904030000.0,0.0,0.0,0.0,0.0,0.0
GVR,2023-09-05,15:09:04,HOSE,STOCK,21.85,23.35,20.35,22.25,22.35,21.85,22.0,22.09,21.657,21.755,21.268,21.414,21.502,3268500.0,72193540000.0,0.0,0.0,0.15,0.146,0.6865
GVR,2023-08-31,15:08:04,HOSE,STOCK,20.7,22.1,19.3,20.85,21.85,20.75,21.85,21.5,20.295,21.268,20.197,21.268,20.927,5976100.0,128515165000.0,0.0,0.0,1.15,1.1194,5.5556
GVR,2023-08-30,15:08:02,HOSE,STOCK,20.65,22.05,19.25,20.65,20.85,20.2,20.7,20.59,20.1,20.295,19.662,20.149,20.042,2164600.0,44574295000.0,0.0,0.0,0.05,0.0487,0.2421
GVR,2023-08-29,15:08:02,HOSE,STOCK,20.2,21.6,18.8,20.45,20.85,20.35,20.65,20.59,19.905,20.295,19.808,20.1,20.042,2319700.0,47767300000.0,0.0,0.0,0.45,0.438,2.2277
GVR,2023-08-28,15:08:02,HOSE,STOCK,19.65,21.0,18.3,19.8,20.25,19.65,20.2,20.0,19.273,19.711,19.127,19.662,19.467,2407500.0,48141605000.0,0.0,0.0,0.55,0.5354,2.799
GVR,2023-08-25,15:08:03,HOSE,STOCK,19.8,21.15,18.45,19.8,19.95,19.6,19.65,19.73,19.273,19.419,19.078,19.127,19.204,1642900.0,32421490000.0,0.0,0.0,-0.15,-0.146,-0.7576
GVR,2023-08-24,15:08:02,HOSE,STOCK,19.2,20.5,17.9,19.2,19.85,19.15,19.8,19.56,18.689,19.321,18.64,19.273,19.039,1837300.0,35935235000.0,0.0,0.0,0.6,0.584,3.125
GVR,2023-08-23,15:08:01,HOSE,STOCK,19.05,20.35,17.75,19.5,19.6,19.15,19.2,19.36,18.981,19.078,18.64,18.689,18.844,1001100.0,19383815000.0,0.0,0.0,0.15,0.146,0.7874
GVR,2023-08-22,15:08:02,HOSE,STOCK,19.3,20.65,17.95,19.1,19.5,18.2,19.05,18.92,18.591,18.981,17.715,18.543,18.416,2986700.0,56500235000.0,0.0,0.0,-0.25,-0.2433,-1.2953
GVR,2023-08-21,15:08:02,HOSE,STOCK,19.85,21.2,18.5,19.5,19.55,18.85,19.3,19.26,18.981,19.029,18.348,18.786,18.747,3048800.0,58721700000.0,0.0,0.0,-0.55,-0.5354,-2.7708
GVR,2023-08-18,15:08:02,HOSE,STOCK,21.3,22.75,19.85,21.25,21.3,19.85,19.85,20.47,20.684,20.733,19.321,19.321,19.925,4869000.0,99672945000.0,0.0,0.0,-1.45,-1.4114,-6.8075
GVR,2023-08-17,15:08:02,HOSE,STOCK,21.35,22.8,19.9,21.5,21.7,21.25,21.3,21.42,20.927,21.122,20.684,20.733,20.849,2629500.0,56331750000.0,0.0,0.0,-0.05,-0.0487,-0.2342
GVR,2023-08-16,15:08:02,HOSE,STOCK,21.45,22.95,19.95,21.35,21.65,21.35,21.35,21.43,20.781,21.073,20.781,20.781,20.859,2035600.0,43631575000.0,0.0,0.0,-0.1,-0.0973,-0.4662
GVR,2023-08-15,15:08:02,HOSE,STOCK,21.55,23.05,20.05,21.6,21.85,21.45,21.45,21.61,21.025,21.268,20.879,20.879,21.034,2436600.0,52658135000.0,0.0,0.0,-0.1,-0.0973,-0.464
GVR,2023-08-14,15:08:02,HOSE,STOCK,21.1,22.55,19.65,21.4,21.65,21.15,21.55,21.42,20.83,21.073,20.587,20.976,20.849,2159100.0,46248205000.0,0.0,0.0,0.45,0.438,2.1327
GVR,2023-08-11,15:08:02,HOSE,STOCK,21.45,22.95,19.95,21.45,21.65,20.5,21.1,21.05,20.879,21.073,19.954,20.538,20.489,3906500.0,82244865000.0,0.0,0.0,-0.35,-0.3407,-1.6317
GVR,2023-08-10,15:08:02,HOSE,STOCK,22.15,23.7,20.6,22.05,22.25,21.45,21.45,21.8,21.463,21.657,20.879,20.879,21.219,3053500.0,66557055000.0,0.0,0.0,-0.7,-0.6814,-3.1603
GVR,2023-08-09,15:08:04,HOSE,STOCK,22.6,24.15,21.05,22.5,22.7,22.15,22.15,22.34,21.901,22.095,21.56,21.56,21.745,2606700.0,58246300000.0,0.0,0.0,-0.45,-0.438,-1.9912
GVR,2023-08-08,15:08:02,HOSE,STOCK,22.7,24.25,21.15,22.8,22.85,22.35,22.6,22.56,22.193,22.241,21.755,21.998,21.959,2682200.0,60498365000.0,0.0,0.0,-0.1,-0.0973,-0.4405
GVR,2023-08-07,15:08:02,HOSE,STOCK,21.9,23.4,20.4,22.0,22.8,22.0,22.7,22.52,21.414,22.193,21.414,22.095,21.92,4317300.0,97226175000.0,0.0,0.0,0.8,0.7787,3.653
GVR,2023-08-04,15:08:02,HOSE,STOCK,21.8,23.3,20.3,21.9,22.0,21.65,21.9,21.78,21.317,21.414,21.073,21.317,21.2,2347900.0,51136525000.0,0.0,0.0,0.1,0.0973,0.4587
GVR,2023-08-03,15:08:02,HOSE,STOCK,21.9,23.4,20.4,21.9,22.35,21.7,21.8,21.94,21.317,21.755,21.122,21.219,21.356,1908000.0,41857640000.0,0.0,0.0,-0.1,-0.0973,-0.4566
GVR,2023-08-02,15:08:01,HOSE,STOCK,22.0,23.5,20.5,21.8,22.0,21.7,21.9,21.86,21.219,21.414,21.122,21.317,21.278,2040200.0,44595475000.0,0.0,0.0,-0.1,-0.0973,-0.4545
GVR,2023-08-01,15:08:02,HOSE,STOCK,22.35,23.9,20.8,22.4,22.55,21.95,22.0,22.2,21.803,21.949,21.365,21.414,21.609,3020300.0,67058745000.0,0.0,0.0,-0.35,-0.3407,-1.566
GVR,2023-07-31,15:07:02,HOSE,STOCK,22.0,23.5,20.5,22.3,22.6,22.0,22.35,22.29,21.706,21.998,21.414,21.755,21.696,2665400.0,59405705000.0,0.0,0.0,0.35,0.3407,1.5909
GVR,2023-07-28,15:07:03,HOSE,STOCK,21.7,23.2,20.2,21.75,22.15,21.55,22.0,21.87,21.171,21.56,20.976,21.414,21.287,3955800.0,86517585000.0,0.0,0.0,0.3,0.292,1.3825
GVR,2023-07-27,15:07:03,HOSE,STOCK,21.6,23.1,20.1,21.55,21.8,21.45,21.7,21.58,20.976,21.219,20.879,21.122,21.005,2587700.0,55852835000.0,0.0,0.0,0.1,0.0973,0.463
GVR,2023-07-26,15:07:02,HOSE,STOCK,21.8,23.3,20.3,21.8,21.9,21.5,21.6,21.68,21.219,21.317,20.927,21.025,21.102,2299500.0,49851425000.0,0.0,0.0,-0.2,-0.1947,-0.9174
GVR,2023-07-25,15:07:01,HOSE,STOCK,22.2,23.75,20.65,22.2,22.3,21.8,21.8,21.93,21.609,21.706,21.219,21.219,21.346,2336100.0,51237020000.0,0.0,0.0,-0.4,-0.3893,-1.8018
GVR,2023-07-24,15:07:02,HOSE,STOCK,22.0,23.5,20.5,22.2,22.5,21.9,22.2,22.13,21.609,21.901,21.317,21.609,21.54,1992800.0,44104520000.0,0.0,0.0,0.2,0.1947,0.9091
GVR,2023-07-21,15:07:02,HOSE,STOCK,21.5,23.0,20.0,21.6,22.25,21.35,22.0,21.87,21.025,21.657,20.781,21.414,21.287,2070400.0,45270270000.0,0.0,0.0,0.5,0.4867,2.3256
GVR,2023-07-20,15:07:02,HOSE,STOCK,21.7,23.2,20.2,21.7,21.8,21.05,21.5,21.37,21.122,21.219,20.489,20.927,20.801,3169600.0,67721130000.0,0.0,0.0,-0.2,-0.1947,-0.9217
GVR,2023-07-19,15:07:02,HOSE,STOCK,21.85,23.35,20.35,21.8,22.3,21.7,21.7,21.94,21.219,21.706,21.122,21.122,21.356,3177200.0,69719700000.0,0.0,0.0,-0.15,-0.146,-0.6865
GVR,2023-07-18,15:07:01,HOSE,STOCK,22.0,23.5,20.5,22.1,22.1,21.7,21.85,21.84,21.511,21.511,21.122,21.268,21.258,1472600.0,32157400000.0,0.0,0.0,-0.15,-0.146,-0.6818
GVR,2023-07-17,15:07:01,HOSE,STOCK,21.6,23.1,20.1,21.5,22.3,21.45,22.0,21.88,20.927,21.706,20.879,21.414,21.297,2698400.0,59040440000.0,0.0,0.0,0.4,0.3893,1.8519
GVR,2023-07-14,15:07:03,HOSE,STOCK,21.65,23.15,20.15,21.7,21.7,21.35,21.6,21.52,21.122,21.122,20.781,21.025,20.947,2386000.0,51336555000.0,0.0,0.0,-0.05,-0.0487,-0.2309
GVR,2023-07-13,15:07:03,HOSE,STOCK,21.6,23.1,20.1,21.5,21.7,21.4,21.65,21.59,20.927,21.122,20.83,21.073,21.015,2504800.0,54068510000.0,0.0,0.0,0.05,0.0487,0.2315
GVR,2023-07-12,15:07:02,HOSE,STOCK,21.5,23.0,20.0,21.6,21.6,21.2,21.6,21.39,21.025,21.025,20.635,21.025,20.82,3022300.0,64658335000.0,0.0,0.0,0.1,0.0973,0.4651
GVR,2023-07-11,15:07:02,HOSE,STOCK,21.25,22.7,19.8,21.4,21.7,21.25,21.5,21.47,20.83,21.122,20.684,20.927,20.898,3498200.0,75118790000.0,0.0,0.0,0.25,0.2433,1.1765
GVR,2023-07-10,15:07:02,HOSE,STOCK,21.25,22.7,19.8,21.25,21.6,21.05,21.25,21.3,20.684,21.025,20.489,20.684,20.733,4114700.0,87623945000.0,0.0,0.0,0.0,0.0,0.0
GVR,2023-07-07,15:07:02,HOSE,STOCK,20.7,22.1,19.3,20.6,21.3,20.4,21.25,21.09,20.051,20.733,19.857,20.684,20.528,3953400.0,83357880000.0,0.0,0.0,0.55,0.5354,2.657
GVR,2023-07-06,15:07:01,HOSE,STOCK,20.1,21.5,18.7,20.1,20.75,19.95,20.7,20.28,19.565,20.197,19.419,20.149,19.74,4824800.0,97827665000.0,0.0,0.0,0.6,0.584,2.9851
GVR,2023-07-05,15:07:02,HOSE,STOCK,20.3,21.7,18.9,20.35,20.7,20.1,20.1,20.44,19.808,20.149,19.565,19.565,19.896,5028900.0,102775540000.0,0.0,0.0,-0.2,-0.1947,-0.9852
GVR,2023-07-04,15:07:04,HOSE,STOCK,20.15,21.55,18.75,20.1,20.3,19.95,20.3,20.12,19.565,19.759,19.419,19.759,19.584,2821900.0,56780430000.0,0.0,0.0,0.15,0.146,0.7444
GVR,2023-07-03,15:07:24,HOSE,STOCK,19.4,20.75,18.05,19.55,20.15,19.45,20.15,19.79,19.029,19.613,18.932,19.613,19.263,5805100.0,114877960000.0,0.0,0.0,0.75,0.73,3.866
GVR,2023-06-30,15:06:02,HOSE,STOCK,19.05,20.35,17.75,19.15,19.4,18.85,19.4,19.2,18.64,18.883,18.348,18.883,18.689,3108600.0,59695085000.0,0.0,0.0,0.35,0.3407,1.8373
GVR,2023-06-29,15:06:02,HOSE,STOCK,19.3,20.65,17.95,19.1,19.4,18.95,19.05,19.1,18.591,18.883,18.445,18.543,18.591,2831800.0,54096400000.0,0.0,0.0,-0.25,-0.2433,-1.2953
GVR,2023-06-28,15:06:02,HOSE,STOCK,19.6,20.95,18.25,19.6,19.8,19.15,19.3,19.37,19.078,19.273,18.64,18.786,18.854,2681300.0,51937670000.0,0.0,0.0,-0.3,-0.292,-1.5306
GVR,2023-06-27,15:06:03,HOSE,STOCK,19.6,20.95,18.25,19.7,19.9,19.45,19.6,19.65,19.175,19.37,18.932,19.078,19.127,3248900.0,63837240000.0,0.0,0.0,0.0,0.0,0.0
GVR,2023-06-26,15:06:02,HOSE,STOCK,19.0,20.3,17.7,19.0,19.6,18.5,19.6,19.07,18.494,19.078,18.007,19.078,18.562,4848900.0,92480795000.0,0.0,0.0,0.6,0.584,3.1579
GVR,2023-06-23,15:06:02,HOSE,STOCK,19.35,20.7,18.0,19.35,19.5,18.95,19.0,19.15,18.835,18.981,18.445,18.494,18.64,3351700.0,64198240000.0,0.0,0.0,-0.35,-0.3407,-1.8088
GVR,2023-06-22,15:06:05,HOSE,STOCK,19.5,20.85,18.15,19.65,19.65,19.2,19.35,19.41,19.127,19.127,18.689,18.835,18.893,2912600.0,56525260000.0,0.0,0.0,-0.15,-0.146,-0.7692
GVR,2023-06-21,15:06:02,HOSE,STOCK,18.8,20.1,17.5,18.9,19.5,18.65,19.5,19.17,18.397,18.981,18.153,18.981,18.659,7490700.0,143631935000.0,0.0,0.0,0.7,0.6814,3.7234
GVR,2023-06-20,15:06:01,HOSE,STOCK,17.9,19.15,16.65,18.0,18.8,18.0,18.8,18.39,17.521,18.299,17.521,18.299,17.9,3514200.0,64609745000.0,0.0,0.0,0.9,0.876,5.0279
GVR,2023-06-19,15:06:02,HOSE,STOCK,17.8,19.0,16.6,17.85,18.15,17.7,17.9,17.86,17.375,17.667,17.229,17.423,17.384,1976400.0,35297740000.0,0.0,0.0,0.1,0.0973,0.5618
GVR,2023-06-16,15:06:02,HOSE,STOCK,18.05,19.3,16.8,18.25,18.55,17.8,17.8,18.23,17.764,18.056,17.326,17.326,17.744,4286900.0,78166530000.0,0.0,0.0,-0.25,-0.2433,-1.385
GVR,2023-06-15,15:06:02,HOSE,STOCK,17.9,19.15,16.65,17.95,18.2,17.8,18.05,17.98,17.472,17.715,17.326,17.569,17.501,2114000.0,38009490000.0,0.0,0.0,0.15,0.146,0.838
GVR,2023-06-14,15:06:02,HOSE,STOCK,18.4,19.65,17.15,18.5,18.65,17.9,17.9,18.22,18.007,18.153,17.423,17.423,17.735,3036900.0,55330200000.0,0.0,0.0,-0.5,-0.4867,-2.7174
GVR,2023-06-13,15:06:02,HOSE,STOCK,18.15,19.4,16.9,18.25,18.4,18.05,18.4,18.19,17.764,17.91,17.569,17.91,17.705,2887700.0,52526115000.0,0.0,0.0,0.25,0.2433,1.3774
GVR,2023-06-12,15:06:02,HOSE,STOCK,18.05,19.3,16.8,18.1,18.2,17.7,18.15,17.94,17.618,17.715,17.229,17.667,17.462,3928700.0,70482670000.0,0.0,0.0,0.1,0.0973,0.554
GVR,2023-06-09,15:06:02,HOSE,STOCK,18.0,19.25,16.75,18.05,18.25,17.6,18.05,17.88,17.569,17.764,17.131,17.569,17.404,3482100.0,62253905000.0,0.0,0.0,0.05,0.0487,0.2778
GVR,2023-06-08,15:06:03,HOSE,STOCK,18.55,19.8,17.3,18.7,19.3,18.0,18.0,18.78,18.202,18.786,17.521,17.521,18.28,6661500.0,125126145000.0,0.0,0.0,-0.55,-0.5354,-2.965
GVR,2023-06-07,15:06:02,HOSE,STOCK,18.75,20.05,17.45,18.9,18.9,18.45,18.55,18.58,18.397,18.397,17.959,18.056,18.085,3304900.0,61414825000.0,0.0,0.0,-0.2,-0.1947,-1.0667
GVR,2023-06-06,15:06:02,HOSE,STOCK,18.35,19.6,17.1,18.2,18.8,18.1,18.75,18.46,17.715,18.299,17.618,18.251,17.968,2652400.0,48970505000.0,0.0,0.0,0.4,0.3894,2.1798
GVR,2023-06-05,15:06:03,HOSE,STOCK,18.9,20.2,17.6,18.8,18.9,18.2,18.35,18.43,18.299,18.397,17.715,17.861,17.939,5242100.0,96597560000.0,0.0,0.0,-0.55,-0.5353,-2.9101
GVR,2023-06-02,15:06:01,HOSE,STOCK,18.8,20.1,17.5,18.95,19.0,18.6,18.9,18.79,18.445,18.494,18.105,18.397,18.289,2717600.0,51050395000.0,0.0,0.0,0.1,0.0973,0.5319
GVR,2023-06-01,15:06:02,HOSE,STOCK,18.2,19.45,16.95,18.35,18.9,18.1,18.8,18.52,17.861,18.397,17.618,18.299,18.027,4252900.0,78766915000.0,0.0,0.0,0.6,0.584,3.2967
GVR,2023-05-31,15:05:03,HOSE,STOCK,18.4,19.65,17.15,18.45,18.45,18.0,18.2,18.23,17.959,17.959,17.521,17.715,17.744,3137200.0,57184270000.0,0.0,0.0,-0.2,-0.1947,-1.087
GVR,2023-05-30,15:05:02,HOSE,STOCK,18.2,19.45,16.95,18.3,18.5,17.85,18.4,18.13,17.813,18.007,17.375,17.91,17.647,4575000.0,82944225000.0,0.0,0.0,0.2,0.1947,1.0989
GVR,2023-05-29,15:05:02,HOSE,STOCK,17.2,18.4,16.0,17.2,18.2,17.05,18.2,17.74,16.742,17.715,16.596,17.715,17.267,6081800.0,107879580000.0,0.0,0.0,1.0,0.9734,5.814
GVR,2023-05-26,15:05:02,HOSE,STOCK,16.75,17.9,15.6,17.0,17.4,16.85,17.2,17.18,16.547,16.936,16.401,16.742,16.722,5412200.0,93002775000.0,0.0,0.0,0.45,0.438,2.6866
GVR,2023-05-25,15:05:01,HOSE,STOCK,16.1,17.2,15.0,16.05,16.85,16.05,16.75,16.64,15.622,16.401,15.622,16.304,16.197,5277500.0,87817555000.0,0.0,0.0,0.65,0.6327,4.0373
GVR,2023-05-24,15:05:02,HOSE,STOCK,16.4,17.5,15.3,16.5,16.5,16.1,16.1,16.31,16.06,16.06,15.671,15.671,15.876,2388500.0,38951915000.0,0.0,0.0,-0.3,-0.292,-1.8293
GVR,2023-05-23,15:05:02,HOSE,STOCK,16.5,17.65,15.35,16.55,16.6,16.25,16.4,16.36,16.109,16.158,15.817,15.963,15.924,2720700.0,44501105000.0,0.0,0.0,-0.1,-0.0973,-0.6061
GVR,2023-05-22,15:05:02,HOSE,STOCK,16.25,17.35,15.15,16.3,16.65,16.25,16.5,16.47,15.866,16.206,15.817,16.06,16.031,2542100.0,41870115000.0,0.0,0.0,0.25,0.2433,1.5385
GVR,2023-05-19,15:05:02,HOSE,STOCK,15.85,16.95,14.75,15.9,16.25,15.85,16.25,16.08,15.476,15.817,15.428,15.817,15.652,2491400.0,40066555000.0,0.0,0.0,0.4,0.3893,2.5237
GVR,2023-05-18,17:05:32,HOSE,STOCK,15.85,16.95,14.75,15.9,16.1,15.8,15.85,15.92,15.476,15.671,15.379,15.428,15.496,2303300.0,36658225000.0,0.0,0.0,0.0,0.0,0.0
GVR,2023-05-17,15:05:14,HOSE,STOCK,16.0,17.1,14.9,16.15,16.2,15.85,15.85,16.01,15.72,15.768,15.428,15.428,15.584,2517100.0,40305510000.0,0.0,0.0,-0.15,-0.146,-0.9375
GVR,2023-05-16,15:05:08,HOSE,STOCK,16.15,17.25,15.05,16.2,16.3,15.75,16.0,16.04,15.768,15.866,15.33,15.574,15.613,4175000.0,66953320000.0,0.0,0.0,-0.15,-0.146,-0.9288
GVR,2023-05-15,15:05:15,HOSE,STOCK,16.8,17.95,15.65,17.0,17.0,16.15,16.15,16.54,16.547,16.547,15.72,15.72,16.099,4435500.0,73363350000.0,0.0,0.0,-0.65,-0.6327,-3.869
GVR,2023-05-12,15:05:05,HOSE,STOCK,16.7,17.85,15.55,16.65,17.3,16.55,16.8,16.88,16.206,16.839,16.109,16.352,16.43,4278000.0,72214485000.0,0.0,0.0,0.1,0.0973,0.5988
GVR,2023-05-11,15:05:03,HOSE,STOCK,16.85,18.0,15.7,16.9,16.95,16.65,16.7,16.79,16.45,16.498,16.206,16.255,16.343,3500600.0,58789185000.0,0.0,0.0,-0.15,-0.146,-0.8902
GVR,2023-05-10,15:05:03,HOSE,STOCK,16.15,17.25,15.05,16.25,16.85,16.25,16.85,16.63,15.817,16.401,15.817,16.401,16.187,7679900.0,127698400000.0,0.0,0.0,0.7,0.6813,4.3344
GVR,2023-05-09,15:05:05,HOSE,STOCK,16.2,17.3,15.1,16.3,16.5,16.15,16.15,16.32,15.866,16.06,15.72,15.72,15.885,3003200.0,49015020000.0,0.0,0.0,-0.05,-0.0487,-0.3086
GVR,2023-05-08,15:05:07,HOSE,STOCK,15.5,16.55,14.45,15.55,16.25,15.55,16.2,15.97,15.136,15.817,15.136,15.768,15.545,4532500.0,72392590000.0,0.0,0.0,0.7,0.6813,4.5161
GVR,2023-05-05,15:05:04,HOSE,STOCK,15.7,16.75,14.65,15.7,15.75,15.45,15.5,15.61,15.282,15.33,15.038,15.087,15.194,1470500.0,22952115000.0,0.0,0.0,-0.2,-0.1947,-1.2739
GVR,2023-05-04,15:05:05,HOSE,STOCK,15.55,16.6,14.5,15.4,15.8,15.4,15.7,15.65,14.99,15.379,14.99,15.282,15.233,2126600.0,33291415000.0,0.0,0.0,0.15,0.146,0.9646
GVR,2023-04-28,15:04:02,HOSE,STOCK,15.45,16.5,14.4,15.55,15.7,15.5,15.55,15.6,15.136,15.282,15.087,15.136,15.184,1442200.0,22501720000.0,0.0,0.0,0.1,0.0973,0.6472
GVR,2023-04-27,15:04:07,HOSE,STOCK,15.35,16.4,14.3,15.45,15.8,15.35,15.45,15.6,15.038,15.379,14.941,15.038,15.184,2552300.0,39806930000.0,0.0,0.0,0.1,0.0973,0.6515
GVR,2023-04-26,15:04:02,HOSE,STOCK,15.1,16.15,14.05,15.1,15.35,15.0,15.35,15.17,14.698,14.941,14.6,14.941,14.766,1124700.0,17059190000.0,0.0,0.0,0.25,0.2433,1.6556
GVR,2023-04-25,15:04:04,HOSE,STOCK,15.3,16.35,14.25,15.35,15.5,15.05,15.1,15.25,14.941,15.087,14.649,14.698,14.844,1300200.0,19833330000.0,0.0,0.0,-0.2,-0.1947,-1.3072
GVR,2023-04-24,15:04:02,HOSE,STOCK,15.1,16.15,14.05,15.15,15.3,14.95,15.3,15.18,14.746,14.892,14.552,14.892,14.776,758100.0,11505415000.0,0.0,0.0,0.2,0.1947,1.3245
GVR,2023-04-21,15:04:02,HOSE,STOCK,15.15,16.2,14.1,15.1,15.35,15.1,15.1,15.24,14.698,14.941,14.698,14.698,14.834,1201700.0,18311470000.0,0.0,0.0,-0.05,-0.0487,-0.33
GVR,2023-04-20,15:04:03,HOSE,STOCK,15.05,16.1,14.0,14.85,15.3,14.85,15.15,15.09,14.454,14.892,14.454,14.746,14.688,1198600.0,18091760000.0,0.0,0.0,0.1,0.0973,0.6645
GVR,2023-04-19,15:04:02,HOSE,STOCK,15.5,16.55,14.45,15.6,15.65,15.0,15.05,15.29,15.184,15.233,14.6,14.649,14.883,1690300.0,25852215000.0,0.0,0.0,-0.45,-0.438,-2.9032
GVR,2023-04-18,15:04:04,HOSE,STOCK,15.4,16.45,14.35,15.5,15.6,15.3,15.5,15.45,15.087,15.184,14.892,15.087,15.038,1661200.0,25670365000.0,0.0,0.0,0.1,0.0973,0.6494
GVR,2023-04-17,15:04:02,HOSE,STOCK,15.3,16.35,14.25,15.3,15.5,15.2,15.4,15.36,14.892,15.087,14.795,14.99,14.951,1375900.0,21137490000.0,0.0,0.0,0.1,0.0973,0.6536
GVR,2023-04-14,15:04:01,HOSE,STOCK,15.95,17.05,14.85,16.0,16.05,15.3,15.3,15.61,15.574,15.622,14.892,14.892,15.194,4567700.0,71293620000.0,0.0,0.0,-0.65,-0.6327,-4.0752
GVR,2023-04-13,15:04:02,HOSE,STOCK,16.35,17.45,15.25,16.4,16.45,15.95,15.95,16.12,15.963,16.012,15.525,15.525,15.691,2229200.0,35936525000.0,0.0,0.0,-0.4,-0.3893,-2.4465
GVR,2023-04-12,15:04:04,HOSE,STOCK,16.25,17.35,15.15,16.55,16.8,16.3,16.35,16.53,16.109,16.352,15.866,15.914,16.09,4955300.0,81901975000.0,0.0,0.0,0.1,0.0973,0.6154
GVR,2023-04-11,15:04:02,HOSE,STOCK,15.9,17.0,14.8,15.9,16.25,15.7,16.25,15.91,15.476,15.817,15.282,15.817,15.486,2590500.0,41205330000.0,0.0,0.0,0.35,0.3407,2.2013
GVR,2023-04-10,15:04:02,HOSE,STOCK,15.9,17.0,14.8,16.1,16.3,15.9,15.9,16.13,15.671,15.866,15.476,15.476,15.7,3130300.0,50495510000.0,0.0,0.0,0.0,0.0,0.0
GVR,2023-04-07,15:04:02,HOSE,STOCK,15.6,16.65,14.55,15.7,15.9,15.5,15.9,15.69,15.282,15.476,15.087,15.476,15.272,2323600.0,36457835000.0,0.0,0.0,0.3,0.292,1.9231
GVR,2023-04-06,15:04:02,HOSE,STOCK,16.2,17.3,15.1,16.3,16.4,15.6,15.6,16.02,15.866,15.963,15.184,15.184,15.593,4858900.0,77844065000.0,0.0,0.0,-0.6,-0.584,-3.7037
GVR,2023-04-05,15:04:02,HOSE,STOCK,15.95,17.05,14.85,15.9,16.35,15.8,16.2,16.12,15.476,15.914,15.379,15.768,15.691,3493000.0,56308200000.0,0.0,0.0,0.25,0.2433,1.5674
GVR,2023-04-04,15:04:02,HOSE,STOCK,15.95,17.05,14.85,15.9,15.95,15.7,15.95,15.81,15.476,15.525,15.282,15.525,15.389,2975400.0,47040915000.0,0.0,0.0,0.0,0.0,0.0
GVR,2023-04-03,15:04:02,HOSE,STOCK,15.5,16.55,14.45,15.75,15.95,15.6,15.95,15.8,15.33,15.525,15.184,15.525,15.379,3791500.0,59895505000.0,0.0,0.0,0.45,0.438,2.9032
GVR,2023-03-31,15:03:02,HOSE,STOCK,14.7,15.7,13.7,14.7,15.5,14.65,15.5,15.17,14.308,15.087,14.26,15.087,14.766,5444100.0,82582965000.0,0.0,0.0,0.8,0.7787,5.4422
GVR,2023-03-30,15:03:01,HOSE,STOCK,14.75,15.75,13.75,15.0,15.0,14.7,14.7,14.83,14.6,14.6,14.308,14.308,14.435,1526800.0,22639300000.0,0.0,0.0,-0.05,-0.0487,-0.339
GVR,2023-03-29,15:03:01,HOSE,STOCK,14.8,15.8,13.8,14.8,14.85,14.6,14.75,14.72,14.406,14.454,14.211,14.357,14.328,1237400.0,18220140000.0,0.0,0.0,-0.05,-0.0487,-0.3378
GVR,2023-03-28,15:03:02,HOSE,STOCK,14.9,15.9,13.9,15.05,15.15,14.8,14.8,15.03,14.649,14.746,14.406,14.406,14.63,2684300.0,40351330000.0,0.0,0.0,-0.1,-0.0973,-0.6711
GVR,2023-03-27,15:03:01,HOSE,STOCK,14.8,15.8,13.8,14.9,15.0,14.8,14.9,14.88,14.503,14.6,14.406,14.503,14.484,1528600.0,22740235000.0,0.0,0.0,0.1,0.0973,0.6757
GVR,2023-03-24,15:03:01,HOSE,STOCK,14.5,15.5,13.5,14.65,15.05,14.6,14.8,14.88,14.26,14.649,14.211,14.406,14.484,2474700.0,36829495000.0,0.0,0.0,0.3,0.292,2.069
GVR,2023-03-23,15:03:01,HOSE,STOCK,14.5,15.5,13.5,14.3,14.55,14.3,14.5,14.44,13.919,14.162,13.919,14.114,14.055,835200.0,12057425000.0,0.0,0.0,0.0,0.0,0.0
GVR,2023-03-22,15:03:01,HOSE,STOCK,14.45,15.45,13.45,14.55,14.65,14.45,14.5,14.54,14.162,14.26,14.065,14.114,14.153,1128400.0,16411035000.0,0.0,0.0,0.05,0.0487,0.346
GVR,2023-03-21,15:03:01,HOSE,STOCK,14.35,15.35,13.35,14.4,14.55,14.1,14.45,14.35,14.016,14.162,13.724,14.065,13.968,1119900.0,16071265000.0,0.0,0.0,0.1,0.0973,0.6969
GVR,2023-03-20,15:03:01,HOSE,STOCK,14.9,15.9,13.9,14.8,14.9,14.25,14.35,14.5,14.406,14.503,13.87,13.968,14.114,1912100.0,27731120000.0,0.0,0.0,-0.55,-0.5354,-3.6913
GVR,2023-03-17,15:03:01,HOSE,STOCK,14.85,15.85,13.85,15.0,15.1,14.8,14.9,14.91,14.6,14.698,14.406,14.503,14.513,1285900.0,19166430000.0,0.0,0.0,0.05,0.0487,0.3367
GVR,2023-03-16,15:03:01,HOSE,STOCK,15.2,16.25,14.15,15.0,15.1,14.65,14.85,14.89,14.6,14.698,14.26,14.454,14.493,1713400.0,25513575000.0,0.0,0.0,-0.35,-0.3407,-2.3026
GVR,2023-03-15,15:03:01,HOSE,STOCK,14.3,15.3,13.3,14.7,15.2,14.55,15.2,14.94,14.308,14.795,14.162,14.795,14.542,2069100.0,30903550000.0,0.0,0.0,0.9,0.876,6.2937
GVR,2023-03-14,15:03:02,HOSE,STOCK,14.95,15.95,13.95,14.95,15.0,14.3,14.3,14.55,14.552,14.6,13.919,13.919,14.162,2160500.0,31438585000.0,0.0,0.0,-0.65,-0.6327,-4.3478
GVR,2023-03-13,15:03:02,HOSE,STOCK,15.0,16.05,13.95,14.8,15.05,14.75,14.95,14.92,14.406,14.649,14.357,14.552,14.523,2603900.0,38841995000.0,0.0,0.0,-0.05,-0.0487,-0.3333
GVR,2023-03-10,15:03:01,HOSE,STOCK,15.15,16.2,14.1,15.0,15.3,14.9,15.0,15.07,14.6,14.892,14.503,14.6,14.669,2676300.0,40333915000.0,0.0,0.0,-0.15,-0.146,-0.9901
GVR,2023-03-09,15:03:02,HOSE,STOCK,14.5,15.5,13.5,14.55,15.3,14.55,15.15,14.93,14.162,14.892,14.162,14.746,14.532,3766000.0,56210020000.0,0.0,0.0,0.65,0.6327,4.4828
GVR,2023-03-08,15:03:01,HOSE,STOCK,14.4,15.4,13.4,14.25,14.5,14.15,14.5,14.36,13.87,14.114,13.773,14.114,13.977,1543100.0,22155765000.0,0.0,0.0,0.1,0.0973,0.6944
GVR,2023-03-07,15:03:01,HOSE,STOCK,14.2,15.15,13.25,14.25,14.45,14.25,14.4,14.37,13.87,14.065,13.87,14.016,13.987,560400.0,8053310000.0,0.0,0.0,0.2,0.1947,1.4085
GVR,2023-03-06,15:03:02,HOSE,STOCK,14.1,15.05,13.15,14.5,14.65,14.2,14.2,14.41,14.114,14.26,13.822,13.822,14.026,931100.0,13419335000.0,0.0,0.0,0.1,0.0973,0.7092
GVR,2023-03-03,15:03:01,HOSE,STOCK,14.25,15.2,13.3,14.4,14.55,14.1,14.1,14.29,14.016,14.162,13.724,13.724,13.909,1054400.0,15063375000.0,0.0,0.0,-0.15,-0.146,-1.0526
GVR,2023-03-02,15:03:01,HOSE,STOCK,14.4,15.4,13.4,14.45,14.65,14.25,14.25,14.4,14.065,14.26,13.87,13.87,14.016,969300.0,13957140000.0,0.0,0.0,-0.15,-0.146,-1.0417
GVR,2023-03-01,15:03:02,HOSE,STOCK,13.95,14.9,13.0,14.0,14.4,13.9,14.4,14.25,13.627,14.016,13.53,14.016,13.87,980800.0,13977085000.0,0.0,0.0,0.45,0.438,3.2258
GVR,2023-02-28,15:02:01,HOSE,STOCK,13.95,14.9,13.0,14.1,14.3,13.85,13.95,14.07,13.724,13.919,13.481,13.578,13.695,898900.0,12643490000.0,0.0,0.0,0.0,0.0,0.0
GVR,2023-02-27,15:02:01,HOSE,STOCK,14.3,15.3,13.3,14.25,14.3,13.95,13.95,14.07,13.87,13.919,13.578,13.578,13.695,1275700.0,17944620000.0,0.0,0.0,-0.35,-0.3407,-2.4476
GVR,2023-02-24,15:02:01,HOSE,STOCK,14.8,15.8,13.8,14.8,14.8,14.3,14.3,14.51,14.406,14.406,13.919,13.919,14.123,956300.0,13879565000.0,0.0,0.0,-0.5,-0.4867,-3.3784
GVR,2023-02-23,15:02:02,HOSE,STOCK,14.55,15.55,13.55,14.55,14.8,14.2,14.8,14.56,14.162,14.406,13.822,14.406,14.172,2486700.0,36194580000.0,0.0,0.0,0.25,0.2433,1.7182
GVR,2023-02-22,15:02:01,HOSE,STOCK,15.35,16.4,14.3,15.2,15.25,14.55,14.55,14.91,14.795,14.844,14.162,14.162,14.513,2357700.0,35150990000.0,0.0,0.0,-0.8,-0.7787,-5.2117
GVR,2023-02-21,15:02:01,HOSE,STOCK,15.45,16.5,14.4,15.5,15.75,15.35,15.35,15.5,15.087,15.33,14.941,14.941,15.087,1979400.0,30683805000.0,0.0,0.0,-0.1,-0.0973,-0.6472
GVR,2023-02-20,15:02:01,HOSE,STOCK,14.7,15.7,13.7,14.85,15.45,14.75,15.45,15.11,14.454,15.038,14.357,15.038,14.707,2360700.0,35675250000.0,0.0,0.0,0.75,0.73,5.102
GVR,2023-02-17,15:02:01,HOSE,STOCK,14.75,15.75,13.75,14.75,15.0,14.6,14.7,14.8,14.357,14.6,14.211,14.308,14.406,1149100.0,17002310000.0,0.0,0.0,-0.05,-0.0487,-0.339
GVR,2023-02-16,15:02:02,HOSE,STOCK,14.5,15.5,13.5,14.75,14.8,14.5,14.75,14.64,14.357,14.406,14.114,14.357,14.25,1167900.0,17101325000.0,0.0,0.0,0.25,0.2433,1.7241
GVR,2023-02-15,15:02:01,HOSE,STOCK,14.15,15.1,13.2,14.2,14.65,14.05,14.5,14.43,13.822,14.26,13.676,14.114,14.046,1371600.0,19788400000.0,0.0,0.0,0.35,0.3407,2.4735
GVR,2023-02-14,15:02:02,HOSE,STOCK,14.0,14.95,13.05,14.2,14.3,13.95,14.15,14.07,13.822,13.919,13.578,13.773,13.695,1157100.0,16282515000.0,0.0,0.0,0.15,0.146,1.0714
GVR,2023-02-13,15:02:01,HOSE,STOCK,14.65,15.65,13.65,14.55,14.65,13.8,14.0,14.1,14.162,14.26,13.432,13.627,13.724,2727000.0,38462530000.0,0.0,0.0,-0.65,-0.6327,-4.4369
GVR,2023-02-10,15:02:01,HOSE,STOCK,14.95,15.95,13.95,15.0,15.0,14.6,14.65,14.76,14.6,14.6,14.211,14.26,14.367,1425300.0,21038860000.0,0.0,0.0,-0.3,-0.292,-2.0067
GVR,2023-02-09,15:02:01,HOSE,STOCK,14.75,15.75,13.75,14.8,15.2,14.8,14.95,15.0,14.406,14.795,14.406,14.552,14.6,1330900.0,19960345000.0,0.0,0.0,0.2,0.1947,1.3559
GVR,2023-02-08,15:02:02,HOSE,STOCK,14.8,15.8,13.8,15.0,15.3,14.55,14.75,14.87,14.6,14.892,14.162,14.357,14.474,1594700.0,23706035000.0,0.0,0.0,-0.05,-0.0487,-0.3378
GVR,2023-02-07,15:02:01,HOSE,STOCK,15.6,16.65,14.55,15.75,15.75,14.8,14.8,15.27,15.33,15.33,14.406,14.406,14.863,2466000.0,37644280000.0,0.0,0.0,-0.8,-0.7787,-5.1282
GVR,2023-02-06,15:02:01,HOSE,STOCK,15.4,16.45,14.35,15.35,15.6,15.2,15.6,15.43,14.941,15.184,14.795,15.184,15.019,1201800.0,18540815000.0,0.0,0.0,0.2,0.1947,1.2987
GVR,2023-02-03,15:02:02,HOSE,STOCK,15.25,16.3,14.2,15.25,15.5,15.05,15.4,15.27,14.844,15.087,14.649,14.99,14.863,1556300.0,23769605000.0,0.0,0.0,0.15,0.146,0.9836
GVR,2023-02-02,15:02:01,HOSE,STOCK,15.55,16.6,14.5,15.7,15.7,15.0,15.25,15.38,15.282,15.282,14.6,14.844,14.97,2191000.0,33703190000.0,0.0,0.0,-0.3,-0.292,-1.9293
GVR,2023-02-01,15:02:01,HOSE,STOCK,16.7,17.85,15.55,16.9,16.9,15.55,15.55,16.32,16.45,16.45,15.136,15.136,15.885,2983500.0,48687590000.0,0.0,0.0,-1.15,-1.1194,-6.8862
GVR,2023-01-31,15:01:02,HOSE,STOCK,16.5,17.65,15.35,16.0,16.8,15.9,16.7,16.2,15.574,16.352,15.476,16.255,15.768,3559700.0,57684900000.0,0.0,0.0,0.2,0.1947,1.2121
GVR,2023-01-30,16:01:08,HOSE,STOCK,16.85,18.0,15.7,17.2,17.2,16.5,16.5,16.87,16.742,16.742,16.06,16.06,16.421,3337600.0,56316290000.0,0.0,0.0,-0.35,-0.3407,-2.0772
GVR,2023-01-27,15:01:02,HOSE,STOCK,16.3,17.4,15.2,16.8,17.05,16.45,16.85,16.75,16.352,16.596,16.012,16.401,16.304,2606700.0,43653900000.0,0.0,0.0,0.55,0.5353,3.3742
GVR,2023-01-19,15:01:02,HOSE,STOCK,16.0,17.1,14.9,16.05,16.3,15.9,16.3,16.14,15.622,15.866,15.476,15.866,15.71,2760600.0,44557505000.0,0.0,0.0,0.3,0.292,1.875
GVR,2023-01-18,15:01:01,HOSE,STOCK,15.75,16.85,14.65,15.85,16.05,15.55,16.0,15.81,15.428,15.622,15.136,15.574,15.389,2818100.0,44543425000.0,0.0,0.0,0.25,0.2433,1.5873
GVR,2023-01-17,15:01:01,HOSE,STOCK,15.2,16.25,14.15,15.3,15.75,15.3,15.75,15.54,14.892,15.33,14.892,15.33,15.126,3919900.0,60931395000.0,0.0,0.0,0.55,0.5353,3.6184
GVR,2023-01-16,15:01:01,HOSE,STOCK,14.55,15.55,13.55,14.6,15.2,14.45,15.2,14.9,14.211,14.795,14.065,14.795,14.503,3508200.0,52258830000.0,0.0,0.0,0.65,0.6327,4.4674
GVR,2023-01-13,15:01:01,HOSE,STOCK,14.8,15.8,13.8,14.95,15.1,14.55,14.55,14.8,14.552,14.698,14.162,14.162,14.406,2035700.0,30133190000.0,0.0,0.0,-0.25,-0.2433,-1.6892
GVR,2023-01-12,15:01:02,HOSE,STOCK,14.5,15.5,13.5,14.65,14.9,14.5,14.8,14.71,14.26,14.503,14.114,14.406,14.318,2004300.0,29487425000.0,0.0,0.0,0.3,0.292,2.069
GVR,2023-01-11,15:01:01,HOSE,STOCK,14.4,15.4,13.4,14.4,14.7,14.4,14.5,14.56,14.016,14.308,14.016,14.114,14.172,1965700.0,28628755000.0,0.0,0.0,0.1,0.0973,0.6944
GVR,2023-01-10,15:01:02,HOSE,STOCK,14.4,15.4,13.4,14.2,14.45,14.0,14.4,14.22,13.822,14.065,13.627,14.016,13.841,1555100.0,22116620000.0,0.0,0.0,0.0,0.0,0.0
GVR,2023-01-09,15:01:01,HOSE,STOCK,14.4,15.4,13.4,14.65,14.7,14.15,14.4,14.41,14.26,14.308,13.773,14.016,14.026,1739400.0,25066175000.0,0.0,0.0,0.0,0.0,0.0
GVR,2023-01-06,15:01:01,HOSE,STOCK,14.9,15.9,13.9,15.05,15.1,14.1,14.4,14.67,14.649,14.698,13.724,14.016,14.279,2608700.0,38264580000.0,0.0,0.0,-0.5,-0.4867,-3.3557
GVR,2023-01-05,15:01:01,HOSE,STOCK,14.85,15.85,13.85,14.9,15.2,14.8,14.9,14.98,14.503,14.795,14.406,14.503,14.581,3014500.0,45156795000.0,0.0,0.0,0.05,0.0487,0.3367
GVR,2023-01-04,15:01:01,HOSE,STOCK,14.6,15.6,13.6,14.7,15.0,14.45,14.85,14.72,14.308,14.6,14.065,14.454,14.328,1944700.0,28633955000.0,0.0,0.0,0.25,0.2433,1.7123
GVR,2023-01-03,15:01:01,HOSE,STOCK,13.8,14.75,12.85,13.8,14.6,13.8,14.6,14.38,13.432,14.211,13.432,14.211,13.997,2167100.0,31155020000.0,0.0,0.0,0.8,0.7787,5.7971
GVR,2022-12-30,15:12:01,HOSE,STOCK,13.8,14.75,12.85,13.9,14.1,13.75,13.8,13.9,13.53,13.724,13.384,13.432,13.53,576400.0,8010430000.0,0.0,0.0,0.0,0.0,0.0
GVR,2022-12-29,15:12:01,HOSE,STOCK,14.2,15.15,13.25,14.2,14.25,13.8,13.8,14.0,13.822,13.87,13.432,13.432,13.627,664900.0,9309825000.0,0.0,0.0,-0.4,-0.3893,-2.8169
GVR,2022-12-28,15:12:01,HOSE,STOCK,14.25,15.2,13.3,14.4,14.45,14.05,14.2,14.24,14.016,14.065,13.676,13.822,13.861,656600.0,9350120000.0,0.0,0.0,-0.05,-0.0487,-0.3509
GVR,2022-12-27,15:12:01,HOSE,STOCK,13.35,14.25,12.45,13.35,14.25,13.35,14.25,13.75,12.994,13.87,12.994,13.87,13.384,1260800.0,17330845000.0,0.0,0.0,0.9,0.876,6.7416
GVR,2022-12-26,15:12:01,HOSE,STOCK,14.35,15.35,13.35,14.25,14.4,13.35,13.35,13.63,13.87,14.016,12.994,12.994,13.267,1934200.0,26362480000.0,0.0,0.0,-1.0,-0.9733,-6.9686
GVR,2022-12-23,15:12:01,HOSE,STOCK,14.5,15.5,13.5,14.45,14.75,14.15,14.35,14.38,14.065,14.357,13.773,13.968,13.997,1189600.0,17109590000.0,0.0,0.0,-0.15,-0.146,-1.0345
GVR,2022-12-22,15:12:02,HOSE,STOCK,14.2,15.15,13.25,14.55,14.6,14.1,14.5,14.31,14.162,14.211,13.724,14.114,13.929,885000.0,12664475000.0,0.0,0.0,0.3,0.292,2.1127
GVR,2022-12-21,15:12:01,HOSE,STOCK,14.3,15.3,13.3,14.3,14.8,13.5,14.2,14.14,13.919,14.406,13.14,13.822,13.763,2086700.0,29505260000.0,0.0,0.0,-0.1,-0.0973,-0.6993
GVR,2022-12-20,15:12:01,HOSE,STOCK,15.3,16.35,14.25,15.2,15.4,14.25,14.3,14.6,14.795,14.99,13.87,13.919,14.211,3357800.0,49032105000.0,0.0,0.0,-1.0,-0.9734,-6.5359
GVR,2022-12-19,15:12:01,HOSE,STOCK,15.8,16.9,14.7,15.8,16.15,15.3,15.3,15.79,15.379,15.72,14.892,14.892,15.369,2375300.0,37496955000.0,0.0,0.0,-0.5,-0.4867,-3.1646
GVR,2022-12-16,15:12:02,HOSE,STOCK,15.6,16.65,14.55,15.3,16.35,15.3,15.8,15.96,14.892,15.914,14.892,15.379,15.535,3947600.0,62991510000.0,0.0,0.0,0.2,0.1947,1.2821
GVR,2022-12-15,15:12:01,HOSE,STOCK,15.5,16.55,14.45,15.4,16.0,15.3,15.6,15.66,14.99,15.574,14.892,15.184,15.243,2767900.0,43349905000.0,0.0,0.0,0.1,0.0973,0.6452
GVR,2022-12-14,18:12:45,HOSE,STOCK,15.0,16.05,13.95,15.2,15.8,14.9,15.5,15.398,14.795,15.379,14.503,15.087,14.988,3425400.0,52743795000.0,0.0,0.0,0.5,0.4867,3.3333
GVR,2022-12-13,15:12:02,HOSE,STOCK,14.8,15.8,13.8,14.8,15.05,14.3,15.0,14.62,14.406,14.649,13.919,14.6,14.231,2309500.0,33769215000.0,0.0,0.0,0.2,0.1947,1.3514
GVR,2022-12-12,15:12:01,HOSE,STOCK,15.05,16.1,14.0,15.25,15.75,14.8,14.8,15.28,14.844,15.33,14.406,14.406,14.873,2607000.0,39829185000.0,0.0,0.0,-0.25,-0.2433,-1.6611
GVR,2022-12-09,15:12:01,HOSE,STOCK,14.7,15.7,13.7,14.75,15.25,14.45,15.05,14.86,14.357,14.844,14.065,14.649,14.464,1872400.0,27816150000.0,0.0,0.0,0.35,0.3407,2.381
GVR,2022-12-08,15:12:01,HOSE,STOCK,14.0,14.95,13.05,14.25,14.95,14.25,14.7,14.66,13.87,14.552,13.87,14.308,14.269,1562700.0,22914775000.0,0.0,0.0,0.7,0.6813,5.0
GVR,2022-12-07,15:12:01,HOSE,STOCK,14.55,15.55,13.55,14.4,14.8,14.0,14.0,14.34,14.016,14.406,13.627,13.627,13.958,1976000.0,28342240000.0,0.0,0.0,-0.55,-0.5353,-3.7801
GVR,2022-12-06,15:12:01,HOSE,STOCK,15.6,16.65,14.55,15.5,15.5,14.55,14.55,14.91,15.087,15.087,14.162,14.162,14.513,3836500.0,57198240000.0,0.0,0.0,-1.05,-1.022,-6.7308
GVR,2022-12-05,15:12:01,HOSE,STOCK,15.5,16.55,14.45,15.95,16.05,15.4,15.6,15.65,15.525,15.622,14.99,15.184,15.233,2983300.0,46703070000.0,0.0,0.0,0.1,0.0973,0.6452
GVR,2022-12-02,15:12:01,HOSE,STOCK,14.8,15.8,13.8,15.0,15.5,14.5,15.5,14.96,14.6,15.087,14.114,15.087,14.561,2296800.0,34366745000.0,0.0,0.0,0.7,0.6813,4.7297
GVR,2022-12-01,15:12:01,HOSE,STOCK,14.2,15.15,13.25,14.5,15.15,14.3,14.8,15.01,14.114,14.746,13.919,14.406,14.61,4151500.0,62317950000.0,0.0,0.0,0.6,0.584,4.2254
GVR,2022-11-30,15:11:01,HOSE,STOCK,14.15,15.1,13.2,14.2,14.6,13.8,14.2,14.29,13.822,14.211,13.432,13.822,13.909,3120500.0,44596470000.0,0.0,0.0,0.05,0.0487,0.3534
GVR,2022-11-29,15:11:02,HOSE,STOCK,14.1,15.05,13.15,14.35,14.35,13.5,14.15,13.96,13.968,13.968,13.14,13.773,13.588,3884700.0,54216960000.0,0.0,0.0,0.05,0.0487,0.3546
GVR,2022-11-28,15:11:01,HOSE,STOCK,13.5,14.4,12.6,14.0,14.2,13.75,14.1,13.99,13.627,13.822,13.384,13.724,13.617,3057200.0,42760125000.0,0.0,0.0,0.6,0.584,4.4444
GVR,2022-11-25,15:11:01,HOSE,STOCK,13.0,13.9,12.1,13.5,13.75,13.2,13.5,13.43,13.14,13.384,12.848,13.14,13.072,2076300.0,27888315000.0,0.0,0.0,0.5,0.4867,3.8462
GVR,2022-11-24,15:11:01,HOSE,STOCK,12.55,13.4,11.7,12.55,13.1,12.35,13.0,12.7,12.216,12.751,12.021,12.654,12.362,2150000.0,27307425000.0,0.0,0.0,0.45,0.438,3.5857
GVR,2022-11-23,15:11:01,HOSE,STOCK,12.6,13.45,11.75,12.7,12.95,12.45,12.55,12.67,12.362,12.605,12.118,12.216,12.332,1361100.0,17249195000.0,0.0,0.0,-0.05,-0.0487,-0.3968
GVR,2022-11-22,15:11:02,HOSE,STOCK,13.0,13.9,12.1,13.35,13.7,12.25,12.6,13.0,12.994,13.335,11.924,12.264,12.654,3396800.0,44147395000.0,0.0,0.0,-0.4,-0.3893,-3.0769
GVR,2022-11-21,15:11:01,HOSE,STOCK,12.15,13.0,11.3,12.45,13.0,12.4,13.0,12.86,12.118,12.654,12.07,12.654,12.517,2822100.0,36292940000.0,0.0,0.0,0.85,0.8274,6.9959
GVR,2022-11-18,15:11:01,HOSE,STOCK,11.4,12.15,10.65,11.5,12.15,11.2,12.15,11.81,11.194,11.826,10.902,11.826,11.495,3215600.0,37960875000.0,0.0,0.0,0.75,0.73,6.5789
GVR,2022-11-17,15:11:01,HOSE,STOCK,10.7,11.4,9.96,10.95,11.4,10.9,11.4,11.35,10.658,11.096,10.61,11.096,11.048,1830900.0,20774425000.0,0.0,0.0,0.7,0.6813,6.5421
GVR,2022-11-16,15:11:01,HOSE,STOCK,10.0,10.7,9.3,9.55,10.7,9.3,10.7,9.96,9.296,10.415,9.052,10.415,9.695,2331500.0,23232464000.0,0.0,0.0,0.7,0.6814,7.0
GVR,2022-11-15,15:11:02,HOSE,STOCK,10.75,11.5,10.0,10.5,10.85,10.0,10.0,10.17,10.22,10.561,9.734,9.734,9.899,2906500.0,29557440000.0,0.0,0.0,-0.75,-0.7301,-6.9767
GVR,2022-11-14,15:11:01,HOSE,STOCK,11.55,12.35,10.75,11.1,11.65,10.75,10.75,11.11,10.804,11.34,10.464,10.464,10.814,1914200.0,21263940000.0,0.0,0.0,-0.8,-0.7787,-6.9264
GVR,2022-11-11,15:11:01,HOSE,STOCK,12.4,13.25,11.55,12.65,12.75,11.55,11.55,12.12,12.313,12.41,11.242,11.242,11.797,1724700.0,20909020000.0,0.0,0.0,-0.85,-0.8273,-6.8548
GVR,2022-11-10,15:11:01,HOSE,STOCK,13.3,14.2,12.4,13.0,13.25,12.4,12.4,12.52,12.654,12.897,12.07,12.07,12.186,1906000.0,23857895000.0,0.0,0.0,-0.9,-0.876,-6.7669
GVR,2022-11-09,15:11:01,HOSE,STOCK,13.05,13.95,12.15,13.3,13.55,12.9,13.3,13.33,12.946,13.189,12.556,12.946,12.975,963600.0,12846890000.0,0.0,0.0,0.25,0.2433,1.9157
GVR,2022-11-08,15:11:01,HOSE,STOCK,12.45,13.3,11.6,12.2,13.05,12.2,13.05,12.66,11.875,12.702,11.875,12.702,12.323,1174200.0,14868185000.0,0.0,0.0,0.6,0.584,4.8193
GVR,2022-11-07,15:11:01,HOSE,STOCK,13.35,14.25,12.45,13.35,13.65,12.45,12.45,12.73,12.994,13.286,12.118,12.118,12.391,1556600.0,19817575000.0,0.0,0.0,-0.9,-0.876,-6.7416
GVR,2022-11-04,15:11:01,HOSE,STOCK,14.25,15.2,13.3,14.0,14.3,13.35,13.35,13.61,13.627,13.919,12.994,12.994,13.247,1633200.0,22221360000.0,0.0,0.0,-0.9,-0.876,-6.3158
GVR,2022-11-03,15:11:01,HOSE,STOCK,14.2,15.15,13.25,13.8,14.5,13.8,14.25,14.24,13.432,14.114,13.432,13.87,13.861,1203000.0,17133225000.0,0.0,0.0,0.05,0.0487,0.3521
GVR,2022-11-02,15:11:01,HOSE,STOCK,14.5,15.5,13.5,14.6,14.7,14.2,14.2,14.44,14.211,14.308,13.822,13.822,14.055,1167900.0,16866095000.0,0.0,0.0,-0.3,-0.292,-2.069
GVR,2022-11-01,15:11:01,HOSE,STOCK,14.4,15.4,13.4,14.7,14.9,14.4,14.5,14.62,14.308,14.503,14.016,14.114,14.231,1259100.0,18403540000.0,0.0,0.0,0.1,0.0973,0.6944
GVR,2022-10-31,15:10:01,HOSE,STOCK,14.5,15.5,13.5,14.6,14.7,13.9,14.4,14.26,14.211,14.308,13.53,14.016,13.88,1102500.0,15716580000.0,0.0,0.0,-0.1,-0.0973,-0.6897
GVR,2022-10-28,15:10:01,HOSE,STOCK,14.4,15.4,13.4,14.65,15.1,14.35,14.5,14.73,14.26,14.698,13.968,14.114,14.338,1431500.0,21090865000.0,0.0,0.0,0.1,0.0973,0.6944
GVR,2022-10-27,15:10:02,HOSE,STOCK,13.5,14.4,12.6,13.65,14.4,13.6,14.4,14.14,13.286,14.016,13.238,14.016,13.763,1512300.0,21379705000.0,0.0,0.0,0.9,0.876,6.6667
GVR,2022-10-26,15:10:01,HOSE,STOCK,13.3,14.2,12.4,13.35,14.0,13.3,13.5,13.55,12.994,13.627,12.946,13.14,13.189,1293100.0,17515260000.0,0.0,0.0,0.2,0.1947,1.5038
GVR,2022-10-25,15:10:01,HOSE,STOCK,14.05,15.0,13.1,13.8,14.5,13.1,13.3,13.51,13.432,14.114,12.751,12.946,13.15,2838300.0,38357340000.0,0.0,0.0,-0.75,-0.73,-5.3381
GVR,2022-10-24,15:10:01,HOSE,STOCK,15.1,16.15,14.05,15.0,15.2,14.05,14.05,14.32,14.6,14.795,13.676,13.676,13.939,1694700.0,24267220000.0,0.0,0.0,-1.05,-1.022,-6.9536
GVR,2022-10-21,15:10:01,HOSE,STOCK,16.2,17.3,15.1,16.3,16.3,15.1,15.1,15.4,15.866,15.866,14.698,14.698,14.99,2124300.0,32719015000.0,0.0,0.0,-1.1,-1.0707,-6.7901
GVR,2022-10-20,15:10:01,HOSE,STOCK,16.55,17.7,15.4,16.5,16.7,16.15,16.2,16.35,16.06,16.255,15.72,15.768,15.914,1037800.0,16967440000.0,0.0,0.0,-0.35,-0.3407,-2.1148
GVR,2022-10-19,15:10:01,HOSE,STOCK,16.8,17.95,15.65,16.95,16.95,16.5,16.55,16.68,16.498,16.498,16.06,16.109,16.236,1134100.0,18911230000.0,0.0,0.0,-0.25,-0.2433,-1.4881
GVR,2022-10-18,15:10:02,HOSE,STOCK,16.6,17.75,15.45,17.15,17.15,16.75,16.8,16.95,16.693,16.693,16.304,16.352,16.498,1253400.0,21249615000.0,0.0,0.0,0.2,0.1947,1.2048
GVR,2022-10-17,15:10:02,HOSE,STOCK,16.45,17.6,15.3,16.4,16.6,16.0,16.6,16.27,15.963,16.158,15.574,16.158,15.837,1247200.0,20296920000.0,0.0,0.0,0.15,0.146,0.9119
GVR,2022-10-14,15:10:02,HOSE,STOCK,16.0,17.1,14.9,16.6,16.7,16.25,16.45,16.43,16.158,16.255,15.817,16.012,15.992,1897700.0,31184075000.0,0.0,0.0,0.45,0.438,2.8125
GVR,2022-10-13,15:10:02,HOSE,STOCK,15.95,17.05,14.85,16.0,16.3,15.9,16.0,16.03,15.574,15.866,15.476,15.574,15.603,799200.0,12813095000.0,0.0,0.0,0.05,0.0487,0.3135
GVR,2022-10-12,15:10:01,HOSE,STOCK,15.35,16.4,14.3,14.65,16.4,14.65,15.95,15.72,14.26,15.963,14.26,15.525,15.301,1459700.0,22951035000.0,0.0,0.0,0.6,0.584,3.9088
GVR,2022-10-11,15:10:01,HOSE,STOCK,16.9,18.05,15.75,16.55,16.9,15.75,15.75,16.09,15.69,16.022,14.932,14.932,15.254,1989600.0,32008375000.0,0.0,0.0,-1.15,-1.0903,-6.8047
GVR,2022-10-10,15:10:02,HOSE,STOCK,16.6,17.75,15.45,16.6,17.2,16.05,16.9,16.69,15.738,16.307,15.216,16.022,15.823,1889000.0,31517990000.0,0.0,0.0,0.3,0.2844,1.8072
GVR,2022-10-07,15:10:01,HOSE,STOCK,17.8,19.0,16.6,17.7,17.7,16.6,16.6,16.74,16.781,16.781,15.738,15.738,15.87,2272400.0,38043015000.0,0.0,0.0,-1.2,-1.1377,-6.7416
GVR,2022-10-06,15:10:02,HOSE,STOCK,19.1,20.4,17.8,19.15,19.15,17.8,17.8,18.3,18.155,18.155,16.875,16.875,17.349,1505600.0,27556340000.0,0.0,0.0,-1.3,-1.2324,-6.8063
GVR,2022-10-05,15:10:01,HOSE,STOCK,18.25,19.5,17.0,18.8,19.2,18.6,19.1,18.92,17.823,18.203,17.634,18.108,17.937,1016100.0,19227065000.0,0.0,0.0,0.85,0.8059,4.6575
GVR,2022-10-04,15:10:01,HOSE,STOCK,19.45,20.8,18.1,19.6,19.9,18.25,18.25,19.13,18.582,18.866,17.302,17.302,18.136,1664400.0,31846530000.0,0.0,0.0,-1.2,-1.1377,-6.1697
GVR,2022-10-03,15:10:02,HOSE,STOCK,20.9,22.35,19.45,20.95,20.95,19.45,19.45,19.92,19.862,19.862,18.44,18.44,18.885,1141300.0,22739595000.0,0.0,0.0,-1.45,-1.3747,-6.9378
GVR,2022-09-30,15:09:02,HOSE,STOCK,20.9,22.35,19.45,20.3,20.95,19.5,20.9,20.3,19.246,19.862,18.487,19.814,19.246,1585200.0,32171945000.0,0.0,0.0,0.0,0.0,0.0
GVR,2022-09-29,15:09:01,HOSE,STOCK,22.2,23.75,20.65,22.45,22.6,20.9,20.9,21.89,21.284,21.426,19.814,19.814,20.753,1117200.0,24457850000.0,0.0,0.0,-1.3,-1.2324,-5.8559
GVR,2022-09-28,15:09:01,HOSE,STOCK,22.75,24.3,21.2,22.3,22.8,21.9,22.2,22.31,21.142,21.616,20.762,21.047,21.151,1053100.0,23494250000.0,0.0,0.0,-0.55,-0.5214,-2.4176
GVR,2022-09-27,15:09:01,HOSE,STOCK,23.0,24.6,21.4,22.95,23.1,22.6,22.75,22.88,21.758,21.9,21.426,21.568,21.691,878700.0,20108680000.0,0.0,0.0,-0.25,-0.237,-1.087
GVR,2022-09-26,15:09:02,HOSE,STOCK,23.35,24.95,21.75,22.65,23.15,21.9,23.0,22.52,21.473,21.947,20.762,21.805,21.35,1974000.0,44462435000.0,0.0,0.0,-0.35,-0.3318,-1.4989
GVR,2022-09-23,15:09:02,HOSE,STOCK,23.6,25.25,21.95,23.95,23.95,23.25,23.35,23.59,22.706,22.706,22.042,22.137,22.365,1000300.0,23593460000.0,0.0,0.0,-0.25,-0.237,-1.0593
GVR,2022-09-22,15:09:01,HOSE,STOCK,23.25,24.85,21.65,23.1,23.65,23.05,23.6,23.26,21.9,22.421,21.853,22.374,22.052,1418900.0,33009570000.0,0.0,0.0,0.35,0.3318,1.5054
GVR,2022-09-21,15:09:02,HOSE,STOCK,23.5,25.1,21.9,23.3,23.8,23.2,23.25,23.46,22.09,22.564,21.995,22.042,22.241,846600.0,19862320000.0,0.0,0.0,-0.25,-0.237,-1.0638
GVR,2022-09-20,15:09:01,HOSE,STOCK,22.9,24.5,21.3,23.0,23.65,22.75,23.5,23.11,21.805,22.421,21.568,22.279,21.91,1307700.0,30220470000.0,0.0,0.0,0.6,0.5688,2.6201
GVR,2022-09-19,15:09:01,HOSE,STOCK,24.6,26.3,22.9,24.6,24.6,22.9,22.9,23.47,23.322,23.322,21.71,21.71,22.251,3152800.0,73999550000.0,0.0,0.0,-1.7,-1.6117,-6.9106
GVR,2022-09-16,15:09:02,HOSE,STOCK,25.5,27.25,23.75,25.4,25.4,24.6,24.6,24.96,24.081,24.081,23.322,23.322,23.663,1709100.0,42664705000.0,0.0,0.0,-0.9,-0.8532,-3.5294
GVR,2022-09-15,15:09:01,HOSE,STOCK,25.0,26.75,23.25,25.2,25.95,24.8,25.5,25.5,23.891,24.602,23.512,24.175,24.175,2666700.0,67997195000.0,0.0,0.0,0.5,0.474,2.0
GVR,2022-09-14,15:09:01,HOSE,STOCK,25.05,26.8,23.3,24.35,25.0,24.35,25.0,24.67,23.085,23.701,23.085,23.701,23.389,1835500.0,45282705000.0,0.0,0.0,-0.05,-0.0474,-0.1996
GVR,2022-09-13,15:09:02,HOSE,STOCK,25.0,26.75,23.25,24.8,25.1,24.55,25.05,24.83,23.512,23.796,23.275,23.749,23.54,1514500.0,37608075000.0,0.0,0.0,0.05,0.0474,0.2
GVR,2022-09-12,15:09:01,HOSE,STOCK,25.35,27.1,23.6,25.6,25.7,24.85,25.0,25.28,24.27,24.365,23.559,23.701,23.967,1444400.0,36507755000.0,0.0,0.0,-0.35,-0.3318,-1.3807
GVR,2022-09-09,15:09:02,HOSE,STOCK,25.0,26.75,23.25,25.2,25.35,23.25,25.35,24.56,23.891,24.033,22.042,24.033,23.284,3553600.0,87278020000.0,0.0,0.0,0.35,0.3318,1.4
GVR,2022-09-08,15:09:01,HOSE,STOCK,25.8,27.6,24.0,25.85,26.1,25.0,25.0,25.47,24.507,24.744,23.701,23.701,24.147,2272500.0,57889315000.0,0.0,0.0,-0.8,-0.7584,-3.1008
GVR,2022-09-07,15:09:02,HOSE,STOCK,25.9,27.7,24.1,26.0,26.9,25.8,25.8,26.35,24.649,25.503,24.46,24.46,24.981,5221400.0,137573045000.0,0.0,0.0,-0.1,-0.0948,-0.3861
GVR,2022-09-06,15:09:02,HOSE,STOCK,26.2,28.0,24.4,26.4,26.7,25.75,25.9,26.1,25.029,25.313,24.412,24.555,24.744,2683600.0,70030550000.0,0.0,0.0,-0.3,-0.2844,-1.145
GVR,2022-09-05,15:09:02,HOSE,STOCK,26.35,28.15,24.55,26.25,27.35,26.2,26.2,26.71,24.886,25.929,24.839,24.839,25.323,2623300.0,70056375000.0,0.0,0.0,-0.15,-0.1422,-0.5693
GVR,2022-08-31,15:08:01,HOSE,STOCK,26.65,28.5,24.8,26.65,26.8,26.15,26.35,26.44,25.266,25.408,24.792,24.981,25.067,1892400.0,50037600000.0,0.0,0.0,-0.3,-0.2844,-1.1257
GVR,2022-08-30,15:08:01,HOSE,STOCK,24.95,26.65,23.25,25.0,26.65,25.0,26.65,26.42,23.701,25.266,23.701,25.266,25.048,7996000.0,211234475000.0,0.0,0.0,1.7,1.6117,6.8136
GVR,2022-08-29,15:08:02,HOSE,STOCK,25.4,27.15,23.65,24.8,24.95,24.0,24.95,24.59,23.512,23.654,22.753,23.654,23.313,2556000.0,62858425000.0,0.0,0.0,-0.45,-0.4266,-1.7717
GVR,2022-08-26,15:08:02,HOSE,STOCK,25.45,27.2,23.7,25.5,25.5,24.9,25.4,25.24,24.175,24.175,23.607,24.081,23.929,1739300.0,43895280000.0,0.0,0.0,-0.05,-0.0474,-0.1965
GVR,2022-08-25,15:08:02,HOSE,STOCK,24.15,25.8,22.5,24.2,25.45,24.2,25.45,25.03,22.943,24.128,22.943,24.128,23.73,5087500.0,127333860000.0,0.0,0.0,1.3,1.2325,5.383
GVR,2022-08-24,15:08:03,HOSE,STOCK,23.95,25.6,22.3,24.1,24.25,23.85,24.15,24.02,22.848,22.99,22.611,22.896,22.772,1156200.0,27776155000.0,0.0,0.0,0.2,0.1896,0.8351
GVR,2022-08-23,15:08:02,HOSE,STOCK,23.65,25.3,22.0,23.35,24.0,23.35,23.95,23.62,22.137,22.753,22.137,22.706,22.393,1179400.0,27863150000.0,0.0,0.0,0.3,0.2844,1.2685
GVR,2022-08-22,15:08:01,HOSE,STOCK,24.2,25.85,22.55,24.0,24.1,23.35,23.65,23.7,22.753,22.848,22.137,22.421,22.469,1947200.0,46155760000.0,0.0,0.0,-0.55,-0.5214,-2.2727
GVR,2022-08-19,15:08:02,HOSE,STOCK,24.35,26.05,22.65,24.3,24.45,23.95,24.2,24.27,23.038,23.18,22.706,22.943,23.009,1157600.0,28096085000.0,0.0,0.0,-0.15,-0.1422,-0.616
GVR,2022-08-18,15:08:03,HOSE,STOCK,24.55,26.25,22.85,24.3,24.7,24.15,24.35,24.36,23.038,23.417,22.896,23.085,23.095,1408000.0,34298640000.0,0.0,0.0,-0.2,-0.1896,-0.8147
GVR,2022-08-17,15:08:02,HOSE,STOCK,24.8,26.5,23.1,24.9,25.0,24.5,24.55,24.72,23.607,23.701,23.227,23.275,23.436,1710800.0,42285480000.0,0.0,0.0,-0.25,-0.237,-1.0081
GVR,2022-08-16,15:08:03,HOSE,STOCK,24.85,26.55,23.15,24.6,24.9,24.6,24.8,24.78,23.322,23.607,23.322,23.512,23.493,1150900.0,28523145000.0,0.0,0.0,-0.05,-0.0474,-0.2012
GVR,2022-08-15,15:08:02,HOSE,STOCK,24.85,26.55,23.15,25.25,25.3,24.85,24.85,24.97,23.938,23.986,23.559,23.559,23.673,1074300.0,26829665000.0,0.0,0.0,0.0,0.0,0.0
GVR,2022-08-12,15:08:02,HOSE,STOCK,24.7,26.4,23.0,24.5,24.95,24.5,24.85,24.71,23.227,23.654,23.227,23.559,23.426,995200.0,24593950000.0,0.0,0.0,0.15,0.1422,0.6073
GVR,2022-08-11,15:08:02,HOSE,STOCK,25.05,26.8,23.3,25.25,25.4,24.3,24.7,24.83,23.938,24.081,23.038,23.417,23.54,2421500.0,60127925000.0,0.0,0.0,-0.35,-0.3318,-1.3972
GVR,2022-08-10,15:08:03,HOSE,STOCK,25.25,27.0,23.5,25.15,25.25,25.0,25.05,25.09,23.844,23.938,23.701,23.749,23.787,1453200.0,36457305000.0,0.0,0.0,-0.2,-0.1896,-0.7921
GVR,2022-08-09,15:08:02,HOSE,STOCK,25.1,26.85,23.35,25.05,25.3,24.95,25.25,25.09,23.749,23.986,23.654,23.938,23.787,1576700.0,39564845000.0,0.0,0.0,0.15,0.1422,0.5976
GVR,2022-08-08,15:08:02,HOSE,STOCK,24.75,26.45,23.05,24.8,25.3,24.8,25.1,25.09,23.512,23.986,23.512,23.796,23.787,1954300.0,49025140000.0,0.0,0.0,0.35,0.3318,1.4141
GVR,2022-08-05,15:08:01,HOSE,STOCK,24.6,26.3,22.9,24.6,24.75,24.3,24.75,24.46,23.322,23.464,23.038,23.464,23.189,1844600.0,45126930000.0,0.0,0.0,0.15,0.1422,0.6098
GVR,2022-08-04,15:08:03,HOSE,STOCK,24.7,26.4,23.0,24.95,25.35,24.5,24.6,24.81,23.654,24.033,23.227,23.322,23.521,1954400.0,48496715000.0,0.0,0.0,-0.1,-0.0948,-0.4049
GVR,2022-08-03,15:08:01,HOSE,STOCK,24.8,26.5,23.1,24.75,24.85,24.45,24.7,24.68,23.464,23.559,23.18,23.417,23.398,1638900.0,40450540000.0,0.0,0.0,-0.1,-0.0948,-0.4032
GVR,2022-08-02,15:08:01,HOSE,STOCK,24.7,26.4,23.0,24.5,25.1,24.5,24.8,24.78,23.227,23.796,23.227,23.512,23.493,2205700.0,54650925000.0,0.0,0.0,0.1,0.0948,0.4049
GVR,2022-08-01,15:08:02,HOSE,STOCK,23.9,25.55,22.25,24.0,24.7,23.8,24.7,24.32,22.753,23.417,22.564,23.417,23.057,2618000.0,63671690000.0,0.0,0.0,0.8,0.7584,3.3473
GVR,2022-07-29,15:07:02,HOSE,STOCK,23.95,25.6,22.3,24.15,24.2,23.75,23.9,24.03,22.896,22.943,22.516,22.659,22.782,1899000.0,45625245000.0,0.0,0.0,-0.05,-0.0474,-0.2088
GVR,2022-07-28,15:07:03,HOSE,STOCK,23.1,24.7,21.5,23.5,24.1,23.25,23.95,23.79,22.279,22.848,22.042,22.706,22.554,2558100.0,60850690000.0,0.0,0.0,0.85,0.8058,3.6797
GVR,2022-07-27,15:07:03,HOSE,STOCK,22.75,24.3,21.2,22.5,23.2,22.4,23.1,22.68,21.331,21.995,21.236,21.9,21.502,1715000.0,38904440000.0,0.0,0.0,0.35,0.3318,1.5385
GVR,2022-07-26,15:07:03,HOSE,STOCK,22.8,24.35,21.25,22.85,23.15,22.6,22.75,22.79,21.663,21.947,21.426,21.568,21.606,1038100.0,23657360000.0,0.0,0.0,-0.05,-0.0474,-0.2193
GVR,2022-07-25,15:07:02,HOSE,STOCK,23.5,25.1,21.9,23.5,23.5,22.8,22.8,23.05,22.279,22.279,21.616,21.616,21.853,1193500.0,27512650000.0,0.0,0.0,-0.7,-0.6636,-2.9787
GVR,2022-07-22,15:07:03,HOSE,STOCK,23.7,25.35,22.05,23.7,24.2,23.5,23.5,23.82,22.469,22.943,22.279,22.279,22.583,1651200.0,39324565000.0,0.0,0.0,-0.2,-0.1896,-0.8439
GVR,2022-07-21,15:07:02,HOSE,STOCK,23.8,25.45,22.15,23.9,24.1,23.6,23.7,23.85,22.659,22.848,22.374,22.469,22.611,1542500.0,36783120000.0,0.0,0.0,-0.1,-0.0948,-0.4202
GVR,2022-07-20,15:07:03,HOSE,STOCK,23.2,24.8,21.6,23.6,24.15,23.3,23.8,23.78,22.374,22.896,22.09,22.564,22.545,2476900.0,58908160000.0,0.0,0.0,0.6,0.5688,2.5862
GVR,2022-07-19,15:07:03,HOSE,STOCK,23.2,24.8,21.6,23.2,23.45,22.65,23.2,23.09,21.995,22.232,21.473,21.995,21.891,1292800.0,29844720000.0,0.0,0.0,0.0,0.0,0.0
GVR,2022-07-18,15:07:03,HOSE,STOCK,23.15,24.75,21.55,23.4,23.85,23.1,23.2,23.4,22.184,22.611,21.9,21.995,22.184,1504400.0,35203065000.0,0.0,0.0,0.05,0.0474,0.216
GVR,2022-07-15,15:07:03,HOSE,STOCK,23.2,24.8,21.6,23.25,23.7,23.1,23.15,23.34,22.042,22.469,21.9,21.947,22.128,1779400.0,41534345000.0,0.0,0.0,-0.05,-0.0474,-0.2155
GVR,2022-07-14,15:07:02,HOSE,STOCK,22.55,24.1,21.0,22.4,23.4,22.4,23.2,23.0,21.236,22.184,21.236,21.995,21.805,1620000.0,37267935000.0,0.0,0.0,0.65,0.6162,2.8825
GVR,2022-07-13,15:07:03,HOSE,STOCK,22.4,23.95,20.85,22.8,23.35,22.55,22.55,22.95,21.616,22.137,21.379,21.379,21.758,2141700.0,49142915000.0,0.0,0.0,0.15,0.1422,0.6696
GVR,2022-07-12,15:07:03,HOSE,STOCK,20.95,22.4,19.5,20.95,22.4,20.95,22.4,22.16,19.862,21.236,19.862,21.236,21.009,2467200.0,54660830000.0,0.0,0.0,1.45,1.3747,6.9212
GVR,2022-07-11,15:07:04,HOSE,STOCK,21.2,22.65,19.75,21.35,21.5,20.85,20.95,21.14,20.241,20.383,19.767,19.862,20.042,876600.0,18532705000.0,0.0,0.0,-0.25,-0.237,-1.1792
GVR,2022-07-08,15:07:03,HOSE,STOCK,20.75,22.2,19.3,21.4,21.6,21.0,21.2,21.21,20.288,20.478,19.909,20.099,20.108,931000.0,19744510000.0,0.0,0.0,0.45,0.4266,2.1687
GVR,2022-07-07,15:07:02,HOSE,STOCK,20.85,22.3,19.4,20.55,21.2,20.5,20.75,20.82,19.483,20.099,19.435,19.672,19.738,942200.0,19613950000.0,0.0,0.0,-0.1,-0.0948,-0.4796
GVR,2022-07-06,15:07:02,HOSE,STOCK,21.6,23.1,20.1,21.4,21.85,20.85,20.85,21.39,20.288,20.715,19.767,19.767,20.279,1519200.0,32490320000.0,0.0,0.0,-0.75,-0.711,-3.4722
GVR,2022-07-05,15:07:02,HOSE,STOCK,22.4,23.95,20.85,22.7,22.7,21.6,21.6,22.12,21.521,21.521,20.478,20.478,20.971,1176800.0,26028060000.0,0.0,0.0,-0.8,-0.7584,-3.5714
GVR,2022-07-04,15:07:03,HOSE,STOCK,22.6,24.15,21.05,22.9,23.0,22.1,22.4,22.64,21.71,21.805,20.952,21.236,21.464,692600.0,15683660000.0,0.0,0.0,-0.2,-0.1896,-0.885
GVR,2022-07-01,15:07:02,HOSE,STOCK,22.55,24.1,21.0,22.5,22.6,21.75,22.6,22.19,21.331,21.426,20.62,21.426,21.037,1294600.0,28725380000.0,0.0,0.0,0.05,0.0474,0.2217
GVR,2022-06-30,15:06:03,HOSE,STOCK,22.9,24.5,21.3,23.0,23.2,22.5,22.55,22.92,21.805,21.995,21.331,21.379,21.729,1028100.0,23560350000.0,0.0,0.0,-0.35,-0.3318,-1.5284
GVR,2022-06-29,15:06:02,HOSE,STOCK,23.5,25.1,21.9,23.4,23.5,22.5,22.9,23.09,22.184,22.279,21.331,21.71,21.891,1658400.0,38293335000.0,0.0,0.0,-0.6,-0.5688,-2.5532
GVR,2022-06-28,15:06:02,HOSE,STOCK,23.35,24.95,21.75,23.3,23.8,23.2,23.5,23.55,22.09,22.564,21.995,22.279,22.327,874500.0,20592450000.0,0.0,0.0,0.15,0.1422,0.6424
GVR,2022-06-27,15:06:04,HOSE,STOCK,22.75,24.3,21.2,23.0,23.35,22.75,23.35,23.12,21.805,22.137,21.568,22.137,21.919,1050600.0,24293635000.0,0.0,0.0,0.6,0.5688,2.6374
GVR,2022-06-24,15:06:03,HOSE,STOCK,22.7,24.25,21.15,22.85,23.3,22.6,22.75,22.94,21.663,22.09,21.426,21.568,21.748,1010400.0,23176210000.0,0.0,0.0,0.05,0.0474,0.2203
GVR,2022-06-23,15:06:02,HOSE,STOCK,21.8,23.3,20.3,21.8,22.7,21.8,22.7,22.29,20.668,21.521,20.668,21.521,21.132,874200.0,19488645000.0,0.0,0.0,0.9,0.8533,4.1284
GVR,2022-06-22,15:06:04,HOSE,STOCK,21.7,23.2,20.2,22.5,22.5,21.7,21.8,22.0,21.331,21.331,20.573,20.668,20.857,1260600.0,27738380000.0,0.0,0.0,0.1,0.0948,0.4608
GVR,2022-06-21,15:06:02,HOSE,STOCK,21.8,23.3,20.3,21.8,22.5,20.85,21.7,21.66,20.668,21.331,19.767,20.573,20.535,2340800.0,50708900000.0,0.0,0.0,-0.1,-0.0948,-0.4587
GVR,2022-06-20,15:06:02,HOSE,STOCK,22.7,24.25,21.15,22.7,23.2,21.7,21.8,22.39,21.521,21.995,20.573,20.668,21.227,2657900.0,59517425000.0,0.0,0.0,-0.9,-0.8533,-3.9648
GVR,2022-06-17,15:06:04,HOSE,STOCK,23.5,25.1,21.9,22.6,23.0,22.0,22.7,22.55,21.426,21.805,20.857,21.521,21.379,2061100.0,46477485000.0,0.0,0.0,-0.8,-0.7584,-3.4043
GVR,2022-06-16,15:06:04,HOSE,STOCK,23.05,24.65,21.45,23.8,24.25,23.5,23.5,23.85,22.564,22.99,22.279,22.279,22.611,1704900.0,40659885000.0,0.0,0.0,0.45,0.4266,1.9523
GVR,2022-06-15,15:06:05,HOSE,STOCK,24.75,26.45,23.05,24.75,24.9,23.05,23.05,23.63,23.464,23.607,21.853,21.853,22.403,2010000.0,47499995000.0,0.0,0.0,-1.7,-1.6117,-6.8687
GVR,2022-06-14,15:06:04,HOSE,STOCK,24.3,26.0,22.6,23.9,25.0,23.4,24.75,24.19,22.659,23.701,22.184,23.464,22.933,1736900.0,42009925000.0,0.0,0.0,0.45,0.4266,1.8519
GVR,2022-06-13,15:06:04,HOSE,STOCK,26.1,27.9,24.3,24.7,25.6,24.3,24.3,24.81,23.417,24.27,23.038,23.038,23.521,3143700.0,77990820000.0,0.0,0.0,-1.8,-1.7065,-6.8966
GVR,2022-06-10,15:06:03,HOSE,STOCK,27.45,29.35,25.55,27.2,28.0,26.0,26.1,27.2,25.787,26.546,24.649,24.744,25.787,2505600.0,68146125000.0,0.0,0.0,-1.35,-1.2799,-4.918
GVR,2022-06-09,15:06:02,HOSE,STOCK,27.05,28.9,25.2,27.7,28.2,27.4,27.45,27.76,26.261,26.735,25.977,26.024,26.318,2461800.0,68330895000.0,0.0,0.0,0.4,0.3792,1.4787
GVR,2022-06-08,15:06:04,HOSE,STOCK,25.3,27.05,23.55,25.7,27.05,25.7,27.05,26.63,24.365,25.645,24.365,25.645,25.247,2880300.0,76707990000.0,0.0,0.0,1.75,1.6591,6.917
GVR,2022-06-07,15:06:03,HOSE,STOCK,25.15,26.9,23.4,25.0,25.3,24.2,25.3,24.82,23.701,23.986,22.943,23.986,23.531,1923200.0,47726045000.0,0.0,0.0,0.15,0.1422,0.5964
GVR,2022-06-06,15:06:03,HOSE,STOCK,25.0,26.75,23.25,25.0,25.8,25.0,25.15,25.46,23.701,24.46,23.701,23.844,24.137,1442800.0,36731255000.0,0.0,0.0,0.15,0.1422,0.6
GVR,2022-06-03,15:06:05,HOSE,STOCK,25.8,27.6,24.0,25.8,25.85,25.0,25.0,25.31,24.46,24.507,23.701,23.701,23.995,1654300.0,41873885000.0,0.0,0.0,-0.8,-0.7584,-3.1008
GVR,2022-06-02,15:06:03,HOSE,STOCK,25.15,26.9,23.4,25.0,26.15,24.95,25.8,25.66,23.701,24.792,23.654,24.46,24.327,2149900.0,55166190000.0,0.0,0.0,0.65,0.6162,2.5845
GVR,2022-06-01,15:06:04,HOSE,STOCK,25.2,26.95,23.45,25.0,25.4,24.8,25.15,25.12,23.701,24.081,23.512,23.844,23.815,1174200.0,29490520000.0,0.0,0.0,-0.05,-0.0474,-0.1984
GVR,2022-05-31,15:05:03,HOSE,STOCK,25.45,27.2,23.7,25.45,25.45,24.9,25.2,25.17,24.128,24.128,23.607,23.891,23.863,2363300.0,59474940000.0,0.0,0.0,-0.25,-0.237,-0.9823
GVR,2022-05-30,15:05:03,HOSE,STOCK,25.5,27.25,23.75,25.5,25.8,25.4,25.45,25.58,24.175,24.46,24.081,24.128,24.251,1314500.0,33622870000.0,0.0,0.0,-0.05,-0.0474,-0.1961
GVR,2022-05-27,15:05:03,HOSE,STOCK,25.35,27.1,23.6,25.45,26.1,25.35,25.5,25.76,24.128,24.744,24.033,24.175,24.422,1573800.0,40546815000.0,0.0,0.0,0.15,0.1422,0.5917
GVR,2022-05-26,15:05:04,HOSE,STOCK,25.35,27.1,23.6,25.4,25.8,25.0,25.35,25.36,24.081,24.46,23.701,24.033,24.043,1505000.0,38173145000.0,0.0,0.0,0.0,0.0,0.0
GVR,2022-05-25,15:05:03,HOSE,STOCK,24.15,25.8,22.5,24.2,25.45,23.9,25.35,24.78,22.943,24.128,22.659,24.033,23.493,2615100.0,64812085000.0,0.0,0.0,1.2,1.1377,4.9689
GVR,2022-05-24,15:05:02,HOSE,STOCK,23.7,25.35,22.05,23.65,24.15,23.1,24.15,23.56,22.421,22.896,21.9,22.896,22.336,1718300.0,40488835000.0,0.0,0.0,0.45,0.4266,1.8987
GVR,2022-05-23,15:05:03,HOSE,STOCK,23.7,25.35,22.05,24.1,24.35,22.95,23.7,23.79,22.848,23.085,21.758,22.469,22.554,1286500.0,30605980000.0,0.0,0.0,0.0,0.0,0.0
GVR,2022-05-20,15:05:02,HOSE,STOCK,22.95,24.55,21.35,23.35,24.2,22.95,23.7,23.68,22.137,22.943,21.758,22.469,22.45,2379200.0,56342255000.0,0.0,0.0,0.75,0.711,3.268
GVR,2022-05-19,15:05:05,HOSE,STOCK,23.35,24.95,21.75,22.4,23.15,22.1,22.95,22.72,21.236,21.947,20.952,21.758,21.54,1741600.0,39575940000.0,0.0,0.0,-0.4,-0.3792,-1.7131
GVR,2022-05-18,15:05:01,HOSE,STOCK,23.35,24.95,21.75,23.6,23.95,23.0,23.35,23.48,22.374,22.706,21.805,22.137,22.26,1896500.0,44525835000.0,0.0,0.0,0.0,0.0,0.0
GVR,2022-05-17,15:05:02,HOSE,STOCK,21.85,23.35,20.35,21.4,23.35,21.0,23.35,22.28,20.288,22.137,19.909,22.137,21.123,2212800.0,49312180000.0,0.0,0.0,1.5,1.4221,6.865
GVR,2022-05-16,15:05:02,HOSE,STOCK,21.3,22.75,19.85,22.75,22.75,21.8,21.85,22.55,21.568,21.568,20.668,20.715,21.379,2348100.0,52959295000.0,0.0,0.0,0.55,0.5214,2.5822
GVR,2022-05-13,15:05:03,HOSE,STOCK,22.9,24.5,21.3,22.9,23.0,21.3,21.3,21.9,21.71,21.805,20.194,20.194,20.762,2327900.0,50977690000.0,0.0,0.0,-1.6,-1.5169,-6.9869
GVR,2022-05-12,15:05:04,HOSE,STOCK,24.6,26.3,22.9,24.95,25.4,22.9,22.9,24.0,23.654,24.081,21.71,21.71,22.753,1880500.0,45130575000.0,0.0,0.0,-1.7,-1.6117,-6.9106
GVR,2022-05-11,15:05:03,HOSE,STOCK,24.75,26.45,23.05,24.75,24.85,24.1,24.6,24.618,23.464,23.559,22.848,23.322,23.339,1005000.0,24740765000.0,0.0,0.0,-0.15,-0.1422,-0.6061
GVR,2022-05-10,15:05:03,HOSE,STOCK,24.95,26.65,23.25,23.8,24.95,23.5,24.75,24.23,22.564,23.654,22.279,23.464,22.971,1743200.0,42239860000.0,0.0,0.0,-0.2,-0.1896,-0.8016
GVR,2022-05-09,15:05:02,HOSE,STOCK,26.8,28.65,24.95,26.3,26.4,24.95,24.95,25.25,24.934,25.029,23.654,23.654,23.938,2121400.0,53562060000.0,0.0,0.0,-1.85,-1.7539,-6.903
GVR,2022-05-06,15:05:04,HOSE,STOCK,28.2,30.15,26.25,27.7,28.2,26.8,26.8,27.65,26.261,26.735,25.408,25.408,26.214,1427000.0,39451840000.0,0.0,0.0,-1.4,-1.3273,-4.9645
GVR,2022-05-05,15:05:03,HOSE,STOCK,28.05,30.0,26.1,28.8,28.8,27.5,28.2,28.27,27.304,27.304,26.071,26.735,26.802,1271800.0,35950680000.0,0.0,0.0,0.15,0.1422,0.5348
GVR,2022-05-04,15:05:03,HOSE,STOCK,28.85,30.85,26.85,28.9,28.9,28.05,28.05,28.45,27.399,27.399,26.593,26.593,26.972,1411500.0,40161765000.0,0.0,0.0,-0.8,-0.7584,-2.773
GVR,2022-04-29,15:04:02,HOSE,STOCK,28.75,30.75,26.75,28.4,29.25,28.4,28.85,28.79,26.925,27.731,26.925,27.351,27.294,1750200.0,50389225000.0,0.0,0.0,0.1,0.0948,0.3478
GVR,2022-04-28,15:04:02,HOSE,STOCK,29.1,31.1,27.1,29.1,29.25,28.6,28.75,28.97,27.588,27.731,27.114,27.257,27.465,1095000.0,31724490000.0,0.0,0.0,-0.35,-0.3318,-1.2027
GVR,2022-04-27,15:04:04,HOSE,STOCK,28.5,30.45,26.55,28.45,29.3,27.8,29.1,28.68,26.972,27.778,26.356,27.588,27.19,1290600.0,37008500000.0,0.0,0.0,0.6,0.5688,2.1053
GVR,2022-04-26,15:04:03,HOSE,STOCK,27.45,29.35,25.55,26.5,28.5,25.6,28.5,27.16,25.123,27.02,24.27,27.02,25.749,2034200.0,55253420000.0,0.0,0.0,1.05,0.9955,3.8251
GVR,2022-04-25,15:04:03,HOSE,STOCK,29.5,31.55,27.45,29.0,30.0,27.45,27.45,28.1,27.494,28.442,26.024,26.024,26.64,3146500.0,88427985000.0,0.0,0.0,-2.05,-1.9435,-6.9492
GVR,2022-04-22,15:04:04,HOSE,STOCK,30.5,32.6,28.4,31.1,31.7,28.4,29.5,29.87,29.484,30.053,26.925,27.968,28.318,4598400.0,137369685000.0,0.0,0.0,-1.0,-0.9481,-3.2787
GVR,2022-04-21,15:04:02,HOSE,STOCK,32.55,34.8,30.3,31.55,32.95,30.35,30.5,31.3,29.911,31.238,28.773,28.916,29.674,4404800.0,137874235000.0,0.0,0.0,-2.05,-1.9435,-6.298
GVR,2022-04-20,15:04:02,HOSE,STOCK,35.0,37.45,32.55,34.7,35.5,32.55,32.55,34.12,32.897,33.656,30.859,30.859,32.348,2849300.0,97214505000.0,0.0,0.0,-2.45,-2.3227,-7.0
GVR,2022-04-19,15:04:03,HOSE,STOCK,36.8,39.35,34.25,37.0,37.0,35.0,35.0,36.38,35.078,35.078,33.182,33.182,34.49,2944000.0,107111350000.0,0.0,0.0,-1.8,-1.7065,-4.8913
GVR,2022-04-18,15:04:03,HOSE,STOCK,36.0,38.5,33.5,35.65,37.2,35.65,36.8,36.71,33.798,35.268,33.798,34.888,34.803,5974700.0,219333165000.0,0.0,0.0,0.8,0.7584,2.2222
GVR,2022-04-15,15:04:02,HOSE,STOCK,34.55,36.95,32.15,34.55,36.5,34.5,36.0,35.76,32.755,34.604,32.708,34.13,33.902,4280600.0,153060615000.0,0.0,0.0,1.45,1.3747,4.1968
GVR,2022-04-14,15:04:02,HOSE,STOCK,34.5,36.9,32.1,34.8,35.45,34.4,34.55,34.83,32.992,33.609,32.613,32.755,33.021,1543100.0,53743005000.0,0.0,0.0,0.05,0.0474,0.1449
GVR,2022-04-13,15:04:02,HOSE,STOCK,33.0,35.3,30.7,33.0,34.75,32.95,34.5,33.71,31.286,32.945,31.238,32.708,31.959,2263400.0,76293290000.0,0.0,0.0,1.5,1.4221,4.5455
GVR,2022-04-12,15:04:02,HOSE,STOCK,34.85,37.25,32.45,34.85,35.1,33.0,33.0,34.12,33.04,33.277,31.286,31.286,32.348,2770000.0,94501020000.0,0.0,0.0,-1.85,-1.7539,-5.3085
GVR,2022-04-08,15:04:02,HOSE,STOCK,36.3,38.8,33.8,36.5,36.6,34.8,34.85,35.56,34.604,34.699,32.992,33.04,33.713,2763400.0,98256990000.0,0.0,0.0,-1.45,-1.3747,-3.9945
GVR,2022-04-07,15:04:01,HOSE,STOCK,37.0,39.55,34.45,37.0,37.8,36.3,36.3,37.09,35.078,35.836,34.414,34.414,35.163,3503800.0,129969425000.0,0.0,0.0,-0.7,-0.6636,-1.8919
GVR,2022-04-06,15:04:02,HOSE,STOCK,36.4,38.9,33.9,36.0,37.0,36.0,37.0,36.66,34.13,35.078,34.13,35.078,34.756,3663300.0,134282145000.0,0.0,0.0,0.6,0.5688,1.6484
GVR,2022-04-05,15:04:02,HOSE,STOCK,36.5,39.05,33.95,36.2,37.4,36.0,36.4,36.86,34.32,35.457,34.13,34.509,34.945,3270100.0,120542005000.0,0.0,0.0,-0.1,-0.0948,-0.274
GVR,2022-04-04,15:04:02,HOSE,STOCK,34.55,36.95,32.15,35.0,36.5,34.85,36.5,35.97,33.182,34.604,33.04,34.604,34.102,6226000.0,223977445000.0,0.0,0.0,1.95,1.8487,5.644
GVR,2022-04-01,15:04:01,HOSE,STOCK,34.0,36.35,31.65,34.1,34.75,33.8,34.55,34.4,32.329,32.945,32.044,32.755,32.613,1687200.0,58035395000.0,0.0,0.0,0.55,0.5214,1.6176
GVR,2022-03-31,15:03:04,HOSE,STOCK,33.85,36.2,31.5,33.85,34.5,33.8,34.0,34.12,32.092,32.708,32.044,32.234,32.348,1177200.0,40165110000.0,0.0,0.0,0.15,0.1422,0.4431
GVR,2022-03-30,15:03:02,HOSE,STOCK,34.5,36.9,32.1,34.3,34.8,33.8,33.85,34.16,32.518,32.992,32.044,32.092,32.386,1489600.0,50884910000.0,0.0,0.0,-0.65,-0.6162,-1.8841
GVR,2022-03-29,15:03:03,HOSE,STOCK,33.85,36.2,31.5,33.95,34.7,33.95,34.5,34.31,32.186,32.897,32.186,32.708,32.528,1184300.0,40631440000.0,0.0,0.0,0.65,0.6162,1.9202
GVR,2022-03-28,15:03:04,HOSE,STOCK,34.7,37.1,32.3,34.15,34.7,33.8,33.85,34.1,32.376,32.897,32.044,32.092,32.329,2268400.0,77348850000.0,0.0,0.0,-0.85,-0.8059,-2.4496
GVR,2022-03-25,15:03:03,HOSE,STOCK,34.9,37.3,32.5,34.9,34.9,34.4,34.7,34.74,33.087,33.087,32.613,32.897,32.935,1121600.0,38968005000.0,0.0,0.0,-0.2,-0.1896,-0.5731
GVR,2022-03-24,15:03:03,HOSE,STOCK,35.4,37.85,32.95,35.1,35.45,34.8,34.9,35.12,33.277,33.609,32.992,33.087,33.296,1861500.0,65374465000.0,0.0,0.0,-0.5,-0.474,-1.4124
GVR,2022-03-23,15:03:02,HOSE,STOCK,34.65,37.05,32.25,35.1,35.45,34.7,35.4,35.16,33.277,33.609,32.897,33.561,33.334,1848200.0,64984525000.0,0.0,0.0,0.75,0.711,2.1645
GVR,2022-03-22,15:03:03,HOSE,STOCK,34.6,37.0,32.2,34.8,35.4,34.65,34.65,34.98,32.992,33.561,32.85,32.85,33.163,1610600.0,56336280000.0,0.0,0.0,0.05,0.0474,0.1445
GVR,2022-03-21,15:03:02,HOSE,STOCK,34.0,36.35,31.65,34.35,34.65,33.8,34.6,34.4,32.566,32.85,32.044,32.803,32.613,1452200.0,49954410000.0,0.0,0.0,0.6,0.5688,1.7647
GVR,2022-03-18,15:03:02,HOSE,STOCK,33.8,36.15,31.45,34.2,34.2,33.9,34.0,33.99,32.423,32.423,32.139,32.234,32.224,1033100.0,35112380000.0,0.0,0.0,0.2,0.1896,0.5917
GVR,2022-03-17,15:03:02,HOSE,STOCK,33.7,36.05,31.35,34.0,34.2,33.7,33.8,33.87,32.234,32.423,31.949,32.044,32.111,1030400.0,34898745000.0,0.0,0.0,0.1,0.0948,0.2967
GVR,2022-03-16,15:03:04,HOSE,STOCK,33.85,36.2,31.5,34.1,34.4,33.6,33.7,33.82,32.329,32.613,31.855,31.949,32.063,1256100.0,42478475000.0,0.0,0.0,-0.15,-0.1422,-0.4431
GVR,2022-03-15,15:03:03,HOSE,STOCK,33.35,35.65,31.05,33.2,34.0,33.2,33.85,33.74,31.475,32.234,31.475,32.092,31.987,980100.0,33069680000.0,0.0,0.0,0.5,0.474,1.4993
GVR,2022-03-14,15:03:04,HOSE,STOCK,34.5,36.9,32.1,34.5,34.5,32.85,33.35,33.52,32.708,32.708,31.144,31.618,31.779,2343200.0,78543515000.0,0.0,0.0,-1.15,-1.0903,-3.3333
GVR,2022-03-11,15:03:03,HOSE,STOCK,35.55,38.0,33.1,35.5,35.8,34.45,34.5,35.07,33.656,33.94,32.66,32.708,33.248,2598600.0,91142045000.0,0.0,0.0,-1.05,-0.9955,-2.9536
GVR,2022-03-10,15:03:03,HOSE,STOCK,36.0,38.5,33.5,36.2,36.35,35.5,35.55,35.87,34.32,34.462,33.656,33.703,34.007,1417000.0,50824175000.0,0.0,0.0,-0.45,-0.4266,-1.25
GVR,2022-03-09,15:03:03,HOSE,STOCK,36.3,38.8,33.8,36.35,36.6,35.3,36.0,35.98,34.462,34.699,33.466,34.13,34.111,2164200.0,77877020000.0,0.0,0.0,-0.3,-0.2844,-0.8264
GVR,2022-03-08,15:03:02,HOSE,STOCK,36.75,39.3,34.2,36.5,37.8,36.1,36.3,37.21,34.604,35.836,34.225,34.414,35.277,3784500.0,140813400000.0,0.0,0.0,-0.45,-0.4266,-1.2245
GVR,2022-03-07,15:03:03,HOSE,STOCK,36.0,38.5,33.5,36.0,36.9,35.7,36.75,36.51,34.13,34.983,33.846,34.841,34.613,3258000.0,118939400000.0,0.0,0.0,0.75,0.711,2.0833
GVR,2022-03-04,15:03:03,HOSE,STOCK,36.3,38.8,33.8,36.4,36.75,35.7,36.0,36.04,34.509,34.841,33.846,34.13,34.168,3156700.0,113774020000.0,0.0,0.0,-0.3,-0.2844,-0.8264
GVR,2022-03-03,15:03:04,HOSE,STOCK,35.4,37.85,32.95,35.85,36.3,35.7,36.3,36.07,33.988,34.414,33.846,34.414,34.196,2748400.0,99140840000.0,0.0,0.0,0.9,0.8532,2.5424
GVR,2022-03-02,15:03:03,HOSE,STOCK,35.7,38.15,33.25,36.1,36.25,35.35,35.4,35.83,34.225,34.367,33.514,33.561,33.969,3342300.0,119762765000.0,0.0,0.0,-0.3,-0.2844,-0.8403
GVR,2022-03-01,15:03:04,HOSE,STOCK,34.15,36.5,31.8,34.2,35.85,34.2,35.7,35.22,32.423,33.988,32.423,33.846,33.39,4755600.0,167488305000.0,0.0,0.0,1.55,1.4695,4.5388
GVR,2022-02-28,15:02:03,HOSE,STOCK,34.0,36.35,31.65,34.3,34.3,33.5,34.15,33.92,32.518,32.518,31.76,32.376,32.158,1904200.0,64584670000.0,0.0,0.0,0.15,0.1422,0.4412
GVR,2022-02-25,15:02:04,HOSE,STOCK,33.7,36.05,31.35,34.2,34.5,34.0,34.0,34.24,32.423,32.708,32.234,32.234,32.461,1513200.0,51805930000.0,0.0,0.0,0.3,0.2844,0.8902
GVR,2022-02-24,15:02:03,HOSE,STOCK,34.25,36.6,31.9,34.25,34.8,32.1,33.7,33.86,32.471,32.992,30.433,31.949,32.101,3123100.0,105732570000.0,0.0,0.0,-0.55,-0.5214,-1.6058
GVR,2022-02-23,15:02:03,HOSE,STOCK,34.25,36.6,31.9,34.3,35.4,34.0,34.25,34.64,32.518,33.561,32.234,32.471,32.841,2385600.0,82634045000.0,0.0,0.0,0.0,0.0,0.0
GVR,2022-02-22,15:02:02,HOSE,STOCK,34.6,37.0,32.2,34.55,34.55,33.6,34.25,33.97,32.755,32.755,31.855,32.471,32.205,1517100.0,51538090000.0,0.0,0.0,-0.35,-0.3318,-1.0116
GVR,2022-02-21,15:02:03,HOSE,STOCK,33.6,35.95,31.25,33.5,34.7,33.5,34.6,34.41,31.76,32.897,31.76,32.803,32.623,2336200.0,80390105000.0,0.0,0.0,1.0,0.9481,2.9762
GVR,2022-02-18,15:02:03,HOSE,STOCK,34.0,36.35,31.65,33.75,33.9,33.45,33.6,33.64,31.997,32.139,31.712,31.855,31.893,1587500.0,53405390000.0,0.0,0.0,-0.4,-0.3792,-1.1765
GVR,2022-02-17,15:02:03,HOSE,STOCK,33.75,36.1,31.4,34.0,34.35,33.75,34.0,34.0,32.234,32.566,31.997,32.234,32.234,1261900.0,42905035000.0,0.0,0.0,0.25,0.237,0.7407
GVR,2022-02-16,15:02:03,HOSE,STOCK,33.35,35.65,31.05,34.0,34.0,33.65,33.75,33.82,32.234,32.234,31.902,31.997,32.063,760900.0,25734445000.0,0.0,0.0,0.4,0.3792,1.1994
GVR,2022-02-15,15:02:03,HOSE,STOCK,33.3,35.6,31.0,33.1,33.6,33.1,33.35,33.34,31.381,31.855,31.381,31.618,31.608,828900.0,27632665000.0,0.0,0.0,0.05,0.0474,0.1502
GVR,2022-02-14,15:02:02,HOSE,STOCK,33.95,36.3,31.6,33.75,34.0,33.2,33.3,33.63,31.997,32.234,31.475,31.57,31.883,1172600.0,39435935000.0,0.0,0.0,-0.65,-0.6162,-1.9146
GVR,2022-02-11,15:02:05,HOSE,STOCK,33.6,35.95,31.25,33.1,34.5,33.1,33.95,33.97,31.381,32.708,31.381,32.186,32.205,1516300.0,51509445000.0,0.0,0.0,0.35,0.3318,1.0417
GVR,2022-02-10,15:02:04,HOSE,STOCK,33.1,35.4,30.8,33.15,33.7,32.8,33.6,33.29,31.428,31.949,31.096,31.855,31.561,1461300.0,48651385000.0,0.0,0.0,0.5,0.474,1.5106
GVR,2022-02-09,15:02:03,HOSE,STOCK,33.0,35.3,30.7,33.2,33.4,32.8,33.1,33.07,31.475,31.665,31.096,31.381,31.352,1144600.0,37856310000.0,0.0,0.0,0.1,0.0948,0.303
GVR,2022-02-08,15:02:03,HOSE,STOCK,32.2,34.45,29.95,32.3,33.3,32.1,33.0,32.9,30.622,31.57,30.433,31.286,31.191,1165800.0,38349520000.0,0.0,0.0,0.8,0.7584,2.4845
GVR,2022-02-07,15:02:03,HOSE,STOCK,31.2,33.35,29.05,32.0,32.2,31.7,32.2,31.96,30.338,30.527,30.053,30.527,30.3,865400.0,27658965000.0,0.0,0.0,1.0,0.948,3.2051
GVR,2022-01-28,15:01:03,HOSE,STOCK,30.7,32.8,28.6,30.7,31.2,30.55,31.2,30.83,29.105,29.579,28.963,29.579,29.229,953700.0,29397895000.0,0.0,0.0,0.5,0.474,1.6287
GVR,2022-01-27,15:01:04,HOSE,STOCK,31.0,33.15,28.85,31.0,31.4,30.7,30.7,31.04,29.39,29.769,29.105,29.105,29.428,689000.0,21385225000.0,0.0,0.0,-0.3,-0.2844,-0.9677
GVR,2022-01-26,15:01:03,HOSE,STOCK,31.25,33.4,29.1,31.8,31.85,31.0,31.0,31.5,30.148,30.196,29.39,29.39,29.864,1067300.0,33624275000.0,0.0,0.0,-0.25,-0.237,-0.8
GVR,2022-01-25,15:01:03,HOSE,STOCK,30.15,32.25,28.05,29.2,31.35,29.2,31.25,30.44,27.683,29.722,27.683,29.627,28.859,1582600.0,48182240000.0,0.0,0.0,1.1,1.0429,3.6484
GVR,2022-01-24,15:01:03,HOSE,STOCK,32.4,34.65,30.15,32.4,32.5,30.15,30.15,31.19,30.717,30.812,28.584,28.584,29.57,2226300.0,69439515000.0,0.0,0.0,-2.25,-2.1331,-6.9444
GVR,2022-01-21,15:01:02,HOSE,STOCK,32.5,34.75,30.25,33.0,33.35,32.4,32.4,32.79,31.286,31.618,30.717,30.717,31.087,1671000.0,54798375000.0,0.0,0.0,-0.1,-0.0948,-0.3077
GVR,2022-01-20,15:01:03,HOSE,STOCK,31.8,34.0,29.6,32.4,32.9,31.8,32.5,32.36,30.717,31.191,30.148,30.812,30.679,1480700.0,47909515000.0,0.0,0.0,0.7,0.6636,2.2013
GVR,2022-01-19,15:01:02,HOSE,STOCK,31.1,33.25,28.95,31.7,32.6,31.1,31.8,31.76,30.053,30.907,29.484,30.148,30.11,1767500.0,56142530000.0,0.0,0.0,0.7,0.6636,2.2508
GVR,2022-01-18,15:01:03,HOSE,STOCK,33.25,35.55,30.95,32.4,33.0,31.1,31.1,31.94,30.717,31.286,29.484,29.484,30.281,2899800.0,92623885000.0,0.0,0.0,-2.15,-2.0383,-6.4662
GVR,2022-01-17,15:01:03,HOSE,STOCK,35.7,38.15,33.25,35.7,35.9,33.25,33.25,34.11,33.846,34.035,31.523,31.523,32.338,4515200.0,154011470000.0,0.0,0.0,-2.45,-2.3227,-6.8627
GVR,2022-01-14,15:01:03,HOSE,STOCK,35.5,37.95,33.05,35.2,36.3,35.2,35.7,35.71,33.372,34.414,33.372,33.846,33.855,1688300.0,60287370000.0,0.0,0.0,0.2,0.1896,0.5634
GVR,2022-01-13,15:01:02,HOSE,STOCK,37.0,39.55,34.45,37.1,37.5,35.5,35.5,36.38,35.173,35.552,33.656,33.656,34.49,3359600.0,122209830000.0,0.0,0.0,-1.5,-1.4221,-4.0541
GVR,2022-01-12,15:01:03,HOSE,STOCK,36.8,39.35,34.25,36.8,37.0,35.05,37.0,36.24,34.888,35.078,33.229,35.078,34.357,4421100.0,160227590000.0,0.0,0.0,0.2,0.1896,0.5435
GVR,2022-01-11,15:01:02,HOSE,STOCK,37.7,40.3,35.1,37.6,38.0,36.8,36.8,37.34,35.647,36.026,34.888,34.888,35.4,3286400.0,122698610000.0,0.0,0.0,-0.9,-0.8532,-2.3873
GVR,2022-01-10,15:01:03,HOSE,STOCK,38.5,41.15,35.85,38.6,39.2,37.7,37.7,38.53,36.595,37.164,35.742,35.742,36.529,4463100.0,171942145000.0,0.0,0.0,-0.8,-0.7585,-2.0779
GVR,2022-01-07,15:01:02,HOSE,STOCK,38.6,41.3,35.9,38.5,39.4,38.2,38.5,38.78,36.5,37.353,36.216,36.5,36.766,2825500.0,109577015000.0,0.0,0.0,-0.1,-0.0948,-0.2591
GVR,2022-01-06,15:01:03,HOSE,STOCK,38.4,41.05,35.75,38.0,39.35,37.8,38.6,38.67,36.026,37.306,35.836,36.595,36.661,4131600.0,159772080000.0,0.0,0.0,0.2,0.1896,0.5208
GVR,2022-01-05,15:01:03,HOSE,STOCK,37.6,40.2,35.0,37.6,38.7,37.2,38.4,37.9,35.647,36.69,35.268,36.405,35.931,5612900.0,212741745000.0,0.0,0.0,0.8,0.7584,2.1277
GVR,2022-01-04,15:01:02,HOSE,STOCK,36.95,39.5,34.4,37.2,37.95,37.0,37.6,37.49,35.268,35.979,35.078,35.647,35.543,2270100.0,85094920000.0,0.0,0.0,0.65,0.6162,1.7591
GVR,2021-12-31,15:12:02,HOSE,STOCK,37.0,39.55,34.45,37.2,37.4,36.85,36.95,37.01,35.268,35.457,34.936,35.031,35.087,2174700.0,80486290000.0,0.0,0.0,-0.05,-0.0474,-0.1351
GVR,2021-12-30,15:12:03,HOSE,STOCK,36.9,39.45,34.35,36.9,37.45,36.85,37.0,37.09,34.983,35.505,34.936,35.078,35.163,2382900.0,88373710000.0,0.0,0.0,0.1,0.0948,0.271
GVR,2021-12-29,15:12:02,HOSE,STOCK,37.85,40.45,35.25,37.6,37.9,36.8,36.9,37.2,35.647,35.931,34.888,34.983,35.268,6193900.0,230418690000.0,0.0,0.0,-0.95,-0.9006,-2.5099
GVR,2021-12-28,15:12:02,HOSE,STOCK,38.6,41.3,35.9,38.6,39.0,37.7,37.85,38.34,36.595,36.974,35.742,35.884,36.348,4185300.0,160466635000.0,0.0,0.0,-0.75,-0.711,-1.943
GVR,2021-12-27,15:12:02,HOSE,STOCK,39.05,41.75,36.35,38.9,39.2,38.1,38.6,38.7,36.879,37.164,36.121,36.595,36.69,2791600.0,108038500000.0,0.0,0.0,-0.45,-0.4266,-1.1524
GVR,2021-12-24,15:12:02,HOSE,STOCK,39.0,41.7,36.3,39.1,40.25,38.8,39.05,39.47,37.069,38.159,36.785,37.022,37.42,3948200.0,155819505000.0,0.0,0.0,0.05,0.0474,0.1282
GVR,2021-12-23,15:12:04,HOSE,STOCK,39.0,41.7,36.3,39.35,39.8,38.45,39.0,39.22,37.306,37.733,36.453,36.974,37.183,4277100.0,167763360000.0,0.0,0.0,0.0,0.0,0.0
GVR,2021-12-22,15:12:02,HOSE,STOCK,37.7,40.3,35.1,37.9,39.95,37.7,39.0,39.11,35.931,37.875,35.742,36.974,37.078,7887300.0,308462910000.0,0.0,0.0,1.3,1.2325,3.4483
GVR,2021-12-21,15:12:02,HOSE,STOCK,37.6,40.2,35.0,37.5,38.3,37.1,37.7,37.52,35.552,36.31,35.173,35.742,35.571,2771400.0,103983535000.0,0.0,0.0,0.1,0.0948,0.266
GVR,2021-12-20,15:12:02,HOSE,STOCK,38.25,40.9,35.6,38.2,38.25,37.45,37.6,37.77,36.216,36.263,35.505,35.647,35.808,2386600.0,90137700000.0,0.0,0.0,-0.65,-0.6162,-1.6993
GVR,2021-12-17,15:12:03,HOSE,STOCK,37.85,40.45,35.25,38.0,39.0,37.9,38.25,38.49,36.026,36.974,35.931,36.263,36.491,2964500.0,114110400000.0,0.0,0.0,0.4,0.3792,1.0568
GVR,2021-12-16,15:12:03,HOSE,STOCK,37.75,40.35,35.15,38.0,38.4,37.7,37.85,38.0,36.026,36.405,35.742,35.884,36.026,1839200.0,69888860000.0,0.0,0.0,0.1,0.0948,0.2649
GVR,2021-12-15,15:12:03,HOSE,STOCK,38.15,40.8,35.5,38.0,38.85,37.65,37.75,38.24,36.026,36.832,35.694,35.789,36.254,2614900.0,99996460000.0,0.0,0.0,-0.4,-0.3792,-1.0485
GVR,2021-12-14,15:12:03,HOSE,STOCK,38.5,41.15,35.85,38.5,39.05,37.5,38.15,38.21,36.5,37.022,35.552,36.168,36.225,2696900.0,103045350000.0,0.0,0.0,-0.35,-0.3318,-0.9091
GVR,2021-12-13,15:12:02,HOSE,STOCK,37.5,40.1,34.9,38.0,38.9,37.6,38.5,38.46,36.026,36.879,35.647,36.5,36.462,2819000.0,108413130000.0,0.0,0.0,1.0,0.9481,2.6667
GVR,2021-12-10,15:12:03,HOSE,STOCK,37.35,39.95,34.75,37.3,38.0,37.3,37.5,37.65,35.362,36.026,35.362,35.552,35.694,2200700.0,82849505000.0,0.0,0.0,0.15,0.1422,0.4016
GVR,2021-12-09,15:12:03,HOSE,STOCK,37.0,39.55,34.45,37.0,37.75,36.7,37.35,37.36,35.078,35.789,34.794,35.41,35.419,1609600.0,60132660000.0,0.0,0.0,0.35,0.3318,0.9459
GVR,2021-12-08,15:12:01,HOSE,STOCK,36.6,39.15,34.05,36.95,38.3,36.65,37.0,37.42,35.031,36.31,34.746,35.078,35.476,1842600.0,68947205000.0,0.0,0.0,0.4,0.3792,1.0929
GVR,2021-12-07,15:12:03,HOSE,STOCK,36.0,38.5,33.5,36.5,37.0,36.15,36.6,36.5,34.604,35.078,34.272,34.699,34.604,1453800.0,53062650000.0,0.0,0.0,0.6,0.5688,1.6667
GVR,2021-12-06,15:12:02,HOSE,STOCK,36.5,39.05,33.95,36.5,37.2,35.25,36.0,36.5,34.604,35.268,33.419,34.13,34.604,2693300.0,98313720000.0,0.0,0.0,-0.5,-0.474,-1.3699
GVR,2021-12-03,15:12:06,HOSE,STOCK,38.65,41.35,35.95,38.35,39.0,36.5,36.5,37.93,36.358,36.974,34.604,34.604,35.96,3246500.0,123127755000.0,0.0,0.0,-2.15,-2.0383,-5.5627
GVR,2021-12-02,15:12:03,HOSE,STOCK,38.5,41.15,35.85,38.1,39.8,38.05,38.65,38.7,36.121,37.733,36.073,36.642,36.69,2665700.0,103159185000.0,0.0,0.0,0.15,0.1422,0.3896
GVR,2021-12-01,15:12:03,HOSE,STOCK,38.8,41.5,36.1,38.6,39.0,38.0,38.5,38.46,36.595,36.974,36.026,36.5,36.462,1971900.0,75833020000.0,0.0,0.0,-0.3,-0.2844,-0.7732
GVR,2021-11-30,15:11:03,HOSE,STOCK,36.8,39.35,34.25,37.3,39.35,37.3,38.8,38.78,35.362,37.306,35.362,36.785,36.766,7456800.0,289182350000.0,0.0,0.0,2.0,1.8961,5.4348
GVR,2021-11-29,15:11:03,HOSE,STOCK,36.95,39.5,34.4,36.0,37.0,35.9,36.8,36.42,34.13,35.078,34.035,34.888,34.528,2720900.0,99106740000.0,0.0,0.0,-0.15,-0.1422,-0.406
GVR,2021-11-26,15:11:03,HOSE,STOCK,37.8,40.4,35.2,37.9,38.0,36.7,36.95,37.37,35.931,36.026,34.794,35.031,35.429,3374000.0,126081440000.0,0.0,0.0,-0.85,-0.8059,-2.2487
GVR,2021-11-25,15:11:02,HOSE,STOCK,37.2,39.8,34.6,37.5,38.5,37.4,37.8,37.92,35.552,36.5,35.457,35.836,35.95,2641900.0,100175690000.0,0.0,0.0,0.6,0.5688,1.6129
GVR,2021-11-24,15:11:03,HOSE,STOCK,37.5,40.1,34.9,37.55,37.95,37.0,37.2,37.54,35.599,35.979,35.078,35.268,35.59,2877700.0,108027185000.0,0.0,0.0,-0.3,-0.2844,-0.8
GVR,2021-11-23,15:11:04,HOSE,STOCK,35.6,38.05,33.15,35.2,37.5,35.2,37.5,36.48,33.372,35.552,33.372,35.552,34.585,2446700.0,89255105000.0,0.0,0.0,1.9,1.8013,5.3371
GVR,2021-11-22,15:11:04,HOSE,STOCK,37.7,40.3,35.1,37.05,37.7,35.6,35.6,36.65,35.125,35.742,33.751,33.751,34.746,5211400.0,191023385000.0,0.0,0.0,-2.1,-1.9909,-5.5703
GVR,2021-11-19,15:11:05,HOSE,STOCK,39.85,42.6,37.1,39.9,40.1,37.1,37.7,38.77,37.827,38.017,35.173,35.742,36.756,6321200.0,245095295000.0,0.0,0.0,-2.15,-2.0383,-5.3952
GVR,2021-11-18,15:11:03,HOSE,STOCK,40.0,42.8,37.2,39.8,40.65,39.7,39.85,40.13,37.733,38.538,37.638,37.78,38.045,4020700.0,161339855000.0,0.0,0.0,-0.15,-0.1422,-0.375
GVR,2021-11-17,15:11:04,HOSE,STOCK,39.35,42.1,36.6,39.35,40.9,39.0,40.0,39.89,37.306,38.775,36.974,37.922,37.818,3340300.0,133248270000.0,0.0,0.0,0.65,0.6162,1.6518
GVR,2021-11-16,15:11:02,HOSE,STOCK,40.5,43.3,37.7,40.45,40.45,39.15,39.35,39.82,38.349,38.349,37.116,37.306,37.752,5337500.0,212526590000.0,0.0,0.0,-1.15,-1.0903,-2.8395
GVR,2021-11-15,15:11:02,HOSE,STOCK,41.4,44.25,38.55,41.5,41.65,40.0,40.5,40.73,39.344,39.486,37.922,38.396,38.614,6689500.0,272474170000.0,0.0,0.0,-0.9,-0.8532,-2.1739
GVR,2021-11-12,15:11:03,HOSE,STOCK,41.9,44.8,39.0,42.0,42.3,40.8,41.4,41.6,39.818,40.103,38.681,39.249,39.439,2871700.0,119454850000.0,0.0,0.0,-0.5,-0.474,-1.1933
GVR,2021-11-11,15:11:04,HOSE,STOCK,41.1,43.95,38.25,41.25,42.8,40.45,41.9,41.63,39.107,40.577,38.349,39.723,39.468,7153900.0,297795105000.0,0.0,0.0,0.8,0.7584,1.9465
GVR,2021-11-10,15:11:02,HOSE,STOCK,40.6,43.4,37.8,40.7,41.8,40.1,41.1,40.87,38.586,39.629,38.017,38.965,38.747,4584700.0,187384350000.0,0.0,0.0,0.5,0.474,1.2315
GVR,2021-11-09,15:11:05,HOSE,STOCK,40.7,43.5,37.9,40.8,41.2,40.35,40.6,40.76,38.681,39.06,38.254,38.491,38.643,3742300.0,152517560000.0,0.0,0.0,-0.1,-0.0948,-0.2457
GVR,2021-11-08,15:11:03,HOSE,STOCK,40.1,42.9,37.3,40.4,41.5,40.2,40.7,40.78,38.301,39.344,38.112,38.586,38.662,4284000.0,174721205000.0,0.0,0.0,0.6,0.5688,1.4963
GVR,2021-11-05,15:11:11,HOSE,STOCK,39.95,42.7,37.2,40.2,40.7,39.9,40.1,40.27,38.112,38.586,37.827,38.017,38.178,4264200.0,171702745000.0,0.0,0.0,0.15,0.1422,0.3755
GVR,2021-11-04,15:11:03,HOSE,STOCK,39.3,42.05,36.55,39.9,40.9,39.3,39.95,40.05,37.827,38.775,37.259,37.875,37.97,4403300.0,176352005000.0,0.0,0.0,0.65,0.6162,1.6539
GVR,2021-11-03,15:11:01,HOSE,STOCK,42.1,45.0,39.2,43.3,43.3,39.3,39.3,41.42,41.051,41.051,37.259,37.259,39.268,6911300.0,286254035000.0,0.0,0.0,-2.8,-2.6546,-6.6508
GVR,2021-11-02,15:11:03,HOSE,STOCK,39.35,42.1,36.6,39.2,42.1,39.0,42.1,40.7,37.164,39.913,36.974,39.913,38.586,8464100.0,344528690000.0,0.0,0.0,2.75,2.6071,6.9886
GVR,2021-11-01,15:11:03,HOSE,STOCK,39.8,42.55,37.05,39.8,40.0,39.0,39.35,39.55,37.733,37.922,36.974,37.306,37.496,5673900.0,224411570000.0,0.0,0.0,-0.45,-0.4266,-1.1307
GVR,2021-10-29,15:10:03,HOSE,STOCK,40.05,42.85,37.25,40.5,40.9,39.55,39.8,40.22,38.396,38.775,37.496,37.733,38.131,4719000.0,189777995000.0,0.0,0.0,-0.25,-0.237,-0.6242
GVR,2021-10-28,15:10:03,HOSE,STOCK,40.0,42.8,37.2,40.0,40.9,39.2,40.05,40.18,37.922,38.775,37.164,37.97,38.093,4757300.0,191139245000.0,0.0,0.0,0.05,0.0474,0.125
GVR,2021-10-27,15:10:03,HOSE,STOCK,39.45,42.2,36.7,39.6,40.8,39.25,40.0,40.06,37.543,38.681,37.211,37.922,37.979,6284500.0,251759830000.0,0.0,0.0,0.55,0.5214,1.3942
GVR,2021-10-26,15:10:02,HOSE,STOCK,39.3,42.05,36.55,39.3,39.6,38.6,39.45,39.04,37.259,37.543,36.595,37.401,37.012,2909900.0,113598930000.0,0.0,0.0,0.15,0.1422,0.3817
GVR,2021-10-25,15:10:02,HOSE,STOCK,38.3,40.95,35.65,38.8,40.25,38.3,39.3,39.26,36.785,38.159,36.31,37.259,37.221,8643200.0,339361240000.0,0.0,0.0,1.0,0.9481,2.611
GVR,2021-10-22,15:10:02,HOSE,STOCK,37.1,39.65,34.55,37.15,38.45,37.1,38.3,38.02,35.22,36.453,35.173,36.31,36.045,5277400.0,200639030000.0,0.0,0.0,1.2,1.1377,3.2345
GVR,2021-10-21,15:10:03,HOSE,STOCK,37.5,40.1,34.9,37.8,37.8,36.9,37.1,37.22,35.836,35.836,34.983,35.173,35.287,2635600.0,98102105000.0,0.0,0.0,-0.4,-0.3792,-1.0667
GVR,2021-10-20,15:10:02,HOSE,STOCK,37.5,40.1,34.9,37.45,37.8,37.1,37.5,37.48,35.505,35.836,35.173,35.552,35.533,2719200.0,101908985000.0,0.0,0.0,0.0,0.0,0.0
GVR,2021-10-19,15:10:03,HOSE,STOCK,37.85,40.45,35.25,37.8,37.8,37.2,37.5,37.57,35.836,35.836,35.268,35.552,35.618,3834600.0,144056030000.0,0.0,0.0,-0.35,-0.3318,-0.9247
GVR,2021-10-18,15:10:02,HOSE,STOCK,38.2,40.85,35.55,38.2,38.8,37.8,37.85,38.23,36.216,36.785,35.836,35.884,36.244,4123800.0,157640595000.0,0.0,0.0,-0.35,-0.3318,-0.9162
GVR,2021-10-15,15:10:03,HOSE,STOCK,38.4,41.05,35.75,38.6,39.0,37.8,38.2,38.37,36.595,36.974,35.836,36.216,36.377,3561500.0,136649765000.0,0.0,0.0,-0.2,-0.1896,-0.5208
GVR,2021-10-14,15:10:02,HOSE,STOCK,37.5,40.1,34.9,37.85,38.8,37.6,38.4,38.44,35.884,36.785,35.647,36.405,36.443,4981300.0,191457925000.0,0.0,0.0,0.9,0.8532,2.4
GVR,2021-10-13,15:10:02,HOSE,STOCK,37.2,39.8,34.6,37.7,37.7,37.25,37.5,37.5,35.742,35.742,35.315,35.552,35.552,2503600.0,93891360000.0,0.0,0.0,0.3,0.2844,0.8065
GVR,2021-10-12,15:10:02,HOSE,STOCK,37.8,40.4,35.2,38.2,38.2,37.65,37.8,37.85,35.64,35.64,35.127,35.267,35.313,4797100.0,181561230000.0,0.0,0.0,0.0,0.0,0.0
GVR,2021-10-11,15:10:02,HOSE,STOCK,37.65,40.25,35.05,38.0,38.3,37.6,37.8,37.85,35.453,35.733,35.08,35.267,35.313,2921200.0,110563060000.0,0.0,0.0,0.15,0.1399,0.3984
GVR,2021-10-08,15:10:03,HOSE,STOCK,38.2,40.85,35.55,38.3,38.45,37.55,37.65,37.89,35.733,35.873,35.033,35.127,35.351,3436200.0,130200895000.0,0.0,0.0,-0.55,-0.5131,-1.4398
GVR,2021-10-07,15:10:02,HOSE,STOCK,37.85,40.45,35.25,38.3,38.6,37.8,38.2,38.28,35.733,36.013,35.267,35.64,35.714,4038000.0,154579320000.0,0.0,0.0,0.35,0.3265,0.9247
GVR,2021-10-06,15:10:03,HOSE,STOCK,37.5,40.1,34.9,37.65,38.35,37.55,37.85,37.93,35.127,35.78,35.033,35.313,35.388,2934200.0,111286815000.0,0.0,0.0,0.35,0.3265,0.9333
GVR,2021-10-05,15:10:02,HOSE,STOCK,37.1,39.65,34.55,37.35,37.9,37.15,37.5,37.56,34.847,35.36,34.66,34.987,35.043,3010400.0,113056650000.0,0.0,0.0,0.4,0.3732,1.0782
GVR,2021-10-04,15:10:01,HOSE,STOCK,36.1,38.6,33.6,36.3,37.55,36.1,37.1,36.9,33.867,35.033,33.681,34.614,34.427,3461500.0,127724245000.0,0.0,0.0,1.0,0.933,2.7701
GVR,2021-10-01,15:10:02,HOSE,STOCK,35.9,38.4,33.4,35.75,36.45,35.5,36.1,36.05,33.354,34.007,33.121,33.681,33.634,2695300.0,97179025000.0,0.0,0.0,0.2,0.1866,0.5571
GVR,2021-09-30,15:09:01,HOSE,STOCK,36.0,38.5,33.5,36.45,36.5,35.9,35.9,36.23,34.007,34.054,33.494,33.494,33.802,1718800.0,62270840000.0,0.0,0.0,-0.1,-0.0933,-0.2778
GVR,2021-09-29,15:09:01,HOSE,STOCK,35.8,38.3,33.3,35.7,36.6,35.7,36.0,36.19,33.307,34.147,33.307,33.587,33.765,3525300.0,127577190000.0,0.0,0.0,0.2,0.1866,0.5587
GVR,2021-09-28,15:09:02,HOSE,STOCK,35.6,38.05,33.15,35.15,36.05,34.95,35.8,35.34,32.794,33.634,32.608,33.401,32.972,4567000.0,161382930000.0,0.0,0.0,0.2,0.1866,0.5618
GVR,2021-09-27,15:09:03,HOSE,STOCK,37.0,39.55,34.45,37.4,37.5,35.6,35.6,36.3,34.893,34.987,33.214,33.214,33.867,3941900.0,143071895000.0,0.0,0.0,-1.4,-1.3062,-3.7838
GVR,2021-09-24,15:09:03,HOSE,STOCK,37.2,39.8,34.6,37.35,38.0,37.0,37.0,37.39,34.847,35.453,34.52,34.52,34.884,2891500.0,108125250000.0,0.0,0.0,-0.2,-0.1866,-0.5376
GVR,2021-09-23,15:09:03,HOSE,STOCK,37.0,39.55,34.45,38.0,38.5,37.0,37.2,37.94,35.453,35.92,34.52,34.707,35.397,3709300.0,140743360000.0,0.0,0.0,0.2,0.1866,0.5405
GVR,2021-09-22,15:09:02,HOSE,STOCK,36.4,38.9,33.9,36.5,37.2,36.3,37.0,36.69,34.054,34.707,33.867,34.52,34.231,3555500.0,130438440000.0,0.0,0.0,0.6,0.5598,1.6484
GVR,2021-09-21,15:09:02,HOSE,STOCK,37.4,40.0,34.8,36.8,37.35,35.35,36.4,36.41,34.334,34.847,32.981,33.96,33.97,6765800.0,246318125000.0,0.0,0.0,-1.0,-0.933,-2.6738
GVR,2021-09-20,15:09:02,HOSE,STOCK,38.55,41.2,35.9,38.7,39.0,37.4,37.4,38.13,36.106,36.386,34.893,34.893,35.575,4251400.0,162103715000.0,0.0,0.0,-1.15,-1.0729,-2.9831
GVR,2021-09-17,15:09:02,HOSE,STOCK,38.4,41.05,35.75,38.5,39.15,38.0,38.55,38.64,35.92,36.526,35.453,35.966,36.05,3726500.0,144003195000.0,0.0,0.0,0.15,0.1399,0.3906
GVR,2021-09-16,15:09:02,HOSE,STOCK,38.5,41.15,35.85,38.1,38.8,38.1,38.4,38.39,35.547,36.2,35.547,35.826,35.817,2233900.0,85754595000.0,0.0,0.0,-0.1,-0.0933,-0.2597
GVR,2021-09-15,15:09:03,HOSE,STOCK,38.0,40.65,35.35,37.45,38.8,37.45,38.5,38.21,34.94,36.2,34.94,35.92,35.649,2474700.0,94549520000.0,0.0,0.0,0.5,0.4665,1.3158
GVR,2021-09-14,15:09:01,HOSE,STOCK,37.7,40.3,35.1,37.5,38.3,37.1,38.0,37.73,34.987,35.733,34.614,35.453,35.201,3672700.0,138554915000.0,0.0,0.0,0.3,0.2799,0.7958
GVR,2021-09-13,15:09:02,HOSE,STOCK,39.3,42.05,36.55,39.2,39.3,37.5,37.7,38.16,36.573,36.666,34.987,35.173,35.603,7507800.0,286532120000.0,0.0,0.0,-1.6,-1.4928,-4.0712
GVR,2021-09-10,15:09:03,HOSE,STOCK,39.95,42.7,37.2,40.0,40.0,39.2,39.3,39.63,37.319,37.319,36.573,36.666,36.974,3419300.0,135490610000.0,0.0,0.0,-0.65,-0.6064,-1.627
GVR,2021-09-09,15:09:02,HOSE,STOCK,39.0,41.7,36.3,39.05,39.95,38.9,39.95,39.38,36.433,37.273,36.293,37.273,36.741,4012200.0,158005835000.0,0.0,0.0,0.95,0.8863,2.4359
GVR,2021-09-08,15:09:03,HOSE,STOCK,38.85,41.55,36.15,38.9,39.7,38.5,39.0,39.13,36.293,37.039,35.92,36.386,36.508,4272900.0,167217510000.0,0.0,0.0,0.15,0.1399,0.3861
GVR,2021-09-07,15:09:05,HOSE,STOCK,39.3,42.05,36.55,39.3,39.95,38.65,38.85,39.03,36.666,37.273,36.06,36.246,36.414,6217700.0,242661080000.0,0.0,0.0,-0.45,-0.4198,-1.145
GVR,2021-09-06,15:09:02,HOSE,STOCK,40.1,42.9,37.3,41.0,41.0,39.3,39.3,40.06,38.252,38.252,36.666,36.666,37.375,6788200.0,271965330000.0,0.0,0.0,-0.8,-0.7464,-1.995
GVR,2021-09-01,15:09:03,HOSE,STOCK,38.75,41.45,36.05,38.0,40.5,38.0,40.1,39.64,35.453,37.786,35.453,37.413,36.983,8428800.0,334091675000.0,0.0,0.0,1.35,1.2595,3.4839
GVR,2021-08-31,15:08:02,HOSE,STOCK,37.6,40.2,35.0,37.6,39.9,37.35,38.75,38.74,35.08,37.226,34.847,36.153,36.144,9613400.0,372469870000.0,0.0,0.0,1.15,1.0729,3.0585
GVR,2021-08-30,15:08:04,HOSE,STOCK,37.4,40.0,34.8,37.95,38.3,37.2,37.6,37.86,35.407,35.733,34.707,35.08,35.323,5449200.0,206313435000.0,0.0,0.0,0.2,0.1866,0.5348
GVR,2021-08-27,15:08:03,HOSE,STOCK,35.5,37.95,33.05,35.0,37.4,34.5,37.4,36.18,32.654,34.893,32.188,34.893,33.755,7521500.0,272137625000.0,0.0,0.0,1.9,1.7726,5.3521
GVR,2021-08-26,15:08:03,HOSE,STOCK,35.2,37.65,32.75,35.6,36.4,35.15,35.5,35.69,33.214,33.96,32.794,33.121,33.298,4533400.0,161814195000.0,0.0,0.0,0.3,0.2799,0.8523
GVR,2021-08-25,15:08:03,HOSE,STOCK,34.0,36.35,31.65,34.3,35.2,34.1,35.2,34.6,32.001,32.841,31.815,32.841,32.281,3379900.0,116940115000.0,0.0,0.0,1.2,1.1196,3.5294
GVR,2021-08-24,15:08:02,HOSE,STOCK,34.2,36.55,31.85,34.2,35.0,33.7,34.0,34.13,31.908,32.654,31.441,31.721,31.843,6463100.0,220608630000.0,0.0,0.0,-0.2,-0.1866,-0.5848
GVR,2021-08-23,15:08:03,HOSE,STOCK,36.35,38.85,33.85,36.1,36.9,34.2,34.2,35.52,33.681,34.427,31.908,31.908,33.139,7321700.0,260051625000.0,0.0,0.0,-2.15,-2.0059,-5.9147
GVR,2021-08-20,15:08:01,HOSE,STOCK,38.8,41.5,36.1,38.6,39.0,36.1,36.35,37.5,36.013,36.386,33.681,33.914,34.987,12418100.0,465681665000.0,0.0,0.0,-2.45,-2.2858,-6.3144
GVR,2021-08-19,15:08:01,HOSE,STOCK,37.55,40.15,34.95,37.35,39.0,37.2,38.8,38.23,34.847,36.386,34.707,36.2,35.668,6673700.0,255102395000.0,0.0,0.0,1.25,1.1662,3.3289
GVR,2021-08-18,15:08:01,HOSE,STOCK,37.5,40.1,34.9,37.0,38.3,36.85,37.55,37.62,34.52,35.733,34.38,35.033,35.099,4797600.0,180477315000.0,0.0,0.0,0.05,0.0466,0.1333
GVR,2021-08-17,15:08:02,HOSE,STOCK,37.2,39.8,34.6,37.6,38.5,37.1,37.5,37.56,35.08,35.92,34.614,34.987,35.043,7543100.0,283313655000.0,0.0,0.0,0.3,0.2799,0.8065
GVR,2021-08-16,15:08:01,HOSE,STOCK,34.8,37.2,32.4,35.3,37.2,35.0,37.2,36.55,32.934,34.707,32.654,34.707,34.1,10693600.0,390838075000.0,0.0,0.0,2.4,2.2392,6.8966
GVR,2021-08-13,15:08:01,HOSE,STOCK,34.3,36.7,31.9,34.1,34.9,33.55,34.8,34.26,31.815,32.561,31.301,32.468,31.964,4717200.0,161627875000.0,0.0,0.0,0.5,0.4665,1.4577
GVR,2021-08-12,15:08:02,HOSE,STOCK,34.1,36.45,31.75,33.8,35.2,33.5,34.3,34.32,31.535,32.841,31.255,32.001,32.02,5683500.0,195062345000.0,0.0,0.0,0.2,0.1866,0.5865
GVR,2021-08-11,15:08:02,HOSE,STOCK,35.0,37.45,32.55,35.0,35.2,34.05,34.1,34.62,32.654,32.841,31.768,31.815,32.3,6143000.0,212687190000.0,0.0,0.0,-0.9,-0.8397,-2.5714
GVR,2021-08-10,15:08:03,HOSE,STOCK,35.2,37.65,32.75,35.45,35.55,34.8,35.0,35.12,33.074,33.167,32.468,32.654,32.766,6385800.0,224293085000.0,0.0,0.0,-0.2,-0.1866,-0.5682
GVR,2021-08-09,15:08:02,HOSE,STOCK,34.2,36.55,31.85,34.0,35.35,34.0,35.2,34.95,31.721,32.981,31.721,32.841,32.608,5093700.0,178001290000.0,0.0,0.0,1.0,0.933,2.924
GVR,2021-08-06,15:08:04,HOSE,STOCK,34.85,37.25,32.45,34.85,35.2,34.2,34.2,34.79,32.514,32.841,31.908,31.908,32.458,5648300.0,196507020000.0,0.0,0.0,-0.65,-0.6064,-1.8651
GVR,2021-08-05,15:08:05,HOSE,STOCK,33.45,35.75,31.15,33.4,35.15,33.0,34.85,34.48,31.162,32.794,30.788,32.514,32.169,9045500.0,311863160000.0,0.0,0.0,1.4,1.3062,4.1854
GVR,2021-08-04,15:08:03,HOSE,STOCK,33.7,36.05,31.35,33.9,34.1,33.15,33.45,33.67,31.628,31.815,30.928,31.208,31.413,4157100.0,139987685000.0,0.0,0.0,-0.25,-0.2332,-0.7418
GVR,2021-08-03,15:08:02,HOSE,STOCK,33.5,35.8,31.2,33.5,33.9,32.8,33.7,33.37,31.255,31.628,30.602,31.441,31.134,4856600.0,162046580000.0,0.0,0.0,0.2,0.1866,0.597
GVR,2021-08-02,15:08:02,HOSE,STOCK,33.7,36.05,31.35,33.0,34.4,33.0,33.5,33.67,30.788,32.095,30.788,31.255,31.413,6191700.0,208462465000.0,0.0,0.0,-0.2,-0.1866,-0.5935
GVR,2021-07-30,15:07:01,HOSE,STOCK,33.15,35.45,30.85,33.3,33.8,33.05,33.7,33.49,31.068,31.535,30.835,31.441,31.246,5202800.0,174266725000.0,0.0,0.0,0.55,0.5131,1.6591
GVR,2021-07-29,15:07:03,HOSE,STOCK,32.65,34.9,30.4,32.65,33.3,32.2,33.15,32.78,30.462,31.068,30.042,30.928,30.583,4267600.0,139907025000.0,0.0,0.0,0.5,0.4665,1.5314
GVR,2021-07-28,15:07:03,HOSE,STOCK,32.8,35.05,30.55,32.55,33.2,32.3,32.65,32.7,30.369,30.975,30.135,30.462,30.508,4193500.0,137126000000.0,0.0,0.0,-0.15,-0.1399,-0.4573
GVR,2021-07-27,15:07:02,HOSE,STOCK,32.5,34.75,30.25,33.0,33.5,32.55,32.8,32.969,30.788,31.255,30.369,30.602,30.759,4462000.0,147105770000.0,0.0,0.0,0.3,0.2799,0.9231
GVR,2021-07-26,15:07:03,HOSE,STOCK,31.0,33.15,28.85,31.0,32.5,30.8,32.5,31.736,28.922,30.322,28.736,30.322,29.609,5022000.0,159376180000.0,0.0,0.0,1.5,1.3995,4.8387
GVR,2021-07-23,15:07:02,HOSE,STOCK,31.5,33.7,29.3,31.1,32.35,30.95,31.0,31.73,29.016,30.182,28.876,28.922,29.603,6441700.0,204376390000.0,0.0,0.0,-0.5,-0.4665,-1.5873
GVR,2021-07-22,15:07:02,HOSE,STOCK,30.2,32.3,28.1,30.2,31.75,29.95,31.5,31.08,28.176,29.622,27.943,29.389,28.997,4436600.0,137893900000.0,0.0,0.0,1.3,1.2129,4.3046
GVR,2021-07-21,15:07:01,HOSE,STOCK,30.8,32.95,28.65,31.0,31.3,30.0,30.2,30.66,28.922,29.202,27.989,28.176,28.605,2458700.0,75381375000.0,0.0,0.0,-0.6,-0.5598,-1.9481
GVR,2021-07-20,15:07:02,HOSE,STOCK,29.2,31.2,27.2,29.95,30.8,29.0,30.8,29.732,27.943,28.736,27.056,28.736,27.739,4154800.0,123531325000.0,0.0,0.0,1.6,1.4928,5.4795
GVR,2021-07-19,15:07:02,HOSE,STOCK,31.35,33.5,29.2,30.0,30.8,29.2,29.2,29.78,27.989,28.736,27.243,27.243,27.784,5437700.0,161940215000.0,0.0,0.0,-2.15,-2.0059,-6.8581
GVR,2021-07-16,15:07:02,HOSE,STOCK,30.5,32.6,28.4,30.5,31.95,30.5,31.35,31.18,28.456,29.809,28.456,29.249,29.09,4052300.0,126336935000.0,0.0,0.0,0.85,0.793,2.7869
GVR,2021-07-15,15:07:01,HOSE,STOCK,29.3,31.35,27.25,28.85,30.6,28.85,30.5,30.15,26.916,28.549,26.916,28.456,28.129,3199200.0,96471635000.0,0.0,0.0,1.2,1.1196,4.0956
GVR,2021-07-14,15:07:02,HOSE,STOCK,30.0,32.1,27.9,29.75,30.8,28.4,29.3,29.57,27.756,28.736,26.497,27.336,27.588,3722500.0,110086095000.0,0.0,0.0,-0.7,-0.6531,-2.3333
GVR,2021-07-13,15:07:02,HOSE,STOCK,29.4,31.45,27.35,29.6,30.5,29.2,30.0,29.76,27.616,28.456,27.243,27.989,27.765,3515700.0,104629455000.0,0.0,0.0,0.6,0.5598,2.0408
GVR,2021-07-12,15:07:01,HOSE,STOCK,31.6,33.8,29.4,30.0,30.7,29.4,29.4,29.57,27.989,28.642,27.43,27.43,27.588,7085300.0,209490190000.0,0.0,0.0,-2.2,-2.0526,-6.962
GVR,2021-07-09,15:07:02,HOSE,STOCK,33.95,36.3,31.6,33.1,33.8,31.6,31.6,32.41,30.882,31.535,29.482,29.482,30.238,9414700.0,305085330000.0,0.0,0.0,-2.35,-2.1925,-6.9219
GVR,2021-07-08,15:07:02,HOSE,STOCK,34.65,37.05,32.25,34.85,34.85,33.5,33.95,34.28,32.514,32.514,31.255,31.675,31.983,3886500.0,133221440000.0,0.0,0.0,-0.7,-0.6531,-2.0202
GVR,2021-07-07,15:07:01,HOSE,STOCK,33.8,36.15,31.45,34.2,34.7,32.0,34.65,33.98,31.908,32.374,29.855,32.328,31.703,5960900.0,202544640000.0,0.0,0.0,0.85,0.793,2.5148
GVR,2021-07-06,15:07:02,HOSE,STOCK,36.3,38.8,33.8,36.75,37.7,33.8,33.8,36.36,34.287,35.173,31.535,31.535,33.923,7988200.0,290457980000.0,0.0,0.0,-2.5,-2.3325,-6.8871
GVR,2021-07-05,15:07:01,HOSE,STOCK,36.2,38.7,33.7,36.1,36.6,35.6,36.3,36.05,33.681,34.147,33.214,33.867,33.634,4525200.0,163136715000.0,0.0,0.0,0.1,0.0933,0.2762
GVR,2021-07-02,15:07:02,HOSE,STOCK,36.4,38.9,33.9,36.4,36.75,36.0,36.2,36.36,33.96,34.287,33.587,33.774,33.923,3962500.0,144081745000.0,0.0,0.0,-0.2,-0.1866,-0.5495
GVR,2021-07-01,15:07:01,HOSE,STOCK,35.0,37.45,32.55,35.1,36.85,35.0,36.4,35.96,32.748,34.38,32.654,33.96,33.55,6757400.0,243021985000.0,0.0,0.0,1.4,1.3062,4.0
GVR,2021-06-30,15:06:02,HOSE,STOCK,35.7,38.15,33.25,35.5,35.85,35.0,35.0,35.39,33.121,33.447,32.654,32.654,33.018,3729600.0,131982970000.0,0.0,0.0,-0.7,-0.6531,-1.9608
GVR,2021-06-29,15:06:01,HOSE,STOCK,36.3,38.8,33.8,36.0,36.95,35.6,35.7,36.16,33.587,34.474,33.214,33.307,33.737,4640000.0,167782760000.0,0.0,0.0,-0.6,-0.5598,-1.6529
GVR,2021-06-28,15:06:02,HOSE,STOCK,34.95,37.35,32.55,35.1,36.5,34.6,36.3,35.75,32.748,34.054,32.281,33.867,33.354,6792600.0,242816950000.0,0.0,0.0,1.35,1.2595,3.8627
GVR,2021-06-25,15:06:02,HOSE,STOCK,34.8,37.2,32.4,34.8,35.2,34.5,34.95,34.9,32.468,32.841,32.188,32.608,32.561,3659300.0,127713390000.0,0.0,0.0,0.15,0.1399,0.431
GVR,2021-06-24,15:06:02,HOSE,STOCK,33.5,35.8,31.2,33.25,35.45,33.25,34.8,34.36,31.022,33.074,31.022,32.468,32.057,5819900.0,199980910000.0,0.0,0.0,1.3,1.2129,3.8806
GVR,2021-06-23,15:06:02,HOSE,STOCK,34.35,36.75,31.95,34.2,34.5,33.1,33.5,33.82,31.908,32.188,30.882,31.255,31.553,7695500.0,260242700000.0,0.0,0.0,-0.85,-0.793,-2.4745
GVR,2021-06-22,15:06:01,HOSE,STOCK,34.5,36.9,32.1,35.0,35.25,34.3,34.35,34.69,32.654,32.888,32.001,32.048,32.365,5910700.0,205051150000.0,0.0,0.0,-0.15,-0.1399,-0.4348
GVR,2021-06-21,15:06:02,HOSE,STOCK,34.5,36.9,32.1,34.2,35.3,33.9,34.5,34.53,31.908,32.934,31.628,32.188,32.216,6685400.0,230821385000.0,0.0,0.0,0.0,0.0,0.0
GVR,2021-06-18,15:06:02,HOSE,STOCK,33.95,36.3,31.6,33.95,35.9,33.4,34.5,34.67,31.675,33.494,31.162,32.188,32.346,8776800.0,304299830000.0,0.0,0.0,0.55,0.5131,1.62
GVR,2021-06-17,15:06:01,HOSE,STOCK,32.05,34.25,29.85,31.35,34.0,31.2,33.95,33.11,29.249,31.721,29.109,31.675,30.891,9882200.0,327235140000.0,0.0,0.0,1.9,1.7727,5.9282
GVR,2021-06-16,15:06:03,HOSE,STOCK,31.8,34.0,29.6,32.5,32.9,31.9,32.05,32.4,30.322,30.695,29.762,29.902,30.229,7694800.0,249313140000.0,0.0,0.0,0.25,0.2332,0.7862
GVR,2021-06-15,15:06:02,HOSE,STOCK,29.75,31.8,27.7,30.0,31.8,29.8,31.8,31.05,27.989,29.669,27.803,29.669,28.969,9611200.0,298420330000.0,0.0,0.0,2.05,1.9126,6.8908
GVR,2021-06-14,15:06:03,HOSE,STOCK,29.15,31.15,27.15,29.4,30.2,29.0,29.75,29.7,27.43,28.176,27.056,27.756,27.71,5243000.0,155700070000.0,0.0,0.0,0.6,0.5598,2.0583
GVR,2021-06-11,15:06:02,HOSE,STOCK,28.5,30.45,26.55,28.8,29.55,28.4,29.15,29.19,26.87,27.57,26.497,27.196,27.234,4200500.0,122612305000.0,0.0,0.0,0.65,0.6064,2.2807
GVR,2021-06-10,15:06:03,HOSE,STOCK,29.3,31.35,27.25,28.5,29.3,28.0,28.5,28.46,26.59,27.336,26.123,26.59,26.553,4218400.0,120058440000.0,0.0,0.0,-0.8,-0.7464,-2.7304
GVR,2021-06-09,15:06:02,HOSE,STOCK,29.25,31.25,27.25,29.0,29.9,28.0,29.3,28.84,27.056,27.896,26.123,27.336,26.907,5540700.0,159780520000.0,0.0,0.0,0.05,0.0466,0.1709
GVR,2021-06-08,15:06:01,HOSE,STOCK,31.4,33.55,29.25,30.6,31.4,29.25,29.25,30.44,28.549,29.296,27.29,27.29,28.4,5410600.0,164713500000.0,0.0,0.0,-2.15,-2.0059,-6.8471
GVR,2021-06-07,15:06:03,HOSE,STOCK,29.9,31.95,27.85,30.7,31.6,30.3,31.4,31.08,28.642,29.482,28.269,29.296,28.997,10302900.0,320248385000.0,0.0,0.0,1.5,1.3995,5.0167
GVR,2021-06-04,15:06:02,HOSE,STOCK,29.9,31.95,27.85,28.9,30.1,28.8,29.9,29.65,26.963,28.083,26.87,27.896,27.663,9284000.0,275256830000.0,0.0,0.0,0.0,0.0,0.0
GVR,2021-06-03,15:06:01,HOSE,STOCK,27.85,29.75,25.95,28.3,28.8,27.55,28.5,28.2,26.403,26.87,25.704,26.59,26.31,6501800.0,183342310000.0,0.0,0.0,0.65,0.6064,2.3339
GVR,2021-06-02,15:06:04,HOSE,STOCK,28.35,30.3,26.4,28.0,28.1,27.0,27.85,27.73,26.123,26.217,25.19,25.984,25.872,5018100.0,139134660000.0,0.0,0.0,-0.5,-0.4665,-1.7637
GVR,2021-06-01,15:06:03,HOSE,STOCK,28.6,30.6,26.6,28.45,28.7,28.0,28.35,28.27,26.543,26.777,26.123,26.45,26.375,5077400.0,143545740000.0,0.0,0.0,-0.25,-0.2332,-0.8741
GVR,2021-05-31,15:05:01,HOSE,STOCK,28.75,30.75,26.75,28.8,29.0,28.1,28.6,28.58,26.87,27.056,26.217,26.683,26.665,4910100.0,140336190000.0,0.0,0.0,-0.15,-0.1399,-0.5217
GVR,2021-05-28,15:05:02,HOSE,STOCK,27.85,29.75,25.95,28.0,28.8,28.0,28.75,28.49,26.123,26.87,26.123,26.823,26.581,5541400.0,157893350000.0,0.0,0.0,0.9,0.8397,3.2316
GVR,2021-05-27,15:05:02,HOSE,STOCK,27.45,29.35,25.55,27.55,28.9,27.2,27.85,28.12,25.704,26.963,25.377,25.984,26.235,6625100.0,186282620000.0,0.0,0.0,0.4,0.3732,1.4572
GVR,2021-05-26,15:05:02,HOSE,STOCK,27.0,28.85,25.15,26.8,27.8,26.6,27.45,27.34,25.004,25.937,24.817,25.61,25.508,6327300.0,172991355000.0,0.0,0.0,0.45,0.4198,1.6667
GVR,2021-05-25,15:05:03,HOSE,STOCK,27.1,28.95,25.25,27.9,27.9,26.7,27.0,27.27,26.03,26.03,24.911,25.19,25.442,5599400.0,152677750000.0,0.0,0.0,-0.1,-0.0933,-0.369
GVR,2021-05-24,15:05:02,HOSE,STOCK,25.35,27.1,23.6,26.15,27.1,26.15,27.1,26.84,24.397,25.284,24.397,25.284,25.041,6726600.0,180547050000.0,0.0,0.0,1.75,1.6327,6.9034
GVR,2021-05-21,15:05:02,HOSE,STOCK,24.7,26.4,23.0,24.7,26.0,24.5,25.35,25.39,23.045,24.257,22.858,23.651,23.688,3409100.0,86547860000.0,0.0,0.0,0.65,0.6064,2.6316
GVR,2021-05-20,15:05:02,HOSE,STOCK,25.35,27.1,23.6,25.3,25.3,24.4,24.7,24.73,23.604,23.604,22.765,23.045,23.073,4030800.0,99701425000.0,0.0,0.0,-0.65,-0.6064,-2.5641
GVR,2021-05-19,15:05:03,HOSE,STOCK,24.8,26.5,23.1,24.8,25.7,24.8,25.35,25.22,23.138,23.978,23.138,23.651,23.53,2813000.0,70941555000.0,0.0,0.0,0.55,0.5131,2.2177
GVR,2021-05-18,15:05:03,HOSE,STOCK,25.35,27.1,23.6,25.3,25.5,24.7,24.8,25.04,23.604,23.791,23.045,23.138,23.362,3064400.0,76743810000.0,0.0,0.0,-0.55,-0.5131,-2.1696
GVR,2021-05-17,15:05:03,HOSE,STOCK,26.3,28.1,24.5,26.3,26.3,25.3,25.35,25.83,24.537,24.537,23.604,23.651,24.099,3533900.0,91297505000.0,0.0,0.0,-0.95,-0.8863,-3.6122
GVR,2021-05-14,15:05:02,HOSE,STOCK,26.5,28.35,24.65,26.5,27.0,26.05,26.3,26.52,24.724,25.19,24.304,24.537,24.743,2819600.0,74763270000.0,0.0,0.0,-0.2,-0.1866,-0.7547
GVR,2021-05-13,15:05:02,HOSE,STOCK,27.0,28.85,25.15,27.0,27.85,26.5,26.5,27.29,25.19,25.984,24.724,24.724,25.461,5598900.0,152769355000.0,0.0,0.0,-0.5,-0.4665,-1.8519
GVR,2021-05-12,15:05:02,HOSE,STOCK,25.25,27.0,23.5,25.5,27.0,25.4,27.0,26.38,23.791,25.19,23.698,25.19,24.612,6321300.0,166769530000.0,0.0,0.0,1.75,1.6327,6.9307
GVR,2021-05-11,15:05:02,HOSE,STOCK,24.65,26.35,22.95,25.0,25.7,24.8,25.25,25.25,23.325,23.978,23.138,23.558,23.558,2824000.0,71294805000.0,0.0,0.0,0.6,0.5598,2.4341
GVR,2021-05-10,15:05:02,HOSE,STOCK,24.8,26.5,23.1,24.5,24.95,24.05,24.65,24.51,22.858,23.278,22.438,22.998,22.867,2429700.0,59554095000.0,0.0,0.0,-0.15,-0.1399,-0.6048
GVR,2021-05-07,15:05:03,HOSE,STOCK,25.3,27.05,23.55,25.3,25.55,24.7,24.8,25.04,23.604,23.838,23.045,23.138,23.362,2869700.0,71859165000.0,0.0,0.0,-0.5,-0.4665,-1.9763
GVR,2021-05-06,15:05:02,HOSE,STOCK,25.25,27.0,23.5,25.2,25.9,25.0,25.3,25.4,23.511,24.164,23.325,23.604,23.698,2554200.0,64864060000.0,0.0,0.0,0.05,0.0466,0.198
GVR,2021-05-05,15:05:02,HOSE,STOCK,25.25,27.0,23.5,25.0,25.55,25.0,25.25,25.35,23.325,23.838,23.325,23.558,23.651,3182300.0,80656875000.0,0.0,0.0,0.0,0.0,0.0
GVR,2021-05-04,15:05:02,HOSE,STOCK,25.75,27.55,23.95,24.8,25.45,24.1,25.25,25.05,23.138,23.744,22.485,23.558,23.371,2156600.0,54020240000.0,0.0,0.0,-0.5,-0.4665,-1.9417
GVR,2021-04-29,15:04:05,HOSE,STOCK,25.0,26.75,23.25,26.0,26.3,25.2,25.75,25.76,24.257,24.537,23.511,24.024,24.034,3166900.0,81586015000.0,0.0,0.0,0.75,0.6997,3.0
GVR,2021-04-28,15:04:02,HOSE,STOCK,23.4,25.0,21.8,24.1,25.0,24.1,25.0,24.61,22.485,23.325,22.485,23.325,22.961,3108300.0,76494755000.0,0.0,0.0,1.6,1.4928,6.8376
GVR,2021-04-27,15:04:02,HOSE,STOCK,23.7,25.35,22.05,23.7,24.05,22.7,23.4,23.37,22.112,22.438,21.179,21.832,21.804,1511800.0,35332315000.0,0.0,0.0,-0.3,-0.2799,-1.2658
GVR,2021-04-26,15:04:04,HOSE,STOCK,24.25,25.9,22.6,24.25,25.35,23.65,23.7,24.5,22.625,23.651,22.065,22.112,22.858,2796700.0,68518920000.0,0.0,0.0,-0.55,-0.5131,-2.268
GVR,2021-04-23,15:04:04,HOSE,STOCK,23.45,25.05,21.85,23.3,24.25,22.8,24.25,23.32,21.738,22.625,21.272,22.625,21.757,3554300.0,82879745000.0,0.0,0.0,0.8,0.7464,3.4115
GVR,2021-04-22,15:04:01,HOSE,STOCK,25.2,26.95,23.45,25.05,25.2,23.45,23.45,24.11,23.371,23.511,21.878,21.878,22.494,4710300.0,113584540000.0,0.0,0.0,-1.75,-1.6327,-6.9444
GVR,2021-04-20,15:04:03,HOSE,STOCK,26.0,27.8,24.2,26.1,26.25,25.0,25.2,25.65,24.351,24.491,23.325,23.511,23.931,2655600.0,68104625000.0,0.0,0.0,-0.8,-0.7464,-3.0769
GVR,2021-04-19,15:04:03,HOSE,STOCK,25.5,27.25,23.75,25.1,26.2,25.1,26.0,25.68,23.418,24.444,23.418,24.257,23.959,2739500.0,70356155000.0,0.0,0.0,0.5,0.4665,1.9608
GVR,2021-04-16,15:04:02,HOSE,STOCK,26.65,28.5,24.8,26.5,26.5,24.9,25.5,25.71,24.724,24.724,23.231,23.791,23.987,5099800.0,131097145000.0,0.0,0.0,-1.15,-1.0729,-4.3152
GVR,2021-04-15,15:04:02,HOSE,STOCK,27.35,29.25,25.45,27.35,27.5,26.6,26.65,26.94,25.517,25.657,24.817,24.864,25.134,3301600.0,88953060000.0,0.0,0.0,-0.7,-0.6531,-2.5594
GVR,2021-04-14,15:04:03,HOSE,STOCK,27.55,29.45,25.65,27.1,27.55,26.9,27.35,27.12,25.284,25.704,25.097,25.517,25.302,3282300.0,89012725000.0,0.0,0.0,-0.2,-0.1866,-0.726
GVR,2021-04-13,15:04:04,HOSE,STOCK,28.4,30.35,26.45,28.4,28.4,27.45,27.55,27.83,26.497,26.497,25.61,25.704,25.965,4556700.0,126819920000.0,0.0,0.0,-0.85,-0.793,-2.993
GVR,2021-04-12,15:04:03,HOSE,STOCK,28.5,30.45,26.55,28.6,28.7,28.35,28.4,28.47,26.683,26.777,26.45,26.497,26.562,2902600.0,82650940000.0,0.0,0.0,-0.1,-0.0933,-0.3509
GVR,2021-04-09,15:04:03,HOSE,STOCK,28.4,30.35,26.45,28.4,28.95,28.4,28.5,28.69,26.497,27.01,26.497,26.59,26.767,2944000.0,84461960000.0,0.0,0.0,0.1,0.0933,0.3521
GVR,2021-04-08,15:04:03,HOSE,STOCK,28.0,29.95,26.05,28.3,28.7,27.9,28.4,28.26,26.403,26.777,26.03,26.497,26.366,3152300.0,89093080000.0,0.0,0.0,0.4,0.3732,1.4286
GVR,2021-04-07,15:04:03,HOSE,STOCK,27.9,29.85,25.95,27.7,28.0,27.45,28.0,27.62,25.844,26.123,25.61,26.123,25.769,2634700.0,72765450000.0,0.0,0.0,0.1,0.0933,0.3584
GVR,2021-04-06,15:04:03,HOSE,STOCK,28.3,30.25,26.35,28.1,28.3,27.9,27.9,28.04,26.217,26.403,26.03,26.03,26.161,2365500.0,66340170000.0,0.0,0.0,-0.4,-0.3732,-1.4134
GVR,2021-04-05,15:04:03,HOSE,STOCK,28.3,30.25,26.35,28.4,28.5,28.1,28.3,28.28,26.497,26.59,26.217,26.403,26.385,2056700.0,58163015000.0,0.0,0.0,0.0,0.0,0.0
GVR,2021-04-02,15:04:02,HOSE,STOCK,28.45,30.4,26.5,28.7,29.0,28.15,28.3,28.65,26.777,27.056,26.263,26.403,26.73,2241800.0,64217750000.0,0.0,0.0,-0.15,-0.1399,-0.5272
GVR,2021-04-01,15:04:03,HOSE,STOCK,27.8,29.7,25.9,27.8,28.5,27.75,28.45,28.1,25.937,26.59,25.89,26.543,26.217,2484100.0,69801670000.0,0.0,0.0,0.65,0.6064,2.3381
GVR,2021-03-31,15:03:01,HOSE,STOCK,28.2,30.15,26.25,28.2,28.3,27.75,27.8,27.96,26.31,26.403,25.89,25.937,26.086,2056900.0,57506640000.0,0.0,0.0,-0.4,-0.3732,-1.4184
GVR,2021-03-30,15:03:03,HOSE,STOCK,27.85,29.75,25.95,27.85,28.35,27.7,28.2,28.14,25.984,26.45,25.844,26.31,26.254,2115700.0,59536295000.0,0.0,0.0,0.35,0.3265,1.2567
GVR,2021-03-29,15:03:03,HOSE,STOCK,27.3,29.2,25.4,27.7,27.9,27.4,27.85,27.7,25.844,26.03,25.564,25.984,25.844,1674300.0,46382985000.0,0.0,0.0,0.55,0.5131,2.0147
GVR,2021-03-26,15:03:01,HOSE,STOCK,27.6,29.5,25.7,27.0,27.5,25.7,27.3,26.5,25.19,25.657,23.978,25.47,24.724,5217700.0,138252620000.0,0.0,0.0,-0.3,-0.2799,-1.087
GVR,2021-03-25,15:03:03,HOSE,STOCK,28.15,30.1,26.2,28.25,28.6,27.35,27.6,27.95,26.357,26.683,25.517,25.75,26.077,4806600.0,134330165000.0,0.0,0.0,-0.55,-0.5131,-1.9538
GVR,2021-03-24,15:03:02,HOSE,STOCK,29.35,31.4,27.3,28.55,29.25,27.95,28.15,28.57,26.637,27.29,26.077,26.263,26.655,3693600.0,105525245000.0,0.0,0.0,-1.2,-1.1196,-4.0886
GVR,2021-03-23,15:03:02,HOSE,STOCK,29.7,31.75,27.65,29.7,30.0,29.0,29.35,29.5,27.71,27.989,27.056,27.383,27.523,4188700.0,123579935000.0,0.0,0.0,-0.35,-0.3265,-1.1785
GVR,2021-03-22,15:03:02,HOSE,STOCK,30.0,32.1,27.9,30.5,30.5,29.6,29.7,29.87,28.456,28.456,27.616,27.71,27.868,3121400.0,93249760000.0,0.0,0.0,-0.3,-0.2799,-1.0
GVR,2021-03-19,15:03:02,HOSE,STOCK,30.7,32.8,28.6,30.3,30.6,29.9,30.0,30.25,28.269,28.549,27.896,27.989,28.223,3339800.0,101020595000.0,0.0,0.0,-0.7,-0.6531,-2.2801
GVR,2021-03-18,15:03:02,HOSE,STOCK,29.7,31.75,27.65,30.0,30.9,29.7,30.7,30.15,27.989,28.829,27.71,28.642,28.129,3849200.0,116042725000.0,0.0,0.0,1.0,0.933,3.367
GVR,2021-03-17,15:03:03,HOSE,STOCK,29.45,31.5,27.4,29.6,29.8,29.1,29.7,29.49,27.616,27.803,27.15,27.71,27.514,2819700.0,83155175000.0,0.0,0.0,0.25,0.2332,0.8489
GVR,2021-03-16,15:03:02,HOSE,STOCK,30.3,32.4,28.2,30.15,30.3,29.2,29.45,29.69,28.129,28.269,27.243,27.476,27.7,4671800.0,138685430000.0,0.0,0.0,-0.85,-0.793,-2.8053
GVR,2021-03-15,15:03:03,HOSE,STOCK,30.9,33.05,28.75,30.9,31.0,30.25,30.3,30.63,28.829,28.922,28.223,28.269,28.577,2472900.0,75734545000.0,0.0,0.0,-0.6,-0.5598,-1.9417
GVR,2021-03-12,15:03:03,HOSE,STOCK,29.5,31.55,27.45,29.8,31.4,29.6,30.9,30.62,27.803,29.296,27.616,28.829,28.568,8710200.0,266668805000.0,0.0,0.0,1.4,1.3062,4.7458
GVR,2021-03-11,15:03:03,HOSE,STOCK,29.0,31.0,27.0,29.5,29.95,29.25,29.5,29.61,27.523,27.943,27.29,27.523,27.626,5317600.0,157452240000.0,0.0,0.0,0.5,0.4665,1.7241
GVR,2021-03-10,15:03:03,HOSE,STOCK,28.7,30.7,26.7,28.8,29.3,28.5,29.0,28.89,26.87,27.336,26.59,27.056,26.954,2563700.0,74054840000.0,0.0,0.0,0.3,0.2799,1.0453
GVR,2021-03-09,15:03:03,HOSE,STOCK,29.4,31.45,27.35,28.2,29.3,28.2,28.7,28.85,26.31,27.336,26.31,26.777,26.916,2056200.0,59327565000.0,0.0,0.0,-0.7,-0.6531,-2.381
GVR,2021-03-08,15:03:02,HOSE,STOCK,29.05,31.05,27.05,29.5,30.0,28.8,29.4,29.36,27.523,27.989,26.87,27.43,27.392,3627300.0,106511170000.0,0.0,0.0,0.35,0.3265,1.2048
GVR,2021-03-05,15:03:03,HOSE,STOCK,28.75,30.75,26.75,28.3,29.5,28.0,29.05,28.74,26.403,27.523,26.123,27.103,26.814,3738100.0,107430680000.0,0.0,0.0,0.3,0.2799,1.0435
GVR,2021-03-04,15:03:03,HOSE,STOCK,29.6,31.65,27.55,29.6,29.7,28.1,28.75,28.98,27.616,27.71,26.217,26.823,27.038,4337000.0,125682670000.0,0.0,0.0,-0.85,-0.793,-2.8716
GVR,2021-03-03,15:03:03,HOSE,STOCK,29.9,31.95,27.85,29.8,30.1,29.5,29.6,29.72,27.803,28.083,27.523,27.616,27.728,2908600.0,86430200000.0,0.0,0.0,-0.3,-0.2799,-1.0033
GVR,2021-03-02,15:03:03,HOSE,STOCK,29.5,31.55,27.45,29.9,30.7,29.25,29.9,29.91,27.896,28.642,27.29,27.896,27.905,5624500.0,168251675000.0,0.0,0.0,0.4,0.3732,1.3559
GVR,2021-03-01,15:03:01,HOSE,STOCK,28.85,30.85,26.85,29.6,30.1,29.1,29.5,29.49,27.616,28.083,27.15,27.523,27.514,3977200.0,117278420000.0,0.0,0.0,0.65,0.6064,2.253
GVR,2021-02-26,15:02:03,HOSE,STOCK,28.9,30.9,26.9,27.8,29.0,27.8,28.85,28.41,25.937,27.056,25.937,26.916,26.506,4192500.0,119115405000.0,0.0,0.0,-0.05,-0.0466,-0.173
GVR,2021-02-25,15:02:03,HOSE,STOCK,28.8,30.8,26.8,29.2,29.2,28.3,28.9,28.79,27.243,27.243,26.403,26.963,26.861,3505700.0,100916260000.0,0.0,0.0,0.1,0.0933,0.3472
GVR,2021-02-24,15:02:03,HOSE,STOCK,29.9,31.95,27.85,30.2,30.7,28.5,28.8,29.45,28.176,28.642,26.59,26.87,27.476,4418300.0,130138500000.0,0.0,0.0,-1.1,-1.0263,-3.6789
GVR,2021-02-23,15:02:02,HOSE,STOCK,27.95,29.9,26.0,27.85,29.9,27.1,29.9,28.74,25.984,27.896,25.284,27.896,26.814,8396300.0,241341070000.0,0.0,0.0,1.95,1.8193,6.9767
GVR,2021-02-22,15:02:02,HOSE,STOCK,28.1,30.05,26.15,28.2,28.45,27.5,27.95,27.98,26.31,26.543,25.657,26.077,26.105,4211000.0,117819205000.0,0.0,0.0,-0.15,-0.1399,-0.5338
GVR,2021-02-19,15:02:03,HOSE,STOCK,27.45,29.35,25.55,28.1,29.0,27.55,28.1,28.27,26.217,27.056,25.704,26.217,26.375,8269200.0,233807075000.0,0.0,0.0,0.65,0.6064,2.3679
GVR,2021-02-18,15:02:03,HOSE,STOCK,25.7,27.45,23.95,27.45,27.45,27.45,27.45,27.45,25.61,25.61,25.61,25.61,25.61,3278500.0,89994825000.0,0.0,0.0,1.75,1.6327,6.8093
GVR,2021-02-17,15:02:03,HOSE,STOCK,24.05,25.7,22.4,25.05,25.7,25.0,25.7,25.51,23.371,23.978,23.325,23.978,23.8,1392600.0,35530325000.0,0.0,0.0,1.65,1.5394,6.8607
GVR,2021-02-09,15:02:03,HOSE,STOCK,23.95,25.6,22.3,23.9,24.8,23.2,24.05,23.97,22.298,23.138,21.645,22.438,22.364,3756400.0,90029910000.0,0.0,0.0,0.1,0.0933,0.4175
GVR,2021-02-08,15:02:02,HOSE,STOCK,25.7,27.45,23.95,25.7,25.9,23.95,23.95,24.52,23.978,24.164,22.345,22.345,22.877,5368300.0,131608505000.0,0.0,0.0,-1.75,-1.6327,-6.8093
GVR,2021-02-05,15:02:03,HOSE,STOCK,25.45,27.2,23.7,25.45,26.0,25.05,25.7,25.59,23.744,24.257,23.371,23.978,23.875,3434800.0,87896170000.0,0.0,0.0,0.25,0.2332,0.9823
GVR,2021-02-04,15:02:02,HOSE,STOCK,25.0,26.75,23.25,25.3,26.3,24.9,25.45,25.65,23.604,24.537,23.231,23.744,23.931,4257800.0,109211690000.0,0.0,0.0,0.45,0.4198,1.8
GVR,2021-02-03,15:02:02,HOSE,STOCK,23.4,25.0,21.8,24.1,25.0,23.4,25.0,24.31,22.485,23.325,21.832,23.325,22.681,3765800.0,91538690000.0,0.0,0.0,1.6,1.4928,6.8376
GVR,2021-02-02,15:02:02,HOSE,STOCK,22.7,24.25,21.15,22.8,23.85,21.6,23.4,22.51,21.272,22.252,20.152,21.832,21.001,6277200.0,141307340000.0,0.0,0.0,0.7,0.6531,3.0837
GVR,2021-02-01,15:02:02,HOSE,STOCK,24.4,26.1,22.7,24.0,25.8,22.7,22.7,23.93,22.392,24.071,21.179,21.179,22.326,5967800.0,142814525000.0,0.0,0.0,-1.7,-1.5861,-6.9672
GVR,2021-01-29,15:01:03,HOSE,STOCK,26.15,27.95,24.35,24.35,26.15,24.35,24.4,24.71,22.718,24.397,22.718,22.765,23.054,12775800.0,315706060000.0,0.0,0.0,-1.75,-1.6327,-6.6922
GVR,2021-01-28,15:01:02,HOSE,STOCK,28.1,30.05,26.15,26.15,26.15,26.15,26.15,26.15,24.397,24.397,24.397,24.397,24.397,501600.0,13116840000.0,0.0,0.0,-1.95,-1.8193,-6.9395
GVR,2021-01-27,15:01:03,HOSE,STOCK,30.2,32.3,28.1,28.8,29.8,28.1,28.1,28.45,26.87,27.803,26.217,26.217,26.543,5670400.0,161347805000.0,0.0,0.0,-2.1,-1.9593,-6.9536
GVR,2021-01-26,15:01:02,HOSE,STOCK,32.45,34.7,30.2,32.45,32.45,30.2,30.2,30.93,30.275,30.275,28.176,28.176,28.857,5595300.0,173063765000.0,0.0,0.0,-2.25,-2.0992,-6.9337
GVR,2021-01-25,15:01:03,HOSE,STOCK,32.1,34.3,29.9,31.55,32.95,31.55,32.45,32.52,29.436,30.742,29.436,30.275,30.341,4896700.0,159250760000.0,0.0,0.0,0.35,0.3265,1.0903
GVR,2021-01-22,15:01:03,HOSE,STOCK,31.85,34.05,29.65,31.9,33.2,31.2,32.1,32.35,29.762,30.975,29.109,29.949,30.182,6470800.0,209327940000.0,0.0,0.0,0.25,0.2332,0.7849
GVR,2021-01-21,15:01:03,HOSE,STOCK,31.0,33.15,28.85,31.45,31.9,30.3,31.85,31.26,29.342,29.762,28.269,29.715,29.165,5031100.0,157283035000.0,0.0,0.0,0.85,0.793,2.7419
GVR,2021-01-20,15:01:03,HOSE,STOCK,31.7,33.9,29.5,32.0,32.0,29.5,31.0,30.32,29.855,29.855,27.523,28.922,28.288,5355900.0,162414610000.0,0.0,0.0,-0.7,-0.6531,-2.2082
GVR,2021-01-19,15:01:02,HOSE,STOCK,33.3,35.6,31.0,33.3,33.95,31.0,31.7,32.22,31.068,31.675,28.922,29.575,30.061,5926700.0,190945660000.0,0.0,0.0,-1.6,-1.4927,-4.8048
GVR,2021-01-18,15:01:03,HOSE,STOCK,32.4,34.65,30.15,32.2,34.2,31.85,33.3,32.86,30.042,31.908,29.715,31.068,30.658,7199300.0,236579035000.0,0.0,0.0,0.9,0.8397,2.7778
GVR,2021-01-15,15:01:03,HOSE,STOCK,32.65,34.9,30.4,32.5,32.95,31.9,32.4,32.41,30.322,30.742,29.762,30.229,30.238,5477800.0,177508635000.0,0.0,0.0,-0.25,-0.2332,-0.7657
GVR,2021-01-14,15:01:03,HOSE,STOCK,31.85,34.05,29.65,32.5,33.9,32.4,32.65,33.01,30.322,31.628,30.229,30.462,30.798,7396400.0,244191010000.0,0.0,0.0,0.8,0.7464,2.5118
GVR,2021-01-13,15:01:02,HOSE,STOCK,29.8,31.85,27.75,30.5,31.85,30.5,31.85,31.44,28.456,29.715,28.456,29.715,29.333,15851200.0,498422575000.0,0.0,0.0,2.05,1.9126,6.8792
GVR,2021-01-12,15:01:03,HOSE,STOCK,29.35,31.4,27.3,29.4,29.85,29.0,29.8,29.43,27.43,27.849,27.056,27.803,27.458,3876400.0,114094870000.0,0.0,0.0,0.45,0.4198,1.5332
GVR,2021-01-11,15:01:02,HOSE,STOCK,29.0,31.0,27.0,29.65,29.95,28.5,29.35,29.39,27.663,27.943,26.59,27.383,27.42,5430200.0,159605770000.0,0.0,0.0,0.35,0.3265,1.2069
GVR,2021-01-08,15:01:03,HOSE,STOCK,28.3,30.25,26.35,28.5,30.0,27.9,29.0,29.0,26.59,27.989,26.03,27.056,27.056,6681900.0,193763195000.0,0.0,0.0,0.7,0.6531,2.4735
GVR,2021-01-07,15:01:03,HOSE,STOCK,28.75,30.75,26.75,28.9,29.0,28.1,28.3,28.4,26.963,27.056,26.217,26.403,26.497,6324200.0,179631295000.0,0.0,0.0,-0.45,-0.4198,-1.5652
GVR,2021-01-06,15:01:01,HOSE,STOCK,29.5,31.55,27.45,29.7,29.75,28.5,28.75,29.1,27.71,27.756,26.59,26.823,27.15,6482500.0,188672610000.0,0.0,0.0,-0.75,-0.6997,-2.5424
GVR,2021-01-05,15:01:03,HOSE,STOCK,29.45,31.5,27.4,29.8,30.25,29.1,29.5,29.77,27.803,28.223,27.15,27.523,27.775,5766300.0,171691330000.0,0.0,0.0,0.05,0.0466,0.1698
GVR,2021-01-04,15:01:01,HOSE,STOCK,29.95,32.0,27.9,30.05,31.55,29.45,29.45,30.05,28.036,29.436,27.476,27.476,28.036,7353500.0,221007165000.0,0.0,0.0,-0.5,-0.4665,-1.6694
GVR,2020-12-31,15:12:03,HOSE,STOCK,28.5,30.45,26.55,28.8,30.0,28.0,29.95,28.58,26.87,27.989,26.123,27.943,26.665,4707730.0,134547970500.0,0.0,0.0,1.45,1.3528,5.0877
GVR,2020-12-30,15:12:02,HOSE,STOCK,29.5,31.55,27.45,29.4,30.1,28.1,28.5,29.21,27.43,28.083,26.217,26.59,27.252,5020230.0,146630677500.0,0.0,0.0,-1.0,-0.933,-3.3898
GVR,2020-12-29,15:12:03,HOSE,STOCK,30.45,32.55,28.35,29.9,30.8,28.9,29.5,29.62,27.896,28.736,26.963,27.523,27.635,7712850.0,228420164000.0,0.0,0.0,-0.95,-0.8863,-3.1199
GVR,2020-12-28,15:12:02,HOSE,STOCK,29.1,31.1,27.1,30.45,31.1,29.2,30.45,30.58,28.409,29.016,27.243,28.409,28.531,4610970.0,141023931000.0,0.0,0.0,1.35,1.2595,4.6392
GVR,2020-12-25,15:12:01,HOSE,STOCK,27.2,29.1,25.3,28.0,29.1,27.55,29.1,28.7,26.123,27.15,25.704,27.15,26.777,5589590.0,160393503000.0,0.0,0.0,1.9,1.7727,6.9853
GVR,2020-12-24,15:12:03,HOSE,STOCK,27.6,29.5,25.7,29.0,29.0,25.7,27.2,27.01,27.056,27.056,23.978,25.377,25.2,9525620.0,257254260500.0,0.0,0.0,-0.4,-0.3732,-1.4493
GVR,2020-12-23,15:12:01,HOSE,STOCK,28.95,30.95,26.95,30.95,30.95,26.95,27.6,29.64,28.876,28.876,25.144,25.75,27.654,3522880.0,104411873000.0,0.0,0.0,-1.35,-1.2595,-4.6632
GVR,2020-12-22,15:12:02,HOSE,STOCK,27.1,28.95,25.25,28.95,28.95,28.6,28.95,28.93,27.01,27.01,26.683,27.01,26.991,1853210.0,53606607500.0,0.0,0.0,1.85,1.726,6.8266
GVR,2020-12-21,15:12:02,HOSE,STOCK,25.35,27.1,23.6,26.2,27.1,26.1,27.1,26.93,24.444,25.284,24.351,25.284,25.125,3351680.0,90252486000.0,0.0,0.0,1.75,1.6327,6.9034
GVR,2020-12-18,15:12:04,HOSE,STOCK,24.0,25.65,22.35,24.9,25.35,24.3,25.35,24.98,23.231,23.651,22.671,23.651,23.306,3881450.0,96951353500.0,0.0,0.0,1.35,1.2595,5.625
GVR,2020-12-17,15:12:02,HOSE,STOCK,23.3,24.9,21.7,23.0,24.65,22.8,24.0,23.86,21.459,22.998,21.272,22.392,22.261,4909320.0,117146418000.0,0.0,0.0,0.7,0.6531,3.0043
GVR,2020-12-16,15:12:02,HOSE,STOCK,23.25,24.85,21.65,23.25,23.75,23.1,23.3,23.3,21.692,22.158,21.552,21.738,21.738,3528920.0,82228233500.0,0.0,0.0,0.05,0.0466,0.2151
GVR,2020-12-15,15:12:02,HOSE,STOCK,22.35,23.9,20.8,22.5,23.75,22.15,23.25,23.21,20.992,22.158,20.666,21.692,21.654,4905500.0,113861157000.0,0.0,0.0,0.9,0.8397,4.0268
GVR,2020-12-14,15:12:02,HOSE,STOCK,20.9,22.35,19.45,21.0,22.35,21.0,22.35,22.04,19.593,20.852,19.593,20.852,20.563,5534040.0,121997056500.0,0.0,0.0,1.45,1.3528,6.9378
GVR,2020-12-11,15:12:03,HOSE,STOCK,19.95,21.3,18.6,20.1,21.0,19.9,20.9,20.56,18.753,19.593,18.566,19.499,19.182,4719070.0,97028543000.0,0.0,0.0,0.95,0.8863,4.7619
GVR,2020-12-10,15:12:02,HOSE,STOCK,20.45,21.85,19.05,20.4,20.8,19.9,19.95,20.33,19.033,19.406,18.566,18.613,18.967,3775710.0,76743614500.0,0.0,0.0,-0.5,-0.4665,-2.445
GVR,2020-12-09,15:12:02,HOSE,STOCK,20.3,21.7,18.9,20.1,21.3,20.1,20.45,20.61,18.753,19.872,18.753,19.079,19.229,5111400.0,105333163500.0,0.0,0.0,0.15,0.1399,0.7389
GVR,2020-12-08,15:12:02,HOSE,STOCK,20.3,21.7,18.9,20.45,20.65,20.1,20.3,20.33,19.079,19.266,18.753,18.94,18.967,3509780.0,71340818000.0,0.0,0.0,0.0,0.0,0.0
GVR,2020-12-07,15:12:02,HOSE,STOCK,20.05,21.45,18.65,20.5,21.05,20.3,20.3,20.66,19.126,19.639,18.94,18.94,19.275,4335970.0,89584868000.0,0.0,0.0,0.25,0.2333,1.2469
GVR,2020-12-04,15:12:02,HOSE,STOCK,18.75,20.05,17.45,19.0,20.05,18.75,20.05,19.46,17.727,18.706,17.493,18.706,18.156,6208970.0,120823966000.0,0.0,0.0,1.3,1.2129,6.9333
GVR,2020-12-03,15:12:02,HOSE,STOCK,18.8,20.1,17.5,18.8,18.95,18.6,18.75,18.79,17.54,17.68,17.353,17.493,17.531,2618260.0,49188861000.0,0.0,0.0,-0.05,-0.0466,-0.266
GVR,2020-12-02,15:12:02,HOSE,STOCK,18.65,19.95,17.35,18.7,19.1,18.5,18.8,18.85,17.447,17.82,17.26,17.54,17.587,3181530.0,59981579500.0,0.0,0.0,0.15,0.1399,0.8043
GVR,2020-12-01,15:12:02,HOSE,STOCK,18.6,19.9,17.3,18.1,18.75,18.1,18.65,18.37,16.887,17.493,16.887,17.4,17.139,3758590.0,69027963000.0,0.0,0.0,0.05,0.0466,0.2688
GVR,2020-11-30,15:11:02,HOSE,STOCK,19.05,20.35,17.75,19.2,19.2,18.6,18.6,18.87,17.913,17.913,17.353,17.353,17.605,3181380.0,60039444500.0,0.0,0.0,-0.45,-0.4198,-2.3622
GVR,2020-11-27,15:11:03,HOSE,STOCK,19.4,20.75,18.05,19.3,19.4,19.05,19.05,19.14,18.007,18.1,17.773,17.773,17.857,2977160.0,56986874500.0,0.0,0.0,-0.35,-0.3265,-1.8041
GVR,2020-11-26,15:11:02,HOSE,STOCK,18.9,20.2,17.6,19.1,19.5,18.95,19.4,19.24,17.82,18.193,17.68,18.1,17.951,5644050.0,108601794000.0,0.0,0.0,0.5,0.4665,2.6455
GVR,2020-11-25,15:11:02,HOSE,STOCK,18.3,19.55,17.05,18.7,19.0,18.4,18.9,18.76,17.447,17.727,17.167,17.633,17.503,3225870.0,60512400500.0,0.0,0.0,0.6,0.5598,3.2787
GVR,2020-11-24,15:11:02,HOSE,STOCK,18.5,19.75,17.25,18.5,18.65,17.8,18.3,18.23,17.26,17.4,16.607,17.074,17.008,5685550.0,103635710000.0,0.0,0.0,-0.2,-0.1866,-1.0811
GVR,2020-11-23,15:11:02,HOSE,STOCK,19.0,20.3,17.7,18.65,18.9,18.35,18.5,18.56,17.4,17.633,17.12,17.26,17.316,4154160.0,77089382500.0,0.0,0.0,-0.5,-0.4665,-2.6316
GVR,2020-11-20,15:11:02,HOSE,STOCK,19.3,20.65,17.95,19.3,19.35,18.65,19.0,19.01,18.007,18.053,17.4,17.727,17.736,2787350.0,52997811500.0,0.0,0.0,-0.3,-0.2799,-1.5544
GVR,2020-11-19,15:11:03,HOSE,STOCK,19.0,20.3,17.7,19.0,19.3,18.5,19.3,18.93,17.727,18.007,17.26,18.007,17.661,5577100.0,105601509000.0,0.0,0.0,0.3,0.2799,1.5789
GVR,2020-11-18,15:11:02,HOSE,STOCK,17.9,19.15,16.65,17.9,19.0,17.85,19.0,18.53,16.7,17.727,16.654,17.727,17.288,5218420.0,96713034000.0,0.0,0.0,1.1,1.0263,6.1453
GVR,2020-11-17,15:11:02,HOSE,STOCK,16.75,17.9,15.6,16.9,17.9,16.6,17.9,17.33,15.767,16.7,15.487,16.7,16.169,6667140.0,115513054000.0,0.0,0.0,1.15,1.0729,6.8657
GVR,2020-11-16,15:11:02,HOSE,STOCK,17.0,18.15,15.85,16.95,16.95,16.45,16.75,16.7,15.814,15.814,15.348,15.627,15.581,6529880.0,109046434500.0,0.0,0.0,-0.25,-0.2332,-1.4706
GVR,2020-11-13,15:11:02,HOSE,STOCK,16.95,18.1,15.8,16.9,17.25,16.65,17.0,16.87,15.767,16.094,15.534,15.861,15.739,5142170.0,86726945500.0,0.0,0.0,0.05,0.0467,0.295
GVR,2020-11-12,15:11:02,HOSE,STOCK,16.3,17.4,15.2,16.5,17.0,16.35,16.95,16.75,15.394,15.861,15.254,15.814,15.627,5971020.0,100034385000.0,0.0,0.0,0.65,0.6064,3.9877
GVR,2020-11-11,15:11:02,HOSE,STOCK,15.8,16.9,14.7,15.8,16.35,15.65,16.3,16.06,14.741,15.254,14.601,15.208,14.984,5176010.0,83140632000.0,0.0,0.0,0.5,0.4665,3.1646
GVR,2020-11-10,15:11:02,HOSE,STOCK,15.4,16.45,14.35,15.4,16.15,15.25,15.8,15.54,14.368,15.068,14.228,14.741,14.499,6147770.0,95559944500.0,0.0,0.0,0.4,0.3732,2.5974
GVR,2020-11-09,15:11:02,HOSE,STOCK,15.25,16.3,14.2,15.25,15.45,15.05,15.4,15.27,14.228,14.415,14.041,14.368,14.247,4668100.0,71261301500.0,0.0,0.0,0.15,0.1399,0.9836
GVR,2020-11-06,15:11:02,HOSE,STOCK,14.9,15.9,13.9,14.9,15.4,14.9,15.25,15.09,13.901,14.368,13.901,14.228,14.079,3208490.0,48424201000.0,0.0,0.0,0.35,0.3265,2.349
GVR,2020-11-05,15:11:02,HOSE,STOCK,15.5,16.55,14.45,15.25,15.35,14.9,14.9,15.1,14.228,14.321,13.901,13.901,14.088,6436840.0,97220395000.0,0.0,0.0,-0.6,-0.5598,-3.871
GVR,2020-11-04,15:11:02,HOSE,STOCK,15.5,16.55,14.45,15.4,15.6,15.15,15.5,15.41,14.368,14.554,14.135,14.461,14.377,4661700.0,71815555500.0,0.0,0.0,0.0,0.0,0.0
GVR,2020-11-03,15:11:02,HOSE,STOCK,14.6,15.6,13.6,14.65,15.6,14.6,15.5,15.2,13.668,14.554,13.622,14.461,14.181,11245530.0,170956031000.0,0.0,0.0,0.9,0.8397,6.1644
GVR,2020-11-02,15:11:01,HOSE,STOCK,14.15,15.1,13.2,14.35,14.6,14.25,14.6,14.49,13.388,13.622,13.295,13.622,13.519,5148980.0,74611683500.0,0.0,0.0,0.45,0.4199,3.1802
GVR,2020-10-30,15:10:03,HOSE,STOCK,13.7,14.65,12.75,13.9,14.2,13.7,14.15,13.87,12.968,13.248,12.782,13.202,12.94,3448190.0,47816464000.0,0.0,0.0,0.45,0.4199,3.2847
GVR,2020-10-29,15:10:01,HOSE,STOCK,13.4,14.3,12.5,13.5,13.9,13.2,13.7,13.59,12.595,12.968,12.315,12.782,12.679,4416080.0,60001832500.0,0.0,0.0,0.3,0.2799,2.2388
GVR,2020-10-28,15:10:02,HOSE,STOCK,14.1,15.05,13.15,14.05,14.5,13.4,13.4,13.91,13.108,13.528,12.502,12.502,12.978,5397380.0,75073210000.0,0.0,0.0,-0.7,-0.6531,-4.9645
GVR,2020-10-27,15:10:03,HOSE,STOCK,14.3,15.3,13.3,14.3,14.4,14.05,14.1,14.2,13.342,13.435,13.108,13.155,13.248,2472800.0,35106181000.0,0.0,0.0,-0.2,-0.1866,-1.3986
GVR,2020-10-26,15:10:02,HOSE,STOCK,14.35,15.35,13.35,14.6,14.9,14.3,14.3,14.63,13.622,13.901,13.342,13.342,13.65,3825590.0,55977317000.0,0.0,0.0,-0.05,-0.0467,-0.3484
GVR,2020-10-23,15:10:03,HOSE,STOCK,14.3,15.3,13.3,14.3,14.65,14.05,14.35,14.39,13.342,13.668,13.108,13.388,13.426,3363120.0,48406219500.0,0.0,0.0,0.05,0.0466,0.3497
GVR,2020-10-22,15:10:02,HOSE,STOCK,14.2,15.15,13.25,14.05,14.3,13.9,14.3,14.08,13.108,13.342,12.968,13.342,13.136,4576950.0,64421535000.0,0.0,0.0,0.1,0.0933,0.7042
GVR,2020-10-21,15:10:02,HOSE,STOCK,14.75,15.75,13.75,14.75,14.75,14.2,14.2,14.48,13.761,13.761,13.248,13.248,13.51,5007720.0,72492142500.0,0.0,0.0,-0.55,-0.5131,-3.7288
GVR,2020-10-20,15:10:02,HOSE,STOCK,14.8,15.8,13.8,14.8,15.2,14.55,14.75,14.877,13.808,14.181,13.575,13.761,13.88,3392500.0,50470104000.0,0.0,0.0,-0.05,-0.0466,-0.3378
GVR,2020-10-19,15:10:03,HOSE,STOCK,13.95,14.9,13.0,14.15,14.85,13.95,14.8,14.48,13.202,13.855,13.015,13.808,13.51,6244920.0,90447004500.0,0.0,0.0,0.85,0.793,6.0932
GVR,2020-10-16,15:10:02,HOSE,STOCK,13.55,14.45,12.65,13.6,13.95,13.35,13.95,13.72,12.689,13.015,12.455,13.015,12.8,5393350.0,74011866000.0,0.0,0.0,0.4,0.3732,2.952
GVR,2020-10-15,15:10:01,HOSE,STOCK,13.7,14.65,12.75,13.85,13.85,13.4,13.55,13.54,12.922,12.922,12.502,12.642,12.633,5368820.0,72712320000.0,0.0,0.0,-0.15,-0.1399,-1.0949
GVR,2020-10-14,15:10:03,HOSE,STOCK,14.0,14.95,13.05,14.0,14.2,13.6,13.7,13.807,13.062,13.248,12.689,12.782,12.882,4932320.0,68102062500.0,0.0,0.0,-0.3,-0.2799,-2.1429
GVR,2020-10-13,15:10:02,HOSE,STOCK,13.65,14.6,12.7,13.6,14.1,13.35,14.0,13.763,12.689,13.155,12.455,13.062,12.841,4789720.0,65920891500.0,0.0,0.0,0.35,0.3266,2.5641
GVR,2020-10-12,15:10:02,HOSE,STOCK,13.7,14.65,12.75,13.7,14.15,13.55,13.65,13.82,12.782,13.202,12.642,12.735,12.894,5012600.0,69289892500.0,0.0,0.0,-0.05,-0.0466,-0.365
GVR,2020-10-09,15:10:02,HOSE,STOCK,13.25,14.15,12.35,13.4,13.8,13.3,13.7,13.59,12.502,12.875,12.409,12.782,12.679,5300430.0,72049164000.0,0.0,0.0,0.45,0.4198,3.3962
GVR,2020-10-08,15:10:02,HOSE,STOCK,12.75,13.6,11.9,12.85,13.35,12.7,13.25,13.01,11.989,12.455,11.849,12.362,12.138,5940910.0,77267257000.0,0.0,0.0,0.5,0.4665,3.9216
GVR,2020-10-07,15:10:02,HOSE,STOCK,12.9,13.8,12.0,12.7,12.9,12.7,12.75,12.81,11.849,12.035,11.849,11.896,11.951,1706390.0,21863071000.0,0.0,0.0,-0.15,-0.14,-1.1628
GVR,2020-10-06,15:10:02,HOSE,STOCK,13.0,13.9,12.1,13.2,13.4,12.85,12.9,13.03,12.315,12.502,11.989,12.035,12.157,2550590.0,33233194500.0,0.0,0.0,-0.1,-0.0933,-0.7692
GVR,2020-10-05,15:10:03,HOSE,STOCK,12.25,13.1,11.4,12.35,13.1,12.25,13.0,12.72,11.522,12.222,11.429,12.129,11.868,5306360.0,67486899500.0,0.0,0.0,0.75,0.6998,6.1224
GVR,2020-10-02,15:10:02,HOSE,STOCK,12.35,13.2,11.5,12.35,12.4,11.85,12.25,12.23,11.522,11.569,11.056,11.429,11.41,2204010.0,26952383500.0,0.0,0.0,-0.1,-0.0933,-0.8097
GVR,2020-10-01,15:10:02,HOSE,STOCK,12.35,13.2,11.5,12.5,12.5,12.3,12.35,12.4,11.662,11.662,11.476,11.522,11.569,1186560.0,14718524000.0,0.0,0.0,0.0,0.0,0.0
GVR,2020-09-30,15:09:02,HOSE,STOCK,12.15,13.0,11.3,12.15,12.4,12.05,12.35,12.23,11.336,11.569,11.242,11.522,11.41,1047030.0,12806251000.0,0.0,0.0,0.2,0.1866,1.6461
GVR,2020-09-29,15:09:03,HOSE,STOCK,12.15,13.0,11.3,12.3,12.55,12.1,12.15,12.35,11.476,11.709,11.289,11.336,11.522,3437390.0,42453648000.0,0.0,0.0,0.0,0.0,0.0
GVR,2020-09-28,15:09:02,HOSE,STOCK,12.05,12.85,11.25,12.05,12.15,12.05,12.15,12.11,11.242,11.336,11.242,11.336,11.298,1059040.0,12825987000.0,0.0,0.0,0.1,0.0933,0.8299
GVR,2020-09-25,15:09:02,HOSE,STOCK,12.1,12.9,11.3,12.1,12.15,12.0,12.05,12.07,11.289,11.336,11.196,11.242,11.261,615730.0,7432641500.0,0.0,0.0,-0.05,-0.0466,-0.4132
GVR,2020-09-24,15:09:03,HOSE,STOCK,12.1,12.9,11.3,12.0,12.25,12.0,12.1,12.12,11.196,11.429,11.196,11.289,11.308,1267760.0,15368560000.0,0.0,0.0,0.0,0.0,0.0
GVR,2020-09-23,15:09:03,HOSE,STOCK,12.25,13.1,11.4,12.3,12.3,12.05,12.1,12.14,11.476,11.476,11.242,11.289,11.326,1441290.0,17499071500.0,0.0,0.0,-0.15,-0.1399,-1.2245
GVR,2020-09-22,15:09:05,HOSE,STOCK,12.25,13.1,11.4,12.35,12.35,12.15,12.25,12.24,11.522,11.522,11.336,11.429,11.42,1392490.0,17037245000.0,0.0,0.0,0.0,0.0,0.0
GVR,2020-09-21,15:09:03,HOSE,STOCK,12.75,13.6,11.9,12.8,13.0,12.7,12.85,12.85,11.384,11.562,11.296,11.429,11.429,1928720.0,24790334500.0,0.0,0.0,0.1,0.0889,0.7843
GVR,2020-09-18,15:09:02,HOSE,STOCK,12.75,13.6,11.9,12.75,12.8,12.7,12.75,12.74,11.34,11.384,11.296,11.34,11.331,959790.0,12226632500.0,0.0,0.0,0.0,0.0,0.0
GVR,2020-09-17,15:09:03,HOSE,STOCK,12.65,13.5,11.8,12.7,12.85,12.6,12.75,12.72,11.296,11.429,11.207,11.34,11.313,1206290.0,15343971000.0,0.0,0.0,0.1,0.0889,0.7905
GVR,2020-09-16,15:09:03,HOSE,STOCK,12.5,13.35,11.65,12.5,12.75,12.45,12.65,12.61,11.118,11.34,11.073,11.251,11.215,1136120.0,14322415000.0,0.0,0.0,0.15,0.1334,1.2
GVR,2020-09-15,15:09:03,HOSE,STOCK,12.6,13.45,11.75,12.7,12.8,12.4,12.5,12.61,11.296,11.384,11.029,11.118,11.215,2087430.0,26328522000.0,0.0,0.0,-0.1,-0.0889,-0.7937
GVR,2020-09-14,15:09:02,HOSE,STOCK,12.85,13.7,12.0,12.8,12.85,12.6,12.6,12.71,11.384,11.429,11.207,11.207,11.304,2150970.0,27338345500.0,0.0,0.0,-0.25,-0.2224,-1.9455
GVR,2020-09-11,15:09:05,HOSE,STOCK,12.8,13.65,11.95,12.7,12.85,12.55,12.85,12.75,11.296,11.429,11.162,11.429,11.34,1349140.0,17202325000.0,0.0,0.0,0.05,0.0445,0.3906
GVR,2020-09-10,15:09:03,HOSE,STOCK,12.4,13.25,11.55,12.55,12.85,12.4,12.8,12.67,11.162,11.429,11.029,11.384,11.269,2360230.0,29905336500.0,0.0,0.0,0.4,0.3558,3.2258
GVR,2020-09-09,15:09:01,HOSE,STOCK,12.2,13.05,11.35,12.2,12.5,12.2,12.4,12.41,10.851,11.118,10.851,11.029,11.038,2240400.0,27806832000.0,0.0,0.0,0.2,0.1779,1.6393
GVR,2020-09-08,15:09:05,HOSE,STOCK,11.9,12.7,11.1,12.05,12.5,12.0,12.2,12.28,10.717,11.118,10.673,10.851,10.922,4063740.0,49885308500.0,0.0,0.0,0.3,0.2668,2.521
GVR,2020-09-07,15:09:02,HOSE,STOCK,12.0,12.8,11.2,11.9,12.2,11.8,11.9,12.01,10.584,10.851,10.495,10.584,10.682,1491100.0,17913462500.0,0.0,0.0,-0.1,-0.0889,-0.8333
GVR,2020-09-04,15:09:03,HOSE,STOCK,12.15,13.0,11.3,11.9,12.05,11.85,12.0,11.94,10.584,10.717,10.54,10.673,10.62,1132370.0,13523893000.0,0.0,0.0,-0.15,-0.1334,-1.2346
GVR,2020-09-03,15:09:02,HOSE,STOCK,12.15,13.0,11.3,12.2,12.25,12.05,12.15,12.13,10.851,10.895,10.717,10.806,10.789,1000990.0,12146265000.0,0.0,0.0,0.0,0.0,0.0
GVR,2020-09-01,15:09:02,HOSE,STOCK,11.85,12.65,11.05,11.8,12.15,11.7,12.15,11.9,10.495,10.806,10.406,10.806,10.584,1998840.0,23792328500.0,0.0,0.0,0.3,0.2668,2.5316
GVR,2020-08-31,15:08:04,HOSE,STOCK,12.05,12.85,11.25,12.1,12.15,11.75,11.85,11.98,10.762,10.806,10.451,10.54,10.655,1824490.0,21857944000.0,0.0,0.0,-0.2,-0.1779,-1.6598
GVR,2020-08-28,15:08:03,HOSE,STOCK,12.35,13.2,11.5,12.35,12.45,12.05,12.05,12.25,10.984,11.073,10.717,10.717,10.895,1574520.0,19295713000.0,0.0,0.0,-0.3,-0.2668,-2.4291
GVR,2020-08-27,15:08:04,HOSE,STOCK,11.9,12.7,11.1,11.95,12.45,11.95,12.35,12.26,10.628,11.073,10.628,10.984,10.904,2316970.0,28394617500.0,0.0,0.0,0.45,0.4002,3.7815
GVR,2020-08-26,15:08:04,HOSE,STOCK,11.75,12.55,10.95,11.65,12.15,11.65,11.9,11.9,10.362,10.806,10.362,10.584,10.584,1924850.0,22907161000.0,0.0,0.0,0.15,0.1334,1.2766
GVR,2020-08-25,15:08:03,HOSE,STOCK,11.95,12.75,11.15,12.0,12.0,11.75,11.75,11.83,10.673,10.673,10.451,10.451,10.522,1301610.0,15397170500.0,0.0,0.0,-0.2,-0.1779,-1.6736
GVR,2020-08-24,15:08:03,HOSE,STOCK,11.85,12.65,11.05,12.0,12.1,11.85,11.95,11.96,10.673,10.762,10.54,10.628,10.637,1577760.0,18865094500.0,0.0,0.0,0.1,0.0889,0.8439
GVR,2020-08-21,15:08:03,HOSE,STOCK,11.7,12.5,10.9,11.7,11.9,11.6,11.85,11.76,10.406,10.584,10.317,10.54,10.459,1617030.0,19013640500.0,0.0,0.0,0.15,0.1334,1.2821
GVR,2020-08-20,15:08:03,HOSE,STOCK,11.5,12.3,10.7,11.5,11.8,11.5,11.7,11.66,10.228,10.495,10.228,10.406,10.371,2233930.0,26049202500.0,0.0,0.0,0.2,0.1779,1.7391
GVR,2020-08-19,15:08:02,HOSE,STOCK,11.05,11.8,10.3,11.2,11.7,11.15,11.5,11.43,9.961,10.406,9.917,10.228,10.166,2352360.0,26876250000.0,0.0,0.0,0.45,0.4002,4.0724
GVR,2020-08-18,15:08:03,HOSE,STOCK,10.95,11.7,10.2,10.95,11.25,10.9,11.05,11.1,9.739,10.006,9.695,9.828,9.872,1218730.0,13524703000.0,0.0,0.0,0.1,0.0889,0.9132
GVR,2020-08-17,15:08:02,HOSE,STOCK,10.9,11.65,10.15,10.9,10.95,10.7,10.95,10.84,9.695,9.739,9.517,9.739,9.641,750960.0,8143579000.0,0.0,0.0,0.05,0.0445,0.4587
GVR,2020-08-14,15:08:02,HOSE,STOCK,11.0,11.75,10.25,11.0,11.15,10.8,10.9,11.0,9.784,9.917,9.606,9.695,9.784,974910.0,10719969500.0,0.0,0.0,-0.1,-0.0889,-0.9091
GVR,2020-08-13,15:08:02,HOSE,STOCK,11.1,11.85,10.35,11.1,11.4,11.0,11.0,11.1,9.872,10.139,9.784,9.784,9.872,1959970.0,21763989500.0,0.0,0.0,-0.1,-0.0889,-0.9009
GVR,2020-08-12,15:08:03,HOSE,STOCK,11.1,11.85,10.35,11.1,11.15,11.0,11.1,11.07,9.872,9.917,9.784,9.872,9.846,597590.0,6617958000.0,0.0,0.0,0.0,0.0,0.0
GVR,2020-08-11,15:08:03,HOSE,STOCK,11.15,11.9,10.4,11.25,11.25,11.0,11.1,11.13,10.006,10.006,9.784,9.872,9.899,737560.0,8207415500.0,0.0,0.0,-0.05,-0.0445,-0.4484
GVR,2020-08-10,15:08:02,HOSE,STOCK,10.6,11.3,9.86,10.65,11.3,10.6,11.15,11.02,9.472,10.05,9.428,9.917,9.801,2894230.0,31880721000.0,0.0,0.0,0.55,0.4892,5.1887
GVR,2020-08-07,15:08:02,HOSE,STOCK,10.6,11.3,9.86,10.55,10.7,10.5,10.6,10.57,9.383,9.517,9.339,9.428,9.401,631730.0,6676772500.0,0.0,0.0,0.0,0.0,0.0
GVR,2020-08-06,15:08:02,HOSE,STOCK,10.65,11.35,9.91,10.55,10.75,10.55,10.6,10.62,9.383,9.561,9.383,9.428,9.446,608120.0,6460217000.0,0.0,0.0,-0.05,-0.0445,-0.4695
GVR,2020-08-05,15:08:01,HOSE,STOCK,10.45,11.15,9.72,10.45,10.85,10.3,10.65,10.61,9.294,9.65,9.161,9.472,9.437,1450080.0,15379661000.0,0.0,0.0,0.2,0.1779,1.9139
GVR,2020-08-04,15:08:03,HOSE,STOCK,10.35,11.05,9.63,10.5,10.6,10.35,10.45,10.49,9.339,9.428,9.205,9.294,9.33,995960.0,10446907000.0,0.0,0.0,0.1,0.0889,0.9662
GVR,2020-08-03,15:08:03,HOSE,STOCK,10.0,10.7,9.3,10.0,10.35,10.0,10.35,10.24,8.894,9.205,8.894,9.205,9.108,820600.0,8403511000.0,0.0,0.0,0.35,0.3113,3.5
GVR,2020-07-31,15:07:04,HOSE,STOCK,10.1,10.8,9.4,9.8,10.25,9.8,10.0,10.02,8.716,9.116,8.716,8.894,8.912,998760.0,10011423600.0,0.0,0.0,-0.1,-0.0889,-0.9901
GVR,2020-07-30,15:07:02,HOSE,STOCK,10.25,10.95,9.54,10.2,10.3,10.05,10.1,10.2,9.072,9.161,8.939,8.983,9.072,1120870.0,11434078000.0,0.0,0.0,-0.15,-0.1334,-1.4634
GVR,2020-07-29,15:07:02,HOSE,STOCK,10.6,11.3,9.86,10.0,10.35,9.86,10.25,10.01,8.894,9.205,8.77,9.116,8.903,1869490.0,18704525600.0,0.0,0.0,-0.35,-0.3113,-3.3019
GVR,2020-07-28,15:07:03,HOSE,STOCK,10.25,10.95,9.54,10.05,10.6,10.05,10.6,10.369,8.939,9.428,8.939,9.428,9.222,1756390.0,18211639500.0,0.0,0.0,0.35,0.3113,3.4146
GVR,2020-07-27,15:07:01,HOSE,STOCK,11.0,11.75,10.25,10.5,10.7,10.25,10.25,10.36,9.339,9.517,9.116,9.116,9.214,2885330.0,29900405500.0,0.0,0.0,-0.75,-0.667,-6.8182
GVR,2020-07-24,15:07:02,HOSE,STOCK,11.5,12.3,10.7,11.55,11.9,11.0,11.0,11.45,10.273,10.584,9.784,9.784,10.184,2730370.0,31259042500.0,0.0,0.0,-0.5,-0.4447,-4.3478
GVR,2020-07-23,15:07:01,HOSE,STOCK,11.75,12.55,10.95,11.7,11.75,11.5,11.5,11.62,10.406,10.451,10.228,10.228,10.335,1064300.0,12362213000.0,0.0,0.0,-0.25,-0.2223,-2.1277
GVR,2020-07-22,15:07:02,HOSE,STOCK,11.95,12.75,11.15,11.95,12.1,11.7,11.75,11.87,10.628,10.762,10.406,10.451,10.557,730770.0,8674151500.0,0.0,0.0,-0.2,-0.1779,-1.6736
GVR,2020-07-21,15:07:02,HOSE,STOCK,12.1,12.9,11.3,12.2,12.2,11.9,11.95,11.97,10.851,10.851,10.584,10.628,10.646,755830.0,9046093000.0,0.0,0.0,-0.15,-0.1334,-1.2397
GVR,2020-07-20,15:07:02,HOSE,STOCK,12.1,12.9,11.3,12.1,12.45,12.05,12.1,12.23,10.762,11.073,10.717,10.762,10.877,1427490.0,17456120500.0,0.0,0.0,0.0,0.0,0.0
GVR,2020-07-17,15:07:02,HOSE,STOCK,12.05,12.85,11.25,11.95,12.25,11.9,12.1,12.08,10.628,10.895,10.584,10.762,10.744,900470.0,10880183500.0,0.0,0.0,0.05,0.0445,0.4149
GVR,2020-07-16,15:07:03,HOSE,STOCK,12.1,12.9,11.3,12.15,12.25,12.0,12.05,12.1,10.806,10.895,10.673,10.717,10.762,751420.0,9091153500.0,0.0,0.0,-0.05,-0.0445,-0.4132
GVR,2020-07-15,15:07:02,HOSE,STOCK,12.1,12.9,11.3,12.3,12.3,12.1,12.1,12.16,10.94,10.94,10.762,10.762,10.815,503920.0,6128462000.0,0.0,0.0,0.0,0.0,0.0
GVR,2020-07-14,15:07:02,HOSE,STOCK,11.9,12.7,11.1,12.1,12.3,12.0,12.1,12.145,10.762,10.94,10.673,10.762,10.802,1279860.0,15544117000.0,0.0,0.0,0.2,0.1779,1.6807
GVR,2020-07-13,15:07:02,HOSE,STOCK,11.9,12.7,11.1,11.9,12.35,11.9,11.9,12.17,10.584,10.984,10.584,10.584,10.824,1994010.0,24268979500.0,0.0,0.0,0.0,0.0,0.0
GVR,2020-07-10,15:07:02,HOSE,STOCK,11.85,12.65,11.05,11.8,11.9,11.75,11.9,11.82,10.495,10.584,10.451,10.584,10.513,657210.0,7768919500.0,0.0,0.0,0.05,0.0445,0.4219
GVR,2020-07-09,15:07:02,HOSE,STOCK,11.65,12.45,10.85,11.65,11.85,11.65,11.85,11.77,10.362,10.54,10.362,10.54,10.468,988260.0,11636056500.0,0.0,0.0,0.2,0.1779,1.7167
GVR,2020-07-08,15:07:02,HOSE,STOCK,11.65,12.45,10.85,11.65,11.8,11.4,11.65,11.59,10.362,10.495,10.139,10.362,10.308,833270.0,9660808000.0,0.0,0.0,0.0,0.0,0.0
GVR,2020-07-07,15:07:02,HOSE,STOCK,11.9,12.7,11.1,11.9,11.95,11.6,11.65,11.79,10.584,10.628,10.317,10.362,10.486,1010980.0,11918413000.0,0.0,0.0,-0.25,-0.2224,-2.1008
GVR,2020-07-06,15:07:03,HOSE,STOCK,11.65,12.45,10.85,11.8,11.9,11.7,11.9,11.84,10.495,10.584,10.406,10.584,10.531,575100.0,6809902500.0,0.0,0.0,0.25,0.2224,2.1459
GVR,2020-07-03,15:07:02,HOSE,STOCK,11.55,12.35,10.75,11.6,11.85,11.6,11.65,11.68,10.317,10.54,10.317,10.362,10.388,1155100.0,13497071500.0,0.0,0.0,0.1,0.0889,0.8658
GVR,2020-07-02,15:07:02,HOSE,STOCK,11.5,12.3,10.7,11.4,11.7,11.35,11.55,11.54,10.139,10.406,10.095,10.273,10.264,878030.0,10131481000.0,0.0,0.0,0.05,0.0445,0.4348
GVR,2020-07-01,15:07:02,HOSE,STOCK,11.0,11.75,10.25,11.05,11.6,11.05,11.5,11.35,9.828,10.317,9.828,10.228,10.095,736830.0,8363437500.0,0.0,0.0,0.5,0.4447,4.5455
GVR,2020-06-30,15:06:02,HOSE,STOCK,11.4,12.15,10.65,11.4,11.75,11.0,11.0,11.21,10.139,10.451,9.784,9.784,9.97,1132600.0,12693140000.0,0.0,0.0,-0.4,-0.3558,-3.5088
GVR,2020-06-29,15:06:02,HOSE,STOCK,11.9,12.7,11.1,11.9,12.0,11.3,11.4,11.52,10.584,10.673,10.05,10.139,10.246,2278110.0,26251031000.0,0.0,0.0,-0.5,-0.4447,-4.2017
GVR,2020-06-26,15:06:02,HOSE,STOCK,12.05,12.85,11.25,12.1,12.35,11.9,11.9,12.08,10.762,10.984,10.584,10.584,10.744,1459690.0,17634560500.0,0.0,0.0,-0.15,-0.1334,-1.2448
GVR,2020-06-25,15:06:02,HOSE,STOCK,12.3,13.15,11.45,12.2,12.3,12.05,12.05,12.16,10.851,10.94,10.717,10.717,10.815,1042720.0,12680979500.0,0.0,0.0,-0.25,-0.2223,-2.0325
GVR,2020-06-24,15:06:02,HOSE,STOCK,12.55,13.4,11.7,12.6,12.6,12.25,12.3,12.41,11.207,11.207,10.895,10.94,11.038,967980.0,12008478000.0,0.0,0.0,-0.25,-0.2224,-1.992
GVR,2020-06-23,15:06:02,HOSE,STOCK,12.45,13.3,11.6,12.45,12.8,12.35,12.55,12.56,11.073,11.384,10.984,11.162,11.171,1512990.0,19008697500.0,0.0,0.0,0.1,0.0889,0.8032
GVR,2020-06-22,15:06:02,HOSE,STOCK,12.6,13.45,11.75,12.7,12.7,12.4,12.45,12.52,11.296,11.296,11.029,11.073,11.135,1125510.0,14089961500.0,0.0,0.0,-0.15,-0.1334,-1.1905
GVR,2020-06-19,15:06:02,HOSE,STOCK,12.3,13.15,11.45,12.45,12.75,12.45,12.6,12.58,11.073,11.34,11.073,11.207,11.189,1155640.0,14534165500.0,0.0,0.0,0.3,0.2668,2.439
GVR,2020-06-18,15:06:02,HOSE,STOCK,12.4,13.25,11.55,12.1,12.8,12.1,12.3,12.41,10.762,11.384,10.762,10.94,11.038,1281740.0,15903837500.0,0.0,0.0,-0.1,-0.0889,-0.8065
GVR,2020-06-17,15:06:02,HOSE,STOCK,12.75,13.6,11.9,12.8,12.8,12.4,12.4,12.56,11.384,11.384,11.029,11.029,11.171,1329740.0,16706648000.0,0.0,0.0,-0.35,-0.3113,-2.7451
GVR,2020-06-16,15:06:02,HOSE,STOCK,12.4,13.25,11.55,13.0,13.0,12.65,12.75,12.79,11.562,11.562,11.251,11.34,11.376,1094900.0,14000559000.0,0.0,0.0,0.35,0.3113,2.8226
GVR,2020-06-15,15:06:02,HOSE,STOCK,12.15,13.0,11.3,12.5,13.0,12.25,12.4,12.71,11.118,11.562,10.895,11.029,11.304,3865010.0,49130313500.0,0.0,0.0,0.25,0.2224,2.0576
GVR,2020-06-12,15:06:02,HOSE,STOCK,12.5,13.35,11.65,12.0,12.45,11.8,12.15,12.05,10.673,11.073,10.495,10.806,10.717,3343630.0,40305514000.0,0.0,0.0,-0.35,-0.3113,-2.8
GVR,2020-06-11,15:06:02,HOSE,STOCK,13.25,14.15,12.35,13.25,13.55,12.5,12.5,13.05,11.785,12.052,11.118,11.118,11.607,3535100.0,46146304000.0,0.0,0.0,-0.75,-0.6671,-5.6604
GVR,2020-06-10,15:06:02,HOSE,STOCK,13.65,14.6,12.7,13.65,13.65,13.15,13.25,13.4,12.14,12.14,11.696,11.785,11.918,2746460.0,36815815000.0,0.0,0.0,-0.4,-0.3558,-2.9304
GVR,2020-06-09,15:06:03,HOSE,STOCK,13.0,13.9,12.1,13.0,13.9,13.0,13.65,13.64,11.562,12.363,11.562,12.14,12.132,4848970.0,66137345000.0,0.0,0.0,0.65,0.5781,5.0
GVR,2020-06-08,15:06:03,HOSE,STOCK,12.9,13.8,12.0,13.0,13.25,12.85,13.0,13.03,11.562,11.785,11.429,11.562,11.589,3376560.0,43999622500.0,0.0,0.0,0.1,0.0889,0.7752
GVR,2020-06-05,15:06:03,HOSE,STOCK,12.7,13.55,11.85,12.7,12.9,12.6,12.9,12.82,11.296,11.473,11.207,11.473,11.402,1368660.0,17548431000.0,0.0,0.0,0.2,0.1779,1.5748
GVR,2020-06-04,15:06:04,HOSE,STOCK,13.0,13.9,12.1,13.0,13.15,12.7,12.7,12.86,11.562,11.696,11.296,11.296,11.438,1429580.0,18385413500.0,0.0,0.0,-0.3,-0.2668,-2.3077
GVR,2020-06-03,15:06:02,HOSE,STOCK,12.55,13.4,11.7,12.55,13.0,12.5,13.0,12.81,11.162,11.562,11.118,11.562,11.393,1682780.0,21551588000.0,0.0,0.0,0.45,0.4002,3.5857
GVR,2020-06-02,15:06:03,HOSE,STOCK,12.85,13.7,12.0,12.85,12.95,12.5,12.55,12.73,11.429,11.518,11.118,11.162,11.322,1401600.0,17840703500.0,0.0,0.0,-0.3,-0.2668,-2.3346
GVR,2020-06-01,15:06:04,HOSE,STOCK,12.75,13.6,11.9,12.8,12.95,12.8,12.85,12.85,11.384,11.518,11.384,11.429,11.429,1375080.0,17673987000.0,0.0,0.0,0.1,0.0889,0.7843
GVR,2020-05-29,15:05:02,HOSE,STOCK,12.75,13.6,11.9,12.7,12.9,12.65,12.75,12.78,11.296,11.473,11.251,11.34,11.367,1380440.0,17644689000.0,0.0,0.0,0.0,0.0,0.0
GVR,2020-05-28,15:05:03,HOSE,STOCK,12.7,13.55,11.85,12.65,12.9,12.55,12.75,12.69,11.251,11.473,11.162,11.34,11.287,1925610.0,24431785500.0,0.0,0.0,0.05,0.0445,0.3937
GVR,2020-05-27,15:05:03,HOSE,STOCK,13.1,14.0,12.2,13.2,13.2,12.7,12.7,12.88,11.74,11.74,11.296,11.296,11.456,2320830.0,29885365000.0,0.0,0.0,-0.4,-0.3558,-3.0534
GVR,2020-05-26,15:05:03,HOSE,STOCK,13.1,14.0,12.2,13.35,13.45,13.05,13.1,13.19,11.874,11.963,11.607,11.651,11.731,2026130.0,26726194000.0,0.0,0.0,0.0,0.0,0.0
GVR,2020-05-25,15:05:03,HOSE,STOCK,12.5,13.35,11.65,12.6,13.15,12.4,13.1,12.94,11.207,11.696,11.029,11.651,11.509,3891580.0,50374935000.0,0.0,0.0,0.6,0.5336,4.8
GVR,2020-05-22,15:05:02,HOSE,STOCK,12.8,13.65,11.95,12.7,12.85,12.4,12.5,12.66,11.296,11.429,11.029,11.118,11.26,1401180.0,17740738500.0,0.0,0.0,-0.3,-0.2668,-2.3438
GVR,2020-05-21,15:05:02,HOSE,STOCK,12.8,13.65,11.95,12.9,13.25,12.7,12.8,12.94,11.473,11.785,11.296,11.384,11.509,2381570.0,30817644500.0,0.0,0.0,0.0,0.0,0.0
GVR,2020-05-20,15:05:03,HOSE,STOCK,12.3,13.15,11.45,12.3,12.85,12.3,12.8,12.59,10.94,11.429,10.94,11.384,11.198,1345440.0,16934946000.0,0.0,0.0,0.5,0.4447,4.065
GVR,2020-05-19,15:05:02,HOSE,STOCK,12.3,13.15,11.45,12.65,12.75,12.3,12.3,12.58,11.251,11.34,10.94,10.94,11.189,2001060.0,25163502000.0,0.0,0.0,0.0,0.0,0.0
GVR,2020-05-18,15:05:02,HOSE,STOCK,12.05,12.85,11.25,12.05,12.35,11.8,12.3,12.13,10.717,10.984,10.495,10.94,10.789,680550.0,8253423000.0,0.0,0.0,0.25,0.2224,2.0747
GVR,2020-05-15,15:05:02,HOSE,STOCK,12.3,13.15,11.45,12.3,12.45,12.0,12.05,12.15,10.94,11.073,10.673,10.717,10.806,1116140.0,13564317500.0,0.0,0.0,-0.25,-0.2223,-2.0325
GVR,2020-05-14,15:05:02,HOSE,STOCK,12.6,13.45,11.75,12.6,12.6,12.3,12.3,12.44,11.207,11.207,10.94,10.94,11.064,1400950.0,17431347500.0,0.0,0.0,-0.3,-0.2668,-2.381
GVR,2020-05-13,15:05:02,HOSE,STOCK,12.5,13.35,11.65,12.5,13.1,12.4,12.6,12.83,11.118,11.651,11.029,11.207,11.411,3516310.0,45115345000.0,0.0,0.0,0.1,0.0889,0.8
GVR,2020-05-12,15:05:02,HOSE,STOCK,12.4,13.25,11.55,12.2,12.75,12.05,12.5,12.4,10.851,11.34,10.717,11.118,11.029,1423970.0,17660098000.0,0.0,0.0,0.1,0.0889,0.8065
GVR,2020-05-11,15:05:02,HOSE,STOCK,12.0,12.8,11.2,11.95,12.5,11.75,12.4,12.12,10.628,11.118,10.451,11.029,10.78,1857810.0,22524825500.0,0.0,0.0,0.4,0.3558,3.3333
GVR,2020-05-08,15:05:01,HOSE,STOCK,12.5,13.35,11.65,12.5,12.6,12.0,12.0,12.31,11.118,11.207,10.673,10.673,10.949,1499440.0,18459608500.0,0.0,0.0,-0.5,-0.4447,-4.0
GVR,2020-05-07,15:05:02,HOSE,STOCK,11.85,12.65,11.05,12.0,12.65,11.8,12.5,12.28,10.673,11.251,10.495,11.118,10.922,2699550.0,33154005500.0,0.0,0.0,0.65,0.5781,5.4852
GVR,2020-05-06,15:05:02,HOSE,STOCK,11.1,11.85,10.35,11.15,11.85,11.15,11.85,11.58,9.917,10.54,9.917,10.54,10.299,2682000.0,31047748500.0,0.0,0.0,0.75,0.6671,6.7568
GVR,2020-05-05,15:05:02,HOSE,STOCK,10.7,11.4,9.96,10.7,11.2,10.0,11.1,10.87,9.517,9.961,8.894,9.872,9.668,1071460.0,11645842500.0,0.0,0.0,0.4,0.3557,3.7383
GVR,2020-05-04,15:05:02,HOSE,STOCK,11.15,11.9,10.4,10.9,11.0,10.6,10.7,10.85,9.695,9.784,9.428,9.517,9.65,951850.0,10324657000.0,0.0,0.0,-0.45,-0.4002,-4.0359
GVR,2020-04-29,15:04:03,HOSE,STOCK,10.8,11.55,10.05,10.8,11.35,10.8,11.15,11.14,9.606,10.095,9.606,9.917,9.908,1497360.0,16674411500.0,0.0,0.0,0.35,0.3113,3.2407
GVR,2020-04-28,15:04:02,HOSE,STOCK,10.65,11.35,9.91,11.0,11.2,10.7,10.8,10.9,9.784,9.961,9.517,9.606,9.695,1444690.0,15742518000.0,0.0,0.0,0.15,0.1334,1.4085
GVR,2020-04-27,15:04:03,HOSE,STOCK,9.96,10.65,9.27,10.1,10.65,10.1,10.65,10.49,8.983,9.472,8.983,9.472,9.33,1663520.0,17454192500.0,0.0,0.0,0.69,0.6137,6.9277
GVR,2020-04-24,15:04:02,HOSE,STOCK,10.1,10.8,9.4,10.1,10.15,9.95,9.96,10.05,8.983,9.028,8.85,8.859,8.939,837180.0,8411939000.0,0.0,0.0,-0.14,-0.1245,-1.3861
GVR,2020-04-23,15:04:02,HOSE,STOCK,10.05,10.75,9.35,10.3,10.35,10.0,10.1,10.12,9.161,9.205,8.894,8.983,9.001,653970.0,6616016500.0,0.0,0.0,0.05,0.0445,0.4975
GVR,2020-04-22,15:04:02,HOSE,STOCK,9.96,10.65,9.27,9.7,10.4,9.6,10.05,10.06,8.627,9.25,8.538,8.939,8.947,867890.0,8734130500.0,0.0,0.0,0.09,0.0801,0.9036
GVR,2020-04-21,15:04:02,HOSE,STOCK,10.7,11.4,9.96,10.6,10.7,9.96,9.96,10.19,9.428,9.517,8.859,8.859,9.063,1336580.0,13615605800.0,0.0,0.0,-0.74,-0.6582,-6.9159
GVR,2020-04-20,15:04:03,HOSE,STOCK,10.8,11.55,10.05,11.0,11.25,10.7,10.7,10.93,9.784,10.006,9.517,9.517,9.721,1221230.0,13342734500.0,0.0,0.0,-0.1,-0.0889,-0.9259
GVR,2020-04-17,15:04:01,HOSE,STOCK,10.8,11.55,10.05,11.05,11.15,10.7,10.8,10.88,9.828,9.917,9.517,9.606,9.677,649460.0,7067179500.0,0.0,0.0,0.0,0.0,0.0
GVR,2020-04-16,15:04:02,HOSE,STOCK,11.15,11.9,10.4,11.0,11.15,10.6,10.8,10.88,9.784,9.917,9.428,9.606,9.677,634220.0,6898005000.0,0.0,0.0,-0.35,-0.3113,-3.139
GVR,2020-04-15,15:04:02,HOSE,STOCK,10.8,11.55,10.05,10.5,11.3,10.5,11.15,10.96,9.339,10.05,9.339,9.917,9.748,788140.0,8640707500.0,0.0,0.0,0.35,0.3113,3.2407
GVR,2020-04-14,15:04:02,HOSE,STOCK,10.15,10.85,9.44,10.4,10.85,10.0,10.8,10.38,9.25,9.65,8.894,9.606,9.232,957110.0,9933296500.0,0.0,0.0,0.65,0.5781,6.4039
GVR,2020-04-13,15:04:03,HOSE,STOCK,10.1,10.8,9.4,10.8,10.8,10.15,10.15,10.71,9.606,9.606,9.028,9.028,9.526,2160110.0,23138941500.0,0.0,0.0,0.05,0.0445,0.495
GVR,2020-04-10,15:04:01,HOSE,STOCK,9.45,10.1,8.79,9.95,10.1,9.9,10.1,10.07,8.85,8.983,8.805,8.983,8.956,934920.0,9416870500.0,0.0,0.0,0.65,0.5781,6.8783
GVR,2020-04-09,15:04:02,HOSE,STOCK,8.99,9.61,8.37,9.1,9.53,9.09,9.45,9.32,8.094,8.476,8.085,8.405,8.289,574950.0,5359376200.0,0.0,0.0,0.46,0.4091,5.1168
GVR,2020-04-08,15:04:02,HOSE,STOCK,8.96,9.58,8.34,8.9,8.99,8.8,8.99,8.91,7.916,7.996,7.827,7.996,7.925,212500.0,1893649300.0,0.0,0.0,0.03,0.0267,0.3348
GVR,2020-04-07,15:04:02,HOSE,STOCK,9.1,9.73,8.47,9.1,9.1,8.81,8.96,9.0,8.094,8.094,7.836,7.969,8.005,277730.0,2498731200.0,0.0,0.0,-0.14,-0.1245,-1.5385
GVR,2020-04-06,15:04:02,HOSE,STOCK,8.7,9.3,8.1,8.8,9.1,8.75,9.1,8.95,7.827,8.094,7.782,8.094,7.96,591020.0,5292488400.0,0.0,0.0,0.4,0.3558,4.5977
GVR,2020-04-03,15:04:02,HOSE,STOCK,8.56,9.15,7.97,8.6,8.9,8.5,8.7,8.67,7.649,7.916,7.56,7.738,7.711,356910.0,3092645600.0,0.0,0.0,0.14,0.1245,1.6355
GVR,2020-04-01,15:04:02,HOSE,STOCK,8.38,8.96,7.8,8.38,8.58,8.1,8.56,8.52,7.453,7.631,7.204,7.613,7.578,262480.0,2236120500.0,0.0,0.0,0.18,0.1601,2.148
GVR,2020-03-31,15:03:03,HOSE,STOCK,8.3,8.88,7.72,8.0,8.7,8.0,8.38,8.39,7.115,7.738,7.115,7.453,7.462,572600.0,4802130500.0,0.0,0.0,0.08,0.0712,0.9639
GVR,2020-03-30,15:03:02,HOSE,STOCK,8.46,9.05,7.87,8.25,8.6,7.87,8.3,8.27,7.338,7.649,7.0,7.382,7.355,1792710.0,14818422100.0,0.0,0.0,-0.16,-0.1423,-1.8913
GVR,2020-03-27,15:03:02,HOSE,STOCK,8.55,9.14,7.96,8.6,9.0,8.36,8.46,8.59,7.649,8.005,7.435,7.524,7.64,612810.0,5264540500.0,0.0,0.0,-0.09,-0.08,-1.0526
GVR,2020-03-26,15:03:02,HOSE,STOCK,8.9,9.52,8.28,8.8,8.99,8.55,8.55,8.69,7.827,7.996,7.604,7.604,7.729,811930.0,7052048600.0,0.0,0.0,-0.35,-0.3113,-3.9326
GVR,2020-03-25,15:03:02,HOSE,STOCK,8.7,9.3,8.1,8.8,9.1,8.71,8.9,8.91,7.827,8.094,7.747,7.916,7.925,1559590.0,13900956200.0,0.0,0.0,0.2,0.1779,2.2989
GVR,2020-03-24,15:03:02,HOSE,STOCK,8.5,9.09,7.91,8.25,8.89,8.25,8.7,8.64,7.338,7.907,7.338,7.738,7.685,683830.0,5911462700.0,0.0,0.0,0.2,0.1779,2.3529
GVR,2020-03-23,15:03:02,HOSE,STOCK,9.13,9.76,8.5,8.62,8.63,8.5,8.5,8.51,7.667,7.676,7.56,7.56,7.569,1698240.0,14447922000.0,0.0,0.0,-0.63,-0.5603,-6.9003
GVR,2020-03-20,15:03:02,HOSE,STOCK,9.8,10.45,9.12,9.8,10.0,9.12,9.13,9.29,8.716,8.894,8.111,8.12,8.263,1380930.0,12828261800.0,0.0,0.0,-0.67,-0.5959,-6.8367
GVR,2020-03-19,15:03:02,HOSE,STOCK,10.5,11.2,9.77,10.3,10.3,9.8,9.8,10.0,9.161,9.161,8.716,8.716,8.894,858400.0,8583828500.0,0.0,0.0,-0.7,-0.6226,-6.6667
GVR,2020-03-18,15:03:02,HOSE,STOCK,11.2,11.95,10.45,11.5,11.5,10.45,10.5,10.62,10.228,10.228,9.294,9.339,9.446,1432550.0,15208079500.0,0.0,0.0,-0.7,-0.6226,-6.25
GVR,2020-03-17,15:03:02,HOSE,STOCK,11.57,13.85,9.26,10.5,11.5,9.6,11.2,10.64,9.339,10.228,8.538,9.961,9.463,1626550.0,17310630800.0,0.0,0.0,-0.37,-0.3291,-3.1979
GVR,2020-03-06,15:03:02,UPCOM,STOCK,12.6,14.4,10.8,12.7,12.7,12.3,12.5,12.444,11.296,11.296,10.94,11.118,11.068,1305340.0,16243471000.0,0.0,0.0,-0.1,-0.0889,-0.7937
GVR,2020-03-05,15:03:01,UPCOM,STOCK,12.7,14.6,10.8,12.6,12.8,12.4,12.6,12.575,11.207,11.384,11.029,11.207,11.184,1055157.0,13268476600.0,0.0,0.0,-0.1,-0.0889,-0.7874
GVR,2020-03-04,15:03:01,UPCOM,STOCK,12.9,14.8,11.0,13.0,13.1,12.4,12.6,12.693,11.562,11.651,11.029,11.207,11.289,1656538.0,21026909900.0,0.0,0.0,-0.3,-0.2668,-2.3256
GVR,2020-03-03,15:03:01,UPCOM,STOCK,12.3,14.1,10.5,14.1,14.1,12.4,13.1,12.894,12.541,12.541,11.029,11.651,11.468,1047030.0,13500496000.0,0.0,0.0,0.8,0.7115,6.5041
GVR,2020-03-02,15:03:01,UPCOM,STOCK,12.1,13.9,10.3,11.8,12.7,11.8,12.3,12.32,10.495,11.296,10.495,10.94,10.958,592520.0,7300158000.000001,0.0,0.0,0.2,0.1779,1.6529
GVR,2020-02-28,15:02:01,UPCOM,STOCK,12.4,14.2,10.6,12.3,12.4,12.0,12.2,12.148,10.94,11.029,10.673,10.851,10.805,1264618.0,15362581800.0,0.0,0.0,-0.2,-0.1779,-1.6129
GVR,2020-02-27,15:02:01,UPCOM,STOCK,11.8,13.5,10.1,12.1,12.6,12.0,12.5,12.385,10.762,11.207,10.673,11.118,11.015,1318652.0,16331755000.000002,0.0,0.0,0.7,0.6226,5.9322
GVR,2020-02-26,15:02:01,UPCOM,STOCK,11.2,12.8,9.6,11.3,12.1,11.3,12.1,11.846,10.05,10.762,10.05,10.762,10.536,1272443.0,15072927000.0,0.0,0.0,0.9,0.8005,8.0357
GVR,2020-02-25,15:02:01,UPCOM,STOCK,11.0,12.6,9.4,10.6,11.5,10.6,11.5,11.16,9.428,10.228,9.428,10.228,9.926,1024130.0,11429313000.0,0.0,0.0,0.5,0.4447,4.5455
GVR,2020-02-24,15:02:02,UPCOM,STOCK,11.6,13.3,9.9,11.4,11.5,10.8,11.0,11.018,10.139,10.228,9.606,9.784,9.8,1084607.0,11950393400.0,0.0,0.0,-0.6,-0.5337,-5.1724
GVR,2020-02-21,15:02:02,UPCOM,STOCK,11.7,13.4,10.0,11.8,11.8,11.4,11.5,11.625,10.495,10.495,10.139,10.228,10.339,514152.0,5977142400.0,0.0,0.0,-0.2,-0.1779,-1.7094
GVR,2020-02-20,15:02:01,UPCOM,STOCK,11.6,13.3,9.9,11.9,12.0,11.6,11.8,11.711,10.584,10.673,10.317,10.495,10.416,496270.0,5811590000.0,0.0,0.0,0.2,0.1779,1.7241
GVR,2020-02-19,15:02:01,UPCOM,STOCK,11.2,12.8,9.6,11.3,11.8,11.2,11.8,11.605,10.05,10.495,9.961,10.495,10.322,1159367.0,13454323700.0,0.0,0.0,0.6,0.5336,5.3571
GVR,2020-02-18,15:02:02,UPCOM,STOCK,11.2,12.8,9.6,11.1,11.3,11.1,11.3,11.197,9.872,10.05,9.872,10.05,9.959,472400.0,5289560000.0,0.0,0.0,0.1,0.0889,0.8929
GVR,2020-02-17,15:02:01,UPCOM,STOCK,11.1,12.7,9.5,11.2,11.5,11.1,11.1,11.226,9.961,10.228,9.872,9.872,9.985,314400.0,3529370000.0,0.0,0.0,0.0,0.0,0.0
GVR,2020-02-14,15:02:01,UPCOM,STOCK,10.7,12.3,9.1,10.9,11.4,10.7,11.3,11.085,9.695,10.139,9.517,10.05,9.859,678971.0,7526424200.0,0.0,0.0,0.6,0.5336,5.6075
GVR,2020-02-13,15:02:01,UPCOM,STOCK,10.9,12.5,9.3,10.8,11.0,10.6,10.8,10.743,9.606,9.784,9.428,9.606,9.555,727243.0,7813103000.0,0.0,0.0,-0.1,-0.0889,-0.9174
GVR,2020-02-12,15:02:01,UPCOM,STOCK,10.9,12.5,9.3,11.0,11.0,10.8,10.8,10.871,9.784,9.784,9.606,9.606,9.669,283400.0,3080900000.0,0.0,0.0,-0.1,-0.0889,-0.9174
GVR,2020-02-11,15:02:02,UPCOM,STOCK,10.7,12.3,9.1,10.8,11.0,10.7,10.9,10.898,9.606,9.784,9.517,9.695,9.693,399300.0,4351630000.0,0.0,0.0,0.2,0.1779,1.8692
GVR,2020-02-10,15:02:01,UPCOM,STOCK,10.9,12.5,9.3,10.9,10.9,10.5,10.8,10.65,9.695,9.695,9.339,9.606,9.472,201190.0,2142729000.0,0.0,0.0,-0.1,-0.0889,-0.9174
GVR,2020-02-07,15:02:01,UPCOM,STOCK,10.7,12.3,9.1,11.0,11.0,10.7,10.9,10.863,9.784,9.784,9.517,9.695,9.662,268160.0,2912944000.0,0.0,0.0,0.2,0.1779,1.8692
GVR,2020-02-06,15:02:01,UPCOM,STOCK,10.4,11.9,8.9,10.4,11.1,10.4,10.9,10.721,9.25,9.872,9.25,9.695,9.535,308048.0,3302705800.0,0.0,0.0,0.5,0.4447,4.8077
GVR,2020-02-05,15:02:01,UPCOM,STOCK,10.4,11.9,8.9,10.5,10.8,10.2,10.5,10.354,9.339,9.606,9.072,9.339,9.209,470640.0,4872861000.0,0.0,0.0,0.1,0.0889,0.9615
GVR,2020-02-04,15:02:02,UPCOM,STOCK,10.1,11.6,8.6,10.2,10.5,10.2,10.4,10.356,9.072,9.339,9.072,9.25,9.211,353930.0,3665355000.0,0.0,0.0,0.3,0.2668,2.9703
GVR,2020-02-03,15:02:02,UPCOM,STOCK,11.1,12.7,9.5,10.5,10.7,9.5,10.4,10.068,9.339,9.517,8.449,9.25,8.955,965930.0,9725350400.0,0.0,0.0,-0.7,-0.6226,-6.3063
GVR,2020-01-31,15:01:02,UPCOM,STOCK,11.6,13.3,9.9,11.4,11.4,10.8,10.8,11.091,10.139,10.139,9.606,9.606,9.864,655457.0,7269929700.000001,0.0,0.0,-0.8,-0.7116,-6.8966
GVR,2020-01-30,15:01:01,UPCOM,STOCK,11.9,13.6,10.2,11.8,11.9,11.3,11.5,11.56,10.495,10.584,10.05,10.228,10.282,372714.0,4308651000.0,0.0,0.0,-0.4,-0.3558,-3.3613
GVR,2020-01-22,15:01:01,UPCOM,STOCK,11.7,13.4,10.0,11.8,12.2,11.5,12.1,11.939,10.495,10.851,10.228,10.762,10.619,540290.0,6450540000.0,0.0,0.0,0.4,0.3558,3.4188
GVR,2020-01-21,15:01:01,UPCOM,STOCK,11.5,13.2,9.8,11.6,11.8,11.5,11.8,11.699,10.317,10.495,10.228,10.495,10.405,435320.0,5092712000.0,0.0,0.0,0.3,0.2668,2.6087
GVR,2020-01-20,15:01:01,UPCOM,STOCK,11.4,13.1,9.7,11.5,11.7,11.4,11.5,11.541,10.228,10.406,10.139,10.228,10.265,309240.0,3568954000.0,0.0,0.0,0.1,0.0889,0.8772
GVR,2020-01-17,15:01:01,UPCOM,STOCK,11.0,12.6,9.4,11.2,11.7,11.1,11.4,11.381,9.961,10.406,9.872,10.139,10.122,355706.0,4048147200.0,0.0,0.0,0.4,0.3558,3.6364
GVR,2020-01-16,15:01:01,UPCOM,STOCK,11.2,12.8,9.6,11.2,11.2,10.8,11.2,11.029,9.961,9.961,9.606,9.961,9.809,463400.0,5110790000.0,0.0,0.0,0.0,0.0,0.0
GVR,2020-01-15,15:01:02,UPCOM,STOCK,11.2,12.8,9.6,11.2,11.3,11.1,11.1,11.159,9.961,10.05,9.872,9.872,9.925,188608.0,2104629600.0,0.0,0.0,-0.1,-0.0889,-0.8929
GVR,2020-01-14,15:01:02,UPCOM,STOCK,11.2,12.8,9.6,11.3,11.5,11.1,11.2,11.245,10.05,10.228,9.872,9.961,10.001,290900.0,3271070000.0,0.0,0.0,0.0,0.0,0.0
GVR,2020-01-13,15:01:01,UPCOM,STOCK,11.3,12.9,9.7,11.3,11.3,11.1,11.3,11.245,10.05,10.05,9.872,10.05,10.001,185830.0,2089669000.0,0.0,0.0,0.0,0.0,0.0
GVR,2020-01-10,15:01:02,UPCOM,STOCK,11.0,12.6,9.4,11.0,11.6,11.0,11.2,11.282,9.784,10.317,9.784,9.961,10.034,409717.0,4622418700.0,0.0,0.0,0.2,0.1779,1.8182
GVR,2020-01-09,15:01:01,UPCOM,STOCK,10.9,12.5,9.3,11.0,11.1,10.9,11.0,10.966,9.784,9.872,9.695,9.784,9.753,200020.0,2193372000.0,0.0,0.0,0.1,0.0889,0.9174
GVR,2020-01-08,15:01:01,UPCOM,STOCK,11.2,12.8,9.6,11.2,11.2,10.7,10.8,10.893,9.961,9.961,9.517,9.606,9.688,503454.0,5484139800.0,0.0,0.0,-0.4,-0.3558,-3.5714
GVR,2020-01-07,15:01:01,UPCOM,STOCK,11.6,13.3,9.9,11.6,11.6,11.0,11.2,11.191,10.317,10.317,9.784,9.961,9.953,537260.0,6012616000.0,0.0,0.0,-0.4,-0.3558,-3.4483
GVR,2020-01-06,15:01:02,UPCOM,STOCK,11.9,13.6,10.2,12.2,12.2,11.4,11.5,11.566,10.851,10.851,10.139,10.228,10.287,408280.0,4722329000.0,0.0,0.0,-0.4,-0.3558,-3.3613
GVR,2020-01-03,15:01:01,UPCOM,STOCK,11.1,12.7,9.5,11.3,12.2,11.3,11.7,11.856,10.05,10.851,10.05,10.406,10.545,1116553.0,13238197000.0,0.0,0.0,0.6,0.5336,5.4054
GVR,2020-01-02,15:01:02,UPCOM,STOCK,10.6,12.1,9.1,10.6,11.5,10.6,11.3,11.147,9.428,10.228,9.428,10.05,9.914,762975.0,8504822000.000001,0.0,0.0,0.7,0.6226,6.6038
GVR,2019-12-31,15:12:01,UPCOM,STOCK,10.3,11.8,8.8,10.3,10.8,10.2,10.6,10.596,9.161,9.606,9.072,9.428,9.424,681390.0,7220249000.0,0.0,0.0,0.3,0.2668,2.9126
GVR,2019-12-30,15:12:01,UPCOM,STOCK,10.5,12.0,9.0,10.5,10.6,10.1,10.2,10.266,9.339,9.428,8.983,9.072,9.131,484220.0,4971180000.0,0.0,0.0,-0.3,-0.2668,-2.8571
GVR,2019-12-27,15:12:01,UPCOM,STOCK,10.8,12.4,9.2,10.6,10.6,10.4,10.5,10.475,9.428,9.428,9.25,9.339,9.317,369270.0,3868262000.0,0.0,0.0,-0.3,-0.2668,-2.7778
GVR,2019-12-26,15:12:02,UPCOM,STOCK,10.7,12.3,9.1,10.7,11.0,10.6,10.7,10.756,9.517,9.784,9.428,9.517,9.566,531812.0,5720100400.0,0.0,0.0,0.0,0.0,0.0
GVR,2019-12-25,15:12:01,UPCOM,STOCK,10.4,11.9,8.9,10.4,10.9,10.4,10.8,10.739,9.25,9.695,9.25,9.606,9.551,379000.0,4069960000.0,0.0,0.0,0.4,0.3558,3.8462
GVR,2019-12-24,15:12:02,UPCOM,STOCK,11.2,12.8,9.6,11.2,11.2,9.8,10.5,10.36,9.961,9.961,8.716,9.339,9.214,1361546.0,14105794600.0,0.0,0.0,-0.7,-0.6226,-6.25
GVR,2019-12-23,15:12:01,UPCOM,STOCK,11.9,13.6,10.2,12.0,12.1,10.9,11.2,11.203,10.673,10.762,9.695,9.961,9.964,1272776.0,14259171000.0,0.0,0.0,-0.7,-0.6226,-5.8824
GVR,2019-12-20,15:12:02,UPCOM,STOCK,11.9,13.6,10.2,11.8,12.1,11.8,11.9,11.905,10.495,10.762,10.495,10.584,10.588,169910.0,2022842000.0,0.0,0.0,0.0,0.0,0.0
GVR,2019-12-19,15:12:01,UPCOM,STOCK,12.1,13.9,10.3,12.0,12.1,11.8,12.0,11.93,10.673,10.762,10.495,10.673,10.611,386740.0,4613744000.0,0.0,0.0,-0.1,-0.0889,-0.8264
GVR,2019-12-18,15:12:01,UPCOM,STOCK,12.5,14.3,10.7,12.4,12.4,11.8,12.0,12.108,11.029,11.029,10.495,10.673,10.769,716800.0,8679323000.0,0.0,0.0,-0.5,-0.4447,-4.0
GVR,2019-12-17,15:12:01,UPCOM,STOCK,12.6,14.4,10.8,12.6,12.6,12.4,12.4,12.473,11.207,11.207,11.029,11.029,11.094,198500.0,2475980000.000001,0.0,0.0,-0.2,-0.1779,-1.5873
GVR,2019-12-16,15:12:01,UPCOM,STOCK,12.5,14.3,10.7,12.5,12.8,12.5,12.5,12.638,11.118,11.384,11.118,11.118,11.24,195220.0,2467210000.0,0.0,0.0,0.0,0.0,0.0
GVR,2019-12-13,15:12:01,UPCOM,STOCK,12.3,14.1,10.5,12.5,13.2,12.3,12.5,12.506,11.118,11.74,10.94,11.118,11.123,371530.0,4646311000.0,0.0,0.0,0.2,0.1779,1.626
GVR,2019-12-12,15:12:01,UPCOM,STOCK,12.3,14.1,10.5,12.3,12.4,12.2,12.4,12.315,10.94,11.029,10.851,11.029,10.953,193800.0,2386690000.0,0.0,0.0,0.1,0.0889,0.813
GVR,2019-12-11,15:12:02,UPCOM,STOCK,12.4,14.2,10.6,12.5,12.5,12.2,12.3,12.3,11.118,11.118,10.851,10.94,10.94,209000.0,2570680000.0,0.0,0.0,-0.1,-0.0889,-0.8065
GVR,2019-12-10,15:12:01,UPCOM,STOCK,12.5,14.3,10.7,12.6,12.6,12.3,12.5,12.403,11.207,11.207,10.94,11.118,11.031,193545.0,2400512500.0,0.0,0.0,0.0,0.0,0.0
GVR,2019-12-09,15:12:01,UPCOM,STOCK,12.5,14.3,10.7,12.5,12.7,12.4,12.4,12.523,11.118,11.296,11.029,11.029,11.138,151397.0,1895967200.0,0.0,0.0,-0.1,-0.0889,-0.8
GVR,2019-12-06,15:12:02,UPCOM,STOCK,12.6,14.4,10.8,12.4,12.7,12.4,12.6,12.516,11.029,11.296,11.029,11.207,11.132,137106.0,1716055600.0,0.0,0.0,0.0,0.0,0.0
GVR,2019-12-05,15:12:01,UPCOM,STOCK,12.4,14.2,10.6,12.6,12.8,12.4,12.6,12.62,11.207,11.384,11.029,11.207,11.224,263255.0,3322425000.000001,0.0,0.0,0.2,0.1779,1.6129
GVR,2019-12-04,15:12:01,UPCOM,STOCK,12.4,14.2,10.6,12.3,12.6,12.1,12.6,12.384,10.94,11.207,10.762,11.207,11.014,230600.0,2855850000.0,0.0,0.0,0.2,0.1779,1.6129
GVR,2019-12-03,15:12:01,UPCOM,STOCK,13.2,15.1,11.3,13.1,13.1,12.1,12.2,12.449,11.651,11.651,10.762,10.851,11.072,1055470.0,13139399999.999998,0.0,0.0,-1.0,-0.8894,-7.5758
GVR,2019-12-02,15:12:01,UPCOM,STOCK,13.6,15.6,11.6,13.6,13.6,12.8,13.0,13.185,12.096,12.096,11.384,11.562,11.727,794680.0,10478074500.0,0.0,0.0,-0.6,-0.5336,-4.4118
GVR,2019-11-29,15:11:02,UPCOM,STOCK,13.7,15.7,11.7,13.7,13.7,13.6,13.6,13.625,12.185,12.185,12.096,12.096,12.118,143210.0,1951240000.0,0.0,0.0,-0.1,-0.0889,-0.7299
GVR,2019-11-28,15:11:01,UPCOM,STOCK,13.8,15.8,11.8,14.0,14.7,13.6,13.7,13.713,12.452,13.074,12.096,12.185,12.196,497820.0,6826726000.0,0.0,0.0,-0.1,-0.0889,-0.7246
GVR,2019-11-27,15:11:01,UPCOM,STOCK,13.8,15.8,11.8,13.8,13.9,13.7,13.8,13.812,12.274,12.363,12.185,12.274,12.285,142505.0,1968273000.0,0.0,0.0,0.0,0.0,0.0
GVR,2019-11-26,15:11:01,UPCOM,STOCK,13.8,15.8,11.8,13.8,13.9,13.7,13.8,13.844,12.274,12.363,12.185,12.274,12.313,348230.0,4820969700.0,0.0,0.0,0.0,0.0,0.0
GVR,2019-11-25,15:11:01,UPCOM,STOCK,14.0,16.1,11.9,13.9,13.9,13.7,13.7,13.772,12.363,12.363,12.185,12.185,12.249,363950.0,5012335000.0,0.0,0.0,-0.3,-0.2668,-2.1429
GVR,2019-11-22,15:11:01,UPCOM,STOCK,14.2,16.3,12.1,14.1,14.2,13.8,14.0,13.976,12.541,12.63,12.274,12.452,12.43,357630.0,4998276000.0,0.0,0.0,-0.2,-0.1779,-1.4085
GVR,2019-11-21,15:11:02,UPCOM,STOCK,13.9,15.9,11.9,14.0,14.4,14.0,14.2,14.162,12.452,12.808,12.452,12.63,12.596,1115127.0,15792810700.0,0.0,0.0,0.3,0.2668,2.1583
GVR,2019-11-20,15:11:02,UPCOM,STOCK,13.7,15.7,11.7,13.7,14.1,13.7,14.0,13.916,12.185,12.541,12.185,12.452,12.377,678500.0,9441900000.0,0.0,0.0,0.3,0.2668,2.1898
GVR,2019-11-19,15:11:01,UPCOM,STOCK,13.8,15.8,11.8,13.7,13.8,13.7,13.7,13.712,12.185,12.274,12.185,12.185,12.196,189690.0,2601032000.0,0.0,0.0,-0.1,-0.0889,-0.7246
GVR,2019-11-18,15:11:01,UPCOM,STOCK,13.8,15.8,11.8,13.8,13.9,13.7,13.8,13.804,12.274,12.363,12.185,12.274,12.277,219540.0,3030615000.0,0.0,0.0,0.0,0.0,0.0
GVR,2019-11-15,15:11:01,UPCOM,STOCK,13.9,15.9,11.9,13.9,13.9,13.7,13.8,13.767,12.363,12.363,12.185,12.274,12.245,341050.0,4695198400.0,0.0,0.0,-0.1,-0.0889,-0.7194
GVR,2019-11-14,15:11:01,UPCOM,STOCK,14.0,16.1,11.9,13.9,14.0,13.8,13.9,13.904,12.363,12.452,12.274,12.363,12.366,152880.0,2125703000.0,0.0,0.0,-0.1,-0.0889,-0.7143
GVR,2019-11-13,15:11:01,UPCOM,STOCK,13.8,15.8,11.8,13.9,14.1,13.8,13.9,13.976,12.363,12.541,12.274,12.363,12.43,488704.0,6830226000.0,0.0,0.0,0.1,0.0889,0.7246
GVR,2019-11-12,15:11:01,UPCOM,STOCK,13.8,15.8,11.8,13.8,14.0,13.7,13.8,13.841,12.274,12.452,12.185,12.274,12.31,130305.0,1803519000.0,0.0,0.0,0.0,0.0,0.0
GVR,2019-11-11,15:11:01,UPCOM,STOCK,13.9,15.9,11.9,14.0,14.0,13.7,13.9,13.8,12.452,12.452,12.185,12.363,12.274,363090.0,5010675000.0,0.0,0.0,0.0,0.0,0.0
GVR,2019-11-08,15:11:01,UPCOM,STOCK,13.9,15.9,11.9,13.8,14.0,13.8,14.0,13.873,12.274,12.452,12.274,12.452,12.339,133070.0,1846043000.0,0.0,0.0,0.1,0.0889,0.7194
GVR,2019-11-07,15:11:01,UPCOM,STOCK,14.1,16.2,12.0,14.0,14.0,13.7,13.9,13.882,12.452,12.452,12.185,12.363,12.347,464150.0,6443150000.0,0.0,0.0,-0.2,-0.1779,-1.4184
GVR,2019-11-06,15:11:01,UPCOM,STOCK,13.8,15.8,11.8,13.8,14.3,13.8,14.1,14.092,12.274,12.719,12.274,12.541,12.534,510540.0,7194758999.999999,0.0,0.0,0.3,0.2668,2.1739
GVR,2019-11-05,15:11:02,UPCOM,STOCK,13.9,15.9,11.9,13.8,13.9,13.7,13.9,13.821,12.274,12.363,12.185,12.363,12.293,362543.0,5010754400.0,0.0,0.0,0.0,0.0,0.0
GVR,2019-11-04,15:11:01,UPCOM,STOCK,13.9,15.9,11.9,13.9,14.2,13.6,13.9,13.869,12.363,12.63,12.096,12.363,12.335,648582.0,8995159600.0,0.0,0.0,0.0,0.0,0.0
GVR,2019-11-01,15:11:01,UPCOM,STOCK,14.1,16.2,12.0,14.0,14.1,13.8,13.9,13.876,12.452,12.541,12.274,12.363,12.341,483502.0,6708868200.0,0.0,0.0,-0.2,-0.1779,-1.4184
GVR,2019-10-31,15:10:02,UPCOM,STOCK,14.3,16.4,12.2,14.3,14.4,13.8,14.0,14.11,12.719,12.808,12.274,12.452,12.55,561085.0,7917147200.0,0.0,0.0,-0.3,-0.2668,-2.0979
GVR,2019-10-30,15:10:02,UPCOM,STOCK,14.4,16.5,12.3,14.5,14.6,14.2,14.4,14.318,12.896,12.985,12.63,12.808,12.735,441419.0,6320029700.0,0.0,0.0,0.0,0.0,0.0
GVR,2019-10-29,15:10:01,UPCOM,STOCK,14.3,16.4,12.2,14.2,14.5,14.2,14.4,14.377,12.63,12.896,12.63,12.808,12.787,685385.0,9853971500.0,0.0,0.0,0.1,0.0889,0.6993
GVR,2019-10-28,15:10:01,UPCOM,STOCK,14.5,16.6,12.4,14.5,14.5,14.2,14.3,14.331,12.896,12.896,12.63,12.719,12.746,431861.0,6188978300.000001,0.0,0.0,-0.2,-0.1779,-1.3793
GVR,2019-10-25,15:10:01,UPCOM,STOCK,14.2,16.3,12.1,14.7,14.8,14.3,14.5,14.517,13.074,13.163,12.719,12.896,12.912,1072750.0,15572914000.0,0.0,0.0,0.3,0.2668,2.1127
GVR,2019-10-24,15:10:01,UPCOM,STOCK,13.5,15.5,11.5,13.6,14.7,13.6,14.5,14.188,12.096,13.074,12.096,12.896,12.619,2428013.0,34447921600.0,0.0,0.0,1.0,0.8894,7.4074
GVR,2019-10-23,15:10:01,UPCOM,STOCK,13.2,15.1,11.3,13.2,13.7,13.2,13.6,13.462,11.74,12.185,11.74,12.096,11.973,544200.0,7326280000.0,0.0,0.0,0.4,0.3558,3.0303
GVR,2019-10-22,15:10:02,UPCOM,STOCK,13.5,15.5,11.5,13.4,13.4,13.1,13.2,13.246,11.918,11.918,11.651,11.74,11.781,268570.0,3557465000.0,0.0,0.0,-0.3,-0.2668,-2.2222
GVR,2019-10-21,15:10:01,UPCOM,STOCK,13.6,15.6,11.6,13.6,13.6,13.4,13.5,13.451,12.096,12.096,11.918,12.007,11.963,221501.0,2979513600.0,0.0,0.0,-0.1,-0.0889,-0.7353
GVR,2019-10-18,15:10:02,UPCOM,STOCK,13.6,15.6,11.6,13.7,13.7,13.5,13.5,13.55,12.185,12.185,12.007,12.007,12.052,355560.0,4817736000.0,0.0,0.0,-0.1,-0.0889,-0.7353
GVR,2019-10-17,15:10:01,UPCOM,STOCK,13.7,15.7,11.7,13.7,13.7,13.5,13.6,13.578,12.185,12.185,12.007,12.096,12.076,207670.0,2819672000.0,0.0,0.0,-0.1,-0.0889,-0.7299
GVR,2019-10-16,15:10:01,UPCOM,STOCK,13.7,15.7,11.7,13.7,13.9,13.5,13.6,13.672,12.185,12.363,12.007,12.096,12.16,455735.0,6230825899.999999,0.0,0.0,-0.1,-0.0889,-0.7299
GVR,2019-10-15,15:10:01,UPCOM,STOCK,13.9,15.9,11.9,13.9,13.9,13.6,13.7,13.728,12.363,12.363,12.096,12.185,12.21,245068.0,3364186100.0,0.0,0.0,-0.2,-0.1779,-1.4388
GVR,2019-10-14,15:10:01,UPCOM,STOCK,13.9,15.9,11.9,14.0,14.0,13.8,14.0,13.852,12.452,12.452,12.274,12.452,12.32,494410.0,6848399000.0,0.0,0.0,0.1,0.0889,0.7194
GVR,2019-10-11,15:10:01,UPCOM,STOCK,14.0,16.1,11.9,14.0,14.1,13.8,14.0,13.939,12.452,12.541,12.274,12.452,12.397,360193.0,5020696700.0,0.0,0.0,0.0,0.0,0.0
GVR,2019-10-10,15:10:01,UPCOM,STOCK,13.7,15.7,11.7,13.7,14.1,13.7,14.0,13.95,12.185,12.541,12.185,12.452,12.407,741530.0,10344002000.0,0.0,0.0,0.3,0.2668,2.1898
GVR,2019-10-09,15:10:01,UPCOM,STOCK,13.7,15.7,11.7,13.7,13.8,13.6,13.7,13.659,12.185,12.274,12.096,12.185,12.148,324816.0,4436759200.0,0.0,0.0,0.0,0.0,0.0
GVR,2019-10-08,15:10:02,UPCOM,STOCK,13.7,15.7,11.7,13.7,13.8,13.5,13.8,13.685,12.185,12.274,12.007,12.274,12.172,243379.0,3330741400.0,0.0,0.0,0.1,0.0889,0.7299
GVR,2019-10-07,15:10:01,UPCOM,STOCK,13.9,15.9,11.9,13.8,13.9,13.5,13.5,13.671,12.274,12.363,12.007,12.007,12.159,326356.0,4461604200.0,0.0,0.0,-0.4,-0.3558,-2.8777
GVR,2019-10-04,15:10:02,UPCOM,STOCK,13.8,15.8,11.8,13.8,14.0,13.7,13.9,13.851,12.274,12.452,12.185,12.363,12.319,320600.0,4440650000.0,0.0,0.0,0.1,0.0889,0.7246
GVR,2019-10-03,15:10:02,UPCOM,STOCK,14.0,16.1,11.9,13.8,14.0,13.5,14.0,13.799,12.274,12.452,12.007,12.452,12.273,335879.0,4634768100.0,0.0,0.0,0.0,0.0,0.0
GVR,2019-10-02,15:10:01,UPCOM,STOCK,14.2,16.3,12.1,14.2,14.3,13.8,13.8,14.012,12.63,12.719,12.274,12.274,12.462,595930.0,8350396000.0,0.0,0.0,-0.4,-0.3558,-2.8169
GVR,2019-10-01,15:10:01,UPCOM,STOCK,13.6,15.6,11.6,13.7,14.3,13.6,14.2,14.153,12.185,12.719,12.096,12.63,12.588,1325100.0,18754433400.0,0.0,0.0,0.6,0.5337,4.4118
GVR,2019-09-30,15:09:01,UPCOM,STOCK,13.6,15.6,11.6,13.6,13.8,13.6,13.7,13.641,12.096,12.274,12.096,12.185,12.132,610142.0,8322714600.000001,0.0,0.0,0.1,0.0889,0.7353
GVR,2019-09-27,15:09:01,UPCOM,STOCK,13.7,15.7,11.7,13.7,13.7,13.4,13.7,13.578,12.185,12.185,11.918,12.185,12.076,342902.0,4655837400.0,0.0,0.0,0.0,0.0,0.0
GVR,2019-09-26,15:09:01,UPCOM,STOCK,13.6,15.6,11.6,13.7,13.8,13.6,13.7,13.665,12.185,12.274,12.096,12.185,12.154,281190.0,3842562000.0,0.0,0.0,0.1,0.0889,0.7353
GVR,2019-09-25,15:09:01,UPCOM,STOCK,13.5,15.5,11.5,13.5,13.7,13.5,13.6,13.605,12.007,12.185,12.007,12.096,12.1,384710.0,5234106000.0,0.0,0.0,0.1,0.0889,0.7407
GVR,2019-09-24,15:09:02,UPCOM,STOCK,13.6,15.6,11.6,13.5,13.6,13.4,13.5,13.484,12.007,12.096,11.918,12.007,11.993,575380.0,7758583799.999999,0.0,0.0,-0.1,-0.0889,-0.7353
GVR,2019-09-23,15:09:01,UPCOM,STOCK,13.8,15.8,11.8,13.8,13.8,13.5,13.5,13.643,12.274,12.274,12.007,12.007,12.134,308189.0,4204504300.0,0.0,0.0,-0.3,-0.2668,-2.1739
GVR,2019-09-20,15:09:02,UPCOM,STOCK,13.9,15.9,11.9,13.8,14.0,13.7,13.7,13.794,12.274,12.452,12.185,12.185,12.269,500199.0,6899580200.0,0.0,0.0,-0.2,-0.1779,-1.4388
GVR,2019-09-19,15:09:02,UPCOM,STOCK,14.0,16.1,11.9,13.9,14.0,13.8,13.9,13.851,12.363,12.452,12.274,12.363,12.319,275700.0,3818733000.0,0.0,0.0,-0.1,-0.0889,-0.7143
GVR,2019-09-18,15:09:01,UPCOM,STOCK,13.9,15.9,11.9,14.1,14.3,13.9,13.9,14.019,12.541,12.719,12.363,12.363,12.469,401050.0,5622460000.000001,0.0,0.0,0.0,0.0,0.0
GVR,2019-09-17,15:09:01,UPCOM,STOCK,13.5,15.5,11.5,13.6,14.3,13.4,14.1,13.925,12.096,12.719,11.918,12.541,12.385,796750.0,11094606800.000002,0.0,0.0,0.6,0.5337,4.4444
GVR,2019-09-16,15:09:02,UPCOM,STOCK,13.6,15.6,11.6,13.7,13.8,13.4,13.5,13.533,12.185,12.274,11.918,12.007,12.036,236460.0,3200013000.0,0.0,0.0,-0.1,-0.0889,-0.7353
GVR,2019-09-13,15:09:01,UPCOM,STOCK,13.7,15.7,11.7,13.7,13.8,13.5,13.7,13.644,12.185,12.274,12.007,12.185,12.135,513446.0,7005717700.0,0.0,0.0,0.0,0.0,0.0
GVR,2019-09-12,15:09:01,UPCOM,STOCK,13.3,15.2,11.4,13.5,13.9,13.5,13.8,13.718,12.007,12.363,12.007,12.274,12.201,510910.0,7008655999.999999,0.0,0.0,0.5,0.4447,3.7594
GVR,2019-09-11,15:09:01,UPCOM,STOCK,13.3,15.2,11.4,13.3,13.5,13.1,13.5,13.31,11.829,12.007,11.651,12.007,11.838,320810.0,4270015000.0,0.0,0.0,0.2,0.1779,1.5038
GVR,2019-09-10,15:09:02,UPCOM,STOCK,13.7,15.7,11.7,13.5,13.8,13.0,13.2,13.306,12.007,12.274,11.562,11.74,11.834,1168851.0,15553200500.0,0.0,0.0,-0.5,-0.4447,-3.6496
GVR,2019-09-09,15:09:02,UPCOM,STOCK,14.2,16.3,12.1,14.2,14.2,13.4,13.5,13.716,12.63,12.63,11.918,12.007,12.199,738107.0,10123981300.0,0.0,0.0,-0.7,-0.6226,-4.9296
GVR,2019-09-06,15:09:01,UPCOM,STOCK,14.4,16.5,12.3,14.4,14.4,13.9,14.0,14.172,12.808,12.808,12.363,12.452,12.605,459482.0,6511573400.0,0.0,0.0,-0.4,-0.3558,-2.7778
GVR,2019-09-05,15:09:02,UPCOM,STOCK,14.0,16.1,11.9,14.4,14.7,14.2,14.2,14.4,12.808,13.074,12.63,12.63,12.808,534821.0,7701574600.0,0.0,0.0,0.2,0.1779,1.4286
GVR,2019-09-04,15:09:02,UPCOM,STOCK,14.6,16.7,12.5,14.1,14.6,13.3,14.5,13.951,12.541,12.985,11.829,12.896,12.408,1679787.0,23434252800.000004,0.0,0.0,-0.1,-0.0889,-0.6849
GVR,2019-09-03,15:09:01,UPCOM,STOCK,15.2,17.4,13.0,15.0,15.1,14.0,14.1,14.561,13.341,13.43,12.452,12.541,12.951,1819609.0,26495124500.0,0.0,0.0,-1.1,-0.9784,-7.2368
GVR,2019-08-30,15:08:01,UPCOM,STOCK,15.6,17.9,13.3,15.5,15.6,14.9,15.0,15.224,13.786,13.875,13.252,13.341,13.54,1945710.0,29621810000.0,0.0,0.0,-0.6,-0.5336,-3.8462
GVR,2019-08-29,15:08:01,UPCOM,STOCK,16.0,18.4,13.6,15.8,16.0,15.3,15.4,15.618,14.053,14.231,13.608,13.697,13.891,1186435.0,18530396100.0,0.0,0.0,-0.6,-0.5336,-3.75
GVR,2019-08-28,15:08:01,UPCOM,STOCK,15.9,18.2,13.6,15.9,16.1,15.7,15.9,15.953,14.142,14.32,13.964,14.142,14.189,559433.0,8924657100.0,0.0,0.0,0.0,0.0,0.0
GVR,2019-08-27,15:08:02,UPCOM,STOCK,16.1,18.5,13.7,16.1,16.1,15.7,15.9,15.888,14.32,14.32,13.964,14.142,14.131,1490955.0,23688961799.999996,0.0,0.0,-0.2,-0.1779,-1.2422
GVR,2019-08-26,15:08:01,UPCOM,STOCK,16.1,18.5,13.7,16.0,16.4,15.8,16.1,16.06,14.231,14.586,14.053,14.32,14.284,1233815.0,19815591500.0,0.0,0.0,0.0,0.0,0.0
GVR,2019-08-23,15:08:01,UPCOM,STOCK,16.4,18.8,14.0,16.4,16.5,15.9,16.1,16.123,14.586,14.675,14.142,14.32,14.34,855980.0,13801003999.999998,0.0,0.0,-0.3,-0.2668,-1.8293
GVR,2019-08-22,15:08:01,UPCOM,STOCK,16.3,18.7,13.9,16.3,16.6,16.1,16.4,16.372,14.497,14.764,14.32,14.586,14.561,1067820.0,17481947000.0,0.0,0.0,0.1,0.0889,0.6135
GVR,2019-08-21,15:08:01,UPCOM,STOCK,16.3,18.7,13.9,16.5,16.6,16.1,16.2,16.339,14.675,14.764,14.32,14.408,14.532,1354115.0,22124386500.0,0.0,0.0,-0.1,-0.0889,-0.6135
GVR,2019-08-20,15:08:02,UPCOM,STOCK,15.7,18.0,13.4,15.7,16.7,15.5,16.5,16.271,13.964,14.853,13.786,14.675,14.472,2107090.0,34283661300.0,0.0,0.0,0.8,0.7115,5.0955
GVR,2019-08-19,15:08:01,UPCOM,STOCK,15.8,18.1,13.5,15.7,15.9,15.5,15.6,15.678,13.964,14.142,13.786,13.875,13.944,556650.0,8727196000.0,0.0,0.0,-0.2,-0.1779,-1.2658
GVR,2019-08-16,15:08:01,UPCOM,STOCK,15.3,17.5,13.1,15.7,16.0,15.6,15.7,15.801,13.964,14.231,13.875,13.964,14.054,958722.0,15149145599.999998,0.0,0.0,0.4,0.3558,2.6144
GVR,2019-08-15,15:08:01,UPCOM,STOCK,15.4,17.7,13.1,15.0,15.8,14.8,15.7,15.334,13.341,14.053,13.163,13.964,13.638,1680821.0,25773347300.0,0.0,0.0,0.3,0.2668,1.9481
GVR,2019-08-14,15:08:01,UPCOM,STOCK,15.5,17.8,13.2,15.5,15.7,15.1,15.5,15.4,13.786,13.964,13.43,13.786,13.697,836000.0,12874329000.0,0.0,0.0,0.0,0.0,0.0
GVR,2019-08-13,15:08:01,UPCOM,STOCK,16.3,18.7,13.9,16.2,16.2,15.1,15.3,15.507,14.408,14.408,13.43,13.608,13.792,3042385.0,47178528100.0,0.0,0.0,-1.0,-0.8894,-6.135
GVR,2019-08-12,15:08:01,UPCOM,STOCK,16.6,19.0,14.2,16.3,16.6,15.8,16.1,16.285,14.497,14.764,14.053,14.32,14.484,1793426.0,29205319500.0,0.0,0.0,-0.5,-0.4447,-3.012
GVR,2019-08-09,15:08:02,UPCOM,STOCK,16.6,19.0,14.2,16.7,16.8,16.4,16.4,16.57,14.853,14.942,14.586,14.586,14.738,1033647.0,17127680200.0,0.0,0.0,-0.2,-0.1779,-1.2048
GVR,2019-08-08,15:08:01,UPCOM,STOCK,16.4,18.8,14.0,16.4,16.9,16.4,16.6,16.63,14.586,15.031,14.586,14.764,14.791,1202941.0,20004624700.0,0.0,0.0,0.2,0.1779,1.2195
GVR,2019-08-07,15:08:01,UPCOM,STOCK,16.6,19.0,14.2,16.9,17.2,16.2,16.6,16.645,14.81,15.073,14.197,14.547,14.587,2001054.0,33307371200.0,0.0,0.0,0.0,0.0,0.0
GVR,2019-08-06,15:08:01,UPCOM,STOCK,15.9,18.2,13.6,15.9,17.5,15.6,16.8,16.612,13.934,15.336,13.671,14.722,14.558,3279060.0,54470761000.0,0.0,0.0,0.9,0.7887,5.6604
GVR,2019-08-05,15:08:02,UPCOM,STOCK,15.3,17.5,13.1,15.5,16.2,15.4,16.0,15.936,13.583,14.197,13.496,14.021,13.965,2440747.0,38894800400.0,0.0,0.0,0.7,0.6134,4.5752
GVR,2019-08-02,15:08:01,UPCOM,STOCK,14.8,17.0,12.6,14.8,15.6,14.6,15.5,15.277,12.97,13.671,12.795,13.583,13.388,3588142.0,54816304900.0,0.0,0.0,0.7,0.6134,4.7297
GVR,2019-08-01,15:08:01,UPCOM,STOCK,14.6,16.7,12.5,14.8,14.9,14.6,14.8,14.768,12.97,13.057,12.795,12.97,12.942,918070.0,13557595000.0,0.0,0.0,0.2,0.1753,1.3699
GVR,2019-07-31,15:07:02,UPCOM,STOCK,14.9,17.1,12.7,14.7,15.0,13.9,14.9,14.633,12.882,13.145,12.181,13.057,12.823,2176831.0,31853386699.999996,0.0,0.0,0.0,0.0,0.0
GVR,2019-07-30,15:07:02,UPCOM,STOCK,14.7,16.9,12.5,14.8,15.2,14.6,14.6,14.883,12.97,13.32,12.795,12.795,13.043,1749362.0,26036583999.999996,0.0,0.0,-0.1,-0.0876,-0.6803
GVR,2019-07-29,15:07:01,UPCOM,STOCK,14.6,16.7,12.5,14.5,14.9,14.4,14.9,14.741,12.707,13.057,12.619,13.057,12.918,1392733.0,20530499300.0,0.0,0.0,0.3,0.2629,2.0548
GVR,2019-07-26,15:07:01,UPCOM,STOCK,14.9,17.1,12.7,14.8,14.8,14.4,14.6,14.619,12.97,12.97,12.619,12.795,12.811,1306575.0,19101448000.0,0.0,0.0,-0.3,-0.2629,-2.0134
GVR,2019-07-25,15:07:01,UPCOM,STOCK,14.8,17.0,12.6,15.0,15.2,14.7,14.9,14.898,13.145,13.32,12.882,13.057,13.056,1993330.0,29696306000.0,0.0,0.0,0.1,0.0876,0.6757
GVR,2019-07-24,15:07:01,UPCOM,STOCK,14.3,16.4,12.2,14.4,15.0,14.4,15.0,14.775,12.619,13.145,12.619,13.145,12.948,4416170.0,65247478000.0,0.0,0.0,0.7,0.6134,4.8951
GVR,2019-07-23,15:07:02,UPCOM,STOCK,14.1,16.2,12.0,14.2,14.5,14.0,14.4,14.262,12.444,12.707,12.269,12.619,12.498,2127440.0,30340993000.0,0.0,0.0,0.3,0.2629,2.1277
GVR,2019-07-22,15:07:01,UPCOM,STOCK,13.8,15.8,11.8,13.8,14.4,13.6,14.2,14.132,12.093,12.619,11.918,12.444,12.384,2587667.0,36568155000.0,0.0,0.0,0.4,0.3505,2.8986
GVR,2019-07-19,15:07:01,UPCOM,STOCK,13.7,15.7,11.7,13.7,14.0,13.6,13.8,13.798,12.006,12.269,11.918,12.093,12.092,1221223.0,16850710000.000004,0.0,0.0,0.1,0.0876,0.7299
GVR,2019-07-18,15:07:01,UPCOM,STOCK,13.7,15.7,11.7,13.6,13.8,13.5,13.8,13.66,11.918,12.093,11.831,12.093,11.971,578070.0,7896158999.999999,0.0,0.0,0.1,0.0876,0.7299
GVR,2019-07-17,15:07:01,UPCOM,STOCK,13.8,15.8,11.8,13.3,13.8,13.3,13.6,13.676,11.655,12.093,11.655,11.918,11.985,599004.0,8191823700.000001,0.0,0.0,-0.2,-0.1753,-1.4493
GVR,2019-07-16,15:07:01,UPCOM,STOCK,13.4,15.4,11.4,13.4,14.0,13.4,13.8,13.806,11.743,12.269,11.743,12.093,12.099,2044110.0,28221266500.0,0.0,0.0,0.4,0.3505,2.9851
GVR,2019-07-15,15:07:01,UPCOM,STOCK,13.5,15.5,11.5,13.4,13.5,13.2,13.3,13.361,11.743,11.831,11.568,11.655,11.709,530240.0,7084537000.0,0.0,0.0,-0.2,-0.1753,-1.4815
GVR,2019-07-12,15:07:01,UPCOM,STOCK,13.7,15.7,11.7,13.7,13.8,13.4,13.4,13.546,12.006,12.093,11.743,11.743,11.871,796565.0,10790241000.0,0.0,0.0,-0.3,-0.2629,-2.1898
GVR,2019-07-11,15:07:01,UPCOM,STOCK,13.4,15.4,11.4,13.4,13.9,13.4,13.7,13.702,11.743,12.181,11.743,12.006,12.008,2098200.0,28749207000.0,0.0,0.0,0.3,0.2629,2.2388
GVR,2019-07-10,15:07:01,UPCOM,STOCK,13.3,15.2,11.4,13.2,13.6,13.2,13.5,13.422,11.568,11.918,11.568,11.831,11.762,1881870.0,25258331000.0,0.0,0.0,0.2,0.1753,1.5038
GVR,2019-07-09,15:07:02,UPCOM,STOCK,13.2,15.1,11.3,13.1,13.5,13.1,13.2,13.319,11.48,11.831,11.48,11.568,11.672,1032420.0,13750557000.0,0.0,0.0,0.0,0.0,0.0
GVR,2019-07-08,15:07:02,UPCOM,STOCK,13.4,15.4,11.4,13.7,13.7,13.0,13.1,13.249,12.006,12.006,11.392,11.48,11.611,916931.0,12148594700.0,0.0,0.0,-0.3,-0.2629,-2.2388
GVR,2019-07-05,15:07:01,UPCOM,STOCK,13.0,14.9,11.1,13.0,13.7,13.0,13.6,13.38,11.392,12.006,11.392,11.918,11.725,1329028.0,17782828800.0,0.0,0.0,0.6,0.5258,4.6154
GVR,2019-07-04,15:07:01,UPCOM,STOCK,13.0,14.9,11.1,13.0,13.2,12.9,13.1,13.048,11.392,11.568,11.305,11.48,11.434,428432.0,5590101000.0,0.0,0.0,0.1,0.0876,0.7692
GVR,2019-07-03,15:07:01,UPCOM,STOCK,12.9,14.8,11.0,13.0,13.2,12.9,13.0,13.044,11.392,11.568,11.305,11.392,11.431,679263.0,8860633100.000002,0.0,0.0,0.1,0.0876,0.7752
GVR,2019-07-02,15:07:01,UPCOM,STOCK,12.6,14.4,10.8,12.7,13.2,12.5,13.1,12.92,11.129,11.568,10.954,11.48,11.322,893442.0,11543583800.0,0.0,0.0,0.5,0.4382,3.9683
GVR,2019-07-01,15:07:01,UPCOM,STOCK,12.5,14.3,10.7,12.6,12.8,12.5,12.8,12.648,11.042,11.217,10.954,11.217,11.084,266613.0,3372003200.0,0.0,0.0,0.3,0.2629,2.4
GVR,2019-06-28,15:06:01,UPCOM,STOCK,12.7,14.6,10.8,12.6,12.7,12.3,12.6,12.497,11.042,11.129,10.779,11.042,10.952,333500.0,4167666300.0,0.0,0.0,-0.1,-0.0876,-0.7874
GVR,2019-06-27,15:06:01,UPCOM,STOCK,12.8,14.7,10.9,12.7,13.0,12.5,12.7,12.665,11.129,11.392,10.954,11.129,11.099,564900.0,7154210000.0,0.0,0.0,-0.1,-0.0876,-0.7813
GVR,2019-06-26,15:06:01,UPCOM,STOCK,12.6,14.4,10.8,12.6,13.0,12.6,12.8,12.839,11.042,11.392,11.042,11.217,11.251,459862.0,5904201500.0,0.0,0.0,0.2,0.1753,1.5873
GVR,2019-06-25,15:06:01,UPCOM,STOCK,12.8,14.7,10.9,12.8,12.8,12.4,12.8,12.598,11.217,11.217,10.867,11.217,11.04,487647.0,6143624200.000001,0.0,0.0,0.0,0.0,0.0
GVR,2019-06-24,15:06:02,UPCOM,STOCK,13.2,15.1,11.3,13.0,13.3,12.6,12.8,12.846,11.392,11.655,11.042,11.217,11.257,979786.0,12586569100.0,0.0,0.0,-0.4,-0.3505,-3.0303
GVR,2019-06-21,15:06:01,UPCOM,STOCK,13.6,15.6,11.6,13.5,13.5,13.0,13.3,13.204,11.831,11.831,11.392,11.655,11.571,914460.0,12074322300.0,0.0,0.0,-0.3,-0.2629,-2.2059
GVR,2019-06-20,15:06:01,UPCOM,STOCK,13.5,15.5,11.5,13.8,13.9,13.4,13.5,13.575,12.093,12.181,11.743,11.831,11.896,1058415.0,14367905500.0,0.0,0.0,0.0,0.0,0.0
GVR,2019-06-19,15:06:01,UPCOM,STOCK,13.3,15.2,11.4,13.5,13.7,13.3,13.5,13.478,11.831,12.006,11.655,11.831,11.811,730852.0,9850443400.0,0.0,0.0,0.2,0.1753,1.5038
GVR,2019-06-18,15:06:01,UPCOM,STOCK,13.2,15.1,11.3,13.2,13.5,13.2,13.4,13.305,11.568,11.831,11.568,11.743,11.66,761047.0,10125886100.0,0.0,0.0,0.2,0.1753,1.5152
GVR,2019-06-17,15:06:01,UPCOM,STOCK,13.6,15.6,11.6,13.4,13.5,13.0,13.2,13.185,11.743,11.831,11.392,11.568,11.554,798833.0,10532369800.0,0.0,0.0,-0.4,-0.3505,-2.9412
GVR,2019-06-14,15:06:01,UPCOM,STOCK,14.0,16.1,11.9,13.8,14.0,13.2,13.4,13.552,12.093,12.269,11.568,11.743,11.876,1407731.0,19077310800.0,0.0,0.0,-0.6,-0.5258,-4.2857
GVR,2019-06-13,15:06:01,UPCOM,STOCK,13.6,15.6,11.6,13.5,14.4,13.5,13.9,14.038,11.831,12.619,11.831,12.181,12.302,1673717.0,23495643200.0,0.0,0.0,0.3,0.2629,2.2059
GVR,2019-06-12,15:06:01,UPCOM,STOCK,13.1,15.0,11.2,13.1,14.0,12.9,13.6,13.628,11.48,12.269,11.305,11.918,11.943,2636146.0,35926654000.0,0.0,0.0,0.5,0.4382,3.8168
GVR,2019-06-11,15:06:01,UPCOM,STOCK,13.2,15.1,11.3,13.0,13.4,12.8,13.0,13.105,11.392,11.743,11.217,11.392,11.484,1071010.0,14035605000.0,0.0,0.0,-0.2,-0.1753,-1.5152
GVR,2019-06-10,15:06:01,UPCOM,STOCK,13.1,15.0,11.2,13.5,13.6,12.8,13.0,13.155,11.831,11.918,11.217,11.392,11.528,856187.0,11263300400.0,0.0,0.0,-0.1,-0.0876,-0.7634
GVR,2019-06-07,15:06:01,UPCOM,STOCK,12.2,14.0,10.4,12.4,13.5,12.4,13.5,13.118,10.867,11.831,10.867,11.831,11.496,3056130.0,40091636800.0,0.0,0.0,1.3,1.1393,10.6557
GVR,2019-06-06,15:06:01,UPCOM,STOCK,11.6,13.3,9.9,11.7,12.4,11.7,12.4,12.173,10.253,10.867,10.253,10.867,10.668,991017.0,12063915900.0,0.0,0.0,0.8,0.7011,6.8966
GVR,2019-06-05,15:06:01,UPCOM,STOCK,11.5,13.2,9.8,11.5,11.8,11.4,11.6,11.607,10.078,10.341,9.99,10.165,10.172,230030.0,2669931000.0,0.0,0.0,0.1,0.0876,0.8696
GVR,2019-06-04,15:06:01,UPCOM,STOCK,11.6,13.3,9.9,11.6,11.7,11.4,11.6,11.532,10.165,10.253,9.99,10.165,10.106,203310.0,2344576000.0,0.0,0.0,0.0,0.0,0.0
GVR,2019-06-03,15:06:01,UPCOM,STOCK,12.0,13.8,10.2,11.7,11.8,11.1,11.6,11.56,10.253,10.341,9.727,10.165,10.13,558702.0,6458480000.0,0.0,0.0,-0.4,-0.3505,-3.3333
GVR,2019-05-31,15:05:01,UPCOM,STOCK,12.4,14.2,10.6,12.3,12.3,11.6,11.7,11.972,10.779,10.779,10.165,10.253,10.491,635603.0,7609687500.0,0.0,0.0,-0.7,-0.6134,-5.6452
GVR,2019-05-30,15:05:01,UPCOM,STOCK,12.6,14.4,10.8,12.6,12.7,12.3,12.5,12.441,11.042,11.129,10.779,10.954,10.902,381800.0,4750120000.0,0.0,0.0,-0.1,-0.0876,-0.7937
GVR,2019-05-29,15:05:01,UPCOM,STOCK,12.5,14.3,10.7,13.0,13.0,12.4,12.4,12.6,11.392,11.392,10.867,10.867,11.042,567397.0,7149480500.0,0.0,0.0,-0.1,-0.0876,-0.8
GVR,2019-05-28,15:05:01,UPCOM,STOCK,11.5,13.2,9.8,11.8,12.8,11.7,12.7,12.498,10.341,11.217,10.253,11.129,10.952,1251990.0,15647777000.0,0.0,0.0,1.2,1.0516,10.4348
GVR,2019-05-27,15:05:01,UPCOM,STOCK,11.6,13.3,9.9,11.5,11.8,11.4,11.8,11.531,10.078,10.341,9.99,10.341,10.105,230532.0,2658195800.0,0.0,0.0,0.2,0.1753,1.7241
GVR,2019-05-24,15:05:01,UPCOM,STOCK,11.7,13.4,10.0,11.8,11.8,11.3,11.5,11.572,10.341,10.341,9.903,10.078,10.141,357337.0,4135127100.0,0.0,0.0,-0.2,-0.1753,-1.7094
GVR,2019-05-23,15:05:01,UPCOM,STOCK,12.0,13.8,10.2,11.8,11.9,11.6,11.9,11.739,10.341,10.428,10.165,10.428,10.287,267865.0,3144581400.0,0.0,0.0,-0.1,-0.0876,-0.8333
GVR,2019-05-22,15:05:01,UPCOM,STOCK,11.8,13.5,10.1,12.0,12.2,11.7,11.8,11.978,10.516,10.691,10.253,10.341,10.497,531842.0,6370245000.0,0.0,0.0,0.0,0.0,0.0
GVR,2019-05-21,15:05:01,UPCOM,STOCK,11.5,13.2,9.8,11.5,12.0,11.5,12.0,11.798,10.078,10.516,10.078,10.516,10.339,606100.0,7151052000.0,0.0,0.0,0.5,0.4382,4.3478
GVR,2019-05-20,15:05:01,UPCOM,STOCK,11.5,13.2,9.8,11.5,11.7,11.3,11.5,11.501,10.078,10.253,9.903,10.078,10.079,282082.0,3244212500.0,0.0,0.0,0.0,0.0,0.0
GVR,2019-05-17,15:05:01,UPCOM,STOCK,11.4,13.1,9.7,11.4,11.6,11.4,11.5,11.507,9.99,10.165,9.99,10.078,10.084,394711.0,4541746900.0,0.0,0.0,0.1,0.0876,0.8772
GVR,2019-05-16,15:05:01,UPCOM,STOCK,11.5,13.2,9.8,11.4,11.5,11.3,11.4,11.431,9.99,10.078,9.903,9.99,10.017,237250.0,2711909000.0,0.0,0.0,-0.1,-0.0876,-0.8696
GVR,2019-05-15,15:05:01,UPCOM,STOCK,11.3,12.9,9.7,11.2,11.7,11.2,11.4,11.479,9.815,10.253,9.815,9.99,10.059,161740.0,1856605000.0,0.0,0.0,0.1,0.0876,0.885
GVR,2019-05-14,15:05:01,UPCOM,STOCK,10.8,12.4,9.2,10.8,11.6,10.8,11.5,11.333,9.464,10.165,9.464,10.078,9.932,855971.0,9700795500.0,0.0,0.0,0.7,0.6134,6.4815
GVR,2019-05-13,15:05:01,UPCOM,STOCK,10.6,12.1,9.1,10.7,11.0,10.5,11.0,10.801,9.377,9.64,9.202,9.64,9.465,294685.0,3183025000.0,0.0,0.0,0.4,0.3505,3.7736
GVR,2019-05-10,15:05:01,UPCOM,STOCK,10.7,12.3,9.1,10.7,10.7,10.5,10.6,10.552,9.377,9.377,9.202,9.289,9.247,120001.0,1266300800.0,0.0,0.0,-0.1,-0.0876,-0.9346
GVR,2019-05-09,15:05:01,UPCOM,STOCK,10.6,12.1,9.1,10.5,11.2,10.4,10.6,10.698,9.202,9.815,9.114,9.289,9.375,596000.0,6376290000.0,0.0,0.0,0.0,0.0,0.0
GVR,2019-05-08,15:05:01,UPCOM,STOCK,10.9,12.5,9.3,10.4,10.8,10.4,10.5,10.6,9.114,9.464,9.114,9.202,9.289,326500.0,3460990000.0,0.0,0.0,-0.4,-0.3506,-3.6697
GVR,2019-05-07,15:05:01,UPCOM,STOCK,10.8,12.4,9.2,10.8,11.4,10.6,10.9,10.861,9.464,9.99,9.289,9.552,9.518,305800.0,3321170000.0,0.0,0.0,0.1,0.0876,0.9259
GVR,2019-05-06,15:05:01,UPCOM,STOCK,11.0,12.6,9.4,11.0,11.1,10.5,10.7,10.753,9.64,9.727,9.202,9.377,9.423,214900.0,2310790000.000001,0.0,0.0,-0.3,-0.2629,-2.7273
GVR,2019-05-03,15:05:01,UPCOM,STOCK,11.1,12.7,9.5,11.0,11.2,10.9,11.0,10.999,9.64,9.815,9.552,9.64,9.639,143210.0,1575120000.0,0.0,0.0,-0.1,-0.0876,-0.9009
GVR,2019-05-02,15:05:01,UPCOM,STOCK,11.0,12.6,9.4,11.1,11.3,10.9,11.2,11.089,9.727,9.903,9.552,9.815,9.718,227210.0,2519460000.0,0.0,0.0,0.2,0.1753,1.8182
GVR,2019-04-26,15:04:01,UPCOM,STOCK,11.2,12.8,9.6,11.1,11.1,10.9,11.1,10.994,9.727,9.727,9.552,9.727,9.634,214540.0,2358620000.0,0.0,0.0,-0.1,-0.0876,-0.8929
GVR,2019-04-25,15:04:01,UPCOM,STOCK,11.0,12.6,9.4,11.0,11.5,11.0,11.2,11.214,9.64,10.078,9.64,9.815,9.827,125900.0,1411780000.0,0.0,0.0,0.2,0.1753,1.8182
GVR,2019-04-24,15:04:02,UPCOM,STOCK,11.1,12.7,9.5,11.3,11.3,11.0,11.0,11.04,9.903,9.903,9.64,9.64,9.675,80720.0,891181000.0,0.0,0.0,-0.1,-0.0876,-0.9009
GVR,2019-04-23,15:04:01,UPCOM,STOCK,11.0,12.6,9.4,11.0,11.5,10.9,11.1,11.066,9.64,10.078,9.552,9.727,9.698,193830.0,2145000000.0,0.0,0.0,0.1,0.0876,0.9091
GVR,2019-04-22,15:04:01,UPCOM,STOCK,11.2,12.8,9.6,11.2,11.2,10.8,10.9,10.97,9.815,9.815,9.464,9.552,9.613,198920.0,2182109000.0,0.0,0.0,-0.3,-0.2629,-2.6786
GVR,2019-04-19,15:04:01,UPCOM,STOCK,11.4,13.1,9.7,11.2,11.4,11.1,11.3,11.185,9.815,9.99,9.727,9.903,9.802,115200.0,1288510000.0,0.0,0.0,-0.1,-0.0876,-0.8772
GVR,2019-04-18,15:04:01,UPCOM,STOCK,11.5,13.2,9.8,11.2,11.8,11.0,11.1,11.375,9.815,10.341,9.64,9.727,9.968,300100.0,3413650000.0,0.0,0.0,-0.4,-0.3505,-3.4783
GVR,2019-04-17,15:04:01,UPCOM,STOCK,11.4,13.1,9.7,11.5,11.7,11.3,11.3,11.466,10.078,10.253,9.903,9.903,10.048,242980.0,2786051000.0,0.0,0.0,-0.1,-0.0876,-0.8772
GVR,2019-04-16,15:04:01,UPCOM,STOCK,11.1,12.7,9.5,11.3,11.6,11.2,11.4,11.404,9.903,10.165,9.815,9.99,9.994,284850.0,3248280000.0,0.0,0.0,0.3,0.2629,2.7027
GVR,2019-04-12,15:04:01,UPCOM,STOCK,11.4,13.1,9.7,11.4,11.4,10.9,11.3,11.132,9.99,9.99,9.552,9.903,9.755,384751.0,4282877500.0,0.0,0.0,-0.1,-0.0876,-0.8772
GVR,2019-04-11,15:04:01,UPCOM,STOCK,11.6,13.3,9.9,11.6,11.9,11.3,11.4,11.444,10.165,10.428,9.903,9.99,10.029,261100.0,2988140000.0,0.0,0.0,-0.2,-0.1753,-1.7241
GVR,2019-04-10,15:04:01,UPCOM,STOCK,11.9,13.6,10.2,11.9,11.9,11.4,11.7,11.55,10.428,10.428,9.99,10.253,10.122,602900.0,6963320700.0,0.0,0.0,-0.2,-0.1753,-1.6807
GVR,2019-04-09,15:04:01,UPCOM,STOCK,12.2,14.0,10.4,12.2,12.4,11.6,11.8,11.889,10.691,10.867,10.165,10.341,10.419,577980.0,6871453000.0,0.0,0.0,-0.4,-0.3505,-3.2787
GVR,2019-04-08,15:04:02,UPCOM,STOCK,12.3,14.1,10.5,12.2,12.4,12.0,12.1,12.154,10.691,10.867,10.516,10.604,10.651,344404.0,4186019200.0,0.0,0.0,-0.2,-0.1753,-1.626
GVR,2019-04-05,15:04:01,UPCOM,STOCK,12.2,14.0,10.4,12.2,12.5,12.1,12.2,12.252,10.691,10.954,10.604,10.691,10.737,315111.0,3860836400.0,0.0,0.0,0.0,0.0,0.0
GVR,2019-04-04,15:04:01,UPCOM,STOCK,11.8,13.5,10.1,11.8,12.6,11.6,12.3,12.232,10.341,11.042,10.165,10.779,10.719,706804.0,8645643600.0,0.0,0.0,0.5,0.4382,4.2373
GVR,2019-04-03,15:04:01,UPCOM,STOCK,12.0,13.8,10.2,11.9,12.2,11.5,11.8,11.805,10.428,10.691,10.078,10.341,10.345,136112.0,1606762000.0,0.0,0.0,-0.2,-0.1753,-1.6667
GVR,2019-04-02,15:04:01,UPCOM,STOCK,11.6,13.3,9.9,11.6,12.5,11.4,11.9,12.006,10.165,10.954,9.99,10.428,10.521,359420.0,4315354000.0,0.0,0.0,0.3,0.2629,2.5862
GVR,2019-04-01,15:04:01,UPCOM,STOCK,12.0,13.8,10.2,12.1,12.2,11.3,11.6,11.56,10.604,10.691,9.903,10.165,10.13,513854.0,5940104200.0,0.0,0.0,-0.4,-0.3505,-3.3333
GVR,2019-03-29,15:03:01,UPCOM,STOCK,12.3,14.1,10.5,12.0,12.4,11.8,11.8,12.015,10.516,10.867,10.341,10.341,10.529,449200.0,5397370000.0,0.0,0.0,-0.5,-0.4382,-4.065
GVR,2019-03-28,15:03:01,UPCOM,STOCK,12.8,14.7,10.9,12.5,12.7,12.0,12.2,12.299,10.954,11.129,10.516,10.691,10.778,414859.0,5102333500.0,0.0,0.0,-0.6,-0.5258,-4.6875
GVR,2019-03-27,15:03:01,UPCOM,STOCK,12.1,13.9,10.3,12.1,13.4,11.9,12.6,12.752,10.604,11.743,10.428,11.042,11.175,389330.0,4964554000.0,0.0,0.0,0.5,0.4382,4.1322
GVR,2019-03-26,15:03:01,UPCOM,STOCK,12.2,14.0,10.4,12.0,12.4,11.9,12.2,12.131,10.516,10.867,10.428,10.691,10.631,332100.0,4028670000.0,0.0,0.0,0.0,0.0,0.0
GVR,2019-03-25,15:03:01,UPCOM,STOCK,13.2,15.1,11.3,13.0,13.0,11.9,12.2,12.164,11.392,11.392,10.428,10.691,10.66,610250.0,7422819200.0,0.0,0.0,-1.0,-0.8763,-7.5758
GVR,2019-03-22,15:03:01,UPCOM,STOCK,12.5,14.3,10.7,12.5,14.0,12.3,12.8,13.235,10.954,12.269,10.779,11.217,11.598,747600.0,9894850000.0,0.0,0.0,0.3,0.2629,2.4
GVR,2019-03-21,15:03:01,UPCOM,STOCK,11.1,12.7,9.5,11.3,12.7,11.3,12.5,12.518,9.903,11.129,9.903,10.954,10.97,1495070.0,18715962999.99999,0.0,0.0,1.4,1.2268,12.6126
GVR,2019-03-20,15:03:02,UPCOM,STOCK,11.3,12.9,9.7,11.0,11.5,10.7,11.3,11.111,9.64,10.078,9.377,9.903,9.737,533080.0,5923020000.0,0.0,0.0,0.0,0.0,0.0
GVR,2019-03-19,15:03:01,UPCOM,STOCK,11.7,13.4,10.0,11.8,11.9,11.0,11.0,11.302,10.341,10.428,9.64,9.64,9.904,336000.0,3797320000.0,0.0,0.0,-0.7,-0.6135,-5.9829
GVR,2019-03-18,15:03:01,UPCOM,STOCK,11.3,12.9,9.7,11.3,12.3,11.3,11.6,11.722,9.903,10.779,9.903,10.165,10.272,594650.0,6970590000.0,0.0,0.0,0.3,0.2629,2.6549
GVR,2019-03-15,15:03:01,UPCOM,STOCK,10.3,11.8,8.8,10.4,11.8,10.2,11.3,11.288,9.114,10.341,8.939,9.903,9.892,1093809.0,12346715300.0,0.0,0.0,1.0,0.8764,9.7087
GVR,2019-03-14,15:03:01,UPCOM,STOCK,10.1,11.6,8.6,10.2,10.5,10.1,10.3,10.29,8.939,9.202,8.851,9.026,9.017,175300.0,1803770000.0,0.0,0.0,0.2,0.1753,1.9802
GVR,2019-03-13,15:03:01,UPCOM,STOCK,10.0,11.5,8.5,10.1,10.4,9.9,10.2,10.116,8.851,9.114,8.676,8.939,8.865,166300.0,1682280000.0,0.0,0.0,0.2,0.1753,2.0
GVR,2019-03-12,15:03:01,UPCOM,STOCK,9.9,11.3,8.5,9.9,10.2,9.9,10.0,10.039,8.676,8.939,8.676,8.763,8.798,206700.0,2075060000.0,0.0,0.0,0.1,0.0876,1.0101
GVR,2019-03-11,15:03:01,UPCOM,STOCK,10.0,11.5,8.5,10.0,10.0,9.8,9.9,9.91,8.763,8.763,8.588,8.676,8.684,93300.0,924560000.0,0.0,0.0,-0.1,-0.0876,-1.0
GVR,2019-03-08,15:03:01,UPCOM,STOCK,10.2,11.7,8.7,10.1,10.2,10.0,10.2,10.046,8.851,8.939,8.763,8.939,8.804,83409.0,837900000.0,0.0,0.0,0.0,0.0,0.0
GVR,2019-03-07,15:03:01,UPCOM,STOCK,10.4,11.9,8.9,10.4,10.6,10.0,10.0,10.198,9.114,9.289,8.763,8.763,8.937,91001.0,927990600.0,0.0,0.0,-0.4,-0.3505,-3.8462
GVR,2019-03-06,15:03:01,UPCOM,STOCK,10.1,11.6,8.6,10.3,10.7,10.2,10.3,10.396,9.026,9.377,8.939,9.026,9.11,333400.0,3466040000.0,0.0,0.0,0.2,0.1753,1.9802
GVR,2019-03-05,15:03:01,UPCOM,STOCK,9.9,11.3,8.5,10.1,10.4,10.0,10.4,10.111,8.851,9.114,8.763,9.114,8.861,116140.0,1174290000.0,0.0,0.0,0.5,0.4382,5.0505
GVR,2019-03-04,15:03:01,UPCOM,STOCK,9.8,11.2,8.4,9.8,10.1,9.8,10.1,9.881,8.588,8.851,8.588,8.851,8.659,65500.0,647180000.0,0.0,0.0,0.3,0.2629,3.0612
GVR,2019-03-01,15:03:01,UPCOM,STOCK,9.9,11.3,8.5,9.8,9.8,9.8,9.8,9.8,8.588,8.588,8.588,8.588,8.588,14100.0,138180000.0,0.0,0.0,-0.1,-0.0876,-1.0101
GVR,2019-02-28,15:02:01,UPCOM,STOCK,10.0,11.5,8.5,9.9,9.9,9.8,9.8,9.859,8.676,8.676,8.588,8.588,8.64,58300.0,574790000.000007,0.0,0.0,-0.2,-0.1753,-2.0
GVR,2019-02-27,15:02:01,UPCOM,STOCK,9.8,11.2,8.4,9.9,10.5,9.8,9.8,9.967,8.676,9.202,8.588,8.588,8.734,274100.0,2732060000.0,0.0,0.0,0.0,0.0,0.0
GVR,2019-02-26,15:02:01,UPCOM,STOCK,10.2,11.7,8.7,10.2,10.2,9.7,9.9,9.811,8.939,8.939,8.5,8.676,8.598,46300.0,454230000.0,0.0,0.0,-0.3,-0.2629,-2.9412
GVR,2019-02-25,15:02:01,UPCOM,STOCK,9.9,11.3,8.5,9.9,10.5,9.9,10.0,10.188,8.676,9.202,8.676,8.763,8.928,73900.0,752910000.0,0.0,0.0,0.1,0.0876,1.0101
GVR,2019-02-22,15:02:01,UPCOM,STOCK,9.7,11.1,8.3,9.8,10.0,9.7,9.7,9.854,8.588,8.763,8.5,8.5,8.635,131000.0,1290870000.0,0.0,0.0,0.0,0.0,0.0
GVR,2019-02-21,15:02:01,UPCOM,STOCK,9.7,11.1,8.3,9.7,9.8,9.6,9.6,9.691,8.5,8.588,8.413,8.413,8.493,73500.0,712310000.0,0.0,0.0,-0.1,-0.0876,-1.0309
GVR,2019-02-20,15:02:01,UPCOM,STOCK,9.8,11.2,8.4,9.8,9.9,9.6,9.9,9.71,8.588,8.676,8.413,8.676,8.509,107900.0,1047720000.0,0.0,0.0,0.1,0.0876,1.0204
GVR,2019-02-19,15:02:01,UPCOM,STOCK,9.8,11.2,8.4,9.8,9.9,9.8,9.8,9.803,8.588,8.676,8.588,8.588,8.591,37500.0,367620000.0,0.0,0.0,0.0,0.0,0.0
GVR,2019-02-18,15:02:01,UPCOM,STOCK,9.9,11.3,8.5,9.8,9.9,9.7,9.7,9.755,8.588,8.676,8.5,8.5,8.549,24000.0,234110000.0,0.0,0.0,-0.2,-0.1753,-2.0202
GVR,2019-02-15,15:02:01,UPCOM,STOCK,9.8,11.2,8.4,9.9,10.0,9.8,9.8,9.9,8.676,8.763,8.588,8.588,8.676,32950.0,326220000.0,0.0,0.0,0.0,0.0,0.0
GVR,2019-02-14,15:02:01,UPCOM,STOCK,9.7,11.1,8.3,9.7,9.8,9.7,9.7,9.752,8.5,8.588,8.5,8.5,8.546,2900.0,28280000.0,0.0,0.0,0.0,0.0,0.0
GVR,2019-02-13,15:02:02,UPCOM,STOCK,9.9,11.3,8.5,9.6,9.9,9.6,9.9,9.696,8.413,8.676,8.413,8.676,8.497,21200.0,205550000.0,0.0,0.0,0.0,0.0,0.0
GVR,2019-02-12,15:02:01,UPCOM,STOCK,9.6,11.0,8.2,9.6,10.0,9.5,10.0,9.86,8.413,8.763,8.325,8.763,8.641,21300.0,210010000.0,0.0,0.0,0.4,0.3505,4.1667
GVR,2019-02-11,15:02:01,UPCOM,STOCK,10.2,11.7,8.7,10.0,10.0,9.5,9.5,9.59,8.763,8.763,8.325,8.325,8.404,8700.0,83430000.0,0.0,0.0,-0.7,-0.6134,-6.8627
GVR,2019-02-01,15:02:01,UPCOM,STOCK,10.4,11.9,8.9,10.0,10.2,10.0,10.1,10.189,8.763,8.939,8.763,8.851,8.929,31700.0,323000000.0,0.0,0.0,-0.3,-0.2629,-2.8846
GVR,2019-01-31,15:01:01,UPCOM,STOCK,10.0,11.5,8.5,10.3,10.5,9.9,10.0,10.405,9.026,9.202,8.676,8.763,9.118,34700.0,361060000.0,0.0,0.0,0.0,0.0,0.0
GVR,2019-01-30,15:01:01,UPCOM,STOCK,9.6,11.0,8.2,9.8,10.4,9.7,9.9,10.021,8.588,9.114,8.5,8.676,8.782,161000.0,1613390000.0,0.0,0.0,0.3,0.2629,3.125
GVR,2019-01-29,15:01:01,UPCOM,STOCK,9.5,10.9,8.1,9.3,9.7,9.3,9.7,9.61,8.15,8.5,8.15,8.5,8.422,82500.0,792830000.0,0.0,0.0,0.2,0.1753,2.1053
GVR,2019-01-28,15:01:01,UPCOM,STOCK,9.2,10.5,7.9,9.3,9.6,9.3,9.5,9.451,8.15,8.413,8.15,8.325,8.282,56000.0,529240000.0,0.0,0.0,0.3,0.2629,3.2609
GVR,2019-01-25,15:01:01,UPCOM,STOCK,9.3,10.6,8.0,9.3,9.3,9.2,9.2,9.243,8.15,8.15,8.062,8.062,8.1,3500.0,32350000.0,0.0,0.0,-0.1,-0.0876,-1.0753
GVR,2019-01-24,15:01:01,UPCOM,STOCK,9.4,10.8,8.0,9.4,9.5,9.2,9.5,9.278,8.238,8.325,8.062,8.325,8.131,23010.0,213494000.0,0.0,0.0,0.1,0.0876,1.0638
GVR,2019-01-23,15:01:01,UPCOM,STOCK,9.5,10.9,8.1,9.4,9.5,9.4,9.4,9.412,8.238,8.325,8.238,8.238,8.248,5200.0,48940000.0,0.0,0.0,-0.1,-0.0876,-1.0526
GVR,2019-01-22,15:01:02,UPCOM,STOCK,9.6,11.0,8.2,9.6,9.6,9.4,9.4,9.496,8.413,8.413,8.238,8.238,8.322,38400.0,364660000.0,0.0,0.0,-0.2,-0.1753,-2.0833
GVR,2019-01-21,15:01:01,UPCOM,STOCK,9.6,11.0,8.2,9.5,9.8,9.4,9.8,9.562,8.325,8.588,8.238,8.588,8.38,9200.0,87970000.0,0.0,0.0,0.2,0.1753,2.0833
GVR,2019-01-18,15:01:01,UPCOM,STOCK,9.7,11.1,8.3,9.8,9.8,9.5,9.7,9.583,8.588,8.588,8.325,8.5,8.398,22100.0,211780000.0,0.0,0.0,0.0,0.0,0.0
GVR,2019-01-17,15:01:01,UPCOM,STOCK,10.1,11.6,8.6,9.9,9.9,9.5,9.5,9.663,8.676,8.676,8.325,8.325,8.468,16000.0,154600000.0,0.0,0.0,-0.6,-0.5258,-5.9406
GVR,2019-01-16,15:01:01,UPCOM,STOCK,9.6,11.0,8.2,9.8,10.5,9.6,9.6,10.081,8.588,9.202,8.413,8.413,8.834,48700.0,490960000.0,0.0,0.0,0.0,0.0,0.0
GVR,2019-01-15,15:01:01,UPCOM,STOCK,9.6,11.0,8.2,9.8,9.8,9.4,9.4,9.599,8.588,8.588,8.238,8.238,8.412,23900.0,229410000.0,0.0,0.0,-0.2,-0.1753,-2.0833
GVR,2019-01-14,15:01:01,UPCOM,STOCK,9.6,11.0,8.2,9.4,9.7,9.4,9.4,9.58,8.238,8.5,8.238,8.238,8.395,48800.0,467480000.0,0.0,0.0,-0.2,-0.1753,-2.0833
GVR,2019-01-11,15:01:01,UPCOM,STOCK,9.3,10.6,8.0,9.4,10.0,9.4,9.4,9.599,8.238,8.763,8.238,8.238,8.412,116200.0,1115400000.0,0.0,0.0,0.1,0.0876,1.0753
GVR,2019-01-10,15:01:01,UPCOM,STOCK,9.4,10.8,8.0,9.3,9.3,9.3,9.3,9.3,8.15,8.15,8.15,8.15,8.15,9870.0,91791000.0,0.0,0.0,-0.1,-0.0876,-1.0638
GVR,2019-01-09,15:01:01,UPCOM,STOCK,9.2,10.5,7.9,9.4,9.5,9.2,9.4,9.369,8.238,8.325,8.062,8.238,8.21,32100.0,300740000.0,0.0,0.0,0.2,0.1753,2.1739
GVR,2019-01-08,15:01:01,UPCOM,STOCK,9.2,10.5,7.9,9.1,9.2,9.1,9.2,9.152,7.975,8.062,7.975,8.062,8.02,6300.0,57660000.0,0.0,0.0,0.0,0.0,0.0
GVR,2019-01-07,15:01:01,UPCOM,STOCK,9.3,10.6,8.0,9.3,9.3,9.0,9.0,9.153,8.15,8.15,7.887,7.887,8.021,59700.0,546410000.0,0.0,0.0,-0.3,-0.2629,-3.2258
GVR,2019-01-04,15:01:01,UPCOM,STOCK,9.4,10.8,8.0,9.2,9.5,9.2,9.4,9.314,8.062,8.325,8.062,8.238,8.162,20830.0,194022000.0,0.0,0.0,0.0,0.0,0.0
GVR,2019-01-03,15:01:01,UPCOM,STOCK,9.4,10.8,8.0,9.4,9.5,9.3,9.4,9.384,8.238,8.325,8.15,8.238,8.224,17600.0,165150000.0,0.0,0.0,0.0,0.0,0.0
GVR,2019-01-02,15:01:01,UPCOM,STOCK,0.0,0.0,0.0,9.4,9.5,9.4,9.5,9.438,8.238,8.325,8.238,8.325,8.271,7900.0,74560000.0,0.0,0.0,0.0,0.0,0.0
GVR,2018-12-28,15:12:01,UPCOM,STOCK,10.5,12.0,9.0,10.2,10.4,9.6,10.3,10.303,8.939,9.114,8.413,9.026,9.029,69500.0,716080000.0,0.0,0.0,-0.2,-0.1753,-1.9048
GVR,2018-12-27,15:12:02,UPCOM,STOCK,9.4,10.8,8.0,9.5,10.8,9.5,9.9,10.468,8.325,9.464,8.325,8.676,9.173,220920.0,2312560000.0,0.0,0.0,0.5,0.4382,5.3191
GVR,2018-12-26,15:12:01,UPCOM,STOCK,9.2,10.5,7.9,9.2,9.5,9.1,9.5,9.411,8.062,8.325,7.975,8.325,8.247,42900.0,403740000.0,0.0,0.0,0.3,0.2629,3.2609
GVR,2018-12-25,15:12:01,UPCOM,STOCK,9.3,10.6,8.0,9.2,9.3,9.0,9.3,9.194,8.062,8.15,7.887,8.15,8.057,91800.0,844010000.0,0.0,0.0,0.0,0.0,0.0
GVR,2018-12-24,15:12:01,UPCOM,STOCK,9.3,10.6,8.0,9.3,9.4,9.2,9.4,9.3,8.15,8.238,8.062,8.238,8.15,90030.0,837260000.000001,0.0,0.0,0.1,0.0876,1.0753
GVR,2018-12-21,15:12:01,UPCOM,STOCK,9.2,10.5,7.9,9.1,9.5,9.1,9.3,9.312,7.975,8.325,7.975,8.15,8.16,20200.0,188100000.0,0.0,0.0,0.1,0.0876,1.087
GVR,2018-12-20,15:12:01,UPCOM,STOCK,9.1,10.4,7.8,9.2,9.3,9.2,9.2,9.215,8.062,8.15,8.062,8.062,8.075,13600.0,125320000.0,0.0,0.0,0.1,0.0876,1.0989
GVR,2018-12-19,15:12:01,UPCOM,STOCK,9.1,10.4,7.8,9.1,9.3,9.1,9.2,9.115,7.975,8.15,7.975,8.062,7.988,170300.0,1552210000.000002,0.0,0.0,0.1,0.0876,1.0989
GVR,2018-12-18,15:12:01,UPCOM,STOCK,9.1,10.4,7.8,9.0,9.2,9.0,9.1,9.072,7.887,8.062,7.887,7.975,7.95,83000.0,753000000.0,0.0,0.0,0.0,0.0,0.0
GVR,2018-12-17,15:12:01,UPCOM,STOCK,9.1,10.4,7.8,9.1,9.2,9.0,9.1,9.052,7.975,8.062,7.887,7.975,7.933,34000.0,307770000.0,0.0,0.0,0.0,0.0,0.0
GVR,2018-12-14,15:12:01,UPCOM,STOCK,9.2,10.5,7.9,9.1,9.2,9.0,9.2,9.1,7.975,8.062,7.887,8.062,7.975,40000.0,364000000.0,0.0,0.0,0.0,0.0,0.0
GVR,2018-12-13,15:12:01,UPCOM,STOCK,9.1,10.4,7.8,9.2,9.2,9.2,9.2,9.2,8.062,8.062,8.062,8.062,8.062,3200.0,29440000.0,0.0,0.0,0.1,0.0876,1.0989
GVR,2018-12-12,15:12:01,UPCOM,STOCK,9.1,10.4,7.8,9.1,9.1,9.1,9.1,9.1,7.975,7.975,7.975,7.975,7.975,300.0,2730000.0,0.0,0.0,0.0,0.0,0.0
GVR,2018-12-11,15:12:01,UPCOM,STOCK,9.3,10.6,8.0,9.2,9.3,9.0,9.2,9.142,8.062,8.15,7.887,8.062,8.011,276000.0,2523080000.0,0.0,0.0,-0.1,-0.0876,-1.0753
GVR,2018-12-10,15:12:01,UPCOM,STOCK,9.3,10.6,8.0,9.2,9.4,9.2,9.4,9.3,8.062,8.238,8.062,8.238,8.15,24100.0,224140000.0,0.0,0.0,0.1,0.0876,1.0753
GVR,2018-12-07,15:12:02,UPCOM,STOCK,9.5,10.9,8.1,9.3,9.5,9.2,9.3,9.343,8.15,8.325,8.062,8.15,8.188,28020.0,261798000.0,0.0,0.0,-0.2,-0.1753,-2.1053
GVR,2018-12-06,15:12:01,UPCOM,STOCK,9.3,10.6,8.0,9.3,9.5,9.3,9.5,9.454,8.15,8.325,8.15,8.325,8.285,13000.0,122900000.0,0.0,0.0,0.2,0.1753,2.1505
GVR,2018-12-05,15:12:01,UPCOM,STOCK,9.4,10.8,8.0,9.5,9.5,9.3,9.3,9.334,8.325,8.325,8.15,8.15,8.18,26400.0,246420000.0,0.0,0.0,-0.1,-0.0876,-1.0638
GVR,2018-12-04,15:12:01,UPCOM,STOCK,9.4,10.8,8.0,9.3,9.5,9.3,9.3,9.391,8.15,8.325,8.15,8.15,8.23,11600.0,108940000.0,0.0,0.0,-0.1,-0.0876,-1.0638
GVR,2018-12-03,15:12:01,UPCOM,STOCK,9.4,10.8,8.0,9.4,9.5,9.3,9.5,9.364,8.238,8.325,8.15,8.325,8.206,15300.0,143270000.0,0.0,0.0,0.1,0.0876,1.0638
GVR,2018-11-30,15:11:01,UPCOM,STOCK,9.3,10.6,8.0,9.4,9.4,9.3,9.3,9.376,8.238,8.238,8.15,8.15,8.217,48730.0,456882000.0,0.0,0.0,0.0,0.0,0.0
GVR,2018-11-29,15:11:01,UPCOM,STOCK,9.3,10.6,8.0,9.3,9.3,9.3,9.3,9.3,8.15,8.15,8.15,8.15,8.15,9300.0,86490000.0,0.0,0.0,0.0,0.0,0.0
GVR,2018-11-28,15:11:01,UPCOM,STOCK,9.4,10.8,8.0,9.3,9.3,9.3,9.3,9.3,8.15,8.15,8.15,8.15,8.15,9200.0,85560000.0,0.0,0.0,-0.1,-0.0876,-1.0638
GVR,2018-11-27,15:11:01,UPCOM,STOCK,9.6,11.0,8.2,9.7,9.7,9.4,9.4,9.404,8.5,8.5,8.238,8.238,8.241,8200.0,77110000.0,0.0,0.0,-0.2,-0.1753,-2.0833
GVR,2018-11-26,15:11:01,UPCOM,STOCK,10.1,11.6,8.6,9.5,9.7,9.5,9.6,9.6,8.325,8.5,8.325,8.413,8.413,32900.0,315830000.0,0.0,0.0,-0.5,-0.4382,-4.9505
GVR,2018-11-23,15:11:01,UPCOM,STOCK,9.4,10.8,8.0,9.5,10.5,9.4,9.6,10.143,8.325,9.202,8.238,8.413,8.889,142630.0,1446646000.0,0.0,0.0,0.2,0.1753,2.1277
GVR,2018-11-22,15:11:01,UPCOM,STOCK,9.4,10.8,8.0,9.5,9.5,9.2,9.5,9.435,8.325,8.325,8.062,8.325,8.268,62140.0,586312000.0,0.0,0.0,0.1,0.0876,1.0638
GVR,2018-11-21,15:11:01,UPCOM,STOCK,9.4,10.8,8.0,9.3,9.7,9.2,9.4,9.39,8.15,8.5,8.062,8.238,8.229,38900.0,365290000.0,0.0,0.0,0.0,0.0,0.0
GVR,2018-11-20,15:11:01,UPCOM,STOCK,9.3,10.6,8.0,9.3,9.7,9.2,9.5,9.418,8.15,8.5,8.062,8.325,8.253,49600.0,467120000.0,0.0,0.0,0.2,0.1753,2.1505
GVR,2018-11-19,15:11:01,UPCOM,STOCK,9.3,10.6,8.0,9.3,9.6,9.1,9.6,9.276,8.15,8.413,7.975,8.413,8.129,58770.0,545080100.0,0.0,0.0,0.3,0.2629,3.2258
GVR,2018-11-16,15:11:02,UPCOM,STOCK,9.6,11.0,8.2,9.3,9.5,9.1,9.2,9.281,8.15,8.325,7.975,8.062,8.133,55500.0,515110000.0,0.0,0.0,-0.4,-0.3505,-4.1667
GVR,2018-11-15,15:11:01,UPCOM,STOCK,10.0,11.5,8.5,9.9,10.0,9.5,9.6,9.635,8.676,8.763,8.325,8.413,8.443,24500.0,236050000.0,0.0,0.0,-0.4,-0.3505,-4.0
GVR,2018-11-14,15:11:01,UPCOM,STOCK,9.2,10.5,7.9,9.5,10.3,9.1,9.2,9.98,8.325,9.026,7.975,8.062,8.746,72700.0,725540000.0,0.0,0.0,0.0,0.0,0.0
GVR,2018-11-13,15:11:01,UPCOM,STOCK,9.0,10.3,7.7,9.3,9.4,9.1,9.4,9.203,8.15,8.238,7.975,8.238,8.065,7100.0,65340000.0,0.0,0.0,0.4,0.3506,4.4444
GVR,2018-11-12,15:11:01,UPCOM,STOCK,9.2,10.5,7.9,9.0,9.4,9.0,9.1,9.013,7.887,8.238,7.887,7.975,7.898,160310.0,1444874000.0,0.0,0.0,-0.1,-0.0876,-1.087
GVR,2018-11-09,15:11:01,UPCOM,STOCK,9.9,11.3,8.5,9.8,9.9,9.1,9.3,9.208,8.588,8.676,7.975,8.15,8.069,132870.0,1223414000.0,0.0,0.0,-0.6,-0.5258,-6.0606
GVR,2018-11-08,15:11:01,UPCOM,STOCK,9.2,10.5,7.9,10.3,10.3,9.3,9.6,9.92,9.026,9.026,8.15,8.413,8.693,40300.0,399760000.0,0.0,0.0,0.4,0.3505,4.3478
GVR,2018-11-07,15:11:02,UPCOM,STOCK,9.4,10.8,8.0,9.4,9.4,9.0,9.1,9.176,8.238,8.238,7.887,7.975,8.041,546800.0,5017450000.0,0.0,0.0,-0.3,-0.2629,-3.1915
GVR,2018-11-06,15:11:01,UPCOM,STOCK,9.5,10.9,8.1,9.4,9.5,9.4,9.4,9.432,8.238,8.325,8.238,8.238,8.266,80000.0,754570000.0,0.0,0.0,-0.1,-0.0876,-1.0526
GVR,2018-11-05,15:11:01,UPCOM,STOCK,8.7,10.0,7.4,10.0,10.0,8.9,9.4,9.459,8.763,8.763,7.799,8.238,8.289,52000.0,491880000.0,0.0,0.0,0.7,0.6135,8.046
GVR,2018-11-02,15:11:01,UPCOM,STOCK,9.1,10.4,7.8,9.3,9.3,8.6,9.0,8.704,8.15,8.15,7.536,7.887,7.628,171100.0,1489330000.0,0.0,0.0,-0.1,-0.0876,-1.0989
GVR,2018-11-01,15:11:01,UPCOM,STOCK,9.6,11.0,8.2,9.3,9.3,9.0,9.3,9.144,8.15,8.15,7.887,8.15,8.013,64700.0,591620000.0,0.0,0.0,-0.3,-0.2629,-3.125
GVR,2018-10-31,15:10:01,UPCOM,STOCK,9.4,10.8,8.0,9.5,10.5,9.2,9.5,9.562,8.325,9.202,8.062,8.325,8.38,123400.0,1180010000.0,0.0,0.0,0.1,0.0876,1.0638
GVR,2018-10-30,15:10:01,UPCOM,STOCK,9.3,10.6,8.0,9.2,9.5,9.2,9.4,9.398,8.062,8.325,8.062,8.238,8.236,12100.0,113720000.0,0.0,0.0,0.1,0.0876,1.0753
GVR,2018-10-29,15:10:01,UPCOM,STOCK,9.2,10.5,7.9,9.0,9.9,9.0,9.5,9.294,7.887,8.676,7.887,8.325,8.145,58000.0,539050000.0,0.0,0.0,0.3,0.2629,3.2609
GVR,2018-10-26,15:10:01,UPCOM,STOCK,8.8,10.1,7.5,8.5,9.5,8.5,9.4,9.181,7.449,8.325,7.449,8.238,8.046,295580.0,2713545000.0,0.0,0.0,0.6,0.5258,6.8182
GVR,2018-10-25,15:10:01,UPCOM,STOCK,8.8,10.1,7.5,8.9,8.9,8.7,8.8,8.757,7.799,7.799,7.624,7.712,7.674,23000.0,201420000.0,0.0,0.0,0.0,0.0,0.0
GVR,2018-10-24,15:10:01,UPCOM,STOCK,9.1,10.4,7.8,9.0,9.1,8.6,9.1,8.765,7.887,7.975,7.536,7.975,7.681,19000.0,166530000.0,0.0,0.0,0.0,0.0,0.0
GVR,2018-10-23,15:10:01,UPCOM,STOCK,9.1,10.4,7.8,9.0,9.4,9.0,9.0,9.132,7.887,8.238,7.887,7.887,8.003,3800.0,34700000.0,0.0,0.0,-0.1,-0.0876,-1.0989
GVR,2018-10-22,15:10:01,UPCOM,STOCK,9.0,10.3,7.7,9.0,9.3,9.0,9.3,9.06,7.887,8.15,7.887,8.15,7.94,2510.0,22740000.0,0.0,0.0,0.3,0.2629,3.3333
GVR,2018-10-19,15:10:01,UPCOM,STOCK,9.3,10.6,8.0,9.1,9.2,9.0,9.0,9.039,7.975,8.062,7.887,7.887,7.921,8400.0,75930000.0,0.0,0.0,-0.3,-0.2629,-3.2258
GVR,2018-10-18,15:10:01,UPCOM,STOCK,9.3,10.6,8.0,9.3,9.3,9.2,9.3,9.259,8.15,8.15,8.062,8.15,8.114,5400.0,50000000.0,0.0,0.0,0.0,0.0,0.0
GVR,2018-10-17,15:10:01,UPCOM,STOCK,9.7,11.1,8.3,9.5,9.5,9.2,9.2,9.309,8.325,8.325,8.062,8.062,8.158,26240.0,244276000.0,0.0,0.0,-0.5,-0.4382,-5.1546
GVR,2018-10-16,15:10:01,UPCOM,STOCK,9.5,10.9,8.1,10.0,10.7,9.3,9.3,9.717,8.763,9.377,8.15,8.15,8.515,294800.0,2864430000.0,0.0,0.0,-0.2,-0.1753,-2.1053
GVR,2018-10-15,15:10:01,UPCOM,STOCK,9.1,10.4,7.8,10.2,10.3,9.2,9.4,9.519,8.939,9.026,8.062,8.238,8.342,70100.0,667280000.0,0.0,0.0,0.3,0.2629,3.2967
GVR,2018-10-12,15:10:01,UPCOM,STOCK,8.8,10.1,7.5,8.8,9.5,8.8,9.5,9.076,7.712,8.325,7.712,8.325,7.954,50630.0,459540000.0,0.0,0.0,0.7,0.6134,7.9545
GVR,2018-10-11,15:10:01,UPCOM,STOCK,9.9,11.3,8.5,9.8,9.8,8.6,8.8,8.839,8.588,8.588,7.536,7.712,7.746,220500.0,1948980000.0,0.0,0.0,-1.1,-0.964,-11.1111
GVR,2018-10-10,15:10:01,UPCOM,STOCK,10.0,11.5,8.5,10.1,10.2,9.9,9.9,9.933,8.851,8.939,8.676,8.676,8.705,1500.0,14900000.0,0.0,0.0,-0.1,-0.0876,-1.0
GVR,2018-10-09,15:10:01,UPCOM,STOCK,9.9,11.3,8.5,10.0,10.2,9.6,10.2,9.95,8.763,8.939,8.413,8.939,8.72,67680.0,673368000.0,0.0,0.0,0.3,0.2629,3.0303
GVR,2018-10-08,15:10:02,UPCOM,STOCK,10.1,11.6,8.6,9.2,10.0,9.2,10.0,9.929,8.062,8.763,8.062,8.763,8.701,106200.0,1054410000.0,0.0,0.0,-0.1,-0.0876,-0.9901
GVR,2018-10-05,15:10:01,UPCOM,STOCK,11.0,12.6,9.4,10.5,11.0,9.8,9.8,10.072,9.202,9.64,8.588,8.588,8.826,270250.0,2721820000.0,0.0,0.0,-1.2,-1.0516,-10.9091
GVR,2018-10-04,15:10:01,UPCOM,STOCK,10.2,11.7,8.7,11.5,11.5,10.2,10.6,10.964,10.078,10.078,8.939,9.289,9.608,225950.0,2477290000.0,0.0,0.0,0.4,0.3505,3.9216
GVR,2018-10-03,15:10:01,UPCOM,STOCK,9.1,10.4,7.8,9.1,10.4,9.1,10.4,10.188,7.975,9.114,7.975,9.114,8.928,275790.0,2809715999.999995,0.0,0.0,1.3,1.1393,14.2857
GVR,2018-10-02,15:10:01,UPCOM,STOCK,8.6,9.8,7.4,8.9,9.3,8.9,8.9,9.092,7.799,8.15,7.799,7.799,7.968,111100.0,1010080000.0,0.0,0.0,0.3,0.2629,3.4884
GVR,2018-10-01,15:10:01,UPCOM,STOCK,8.3,9.5,7.1,8.5,8.8,8.4,8.8,8.558,7.449,7.712,7.361,7.712,7.5,87900.0,752290000.0,0.0,0.0,0.5,0.4382,6.0241
GVR,2018-09-28,15:09:01,UPCOM,STOCK,8.2,9.4,7.0,8.3,8.4,8.3,8.3,8.347,7.274,7.361,7.274,7.274,7.315,31400.0,262100000.0,0.0,0.0,0.1,0.0876,1.2195
GVR,2018-09-27,15:09:01,UPCOM,STOCK,8.4,9.6,7.2,8.4,8.4,8.2,8.2,8.216,7.361,7.361,7.186,7.186,7.2,16100.0,132270000.0,0.0,0.0,-0.2,-0.1753,-2.381
GVR,2018-09-26,15:09:01,UPCOM,STOCK,8.3,9.5,7.1,8.4,8.5,8.3,8.3,8.4,7.361,7.449,7.274,7.274,7.361,92800.0,779540000.0,0.0,0.0,0.0,0.0,0.0
GVR,2018-09-25,15:09:01,UPCOM,STOCK,8.2,9.4,7.0,8.1,8.3,8.1,8.2,8.253,7.098,7.274,7.098,7.186,7.232,47900.0,395300000.0,0.0,0.0,0.0,0.0,0.0
GVR,2018-09-24,15:09:01,UPCOM,STOCK,8.2,9.4,7.0,8.2,8.3,8.1,8.2,8.204,7.186,7.274,7.098,7.186,7.189,53200.0,436450000.0,0.0,0.0,0.0,0.0,0.0
GVR,2018-09-21,15:09:01,UPCOM,STOCK,7.9,9.0,6.8,8.0,8.4,8.0,8.0,8.193,7.011,7.361,7.011,7.011,7.18,68300.0,559590000.0,0.0,0.0,0.1,0.0876,1.2658
GVR,2018-09-20,15:09:02,UPCOM,STOCK,7.9,9.0,6.8,8.0,8.0,7.9,7.9,7.9,7.011,7.011,6.923,6.923,6.923,45200.0,357090000.0,0.0,0.0,0.0,0.0,0.0
GVR,2018-09-19,15:09:01,UPCOM,STOCK,7.9,9.0,6.8,7.9,7.9,7.8,7.9,7.876,6.923,6.923,6.835,6.923,6.902,19300.0,152000000.0,0.0,0.0,0.0,0.0,0.0
GVR,2018-09-18,15:09:01,UPCOM,STOCK,7.9,9.0,6.8,7.9,7.9,7.8,7.9,7.891,6.923,6.923,6.835,6.923,6.915,86300.0,680980000.0,0.0,0.0,0.0,0.0,0.0
GVR,2018-09-17,15:09:01,UPCOM,STOCK,7.9,9.0,6.8,7.9,7.9,7.8,7.9,7.898,6.923,6.923,6.835,6.923,6.921,346950.0,2740335000.0,0.0,0.0,0.0,0.0,0.0
GVR,2018-09-14,15:09:02,UPCOM,STOCK,7.9,9.0,6.8,7.9,8.0,7.9,8.0,7.935,6.923,7.011,6.923,7.011,6.954,158000.0,1253700000.0,0.0,0.0,0.1,0.0876,1.2658
GVR,2018-09-13,15:09:01,UPCOM,STOCK,7.9,9.0,6.8,7.9,8.0,7.8,7.9,7.9,6.923,7.011,6.835,6.923,6.923,12000.0,94770000.0,0.0,0.0,0.0,0.0,0.0
GVR,2018-09-12,15:09:02,UPCOM,STOCK,8.0,9.2,6.8,8.0,8.0,7.9,7.9,7.927,7.011,7.011,6.923,6.923,6.947,163700.0,1297670000.0,0.0,0.0,-0.1,-0.0876,-1.25
GVR,2018-09-11,15:09:01,UPCOM,STOCK,7.9,9.0,6.8,7.9,8.1,7.9,7.9,7.974,6.923,7.098,6.923,6.923,6.988,241360.0,1924609000.0,0.0,0.0,0.0,0.0,0.0
GVR,2018-09-10,15:09:01,UPCOM,STOCK,7.9,9.0,6.8,7.9,7.9,7.9,7.9,7.9,6.923,6.923,6.923,6.923,6.923,15000.0,118500000.0,0.0,0.0,0.0,0.0,0.0
GVR,2018-09-07,15:09:01,UPCOM,STOCK,7.9,9.0,6.8,8.0,8.0,7.9,7.9,7.904,7.011,7.011,6.923,6.923,6.927,11600.0,91690000.0,0.0,0.0,0.0,0.0,0.0
GVR,2018-09-06,15:09:01,UPCOM,STOCK,7.9,9.0,6.8,7.9,8.0,7.8,7.9,7.851,6.923,7.011,6.835,6.923,6.88,19000.0,149160000.0,0.0,0.0,0.0,0.0,0.0
GVR,2018-09-05,15:09:01,UPCOM,STOCK,8.2,9.4,7.0,8.0,8.0,7.8,8.0,7.935,7.011,7.011,6.835,7.011,6.954,29500.0,234090000.0,0.0,0.0,-0.2,-0.1753,-2.439
GVR,2018-09-04,15:09:01,UPCOM,STOCK,8.1,9.3,6.9,8.1,8.2,8.1,8.1,8.158,7.098,7.186,7.098,7.098,7.149,19000.0,155000000.0,0.0,0.0,0.0,0.0,0.0
GVR,2018-08-31,15:08:02,UPCOM,STOCK,8.1,9.3,6.9,8.3,8.3,8.0,8.0,8.084,7.274,7.274,7.011,7.011,7.084,225500.0,1822980000.0,0.0,0.0,-0.1,-0.0876,-1.2346
GVR,2018-08-30,15:08:16,UPCOM,STOCK,8.0,9.2,6.8,8.2,9.0,8.0,8.3,8.069,7.186,7.887,7.011,7.274,7.071,1460300.0,11783810000.0,0.0,0.0,0.3,0.2629,3.75
GVR,2018-08-29,15:08:02,UPCOM,STOCK,8.0,9.2,6.8,8.0,8.0,8.0,8.0,8.0,7.011,7.011,7.011,7.011,7.011,7600.0,60800000.0,0.0,0.0,0.0,0.0,0.0
GVR,2018-08-28,15:08:02,UPCOM,STOCK,8.0,9.2,6.8,7.9,8.1,7.8,8.0,7.998,6.923,7.098,6.835,7.011,7.009,42100.0,336700000.0,0.0,0.0,0.0,0.0,0.0
GVR,2018-08-27,15:08:01,UPCOM,STOCK,8.0,9.2,6.8,8.0,8.0,8.0,8.0,8.0,7.011,7.011,7.011,7.011,7.011,16300.0,130400000.0,0.0,0.0,0.0,0.0,0.0
GVR,2018-08-24,15:08:01,UPCOM,STOCK,8.0,9.2,6.8,8.0,8.0,8.0,8.0,8.0,7.011,7.011,7.011,7.011,7.011,16500.0,132000000.0,0.0,0.0,0.0,0.0,0.0
GVR,2018-08-23,15:08:01,UPCOM,STOCK,8.0,9.2,6.8,8.0,8.0,8.0,8.0,8.0,7.011,7.011,7.011,7.011,7.011,8800.0,70400000.0,0.0,0.0,0.0,0.0,0.0
GVR,2018-08-22,15:08:01,UPCOM,STOCK,7.9,9.0,6.8,7.9,8.0,7.9,8.0,7.996,6.923,7.011,6.923,7.011,7.007,11200.0,89560000.0,0.0,0.0,0.1,0.0876,1.2658
GVR,2018-08-21,15:08:01,UPCOM,STOCK,7.9,9.0,6.8,7.9,8.0,7.8,8.0,7.879,6.923,7.011,6.835,7.011,6.905,37800.0,297820000.0,0.0,0.0,0.1,0.0876,1.2658
GVR,2018-08-20,15:08:01,UPCOM,STOCK,7.9,9.0,6.8,7.9,8.0,7.8,7.9,7.882,6.923,7.011,6.835,6.923,6.907,72300.0,569880000.0,0.0,0.0,0.0,0.0,0.0
GVR,2018-08-17,15:08:01,UPCOM,STOCK,7.9,9.0,6.8,7.9,8.2,7.9,7.9,7.901,6.923,7.186,6.923,6.923,6.924,60600.0,478800000.0,0.0,0.0,0.0,0.0,0.0
GVR,2018-08-16,15:08:01,UPCOM,STOCK,8.0,9.2,6.8,7.9,7.9,7.9,7.9,7.9,6.923,6.923,6.923,6.923,6.923,105700.0,835030000.0,0.0,0.0,-0.1,-0.0876,-1.25
GVR,2018-08-15,15:08:01,UPCOM,STOCK,8.1,9.3,6.9,8.1,8.1,8.0,8.1,8.021,7.098,7.098,7.011,7.098,7.029,235000.0,1885000000.0,0.0,0.0,0.0,0.0,0.0
GVR,2018-08-14,15:08:01,UPCOM,STOCK,8.1,9.3,6.9,8.1,8.1,8.0,8.0,8.076,7.098,7.098,7.011,7.011,7.077,25800.0,208370000.0,0.0,0.0,-0.1,-0.0876,-1.2346
GVR,2018-08-13,15:08:01,UPCOM,STOCK,8.0,9.2,6.8,8.0,8.1,8.0,8.0,8.067,7.011,7.098,7.011,7.011,7.069,900.0,7260000.0,0.0,0.0,0.0,0.0,0.0
GVR,2018-08-10,15:08:01,UPCOM,STOCK,8.2,9.4,7.0,8.0,8.1,8.0,8.0,8.024,7.011,7.098,7.011,7.011,7.032,41900.0,336200000.0,0.0,0.0,-0.2,-0.1753,-2.439
GVR,2018-08-09,15:08:01,UPCOM,STOCK,8.1,9.3,6.9,8.2,8.2,8.1,8.1,8.176,7.186,7.186,7.098,7.098,7.165,16800.0,137360000.0,0.0,0.0,0.0,0.0,0.0
GVR,2018-08-08,15:08:01,UPCOM,STOCK,0.0,0.0,0.0,8.1,8.2,8.0,8.2,8.116,7.098,7.186,7.011,7.186,7.112,52000.0,422050000.0,0.0,0.0,0.0,0.0,0.0
GVR,2018-08-07,15:08:01,UPCOM,STOCK,0.0,0.0,0.0,8.2,8.3,8.2,8.2,8.229,7.186,7.274,7.186,7.186,7.211,68600.0,564530000.0,0.0,0.0,0.0,0.0,0.0
GVR,2018-08-06,18:08:26,UPCOM,STOCK,0.0,0.0,0.0,8.2,8.2,8.2,8.2,8.2,7.186,7.186,7.186,7.186,7.186,2800.0,22960000.0,0.0,0.0,0.0,0.0,0.0
GVR,2018-08-03,15:08:01,UPCOM,STOCK,8.1,9.3,6.9,8.1,8.2,8.1,8.2,8.196,7.098,7.186,7.098,7.186,7.182,10800.0,88520000.0,0.0,0.0,0.1,0.0876,1.2346
GVR,2018-08-02,15:08:01,UPCOM,STOCK,8.2,9.4,7.0,8.1,8.1,8.1,8.1,8.1,7.098,7.098,7.098,7.098,7.098,4400.0,35640000.0,0.0,0.0,-0.1,-0.0876,-1.2195
GVR,2018-08-01,15:08:01,UPCOM,STOCK,8.1,9.3,6.9,8.0,8.2,8.0,8.2,8.17,7.011,7.186,7.011,7.186,7.16,81600.0,666670000.0,0.0,0.0,0.1,0.0876,1.2346
GVR,2018-07-31,15:07:01,UPCOM,STOCK,8.1,9.3,6.9,8.1,8.2,8.0,8.0,8.116,7.098,7.186,7.011,7.011,7.112,74900.0,607860000.0,0.0,0.0,-0.1,-0.0876,-1.2346
GVR,2018-07-30,15:07:01,UPCOM,STOCK,8.2,9.4,7.0,8.2,8.2,8.1,8.2,8.141,7.186,7.186,7.098,7.186,7.134,5400.0,43960000.0,0.0,0.0,0.0,0.0,0.0
GVR,2018-07-27,15:07:11,UPCOM,STOCK,8.2,9.4,7.0,8.2,8.5,8.2,8.2,8.206,7.186,7.449,7.186,7.186,7.191,246900.0,2025950000.0,0.0,0.0,0.0,0.0,0.0
GVR,2018-07-26,15:07:01,UPCOM,STOCK,8.2,9.4,7.0,8.2,8.5,8.2,8.5,8.2,7.186,7.449,7.186,7.449,7.186,882600.0,7237350000.0,0.0,0.0,0.3,0.2629,3.6585
GVR,2018-07-25,15:07:01,UPCOM,STOCK,8.1,9.3,6.9,8.6,8.6,8.1,8.2,8.172,7.536,7.536,7.098,7.186,7.161,60200.0,491970000.0,0.0,0.0,0.1,0.0876,1.2346
GVR,2018-07-24,15:07:01,UPCOM,STOCK,8.7,10.0,7.4,8.2,8.2,8.1,8.1,8.105,7.186,7.186,7.098,7.098,7.103,43000.0,348500000.0,0.0,0.0,-0.6,-0.5258,-6.8966
GVR,2018-07-23,15:07:01,UPCOM,STOCK,8.6,9.8,7.4,8.7,8.9,8.5,8.7,8.66,7.624,7.799,7.449,7.624,7.589,500.0,4330000.0,0.0,0.0,0.1,0.0876,1.1628
GVR,2018-07-20,15:07:01,UPCOM,STOCK,7.6,8.7,6.5,7.9,8.7,7.9,8.7,8.631,6.923,7.624,6.923,7.624,7.564,114400.0,987440000.0,0.0,0.0,1.1,0.964,14.4737
GVR,2018-07-19,15:07:01,UPCOM,STOCK,7.9,9.0,6.8,7.8,7.9,7.5,7.9,7.583,6.835,6.923,6.573,6.923,6.645,101800.0,771950000.0,0.0,0.0,0.0,0.0,0.0
GVR,2018-07-18,15:07:01,UPCOM,STOCK,7.9,9.0,6.8,8.2,8.2,7.9,7.9,7.901,7.186,7.186,6.923,6.923,6.924,27200.0,214910000.0,0.0,0.0,0.0,0.0,0.0
GVR,2018-07-17,15:07:02,UPCOM,STOCK,8.2,9.4,7.0,8.0,8.0,7.8,7.9,7.909,7.011,7.011,6.835,6.923,6.931,33900.0,268110000.0,0.0,0.0,-0.3,-0.2629,-3.6585
GVR,2018-07-16,15:07:01,UPCOM,STOCK,8.2,9.4,7.0,8.2,8.2,8.0,8.2,8.196,7.186,7.186,7.011,7.186,7.182,187000.0,1532700000.0,0.0,0.0,0.0,0.0,0.0
GVR,2018-07-13,15:07:02,UPCOM,STOCK,8.2,9.4,7.0,8.3,8.3,8.2,8.2,8.211,7.274,7.274,7.186,7.186,7.196,372000.0,3054400000.0,0.0,0.0,0.0,0.0,0.0
GVR,2018-07-12,15:07:01,UPCOM,STOCK,8.3,9.5,7.1,8.3,8.3,8.0,8.0,8.189,7.274,7.274,7.011,7.011,7.176,64000.0,524100000.0,0.0,0.0,-0.3,-0.2629,-3.6145
GVR,2018-07-11,15:07:01,UPCOM,STOCK,8.3,9.5,7.1,8.3,8.3,8.1,8.3,8.294,7.274,7.274,7.098,7.274,7.268,472100.0,3915770000.0,0.0,0.0,0.0,0.0,0.0
GVR,2018-07-10,15:07:01,UPCOM,STOCK,8.6,9.8,7.4,8.2,8.5,8.1,8.5,8.343,7.186,7.449,7.098,7.449,7.311,69100.0,576520000.0,0.0,0.0,-0.1,-0.0876,-1.1628
GVR,2018-07-09,15:07:01,UPCOM,STOCK,8.4,9.6,7.2,8.5,8.6,8.5,8.6,8.598,7.449,7.536,7.449,7.536,7.535,20500.0,176250000.0,0.0,0.0,0.2,0.1753,2.381
GVR,2018-07-06,15:07:01,UPCOM,STOCK,8.3,9.5,7.1,8.3,8.5,8.3,8.5,8.378,7.274,7.449,7.274,7.449,7.342,90000.0,754000000.0,0.0,0.0,0.2,0.1753,2.4096
GVR,2018-07-05,15:07:01,UPCOM,STOCK,9.2,10.5,7.9,8.9,9.1,7.9,8.5,8.317,7.799,7.975,6.923,7.449,7.288,200300.0,1665980000.0,0.0,0.0,-0.7,-0.6134,-7.6087
GVR,2018-07-04,15:07:02,UPCOM,STOCK,8.3,9.5,7.1,8.4,9.5,8.4,9.1,9.168,7.361,8.325,7.361,7.975,8.034,139400.0,1277960000.0,0.0,0.0,0.8,0.7011,9.6386
GVR,2018-07-03,15:07:01,UPCOM,STOCK,8.9,10.2,7.6,7.9,8.7,7.9,8.7,8.277,6.923,7.624,6.923,7.624,7.253,32300.0,267340000.0,0.0,0.0,-0.2,-0.1753,-2.2472
GVR,2018-07-02,15:07:01,UPCOM,STOCK,8.8,10.1,7.5,8.9,8.9,8.8,8.8,8.867,7.799,7.799,7.712,7.712,7.77,30200.0,267780000.0,0.0,0.0,0.0,0.0,0.0
GVR,2018-06-29,15:06:01,UPCOM,STOCK,8.9,10.2,7.6,9.1,9.1,8.8,8.9,8.821,7.975,7.975,7.712,7.799,7.73,64400.0,568060000.0,0.0,0.0,0.0,0.0,0.0
GVR,2018-06-28,15:06:01,UPCOM,STOCK,9.1,10.4,7.8,9.1,9.2,8.7,9.0,8.883,7.975,8.062,7.624,7.887,7.784,59600.0,529400000.0,0.0,0.0,-0.1,-0.0876,-1.0989
GVR,2018-06-27,15:06:01,UPCOM,STOCK,8.0,9.2,6.8,8.3,9.2,8.3,9.1,9.066,7.274,8.062,7.274,7.975,7.945,295200.0,2676190000.0,0.0,0.0,1.1,0.964,13.75
GVR,2018-06-26,15:06:01,UPCOM,STOCK,7.9,9.0,6.8,7.9,8.3,7.8,8.3,8.014,6.923,7.274,6.835,7.274,7.023,47800.0,383060000.0,0.0,0.0,0.4,0.3506,5.0633
GVR,2018-06-25,15:06:01,UPCOM,STOCK,7.8,8.9,6.7,8.0,8.1,7.8,8.1,7.938,7.011,7.098,6.835,7.098,6.956,231700.0,1839340000.0,0.0,0.0,0.3,0.2629,3.8462
GVR,2018-06-22,15:06:01,UPCOM,STOCK,7.8,8.9,6.7,7.7,8.1,7.6,7.8,7.811,6.748,7.098,6.66,6.835,6.845,247200.0,1930980000.0,0.0,0.0,0.0,0.0,0.0
GVR,2018-06-21,15:06:01,UPCOM,STOCK,7.9,9.0,6.8,8.0,8.0,7.6,8.0,7.79,7.011,7.011,6.66,7.011,6.827,141300.0,1100700000.0,0.0,0.0,0.1,0.0876,1.2658
GVR,2018-06-20,15:06:01,UPCOM,STOCK,7.1,8.1,6.1,7.3,8.1,7.3,8.0,7.929,6.397,7.098,6.397,7.011,6.948,161400.0,1279690000.0,0.0,0.0,0.9,0.7887,12.6761
GVR,2018-06-19,15:06:01,UPCOM,STOCK,7.7,8.8,6.6,7.8,7.8,6.7,6.9,7.113,6.835,6.835,5.871,6.047,6.233,166500.0,1184380000.000005,0.0,0.0,-0.8,-0.7011,-10.3896
GVR,2018-06-18,15:06:01,UPCOM,STOCK,8.0,9.2,6.8,8.0,8.0,7.2,8.0,7.707,7.011,7.011,6.31,7.011,6.754,106100.0,817670000.0,0.0,0.0,0.0,0.0,0.0
GVR,2018-06-15,15:06:02,UPCOM,STOCK,8.1,9.3,6.9,8.1,8.1,8.0,8.0,8.013,7.098,7.098,7.011,7.011,7.022,95300.0,763620000.0,0.0,0.0,-0.1,-0.0876,-1.2346
GVR,2018-06-14,15:06:01,UPCOM,STOCK,8.4,9.6,7.2,8.3,8.3,7.6,8.0,8.108,7.274,7.274,6.66,7.011,7.105,182100.0,1476380000.0,0.0,0.0,-0.4,-0.3506,-4.7619
GVR,2018-06-13,15:06:01,UPCOM,STOCK,8.3,9.5,7.1,8.3,8.4,8.3,8.4,8.368,7.274,7.361,7.274,7.361,7.333,33700.0,282010000.0,0.0,0.0,0.1,0.0876,1.2048
GVR,2018-06-12,15:06:01,UPCOM,STOCK,8.4,9.6,7.2,8.4,8.4,8.2,8.3,8.307,7.361,7.361,7.186,7.274,7.28,112600.0,935360000.0,0.0,0.0,-0.1,-0.0876,-1.1905
GVR,2018-06-11,15:06:02,UPCOM,STOCK,8.4,9.6,7.2,8.4,8.5,8.4,8.4,8.402,7.361,7.449,7.361,7.361,7.363,60400.0,507460000.0,0.0,0.0,0.0,0.0,0.0
GVR,2018-06-08,15:06:01,UPCOM,STOCK,8.4,9.6,7.2,8.5,8.5,8.3,8.4,8.401,7.449,7.449,7.274,7.361,7.362,136900.0,1150120000.0,0.0,0.0,0.0,0.0,0.0
GVR,2018-06-07,15:06:01,UPCOM,STOCK,8.4,9.6,7.2,8.4,8.8,8.4,8.8,8.415,7.361,7.712,7.361,7.712,7.374,144800.0,1218520000.0,0.0,0.0,0.4,0.3505,4.7619
GVR,2018-06-06,15:06:01,UPCOM,STOCK,8.6,9.8,7.4,8.5,8.5,8.4,8.4,8.433,7.449,7.449,7.361,7.361,7.39,187800.0,1583800000.0,0.0,0.0,-0.2,-0.1753,-2.3256
GVR,2018-06-05,15:06:01,UPCOM,STOCK,8.8,10.1,7.5,8.8,8.8,8.4,8.4,8.588,7.712,7.712,7.361,7.361,7.526,201900.0,1733920000.0,0.0,0.0,-0.4,-0.3505,-4.5455
GVR,2018-06-04,15:06:01,UPCOM,STOCK,8.8,10.1,7.5,8.8,9.0,8.7,8.8,8.805,7.712,7.887,7.624,7.712,7.716,52900.0,465810000.0,0.0,0.0,0.0,0.0,0.0
GVR,2018-06-01,15:06:01,UPCOM,STOCK,8.8,10.1,7.5,8.8,8.9,8.7,8.8,8.763,7.712,7.799,7.624,7.712,7.679,48200.0,422380000.0,0.0,0.0,0.0,0.0,0.0
GVR,2018-05-31,15:05:02,UPCOM,STOCK,8.6,9.8,7.4,8.7,8.9,8.7,8.9,8.835,7.624,7.799,7.624,7.799,7.742,70800.0,625520000.0,0.0,0.0,0.3,0.2629,3.4884
GVR,2018-05-30,15:05:01,UPCOM,STOCK,8.9,10.2,7.6,8.8,8.8,8.5,8.5,8.605,7.712,7.712,7.449,7.449,7.541,204200.0,1757120000.0,0.0,0.0,-0.4,-0.3505,-4.4944
GVR,2018-05-29,15:05:01,UPCOM,STOCK,9.2,10.5,7.9,8.8,9.1,8.8,8.9,8.928,7.712,7.975,7.712,7.799,7.824,48100.0,429450000.0,0.0,0.0,-0.3,-0.2629,-3.2609
GVR,2018-05-28,15:05:01,UPCOM,STOCK,9.6,11.0,8.2,9.4,9.5,8.8,8.9,9.181,8.238,8.325,7.712,7.799,8.046,194500.0,1785660000.0,0.0,0.0,-0.7,-0.6134,-7.2917
GVR,2018-05-25,15:05:01,UPCOM,STOCK,9.6,11.0,8.2,9.6,9.7,9.4,9.4,9.588,8.413,8.5,8.238,8.238,8.402,33000.0,316400000.0,0.0,0.0,-0.2,-0.1753,-2.0833
GVR,2018-05-24,15:05:02,UPCOM,STOCK,9.6,11.0,8.2,9.6,9.7,9.5,9.6,9.6,8.413,8.5,8.325,8.413,8.413,42700.0,409900000.0,0.0,0.0,0.0,0.0,0.0
GVR,2018-05-23,15:05:01,UPCOM,STOCK,9.9,11.3,8.5,9.8,9.8,9.5,9.5,9.637,8.588,8.588,8.325,8.325,8.445,87700.0,845180000.0,0.0,0.0,-0.4,-0.3505,-4.0404
GVR,2018-05-22,15:05:01,UPCOM,STOCK,9.9,11.3,8.5,10.0,10.0,9.8,9.8,9.899,8.763,8.763,8.588,8.588,8.675,212200.0,2100640000.0,0.0,0.0,-0.1,-0.0876,-1.0101
GVR,2018-05-21,15:05:02,UPCOM,STOCK,9.9,11.3,8.5,9.9,10.0,9.9,9.9,9.916,8.676,8.763,8.676,8.676,8.69,144400.0,1431820000.0,0.0,0.0,0.0,0.0,0.0
GVR,2018-05-18,15:05:49,UPCOM,STOCK,9.9,11.3,8.5,10.0,10.0,9.9,10.0,9.903,8.763,8.763,8.676,8.763,8.678,67100.0,664460000.0,0.0,0.0,0.1,0.0876,1.0101
GVR,2018-05-17,15:05:01,UPCOM,STOCK,9.8,11.2,8.4,9.9,10.0,9.8,9.8,9.939,8.676,8.763,8.588,8.588,8.71,73100.0,726530000.0,0.0,0.0,0.0,0.0,0.0
GVR,2018-05-16,15:05:01,UPCOM,STOCK,9.9,11.3,8.5,9.8,9.8,9.8,9.8,9.8,8.588,8.588,8.588,8.588,8.588,39000.0,382200000.0,0.0,0.0,-0.1,-0.0876,-1.0101
GVR,2018-05-15,15:05:02,UPCOM,STOCK,9.9,11.3,8.5,9.9,10.0,9.7,10.0,9.859,8.676,8.763,8.5,8.763,8.64,111100.0,1095310000.0,0.0,0.0,0.1,0.0876,1.0101
GVR,2018-05-14,15:05:02,UPCOM,STOCK,9.9,11.3,8.5,9.9,9.9,9.6,9.9,9.871,8.676,8.676,8.413,8.676,8.65,122000.0,1204280000.0,0.0,0.0,0.0,0.0,0.0
GVR,2018-05-11,15:05:01,UPCOM,STOCK,9.9,11.3,8.5,10.0,10.0,9.8,9.9,9.894,8.763,8.763,8.588,8.676,8.67,155800.0,1541500000.0,0.0,0.0,0.0,0.0,0.0
GVR,2018-05-10,15:05:01,UPCOM,STOCK,10.0,11.5,8.5,9.9,10.2,9.8,10.0,9.89,8.676,8.939,8.588,8.763,8.667,122500.0,1211500000.0,0.0,0.0,0.0,0.0,0.0
GVR,2018-05-09,15:05:01,UPCOM,STOCK,10.0,11.5,8.5,10.0,10.1,9.9,10.1,9.985,8.763,8.851,8.676,8.851,8.75,166300.0,1660470000.0,0.0,0.0,0.1,0.0876,1.0
GVR,2018-05-08,15:05:02,UPCOM,STOCK,10.0,11.5,8.5,10.0,10.3,9.9,10.0,10.011,8.763,9.026,8.676,8.763,8.773,98300.0,984110000.0,0.0,0.0,0.0,0.0,0.0
GVR,2018-05-07,15:05:01,UPCOM,STOCK,10.2,11.7,8.7,10.3,10.4,10.0,10.1,10.016,9.026,9.114,8.763,8.851,8.777,130900.0,1311040000.0,0.0,0.0,-0.1,-0.0876,-0.9804
GVR,2018-05-04,15:05:01,UPCOM,STOCK,10.1,11.6,8.6,10.0,10.4,10.0,10.3,10.242,8.763,9.114,8.763,9.026,8.975,5500.0,56330000.0,0.0,0.0,0.2,0.1753,1.9802
GVR,2018-05-03,15:05:01,UPCOM,STOCK,10.0,11.5,8.5,10.7,10.7,10.0,10.5,10.146,9.377,9.377,8.763,9.202,8.891,56200.0,570230000.0,0.0,0.0,0.5,0.4382,5.0
GVR,2018-05-02,15:05:01,UPCOM,STOCK,10.0,11.5,8.5,10.0,10.0,10.0,10.0,10.0,8.763,8.763,8.763,8.763,8.763,59200.0,592000000.0,0.0,0.0,0.0,0.0,0.0
GVR,2018-04-27,15:04:01,UPCOM,STOCK,10.2,11.7,8.7,10.2,10.3,10.0,10.1,10.045,8.939,9.026,8.763,8.851,8.803,82200.0,825670000.0,0.0,0.0,-0.1,-0.0876,-0.9804
GVR,2018-04-26,15:04:01,UPCOM,STOCK,10.4,11.9,8.9,10.2,10.3,10.0,10.0,10.17,8.939,9.026,8.763,8.763,8.912,102600.0,1043430000.0,0.0,0.0,-0.4,-0.3505,-3.8462
GVR,2018-04-24,15:04:01,UPCOM,STOCK,10.5,12.0,9.0,10.0,10.4,10.0,10.3,10.356,8.763,9.114,8.763,9.026,9.075,21100.0,218510000.0,0.0,0.0,-0.2,-0.1753,-1.9048
GVR,2018-04-23,15:04:01,UPCOM,STOCK,10.6,12.1,9.1,10.6,10.6,10.2,10.6,10.465,9.289,9.289,8.939,9.289,9.171,211500.0,2213410000.0,0.0,0.0,0.0,0.0,0.0
GVR,2018-04-20,15:04:01,UPCOM,STOCK,10.6,12.1,9.1,10.6,10.7,10.4,10.6,10.608,9.289,9.377,9.114,9.289,9.296,76100.0,807250000.0,0.0,0.0,0.0,0.0,0.0
GVR,2018-04-19,15:04:02,UPCOM,STOCK,10.7,12.3,9.1,10.6,10.7,10.4,10.7,10.565,9.289,9.377,9.114,9.377,9.258,165400.0,1747410000.0,0.0,0.0,0.0,0.0,0.0
GVR,2018-04-18,15:04:01,UPCOM,STOCK,10.7,12.3,9.1,10.8,10.9,10.6,10.7,10.735,9.464,9.552,9.289,9.377,9.407,83800.0,899560000.0,0.0,0.0,0.0,0.0,0.0
GVR,2018-04-17,15:04:02,UPCOM,STOCK,10.6,12.1,9.1,10.4,10.8,10.4,10.8,10.658,9.114,9.464,9.114,9.464,9.34,159800.0,1703140000.0,0.0,0.0,0.2,0.1753,1.8868
GVR,2018-04-16,15:04:01,UPCOM,STOCK,10.6,12.1,9.1,10.6,10.7,10.5,10.5,10.556,9.289,9.377,9.202,9.202,9.251,102600.0,1083080000.0,0.0,0.0,-0.1,-0.0876,-0.9434
GVR,2018-04-13,15:04:01,UPCOM,STOCK,10.7,12.3,9.1,11.0,11.0,10.6,10.6,10.617,9.64,9.64,9.289,9.289,9.304,81100.0,861040000.0,0.0,0.0,-0.1,-0.0876,-0.9346
GVR,2018-04-12,15:04:01,UPCOM,STOCK,10.6,12.1,9.1,10.6,10.9,10.4,10.9,10.716,9.289,9.552,9.114,9.552,9.391,192400.0,2061840000.0,0.0,0.0,0.3,0.2629,2.8302
GVR,2018-04-11,15:04:01,UPCOM,STOCK,10.8,12.4,9.2,10.8,11.2,10.4,10.6,10.579,9.464,9.815,9.114,9.289,9.271,332300.0,3515480000.0,0.0,0.0,-0.2,-0.1753,-1.8519
GVR,2018-04-10,15:04:01,UPCOM,STOCK,10.6,12.1,9.1,10.6,11.2,10.5,11.1,10.797,9.289,9.815,9.202,9.727,9.462,102000.0,1101340000.0,0.0,0.0,0.5,0.4382,4.717
GVR,2018-04-09,15:04:01,UPCOM,STOCK,11.1,12.7,9.5,10.8,10.8,10.6,10.8,10.637,9.464,9.464,9.289,9.464,9.322,78200.0,831820000.0,0.0,0.0,-0.3,-0.2629,-2.7027
GVR,2018-04-06,15:04:01,UPCOM,STOCK,11.8,13.5,10.1,11.8,11.8,11.0,11.1,11.102,10.341,10.341,9.64,9.727,9.729,165600.0,1838450000.0,0.0,0.0,-0.7,-0.6134,-5.9322
GVR,2018-04-05,15:04:01,UPCOM,STOCK,12.3,14.1,10.5,12.2,12.4,11.2,11.3,11.769,10.691,10.867,9.815,9.903,10.314,166200.0,1956070000.0,0.0,0.0,-1.0,-0.8764,-8.1301
GVR,2018-04-04,15:04:02,UPCOM,STOCK,12.7,14.6,10.8,12.8,12.8,12.0,12.0,12.271,11.217,11.217,10.516,10.516,10.754,216100.0,2651770000.0,0.0,0.0,-0.7,-0.6134,-5.5118
GVR,2018-04-03,15:04:01,UPCOM,STOCK,12.8,14.7,10.9,12.9,13.0,12.5,12.6,12.737,11.305,11.392,10.954,11.042,11.162,421300.0,5366140000.000001,0.0,0.0,-0.2,-0.1753,-1.5625
GVR,2018-04-02,15:04:01,UPCOM,STOCK,12.2,14.0,10.4,12.5,13.0,12.5,12.9,12.771,10.954,11.392,10.954,11.305,11.192,348000.0,4444380000.0,0.0,0.0,0.7,0.6134,5.7377
GVR,2018-03-30,15:03:01,UPCOM,STOCK,11.8,13.5,10.1,12.4,13.0,11.3,12.3,12.199,10.867,11.392,9.903,10.779,10.69,540800.0,6597240000.0,0.0,0.0,0.5,0.4382,4.2373
GVR,2018-03-29,16:03:16,UPCOM,STOCK,11.3,12.9,9.7,11.7,12.3,11.4,11.9,11.802,10.253,10.779,9.99,10.428,10.343,587200.0,6930389999.999995,0.0,0.0,0.6,0.5258,5.3097
GVR,2018-03-28,15:03:01,UPCOM,STOCK,10.7,12.3,9.1,10.9,11.8,10.8,11.5,11.268,9.552,10.341,9.464,10.078,9.875,139800.0,1575240000.0,0.0,0.0,0.8,0.7011,7.4766
GVR,2018-03-27,15:03:02,UPCOM,STOCK,10.3,11.8,8.8,10.8,11.0,10.5,10.9,10.702,9.464,9.64,9.202,9.552,9.379,52200.0,558660000.0,0.0,0.0,0.6,0.5258,5.8252
GVR,2018-03-26,15:03:01,UPCOM,STOCK,10.2,11.7,8.7,10.2,10.5,10.2,10.3,10.279,8.939,9.202,8.939,9.026,9.008,267800.0,2752800000.0,0.0,0.0,0.1,0.0876,0.9804
GVR,2018-03-23,15:03:01,UPCOM,STOCK,10.6,12.1,9.1,10.6,10.6,10.0,10.5,10.197,9.289,9.289,8.763,9.202,8.936,111800.0,1140030000.0,0.0,0.0,-0.1,-0.0876,-0.9434
GVR,2018-03-22,15:03:01,UPCOM,STOCK,11.1,12.7,9.5,11.0,11.3,10.2,10.9,10.62,9.64,9.903,8.939,9.552,9.307,260800.0,2769730000.0,0.0,0.0,-0.2,-0.1753,-1.8018
GVR,2018-03-21,15:03:01,UPCOM,STOCK,13.0,18.2,7.8,15.0,15.0,9.8,10.9,11.088,13.145,13.145,8.588,9.552,9.717,515800.0,5719180000.0,0.0,0.0,-2.1,-1.8403,-16.1538
