code,date,time,floor,type,basicPrice,ceilingPrice,floorPrice,open,high,low,close,average,adOpen,adHigh,adLow,adClose,adAverage,nmVolume,nmValue,ptVolume,ptValue,change,adChange,pctChange
FPT,2025-11-03,15:11:03,HOSE,STOCK,103.9,111.1,96.7,103.8,106.3,103.5,105.0,105.544,103.8,106.3,103.5,105.0,105.544,20963600.0,2212582190000.0,4.0,386800.0,1.1,1.1,1.0587
FPT,2025-10-31,15:10:03,HOSE,STOCK,102.7,109.8,95.6,102.6,103.9,101.0,103.9,102.917,102.6,103.9,101.0,103.9,102.917,14827100.0,1525955420000.0,2447615.0,260069674000.0,1.2,1.2,1.1685
FPT,2025-10-30,15:10:05,HOSE,STOCK,101.7,108.8,94.6,102.1,103.5,101.6,102.7,102.696,102.1,103.5,101.6,102.7,102.696,9730600.0,999292540000.0,20004.0,2036378400.0,1.0,1.0,0.9833
FPT,2025-10-29,15:10:03,HOSE,STOCK,102.2,109.3,95.1,102.4,103.2,101.1,101.7,102.236,102.4,103.2,101.1,101.7,102.236,9302800.0,951080130000.0,20000.0,2024000000.0,-0.5,-0.5,-0.4892
FPT,2025-10-28,15:10:05,HOSE,STOCK,98.0,104.8,91.2,98.6,102.2,98.6,102.2,101.294,98.6,102.2,98.6,102.2,101.294,20912700.0,2118321990000.0,6370001.0,624561431200.0,4.2,4.2,4.2857
FPT,2025-10-27,15:10:02,HOSE,STOCK,97.7,104.5,90.9,99.0,99.7,96.3,98.0,98.71,99.0,99.7,96.3,98.0,98.71,12897800.0,1273141460000.0,0.0,0.0,0.3,0.3,0.3071
FPT,2025-10-24,15:10:04,HOSE,STOCK,95.0,101.6,88.4,95.0,97.7,94.7,97.7,96.879,95.0,97.7,94.7,97.7,96.879,13759100.0,1332973870000.0,1500000.0,146250000000.0,2.7,2.7,2.8421
FPT,2025-10-23,15:10:02,HOSE,STOCK,97.0,103.7,90.3,97.2,97.3,94.0,95.0,95.71,97.2,97.3,94.0,95.0,95.71,6647600.0,636243870000.0,2324300.0,213342753000.0,-2.0,-2.0,-2.0619
FPT,2025-10-22,15:10:03,HOSE,STOCK,93.0,99.5,86.5,95.2,99.0,95.0,97.0,96.805,95.2,99.0,95.0,97.0,96.805,18311100.0,1772599340000.0,988310.0,95158099550.0,4.0,4.0,4.3011
FPT,2025-10-21,15:10:03,HOSE,STOCK,87.0,93.0,81.0,89.0,93.0,88.5,93.0,91.354,89.0,93.0,88.5,93.0,91.354,19520200.0,1783240920000.0,2130700.0,187501485800.0,6.0,6.0,6.8966
FPT,2025-10-20,15:10:03,HOSE,STOCK,88.1,94.2,82.0,88.3,91.8,87.0,87.0,88.984,88.3,91.8,87.0,87.0,88.984,14580300.0,1297410070000.0,75000.0,6750000000.0,-1.1,-1.1,-1.2486
FPT,2025-10-17,15:10:03,HOSE,STOCK,89.8,96.0,83.6,90.1,91.5,88.1,88.1,89.694,90.1,91.5,88.1,88.1,89.694,8374400.0,751136260000.0,355000.0,34080000000.0,-1.7,-1.7,-1.8931
FPT,2025-10-16,15:10:02,HOSE,STOCK,89.6,95.8,83.4,89.8,91.5,89.6,89.8,90.198,89.8,91.5,89.6,89.8,90.198,7928500.0,715138130000.0,75000.0,6750000000.0,0.2,0.2,0.2232
FPT,2025-10-15,15:10:03,HOSE,STOCK,92.4,98.8,86.0,92.6,93.1,89.5,89.6,90.817,92.6,93.1,89.5,89.6,90.817,18738600.0,1701788580000.0,0.0,0.0,-2.8,-2.8,-3.0303
FPT,2025-10-14,15:10:03,HOSE,STOCK,94.0,100.5,87.5,94.1,94.5,92.4,92.4,92.921,94.1,94.5,92.4,92.4,92.921,12659600.0,1176345730000.0,253951.0,24125337500.0,-1.6,-1.6,-1.7021
FPT,2025-10-13,15:10:03,HOSE,STOCK,96.1,102.8,89.4,94.9,94.9,93.7,94.0,94.116,94.9,94.9,93.7,94.0,94.116,7915000.0,744928900000.0,3239145.0,307814674700.0,-2.1,-2.1,-2.1852
FPT,2025-10-10,15:10:03,HOSE,STOCK,94.2,100.7,87.7,94.2,96.5,93.8,96.1,95.751,94.2,96.5,93.8,96.1,95.751,8587700.0,822279980000.0,0.0,0.0,1.9,1.9,2.017
FPT,2025-10-09,15:10:04,HOSE,STOCK,94.5,101.1,87.9,95.0,95.0,93.5,94.2,94.101,95.0,95.0,93.5,94.2,94.101,5716300.0,537906800000.0,1403586.0,136965093280.0,-0.3,-0.3,-0.3175
FPT,2025-10-08,15:10:04,HOSE,STOCK,95.5,102.1,88.9,95.5,96.9,94.5,94.5,95.629,95.5,96.9,94.5,94.5,95.629,5132100.0,490777930000.0,1160000.0,115941850000.0,-1.0,-1.0,-1.0471
FPT,2025-10-07,15:10:03,HOSE,STOCK,95.5,102.1,88.9,96.0,96.3,95.2,95.5,95.837,96.0,96.3,95.2,95.5,95.837,5997500.0,574781260000.0,1338000.0,128997550000.0,0.0,0.0,0.0
FPT,2025-10-06,15:10:04,HOSE,STOCK,93.4,99.9,86.9,94.3,95.9,93.5,95.5,95.085,94.3,95.9,93.5,95.5,95.085,6580000.0,625656960000.0,4598000.0,430527000000.0,2.1,2.1,2.2484
FPT,2025-10-03,15:10:03,HOSE,STOCK,92.1,98.5,85.7,92.2,94.0,92.1,93.4,93.158,92.2,94.0,92.1,93.4,93.158,7681300.0,715572820000.0,0.0,0.0,1.3,1.3,1.4115
FPT,2025-10-02,15:10:03,HOSE,STOCK,93.4,99.9,86.9,92.9,93.4,92.0,92.1,92.583,92.9,93.4,92.0,92.1,92.583,7933800.0,734533130000.0,2359600.0,225514432800.0,-1.3,-1.3,-1.3919
FPT,2025-10-01,15:10:02,HOSE,STOCK,93.0,99.5,86.5,93.2,94.5,91.4,93.4,93.109,93.2,94.5,91.4,93.4,93.109,7405100.0,689477800000.0,0.0,0.0,0.4,0.4,0.4301
FPT,2025-09-30,15:09:03,HOSE,STOCK,95.5,102.1,88.9,95.5,95.8,92.8,93.0,93.648,95.5,95.8,92.8,93.0,93.648,12018800.0,1125538280000.0,1875400.0,181576917000.0,-2.5,-2.5,-2.6178
FPT,2025-09-29,15:09:03,HOSE,STOCK,97.5,104.3,90.7,97.8,97.8,95.5,95.5,96.16,97.8,97.8,95.5,95.5,96.16,10430900.0,1003034530000.0,1090000.0,109072000000.0,-2.0,-2.0,-2.0513
FPT,2025-09-26,15:09:03,HOSE,STOCK,98.0,104.8,91.2,98.2,99.3,97.4,97.5,97.912,98.2,99.3,97.4,97.5,97.912,8080800.0,791211010000.0,1000000.0,98109000000.0,-0.5,-0.5,-0.5102
FPT,2025-09-25,15:09:02,HOSE,STOCK,99.5,106.4,92.6,99.5,99.5,97.9,98.0,98.197,99.5,99.5,97.9,98.0,98.197,8627700.0,847214630000.0,1181001.0,122241092600.0,-1.5,-1.5,-1.5075
FPT,2025-09-24,15:09:03,HOSE,STOCK,98.0,104.8,91.2,98.1,99.5,97.4,99.5,98.034,98.1,99.5,97.4,99.5,98.034,7421100.0,727522920000.0,290000.0,28416520000.0,1.5,1.5,1.5306
FPT,2025-09-23,15:09:03,HOSE,STOCK,99.7,106.6,92.8,100.0,100.0,97.5,98.0,98.486,100.0,100.0,97.5,98.0,98.486,18291200.0,1801421490000.0,2118146.0,214595822800.0,-1.7,-1.7,-1.7051
FPT,2025-09-22,15:09:03,HOSE,STOCK,103.0,110.2,95.8,102.5,102.7,99.6,99.7,100.422,102.5,102.7,99.6,99.7,100.422,16280200.0,1634887530000.0,834001.0,83488043800.0,-3.3,-3.3,-3.2039
FPT,2025-09-19,15:09:03,HOSE,STOCK,103.0,110.2,95.8,103.8,103.8,100.5,103.0,102.237,103.8,103.8,100.5,103.0,102.237,23514300.0,2404037000000.0,646500.0,67718250000.0,0.0,0.0,0.0
FPT,2025-09-18,15:09:02,HOSE,STOCK,105.5,112.8,98.2,106.0,106.3,103.0,103.0,103.978,106.0,106.3,103.0,103.0,103.978,8198400.0,852450790000.0,3567600.0,384420040800.0,-2.5,-2.5,-2.3697
FPT,2025-09-17,15:09:03,HOSE,STOCK,103.5,110.7,96.3,104.0,107.8,104.0,105.5,106.165,104.0,107.8,104.0,105.5,106.165,20018000.0,2125202910000.0,1496502.0,159159942600.0,2.0,2.0,1.9324
FPT,2025-09-16,15:09:03,HOSE,STOCK,101.9,109.0,94.8,102.7,104.8,102.0,103.5,103.257,102.7,104.8,102.0,103.5,103.257,17531600.0,1810267510000.0,448400.0,46300438800.0,1.6,1.6,1.5702
FPT,2025-09-15,15:09:03,HOSE,STOCK,101.6,108.7,94.5,101.9,103.5,101.5,101.9,102.069,101.9,103.5,101.5,101.9,102.069,14123100.0,1441534200000.0,21003.0,1984783500.0,0.3,0.3,0.2953
FPT,2025-09-12,15:09:02,HOSE,STOCK,102.0,109.1,94.9,102.0,102.9,101.1,101.6,101.663,102.0,102.9,101.1,101.6,101.663,7447000.0,757087400000.0,1415000.0,149519000000.0,-0.4,-0.4,-0.3922
FPT,2025-09-11,15:09:02,HOSE,STOCK,101.2,108.2,94.2,101.2,102.9,100.5,102.0,101.605,101.2,102.9,100.5,102.0,101.605,7414200.0,753322380000.0,0.0,0.0,0.8,0.8,0.7905
FPT,2025-09-10,15:09:03,HOSE,STOCK,102.1,109.2,95.0,102.1,102.9,101.1,101.2,101.616,102.1,102.9,101.1,101.2,101.616,5498500.0,558736630000.0,2831700.0,295892292000.0,-0.9,-0.9,-0.8815
FPT,2025-09-09,15:09:04,HOSE,STOCK,101.9,109.0,94.8,102.0,103.0,101.0,102.1,101.858,102.0,103.0,101.0,102.1,101.858,6460700.0,658074550000.0,1365000.0,139251150000.0,0.2,0.2,0.1963
FPT,2025-09-08,15:09:03,HOSE,STOCK,103.4,110.6,96.2,103.0,103.9,101.9,101.9,102.464,103.0,103.9,101.9,101.9,102.464,10600300.0,1086144750000.0,3636801.0,373561668100.0,-1.5,-1.5,-1.4507
FPT,2025-09-05,15:09:02,HOSE,STOCK,105.0,112.3,97.7,105.2,105.5,103.4,103.4,104.214,105.2,105.5,103.4,103.4,104.214,8807800.0,917891770000.0,1925100.0,205814697000.0,-1.6,-1.6,-1.5238
FPT,2025-09-04,15:09:03,HOSE,STOCK,103.2,110.4,96.0,103.3,105.5,103.2,105.0,104.655,103.3,105.5,103.2,105.0,104.655,11033600.0,1154720690000.0,4617201.0,489131561800.0,1.8,1.8,1.7442
FPT,2025-09-03,15:09:02,HOSE,STOCK,101.6,108.7,94.5,102.0,103.3,100.0,103.2,101.453,102.0,103.3,100.0,103.2,101.453,9744200.0,988578690000.0,2290000.0,235418870000.0,1.6,1.6,1.5748
FPT,2025-08-29,15:08:03,HOSE,STOCK,104.5,111.8,97.2,105.0,105.0,101.6,101.6,102.956,105.0,105.0,101.6,101.6,102.956,11090200.0,1141797600000.0,806000.0,87048000000.0,-2.9,-2.9,-2.7751
FPT,2025-08-28,15:08:03,HOSE,STOCK,105.0,112.3,97.7,105.1,105.1,102.8,104.5,104.39,105.1,105.1,102.8,104.5,104.39,6280200.0,655589690000.0,1223400.0,121116600000.0,-0.5,-0.5,-0.4762
FPT,2025-08-27,15:08:03,HOSE,STOCK,100.0,107.0,93.0,101.4,105.1,101.2,105.0,104.05,101.4,105.1,101.2,105.0,104.05,19436400.0,2022350400000.0,293000.0,30530600000.0,5.0,5.0,5.0
FPT,2025-08-26,15:08:03,HOSE,STOCK,98.8,105.7,91.9,98.8,100.0,97.9,100.0,98.846,98.8,100.0,97.9,100.0,98.846,5812500.0,574542500000.0,0.0,0.0,1.2,1.2,1.2146
FPT,2025-08-25,15:08:03,HOSE,STOCK,99.0,105.9,92.1,102.0,102.0,98.8,98.8,100.024,102.0,102.0,98.8,98.8,100.024,6736000.0,673759890000.0,1055000.0,105500000000.0,-0.2,-0.2,-0.202
FPT,2025-08-22,15:08:03,HOSE,STOCK,101.7,108.8,94.6,101.6,101.6,98.8,99.0,99.68,101.6,101.6,98.8,99.0,99.68,7212000.0,718893160000.0,0.0,0.0,-2.7,-2.7,-2.6549
FPT,2025-08-21,15:08:02,HOSE,STOCK,97.7,104.5,90.9,97.7,102.9,97.7,101.7,99.636,97.7,102.9,97.7,101.7,99.636,12624800.0,1257879640000.0,452201.0,45783532100.0,4.0,4.0,4.0942
FPT,2025-08-20,15:08:02,HOSE,STOCK,100.3,107.3,93.3,100.1,100.3,97.5,97.7,98.867,100.1,100.3,97.5,97.7,98.867,19969500.0,1974324520000.0,0.0,0.0,-2.6,-2.6,-2.5922
FPT,2025-08-19,15:08:03,HOSE,STOCK,100.5,107.5,93.5,100.6,101.5,100.0,100.3,100.481,100.6,101.5,100.0,100.3,100.481,9153600.0,919762660000.0,0.0,0.0,-0.2,-0.2,-0.199
FPT,2025-08-18,15:08:03,HOSE,STOCK,101.4,108.4,94.4,101.4,103.0,100.0,100.5,101.136,101.4,103.0,100.0,100.5,101.136,11392300.0,1152176640000.0,0.0,0.0,-0.9,-0.9,-0.8876
FPT,2025-08-15,15:08:03,HOSE,STOCK,103.8,111.0,96.6,103.8,104.8,101.3,101.4,102.514,103.8,104.8,101.3,101.4,102.514,18622300.0,1909038040000.0,30000.0,3255000000.0,-2.4,-2.4,-2.3121
FPT,2025-08-14,15:08:03,HOSE,STOCK,105.1,112.4,97.8,105.8,105.8,103.7,103.8,104.175,105.8,105.8,103.7,103.8,104.175,17905400.0,1865288520000.0,0.0,0.0,-1.3,-1.3,-1.2369
FPT,2025-08-13,15:08:04,HOSE,STOCK,107.5,115.0,100.0,107.6,107.8,104.9,105.1,105.63,107.6,107.8,104.9,105.1,105.63,21845000.0,2307481780000.0,419000.0,46928000000.0,-2.4,-2.4,-2.2326
FPT,2025-08-12,15:08:02,HOSE,STOCK,106.4,113.8,99.0,107.4,108.2,106.6,107.5,107.258,107.4,108.2,106.6,107.5,107.258,11011800.0,1181100030000.0,0.0,0.0,1.1,1.1,1.0338
FPT,2025-08-11,15:08:03,HOSE,STOCK,105.6,112.9,98.3,105.9,109.5,105.3,106.4,107.048,105.9,109.5,105.3,106.4,107.048,10278500.0,1100291440000.0,0.0,0.0,0.8,0.8,0.7576
FPT,2025-08-08,15:08:03,HOSE,STOCK,106.2,113.6,98.8,106.5,107.4,104.8,105.6,105.508,106.5,107.4,104.8,105.6,105.508,9184800.0,969065950000.0,763000.0,83930000000.0,-0.6,-0.6,-0.565
FPT,2025-08-07,15:08:03,HOSE,STOCK,104.9,112.2,97.6,105.6,107.4,104.9,106.2,106.039,105.6,107.4,104.9,106.2,106.039,9565800.0,1014348900000.0,1653000.0,180145050000.0,1.3,1.3,1.2393
FPT,2025-08-06,15:08:03,HOSE,STOCK,105.8,113.2,98.4,106.0,106.2,104.5,104.9,105.006,106.0,106.2,104.5,104.9,105.006,11814200.0,1240560180000.0,896000.0,95081392000.0,-0.9,-0.9,-0.8507
FPT,2025-08-05,15:08:03,HOSE,STOCK,106.6,114.0,99.2,107.0,108.7,105.0,105.8,106.788,107.0,108.7,105.0,105.8,106.788,11395000.0,1216849500000.0,867000.0,92189800000.0,-0.8,-0.8,-0.7505
FPT,2025-08-04,15:08:02,HOSE,STOCK,107.0,114.4,99.6,106.5,106.6,104.8,106.6,105.694,106.5,106.6,104.8,106.6,105.694,4617800.0,488074570000.0,935000.0,100045000000.0,-0.4,-0.4,-0.3738
FPT,2025-08-01,15:08:02,HOSE,STOCK,104.0,111.2,96.8,103.7,107.4,101.5,107.0,103.41,103.7,107.4,101.5,107.0,103.41,10891500.0,1126293680000.0,1095000.0,118143560000.0,3.0,3.0,2.8846
FPT,2025-07-31,15:07:03,HOSE,STOCK,106.1,113.5,98.7,106.1,106.9,103.8,104.0,104.428,106.1,106.9,103.8,104.0,104.428,8944200.0,934025280000.0,40000.0,4540000000.0,-2.1,-2.1,-1.9793
FPT,2025-07-30,15:07:03,HOSE,STOCK,106.0,113.4,98.6,107.0,108.0,105.3,106.1,106.476,107.0,108.0,105.3,106.1,106.476,7488200.0,797312070000.0,0.0,0.0,0.1,0.1,0.0943
FPT,2025-07-29,15:07:03,HOSE,STOCK,111.3,119.0,103.6,111.3,111.6,106.0,106.0,109.006,111.3,111.6,106.0,106.0,109.006,16059500.0,1750574740000.0,730000.0,83950000000.0,-5.3,-5.3,-4.7619
FPT,2025-07-28,15:07:03,HOSE,STOCK,110.7,118.4,103.0,110.8,111.6,110.5,111.3,110.944,110.8,111.6,110.5,111.3,110.944,7611000.0,844395550000.0,0.0,0.0,0.6,0.6,0.542
FPT,2025-07-25,15:07:03,HOSE,STOCK,111.1,118.8,103.4,111.1,111.5,110.5,110.7,110.753,111.1,111.5,110.5,110.7,110.753,5137000.0,568939810000.0,0.0,0.0,-0.4,-0.4,-0.36
FPT,2025-07-24,15:07:03,HOSE,STOCK,111.8,119.6,104.0,112.0,112.1,110.8,111.1,111.239,112.0,112.1,110.8,111.1,111.239,6420800.0,714244320000.0,180000.0,19854000000.0,-0.7,-0.7,-0.6261
FPT,2025-07-23,15:07:03,HOSE,STOCK,112.1,119.9,104.3,112.3,112.8,111.3,111.8,112.043,112.3,112.8,111.3,111.8,112.043,4795100.0,537258560000.0,0.0,0.0,-0.3,-0.3,-0.2676
FPT,2025-07-22,15:07:03,HOSE,STOCK,110.3,118.0,102.6,110.3,112.2,108.7,112.1,110.917,110.3,112.2,108.7,112.1,110.917,6889600.0,764175070000.0,214500.0,23682948000.0,1.8,1.8,1.6319
FPT,2025-07-21,15:07:02,HOSE,STOCK,109.6,117.2,102.0,112.4,112.4,110.3,110.3,111.444,112.4,112.4,110.3,110.3,111.444,7563700.0,842927350000.0,1202300.0,135705574000.0,0.7,0.7,0.6387
FPT,2025-07-18,15:07:02,HOSE,STOCK,127.0,135.8,118.2,128.0,128.0,126.0,126.0,126.69,111.309,111.309,109.57,109.57,110.17,6494600.0,822800730000.0,501200.0,64164442000.0,-1.0,-0.8696,-0.7874
FPT,2025-07-17,15:07:02,HOSE,STOCK,126.3,135.1,117.5,126.7,129.1,126.0,127.0,127.278,110.178,112.265,109.57,110.439,110.681,8334200.0,1060757910000.0,0.0,0.0,0.7,0.6087,0.5542
FPT,2025-07-16,15:07:02,HOSE,STOCK,126.0,134.8,117.2,126.7,127.0,125.1,126.3,125.972,110.178,110.439,108.787,109.83,109.545,5063000.0,637797980000.0,0.0,0.0,0.3,0.2609,0.2381
FPT,2025-07-15,15:07:02,HOSE,STOCK,127.1,135.9,118.3,126.6,127.8,126.0,126.0,126.854,110.091,111.135,109.57,109.57,110.312,5600000.0,710384890000.0,0.0,0.0,-1.1,-0.9566,-0.8655
FPT,2025-07-14,15:07:03,HOSE,STOCK,126.6,135.4,117.8,127.2,127.9,125.0,127.1,126.615,110.613,111.222,108.7,110.526,110.104,5978400.0,756952930000.0,0.0,0.0,0.5,0.4348,0.3949
FPT,2025-07-11,15:07:02,HOSE,STOCK,123.9,132.5,115.3,125.0,128.0,124.6,126.6,126.379,108.7,111.309,108.352,110.091,109.899,10736000.0,1356805020000.0,0.0,0.0,2.7,2.3479,2.1792
FPT,2025-07-10,15:07:03,HOSE,STOCK,122.8,131.3,114.3,123.8,125.3,123.5,123.9,124.06,107.656,108.961,107.396,107.743,107.883,5180200.0,642653710000.0,0.0,0.0,1.1,0.9566,0.8958
FPT,2025-07-09,15:07:02,HOSE,STOCK,124.5,133.2,115.8,124.8,124.9,122.3,122.8,123.292,108.526,108.613,106.352,106.787,107.215,12198400.0,1503963090000.0,0.0,0.0,-1.7,-1.4783,-1.3655
FPT,2025-07-08,15:07:02,HOSE,STOCK,123.8,132.4,115.2,124.1,125.7,124.0,124.5,124.883,107.917,109.309,107.83,108.265,108.598,8064200.0,1007084400000.0,0.0,0.0,0.7,0.6087,0.5654
FPT,2025-07-07,15:07:02,HOSE,STOCK,122.5,131.0,114.0,123.3,124.7,123.0,123.8,123.864,107.222,108.439,106.961,107.656,107.712,6382800.0,790599500000.0,0.0,0.0,1.3,1.1305,1.0612
FPT,2025-07-04,15:07:02,HOSE,STOCK,118.0,126.2,109.8,118.5,123.4,118.4,122.5,121.252,103.048,107.309,102.961,106.526,105.441,12825000.0,1555055610000.0,0.0,0.0,4.5,3.9132,3.8136
FPT,2025-07-03,15:07:03,HOSE,STOCK,118.6,126.9,110.3,118.5,119.8,117.8,118.0,118.768,103.048,104.178,102.439,102.613,103.281,6304300.0,748748960000.0,0.0,0.0,-0.6,-0.5218,-0.5059
FPT,2025-07-02,15:07:04,HOSE,STOCK,118.8,127.1,110.5,118.5,118.7,117.6,118.6,117.998,103.048,103.222,102.265,103.135,102.611,3661700.0,432072770000.0,0.0,0.0,-0.2,-0.1739,-0.1684
FPT,2025-07-01,15:07:03,HOSE,STOCK,118.2,126.4,110.0,119.0,119.5,118.2,118.8,118.85,103.482,103.917,102.787,103.308,103.352,4609400.0,547827790000.0,0.0,0.0,0.6,0.5218,0.5076
FPT,2025-06-30,15:06:03,HOSE,STOCK,117.3,125.5,109.1,117.9,119.5,117.6,118.2,118.651,102.526,103.917,102.265,102.787,103.179,6859100.0,813837300000.0,0.0,0.0,0.9,0.7826,0.7673
FPT,2025-06-27,15:06:02,HOSE,STOCK,117.0,125.1,108.9,117.0,118.3,116.9,117.3,117.746,101.743,102.874,101.656,102.004,102.392,5263200.0,619720420000.0,0.0,0.0,0.3,0.2609,0.2564
FPT,2025-06-26,15:06:03,HOSE,STOCK,117.1,125.2,109.0,118.0,118.3,116.6,117.0,117.15,102.613,102.874,101.395,101.743,101.874,4132300.0,484100150000.0,0.0,0.0,-0.1,-0.087,-0.0854
FPT,2025-06-25,15:06:03,HOSE,STOCK,116.5,124.6,108.4,117.0,119.4,117.0,117.1,118.158,101.743,103.83,101.743,101.83,102.75,6000700.0,709029180000.0,0.0,0.0,0.6,0.5218,0.515
FPT,2025-06-24,15:06:02,HOSE,STOCK,115.9,124.0,107.8,116.3,117.0,116.3,116.5,116.546,101.134,101.743,101.134,101.308,101.348,4271900.0,497872260000.0,0.0,0.0,0.6,0.5218,0.5177
FPT,2025-06-23,15:06:02,HOSE,STOCK,116.1,124.2,108.0,115.5,116.3,114.5,115.9,115.724,100.439,101.134,99.569,100.787,100.634,4587300.0,530858780000.0,0.0,0.0,-0.2,-0.1739,-0.1723
FPT,2025-06-20,15:06:02,HOSE,STOCK,116.0,124.1,107.9,116.1,116.9,115.8,116.1,116.105,100.961,101.656,100.7,100.961,100.965,4339400.0,503825530000.0,0.0,0.0,0.1,0.087,0.0862
FPT,2025-06-19,15:06:03,HOSE,STOCK,117.0,125.1,108.9,117.0,117.1,115.7,116.0,116.227,101.743,101.83,100.613,100.874,101.071,5404900.0,628196140000.0,0.0,0.0,-1.0,-0.8696,-0.8547
FPT,2025-06-18,15:06:02,HOSE,STOCK,118.8,127.1,110.5,118.8,119.5,116.4,117.0,117.984,103.308,103.917,101.221,101.743,102.599,6556700.0,773588710000.0,0.0,0.0,-1.8,-1.5653,-1.5152
FPT,2025-06-17,15:06:02,HOSE,STOCK,119.0,127.3,110.7,119.0,119.3,118.2,118.8,118.754,103.482,103.743,102.787,103.308,103.268,4600300.0,546306240000.0,0.0,0.0,-0.2,-0.1739,-0.1681
FPT,2025-06-16,15:06:03,HOSE,STOCK,115.4,123.4,107.4,115.1,119.8,115.0,119.0,117.908,100.091,104.178,100.004,103.482,102.533,8069100.0,951407560000.0,0.0,0.0,3.6,3.1305,3.1196
FPT,2025-06-13,15:06:03,HOSE,STOCK,117.0,125.1,108.9,116.0,116.5,114.9,115.4,115.478,100.874,101.308,99.917,100.352,100.42,6161700.0,711540100000.0,0.0,0.0,-1.6,-1.3914,-1.3675
FPT,2025-06-12,15:06:03,HOSE,STOCK,116.9,125.0,108.8,117.6,117.7,116.5,117.0,116.943,102.265,102.352,101.308,101.743,101.694,4153100.0,485676160000.0,0.0,0.0,0.1,0.087,0.0855
FPT,2025-06-11,15:06:03,HOSE,STOCK,115.7,123.7,107.7,116.1,118.2,116.1,117.9,117.429,100.102,101.913,100.102,101.654,101.248,5744300.0,674550050000.0,0.0,0.0,2.2,1.8969,1.9015
FPT,2025-06-10,15:06:02,HOSE,STOCK,116.2,124.3,108.1,117.0,117.4,115.7,115.7,116.681,100.878,101.223,99.758,99.758,100.603,3359000.0,391932850000.0,0.0,0.0,-0.5,-0.4311,-0.4303
FPT,2025-06-09,15:06:02,HOSE,STOCK,115.0,123.0,107.0,115.5,116.9,115.0,116.2,115.876,99.585,100.792,99.154,100.189,99.909,3054700.0,353964940000.0,0.0,0.0,1.2,1.0347,1.0435
FPT,2025-06-06,15:06:02,HOSE,STOCK,116.8,124.9,108.7,116.8,116.8,115.0,115.0,115.713,100.706,100.706,99.154,99.154,99.769,5383000.0,622882330000.0,0.0,0.0,-1.8,-1.552,-1.5411
FPT,2025-06-05,15:06:08,HOSE,STOCK,117.1,125.2,109.0,117.1,117.3,116.5,116.8,116.79,100.965,101.137,100.447,100.706,100.697,2302800.0,268943180000.0,0.0,0.0,-0.3,-0.2587,-0.2562
FPT,2025-06-04,15:06:03,HOSE,STOCK,117.4,125.6,109.2,118.0,118.2,116.5,117.1,117.235,101.741,101.913,100.447,100.965,101.081,2873300.0,336850130000.0,0.0,0.0,-0.3,-0.2587,-0.2555
FPT,2025-06-03,15:06:02,HOSE,STOCK,116.1,124.2,108.0,116.7,118.0,116.3,117.4,117.362,100.62,101.741,100.275,101.223,101.191,3398600.0,398865590000.0,0.0,0.0,1.3,1.1209,1.1197
FPT,2025-06-02,15:06:02,HOSE,STOCK,116.5,124.6,108.4,116.5,117.1,115.6,116.1,116.277,100.447,100.965,99.671,100.102,100.255,2916400.0,339108850000.0,0.0,0.0,-0.4,-0.3449,-0.3433
FPT,2025-05-30,15:05:02,HOSE,STOCK,117.1,125.2,109.0,118.0,118.2,116.5,116.5,117.243,101.741,101.913,100.447,100.447,101.088,4038000.0,473427380000.0,0.0,0.0,-0.6,-0.5173,-0.5124
FPT,2025-05-29,15:05:03,HOSE,STOCK,118.4,126.6,110.2,119.0,119.0,117.1,117.1,117.735,102.603,102.603,100.965,100.965,101.512,2933000.0,345316150000.0,0.0,0.0,-1.3,-1.1209,-1.098
FPT,2025-05-28,15:05:03,HOSE,STOCK,119.0,127.3,110.7,119.2,119.4,117.5,118.4,118.107,102.775,102.948,101.309,102.085,101.833,3933600.0,464586170000.0,0.0,0.0,-0.6,-0.5173,-0.5042
FPT,2025-05-27,15:05:01,HOSE,STOCK,117.3,125.5,109.1,117.4,119.4,117.4,119.0,118.892,101.223,102.948,101.223,102.603,102.51,5498200.0,653693410000.0,0.0,0.0,1.7,1.4658,1.4493
FPT,2025-05-26,15:05:04,HOSE,STOCK,117.1,125.2,109.0,116.7,117.8,115.0,117.3,116.369,100.62,101.568,99.154,101.137,100.334,4023400.0,468199690000.0,0.0,0.0,0.2,0.1724,0.1708
FPT,2025-05-23,15:05:02,HOSE,STOCK,116.8,124.9,108.7,116.7,117.8,116.0,117.1,116.975,100.62,101.568,100.016,100.965,100.857,4440500.0,519426350000.0,0.0,0.0,0.3,0.2587,0.2568
FPT,2025-05-22,15:05:02,HOSE,STOCK,118.3,126.5,110.1,117.1,117.6,115.6,116.8,116.642,100.965,101.396,99.671,100.706,100.57,6350700.0,740760300000.0,0.0,0.0,-1.5,-1.2933,-1.268
FPT,2025-05-21,15:05:03,HOSE,STOCK,119.2,127.5,110.9,120.0,120.0,117.0,118.3,117.776,103.465,103.465,100.878,101.999,101.547,6024400.0,709530270000.0,0.0,0.0,-0.9,-0.776,-0.755
FPT,2025-05-20,15:05:01,HOSE,STOCK,118.2,126.4,110.0,116.8,119.3,116.8,119.2,117.753,100.706,102.861,100.706,102.775,101.528,7911300.0,931581020000.0,0.0,0.0,1.0,0.8622,0.846
FPT,2025-05-19,15:05:03,HOSE,STOCK,121.0,129.4,112.6,118.8,120.5,116.6,118.2,118.542,102.43,103.896,100.533,101.913,102.208,9916700.0,1175540600000.0,0.0,0.0,-2.8,-2.4142,-2.314
FPT,2025-05-16,15:05:03,HOSE,STOCK,125.0,133.7,116.3,124.5,124.7,120.9,121.0,122.185,107.345,107.517,104.241,104.327,105.349,8012200.0,978973770000.0,0.0,0.0,-4.0,-3.4488,-3.2
FPT,2025-05-15,15:05:02,HOSE,STOCK,126.3,135.1,117.5,126.5,126.9,123.6,125.0,125.468,109.069,109.414,106.569,107.776,108.18,7806300.0,979437220000.0,0.0,0.0,-1.3,-1.1209,-1.0293
FPT,2025-05-14,15:05:03,HOSE,STOCK,119.5,127.8,111.2,120.0,126.3,120.0,126.3,123.504,103.465,108.897,103.465,108.897,106.486,12080300.0,1491967010000.0,0.0,0.0,6.8,5.863,5.6904
FPT,2025-05-13,15:05:02,HOSE,STOCK,118.3,126.5,110.1,120.0,120.3,118.6,119.5,119.643,103.465,103.724,102.258,103.034,103.157,8565900.0,1024852670000.0,0.0,0.0,1.2,1.0347,1.0144
FPT,2025-05-12,15:05:04,HOSE,STOCK,116.0,124.1,107.9,117.0,118.7,116.7,118.3,117.959,100.878,102.344,100.62,101.999,101.705,8715200.0,1028033180000.0,0.0,0.0,2.3,1.9831,1.9828
FPT,2025-05-09,15:05:03,HOSE,STOCK,114.3,122.3,106.3,114.3,116.4,113.5,116.0,115.098,98.55,100.361,97.861,100.016,99.238,8496900.0,977980260000.0,0.0,0.0,1.7,1.4658,1.4873
FPT,2025-05-08,15:05:03,HOSE,STOCK,109.7,117.3,102.1,110.4,114.6,109.0,114.3,112.117,95.188,98.809,93.981,98.55,96.668,12644900.0,1417704250000.0,0.0,0.0,4.6,3.9661,4.1933
FPT,2025-05-07,15:05:26,HOSE,STOCK,109.7,117.3,102.1,109.6,111.2,108.9,109.7,109.789,94.498,95.878,93.894,94.584,94.661,3926800.0,431118010000.0,0.0,0.0,0.0,0.0,0.0
FPT,2025-05-06,15:05:02,HOSE,STOCK,108.6,116.2,101.0,108.6,111.0,108.6,109.7,110.099,93.636,95.705,93.636,94.584,94.928,5686200.0,626044050000.0,0.0,0.0,1.1,0.9484,1.0129
FPT,2025-05-05,16:05:57,HOSE,STOCK,109.4,117.0,101.8,109.5,109.7,106.9,108.6,107.883,94.412,94.584,92.17,93.636,93.018,7167600.0,773263520000.0,0.0,0.0,-0.8,-0.6898,-0.7313
FPT,2025-04-29,15:04:17,HOSE,STOCK,109.5,117.1,101.9,109.6,110.5,109.1,109.4,109.526,94.498,95.274,94.067,94.326,94.434,2945500.0,322607360000.0,0.0,0.0,-0.1,-0.0862,-0.0913
FPT,2025-04-28,15:04:18,HOSE,STOCK,112.4,120.2,104.6,112.0,112.4,109.2,109.5,110.202,96.567,96.912,94.153,94.412,95.017,3853700.0,424684980000.0,0.0,0.0,-2.9,-2.5004,-2.5801
FPT,2025-04-25,15:04:20,HOSE,STOCK,112.0,119.8,104.2,112.0,112.4,110.2,112.4,111.452,96.567,96.912,95.015,96.912,96.095,5384100.0,600067450000.0,0.0,0.0,0.4,0.3449,0.3571
FPT,2025-04-24,15:04:17,HOSE,STOCK,110.4,118.1,102.7,111.5,113.7,110.6,112.0,111.967,96.136,98.033,95.36,96.567,96.539,7740100.0,866636990000.0,0.0,0.0,1.6,1.3795,1.4493
FPT,2025-04-23,15:04:18,HOSE,STOCK,110.4,118.1,102.7,111.7,111.7,107.7,110.4,110.006,96.309,96.309,92.86,95.188,94.848,5710800.0,628219340000.0,0.0,0.0,0.0,0.0,0.0
FPT,2025-04-22,15:04:17,HOSE,STOCK,111.7,119.5,103.9,111.0,111.2,104.0,110.4,107.272,95.705,95.878,89.67,95.188,92.491,9127300.0,979100660000.0,0.0,0.0,-1.3,-1.1209,-1.1638
FPT,2025-04-21,15:04:18,HOSE,STOCK,111.6,119.4,103.8,112.0,112.5,110.0,111.7,111.319,96.567,96.998,94.843,96.309,95.98,4332300.0,482265800000.0,0.0,0.0,0.1,0.0862,0.0896
FPT,2025-04-18,15:04:21,HOSE,STOCK,109.4,117.0,101.8,110.5,115.0,110.5,111.6,112.575,95.274,99.154,95.274,96.222,97.063,7485500.0,842679290000.0,0.0,0.0,2.2,1.8968,2.011
FPT,2025-04-17,15:04:18,HOSE,STOCK,107.9,115.4,100.4,105.0,111.3,104.9,109.4,107.79,90.532,95.964,90.446,94.326,92.937,8580100.0,924851840000.0,0.0,0.0,1.5,1.2933,1.3902
FPT,2025-04-16,15:04:19,HOSE,STOCK,116.0,124.1,107.9,114.5,115.9,107.9,107.9,109.92,98.723,99.93,93.032,93.032,94.774,18032200.0,1982099220000.0,0.0,0.0,-8.1,-6.9839,-6.9828
FPT,2025-04-15,15:04:18,HOSE,STOCK,118.5,126.7,110.3,116.1,117.0,113.7,116.0,115.35,100.102,100.878,98.033,100.016,99.456,7762400.0,895395910000.0,0.0,0.0,-2.5,-2.1555,-2.1097
FPT,2025-04-14,15:04:22,HOSE,STOCK,118.5,126.7,110.3,120.0,120.0,114.0,118.5,117.023,103.465,103.465,98.292,102.172,100.898,9217400.0,1078646670000.0,0.0,0.0,0.0,0.0,0.0
FPT,2025-04-11,15:04:23,HOSE,STOCK,112.6,120.4,104.8,117.0,118.5,114.3,118.5,116.271,100.878,102.172,98.55,102.172,100.25,19224000.0,2235194440000.0,0.0,0.0,5.9,5.087,5.2398
FPT,2025-04-10,15:04:19,HOSE,STOCK,105.3,112.6,98.0,112.6,112.6,112.6,112.6,112.6,97.085,97.085,97.085,97.085,97.085,1005400.0,113208040000.0,0.0,0.0,7.3,6.2941,6.9326
FPT,2025-04-09,15:04:25,HOSE,STOCK,105.1,112.4,97.8,97.8,108.0,97.8,105.3,104.033,84.324,93.119,84.324,90.791,89.698,16893300.0,1757454140000.0,0.0,0.0,0.2,0.1724,0.1903
FPT,2025-04-08,15:04:27,HOSE,STOCK,113.0,120.9,105.1,106.0,108.0,105.1,105.1,105.351,91.394,93.119,90.618,90.618,90.835,16276400.0,1714738110000.0,0.0,0.0,-7.9,-6.8114,-6.9912
FPT,2025-04-04,15:04:29,HOSE,STOCK,113.5,121.4,105.6,105.6,113.9,105.6,113.0,107.741,91.049,98.206,91.049,97.43,92.895,21574500.0,2324457700000.0,0.0,0.0,-0.5,-0.4311,-0.4405
FPT,2025-04-03,15:04:21,HOSE,STOCK,122.0,130.5,113.5,114.7,117.6,113.5,113.5,114.798,98.895,101.396,97.861,97.861,98.98,11484900.0,1318445160000.0,0.0,0.0,-8.5,-7.3288,-6.9672
FPT,2025-04-02,15:04:20,HOSE,STOCK,120.5,128.9,112.1,121.2,122.3,120.8,122.0,121.699,104.5,105.448,104.155,105.189,104.93,3920200.0,477086050000.0,0.0,0.0,1.5,1.2933,1.2448
FPT,2025-04-01,15:04:18,HOSE,STOCK,121.0,129.4,112.6,122.0,122.2,118.8,120.5,120.024,105.189,105.362,102.43,103.896,103.486,7824300.0,939106650000.0,0.0,0.0,-0.5,-0.4311,-0.4132
FPT,2025-03-31,15:03:25,HOSE,STOCK,124.0,132.6,115.4,123.4,123.4,121.0,121.0,122.242,106.397,106.397,104.327,104.327,105.398,5406300.0,660875220000.0,0.0,0.0,-3.0,-2.5866,-2.4194
FPT,2025-03-28,15:03:21,HOSE,STOCK,126.2,135.0,117.4,126.1,126.4,124.0,124.0,124.737,108.724,108.983,106.914,106.914,107.549,2944800.0,367326150000.0,0.0,0.0,-2.2,-1.8969,-1.7433
FPT,2025-03-27,15:03:18,HOSE,STOCK,123.0,131.6,114.4,122.0,126.5,121.1,126.2,124.015,105.189,109.069,104.413,108.811,106.927,6464400.0,801680810000.0,0.0,0.0,3.2,2.7591,2.6016
FPT,2025-03-26,15:03:23,HOSE,STOCK,126.5,135.3,117.7,126.5,126.5,122.7,123.0,124.17,109.069,109.069,105.793,106.052,107.06,9734600.0,1208748280000.0,0.0,0.0,-3.5,-3.0177,-2.7668
FPT,2025-03-25,15:03:19,HOSE,STOCK,129.0,138.0,120.0,129.8,129.9,126.5,126.5,127.473,111.915,112.001,109.069,109.069,109.908,5629200.0,717571380000.0,0.0,0.0,-2.5,-2.1555,-1.938
FPT,2025-03-24,15:03:26,HOSE,STOCK,128.0,136.9,119.1,128.5,129.3,127.3,129.0,128.384,110.794,111.484,109.759,111.225,110.694,5090200.0,653501990000.0,0.0,0.0,1.0,0.8622,0.7813
FPT,2025-03-21,15:03:24,HOSE,STOCK,125.0,133.7,116.3,125.0,129.0,125.0,128.0,127.662,107.776,111.225,107.776,110.363,110.071,6424800.0,820204250000.0,0.0,0.0,3.0,2.5866,2.4
FPT,2025-03-20,15:03:21,HOSE,STOCK,124.6,133.3,115.9,124.6,126.8,124.5,125.0,125.217,107.431,109.328,107.345,107.776,107.963,8203400.0,1027201260000.0,0.0,0.0,0.4,0.3449,0.321
FPT,2025-03-19,15:03:20,HOSE,STOCK,130.0,139.1,120.9,130.1,130.6,123.5,124.6,126.25,112.173,112.604,106.483,107.431,108.854,18128400.0,2288715550000.0,0.0,0.0,-5.4,-4.6559,-4.1538
FPT,2025-03-18,15:03:24,HOSE,STOCK,130.0,139.1,120.9,130.1,132.2,130.0,130.0,130.658,112.173,113.984,112.087,112.087,112.654,5508500.0,719729510000.0,0.0,0.0,0.0,0.0,0.0
FPT,2025-03-17,15:03:18,HOSE,STOCK,131.4,140.5,122.3,131.6,132.1,129.6,130.0,130.446,113.467,113.898,111.742,112.087,112.472,6707000.0,874898450000.0,0.0,0.0,-1.4,-1.2071,-1.0654
FPT,2025-03-14,15:03:21,HOSE,STOCK,136.5,146.0,127.0,135.6,136.3,130.8,131.4,132.633,116.915,117.519,112.777,113.294,114.357,16094000.0,2134601090000.0,0.0,0.0,-5.1,-4.3973,-3.7363
FPT,2025-03-13,15:03:19,HOSE,STOCK,135.9,145.4,126.4,136.1,138.0,136.1,136.5,137.034,117.347,118.985,117.347,117.691,118.152,3610200.0,494718910000.0,0.0,0.0,0.6,0.5173,0.4415
FPT,2025-03-12,15:03:18,HOSE,STOCK,137.5,147.1,127.9,137.7,138.7,135.9,135.9,136.601,118.726,119.588,117.174,117.174,117.779,6185000.0,844877750000.0,0.0,0.0,-1.6,-1.3795,-1.1636
FPT,2025-03-11,15:03:19,HOSE,STOCK,139.3,149.0,129.6,138.0,138.5,137.0,137.5,137.798,118.985,119.416,118.123,118.554,118.811,5784400.0,797080540000.0,0.0,0.0,-1.8,-1.552,-1.2922
FPT,2025-03-10,15:03:21,HOSE,STOCK,141.4,151.2,131.6,141.5,141.5,139.2,139.3,140.005,122.002,122.002,120.019,120.106,120.713,5323000.0,745248780000.0,0.0,0.0,-2.1,-1.8106,-1.4851
FPT,2025-03-07,15:03:22,HOSE,STOCK,141.6,151.5,131.7,141.7,142.7,141.1,141.4,141.675,122.175,123.037,121.658,121.916,122.153,2954500.0,418579060000.0,0.0,0.0,-0.2,-0.1724,-0.1412
FPT,2025-03-06,15:03:18,HOSE,STOCK,139.1,148.8,129.4,139.5,143.5,139.5,141.6,141.457,120.278,123.727,120.278,122.089,121.965,6417100.0,907741990000.0,0.0,0.0,2.5,2.1555,1.7973
FPT,2025-03-05,15:03:21,HOSE,STOCK,140.0,149.8,130.2,140.0,140.1,139.1,139.1,139.616,120.709,120.795,119.933,119.933,120.378,2851100.0,398057860000.0,0.0,0.0,-0.9,-0.776,-0.6429
FPT,2025-03-04,15:03:19,HOSE,STOCK,140.5,150.3,130.7,139.5,140.6,139.3,140.0,139.896,120.278,121.227,120.106,120.709,120.62,3471300.0,485622530000.0,0.0,0.0,-0.5,-0.4311,-0.3559
FPT,2025-03-03,15:03:24,HOSE,STOCK,140.3,150.1,130.5,140.5,141.4,140.3,140.5,140.741,121.14,121.916,120.968,121.14,121.348,2533900.0,356622750000.0,0.0,0.0,0.2,0.1724,0.1426
FPT,2025-02-28,15:02:23,HOSE,STOCK,141.3,151.1,131.5,140.1,141.1,139.0,140.3,139.712,120.795,121.658,119.847,120.968,120.461,4694400.0,655863180000.0,0.0,0.0,-1.0,-0.8622,-0.7077
FPT,2025-02-27,15:02:25,HOSE,STOCK,141.8,151.7,131.9,142.0,142.2,140.7,141.3,141.184,122.434,122.606,121.313,121.83,121.73,3421700.0,483088860000.0,0.0,0.0,-0.5,-0.4311,-0.3526
FPT,2025-02-26,15:02:26,HOSE,STOCK,139.0,148.7,129.3,139.1,141.8,138.9,141.8,140.285,119.933,122.261,119.761,122.261,120.955,3323400.0,466222970000.0,0.0,0.0,2.8,2.4142,2.0144
FPT,2025-02-25,15:02:21,HOSE,STOCK,140.5,150.3,130.7,140.4,140.4,138.2,139.0,138.811,121.054,121.054,119.157,119.847,119.684,6810400.0,945360170000.0,0.0,0.0,-1.5,-1.2933,-1.0676
FPT,2025-02-24,15:02:20,HOSE,STOCK,142.0,151.9,132.1,142.0,142.0,139.5,140.5,140.358,122.434,122.434,120.278,121.14,121.018,7497900.0,1052387060000.0,0.0,0.0,-1.5,-1.2933,-1.0563
FPT,2025-02-21,15:02:20,HOSE,STOCK,143.0,153.0,133.0,142.8,142.9,141.5,142.0,141.951,123.123,123.21,122.002,122.434,122.391,5312600.0,754130130000.0,0.0,0.0,-1.0,-0.8622,-0.6993
FPT,2025-02-20,15:02:21,HOSE,STOCK,144.0,154.0,134.0,144.2,144.6,143.0,143.0,143.355,124.33,124.675,123.296,123.296,123.602,3385400.0,485313120000.0,0.0,0.0,-1.0,-0.8622,-0.6944
FPT,2025-02-19,15:02:24,HOSE,STOCK,143.9,153.9,133.9,143.9,144.9,143.1,144.0,143.579,124.072,124.934,123.382,124.158,123.795,3029800.0,435016370000.0,0.0,0.0,0.1,0.0862,0.0695
FPT,2025-02-18,15:02:18,HOSE,STOCK,143.6,153.6,133.6,143.8,144.4,143.1,143.9,143.774,123.986,124.503,123.382,124.072,123.963,1664400.0,239297440000.0,0.0,0.0,0.3,0.2587,0.2089
FPT,2025-02-17,15:02:18,HOSE,STOCK,144.9,155.0,134.8,145.0,145.0,143.4,143.6,143.789,125.02,125.02,123.641,123.813,123.976,2466300.0,354627240000.0,0.0,0.0,-1.3,-1.1209,-0.8972
FPT,2025-02-14,15:02:19,HOSE,STOCK,143.1,153.1,133.1,144.0,145.0,143.6,144.9,144.614,124.158,125.02,123.813,124.934,124.687,3251700.0,470241630000.0,0.0,0.0,1.8,1.552,1.2579
FPT,2025-02-13,15:02:21,HOSE,STOCK,145.0,155.1,134.9,145.0,145.0,142.7,143.1,143.515,125.02,125.02,123.037,123.382,123.74,2850800.0,409131800000.0,0.0,0.0,-1.9,-1.6382,-1.3103
FPT,2025-02-12,15:02:20,HOSE,STOCK,145.4,155.5,135.3,145.6,145.7,144.3,145.0,144.983,125.538,125.624,124.417,125.02,125.006,1887400.0,273640330000.0,0.0,0.0,-0.4,-0.3449,-0.2751
FPT,2025-02-11,15:02:19,HOSE,STOCK,142.0,151.9,132.1,142.2,145.4,140.1,145.4,142.494,122.606,125.365,120.795,125.365,122.86,5361400.0,763964770000.0,0.0,0.0,3.4,2.9315,2.3944
FPT,2025-02-10,15:02:21,HOSE,STOCK,146.1,156.3,135.9,145.5,145.5,142.0,142.0,143.27,125.451,125.451,122.434,122.434,123.529,7749600.0,1110284000000.0,0.0,0.0,-4.1,-3.5351,-2.8063
FPT,2025-02-07,15:02:20,HOSE,STOCK,146.5,156.7,136.3,146.5,146.7,145.8,146.1,146.029,126.314,126.486,125.71,125.969,125.907,3865900.0,564532070000.0,0.0,0.0,-0.4,-0.3449,-0.273
FPT,2025-02-06,15:02:21,HOSE,STOCK,146.3,156.5,136.1,147.0,147.3,145.6,146.5,146.207,126.745,127.003,125.538,126.314,126.061,3426600.0,500993080000.0,0.0,0.0,0.2,0.1724,0.1367
FPT,2025-02-05,15:02:21,HOSE,STOCK,146.2,156.4,136.0,146.9,147.5,145.8,146.3,146.557,126.658,127.176,125.71,126.141,126.363,5204100.0,762696940000.0,0.0,0.0,0.1,0.0862,0.0684
FPT,2025-02-04,15:02:16,HOSE,STOCK,145.5,155.6,135.4,146.0,147.0,145.3,146.2,146.054,125.882,126.745,125.279,126.055,125.929,5467700.0,798580880000.0,0.0,0.0,0.7,0.6035,0.4811
FPT,2025-02-03,15:02:22,HOSE,STOCK,153.4,164.1,142.7,148.0,149.2,145.3,145.5,146.999,127.607,128.641,125.279,125.451,126.744,12747700.0,1873902230000.0,0.0,0.0,-7.9,-6.8114,-5.1499
FPT,2025-01-24,15:01:16,HOSE,STOCK,154.3,165.1,143.5,154.1,154.5,153.4,153.4,153.701,132.866,133.211,132.263,132.263,132.522,3655700.0,561884480000.0,0.0,0.0,-0.9,-0.776,-0.5833
FPT,2025-01-23,15:01:13,HOSE,STOCK,149.7,160.1,139.3,150.1,156.0,150.0,154.3,153.948,129.417,134.505,129.331,133.039,132.735,7057800.0,1086532800000.0,0.0,0.0,4.6,3.9662,3.0728
FPT,2025-01-22,15:01:18,HOSE,STOCK,149.9,160.3,139.5,149.6,150.6,149.2,149.7,149.78,128.986,129.849,128.641,129.073,129.142,2785600.0,417226570000.0,0.0,0.0,-0.2,-0.1724,-0.1334
FPT,2025-01-21,15:01:14,HOSE,STOCK,150.0,160.5,139.5,150.5,151.4,149.0,149.9,150.131,129.762,130.538,128.469,129.245,129.444,2480300.0,372370410000.0,0.0,0.0,-0.1,-0.0862,-0.0667
FPT,2025-01-20,15:01:20,HOSE,STOCK,149.0,159.4,138.6,149.0,150.4,148.2,150.0,149.685,128.469,129.676,127.779,129.331,129.06,2217700.0,331955430000.0,0.0,0.0,1.0,0.8622,0.6711
FPT,2025-01-17,15:01:17,HOSE,STOCK,146.5,156.7,136.3,146.6,150.1,146.0,149.0,148.237,126.4,129.417,125.882,128.469,127.811,3537000.0,524314230000.0,0.0,0.0,2.5,2.1555,1.7065
FPT,2025-01-16,15:01:12,HOSE,STOCK,145.5,155.6,135.4,146.2,147.0,145.2,146.5,146.132,126.055,126.745,125.193,126.314,125.996,3568000.0,521397120000.0,0.0,0.0,1.0,0.8622,0.6873
FPT,2025-01-15,15:01:15,HOSE,STOCK,145.1,155.2,135.0,146.0,146.5,144.8,145.5,145.309,125.882,126.314,124.848,125.451,125.287,2840900.0,412809590000.0,0.0,0.0,0.4,0.3449,0.2757
FPT,2025-01-14,15:01:16,HOSE,STOCK,147.6,157.9,137.3,147.6,148.0,145.1,145.1,145.806,127.262,127.607,125.106,125.106,125.715,2897200.0,422427890000.0,0.0,0.0,-2.5,-2.1555,-1.6938
FPT,2025-01-13,15:01:16,HOSE,STOCK,147.3,157.6,137.0,146.1,148.5,144.7,147.6,146.497,125.969,128.038,124.762,127.262,126.311,3488800.0,511097940000.0,0.0,0.0,0.3,0.2587,0.2037
FPT,2025-01-10,15:01:15,HOSE,STOCK,148.8,159.2,138.4,148.8,149.1,147.2,147.3,148.114,128.297,128.555,126.917,127.003,127.705,2524700.0,373943260000.0,0.0,0.0,-1.5,-1.2933,-1.0081
FPT,2025-01-09,15:01:13,HOSE,STOCK,148.3,158.6,138.0,148.3,149.2,148.0,148.8,148.455,127.866,128.641,127.607,128.297,127.999,1714400.0,254511580000.0,0.0,0.0,0.5,0.4311,0.3372
FPT,2025-01-08,15:01:19,HOSE,STOCK,150.1,160.6,139.6,150.0,150.0,148.1,148.3,148.641,129.331,129.331,127.693,127.866,128.16,3879900.0,576711800000.0,0.0,0.0,-1.8,-1.552,-1.1992
FPT,2025-01-07,15:01:15,HOSE,STOCK,149.3,159.7,138.9,149.5,151.3,149.5,150.1,150.542,128.9,130.452,128.9,129.417,129.799,3453300.0,519867590000.0,0.0,0.0,0.8,0.6898,0.5358
FPT,2025-01-06,15:01:17,HOSE,STOCK,149.0,159.4,138.6,149.1,150.2,148.4,149.3,149.323,128.555,129.504,127.952,128.728,128.748,3467100.0,517718480000.0,0.0,0.0,0.3,0.2587,0.2013
FPT,2025-01-03,15:01:17,HOSE,STOCK,152.0,162.6,141.4,151.3,151.3,149.0,149.0,150.166,130.452,130.452,128.469,128.469,129.474,4336100.0,651136730000.0,0.0,0.0,-3.0,-2.5866,-1.9737
FPT,2025-01-02,15:01:20,HOSE,STOCK,152.5,163.1,141.9,152.5,152.7,150.1,152.0,150.976,131.487,131.659,129.417,131.056,130.173,3172800.0,479017850000.0,0.0,0.0,-0.5,-0.4311,-0.3279
FPT,2024-12-31,15:12:14,HOSE,STOCK,150.5,161.0,140.0,150.7,153.9,150.3,152.5,152.314,129.935,132.694,129.59,131.487,131.326,3603200.0,548817070000.0,0.0,0.0,2.0,1.7244,1.3289
FPT,2024-12-30,15:12:15,HOSE,STOCK,149.6,160.0,139.2,149.4,150.8,148.5,150.5,149.757,128.814,130.021,128.038,129.762,129.122,1982400.0,296877840000.0,0.0,0.0,0.9,0.776,0.6016
FPT,2024-12-27,15:12:21,HOSE,STOCK,149.8,160.2,139.4,149.5,149.9,148.7,149.6,149.222,128.9,129.245,128.21,128.986,128.66,2561700.0,382262600000.0,0.0,0.0,-0.2,-0.1724,-0.1335
FPT,2024-12-26,15:12:17,HOSE,STOCK,150.8,161.3,140.3,151.0,151.4,149.1,149.8,149.897,130.193,130.538,128.555,129.159,129.242,2233300.0,334764380000.0,0.0,0.0,-1.0,-0.8622,-0.6631
FPT,2024-12-25,15:12:14,HOSE,STOCK,150.4,160.9,139.9,150.6,151.2,150.4,150.8,150.775,129.849,130.366,129.676,130.021,129.999,2513100.0,378912400000.0,0.0,0.0,0.4,0.3449,0.266
FPT,2024-12-24,15:12:13,HOSE,STOCK,149.8,160.2,139.4,150.0,150.8,149.4,150.4,150.03,129.331,130.021,128.814,129.676,129.357,2300900.0,345204970000.0,0.0,0.0,0.6,0.5173,0.4005
FPT,2024-12-23,15:12:16,HOSE,STOCK,149.5,159.9,139.1,149.5,149.9,148.7,149.8,149.156,128.9,129.245,128.21,129.159,128.604,2514800.0,375097490000.0,0.0,0.0,0.3,0.2587,0.2007
FPT,2024-12-20,15:12:13,HOSE,STOCK,148.1,158.4,137.8,148.5,150.6,148.3,149.5,149.733,128.038,129.849,127.866,128.9,129.101,3538900.0,529889850000.0,0.0,0.0,1.4,1.2071,0.9453
FPT,2024-12-19,15:12:14,HOSE,STOCK,148.7,159.1,138.3,147.3,149.0,147.2,148.1,148.0,127.003,128.469,126.917,127.693,127.607,4805200.0,711171660000.0,0.0,0.0,-0.6,-0.5173,-0.4035
FPT,2024-12-18,15:12:12,HOSE,STOCK,148.0,158.3,137.7,148.0,149.8,148.0,148.7,149.08,127.607,129.159,127.607,128.21,128.538,2923400.0,435819500000.0,0.0,0.0,0.7,0.6035,0.473
FPT,2024-12-17,15:12:12,HOSE,STOCK,149.9,160.3,139.5,150.1,150.5,147.7,148.0,148.881,129.417,129.762,127.348,127.607,128.366,5947500.0,885470730000.0,0.0,0.0,-1.9,-1.6382,-1.2675
FPT,2024-12-16,15:12:16,HOSE,STOCK,149.5,159.9,139.1,149.6,150.6,149.5,149.9,149.996,128.986,129.849,128.9,129.245,129.328,3291100.0,493650200000.0,0.0,0.0,0.4,0.3449,0.2676
FPT,2024-12-13,15:12:15,HOSE,STOCK,150.2,160.7,139.7,149.5,150.9,149.4,149.5,149.99,128.9,130.107,128.814,128.9,129.323,3379800.0,506936100000.0,0.0,0.0,-0.7,-0.6035,-0.466
FPT,2024-12-12,15:12:13,HOSE,STOCK,150.5,161.0,140.0,151.9,151.9,149.2,150.2,150.157,130.969,130.969,128.641,129.504,129.467,4147900.0,622837720000.0,0.0,0.0,-0.3,-0.2587,-0.1993
FPT,2024-12-11,15:12:14,HOSE,STOCK,149.5,159.9,139.1,150.0,151.7,149.7,150.5,150.777,129.331,130.797,129.073,129.762,130.001,4816600.0,726231970000.0,0.0,0.0,1.0,0.8622,0.6689
FPT,2024-12-10,15:12:13,HOSE,STOCK,147.0,157.2,136.8,147.1,149.5,147.0,149.5,148.312,126.831,128.9,126.745,128.9,127.876,3597200.0,533506940000.0,0.0,0.0,2.5,2.1555,1.7007
FPT,2024-12-09,15:12:14,HOSE,STOCK,149.5,159.9,139.1,149.2,149.5,146.1,147.0,147.052,128.641,128.9,125.969,126.745,126.789,4539000.0,667467690000.0,0.0,0.0,-2.5,-2.1555,-1.6722
FPT,2024-12-06,15:12:16,HOSE,STOCK,148.5,158.8,138.2,151.9,151.9,148.0,149.5,149.51,130.969,130.969,127.607,128.9,128.909,4541200.0,678952810000.0,0.0,0.0,1.0,0.8622,0.6734
FPT,2024-12-05,15:12:14,HOSE,STOCK,143.5,153.5,133.5,144.0,148.5,143.6,148.5,145.82,124.158,128.038,123.813,128.038,125.727,4849200.0,707111180000.0,0.0,0.0,5.0,4.311,3.4843
FPT,2024-12-04,15:12:12,HOSE,STOCK,145.0,155.1,134.9,145.0,146.3,142.8,143.5,145.076,125.02,126.141,123.123,123.727,125.086,5609100.0,813743550000.0,0.0,0.0,-1.5,-1.2933,-1.0345
FPT,2024-12-03,15:12:12,HOSE,STOCK,142.2,152.1,132.3,141.7,145.9,141.7,145.0,143.869,122.175,125.796,122.175,125.02,124.045,5103700.0,734265970000.0,0.0,0.0,2.8,2.4142,1.9691
FPT,2024-12-02,15:12:13,HOSE,STOCK,143.3,153.3,133.3,144.3,146.0,141.6,142.2,143.489,124.417,125.882,122.089,122.606,123.717,6616800.0,949437860000.0,0.0,0.0,-1.1,-0.9484,-0.7676
FPT,2024-11-29,15:11:15,HOSE,STOCK,139.4,149.1,129.7,139.4,145.4,139.0,144.3,142.593,119.363,124.5,119.02,123.558,122.097,11586700.0,1652176250000.0,0.0,0.0,4.9,4.1957,3.5151
FPT,2024-11-28,15:11:12,HOSE,STOCK,138.9,148.6,129.2,139.4,140.0,138.3,139.4,139.234,119.363,119.876,118.421,119.363,119.22,4742700.0,660343540000.0,0.0,0.0,0.5,0.4281,0.36
FPT,2024-11-27,15:11:11,HOSE,STOCK,135.2,144.6,125.8,135.2,139.7,135.2,138.9,138.376,115.766,119.619,115.766,118.934,118.486,9814300.0,1358066790000.0,0.0,0.0,3.7,3.1681,2.7367
FPT,2024-11-26,15:11:12,HOSE,STOCK,133.9,143.2,124.6,133.4,135.9,133.3,135.2,134.784,114.225,116.366,114.139,115.766,115.41,4176100.0,562870550000.0,0.0,0.0,1.3,1.1131,0.9709
FPT,2024-11-25,15:11:12,HOSE,STOCK,133.9,143.2,124.6,134.0,134.0,133.2,133.9,133.699,114.739,114.739,114.054,114.653,114.481,1849700.0,247302890000.0,0.0,0.0,0.0,0.0,0.0
FPT,2024-11-22,15:11:12,HOSE,STOCK,133.0,142.3,123.7,132.9,134.4,132.5,133.9,133.67,113.797,115.081,113.454,114.653,114.456,2915900.0,389768740000.0,0.0,0.0,0.9,0.7706,0.6767
FPT,2024-11-21,15:11:11,HOSE,STOCK,132.4,141.6,123.2,132.4,133.0,131.0,133.0,131.947,113.369,113.882,112.17,113.882,112.981,3176700.0,419155990000.0,0.0,0.0,0.6,0.5138,0.4532
FPT,2024-11-20,15:11:13,HOSE,STOCK,130.0,139.1,120.9,130.0,132.4,126.7,132.4,129.079,111.314,113.369,108.488,113.369,110.525,8460300.0,1092049090000.0,0.0,0.0,2.4,2.055,1.8462
FPT,2024-11-19,15:11:09,HOSE,STOCK,134.0,143.3,124.7,133.5,133.6,129.9,130.0,130.947,114.311,114.396,111.228,111.314,112.125,7642800.0,1000801830000.0,0.0,0.0,-4.0,-3.425,-2.9851
FPT,2024-11-18,15:11:11,HOSE,STOCK,133.9,143.2,124.6,134.0,134.6,132.5,134.0,133.472,114.739,115.252,113.454,114.739,114.287,3903400.0,520995300000.0,0.0,0.0,0.1,0.0856,0.0747
FPT,2024-11-15,15:11:15,HOSE,STOCK,136.0,145.5,126.5,135.3,135.7,132.6,133.9,133.798,115.852,116.194,113.54,114.653,114.566,6563600.0,878197040000.0,0.0,0.0,-2.1,-1.7981,-1.5441
FPT,2024-11-14,15:11:11,HOSE,STOCK,137.8,147.4,128.2,137.9,139.9,136.0,136.0,137.819,118.078,119.791,116.451,116.451,118.009,4736300.0,652751200000.0,0.0,0.0,-1.8,-1.5413,-1.3062
FPT,2024-11-13,15:11:12,HOSE,STOCK,136.8,146.3,127.3,136.7,138.1,136.1,137.8,137.276,117.051,118.249,116.537,117.993,117.544,3455400.0,474344560000.0,0.0,0.0,1.0,0.8563,0.731
FPT,2024-11-12,15:11:12,HOSE,STOCK,138.3,147.9,128.7,138.6,138.9,135.9,136.8,136.838,118.678,118.934,116.366,117.136,117.169,2914700.0,398840120000.0,0.0,0.0,-1.5,-1.2844,-1.0846
FPT,2024-11-11,15:11:18,HOSE,STOCK,135.8,145.3,126.3,136.5,139.5,136.0,138.3,137.669,116.879,119.448,116.451,118.421,117.88,5292000.0,728542920000.0,0.0,0.0,2.5,2.1407,1.8409
FPT,2024-11-08,15:11:14,HOSE,STOCK,135.1,144.5,125.7,136.1,136.8,135.1,135.8,135.826,116.537,117.136,115.681,116.28,116.302,2106300.0,286090860000.0,0.0,0.0,0.7,0.5994,0.5181
FPT,2024-11-07,15:11:13,HOSE,STOCK,134.6,144.0,125.2,135.3,137.6,134.2,135.1,135.812,115.852,117.821,114.91,115.681,116.29,3570500.0,484914840000.0,0.0,0.0,0.5,0.4281,0.3715
FPT,2024-11-06,15:11:11,HOSE,STOCK,132.6,141.8,123.4,133.1,134.6,133.0,134.6,134.004,113.968,115.252,113.882,115.252,114.742,1801500.0,241407800000.0,0.0,0.0,2.0,1.7125,1.5083
FPT,2024-11-05,15:11:10,HOSE,STOCK,132.8,142.0,123.6,133.0,134.0,132.3,132.6,132.781,113.882,114.739,113.283,113.54,113.695,1657100.0,220031870000.0,0.0,0.0,-0.2,-0.1713,-0.1506
FPT,2024-11-04,15:11:11,HOSE,STOCK,134.6,144.0,125.2,134.6,134.6,132.7,132.8,133.235,115.252,115.252,113.626,113.711,114.084,3182900.0,424072470000.0,0.0,0.0,-1.8,-1.5413,-1.3373
FPT,2024-11-01,15:11:13,HOSE,STOCK,135.9,145.4,126.4,135.0,135.0,133.6,134.6,134.3,115.595,115.595,114.396,115.252,114.996,2667500.0,358246220000.0,0.0,0.0,-1.3,-1.1131,-0.9566
FPT,2024-10-31,15:10:12,HOSE,STOCK,135.9,145.4,126.4,135.9,136.0,135.3,135.9,135.663,116.366,116.451,115.852,116.366,116.163,1241700.0,168453090000.0,0.0,0.0,0.0,0.0,0.0
FPT,2024-10-30,15:10:11,HOSE,STOCK,135.4,144.8,126.0,135.4,135.9,135.2,135.9,135.559,115.937,116.366,115.766,116.366,116.074,1709800.0,231778750000.0,0.0,0.0,0.5,0.4281,0.3693
FPT,2024-10-29,15:10:11,HOSE,STOCK,134.9,144.3,125.5,135.4,135.5,134.8,135.4,135.018,115.937,116.023,115.424,115.937,115.61,2459200.0,332036550000.0,0.0,0.0,0.5,0.4281,0.3706
FPT,2024-10-28,15:10:12,HOSE,STOCK,134.0,143.3,124.7,134.1,135.0,133.6,134.9,134.558,114.824,115.595,114.396,115.509,115.217,1506000.0,202644140000.0,0.0,0.0,0.9,0.7706,0.6716
FPT,2024-10-25,15:10:13,HOSE,STOCK,134.3,143.7,124.9,134.3,134.6,133.6,134.0,133.924,114.996,115.252,114.396,114.739,114.674,1839000.0,246286720000.0,0.0,0.0,-0.3,-0.2569,-0.2234
FPT,2024-10-24,15:10:13,HOSE,STOCK,134.2,143.5,124.9,134.2,134.3,133.8,134.3,134.1,114.91,114.996,114.567,114.996,114.824,2277200.0,305372880000.0,0.0,0.0,0.1,0.0856,0.0745
FPT,2024-10-23,15:10:13,HOSE,STOCK,133.1,142.4,123.8,132.9,134.8,132.6,134.2,133.82,113.797,115.424,113.54,114.91,114.585,3015100.0,403480570000.0,0.0,0.0,1.1,0.9419,0.8264
FPT,2024-10-22,15:10:11,HOSE,STOCK,135.5,144.9,126.1,135.7,135.7,133.0,133.1,134.2,116.194,116.194,113.882,113.968,114.91,6009200.0,806437110000.0,0.0,0.0,-2.4,-2.055,-1.7712
FPT,2024-10-21,15:10:18,HOSE,STOCK,137.0,146.5,127.5,137.0,137.7,135.5,135.5,136.601,117.308,117.907,116.023,116.023,116.966,2681300.0,366269400000.0,0.0,0.0,-1.5,-1.2844,-1.0949
FPT,2024-10-18,15:10:15,HOSE,STOCK,137.0,146.5,127.5,137.4,137.8,136.6,137.0,137.146,117.65,117.993,116.965,117.308,117.433,2169400.0,297523660000.0,0.0,0.0,0.0,0.0,0.0
FPT,2024-10-17,15:10:13,HOSE,STOCK,136.3,145.8,126.8,136.5,137.1,135.5,137.0,136.324,116.879,117.393,116.023,117.308,116.729,2579200.0,351605580000.0,0.0,0.0,0.7,0.5994,0.5136
FPT,2024-10-16,15:10:10,HOSE,STOCK,137.0,146.5,127.5,136.4,137.1,136.0,136.3,136.483,116.794,117.393,116.451,116.708,116.865,2756000.0,376146910000.0,0.0,0.0,-0.7,-0.5994,-0.5109
FPT,2024-10-15,15:10:10,HOSE,STOCK,137.6,147.2,128.0,137.6,138.6,136.6,137.0,137.373,117.821,118.678,116.965,117.308,117.627,2860800.0,392997880000.0,0.0,0.0,-0.6,-0.5138,-0.436
FPT,2024-10-14,15:10:11,HOSE,STOCK,139.6,149.3,129.9,141.1,141.3,137.1,137.6,138.666,120.818,120.989,117.393,117.821,118.734,5605300.0,777265740000.0,0.0,0.0,-2.0,-1.7125,-1.4327
FPT,2024-10-11,15:10:12,HOSE,STOCK,141.7,151.6,131.8,142.0,142.8,139.6,139.6,140.59,121.589,122.274,119.534,119.534,120.381,3813600.0,536152040000.0,0.0,0.0,-2.1,-1.7981,-1.482
FPT,2024-10-10,15:10:11,HOSE,STOCK,135.4,144.8,126.0,135.8,142.0,135.8,141.7,139.869,116.28,121.589,116.28,121.332,119.764,9952200.0,1392002700000.0,0.0,0.0,6.3,5.3944,4.6529
FPT,2024-10-09,15:10:14,HOSE,STOCK,133.8,143.1,124.5,134.3,135.8,134.3,135.4,135.226,114.996,116.28,114.996,115.937,115.789,2619900.0,354277240000.0,0.0,0.0,1.6,1.37,1.1958
FPT,2024-10-08,15:10:10,HOSE,STOCK,134.1,143.4,124.8,134.1,135.1,133.6,133.8,134.127,114.824,115.681,114.396,114.567,114.847,2108600.0,282819570000.0,0.0,0.0,-0.3,-0.2569,-0.2237
FPT,2024-10-07,15:10:12,HOSE,STOCK,134.1,143.4,124.8,134.2,134.9,133.6,134.1,134.042,114.91,115.509,114.396,114.824,114.775,1330500.0,178342890000.0,0.0,0.0,0.0,0.0,0.0
FPT,2024-10-04,15:10:14,HOSE,STOCK,134.0,143.3,124.7,134.3,134.8,133.5,134.1,134.02,114.996,115.424,114.311,114.824,114.756,1468400.0,196794570000.0,0.0,0.0,0.1,0.0856,0.0746
FPT,2024-10-03,15:10:11,HOSE,STOCK,135.4,144.8,126.0,135.4,136.1,134.0,134.0,135.204,115.937,116.537,114.739,114.739,115.77,2300800.0,311077850000.0,0.0,0.0,-1.4,-1.1988,-1.034
FPT,2024-10-02,15:10:11,HOSE,STOCK,135.9,145.4,126.4,134.6,135.9,134.6,135.4,135.411,115.252,116.366,115.252,115.937,115.947,1719800.0,232879530000.0,0.0,0.0,-0.5,-0.4281,-0.3679
FPT,2024-10-01,15:10:10,HOSE,STOCK,134.5,143.9,125.1,134.7,136.2,134.7,135.9,135.913,115.338,116.622,115.338,116.366,116.377,4725900.0,642311190000.0,0.0,0.0,1.4,1.1988,1.0409
FPT,2024-09-30,15:09:14,HOSE,STOCK,134.2,143.5,124.9,134.2,134.5,133.0,134.5,133.596,114.91,115.167,113.882,115.167,114.393,3030500.0,404863390000.0,0.0,0.0,0.3,0.2569,0.2235
FPT,2024-09-27,15:09:13,HOSE,STOCK,134.3,143.7,124.9,134.3,134.4,133.5,134.2,133.873,114.996,115.081,114.311,114.91,114.63,3352800.0,448848870000.0,0.0,0.0,-0.1,-0.0856,-0.0745
FPT,2024-09-26,15:09:11,HOSE,STOCK,134.8,144.2,125.4,135.0,135.0,133.9,134.3,134.288,115.595,115.595,114.653,114.996,114.985,2815600.0,378102200000.0,0.0,0.0,-0.5,-0.4281,-0.3709
FPT,2024-09-25,15:09:12,HOSE,STOCK,134.5,143.9,125.1,134.3,134.8,133.6,134.8,134.241,114.996,115.424,114.396,115.424,114.945,4479900.0,601385610000.0,0.0,0.0,0.3,0.2569,0.223
FPT,2024-09-24,15:09:09,HOSE,STOCK,134.0,143.3,124.7,134.0,134.7,133.7,134.5,134.052,114.739,115.338,114.482,115.167,114.783,2011400.0,269631330000.0,0.0,0.0,0.5,0.4281,0.3731
FPT,2024-09-23,15:09:12,HOSE,STOCK,135.3,144.7,125.9,135.9,135.9,133.4,134.0,134.31,116.366,116.366,114.225,114.739,115.004,2441200.0,327877210000.0,0.0,0.0,-1.3,-1.1131,-0.9608
FPT,2024-09-20,15:09:12,HOSE,STOCK,135.2,144.6,125.8,136.3,137.0,135.0,135.3,136.127,116.708,117.308,115.595,115.852,116.56,3719700.0,506352410000.0,0.0,0.0,0.1,0.0856,0.074
FPT,2024-09-19,15:09:12,HOSE,STOCK,134.6,144.0,125.2,135.0,135.8,134.3,135.2,135.011,115.595,116.28,114.996,115.766,115.604,5154300.0,695884410000.0,0.0,0.0,0.6,0.5138,0.4458
FPT,2024-09-18,15:09:14,HOSE,STOCK,132.9,142.2,123.6,133.4,135.2,132.9,134.6,134.355,114.225,115.766,113.797,115.252,115.043,5379600.0,722775010000.0,0.0,0.0,1.7,1.4556,1.2792
FPT,2024-09-17,15:09:13,HOSE,STOCK,131.1,140.2,122.0,131.2,132.9,131.2,132.9,132.259,112.341,113.797,112.341,113.797,113.248,2651400.0,350670610000.0,0.0,0.0,1.8,1.5413,1.373
FPT,2024-09-16,15:09:12,HOSE,STOCK,133.0,142.3,123.7,131.8,133.0,131.1,131.1,131.62,112.855,113.882,112.256,112.256,112.701,1915700.0,252145010000.0,0.0,0.0,-1.9,-1.6269,-1.4286
FPT,2024-09-13,15:09:15,HOSE,STOCK,132.3,141.5,123.1,132.2,133.4,132.0,133.0,132.981,113.197,114.225,113.026,113.882,113.866,3186800.0,423783200000.0,0.0,0.0,0.7,0.5994,0.5291
FPT,2024-09-12,15:09:10,HOSE,STOCK,130.6,139.7,121.5,131.0,132.5,131.0,132.3,131.932,112.17,113.454,112.17,113.283,112.968,4118000.0,543297440000.0,0.0,0.0,1.7,1.4556,1.3017
FPT,2024-09-11,15:09:10,HOSE,STOCK,130.0,139.1,120.9,130.0,131.3,129.8,130.6,130.44,111.314,112.427,111.142,111.827,111.69,3190400.0,416155290000.0,0.0,0.0,0.6,0.5138,0.4615
FPT,2024-09-10,15:09:09,HOSE,STOCK,131.3,140.4,122.2,131.0,131.0,129.6,130.0,130.308,112.17,112.17,110.971,111.314,111.577,4195100.0,546653270000.0,0.0,0.0,-1.3,-1.1131,-0.9901
FPT,2024-09-09,15:09:11,HOSE,STOCK,132.1,141.3,122.9,130.8,131.9,130.1,131.3,130.696,111.999,112.941,111.399,112.427,111.91,2885200.0,377085210000.0,0.0,0.0,-0.8,-0.685,-0.6056
FPT,2024-09-06,15:09:14,HOSE,STOCK,130.6,139.7,121.5,130.5,132.9,130.3,132.1,131.817,111.742,113.797,111.571,113.112,112.87,3821400.0,503724950000.0,0.0,0.0,1.5,1.2844,1.1485
FPT,2024-09-05,15:09:10,HOSE,STOCK,133.0,142.3,123.7,133.0,133.0,129.7,130.6,130.492,113.882,113.882,111.057,111.827,111.735,8055600.0,1051193640000.0,0.0,0.0,-2.4,-2.055,-1.8045
FPT,2024-09-04,15:09:11,HOSE,STOCK,134.8,144.2,125.4,133.0,133.0,131.5,133.0,132.353,113.882,113.882,112.598,113.882,113.328,4535200.0,600247090000.0,0.0,0.0,-1.8,-1.5413,-1.3353
FPT,2024-08-30,15:08:11,HOSE,STOCK,133.7,143.0,124.4,133.5,134.9,133.0,134.8,134.551,114.311,115.509,113.882,115.424,115.211,3315800.0,446145040000.0,0.0,0.0,1.1,0.9419,0.8227
FPT,2024-08-29,15:08:11,HOSE,STOCK,133.3,142.6,124.0,132.8,133.8,132.2,133.7,133.166,113.711,114.567,113.197,114.482,114.025,2092700.0,278675550000.0,0.0,0.0,0.4,0.3425,0.3001
FPT,2024-08-28,15:08:10,HOSE,STOCK,132.5,141.7,123.3,133.0,134.5,132.9,133.3,133.63,113.882,115.167,113.797,114.139,114.422,2711500.0,362337660000.0,0.0,0.0,0.8,0.685,0.6038
FPT,2024-08-27,15:08:10,HOSE,STOCK,131.5,140.7,122.3,131.5,132.6,130.4,132.5,131.782,112.598,113.54,111.656,113.454,112.84,2338500.0,308172540000.0,0.0,0.0,1.0,0.8563,0.7605
FPT,2024-08-26,15:08:11,HOSE,STOCK,133.1,142.4,123.8,133.3,133.5,131.5,131.5,132.114,114.139,114.311,112.598,112.598,113.124,2590300.0,342213890000.0,0.0,0.0,-1.6,-1.37,-1.2021
FPT,2024-08-23,15:08:10,HOSE,STOCK,133.8,143.1,124.5,133.7,133.7,132.4,133.1,132.978,114.482,114.482,113.369,113.968,113.864,3055000.0,406247170000.0,0.0,0.0,-0.7,-0.5994,-0.5232
FPT,2024-08-22,15:08:14,HOSE,STOCK,133.5,142.8,124.2,134.0,134.5,133.5,133.8,133.984,114.739,115.167,114.311,114.567,114.725,3020500.0,404697850000.0,0.0,0.0,0.3,0.2569,0.2247
FPT,2024-08-21,15:08:14,HOSE,STOCK,131.5,140.7,122.3,130.6,133.8,130.6,133.5,132.16,111.827,114.567,111.827,114.311,113.163,6119700.0,808777150000.0,0.0,0.0,2.0,1.7125,1.5209
FPT,2024-08-20,15:08:13,HOSE,STOCK,130.5,139.6,121.4,130.7,132.5,130.7,131.5,131.534,111.913,113.454,111.913,112.598,112.627,3741400.0,492119590000.0,0.0,0.0,1.0,0.8563,0.7663
FPT,2024-08-19,15:08:11,HOSE,STOCK,130.6,139.7,121.5,131.1,131.4,130.0,130.5,130.504,112.256,112.512,111.314,111.742,111.745,2498400.0,326051930000.0,0.0,0.0,-0.1,-0.0856,-0.0766
FPT,2024-08-16,15:08:12,HOSE,STOCK,128.7,137.7,119.7,129.1,131.0,129.1,130.6,130.279,110.543,112.17,110.543,111.827,111.553,5093600.0,663590980000.0,0.0,0.0,1.9,1.6269,1.4763
FPT,2024-08-15,15:08:12,HOSE,STOCK,129.5,138.5,120.5,129.1,129.5,128.2,128.7,128.726,110.543,110.886,109.772,110.201,110.223,2257600.0,290611780000.0,0.0,0.0,-0.8,-0.685,-0.6178
FPT,2024-08-14,15:08:09,HOSE,STOCK,129.7,138.7,120.7,130.7,131.5,129.5,129.5,130.056,111.913,112.598,110.886,110.886,111.362,2862200.0,372246060000.0,0.0,0.0,-0.2,-0.1713,-0.1542
FPT,2024-08-13,15:08:10,HOSE,STOCK,130.0,139.1,120.9,129.7,130.2,128.0,129.7,129.203,111.057,111.485,109.601,111.057,110.631,4097900.0,529462510000.0,0.0,0.0,-0.3,-0.2569,-0.2308
FPT,2024-08-12,15:08:11,HOSE,STOCK,126.9,135.7,118.1,126.9,130.2,126.2,130.0,128.972,108.659,111.485,108.06,111.314,110.433,6183500.0,797496390000.0,0.0,0.0,3.1,2.6544,2.4429
FPT,2024-08-09,15:08:10,HOSE,STOCK,121.4,129.8,113.0,122.4,126.9,122.0,126.9,124.581,104.806,108.659,104.464,108.659,106.674,5496400.0,684744320000.0,0.0,0.0,5.5,4.7094,4.5305
FPT,2024-08-08,15:08:09,HOSE,STOCK,122.0,130.5,113.5,121.6,122.4,120.9,121.4,121.66,104.121,104.806,103.522,103.95,104.172,2654900.0,322995430000.0,0.0,0.0,-0.6,-0.5138,-0.4918
FPT,2024-08-07,15:08:10,HOSE,STOCK,120.8,129.2,112.4,121.0,122.0,120.2,122.0,120.914,103.607,104.464,102.922,104.464,103.534,2822800.0,341315400000.0,0.0,0.0,1.2,1.0275,0.9934
FPT,2024-08-06,15:08:09,HOSE,STOCK,118.6,126.9,110.3,120.0,121.9,119.8,120.8,120.697,102.751,104.378,102.58,103.436,103.348,6728100.0,812059960000.0,0.0,0.0,2.2,1.8838,1.855
FPT,2024-08-05,15:08:09,HOSE,STOCK,123.2,131.8,114.6,121.1,122.9,117.4,118.6,120.411,103.693,105.234,100.525,101.552,103.103,10415200.0,1254100800000.0,0.0,0.0,-4.6,-3.9388,-3.7338
FPT,2024-08-02,15:08:11,HOSE,STOCK,124.8,133.5,116.1,122.1,124.8,121.0,123.2,122.797,104.549,106.861,103.607,105.491,105.146,9944700.0,1221179120000.0,0.0,0.0,-1.6,-1.37,-1.2821
FPT,2024-08-01,15:08:09,HOSE,STOCK,128.6,137.6,119.6,129.6,129.7,124.1,124.8,126.178,110.971,111.057,106.262,106.861,108.041,6870300.0,866879340000.0,0.0,0.0,-3.8,-3.2538,-2.9549
FPT,2024-07-31,15:07:11,HOSE,STOCK,128.0,136.9,119.1,127.3,128.6,126.6,128.6,127.777,109.002,110.115,108.402,110.115,109.41,2869200.0,366616650000.0,0.0,0.0,0.6,0.5138,0.4688
FPT,2024-07-30,15:07:09,HOSE,STOCK,129.0,138.0,120.0,129.0,129.5,127.0,128.0,128.002,110.457,110.886,108.745,109.601,109.603,2373800.0,303850500000.0,0.0,0.0,-1.0,-0.8563,-0.7752
FPT,2024-07-29,15:07:09,HOSE,STOCK,128.0,136.9,119.1,130.0,130.6,129.0,129.0,129.856,111.314,111.827,110.457,110.457,111.19,4859800.0,631075150000.0,0.0,0.0,1.0,0.8563,0.7813
FPT,2024-07-26,21:07:59,HOSE,STOCK,125.0,133.7,116.3,125.9,128.0,124.4,128.0,125.832,107.803,109.601,106.519,109.601,107.745,3951100.0,497176260000.0,0.0,0.0,3.0,2.5688,2.4
FPT,2024-07-25,15:07:08,HOSE,STOCK,126.0,134.8,117.2,124.2,125.5,124.1,125.0,124.764,106.347,107.461,106.262,107.032,106.83,2563400.0,319819110000.0,0.0,0.0,-1.0,-0.8563,-0.7937
FPT,2024-07-24,15:07:09,HOSE,STOCK,125.5,134.2,116.8,125.5,126.6,124.0,126.0,125.457,107.461,108.402,106.176,107.889,107.424,4151700.0,520860520000.0,0.0,0.0,0.5,0.4281,0.3984
FPT,2024-07-23,15:07:11,HOSE,STOCK,124.1,132.7,115.5,124.9,127.5,124.8,125.5,126.653,106.947,109.173,106.861,107.461,108.448,5311600.0,672732450000.0,0.0,0.0,1.4,1.1988,1.1281
FPT,2024-07-22,15:07:09,HOSE,STOCK,126.0,134.8,117.2,126.0,126.0,123.2,124.1,124.224,107.889,107.889,105.491,106.262,106.368,6216900.0,772289980000.0,0.0,0.0,-1.9,-1.6269,-1.5079
FPT,2024-07-19,15:07:09,HOSE,STOCK,127.9,136.8,119.0,128.6,129.3,126.0,126.0,127.089,110.115,110.714,107.889,107.889,108.821,6551700.0,832650330000.0,0.0,0.0,-1.9,-1.6269,-1.4855
FPT,2024-07-18,15:07:10,HOSE,STOCK,131.9,141.1,122.7,131.4,131.4,127.8,127.9,128.881,112.512,112.512,109.43,109.516,110.356,10800200.0,1391942850000.0,0.0,0.0,-4.0,-3.4251,-3.0326
FPT,2024-07-17,15:07:08,HOSE,STOCK,134.0,143.3,124.7,134.0,134.1,129.9,131.9,132.25,114.739,114.824,111.228,112.941,113.24,6970100.0,921795080000.0,0.0,0.0,-2.1,-1.7982,-1.5672
FPT,2024-07-16,15:07:09,HOSE,STOCK,132.7,141.9,123.5,133.6,134.5,132.3,134.0,133.311,114.396,115.167,113.283,114.739,114.149,4002300.0,533549530000.0,0.0,0.0,1.3,1.1131,0.9797
FPT,2024-07-15,15:07:11,HOSE,STOCK,133.8,143.1,124.5,133.5,134.8,132.3,132.7,133.274,114.311,115.424,113.283,113.626,114.117,3067200.0,408778400000.0,0.0,0.0,-1.1,-0.9419,-0.8221
FPT,2024-07-12,15:07:09,HOSE,STOCK,133.0,142.3,123.7,132.2,136.0,132.2,133.8,133.97,113.197,116.451,113.197,114.567,114.713,3553400.0,476050180000.0,0.0,0.0,0.8,0.685,0.6015
FPT,2024-07-11,15:07:09,HOSE,STOCK,134.0,143.3,124.7,134.1,135.4,132.5,133.0,133.554,114.824,115.937,113.454,113.882,114.357,6842100.0,913790610000.0,0.0,0.0,-1.0,-0.8563,-0.7463
FPT,2024-07-10,15:07:08,HOSE,STOCK,137.5,147.1,127.9,136.0,137.0,134.0,134.0,135.538,116.451,117.308,114.739,114.739,116.056,6294700.0,853168590000.0,0.0,0.0,-3.5,-2.9969,-2.5455
FPT,2024-07-09,15:07:10,HOSE,STOCK,139.6,149.3,129.9,139.1,139.3,136.0,137.5,137.145,119.106,119.277,116.451,117.736,117.432,9676100.0,1327023980000.0,0.0,0.0,-2.1,-1.7981,-1.5043
FPT,2024-07-08,15:07:11,HOSE,STOCK,138.7,148.4,129.0,138.5,139.6,137.5,139.6,138.898,118.592,119.534,117.736,119.534,118.933,5865700.0,814734800000.0,0.0,0.0,0.9,0.7706,0.6489
FPT,2024-07-05,15:07:10,HOSE,STOCK,135.8,145.3,126.3,136.1,139.7,136.1,138.7,138.405,116.537,119.619,116.537,118.763,118.511,7789400.0,1078089250000.0,0.0,0.0,2.9,2.4831,2.1355
FPT,2024-07-04,15:07:10,HOSE,STOCK,131.0,140.1,121.9,132.1,135.8,132.1,135.8,134.085,113.112,116.28,113.112,116.28,114.812,8117900.0,1088488040000.0,0.0,0.0,4.8,4.11,3.6641
FPT,2024-07-03,15:07:09,HOSE,STOCK,128.0,136.9,119.1,130.5,132.8,130.1,131.0,131.66,111.742,113.711,111.399,112.17,112.735,7634100.0,1005103810000.0,0.0,0.0,3.0,2.5688,2.3438
FPT,2024-07-02,15:07:08,HOSE,STOCK,128.6,137.6,119.6,128.6,132.1,127.5,128.0,129.998,110.115,113.112,109.173,109.601,111.312,6720600.0,873661330000.0,0.0,0.0,-0.6,-0.5138,-0.4666
FPT,2024-07-01,15:07:09,HOSE,STOCK,130.5,139.6,121.4,130.4,130.4,128.5,128.6,129.022,111.656,111.656,110.029,110.115,110.476,6376000.0,822641480000.0,0.0,0.0,-1.9,-1.6269,-1.4559
FPT,2024-06-28,15:06:10,HOSE,STOCK,132.8,142.0,123.6,132.8,132.8,130.4,130.5,131.7,113.711,113.711,111.656,111.742,112.769,6633000.0,873567560000.0,0.0,0.0,-2.3,-1.9694,-1.7319
FPT,2024-06-27,15:06:08,HOSE,STOCK,131.8,141.0,122.6,131.3,134.1,130.8,132.8,132.387,112.427,114.824,111.999,113.711,113.358,6403700.0,847765900000.0,0.0,0.0,1.0,0.8563,0.7587
FPT,2024-06-26,15:06:09,HOSE,STOCK,130.0,139.1,120.9,131.0,131.8,129.4,131.8,130.411,112.17,112.855,110.8,112.855,111.666,7147400.0,932098720000.0,0.0,0.0,1.8,1.5413,1.3846
FPT,2024-06-25,15:06:09,HOSE,STOCK,132.1,141.3,122.9,131.0,131.1,128.6,130.0,129.627,112.17,112.256,110.115,111.314,110.994,13706800.0,1776774590000.0,0.0,0.0,-2.1,-1.7981,-1.5897
FPT,2024-06-24,15:06:10,HOSE,STOCK,136.1,145.6,126.6,135.0,135.5,132.0,132.1,133.618,115.595,116.023,113.026,113.112,114.412,13186900.0,1762003560000.0,0.0,0.0,-4.0,-3.425,-2.939
FPT,2024-06-21,15:06:10,HOSE,STOCK,133.3,142.6,124.0,133.9,136.1,133.3,136.1,135.198,114.653,116.537,114.139,116.537,115.765,7653300.0,1034712270000.0,0.0,0.0,2.8,2.3975,2.1005
FPT,2024-06-20,15:06:08,HOSE,STOCK,131.5,140.7,122.3,133.0,135.7,131.8,133.3,134.214,113.882,116.194,112.855,114.139,114.922,10465700.0,1404641970000.0,0.0,0.0,1.8,1.5413,1.3688
FPT,2024-06-19,15:06:10,HOSE,STOCK,128.0,136.9,119.1,128.0,132.8,126.6,131.5,129.254,109.601,113.711,108.402,112.598,110.675,9669200.0,1249784030000.0,0.0,0.0,3.5,2.9969,2.7344
FPT,2024-06-18,15:06:08,HOSE,STOCK,128.8,137.8,119.8,128.8,129.7,128.0,128.0,128.829,110.286,111.057,109.601,109.601,110.311,6680000.0,860576410000.0,0.0,0.0,-0.8,-0.685,-0.6211
FPT,2024-06-17,15:06:08,HOSE,STOCK,131.0,140.1,121.9,131.0,131.4,128.5,128.8,129.678,112.17,112.512,110.029,110.286,111.038,4867600.0,631221490000.0,0.0,0.0,-2.2,-1.8838,-1.6794
FPT,2024-06-14,15:06:09,HOSE,STOCK,130.0,139.1,120.9,130.1,132.6,129.0,131.0,130.32,111.399,113.54,110.457,112.17,111.588,6406200.0,834853120000.0,0.0,0.0,1.0,0.8563,0.7692
FPT,2024-06-13,15:06:08,HOSE,STOCK,132.0,141.2,122.8,133.7,133.8,130.0,130.0,131.125,114.482,114.567,111.314,111.314,112.277,8136200.0,1066858620000.0,0.0,0.0,-2.0,-1.7125,-1.5152
FPT,2024-06-12,15:06:08,HOSE,STOCK,126.5,135.3,117.7,127.9,132.7,127.8,132.0,130.541,109.516,113.626,109.43,113.026,111.777,11215500.0,1464082570000.0,0.0,0.0,5.5,4.7094,4.3478
FPT,2024-06-11,15:06:08,HOSE,STOCK,144.0,154.0,134.0,144.3,146.5,143.1,146.5,144.652,106.705,108.332,105.818,108.332,106.965,6327300.0,915257050000.0,0.0,0.0,2.5,1.8487,1.7361
FPT,2024-06-10,15:06:09,HOSE,STOCK,142.0,151.9,132.1,143.5,145.0,143.0,144.0,143.669,106.113,107.222,105.744,106.483,106.238,3775400.0,542408270000.0,0.0,0.0,2.0,1.4789,1.4085
FPT,2024-06-07,15:06:09,HOSE,STOCK,139.6,149.3,129.9,141.0,142.0,140.5,142.0,141.23,104.265,105.004,103.895,105.004,104.435,3756900.0,530586120000.0,0.0,0.0,2.4,1.7747,1.7192
FPT,2024-06-06,15:06:07,HOSE,STOCK,140.1,149.9,130.3,140.3,141.7,138.8,139.6,140.418,103.747,104.782,102.638,103.229,103.834,5211800.0,731829140000.0,0.0,0.0,-0.5,-0.3697,-0.3569
FPT,2024-06-05,15:06:07,HOSE,STOCK,139.1,148.8,129.4,140.0,144.9,139.7,140.1,141.654,103.525,107.149,103.303,103.599,104.748,6321600.0,895476710000.0,0.0,0.0,1.0,0.7395,0.7189
FPT,2024-06-04,15:06:07,HOSE,STOCK,136.9,146.4,127.4,139.0,139.3,137.8,139.1,138.934,102.786,103.008,101.898,102.86,102.737,7009800.0,973897700000.0,0.0,0.0,2.2,1.6268,1.607
FPT,2024-06-03,15:06:07,HOSE,STOCK,134.6,144.0,125.2,135.0,137.6,134.7,136.9,136.65,99.828,101.75,99.606,101.233,101.048,7773600.0,1062261680000.0,0.0,0.0,2.3,1.7008,1.7088
FPT,2024-05-31,15:05:07,HOSE,STOCK,135.0,144.4,125.6,135.0,136.8,133.8,134.6,134.607,99.828,101.159,98.94,99.532,99.537,2633500.0,354488450000.0,0.0,0.0,-0.4,-0.2958,-0.2963
FPT,2024-05-30,15:05:08,HOSE,STOCK,135.7,145.1,126.3,133.8,135.0,131.9,135.0,132.926,98.94,99.828,97.535,99.828,98.294,7261300.0,965211730000.0,0.0,0.0,-0.7,-0.5176,-0.5158
FPT,2024-05-29,15:05:07,HOSE,STOCK,137.0,146.5,127.5,137.1,138.2,134.8,135.7,135.944,101.381,102.194,99.68,100.345,100.526,5837600.0,793587830000.0,0.0,0.0,-1.3,-0.9613,-0.9489
FPT,2024-05-28,15:05:10,HOSE,STOCK,132.8,142.0,123.6,134.0,137.0,133.1,137.0,134.874,99.088,101.307,98.423,101.307,99.735,4625300.0,623833970000.0,0.0,0.0,4.2,3.1058,3.1627
FPT,2024-05-27,15:05:06,HOSE,STOCK,131.9,141.1,122.7,133.0,133.5,130.6,132.8,132.279,98.349,98.719,96.574,98.201,97.816,5157800.0,682267040000.0,0.0,0.0,0.9,0.6655,0.6823
FPT,2024-05-24,15:05:08,HOSE,STOCK,137.5,147.1,127.9,138.0,138.0,130.6,131.9,133.279,102.046,102.046,96.574,97.535,98.555,13375600.0,1782682100000.0,0.0,0.0,-5.6,-4.141,-4.0727
FPT,2024-05-23,15:05:06,HOSE,STOCK,138.0,147.6,128.4,137.5,137.8,135.0,137.5,136.33,101.676,101.898,99.828,101.676,100.811,3621500.0,493717930000.0,0.0,0.0,-0.5,-0.3697,-0.3623
FPT,2024-05-22,15:05:07,HOSE,STOCK,136.0,145.5,126.5,137.9,139.7,136.1,138.0,137.799,101.972,103.303,100.641,102.046,101.898,4511800.0,621721850000.0,0.0,0.0,2.0,1.4789,1.4706
FPT,2024-05-21,15:05:06,HOSE,STOCK,133.0,142.3,123.7,134.0,136.0,133.5,136.0,134.526,99.088,100.567,98.719,100.567,99.477,3471900.0,467061170000.0,0.0,0.0,3.0,2.2184,2.2556
FPT,2024-05-20,15:05:07,HOSE,STOCK,134.5,143.9,125.1,135.2,136.1,133.0,133.0,134.341,99.976,100.641,98.349,98.349,99.341,2013500.0,270495630000.0,0.0,0.0,-1.5,-1.1092,-1.1152
FPT,2024-05-17,15:05:07,HOSE,STOCK,135.4,144.8,126.0,135.4,136.0,133.7,134.5,134.528,100.124,100.567,98.867,99.458,99.479,2306400.0,310275520000.0,0.0,0.0,-0.9,-0.6655,-0.6647
FPT,2024-05-16,15:05:06,HOSE,STOCK,134.1,143.4,124.8,135.6,137.3,134.2,135.4,135.871,100.272,101.529,99.236,100.124,100.472,3119000.0,423780420000.0,0.0,0.0,1.3,0.9613,0.9694
FPT,2024-05-15,15:05:05,HOSE,STOCK,130.5,139.6,121.4,131.5,134.5,131.3,134.1,132.783,97.24,99.458,97.092,99.162,98.188,3653100.0,485070980000.0,0.0,0.0,3.6,2.6621,2.7586
FPT,2024-05-14,15:05:06,HOSE,STOCK,129.7,138.7,120.7,130.0,131.7,129.6,130.5,130.591,96.131,97.388,95.835,96.5,96.568,2304600.0,300958820000.0,0.0,0.0,0.8,0.5916,0.6168
FPT,2024-05-13,15:05:05,HOSE,STOCK,131.0,140.1,121.9,131.3,131.5,128.8,129.7,129.934,97.092,97.24,95.243,95.909,96.082,1852200.0,240663000000.0,0.0,0.0,-1.3,-0.9613,-0.9924
FPT,2024-05-10,15:05:07,HOSE,STOCK,130.3,139.4,121.2,131.3,132.2,129.2,131.0,130.399,97.092,97.757,95.539,96.87,96.426,3789700.0,494172460000.0,0.0,0.0,0.7,0.5176,0.5372
FPT,2024-05-09,15:05:06,HOSE,STOCK,131.0,140.1,121.9,130.6,132.8,130.0,130.3,130.848,96.574,98.201,96.131,96.352,96.758,2203300.0,288297910000.0,0.0,0.0,-0.7,-0.5176,-0.5344
FPT,2024-05-08,15:05:06,HOSE,STOCK,131.3,140.4,122.2,130.1,131.0,129.3,131.0,130.101,96.204,96.87,95.613,96.87,96.205,3017800.0,392617830000.0,0.0,0.0,-0.3,-0.2218,-0.2285
FPT,2024-05-07,15:05:06,HOSE,STOCK,127.6,136.5,118.7,128.0,131.6,127.2,131.3,130.073,94.652,97.314,94.06,97.092,96.184,3122800.0,406192400000.0,0.0,0.0,3.7,2.736,2.8997
FPT,2024-05-06,15:05:07,HOSE,STOCK,125.9,134.7,117.1,126.5,127.6,124.5,127.6,126.257,93.542,94.356,92.063,94.356,93.363,2704600.0,341473530000.0,0.0,0.0,1.7,1.2571,1.3503
FPT,2024-05-03,15:05:07,HOSE,STOCK,127.3,136.2,118.4,128.1,128.4,125.6,125.9,126.318,94.726,94.947,92.877,93.099,93.408,3191200.0,403104440000.0,0.0,0.0,-1.4,-1.0353,-1.0998
FPT,2024-05-02,15:05:06,HOSE,STOCK,123.2,131.8,114.6,123.8,129.0,123.5,127.3,126.794,91.546,95.391,91.324,94.134,93.76,3469300.0,439885720000.0,0.0,0.0,4.1,3.0318,3.3279
FPT,2024-04-26,15:04:06,HOSE,STOCK,123.2,131.8,114.6,123.0,125.4,122.2,123.2,123.546,90.954,92.729,90.363,91.102,91.358,3396500.0,419623900000.0,0.0,0.0,0.0,0.0,0.0
FPT,2024-04-25,15:04:06,HOSE,STOCK,120.1,128.5,111.7,122.5,128.0,121.9,123.2,124.072,90.585,94.652,90.141,91.102,91.747,5707700.0,708164760000.0,0.0,0.0,3.1,2.2923,2.5812
FPT,2024-04-24,16:04:43,HOSE,STOCK,112.3,120.1,104.5,113.6,120.1,113.2,120.1,118.59,84.003,88.81,83.707,88.81,87.693,10158700.0,1204720010000.0,0.0,0.0,7.8,5.7678,6.9457
FPT,2024-04-23,15:04:06,HOSE,STOCK,110.3,118.0,102.6,110.9,113.3,109.9,112.3,111.716,82.007,83.781,81.267,83.042,82.61,4037600.0,451063740000.0,0.0,0.0,2.0,1.4789,1.8132
FPT,2024-04-22,15:04:08,HOSE,STOCK,109.0,116.6,101.4,110.0,111.4,108.9,110.3,110.167,81.341,82.376,80.528,81.563,81.465,2397300.0,264104050000.0,0.0,0.0,1.3,0.9613,1.1927
FPT,2024-04-19,15:04:05,HOSE,STOCK,111.8,119.6,104.0,110.5,111.2,109.0,109.0,109.936,81.711,82.229,80.602,80.602,81.294,5361100.0,589379490000.0,0.0,0.0,-2.8,-2.0705,-2.5045
FPT,2024-04-17,15:04:05,HOSE,STOCK,113.0,120.9,105.1,113.1,113.1,111.6,111.8,112.203,83.634,83.634,82.524,82.672,82.97,1943300.0,218044830000.0,0.0,0.0,-1.2,-0.8874,-1.0619
FPT,2024-04-16,15:04:06,HOSE,STOCK,111.6,119.4,103.8,112.0,113.2,111.5,113.0,112.221,82.82,83.707,82.45,83.56,82.984,3642700.0,408786260000.0,0.0,0.0,1.4,1.0353,1.2545
FPT,2024-04-15,15:04:08,HOSE,STOCK,115.5,123.5,107.5,115.5,115.6,111.5,111.6,113.116,85.408,85.482,82.45,82.524,83.645,3701900.0,418743760000.0,0.0,0.0,-3.9,-2.8839,-3.3766
FPT,2024-04-12,15:04:07,HOSE,STOCK,114.9,122.9,106.9,115.9,115.9,114.3,115.5,115.068,85.704,85.704,84.521,85.408,85.089,1367300.0,157333080000.0,0.0,0.0,0.6,0.4437,0.5222
FPT,2024-04-11,15:04:05,HOSE,STOCK,113.8,121.7,105.9,113.5,115.4,113.3,114.9,114.679,83.929,85.334,83.781,84.965,84.801,1549400.0,177683230000.0,0.0,0.0,1.1,0.8134,0.9666
FPT,2024-04-10,15:04:05,HOSE,STOCK,113.0,120.9,105.1,113.5,115.6,113.3,113.8,114.253,83.929,85.482,83.781,84.151,84.486,1791100.0,204637850000.0,0.0,0.0,0.8,0.5916,0.708
FPT,2024-04-09,15:04:05,HOSE,STOCK,112.6,120.4,104.8,112.6,113.2,112.5,113.0,112.907,83.264,83.707,83.19,83.56,83.491,1432500.0,161738950000.0,0.0,0.0,0.4,0.2958,0.3552
FPT,2024-04-08,15:04:05,HOSE,STOCK,113.7,121.6,105.8,113.7,113.7,112.6,112.6,112.963,84.077,84.077,83.264,83.264,83.532,1952000.0,220502720000.0,0.0,0.0,-1.1,-0.8134,-0.9675
FPT,2024-04-05,15:04:05,HOSE,STOCK,114.0,121.9,106.1,113.1,114.7,112.6,113.7,113.396,83.634,84.817,83.264,84.077,83.852,2759000.0,312859830000.0,0.0,0.0,-0.3,-0.2218,-0.2632
FPT,2024-04-04,15:04:05,HOSE,STOCK,115.1,123.1,107.1,115.0,115.8,114.0,114.0,114.736,85.039,85.63,84.299,84.299,84.843,2359500.0,270720510000.0,0.0,0.0,-1.1,-0.8134,-0.9557
FPT,2024-04-03,15:04:05,HOSE,STOCK,117.0,125.1,108.9,116.1,117.0,115.1,115.1,115.925,85.852,86.517,85.112,85.112,85.723,2549000.0,295493380000.0,0.0,0.0,-1.9,-1.405,-1.6239
FPT,2024-04-02,15:04:04,HOSE,STOCK,116.8,124.9,108.7,115.4,117.0,115.4,117.0,116.095,85.334,86.517,85.334,86.517,85.848,2285800.0,265370590000.0,0.0,0.0,0.2,0.1479,0.1712
FPT,2024-04-01,23:04:48,HOSE,STOCK,116.5,124.6,108.4,116.0,117.6,115.2,116.8,116.193,85.778,86.961,85.186,86.37,85.921,1974600.0,229434960000.0,0.0,0.0,0.3,0.2218,0.2575
FPT,2024-03-29,14:04:36,HOSE,STOCK,117.1,125.2,109.0,116.4,117.2,116.0,116.5,116.52,86.074,86.665,85.778,86.148,86.163,1343500.0,156545000000.0,0.0,0.0,-0.6,-0.4437,-0.5124
FPT,2024-03-28,14:04:10,HOSE,STOCK,115.2,123.2,107.2,115.9,117.4,115.3,117.1,116.799,85.704,86.813,85.26,86.591,86.369,2803200.0,327411760000.0,0.0,0.0,1.9,1.405,1.6493
FPT,2024-03-27,17:03:30,HOSE,STOCK,115.0,123.0,107.0,114.7,115.3,114.1,115.2,114.659,84.817,85.26,84.373,85.186,84.786,1320200.0,151372770000.0,0.0,0.0,0.2,0.1479,0.1739
FPT,2024-03-26,17:03:26,HOSE,STOCK,114.0,121.9,106.1,114.0,115.5,113.6,115.0,114.179,84.299,85.408,84.003,85.039,84.431,1693300.0,193338740000.0,0.0,0.0,1.0,0.7395,0.8772
FPT,2024-03-25,16:03:35,HOSE,STOCK,114.9,122.9,106.9,114.1,115.1,113.8,114.0,114.241,84.373,85.112,84.151,84.299,84.477,2794400.0,319234230000.0,0.0,0.0,-0.9,-0.6655,-0.7833
FPT,2024-03-22,15:03:07,HOSE,STOCK,116.2,124.3,108.1,116.3,116.3,114.5,114.9,115.28,86.0,86.0,84.669,84.965,85.246,2414800.0,278387990000.0,0.0,0.0,-1.3,-0.9613,-1.1188
FPT,2024-03-21,15:03:07,HOSE,STOCK,114.5,122.5,106.5,115.2,116.2,114.6,116.2,115.51,85.186,85.926,84.743,85.926,85.416,3757800.0,434055830000.0,0.0,0.0,1.7,1.2571,1.4847
FPT,2024-03-20,15:03:08,HOSE,STOCK,112.0,119.8,104.2,112.3,115.0,111.1,114.5,112.86,83.042,85.039,82.155,84.669,83.456,3475700.0,392253310000.0,0.0,0.0,2.5,1.8487,2.2321
FPT,2024-03-19,15:03:06,HOSE,STOCK,113.0,120.9,105.1,113.0,113.0,111.1,112.0,111.87,83.56,83.56,82.155,82.82,82.724,3315400.0,370889250000.0,0.0,0.0,-1.0,-0.7395,-0.885
FPT,2024-03-18,15:03:07,HOSE,STOCK,116.0,124.1,107.9,115.8,115.8,111.1,113.0,113.03,85.63,85.63,82.155,83.56,83.582,5884600.0,665117920000.0,0.0,0.0,-3.0,-2.2184,-2.5862
FPT,2024-03-15,15:03:11,HOSE,STOCK,117.0,125.1,108.9,116.8,116.8,114.5,116.0,115.64,86.37,86.37,84.669,85.778,85.512,3838400.0,443873270000.0,0.0,0.0,-1.0,-0.7395,-0.8547
FPT,2024-03-14,15:03:07,HOSE,STOCK,117.0,125.1,108.9,118.5,118.5,115.7,117.0,117.15,87.627,87.627,85.556,86.517,86.628,3463000.0,405682210000.0,0.0,0.0,0.0,0.0,0.0
FPT,2024-03-13,15:03:07,HOSE,STOCK,111.9,119.7,104.1,112.8,117.0,112.0,117.0,115.0,83.412,86.517,82.82,86.517,85.039,5114200.0,588112620000.0,0.0,0.0,5.1,3.7713,4.5576
FPT,2024-03-12,15:03:06,HOSE,STOCK,110.0,117.7,102.3,110.0,113.5,110.0,111.9,111.92,81.341,83.929,81.341,82.746,82.761,2907800.0,325455230000.0,0.0,0.0,1.9,1.405,1.7273
FPT,2024-03-11,15:03:05,HOSE,STOCK,110.0,117.7,102.3,110.0,113.5,110.0,110.0,111.23,81.341,83.929,81.341,81.341,82.251,3381500.0,376115300000.0,0.0,0.0,0.0,0.0,0.0
FPT,2024-03-08,15:03:07,HOSE,STOCK,111.3,119.0,103.6,111.3,112.6,109.5,110.0,110.45,82.303,83.264,80.971,81.341,81.674,3115600.0,344121320000.0,0.0,0.0,-1.3,-0.9613,-1.168
FPT,2024-03-07,15:03:06,HOSE,STOCK,109.1,116.7,101.5,109.1,113.9,108.2,111.3,110.39,80.676,84.225,80.01,82.303,81.63,4037600.0,445716590000.0,0.0,0.0,2.2,1.6268,2.0165
FPT,2024-03-06,15:03:06,HOSE,STOCK,110.7,118.4,103.0,110.0,110.4,108.4,109.1,109.39,81.341,81.637,80.158,80.676,80.89,3702600.0,405030550000.0,0.0,0.0,-1.6,-1.1831,-1.4453
FPT,2024-03-05,15:03:06,HOSE,STOCK,111.4,119.1,103.7,111.4,111.4,109.9,110.7,110.48,82.376,82.376,81.267,81.859,81.696,3383000.0,373765200000.0,0.0,0.0,-0.7,-0.5176,-0.6284
FPT,2024-03-04,15:03:06,HOSE,STOCK,110.8,118.5,103.1,111.0,111.8,110.8,111.4,111.21,82.081,82.672,81.933,82.376,82.236,3087100.0,343323570000.0,0.0,0.0,0.6,0.4437,0.5415
FPT,2024-03-01,15:03:06,HOSE,STOCK,109.0,116.6,101.4,109.2,111.4,109.1,110.8,110.74,80.75,82.376,80.676,81.933,81.888,4019400.0,445121050000.0,0.0,0.0,1.8,1.331,1.6514
FPT,2024-02-29,15:02:07,HOSE,STOCK,108.5,116.0,101.0,108.2,109.4,107.7,109.0,108.37,80.01,80.898,79.64,80.602,80.136,2824800.0,306116260000.0,0.0,0.0,0.5,0.3697,0.4608
FPT,2024-02-28,15:02:05,HOSE,STOCK,107.9,115.4,100.4,108.0,108.5,106.3,108.5,107.08,79.862,80.232,78.605,80.232,79.182,3461700.0,370686280000.0,0.0,0.0,0.6,0.4437,0.5561
FPT,2024-02-27,15:02:06,HOSE,STOCK,108.0,115.5,100.5,108.5,109.5,107.4,107.9,108.49,80.232,80.971,79.419,79.788,80.225,2800800.0,303856900000.0,0.0,0.0,-0.1,-0.0739,-0.0926
FPT,2024-02-26,15:02:07,HOSE,STOCK,103.9,111.1,96.7,103.9,108.0,103.5,108.0,106.11,76.83,79.862,76.535,79.862,78.465,4466700.0,473976490000.0,0.0,0.0,4.1,3.0318,3.9461
FPT,2024-02-23,15:02:06,HOSE,STOCK,104.6,111.9,97.3,105.5,106.7,103.3,103.9,105.06,78.014,78.901,76.387,76.83,77.688,4103500.0,431110710000.0,0.0,0.0,-0.7,-0.5176,-0.6692
FPT,2024-02-22,15:02:05,HOSE,STOCK,105.9,113.3,98.5,105.9,106.0,104.6,104.6,104.9,78.309,78.383,77.348,77.348,77.57,1718700.0,180290630000.0,0.0,0.0,-1.3,-0.9613,-1.2276
FPT,2024-02-21,15:02:05,HOSE,STOCK,104.3,111.6,97.0,104.0,106.9,103.5,105.9,104.56,76.904,79.049,76.535,78.309,77.319,3137500.0,328043850000.0,0.0,0.0,1.6,1.1831,1.534
FPT,2024-02-20,15:02:05,HOSE,STOCK,105.0,112.3,97.7,105.2,105.2,104.0,104.3,104.47,77.792,77.792,76.904,77.126,77.252,1844300.0,192681840000.0,0.0,0.0,-0.7,-0.5176,-0.6667
FPT,2024-02-19,15:02:07,HOSE,STOCK,105.1,112.4,97.8,105.5,107.0,105.0,105.0,105.86,78.014,79.123,77.644,77.644,78.28,2031800.0,215096420000.0,0.0,0.0,-0.1,-0.0739,-0.0951
FPT,2024-02-16,15:02:06,HOSE,STOCK,104.0,111.2,96.8,104.0,105.1,103.8,105.1,104.28,76.904,77.718,76.757,77.718,77.111,2066000.0,215442930000.0,0.0,0.0,1.1,0.8134,1.0577
FPT,2024-02-15,15:02:04,HOSE,STOCK,104.9,112.2,97.6,105.2,105.5,103.8,104.0,104.38,77.792,78.014,76.757,76.904,77.185,2248400.0,234699110000.0,0.0,0.0,-0.9,-0.6655,-0.858
FPT,2024-02-07,15:02:04,HOSE,STOCK,104.1,111.3,96.9,104.7,105.0,103.9,104.9,104.55,77.422,77.644,76.83,77.57,77.311,2125400.0,222218720000.0,0.0,0.0,0.8,0.5916,0.7685
FPT,2024-02-06,15:02:04,HOSE,STOCK,103.5,110.7,96.3,103.6,105.0,102.9,104.1,103.8,76.609,77.644,76.091,76.978,76.757,1884300.0,195588420000.0,0.0,0.0,0.6,0.4437,0.5797
FPT,2024-02-05,15:02:05,HOSE,STOCK,102.0,109.1,94.9,102.0,104.1,101.9,103.5,103.21,75.425,76.978,75.352,76.535,76.32,2694400.0,278085350000.0,0.0,0.0,1.5,1.1092,1.4706
FPT,2024-02-02,15:02:04,HOSE,STOCK,99.9,106.8,93.0,100.2,102.2,100.1,102.0,101.47,74.094,75.573,74.02,75.425,75.034,2876100.0,291827360000.0,0.0,0.0,2.1,1.5529,2.1021
FPT,2024-02-01,15:02:05,HOSE,STOCK,95.7,102.3,89.1,95.9,99.9,95.7,99.9,98.7,70.915,73.873,70.767,73.873,72.985,7793700.0,769265960000.0,0.0,0.0,4.2,3.1058,4.3887
FPT,2024-01-31,15:01:04,HOSE,STOCK,95.6,102.2,89.0,95.6,96.0,95.5,95.7,95.7,70.693,70.989,70.619,70.767,70.767,1381500.0,132211830000.0,0.0,0.0,0.1,0.0739,0.1046
FPT,2024-01-30,15:01:04,HOSE,STOCK,95.9,102.6,89.2,95.9,95.9,95.4,95.6,95.59,70.915,70.915,70.545,70.693,70.685,949000.0,90719590000.0,0.0,0.0,-0.3,-0.2218,-0.3128
FPT,2024-01-29,15:01:04,HOSE,STOCK,95.9,102.6,89.2,95.9,96.1,95.3,95.9,95.65,70.915,71.063,70.471,70.915,70.73,1060700.0,101453540000.0,0.0,0.0,0.0,0.0,0.0
FPT,2024-01-26,15:01:04,HOSE,STOCK,95.1,101.7,88.5,95.5,96.2,95.3,95.9,95.74,70.619,71.137,70.471,70.915,70.796,925400.0,88602320000.0,0.0,0.0,0.8,0.5916,0.8412
FPT,2024-01-25,15:01:03,HOSE,STOCK,95.0,101.6,88.4,95.1,95.7,94.8,95.1,95.1,70.323,70.767,70.101,70.323,70.323,845100.0,80370070000.0,0.0,0.0,0.1,0.0739,0.1053
FPT,2024-01-24,15:01:04,HOSE,STOCK,95.6,102.2,89.0,95.8,95.8,94.9,95.0,95.23,70.841,70.841,70.175,70.249,70.419,1722100.0,164001770000.0,0.0,0.0,-0.6,-0.4437,-0.6276
FPT,2024-01-23,15:01:04,HOSE,STOCK,96.4,103.1,89.7,96.1,96.4,95.4,95.6,95.73,71.063,71.284,70.545,70.693,70.789,1480400.0,141719790000.0,0.0,0.0,-0.8,-0.5916,-0.8299
FPT,2024-01-22,15:01:03,HOSE,STOCK,96.3,103.0,89.6,96.8,96.8,95.8,96.4,96.22,71.58,71.58,70.841,71.284,71.151,1108000.0,106616570000.0,0.0,0.0,0.1,0.0739,0.1038
FPT,2024-01-19,15:01:03,HOSE,STOCK,95.6,102.2,89.0,96.0,96.9,95.7,96.3,96.21,70.989,71.654,70.767,71.211,71.144,1493200.0,143657980000.0,0.0,0.0,0.7,0.5176,0.7322
FPT,2024-01-18,15:01:03,HOSE,STOCK,95.7,102.3,89.1,95.7,96.0,95.2,95.6,95.67,70.767,70.989,70.397,70.693,70.745,1136900.0,108764340000.0,0.0,0.0,-0.1,-0.0739,-0.1045
FPT,2024-01-17,15:01:03,HOSE,STOCK,95.7,102.3,89.1,95.6,96.0,95.0,95.7,95.49,70.693,70.989,70.249,70.767,70.612,1414000.0,135025480000.0,0.0,0.0,0.0,0.0,0.0
FPT,2024-01-16,15:01:03,HOSE,STOCK,95.4,102.0,88.8,94.7,95.7,94.7,95.7,95.14,70.027,70.767,70.027,70.767,70.353,810000.0,77064940000.0,0.0,0.0,0.3,0.2218,0.3145
FPT,2024-01-15,15:01:03,HOSE,STOCK,94.7,101.3,88.1,95.0,95.9,94.9,95.4,95.39,70.249,70.915,70.175,70.545,70.538,1312200.0,125174350000.0,0.0,0.0,0.7,0.5176,0.7392
FPT,2024-01-12,15:01:03,HOSE,STOCK,95.0,101.6,88.4,94.8,95.6,94.1,94.7,94.48,70.101,70.693,69.584,70.027,69.865,2597000.0,245361100000.0,0.0,0.0,-0.3,-0.2218,-0.3158
FPT,2024-01-11,15:01:03,HOSE,STOCK,94.7,101.3,88.1,94.7,95.4,94.7,95.0,94.99,70.027,70.545,70.027,70.249,70.242,1370900.0,130218330000.0,0.0,0.0,0.3,0.2218,0.3168
FPT,2024-01-10,15:01:03,HOSE,STOCK,96.6,103.3,89.9,96.7,96.9,94.5,94.7,95.47,71.506,71.654,69.879,70.027,70.597,3302500.0,315299080000.0,0.0,0.0,-1.9,-1.405,-1.9669
FPT,2024-01-09,15:01:03,HOSE,STOCK,97.3,104.1,90.5,97.3,97.3,96.6,96.6,96.82,71.95,71.95,71.432,71.432,71.595,1211700.0,117322640000.0,0.0,0.0,-0.7,-0.5176,-0.7194
FPT,2024-01-08,15:01:03,HOSE,STOCK,97.4,104.2,90.6,97.4,98.3,97.1,97.3,97.64,72.024,72.689,71.802,71.95,72.201,1443000.0,140899310000.0,0.0,0.0,-0.1,-0.0739,-0.1027
FPT,2024-01-05,15:01:03,HOSE,STOCK,97.2,104.0,90.4,97.3,97.5,96.5,97.4,97.02,71.95,72.098,71.358,72.024,71.743,1138600.0,110465120000.0,0.0,0.0,0.2,0.1479,0.2058
FPT,2024-01-04,15:01:04,HOSE,STOCK,96.3,103.0,89.6,96.3,98.4,96.2,97.2,97.4,71.211,72.763,71.137,71.876,72.024,2973900.0,289657110000.0,0.0,0.0,0.9,0.6655,0.9346
FPT,2024-01-03,15:01:03,HOSE,STOCK,95.9,102.6,89.2,95.6,96.5,95.4,96.3,95.81,70.693,71.358,70.545,71.211,70.848,1436900.0,137664660000.0,0.0,0.0,0.4,0.2958,0.4171
FPT,2024-01-02,15:01:03,HOSE,STOCK,96.1,102.8,89.4,96.9,96.9,95.7,95.9,96.15,71.654,71.654,70.767,70.915,71.1,1714500.0,164846370000.0,0.0,0.0,-0.2,-0.1479,-0.2081
FPT,2023-12-29,15:12:01,HOSE,STOCK,96.6,103.3,89.9,96.6,97.0,96.1,96.1,96.48,71.432,71.728,71.063,71.063,71.344,1866600.0,180080480000.0,0.0,0.0,-0.5,-0.3697,-0.5176
FPT,2023-12-28,15:12:03,HOSE,STOCK,96.9,103.6,90.2,97.0,97.0,96.3,96.6,96.57,71.728,71.728,71.211,71.432,71.41,1196600.0,115551000000.0,0.0,0.0,-0.3,-0.2218,-0.3096
FPT,2023-12-27,15:12:02,HOSE,STOCK,97.2,104.0,90.4,97.4,97.8,96.9,96.9,97.26,72.024,72.32,71.654,71.654,71.92,1355900.0,131870570000.0,0.0,0.0,-0.3,-0.2218,-0.3086
FPT,2023-12-26,15:12:01,HOSE,STOCK,96.0,102.7,89.3,96.5,98.6,96.4,97.2,97.58,71.358,72.911,71.284,71.876,72.157,3359900.0,327874040000.0,0.0,0.0,1.2,0.8874,1.25
FPT,2023-12-25,15:12:02,HOSE,STOCK,94.6,101.2,88.0,94.9,96.2,94.8,96.0,95.69,70.175,71.137,70.101,70.989,70.759,2017000.0,193001960000.0,0.0,0.0,1.4,1.0353,1.4799
FPT,2023-12-22,15:12:02,HOSE,STOCK,95.1,101.7,88.5,95.0,95.1,94.4,94.6,94.69,70.249,70.323,69.806,69.953,70.02,1275400.0,120765670000.0,0.0,0.0,-0.5,-0.3697,-0.5258
FPT,2023-12-21,15:12:02,HOSE,STOCK,94.7,101.3,88.1,94.6,95.1,94.0,95.1,94.42,69.953,70.323,69.51,70.323,69.82,1756800.0,165881510000.0,0.0,0.0,0.4,0.2958,0.4224
FPT,2023-12-20,15:12:01,HOSE,STOCK,94.6,101.2,88.0,94.3,95.0,94.1,94.7,94.47,69.732,70.249,69.584,70.027,69.857,1349500.0,127490470000.0,0.0,0.0,0.1,0.0739,0.1057
FPT,2023-12-19,15:12:02,HOSE,STOCK,94.0,100.5,87.5,93.9,94.6,93.6,94.6,93.99,69.436,69.953,69.214,69.953,69.502,1250400.0,117521430000.0,0.0,0.0,0.6,0.4437,0.6383
FPT,2023-12-18,15:12:01,HOSE,STOCK,96.2,102.9,89.5,95.9,96.2,93.7,94.0,94.59,70.915,71.137,69.288,69.51,69.946,2266500.0,214399460000.0,0.0,0.0,-2.2,-1.6268,-2.2869
FPT,2023-12-15,15:12:01,HOSE,STOCK,96.2,102.9,89.5,96.2,96.3,95.0,96.2,95.81,71.137,71.211,70.249,71.137,70.848,1474300.0,141250290000.0,0.0,0.0,0.0,0.0,0.0
FPT,2023-12-14,15:12:01,HOSE,STOCK,95.2,101.8,88.6,95.8,96.4,95.2,96.2,95.76,70.841,71.284,70.397,71.137,70.811,1712300.0,163967730000.0,0.0,0.0,1.0,0.7395,1.0504
FPT,2023-12-13,15:12:03,HOSE,STOCK,96.8,103.5,90.1,97.4,97.4,95.2,95.2,96.11,72.024,72.024,70.397,70.397,71.07,2148100.0,206460100000.0,0.0,0.0,-1.6,-1.1831,-1.6529
FPT,2023-12-12,15:12:02,HOSE,STOCK,95.0,101.6,88.4,95.4,96.8,95.3,96.8,96.31,70.545,71.58,70.471,71.58,71.218,4084900.0,393398830000.0,0.0,0.0,1.8,1.331,1.8947
FPT,2023-12-11,15:12:02,HOSE,STOCK,94.2,100.7,87.7,95.5,95.7,94.6,95.0,95.15,70.619,70.767,69.953,70.249,70.36,1564500.0,148856070000.0,0.0,0.0,0.8,0.5916,0.8493
FPT,2023-12-08,15:12:02,HOSE,STOCK,94.3,100.9,87.7,94.3,95.1,93.5,94.2,94.29,69.732,70.323,69.14,69.658,69.724,1745800.0,164616440000.0,0.0,0.0,-0.1,-0.0739,-0.106
FPT,2023-12-07,15:12:03,HOSE,STOCK,95.0,101.6,88.4,95.1,95.3,92.8,94.3,93.61,70.323,70.471,68.622,69.732,69.221,3761200.0,352100410000.0,0.0,0.0,-0.7,-0.5176,-0.7368
FPT,2023-12-06,15:12:03,HOSE,STOCK,94.8,101.4,88.2,95.0,95.4,94.1,95.0,94.71,70.249,70.545,69.584,70.249,70.035,1220700.0,115606940000.0,0.0,0.0,0.2,0.1479,0.211
FPT,2023-12-05,15:12:03,HOSE,STOCK,93.6,100.1,87.1,93.8,95.8,93.7,94.8,94.91,69.362,70.841,69.288,70.101,70.183,3590200.0,340743260000.0,0.0,0.0,1.2,0.8874,1.2821
FPT,2023-12-04,15:12:02,HOSE,STOCK,92.4,98.8,86.0,92.6,94.0,92.6,93.6,93.33,68.474,69.51,68.474,69.214,69.014,3462300.0,323128520000.0,0.0,0.0,1.2,0.8874,1.2987
FPT,2023-12-01,15:12:02,HOSE,STOCK,91.9,98.3,85.5,92.2,92.9,91.3,92.4,92.05,68.179,68.696,67.513,68.327,68.068,1190800.0,109607600000.0,0.0,0.0,0.5,0.3697,0.5441
FPT,2023-11-30,15:11:03,HOSE,STOCK,91.7,98.1,85.3,91.4,93.7,91.3,91.9,92.38,67.587,69.288,67.513,67.957,68.312,1982400.0,183126160000.0,0.0,0.0,0.2,0.1479,0.2181
FPT,2023-11-29,15:11:02,HOSE,STOCK,91.1,97.4,84.8,91.6,92.0,91.1,91.7,91.44,67.735,68.031,67.365,67.809,67.617,801500.0,73287500000.0,0.0,0.0,0.6,0.4437,0.6586
FPT,2023-11-28,15:11:01,HOSE,STOCK,90.7,97.0,84.4,90.8,91.9,89.9,91.1,90.46,67.143,67.957,66.478,67.365,66.892,1090700.0,98661270000.0,0.0,0.0,0.4,0.2958,0.441
FPT,2023-11-27,15:11:01,HOSE,STOCK,91.2,97.5,84.9,91.4,91.4,90.1,90.7,90.64,67.587,67.587,66.626,67.07,67.025,1659500.0,150416000000.0,0.0,0.0,-0.5,-0.3697,-0.5482
FPT,2023-11-24,15:11:03,HOSE,STOCK,90.8,97.1,84.5,90.8,92.0,90.2,91.2,91.13,67.143,68.031,66.7,67.439,67.387,2248500.0,204903610000.0,0.0,0.0,0.4,0.2958,0.4405
FPT,2023-11-23,15:11:02,HOSE,STOCK,93.0,99.5,86.5,93.3,93.7,90.8,90.8,92.49,68.992,69.288,67.143,67.143,68.393,2165700.0,200315280000.0,0.0,0.0,-2.2,-1.6268,-2.3656
FPT,2023-11-22,15:11:03,HOSE,STOCK,91.9,98.3,85.5,91.9,93.1,91.9,93.0,92.67,67.957,68.844,67.957,68.77,68.526,3271700.0,303189820000.0,0.0,0.0,1.1,0.8134,1.197
FPT,2023-11-21,15:11:02,HOSE,STOCK,90.7,97.0,84.4,92.0,92.0,90.7,91.9,91.23,68.031,68.031,67.07,67.957,67.461,1460700.0,133263860000.0,0.0,0.0,1.2,0.8874,1.323
FPT,2023-11-20,15:11:02,HOSE,STOCK,91.0,97.3,84.7,90.1,92.6,89.1,90.7,90.99,66.626,68.474,65.886,67.07,67.284,1656500.0,150719830000.0,0.0,0.0,-0.3,-0.2218,-0.3297
FPT,2023-11-17,15:11:01,HOSE,STOCK,93.0,99.5,86.5,93.4,93.5,90.6,91.0,91.6,69.066,69.14,66.996,67.291,67.735,3567900.0,326823980000.0,0.0,0.0,-2.0,-1.4789,-2.1505
FPT,2023-11-16,15:11:01,HOSE,STOCK,92.4,98.8,86.0,92.2,93.0,91.6,93.0,92.4,68.179,68.77,67.735,68.77,68.327,1906300.0,176137560000.0,0.0,0.0,0.6,0.4437,0.6494
FPT,2023-11-15,15:11:01,HOSE,STOCK,92.6,99.0,86.2,93.7,93.8,92.0,92.4,93.08,69.288,69.362,68.031,68.327,68.829,2417600.0,225036750000.0,0.0,0.0,-0.2,-0.1479,-0.216
FPT,2023-11-14,15:11:02,HOSE,STOCK,91.4,97.7,85.1,92.0,93.4,91.3,92.6,92.16,68.031,69.066,67.513,68.474,68.149,1997800.0,184110850000.0,0.0,0.0,1.2,0.8874,1.3129
FPT,2023-11-13,15:11:01,HOSE,STOCK,91.5,97.9,85.1,91.6,92.0,90.5,91.4,91.21,67.735,68.031,66.922,67.587,67.447,1532100.0,139745100000.0,0.0,0.0,-0.1,-0.0739,-0.1093
FPT,2023-11-10,15:11:02,HOSE,STOCK,92.5,98.9,86.1,91.5,92.7,91.3,91.5,91.76,67.661,68.548,67.513,67.661,67.853,2406500.0,220831510000.0,0.0,0.0,-1.0,-0.7395,-1.0811
FPT,2023-11-09,15:11:02,HOSE,STOCK,92.6,99.0,86.2,92.0,93.3,91.8,92.5,92.58,68.031,68.992,67.883,68.401,68.46,2110200.0,195362940000.0,0.0,0.0,-0.1,-0.0739,-0.108
FPT,2023-11-08,15:11:01,HOSE,STOCK,88.3,94.4,82.2,88.2,92.6,88.0,92.6,90.4,65.221,68.474,65.073,68.474,66.848,2943200.0,266075360000.0,0.0,0.0,4.3,3.1797,4.8698
FPT,2023-11-07,15:11:01,HOSE,STOCK,88.5,94.6,82.4,88.5,88.8,87.9,88.3,88.26,65.443,65.665,64.999,65.295,65.265,1340200.0,118289710000.0,0.0,0.0,-0.2,-0.1479,-0.226
FPT,2023-11-06,15:11:01,HOSE,STOCK,87.0,93.0,81.0,88.2,88.9,87.8,88.5,88.38,65.221,65.738,64.925,65.443,65.354,1210100.0,106952280000.0,0.0,0.0,1.5,1.1092,1.7241
FPT,2023-11-03,15:11:01,HOSE,STOCK,89.0,95.2,82.8,89.0,89.2,87.0,87.0,87.37,65.812,65.96,64.333,64.333,64.607,4842300.0,423054310000.0,0.0,0.0,-2.0,-1.4789,-2.2472
FPT,2023-11-02,15:11:02,HOSE,STOCK,85.4,91.3,79.5,86.4,89.0,85.9,89.0,87.37,63.89,65.812,63.52,65.812,64.607,2204000.0,192572630000.0,0.0,0.0,3.6,2.6621,4.2155
FPT,2023-11-01,15:11:02,HOSE,STOCK,83.0,88.8,77.2,84.3,85.4,82.6,85.4,83.83,62.337,63.15,61.08,63.15,61.989,2175200.0,182351460000.0,0.0,0.0,2.4,1.7747,2.8916
FPT,2023-10-31,15:10:02,HOSE,STOCK,85.0,90.9,79.1,85.1,85.3,83.0,83.0,84.03,62.929,63.076,61.376,61.376,62.137,3087200.0,259427730000.0,0.0,0.0,-2.0,-1.4789,-2.3529
FPT,2023-10-30,15:10:01,HOSE,STOCK,87.0,93.0,81.0,87.0,87.1,85.0,85.0,86.06,64.333,64.407,62.855,62.855,63.638,1869500.0,160890370000.0,0.0,0.0,-2.0,-1.4789,-2.2989
FPT,2023-10-27,15:10:02,HOSE,STOCK,86.8,92.8,80.8,87.5,88.0,86.3,87.0,87.02,64.703,65.073,63.816,64.333,64.348,2034800.0,177066400000.0,0.0,0.0,0.2,0.1479,0.2304
FPT,2023-10-26,15:10:02,HOSE,STOCK,90.9,97.2,84.6,88.3,89.9,86.0,86.8,87.37,65.295,66.478,63.594,64.186,64.607,5909500.0,516333090000.0,0.0,0.0,-4.1,-3.0318,-4.5105
FPT,2023-10-25,15:10:02,HOSE,STOCK,92.0,98.4,85.6,91.8,92.7,90.9,90.9,91.85,67.883,68.548,67.217,67.217,67.92,1836500.0,168691120000.0,0.0,0.0,-1.1,-0.8134,-1.1957
FPT,2023-10-24,15:10:02,HOSE,STOCK,91.0,97.3,84.7,92.4,92.4,90.8,92.0,91.72,68.327,68.327,67.143,68.031,67.824,1612400.0,147890850000.0,0.0,0.0,1.0,0.7395,1.0989
FPT,2023-10-23,15:10:02,HOSE,STOCK,92.9,99.4,86.4,93.8,93.8,90.8,91.0,92.04,69.362,69.362,67.143,67.291,68.06,1971700.0,181475600000.0,0.0,0.0,-1.9,-1.405,-2.0452
FPT,2023-10-20,15:10:06,HOSE,STOCK,92.0,98.4,85.6,92.5,93.0,90.1,92.9,91.49,68.401,68.77,66.626,68.696,67.654,2863200.0,261949550000.0,0.0,0.0,0.9,0.6655,0.9783
FPT,2023-10-19,15:10:02,HOSE,STOCK,93.0,99.5,86.5,94.0,94.3,92.0,92.0,93.39,69.51,69.732,68.031,68.031,69.059,3029400.0,282924870000.0,0.0,0.0,-1.0,-0.7395,-1.0753
FPT,2023-10-18,15:10:02,HOSE,STOCK,93.1,99.6,86.6,94.9,94.9,91.0,93.0,92.97,70.175,70.175,67.291,68.77,68.748,6142800.0,571080630000.0,0.0,0.0,-0.1,-0.0739,-0.1074
FPT,2023-10-17,15:10:02,HOSE,STOCK,96.8,103.5,90.1,97.8,97.8,93.1,93.1,95.82,72.32,72.32,68.844,68.844,70.856,2420100.0,231904730000.0,0.0,0.0,-3.7,-2.736,-3.8223
FPT,2023-10-16,15:10:02,HOSE,STOCK,96.1,102.8,89.4,96.8,98.9,96.3,96.8,97.68,71.58,73.133,71.211,71.58,72.231,4974600.0,485901500000.0,0.0,0.0,0.7,0.5176,0.7284
FPT,2023-10-13,15:10:02,HOSE,STOCK,96.4,103.1,89.7,96.0,96.3,95.3,96.1,95.87,70.989,71.211,70.471,71.063,70.893,2362100.0,226457010000.0,0.0,0.0,-0.3,-0.2218,-0.3112
FPT,2023-10-12,15:10:02,HOSE,STOCK,97.0,103.7,90.3,97.0,97.8,96.0,96.4,97.05,71.728,72.32,70.989,71.284,71.765,1881200.0,182578310000.0,0.0,0.0,-0.6,-0.4437,-0.6186
FPT,2023-10-11,15:10:02,HOSE,STOCK,96.3,103.0,89.6,95.9,98.0,95.9,97.0,96.91,70.915,72.468,70.915,71.728,71.662,2358200.0,228528770000.0,0.0,0.0,0.7,0.5176,0.7269
FPT,2023-10-10,15:10:02,HOSE,STOCK,95.6,102.2,89.0,96.5,97.2,95.4,96.3,96.26,71.358,71.876,70.545,71.211,71.181,3255500.0,313368080000.0,0.0,0.0,0.7,0.5176,0.7322
FPT,2023-10-09,15:10:02,HOSE,STOCK,92.7,99.1,86.3,92.4,95.6,92.2,95.6,94.51,68.327,70.693,68.179,70.693,69.887,3657000.0,345624940000.0,0.0,0.0,2.9,2.1445,3.1284
FPT,2023-10-06,15:10:01,HOSE,STOCK,91.6,98.0,85.2,91.5,92.8,91.0,92.7,91.96,67.661,68.622,67.291,68.548,68.001,1147700.0,105538020000.0,0.0,0.0,1.1,0.8134,1.2009
FPT,2023-10-05,15:10:01,HOSE,STOCK,92.5,98.9,86.1,92.8,93.3,91.6,91.6,92.21,68.622,68.992,67.735,67.735,68.186,1369100.0,126239970000.0,0.0,0.0,-0.9,-0.6655,-0.973
FPT,2023-10-04,15:10:01,HOSE,STOCK,92.2,98.6,85.8,91.3,93.4,91.3,92.5,92.45,67.513,69.066,67.513,68.401,68.364,1591700.0,147146950000.0,0.0,0.0,0.3,0.2218,0.3254
FPT,2023-10-03,15:10:02,HOSE,STOCK,93.2,99.7,86.7,92.2,93.5,91.5,92.2,92.13,68.179,69.14,67.661,68.179,68.127,2006900.0,184901400000.0,0.0,0.0,-1.0,-0.7395,-1.073
FPT,2023-10-02,15:10:01,HOSE,STOCK,92.8,99.2,86.4,93.4,93.8,92.0,93.2,92.84,69.066,69.362,68.031,68.918,68.652,1137500.0,105610410000.0,0.0,0.0,0.4,0.2958,0.431
FPT,2023-09-29,15:09:01,HOSE,STOCK,94.0,100.5,87.5,94.0,94.9,92.8,92.8,93.66,69.51,70.175,68.622,68.622,69.258,1635300.0,153165490000.0,0.0,0.0,-1.2,-0.8874,-1.2766
FPT,2023-09-28,15:09:01,HOSE,STOCK,94.3,100.9,87.7,94.1,94.3,91.4,94.0,92.9,69.584,69.732,67.587,69.51,68.696,1764400.0,163914540000.0,0.0,0.0,-0.3,-0.2218,-0.3181
FPT,2023-09-27,15:09:01,HOSE,STOCK,93.5,100.0,87.0,93.9,94.3,90.4,94.3,91.8,69.436,69.732,66.848,69.732,67.883,4510400.0,414052310000.0,0.0,0.0,0.8,0.5916,0.8556
FPT,2023-09-26,15:09:01,HOSE,STOCK,94.3,100.9,87.7,94.2,95.5,93.1,93.5,94.32,69.658,70.619,68.844,69.14,69.746,2154100.0,203182180000.0,0.0,0.0,-0.8,-0.5916,-0.8484
FPT,2023-09-25,15:09:01,HOSE,STOCK,96.7,103.4,90.0,97.0,97.6,94.3,94.3,95.59,71.728,72.172,69.732,69.732,70.685,2097100.0,200460340000.0,0.0,0.0,-2.4,-1.7747,-2.4819
FPT,2023-09-22,15:09:01,HOSE,STOCK,96.8,103.5,90.1,95.1,97.0,92.6,96.7,95.16,70.323,71.728,68.474,71.506,70.368,6861000.0,652896090000.0,0.0,0.0,-0.1,-0.0739,-0.1033
FPT,2023-09-21,15:09:01,HOSE,STOCK,98.5,105.3,91.7,98.5,98.9,96.3,96.8,97.38,72.837,73.133,71.211,71.58,72.009,3419000.0,332932140000.0,0.0,0.0,-1.7,-1.2571,-1.7259
FPT,2023-09-20,15:09:02,HOSE,STOCK,98.4,105.2,91.6,98.8,99.7,98.5,98.5,99.03,73.059,73.725,72.837,72.837,73.229,2444800.0,242101520000.0,0.0,0.0,0.1,0.0739,0.1016
FPT,2023-09-19,15:09:01,HOSE,STOCK,96.9,103.6,90.2,96.8,98.4,95.9,98.4,97.3,71.58,72.763,70.915,72.763,71.95,3583600.0,348695340000.0,0.0,0.0,1.5,1.1092,1.548
FPT,2023-09-18,15:09:02,HOSE,STOCK,97.5,104.3,90.7,96.9,96.9,95.7,96.9,96.17,71.654,71.654,70.767,71.654,71.114,2026900.0,194919570000.0,0.0,0.0,-0.6,-0.4437,-0.6154
FPT,2023-09-15,15:09:03,HOSE,STOCK,95.9,102.6,89.2,96.0,97.8,95.3,97.5,95.98,70.989,72.32,70.471,72.098,70.974,2134800.0,204891450000.0,0.0,0.0,1.6,1.1831,1.6684
FPT,2023-09-14,15:09:03,HOSE,STOCK,98.0,104.8,91.2,98.0,98.0,95.5,95.9,96.63,72.468,72.468,70.619,70.915,71.455,2319700.0,224153770000.0,0.0,0.0,-2.1,-1.5529,-2.1429
FPT,2023-09-13,15:09:02,HOSE,STOCK,98.9,105.8,92.0,98.9,99.0,97.4,98.0,98.14,73.133,73.207,72.024,72.468,72.571,2889300.0,283559250000.0,0.0,0.0,-0.9,-0.6655,-0.91
FPT,2023-09-12,15:09:02,HOSE,STOCK,97.4,104.2,90.6,97.4,98.9,97.4,98.9,98.17,72.024,73.133,72.024,73.133,72.593,2680700.0,263156310000.0,0.0,0.0,1.5,1.1092,1.54
FPT,2023-09-11,15:09:02,HOSE,STOCK,97.6,104.4,90.8,98.7,99.5,95.3,97.4,96.68,72.985,73.577,70.471,72.024,71.492,5149800.0,497861620000.0,0.0,0.0,-0.2,-0.1479,-0.2049
FPT,2023-09-08,15:09:03,HOSE,STOCK,97.9,104.7,91.1,97.5,98.5,97.0,97.6,97.57,72.098,72.837,71.728,72.172,72.15,2115600.0,206425520000.0,0.0,0.0,-0.3,-0.2218,-0.3064
FPT,2023-09-07,15:09:01,HOSE,STOCK,99.0,105.9,92.1,99.0,100.8,97.6,97.9,98.5,73.207,74.538,72.172,72.394,72.837,3249600.0,320071670000.0,0.0,0.0,-1.1,-0.8134,-1.1111
FPT,2023-09-06,15:09:03,HOSE,STOCK,96.8,103.5,90.1,97.1,99.0,96.3,99.0,97.45,71.802,73.207,71.211,73.207,72.061,2491000.0,242757650000.0,0.0,0.0,2.2,1.6268,2.2727
FPT,2023-09-05,15:09:04,HOSE,STOCK,96.7,103.4,90.0,97.1,98.7,96.8,96.8,97.43,71.802,72.985,71.58,71.58,72.046,1439600.0,140261450000.0,0.0,0.0,0.1,0.0739,0.1034
FPT,2023-08-31,15:08:04,HOSE,STOCK,96.6,103.3,89.9,96.6,97.5,96.1,96.7,96.8,71.432,72.098,71.063,71.506,71.58,1403700.0,135881720000.0,0.0,0.0,0.1,0.0739,0.1035
FPT,2023-08-30,15:08:02,HOSE,STOCK,93.6,100.1,87.1,93.2,98.2,93.1,96.6,96.06,68.918,72.616,68.844,71.432,71.033,2360700.0,226769410000.0,0.0,0.0,3.0,2.2184,3.2051
FPT,2023-08-29,15:08:02,HOSE,STOCK,94.0,100.5,87.5,94.0,94.0,92.8,93.6,93.38,69.51,69.51,68.622,69.214,69.051,1547400.0,144492080000.0,0.0,0.0,-0.4,-0.2958,-0.4255
FPT,2023-08-28,15:08:02,HOSE,STOCK,90.6,96.9,84.3,92.0,94.3,91.0,94.0,92.38,68.031,69.732,67.291,69.51,68.312,2950700.0,272584420000.0,0.0,0.0,3.4,2.5142,3.7528
FPT,2023-08-25,15:08:03,HOSE,STOCK,90.0,96.3,83.7,89.5,91.0,89.1,90.6,90.01,66.182,67.291,65.886,66.996,66.559,2791400.0,251240920000.0,0.0,0.0,0.6,0.4437,0.6667
FPT,2023-08-24,15:08:02,HOSE,STOCK,85.5,91.4,79.6,85.5,90.1,85.1,90.0,88.68,63.224,66.626,62.929,66.552,65.576,5251600.0,465736640000.0,0.0,0.0,4.5,3.3276,5.2632
FPT,2023-08-23,15:08:01,HOSE,STOCK,86.5,92.5,80.5,86.4,86.8,84.7,86.5,85.8,63.149,63.441,61.906,63.222,62.71,1418500.0,121708860000.0,0.0,0.0,0.0,0.0,0.0
FPT,2023-08-22,15:08:02,HOSE,STOCK,85.9,91.9,79.9,86.3,86.5,83.0,86.5,85.1,63.076,63.222,60.664,63.222,62.199,2330300.0,198300130000.0,0.0,0.0,0.6,0.4385,0.6985
FPT,2023-08-21,15:08:02,HOSE,STOCK,85.5,91.4,79.6,85.9,86.7,85.5,85.9,86.06,62.783,63.368,62.491,62.783,62.9,2452800.0,211086350000.0,0.0,0.0,0.4,0.2924,0.4678
FPT,2023-08-18,15:08:02,HOSE,STOCK,86.0,92.0,80.0,85.6,87.9,84.3,85.5,85.85,62.564,64.245,61.614,62.491,62.747,4243700.0,364302380000.0,0.0,0.0,-0.5,-0.3654,-0.5814
FPT,2023-08-17,15:08:02,HOSE,STOCK,85.1,91.0,79.2,85.0,87.2,85.0,86.0,86.4,62.125,63.733,62.125,62.856,63.149,3693800.0,319142190000.0,0.0,0.0,0.9,0.6578,1.0576
FPT,2023-08-16,15:08:02,HOSE,STOCK,84.0,89.8,78.2,83.2,85.2,83.2,85.1,84.55,60.81,62.272,60.81,62.199,61.797,2595400.0,219444830000.0,0.0,0.0,1.1,0.804,1.3095
FPT,2023-08-15,15:08:02,HOSE,STOCK,82.6,88.3,76.9,82.6,84.3,81.5,84.0,83.03,60.371,61.614,59.567,61.395,60.686,1675600.0,139129060000.0,0.0,0.0,1.4,1.0233,1.6949
FPT,2023-08-14,15:08:02,HOSE,STOCK,82.0,87.7,76.3,82.1,83.2,82.0,82.6,82.5,60.006,60.81,59.933,60.371,60.298,1014100.0,83666320000.0,0.0,0.0,0.6,0.4385,0.7317
FPT,2023-08-11,15:08:02,HOSE,STOCK,82.2,87.9,76.5,82.0,83.0,81.5,82.0,82.01,59.933,60.664,59.567,59.933,59.94,1142900.0,93734440000.0,0.0,0.0,-0.2,-0.1462,-0.2433
FPT,2023-08-10,15:08:02,HOSE,STOCK,83.1,88.9,77.3,83.1,83.3,82.2,82.2,82.56,60.737,60.883,60.079,60.079,60.342,1343300.0,110896330000.0,0.0,0.0,-0.9,-0.6578,-1.083
FPT,2023-08-09,15:08:04,HOSE,STOCK,84.2,90.0,78.4,84.0,84.7,83.0,83.1,83.58,61.395,61.906,60.664,60.737,61.088,982700.0,82131800000.0,0.0,0.0,-1.1,-0.804,-1.3064
FPT,2023-08-08,15:08:02,HOSE,STOCK,84.5,90.4,78.6,84.0,84.6,83.8,84.2,84.18,61.395,61.833,61.248,61.541,61.526,636000.0,53539740000.0,0.0,0.0,-0.3,-0.2193,-0.355
FPT,2023-08-07,15:08:02,HOSE,STOCK,83.3,89.1,77.5,83.6,84.5,83.3,84.5,83.94,61.102,61.76,60.883,61.76,61.351,752500.0,63167180000.0,0.0,0.0,1.2,0.8771,1.4406
FPT,2023-08-04,15:08:02,HOSE,STOCK,83.7,89.5,77.9,84.0,84.5,83.3,83.3,83.52,61.395,61.76,60.883,60.883,61.044,1618900.0,135203560000.0,0.0,0.0,-0.4,-0.2924,-0.4779
FPT,2023-08-03,15:08:02,HOSE,STOCK,83.5,89.3,77.7,83.8,84.2,82.9,83.7,83.6,61.248,61.541,60.591,61.175,61.102,907900.0,75903860000.0,0.0,0.0,0.2,0.1462,0.2395
FPT,2023-08-02,15:08:01,HOSE,STOCK,84.5,90.4,78.6,84.5,84.8,83.5,83.5,84.0,61.76,61.979,61.029,61.029,61.395,996300.0,83689720000.0,0.0,0.0,-1.0,-0.7309,-1.1834
FPT,2023-08-01,15:08:02,HOSE,STOCK,85.6,91.5,79.7,85.6,86.3,84.5,84.5,85.48,62.564,63.076,61.76,61.76,62.476,1287300.0,110032440000.0,0.0,0.0,-1.1,-0.804,-1.285
FPT,2023-07-31,15:07:02,HOSE,STOCK,84.4,90.3,78.5,84.7,85.8,84.4,85.6,85.1,61.906,62.71,61.687,62.564,62.199,1471500.0,125219290000.0,0.0,0.0,1.2,0.8771,1.4218
FPT,2023-07-28,15:07:03,HOSE,STOCK,83.7,89.5,77.9,83.5,84.4,83.1,84.4,83.71,61.029,61.687,60.737,61.687,61.183,898400.0,75207350000.0,0.0,0.0,0.7,0.5116,0.8363
FPT,2023-07-27,15:07:03,HOSE,STOCK,82.7,88.4,77.0,82.8,84.4,82.8,83.7,83.76,60.517,61.687,60.517,61.175,61.219,1417700.0,118750170000.0,0.0,0.0,1.0,0.7309,1.2092
FPT,2023-07-26,15:07:02,HOSE,STOCK,81.3,86.9,75.7,81.2,82.7,81.1,82.7,82.02,59.348,60.444,59.275,60.444,59.947,1270800.0,104234130000.0,0.0,0.0,1.4,1.0232,1.722
FPT,2023-07-25,15:07:01,HOSE,STOCK,81.0,86.6,75.4,81.0,82.2,81.0,81.3,81.48,59.202,60.079,59.202,59.421,59.553,1056900.0,86117140000.0,0.0,0.0,0.3,0.2193,0.3704
FPT,2023-07-24,15:07:02,HOSE,STOCK,81.0,86.6,75.4,81.0,81.3,80.6,81.0,80.96,59.202,59.421,58.91,59.202,59.173,1172700.0,94946910000.0,0.0,0.0,0.0,0.0,0.0
FPT,2023-07-21,15:07:02,HOSE,STOCK,80.3,85.9,74.7,79.7,81.0,79.6,81.0,80.29,58.252,59.202,58.179,59.202,58.683,1273600.0,102254990000.0,0.0,0.0,0.7,0.5116,0.8717
FPT,2023-07-20,15:07:02,HOSE,STOCK,78.5,83.9,73.1,78.6,81.3,78.5,80.3,80.22,57.448,59.421,57.375,58.69,58.632,2294300.0,184052310000.0,0.0,0.0,1.8,1.3156,2.293
FPT,2023-07-19,15:07:02,HOSE,STOCK,78.7,84.2,73.2,78.5,78.9,78.3,78.5,78.55,57.375,57.667,57.229,57.375,57.411,708600.0,55657380000.0,0.0,0.0,-0.2,-0.1462,-0.2541
FPT,2023-07-18,15:07:01,HOSE,STOCK,79.0,84.5,73.5,79.0,79.0,78.1,78.7,78.53,57.74,57.74,57.082,57.521,57.397,718300.0,56409960000.0,0.0,0.0,-0.3,-0.2193,-0.3797
FPT,2023-07-17,15:07:01,HOSE,STOCK,78.3,83.7,72.9,79.0,79.2,78.5,79.0,78.86,57.74,57.886,57.375,57.74,57.638,1153300.0,90951860000.0,0.0,0.0,0.7,0.5116,0.894
FPT,2023-07-14,15:07:03,HOSE,STOCK,75.8,81.1,70.5,76.9,78.3,76.1,78.3,77.79,56.205,57.229,55.621,57.229,56.856,2822800.0,219597400000.0,0.0,0.0,2.5,1.8272,3.2982
FPT,2023-07-13,15:07:03,HOSE,STOCK,75.3,80.5,70.1,75.8,75.8,75.4,75.8,75.68,55.401,55.401,55.109,55.401,55.314,1252400.0,94786950000.0,0.0,0.0,0.5,0.3654,0.664
FPT,2023-07-12,15:07:02,HOSE,STOCK,75.0,80.2,69.8,75.0,75.7,74.9,75.3,75.23,54.817,55.328,54.743,55.036,54.985,904900.0,68078310000.0,0.0,0.0,0.3,0.2193,0.4
FPT,2023-07-11,15:07:02,HOSE,STOCK,75.3,80.5,70.1,75.3,75.4,75.0,75.0,75.17,55.036,55.109,54.817,54.817,54.941,1091300.0,82037870000.0,0.0,0.0,-0.3,-0.2193,-0.3984
FPT,2023-07-10,15:07:02,HOSE,STOCK,75.3,80.5,70.1,75.3,75.9,74.9,75.3,75.21,55.036,55.474,54.743,55.036,54.97,1154300.0,86813630000.0,0.0,0.0,0.0,0.0,0.0
FPT,2023-07-07,15:07:02,HOSE,STOCK,74.6,79.8,69.4,74.2,75.5,74.2,75.3,74.85,54.232,55.182,54.232,55.036,54.707,896300.0,67088600000.0,0.0,0.0,0.7,0.5116,0.9383
FPT,2023-07-06,15:07:01,HOSE,STOCK,74.8,80.0,69.6,74.8,75.2,74.0,74.6,74.52,54.67,54.963,54.086,54.524,54.466,1517000.0,113047660000.0,0.0,0.0,-0.2,-0.1462,-0.2674
FPT,2023-07-05,15:07:02,HOSE,STOCK,74.8,80.0,69.6,75.1,76.5,74.8,74.8,75.41,54.89,55.913,54.67,54.67,55.116,1787300.0,134787060000.0,0.0,0.0,0.0,0.0,0.0
FPT,2023-07-04,15:07:04,HOSE,STOCK,86.4,92.4,80.4,86.4,87.0,86.2,87.0,86.58,54.283,54.66,54.157,54.66,54.396,1328100.0,114983360000.0,0.0,0.0,0.6,0.377,0.6944
FPT,2023-07-03,15:07:24,HOSE,STOCK,86.0,92.0,80.0,86.5,86.8,86.0,86.4,86.32,54.345,54.534,54.031,54.283,54.232,1039600.0,89737030000.0,0.0,0.0,0.4,0.2513,0.4651
FPT,2023-06-30,15:06:02,HOSE,STOCK,86.5,92.5,80.5,86.5,86.6,86.0,86.0,86.27,54.345,54.408,54.031,54.031,54.201,733500.0,63279100000.0,0.0,0.0,-0.5,-0.3141,-0.578
FPT,2023-06-29,15:06:02,HOSE,STOCK,87.0,93.0,81.0,87.0,87.1,86.5,86.5,86.71,54.66,54.722,54.345,54.345,54.477,562400.0,48765150000.0,0.0,0.0,-0.5,-0.3141,-0.5747
FPT,2023-06-28,15:06:02,HOSE,STOCK,87.3,93.4,81.2,87.4,87.8,87.0,87.0,87.29,54.911,55.162,54.66,54.66,54.842,964900.0,84228660000.0,0.0,0.0,-0.3,-0.1885,-0.3436
FPT,2023-06-27,15:06:03,HOSE,STOCK,85.8,91.8,79.8,86.0,87.3,86.0,87.3,86.66,54.031,54.848,54.031,54.848,54.446,1540400.0,133498120000.0,0.0,0.0,1.5,0.9424,1.7483
FPT,2023-06-26,15:06:02,HOSE,STOCK,85.1,91.0,79.2,85.1,85.8,84.6,85.8,85.09,53.466,53.906,53.152,53.906,53.46,859400.0,73126450000.0,0.0,0.0,0.7,0.4398,0.8226
FPT,2023-06-23,15:06:02,HOSE,STOCK,85.5,91.4,79.6,85.6,85.6,84.8,85.1,85.05,53.78,53.78,53.277,53.466,53.434,822000.0,69911670000.0,0.0,0.0,-0.4,-0.2513,-0.4678
FPT,2023-06-22,15:06:05,HOSE,STOCK,85.8,91.8,79.8,86.1,86.5,84.7,85.5,85.42,54.094,54.345,53.215,53.717,53.667,1019700.0,87103450000.0,0.0,0.0,-0.3,-0.1885,-0.3497
FPT,2023-06-21,15:06:02,HOSE,STOCK,85.5,91.4,79.6,85.5,86.4,85.4,85.8,85.82,53.717,54.283,53.654,53.906,53.918,705800.0,60570810000.0,0.0,0.0,0.3,0.1885,0.3509
FPT,2023-06-20,15:06:01,HOSE,STOCK,84.7,90.6,78.8,85.0,85.8,84.7,85.5,85.24,53.403,53.906,53.215,53.717,53.554,944500.0,80512010000.0,0.0,0.0,0.8,0.5026,0.9445
FPT,2023-06-19,15:06:02,HOSE,STOCK,84.5,90.4,78.6,84.7,85.5,84.5,84.7,84.91,53.215,53.717,53.089,53.215,53.346,663200.0,56311880000.0,0.0,0.0,0.2,0.1257,0.2367
FPT,2023-06-16,15:06:02,HOSE,STOCK,84.1,89.9,78.3,84.1,86.2,83.4,84.5,85.19,52.838,54.157,52.398,53.089,53.522,2231500.0,190102520000.0,0.0,0.0,0.4,0.2513,0.4756
FPT,2023-06-15,15:06:02,HOSE,STOCK,84.2,90.0,78.4,84.2,84.4,83.6,84.1,83.96,52.9,53.026,52.523,52.838,52.75,798600.0,67047590000.0,0.0,0.0,-0.1,-0.0628,-0.1188
FPT,2023-06-14,15:06:02,HOSE,STOCK,84.4,90.3,78.5,84.3,84.8,84.1,84.2,84.35,52.963,53.277,52.838,52.9,52.995,658600.0,55555990000.0,0.0,0.0,-0.2,-0.1257,-0.237
FPT,2023-06-13,15:06:02,HOSE,STOCK,84.9,90.8,79.0,84.4,84.9,84.3,84.4,84.57,53.026,53.34,52.963,53.026,53.133,466800.0,39476050000.0,0.0,0.0,-0.5,-0.3141,-0.5889
FPT,2023-06-12,15:06:02,HOSE,STOCK,84.6,90.5,78.7,84.5,84.9,83.6,84.9,84.12,53.089,53.34,52.523,53.34,52.85,519700.0,43717680000.0,0.0,0.0,0.3,0.1885,0.3546
FPT,2023-06-09,15:06:02,HOSE,STOCK,83.6,89.4,77.8,84.3,84.7,83.7,84.6,84.32,52.963,53.215,52.586,53.152,52.976,680200.0,57351080000.0,0.0,0.0,1.0,0.6283,1.1962
FPT,2023-06-08,15:06:03,HOSE,STOCK,85.0,90.9,79.1,84.7,84.9,83.5,83.6,83.99,53.215,53.34,52.461,52.523,52.768,1244500.0,104521720000.0,0.0,0.0,-1.4,-0.8796,-1.6471
FPT,2023-06-07,15:06:02,HOSE,STOCK,85.3,91.2,79.4,85.0,85.4,84.3,85.0,84.7,53.403,53.654,52.963,53.403,53.215,705800.0,59779390000.0,0.0,0.0,-0.3,-0.1885,-0.3517
FPT,2023-06-06,15:06:02,HOSE,STOCK,85.0,90.9,79.1,85.3,85.3,84.7,85.3,84.99,53.592,53.592,53.215,53.592,53.397,514000.0,43682320000.0,0.0,0.0,0.3,0.1885,0.3529
FPT,2023-06-05,15:06:03,HOSE,STOCK,83.8,89.6,78.0,83.9,85.2,83.8,85.0,84.56,52.712,53.529,52.649,53.403,53.127,1425500.0,120535610000.0,0.0,0.0,1.2,0.7539,1.432
FPT,2023-06-02,15:06:01,HOSE,STOCK,83.5,89.3,77.7,83.5,84.3,83.1,83.8,83.62,52.461,52.963,52.209,52.649,52.536,735900.0,61532690000.0,0.0,0.0,0.3,0.1885,0.3593
FPT,2023-06-01,15:06:02,HOSE,STOCK,84.1,89.9,78.3,84.0,84.0,83.1,83.5,83.4,52.775,52.775,52.209,52.461,52.398,537300.0,44810830000.0,0.0,0.0,-0.6,-0.377,-0.7134
FPT,2023-05-31,15:05:03,HOSE,STOCK,84.0,89.8,78.2,84.2,84.2,83.1,84.1,83.85,52.9,52.9,52.209,52.838,52.681,839400.0,70383390000.0,0.0,0.0,0.1,0.0628,0.119
FPT,2023-05-30,15:05:02,HOSE,STOCK,83.1,88.9,77.3,83.0,84.9,82.9,84.0,83.81,52.146,53.34,52.084,52.775,52.655,1659100.0,139048250000.0,0.0,0.0,0.9,0.5654,1.083
FPT,2023-05-29,15:05:02,HOSE,STOCK,83.1,88.9,77.3,83.5,83.7,82.9,83.1,83.27,52.461,52.586,52.084,52.209,52.316,879600.0,73245680000.0,0.0,0.0,0.0,0.0,0.0
FPT,2023-05-26,15:05:02,HOSE,STOCK,83.2,89.0,77.4,83.1,83.4,82.3,83.1,82.99,52.209,52.398,51.707,52.209,52.14,864400.0,71733390000.0,0.0,0.0,-0.1,-0.0628,-0.1202
FPT,2023-05-25,15:05:01,HOSE,STOCK,81.3,86.9,75.7,81.2,83.4,81.0,83.2,82.59,51.016,52.398,50.89,52.272,51.889,1341300.0,110773880000.0,0.0,0.0,1.9,1.1937,2.337
FPT,2023-05-24,15:05:02,HOSE,STOCK,82.0,87.7,76.3,82.0,82.1,81.1,81.3,81.59,51.518,51.581,50.953,51.078,51.261,464300.0,37882790000.0,0.0,0.0,-0.7,-0.4398,-0.8537
FPT,2023-05-23,15:05:02,HOSE,STOCK,82.5,88.2,76.8,82.5,82.5,81.4,82.0,82.03,51.832,51.832,51.141,51.518,51.537,656500.0,53854960000.0,0.0,0.0,-0.5,-0.3141,-0.6061
FPT,2023-05-22,15:05:02,HOSE,STOCK,82.8,88.5,77.1,82.8,82.8,82.0,82.5,82.38,52.021,52.021,51.518,51.832,51.757,561000.0,46215160000.0,0.0,0.0,-0.3,-0.1885,-0.3623
FPT,2023-05-19,15:05:02,HOSE,STOCK,82.9,88.7,77.1,83.0,83.3,81.8,82.8,82.51,52.146,52.335,51.393,52.021,51.839,1073600.0,88582150000.0,0.0,0.0,-0.1,-0.0628,-0.1206
FPT,2023-05-18,17:05:32,HOSE,STOCK,81.5,87.2,75.8,81.8,83.0,81.4,82.9,82.3,51.393,52.146,51.141,52.084,51.707,1549800.0,127542820000.0,0.0,0.0,1.4,0.8796,1.7178
FPT,2023-05-17,15:05:14,HOSE,STOCK,81.5,87.2,75.8,81.9,82.7,81.1,81.5,81.83,51.455,51.958,50.953,51.204,51.411,976200.0,79883960000.0,0.0,0.0,0.0,0.0,0.0
FPT,2023-05-16,15:05:08,HOSE,STOCK,81.0,86.6,75.4,81.0,81.7,80.8,81.5,81.15,50.89,51.33,50.764,51.204,50.984,766500.0,62203640000.0,0.0,0.0,0.5,0.3141,0.6173
FPT,2023-05-15,15:05:15,HOSE,STOCK,80.5,86.1,74.9,81.4,81.8,80.8,81.0,81.21,51.141,51.393,50.764,50.89,51.022,934700.0,75903690000.0,0.0,0.0,0.5,0.3141,0.6211
FPT,2023-05-12,15:05:05,HOSE,STOCK,79.1,84.6,73.6,79.3,80.6,78.8,80.5,79.81,49.822,50.639,49.508,50.576,50.142,1083100.0,86444010000.0,0.0,0.0,1.4,0.8796,1.7699
FPT,2023-05-11,15:05:03,HOSE,STOCK,79.0,84.5,73.5,79.1,79.6,79.0,79.1,79.2,49.696,50.01,49.633,49.696,49.759,475900.0,37691930000.0,0.0,0.0,0.1,0.0628,0.1266
FPT,2023-05-10,15:05:03,HOSE,STOCK,78.9,84.4,73.4,79.0,79.6,79.0,79.0,79.29,49.633,50.01,49.633,49.633,49.816,632500.0,50152830000.0,0.0,0.0,0.1,0.0628,0.1267
FPT,2023-05-09,15:05:05,HOSE,STOCK,78.5,83.9,73.1,78.6,79.8,78.6,78.9,79.2,49.382,50.136,49.382,49.571,49.759,605900.0,47987520000.0,0.0,0.0,0.4,0.2513,0.5096
FPT,2023-05-08,15:05:07,HOSE,STOCK,78.4,83.8,73.0,78.5,78.9,78.4,78.5,78.59,49.319,49.571,49.256,49.319,49.376,362900.0,28520850000.0,0.0,0.0,0.1,0.0628,0.1276
FPT,2023-05-05,15:05:04,HOSE,STOCK,78.5,83.9,73.1,78.6,78.6,78.2,78.4,78.4,49.382,49.382,49.131,49.256,49.256,319200.0,25025650000.0,0.0,0.0,-0.1,-0.0628,-0.1274
FPT,2023-05-04,15:05:05,HOSE,STOCK,77.5,82.9,72.1,77.8,78.7,77.6,78.5,78.28,48.879,49.445,48.754,49.319,49.181,497200.0,38922570000.0,0.0,0.0,1.0,0.6283,1.2903
FPT,2023-04-28,15:04:02,HOSE,STOCK,78.3,83.7,72.9,78.8,78.8,77.5,77.5,77.97,49.508,49.508,48.691,48.691,48.986,945600.0,73731350000.0,0.0,0.0,-0.8,-0.5026,-1.0217
FPT,2023-04-27,15:04:07,HOSE,STOCK,78.3,83.7,72.9,78.1,78.8,78.1,78.3,78.42,49.068,49.508,49.068,49.194,49.269,221000.0,17331900000.0,0.0,0.0,0.0,0.0,0.0
FPT,2023-04-26,15:04:02,HOSE,STOCK,78.4,83.8,73.0,78.1,78.4,77.6,78.3,77.98,49.068,49.256,48.754,49.194,48.993,772000.0,60202890000.0,0.0,0.0,-0.1,-0.0628,-0.1276
FPT,2023-04-25,15:04:04,HOSE,STOCK,79.1,84.6,73.6,79.1,79.3,78.3,78.4,78.75,49.696,49.822,49.194,49.256,49.476,540000.0,42525760000.0,0.0,0.0,-0.7,-0.4398,-0.885
FPT,2023-04-24,15:04:02,HOSE,STOCK,79.3,84.8,73.8,79.5,80.6,79.0,79.1,79.65,49.948,50.639,49.633,49.696,50.042,794500.0,63285480000.0,0.0,0.0,-0.2,-0.1257,-0.2522
FPT,2023-04-21,15:04:02,HOSE,STOCK,79.4,84.9,73.9,80.0,80.0,79.3,79.3,79.49,50.262,50.262,49.822,49.822,49.941,324000.0,25756040000.0,0.0,0.0,-0.1,-0.0628,-0.1259
FPT,2023-04-20,15:04:03,HOSE,STOCK,79.3,84.8,73.8,79.8,79.8,79.2,79.4,79.5,50.136,50.136,49.759,49.885,49.948,364400.0,28969760000.0,0.0,0.0,0.1,0.0628,0.1261
FPT,2023-04-19,15:04:02,HOSE,STOCK,79.4,84.9,73.9,79.8,79.8,79.3,79.3,79.43,50.136,50.136,49.822,49.822,49.904,419800.0,33346390000.0,0.0,0.0,-0.1,-0.0628,-0.1259
FPT,2023-04-18,15:04:04,HOSE,STOCK,79.6,85.1,74.1,79.6,80.0,79.2,79.4,79.59,50.01,50.262,49.759,49.885,50.004,301600.0,24003590000.0,0.0,0.0,-0.2,-0.1257,-0.2513
FPT,2023-04-17,15:04:02,HOSE,STOCK,79.6,85.1,74.1,79.6,79.7,79.0,79.6,79.37,50.01,50.073,49.633,50.01,49.866,449900.0,35706810000.0,0.0,0.0,0.0,0.0,0.0
FPT,2023-04-14,15:04:01,HOSE,STOCK,79.6,85.1,74.1,79.9,80.1,79.3,79.6,79.61,50.199,50.325,49.822,50.01,50.017,398800.0,31746830000.0,0.0,0.0,0.0,0.0,0.0
FPT,2023-04-13,15:04:02,HOSE,STOCK,80.3,85.9,74.7,80.3,80.4,79.3,79.6,79.78,50.45,50.513,49.822,50.01,50.123,540500.0,43120810000.0,0.0,0.0,-0.7,-0.4398,-0.8717
FPT,2023-04-12,15:04:04,HOSE,STOCK,80.3,85.9,74.7,80.3,80.5,79.9,80.3,80.18,50.45,50.576,50.199,50.45,50.375,574700.0,46080460000.0,0.0,0.0,0.0,0.0,0.0
FPT,2023-04-11,15:04:02,HOSE,STOCK,80.3,85.9,74.7,80.2,80.5,80.1,80.3,80.25,50.387,50.576,50.325,50.45,50.419,534000.0,42851800000.0,0.0,0.0,0.0,0.0,0.0
FPT,2023-04-10,15:04:02,HOSE,STOCK,80.5,86.1,74.9,81.0,81.0,80.1,80.3,80.48,50.89,50.89,50.325,50.45,50.563,769800.0,61952730000.0,0.0,0.0,-0.2,-0.1257,-0.2484
FPT,2023-04-07,15:04:02,HOSE,STOCK,80.3,85.9,74.7,80.2,80.7,80.0,80.5,80.24,50.387,50.701,50.262,50.576,50.412,359800.0,28871550000.0,0.0,0.0,0.2,0.1257,0.2491
FPT,2023-04-06,15:04:02,HOSE,STOCK,80.6,86.2,75.0,80.7,81.5,80.3,80.3,80.88,50.701,51.204,50.45,50.45,50.815,612900.0,49573270000.0,0.0,0.0,-0.3,-0.1885,-0.3722
FPT,2023-04-05,15:04:02,HOSE,STOCK,80.5,86.1,74.9,80.5,80.6,79.7,80.6,80.11,50.576,50.639,50.073,50.639,50.331,422000.0,33807600000.0,0.0,0.0,0.1,0.0628,0.1242
FPT,2023-04-04,15:04:02,HOSE,STOCK,80.9,86.5,75.3,80.9,81.0,80.0,80.5,80.52,50.827,50.89,50.262,50.576,50.588,584600.0,47069490000.0,0.0,0.0,-0.4,-0.2513,-0.4944
FPT,2023-04-03,15:04:02,HOSE,STOCK,79.1,84.6,73.6,79.4,80.9,79.1,80.9,79.89,49.885,50.827,49.696,50.827,50.193,1170200.0,93484570000.0,0.0,0.0,1.8,1.1309,2.2756
FPT,2023-03-31,15:03:02,HOSE,STOCK,79.1,84.6,73.6,79.1,79.5,79.0,79.1,79.22,49.696,49.948,49.633,49.696,49.772,671600.0,53205620000.0,0.0,0.0,0.0,0.0,0.0
FPT,2023-03-30,15:03:01,HOSE,STOCK,79.0,84.5,73.5,79.0,79.3,78.8,79.1,79.08,49.633,49.822,49.508,49.696,49.684,408400.0,32297730000.0,0.0,0.0,0.1,0.0628,0.1266
FPT,2023-03-29,15:03:01,HOSE,STOCK,79.2,84.7,73.7,79.2,79.3,78.6,79.0,78.93,49.759,49.822,49.382,49.633,49.589,404500.0,31927150000.0,0.0,0.0,-0.2,-0.1257,-0.2525
FPT,2023-03-28,15:03:02,HOSE,STOCK,79.1,84.6,73.6,79.2,79.2,77.5,79.2,78.91,49.759,49.759,48.691,49.759,49.577,1000400.0,78937950000.0,0.0,0.0,0.1,0.0628,0.1264
FPT,2023-03-27,15:03:01,HOSE,STOCK,78.6,84.1,73.1,78.9,79.2,78.5,79.1,78.97,49.571,49.759,49.319,49.696,49.615,767200.0,60584770000.0,0.0,0.0,0.5,0.3141,0.6361
FPT,2023-03-24,15:03:01,HOSE,STOCK,78.0,83.4,72.6,78.3,78.8,78.0,78.6,78.45,49.194,49.508,49.005,49.382,49.288,366700.0,28768770000.0,0.0,0.0,0.6,0.377,0.7692
FPT,2023-03-23,15:03:01,HOSE,STOCK,78.5,83.9,73.1,78.4,78.5,77.6,78.0,77.83,49.256,49.319,48.754,49.005,48.898,356600.0,27754250000.0,0.0,0.0,-0.5,-0.3141,-0.6369
FPT,2023-03-22,15:03:01,HOSE,STOCK,78.1,83.5,72.7,78.2,78.6,77.6,78.5,78.09,49.131,49.382,48.754,49.319,49.062,610400.0,47665920000.0,0.0,0.0,0.4,0.2513,0.5122
FPT,2023-03-21,15:03:01,HOSE,STOCK,77.6,83.0,72.2,78.6,78.7,77.1,78.1,77.81,49.382,49.445,48.44,49.068,48.886,536200.0,41723850000.0,0.0,0.0,0.5,0.3141,0.6443
FPT,2023-03-20,15:03:01,HOSE,STOCK,79.0,84.5,73.5,79.1,79.3,77.6,77.6,78.18,49.696,49.822,48.754,48.754,49.118,769800.0,60184210000.0,0.0,0.0,-1.4,-0.8796,-1.7722
FPT,2023-03-17,15:03:01,HOSE,STOCK,79.2,84.7,73.7,79.6,80.0,78.6,79.0,79.24,50.01,50.262,49.382,49.633,49.784,429400.0,34024710000.0,0.0,0.0,-0.2,-0.1257,-0.2525
FPT,2023-03-16,15:03:01,HOSE,STOCK,80.5,86.1,74.9,80.0,80.0,78.4,79.2,79.18,50.262,50.262,49.256,49.759,49.746,850000.0,67301850000.0,0.0,0.0,-1.3,-0.8168,-1.6149
FPT,2023-03-15,15:03:01,HOSE,STOCK,78.7,84.2,73.2,79.1,80.5,79.1,80.5,79.98,49.696,50.576,49.696,50.576,50.249,691800.0,55329340000.0,0.0,0.0,1.8,1.1309,2.2872
FPT,2023-03-14,15:03:02,HOSE,STOCK,78.9,84.4,73.4,79.0,79.1,78.5,78.7,78.75,49.633,49.696,49.319,49.445,49.476,427400.0,33657770000.0,0.0,0.0,-0.2,-0.1257,-0.2535
FPT,2023-03-13,15:03:02,HOSE,STOCK,79.5,85.0,74.0,78.1,79.4,78.1,78.9,78.84,49.068,49.885,49.068,49.571,49.533,886500.0,69895390000.0,0.0,0.0,-0.6,-0.377,-0.7547
FPT,2023-03-10,15:03:01,HOSE,STOCK,80.6,86.2,75.0,80.2,80.4,79.0,79.5,79.45,50.387,50.513,49.633,49.948,49.916,640900.0,50918260000.0,0.0,0.0,-1.1,-0.6911,-1.3648
FPT,2023-03-09,15:03:02,HOSE,STOCK,79.5,85.0,74.0,79.5,80.7,79.2,80.6,79.81,49.948,50.701,49.759,50.639,50.142,640300.0,51100450000.0,0.0,0.0,1.1,0.6911,1.3836
FPT,2023-03-08,15:03:01,HOSE,STOCK,78.8,84.3,73.3,78.5,79.5,78.5,79.5,78.82,49.319,49.948,49.319,49.948,49.52,510600.0,40246600000.0,0.0,0.0,0.7,0.4398,0.8883
FPT,2023-03-07,15:03:01,HOSE,STOCK,78.2,83.6,72.8,79.1,79.9,78.8,78.8,79.25,49.696,50.199,49.508,49.508,49.79,792000.0,62762280000.0,0.0,0.0,0.6,0.377,0.7673
FPT,2023-03-06,15:03:02,HOSE,STOCK,78.5,83.9,73.1,78.1,79.8,78.1,78.2,78.91,49.068,50.136,49.068,49.131,49.577,817200.0,64486250000.0,0.0,0.0,-0.3,-0.1885,-0.3822
FPT,2023-03-03,15:03:01,HOSE,STOCK,80.0,85.6,74.4,79.3,80.0,78.5,78.5,79.13,49.822,50.262,49.319,49.319,49.715,740800.0,58615980000.0,0.0,0.0,-1.5,-0.9424,-1.875
FPT,2023-03-02,15:03:01,HOSE,STOCK,80.5,86.1,74.9,80.0,80.5,79.8,80.0,80.07,50.262,50.576,50.136,50.262,50.306,430800.0,34493660000.0,0.0,0.0,-0.5,-0.3141,-0.6211
FPT,2023-03-01,15:03:02,HOSE,STOCK,80.5,86.1,74.9,79.5,80.5,78.7,80.5,79.34,49.948,50.576,49.445,50.576,49.847,1376400.0,109207230000.0,0.0,0.0,0.0,0.0,0.0
FPT,2023-02-28,15:02:01,HOSE,STOCK,80.3,85.9,74.7,80.0,80.7,79.5,80.5,80.17,50.262,50.701,49.948,50.576,50.368,524300.0,42033010000.0,0.0,0.0,0.2,0.1257,0.2491
FPT,2023-02-27,15:02:01,HOSE,STOCK,80.8,86.4,75.2,80.0,80.5,79.9,80.3,80.11,50.262,50.576,50.199,50.45,50.331,1015400.0,81340360000.0,0.0,0.0,-0.5,-0.3141,-0.6188
FPT,2023-02-24,15:02:01,HOSE,STOCK,81.4,87.0,75.8,81.1,81.3,80.4,80.8,80.78,50.953,51.078,50.513,50.764,50.752,559200.0,45171300000.0,0.0,0.0,-0.6,-0.377,-0.7371
FPT,2023-02-23,15:02:02,HOSE,STOCK,81.8,87.5,76.1,81.7,81.7,80.6,81.4,81.09,51.33,51.33,50.639,51.141,50.946,1160500.0,94109190000.0,0.0,0.0,-0.4,-0.2513,-0.489
FPT,2023-02-22,15:02:01,HOSE,STOCK,82.8,88.5,77.1,82.3,82.5,81.8,81.8,82.1,51.707,51.832,51.393,51.393,51.581,747200.0,61344630000.0,0.0,0.0,-1.0,-0.6283,-1.2077
FPT,2023-02-21,15:02:01,HOSE,STOCK,82.8,88.5,77.1,82.8,83.7,82.6,82.8,83.08,52.021,52.586,51.895,52.021,52.197,840000.0,69787150000.0,0.0,0.0,0.0,0.0,0.0
FPT,2023-02-20,15:02:01,HOSE,STOCK,81.6,87.3,75.9,81.6,83.0,81.4,82.8,82.35,51.267,52.146,51.141,52.021,51.738,1275100.0,105001760000.0,0.0,0.0,1.2,0.7539,1.4706
FPT,2023-02-17,15:02:01,HOSE,STOCK,81.6,87.3,75.9,81.2,81.6,81.0,81.6,81.19,51.016,51.267,50.89,51.267,51.009,467600.0,37965190000.0,0.0,0.0,0.0,0.0,0.0
FPT,2023-02-16,15:02:02,HOSE,STOCK,81.6,87.3,75.9,81.6,82.0,80.7,81.6,81.36,51.267,51.518,50.701,51.267,51.116,424200.0,34514590000.0,0.0,0.0,0.0,0.0,0.0
FPT,2023-02-15,15:02:01,HOSE,STOCK,80.8,86.4,75.2,80.5,81.9,80.3,81.6,81.36,50.576,51.455,50.45,51.267,51.116,645200.0,52492260000.0,0.0,0.0,0.8,0.5026,0.9901
FPT,2023-02-14,15:02:02,HOSE,STOCK,80.7,86.3,75.1,80.7,81.0,80.2,80.8,80.73,50.701,50.89,50.387,50.764,50.72,619700.0,50026400000.0,0.0,0.0,0.1,0.0628,0.1239
FPT,2023-02-13,15:02:01,HOSE,STOCK,80.7,86.3,75.1,80.7,81.2,80.0,80.7,80.7,50.701,51.016,50.262,50.701,50.701,613200.0,49482480000.0,0.0,0.0,0.0,0.0,0.0
FPT,2023-02-10,15:02:01,HOSE,STOCK,80.7,86.3,75.1,81.1,81.2,80.5,80.7,80.78,50.953,51.016,50.576,50.701,50.752,725000.0,58563580000.0,0.0,0.0,0.0,0.0,0.0
FPT,2023-02-09,15:02:01,HOSE,STOCK,81.2,86.8,75.6,81.0,81.6,80.7,80.7,81.12,50.89,51.267,50.701,50.701,50.965,743000.0,60274900000.0,0.0,0.0,-0.5,-0.3141,-0.6158
FPT,2023-02-08,15:02:02,HOSE,STOCK,80.7,86.3,75.1,80.8,81.7,80.6,81.2,81.24,50.764,51.33,50.639,51.016,51.041,669700.0,54403690000.0,0.0,0.0,0.5,0.3141,0.6196
FPT,2023-02-07,15:02:01,HOSE,STOCK,80.5,86.1,74.9,80.5,81.9,80.5,80.7,81.12,50.576,51.455,50.576,50.701,50.965,750800.0,60902710000.0,0.0,0.0,0.2,0.1257,0.2484
FPT,2023-02-06,15:02:01,HOSE,STOCK,80.1,85.7,74.5,80.0,81.6,79.7,80.5,80.66,50.262,51.267,50.073,50.576,50.676,944400.0,76171930000.0,0.0,0.0,0.4,0.2513,0.4994
FPT,2023-02-03,15:02:02,HOSE,STOCK,81.9,87.6,76.2,82.0,82.0,80.1,80.1,80.51,51.518,51.518,50.325,50.325,50.582,1729000.0,139208570000.0,0.0,0.0,-1.8,-1.1309,-2.1978
FPT,2023-02-02,15:02:01,HOSE,STOCK,82.0,87.7,76.3,82.1,82.4,81.3,81.9,81.62,51.581,51.77,51.078,51.455,51.279,1325200.0,108157750000.0,0.0,0.0,-0.1,-0.0628,-0.122
FPT,2023-02-01,15:02:01,HOSE,STOCK,83.5,89.3,77.7,84.0,84.0,81.8,82.0,82.66,52.775,52.775,51.393,51.518,51.933,1048300.0,86647250000.0,0.0,0.0,-1.5,-0.9424,-1.7964
FPT,2023-01-31,15:01:02,HOSE,STOCK,83.7,89.5,77.9,83.5,83.7,81.7,83.5,82.75,52.461,52.586,51.33,52.461,51.989,1529100.0,126525680000.0,0.0,0.0,-0.2,-0.1257,-0.2389
FPT,2023-01-30,16:01:08,HOSE,STOCK,84.0,89.8,78.2,84.2,84.4,83.7,83.7,83.98,52.9,53.026,52.586,52.586,52.762,891000.0,74827890000.0,0.0,0.0,-0.3,-0.1885,-0.3571
FPT,2023-01-27,15:01:02,HOSE,STOCK,83.9,89.7,78.1,84.1,85.5,84.0,84.0,85.08,52.838,53.717,52.775,52.775,53.453,1140700.0,97050610000.0,0.0,0.0,0.1,0.0628,0.1192
FPT,2023-01-19,15:01:02,HOSE,STOCK,83.4,89.2,77.6,83.0,84.2,82.9,83.9,83.6,52.146,52.9,52.084,52.712,52.523,1327200.0,110952100000.0,0.0,0.0,0.5,0.3141,0.5995
FPT,2023-01-18,15:01:01,HOSE,STOCK,82.0,87.7,76.3,82.1,83.4,81.8,83.4,82.72,51.581,52.398,51.393,52.398,51.971,954600.0,78963590000.0,0.0,0.0,1.4,0.8796,1.7073
FPT,2023-01-17,15:01:01,HOSE,STOCK,80.8,86.4,75.2,81.2,82.0,81.0,82.0,81.53,51.016,51.518,50.89,51.518,51.223,978200.0,79748980000.0,0.0,0.0,1.2,0.7539,1.4851
FPT,2023-01-16,15:01:01,HOSE,STOCK,80.0,85.6,74.4,80.1,81.0,79.7,80.8,80.34,50.325,50.89,50.073,50.764,50.475,574500.0,46156610000.0,0.0,0.0,0.8,0.5026,1.0
FPT,2023-01-13,15:01:01,HOSE,STOCK,80.7,86.3,75.1,80.5,81.2,80.0,80.0,80.58,50.576,51.016,50.262,50.262,50.626,628300.0,50625440000.0,0.0,0.0,-0.7,-0.4398,-0.8674
FPT,2023-01-12,15:01:02,HOSE,STOCK,80.9,86.5,75.3,81.0,81.5,80.2,80.7,80.66,50.89,51.204,50.387,50.701,50.676,542500.0,43758100000.0,0.0,0.0,-0.2,-0.1257,-0.2472
FPT,2023-01-11,15:01:01,HOSE,STOCK,80.4,86.0,74.8,80.4,81.6,80.4,80.9,81.18,50.513,51.267,50.513,50.827,51.003,1076900.0,87426540000.0,0.0,0.0,0.5,0.3141,0.6219
FPT,2023-01-10,15:01:02,HOSE,STOCK,80.3,85.9,74.7,80.7,81.3,80.2,80.4,80.66,50.701,51.078,50.387,50.513,50.676,752700.0,60713020000.0,0.0,0.0,0.1,0.0628,0.1245
FPT,2023-01-09,15:01:01,HOSE,STOCK,80.3,85.9,74.7,80.5,80.9,79.9,80.3,80.19,50.576,50.827,50.199,50.45,50.381,518900.0,41608080000.0,0.0,0.0,0.0,0.0,0.0
FPT,2023-01-06,15:01:01,HOSE,STOCK,80.6,86.2,75.0,80.4,81.1,80.2,80.3,80.58,50.513,50.953,50.387,50.45,50.626,719400.0,57972620000.0,0.0,0.0,-0.3,-0.1885,-0.3722
FPT,2023-01-05,15:01:01,HOSE,STOCK,80.0,85.6,74.4,80.2,81.5,80.2,80.6,81.06,50.387,51.204,50.387,50.639,50.928,1012600.0,82084760000.0,0.0,0.0,0.6,0.377,0.75
FPT,2023-01-04,15:01:01,HOSE,STOCK,80.0,85.6,74.4,80.8,81.0,79.3,80.0,80.21,50.764,50.89,49.822,50.262,50.394,794300.0,63713520000.0,0.0,0.0,0.0,0.0,0.0
FPT,2023-01-03,15:01:01,HOSE,STOCK,76.9,82.2,71.6,76.9,80.0,76.8,80.0,78.91,48.314,50.262,48.251,50.262,49.577,1535200.0,121138810000.0,0.0,0.0,3.1,1.9477,4.0312
FPT,2022-12-30,15:12:01,HOSE,STOCK,76.2,81.5,70.9,76.2,76.9,76.0,76.9,76.47,47.874,48.314,47.749,48.314,48.044,628600.0,48071460000.0,0.0,0.0,0.7,0.4398,0.9186
FPT,2022-12-29,15:12:01,HOSE,STOCK,76.7,82.0,71.4,76.5,77.0,76.2,76.2,76.68,48.063,48.377,47.874,47.874,48.176,655300.0,50245320000.0,0.0,0.0,-0.5,-0.3141,-0.6519
FPT,2022-12-28,15:12:01,HOSE,STOCK,76.5,81.8,71.2,77.0,77.0,76.0,76.7,76.55,48.377,48.377,47.749,48.188,48.094,589200.0,45102700000.0,0.0,0.0,0.2,0.1257,0.2614
FPT,2022-12-27,15:12:01,HOSE,STOCK,76.4,81.7,71.1,76.4,77.5,76.0,76.5,76.77,48.0,48.691,47.749,48.063,48.232,805200.0,61816030000.0,0.0,0.0,0.1,0.0628,0.1309
FPT,2022-12-26,15:12:01,HOSE,STOCK,78.0,83.4,72.6,77.7,78.1,76.4,76.4,77.26,48.817,49.068,48.0,48.0,48.54,832500.0,64318140000.0,0.0,0.0,-1.6,-1.0052,-2.0513
FPT,2022-12-23,15:12:01,HOSE,STOCK,77.2,82.6,71.8,76.4,78.0,76.2,78.0,77.32,48.0,49.005,47.874,49.005,48.578,1221000.0,94404850000.0,0.0,0.0,0.8,0.5026,1.0363
FPT,2022-12-22,15:12:02,HOSE,STOCK,77.2,82.6,71.8,77.2,77.5,76.0,77.2,76.8,48.503,48.691,47.749,48.503,48.251,657800.0,50516230000.0,0.0,0.0,0.0,0.0,0.0
FPT,2022-12-21,15:12:01,HOSE,STOCK,76.6,81.9,71.3,77.2,77.4,75.7,77.2,76.75,48.503,48.628,47.56,48.503,48.22,544100.0,41756960000.0,0.0,0.0,0.6,0.377,0.7833
FPT,2022-12-20,15:12:01,HOSE,STOCK,76.6,81.9,71.3,77.2,77.2,75.4,76.6,75.99,48.503,48.503,47.372,48.126,47.742,785800.0,59714950000.0,0.0,0.0,0.0,0.0,0.0
FPT,2022-12-19,15:12:01,HOSE,STOCK,77.9,83.3,72.5,78.3,78.3,76.6,76.6,77.47,49.194,49.194,48.126,48.126,48.672,1026200.0,79496590000.0,0.0,0.0,-1.3,-0.8168,-1.6688
FPT,2022-12-16,15:12:02,HOSE,STOCK,77.7,83.1,72.3,77.0,78.0,76.4,77.9,77.58,48.377,49.005,48.0,48.942,48.741,910900.0,70666830000.0,0.0,0.0,0.2,0.1257,0.2574
FPT,2022-12-15,15:12:01,HOSE,STOCK,76.3,81.6,71.0,76.4,78.1,76.4,77.7,77.45,48.0,49.068,48.0,48.817,48.66,1170500.0,90650130000.0,0.0,0.0,1.4,0.8796,1.8349
FPT,2022-12-14,18:12:45,HOSE,STOCK,77.2,82.6,71.8,77.2,77.5,76.1,76.3,76.754,48.503,48.691,47.811,47.937,48.222,1158000.0,88881220000.0,0.0,0.0,-0.9,-0.5654,-1.1658
FPT,2022-12-13,15:12:02,HOSE,STOCK,77.0,82.3,71.7,76.2,77.3,75.2,77.2,76.52,47.874,48.565,47.246,48.503,48.075,899700.0,68840630000.0,0.0,0.0,0.2,0.1257,0.2597
FPT,2022-12-12,15:12:01,HOSE,STOCK,78.0,83.4,72.6,77.6,78.2,76.4,77.0,77.33,48.754,49.131,48.0,48.377,48.584,1213500.0,93842550000.0,0.0,0.0,-1.0,-0.6283,-1.2821
FPT,2022-12-09,15:12:01,HOSE,STOCK,77.0,82.3,71.7,76.3,78.0,76.2,78.0,77.5,47.937,49.005,47.874,49.005,48.691,987500.0,76534420000.0,0.0,0.0,1.0,0.6283,1.2987
FPT,2022-12-08,15:12:01,HOSE,STOCK,76.5,81.8,71.2,76.9,78.8,75.6,77.0,77.33,48.314,49.508,47.497,48.377,48.584,1267300.0,98001560000.0,0.0,0.0,0.5,0.3141,0.6536
FPT,2022-12-07,15:12:01,HOSE,STOCK,76.0,81.3,70.7,75.9,76.6,74.8,76.5,75.88,47.686,48.126,46.995,48.063,47.673,1029400.0,78112600000.0,0.0,0.0,0.5,0.3141,0.6579
FPT,2022-12-06,15:12:01,HOSE,STOCK,78.3,83.7,72.9,78.3,78.9,76.0,76.0,77.82,49.194,49.571,47.749,47.749,48.892,1537700.0,119657010000.0,0.0,0.0,-2.3,-1.445,-2.9374
FPT,2022-12-05,15:12:01,HOSE,STOCK,77.4,82.8,72.0,78.0,79.0,77.4,78.3,78.17,49.005,49.633,48.628,49.194,49.112,1216400.0,95091850000.0,0.0,0.0,0.9,0.5654,1.1628
FPT,2022-12-02,15:12:01,HOSE,STOCK,74.7,79.9,69.5,74.7,77.7,74.0,77.4,75.51,46.932,48.817,46.492,48.628,47.441,2901400.0,219090960000.0,0.0,0.0,2.7,1.6963,3.6145
FPT,2022-12-01,15:12:01,HOSE,STOCK,74.6,79.8,69.4,75.1,75.8,74.1,74.7,74.97,47.183,47.623,46.555,46.932,47.101,1776500.0,133191940000.0,0.0,0.0,0.1,0.0628,0.134
FPT,2022-11-30,15:11:01,HOSE,STOCK,74.3,79.5,69.1,74.5,74.9,73.5,74.6,74.3,46.806,47.057,46.178,46.869,46.681,911500.0,67726630000.0,0.0,0.0,0.3,0.1885,0.4038
FPT,2022-11-29,15:11:02,HOSE,STOCK,74.3,79.5,69.1,74.9,74.9,73.0,74.3,73.94,47.057,47.057,45.864,46.681,46.454,1143800.0,84572230000.0,0.0,0.0,0.0,0.0,0.0
FPT,2022-11-28,15:11:01,HOSE,STOCK,72.0,77.0,67.0,72.4,74.5,72.3,74.3,73.69,45.487,46.806,45.424,46.681,46.297,1146800.0,84503080000.0,0.0,0.0,2.3,1.445,3.1944
FPT,2022-11-25,15:11:01,HOSE,STOCK,70.5,75.4,65.6,70.6,72.0,70.5,72.0,71.61,44.356,45.236,44.293,45.236,44.99,1267400.0,90761180000.0,0.0,0.0,1.5,0.9424,2.1277
FPT,2022-11-24,15:11:01,HOSE,STOCK,70.5,75.4,65.6,69.8,71.0,69.4,70.5,70.38,43.853,44.607,43.602,44.293,44.218,788400.0,55489010000.0,0.0,0.0,0.0,0.0,0.0
FPT,2022-11-23,15:11:01,HOSE,STOCK,70.5,75.4,65.6,70.0,71.0,69.7,70.5,70.24,43.979,44.607,43.79,44.293,44.13,465900.0,32722870000.0,0.0,0.0,0.0,0.0,0.0
FPT,2022-11-22,15:11:02,HOSE,STOCK,70.1,75.0,65.2,70.0,72.0,69.1,70.5,70.72,43.979,45.236,43.414,44.293,44.431,1176300.0,83184750000.0,0.0,0.0,0.4,0.2513,0.5706
FPT,2022-11-21,15:11:01,HOSE,STOCK,71.5,76.5,66.5,69.5,71.8,69.5,70.1,70.36,43.665,45.11,43.665,44.042,44.205,840500.0,59139260000.0,0.0,0.0,-1.4,-0.8796,-1.958
FPT,2022-11-18,15:11:01,HOSE,STOCK,71.0,75.9,66.1,70.1,72.0,69.2,71.5,70.83,44.042,45.236,43.476,44.921,44.5,1261700.0,89368630000.0,0.0,0.0,0.5,0.3141,0.7042
FPT,2022-11-17,15:11:01,HOSE,STOCK,69.3,74.1,64.5,69.3,72.0,64.5,71.0,70.43,43.539,45.236,40.523,44.607,44.249,1546300.0,108898740000.0,0.0,0.0,1.7,1.0681,2.4531
FPT,2022-11-16,15:11:01,HOSE,STOCK,65.9,70.5,61.3,61.3,70.0,61.3,69.3,64.61,38.513,43.979,38.513,43.539,40.593,3050400.0,197088980000.0,0.0,0.0,3.4,2.1361,5.1593
FPT,2022-11-15,15:11:02,HOSE,STOCK,70.8,75.7,65.9,70.0,70.0,65.9,65.9,66.43,43.979,43.979,41.403,41.403,41.736,3114900.0,206907580000.0,0.0,0.0,-4.9,-3.0785,-6.9209
FPT,2022-11-14,15:11:01,HOSE,STOCK,72.8,77.8,67.8,72.0,72.4,70.0,70.8,70.96,45.236,45.487,43.979,44.482,44.582,1639000.0,116301330000.0,0.0,0.0,-2.0,-1.2566,-2.7473
FPT,2022-11-11,15:11:01,HOSE,STOCK,73.0,78.1,67.9,73.1,73.6,72.0,72.8,72.88,45.927,46.241,45.236,45.738,45.788,1002900.0,73095510000.0,0.0,0.0,-0.2,-0.1257,-0.274
FPT,2022-11-10,15:11:01,HOSE,STOCK,74.0,79.1,68.9,73.5,73.7,69.1,73.0,71.88,46.178,46.304,43.414,45.864,45.16,1595200.0,114656150000.0,0.0,0.0,-1.0,-0.6283,-1.3514
FPT,2022-11-09,15:11:01,HOSE,STOCK,73.3,78.4,68.2,73.3,74.3,73.3,74.0,73.8,46.052,46.681,46.052,46.492,46.366,697700.0,51493000000.0,0.0,0.0,0.7,0.4398,0.955
FPT,2022-11-08,15:11:01,HOSE,STOCK,72.6,77.6,67.6,71.5,73.9,71.4,73.3,72.52,44.921,46.429,44.859,46.052,45.562,945000.0,68533350000.0,0.0,0.0,0.7,0.4398,0.9642
FPT,2022-11-07,15:11:01,HOSE,STOCK,72.9,78.0,67.8,72.6,74.0,72.6,72.6,72.92,45.612,46.492,45.612,45.612,45.814,1572400.0,114666540000.0,0.0,0.0,-0.3,-0.1885,-0.4115
FPT,2022-11-04,15:11:01,HOSE,STOCK,74.1,79.2,69.0,74.0,74.0,71.5,72.9,72.76,46.492,46.492,44.921,45.801,45.713,1646800.0,119818930000.0,0.0,0.0,-1.2,-0.7539,-1.6194
FPT,2022-11-03,15:11:01,HOSE,STOCK,74.0,79.1,68.9,74.5,75.7,73.7,74.1,74.77,46.806,47.56,46.304,46.555,46.976,622400.0,46538010000.0,0.0,0.0,0.1,0.0628,0.1351
FPT,2022-11-02,15:11:01,HOSE,STOCK,75.5,80.7,70.3,75.2,76.0,74.0,74.0,74.68,47.246,47.749,46.492,46.492,46.919,978200.0,73055440000.0,0.0,0.0,-1.5,-0.9424,-1.9868
FPT,2022-11-01,15:11:01,HOSE,STOCK,75.6,80.8,70.4,76.3,76.8,75.0,75.5,76.01,47.937,48.251,47.12,47.434,47.755,561500.0,42677340000.0,0.0,0.0,-0.1,-0.0628,-0.1323
FPT,2022-10-31,15:10:01,HOSE,STOCK,75.0,80.2,69.8,75.0,76.0,73.7,75.6,74.64,47.12,47.749,46.304,47.497,46.894,1084700.0,80962310000.0,0.0,0.0,0.6,0.377,0.8
FPT,2022-10-28,15:10:01,HOSE,STOCK,75.8,81.1,70.5,76.3,76.3,74.7,75.0,75.27,47.937,47.937,46.932,47.12,47.29,875800.0,65919200000.0,0.0,0.0,-0.8,-0.5026,-1.0554
FPT,2022-10-27,15:10:02,HOSE,STOCK,73.8,78.9,68.7,74.1,76.2,73.7,75.8,74.85,46.555,47.874,46.304,47.623,47.026,935900.0,70053370000.0,0.0,0.0,2.0,1.2565,2.71
FPT,2022-10-26,15:10:01,HOSE,STOCK,73.2,78.3,68.1,74.5,74.5,72.7,73.8,73.53,46.806,46.806,45.675,46.366,46.197,625100.0,45962360000.0,0.0,0.0,0.6,0.377,0.8197
FPT,2022-10-25,15:10:01,HOSE,STOCK,71.1,76.0,66.2,71.4,74.5,71.1,73.2,72.72,44.859,46.806,44.67,45.989,45.688,1564600.0,113770660000.0,0.0,0.0,2.1,1.3194,2.9536
FPT,2022-10-24,15:10:01,HOSE,STOCK,73.9,79.0,68.8,73.9,74.5,71.0,71.1,72.61,46.429,46.806,44.607,44.67,45.619,1426100.0,103551090000.0,0.0,0.0,-2.8,-1.7592,-3.7889
FPT,2022-10-21,15:10:01,HOSE,STOCK,77.8,83.2,72.4,77.7,77.7,73.9,73.9,75.39,48.817,48.817,46.429,46.429,47.365,1564900.0,117981670000.0,0.0,0.0,-3.9,-2.4502,-5.0129
FPT,2022-10-20,15:10:01,HOSE,STOCK,75.5,80.7,70.3,75.8,78.5,75.3,77.8,77.04,47.623,49.319,47.309,48.879,48.402,1730300.0,133310720000.0,0.0,0.0,2.3,1.445,3.0464
FPT,2022-10-19,15:10:01,HOSE,STOCK,74.9,80.1,69.7,74.9,76.2,74.7,75.5,75.66,47.057,47.874,46.932,47.434,47.535,1023700.0,77449420000.0,0.0,0.0,0.6,0.377,0.8011
FPT,2022-10-18,15:10:02,HOSE,STOCK,73.8,78.9,68.7,74.0,75.3,74.0,74.9,74.67,46.492,47.309,46.492,47.057,46.913,879000.0,65635030000.0,0.0,0.0,1.1,0.6911,1.4905
FPT,2022-10-17,15:10:02,HOSE,STOCK,74.0,79.1,68.9,73.5,73.9,72.6,73.8,73.18,46.178,46.429,45.612,46.366,45.977,707400.0,51770310000.0,0.0,0.0,-0.2,-0.1257,-0.2703
FPT,2022-10-14,15:10:02,HOSE,STOCK,73.0,78.1,67.9,74.4,74.5,73.6,74.0,74.08,46.743,46.806,46.241,46.492,46.542,844200.0,62541000000.0,0.0,0.0,1.0,0.6283,1.3699
FPT,2022-10-13,15:10:02,HOSE,STOCK,72.4,77.4,67.4,72.2,73.0,71.5,73.0,72.25,45.361,45.864,44.921,45.864,45.393,829200.0,59912210000.0,0.0,0.0,0.6,0.377,0.8287
FPT,2022-10-12,15:10:01,HOSE,STOCK,71.0,75.9,66.1,71.0,73.3,71.0,72.4,72.28,44.607,46.052,44.607,45.487,45.411,1463100.0,105750440000.0,0.0,0.0,1.4,0.8796,1.9718
FPT,2022-10-11,15:10:01,HOSE,STOCK,74.0,79.1,68.9,74.0,74.0,71.0,71.0,72.29,46.492,46.492,44.607,44.607,45.418,1593600.0,115198400000.0,0.0,0.0,-3.0,-1.8848,-4.0541
FPT,2022-10-10,15:10:02,HOSE,STOCK,74.0,79.1,68.9,73.5,75.5,72.1,74.0,73.83,46.178,47.434,45.298,46.492,46.385,1625600.0,120024840000.0,0.0,0.0,0.0,0.0,0.0
FPT,2022-10-07,15:10:01,HOSE,STOCK,76.5,81.8,71.2,76.2,76.2,74.0,74.0,74.9,47.874,47.874,46.492,46.492,47.057,2061000.0,154371160000.0,0.0,0.0,-2.5,-1.5707,-3.268
FPT,2022-10-06,15:10:02,HOSE,STOCK,78.4,83.8,73.0,78.9,78.9,76.5,76.5,77.56,49.571,49.571,48.063,48.063,48.729,1266700.0,98244000000.0,0.0,0.0,-1.9,-1.1937,-2.4235
FPT,2022-10-05,15:10:01,HOSE,STOCK,77.5,82.9,72.1,79.0,79.5,78.4,78.4,78.94,49.633,49.948,49.256,49.256,49.596,971900.0,76720060000.0,0.0,0.0,0.9,0.5654,1.1613
FPT,2022-10-04,15:10:01,HOSE,STOCK,77.0,82.3,71.7,78.0,79.0,77.2,77.5,78.0,49.005,49.633,48.503,48.691,49.005,2040000.0,159128470000.0,0.0,0.0,0.5,0.3141,0.6494
FPT,2022-10-03,15:10:02,HOSE,STOCK,80.5,86.1,74.9,79.6,80.3,76.4,77.0,78.42,50.01,50.45,48.0,48.377,49.269,1245600.0,97674540000.0,0.0,0.0,-3.5,-2.199,-4.3478
FPT,2022-09-30,15:09:02,HOSE,STOCK,77.0,82.3,71.7,77.0,80.8,76.9,80.5,78.05,48.377,50.764,48.314,50.576,49.037,2109900.0,164667240000.0,0.0,0.0,3.5,2.199,4.5455
FPT,2022-09-29,15:09:01,HOSE,STOCK,78.0,83.4,72.6,79.8,80.1,77.0,77.0,78.98,50.136,50.325,48.377,48.377,49.621,1303900.0,102980330000.0,0.0,0.0,-1.0,-0.6283,-1.2821
FPT,2022-09-28,15:09:01,HOSE,STOCK,80.5,86.1,74.9,80.1,80.4,78.0,78.0,79.34,50.325,50.513,49.005,49.005,49.847,2048400.0,162525210000.0,0.0,0.0,-2.5,-1.5707,-3.1056
FPT,2022-09-27,15:09:01,HOSE,STOCK,81.5,87.2,75.8,82.0,82.0,80.5,80.5,81.32,51.518,51.518,50.576,50.576,51.091,932900.0,75867730000.0,0.0,0.0,-1.0,-0.6283,-1.227
FPT,2022-09-26,15:09:02,HOSE,STOCK,82.4,88.1,76.7,81.5,82.0,80.3,81.5,81.08,51.204,51.518,50.45,51.204,50.94,1863600.0,151092440000.0,0.0,0.0,-0.9,-0.5654,-1.0922
FPT,2022-09-23,15:09:02,HOSE,STOCK,82.9,88.7,77.1,83.1,83.1,82.1,82.4,82.47,52.209,52.209,51.581,51.77,51.814,840600.0,69323750000.0,0.0,0.0,-0.5,-0.3141,-0.6031
FPT,2022-09-22,15:09:01,HOSE,STOCK,82.3,88.0,76.6,82.0,83.0,81.9,82.9,82.25,51.518,52.146,51.455,52.084,51.675,1172400.0,96432470000.0,0.0,0.0,0.6,0.377,0.729
FPT,2022-09-21,15:09:02,HOSE,STOCK,83.4,89.2,77.6,83.3,83.3,82.3,82.3,82.52,52.335,52.335,51.707,51.707,51.845,775400.0,63983960000.0,0.0,0.0,-1.1,-0.6911,-1.3189
FPT,2022-09-20,15:09:01,HOSE,STOCK,83.1,88.9,77.3,83.1,83.8,82.3,83.4,82.9,52.209,52.649,51.707,52.398,52.084,575000.0,47664780000.0,0.0,0.0,0.3,0.1885,0.361
FPT,2022-09-19,15:09:01,HOSE,STOCK,82.5,88.2,76.8,82.5,83.6,81.9,83.1,82.51,51.832,52.523,51.455,52.209,51.839,1783700.0,147172460000.0,0.0,0.0,0.6,0.377,0.7273
FPT,2022-09-16,15:09:02,HOSE,STOCK,83.7,89.5,77.9,83.7,83.9,82.5,82.5,83.12,52.586,52.712,51.832,51.832,52.222,1360100.0,113049270000.0,0.0,0.0,-1.2,-0.7539,-1.4337
FPT,2022-09-15,15:09:01,HOSE,STOCK,84.0,89.8,78.2,84.5,84.5,83.7,83.7,83.94,53.089,53.089,52.586,52.586,52.737,780500.0,65514950000.0,0.0,0.0,-0.3,-0.1885,-0.3571
FPT,2022-09-14,15:09:01,HOSE,STOCK,84.6,90.5,78.7,83.5,84.5,83.5,84.0,83.83,52.461,53.089,52.461,52.775,52.668,1309200.0,109755800000.0,0.0,0.0,-0.6,-0.377,-0.7092
FPT,2022-09-13,15:09:02,HOSE,STOCK,84.6,90.5,78.7,85.0,85.3,84.3,84.6,84.83,53.403,53.592,52.963,53.152,53.296,1046400.0,88770260000.0,0.0,0.0,0.0,0.0,0.0
FPT,2022-09-12,15:09:01,HOSE,STOCK,84.3,90.2,78.4,85.1,85.2,84.3,84.6,84.76,53.466,53.529,52.963,53.152,53.252,716000.0,60687400000.0,0.0,0.0,0.3,0.1885,0.3559
FPT,2022-09-09,15:09:02,HOSE,STOCK,84.3,90.2,78.4,84.6,85.0,84.3,84.3,84.59,53.152,53.403,52.963,52.963,53.145,1145400.0,96894090000.0,0.0,0.0,0.0,0.0,0.0
FPT,2022-09-08,15:09:01,HOSE,STOCK,84.0,89.8,78.2,84.1,85.0,83.8,84.3,84.29,52.838,53.403,52.649,52.963,52.957,1135600.0,95723420000.0,0.0,0.0,0.3,0.1885,0.3571
FPT,2022-09-07,15:09:02,HOSE,STOCK,85.8,91.8,79.8,85.5,85.9,84.0,84.0,84.8,53.717,53.968,52.775,52.775,53.277,2236400.0,189645330000.0,0.0,0.0,-1.8,-1.1309,-2.0979
FPT,2022-09-06,15:09:02,HOSE,STOCK,86.2,92.2,80.2,86.0,86.4,85.8,85.8,86.09,54.031,54.283,53.906,53.906,54.088,1171600.0,100858190000.0,0.0,0.0,-0.4,-0.2513,-0.464
FPT,2022-09-05,15:09:02,HOSE,STOCK,86.6,92.6,80.6,86.5,86.7,85.9,86.2,86.22,54.345,54.471,53.968,54.157,54.17,1020900.0,88021780000.0,0.0,0.0,-0.4,-0.2513,-0.4619
FPT,2022-08-31,15:08:01,HOSE,STOCK,86.4,92.4,80.4,85.8,87.0,85.8,86.6,86.28,53.906,54.66,53.906,54.408,54.207,1173700.0,101270000000.0,0.0,0.0,0.2,0.1257,0.2315
FPT,2022-08-30,15:08:01,HOSE,STOCK,86.5,92.5,80.5,86.5,87.0,86.0,86.4,86.49,54.345,54.66,54.031,54.283,54.339,1153200.0,99743150000.0,0.0,0.0,-0.1,-0.0628,-0.1156
FPT,2022-08-29,15:08:02,HOSE,STOCK,87.2,93.3,81.1,87.0,87.0,84.7,86.5,85.88,54.66,54.66,53.215,54.345,53.956,2228000.0,191347540000.0,0.0,0.0,-0.7,-0.4398,-0.8028
FPT,2022-08-26,15:08:02,HOSE,STOCK,86.3,92.3,80.3,86.4,87.8,86.3,87.2,87.11,54.283,55.162,54.22,54.785,54.729,1936600.0,168695940000.0,0.0,0.0,0.9,0.5654,1.0429
FPT,2022-08-25,15:08:02,HOSE,STOCK,86.2,92.2,80.2,86.2,86.7,86.0,86.3,86.22,54.157,54.471,54.031,54.22,54.17,1143900.0,98629520000.0,0.0,0.0,0.1,0.0628,0.116
FPT,2022-08-24,15:08:03,HOSE,STOCK,86.8,92.0,80.0,86.5,86.8,86.1,86.2,86.47,54.345,54.534,54.094,54.157,54.327,1008000.0,87160220000.0,0.0,0.0,-0.6,-0.377,-0.6912
FPT,2022-08-23,15:08:02,HOSE,STOCK,86.8,92.8,80.8,86.1,87.0,86.1,87.0,86.52,53.472,54.031,53.472,54.031,53.733,1085700.0,93933290000.0,0.0,0.0,0.2,0.1242,0.2304
FPT,2022-08-22,15:08:01,HOSE,STOCK,86.9,92.9,80.9,86.6,87.3,85.9,86.8,86.52,53.783,54.217,53.348,53.907,53.733,1634000.0,141378720000.0,0.0,0.0,-0.1,-0.0621,-0.1151
FPT,2022-08-19,15:08:02,HOSE,STOCK,88.3,94.4,82.2,88.0,88.5,86.2,86.9,87.4,54.652,54.963,53.534,53.969,54.279,1957600.0,171095440000.0,0.0,0.0,-1.4,-0.8695,-1.5855
FPT,2022-08-18,15:08:03,HOSE,STOCK,88.3,94.4,82.2,87.9,89.7,87.9,88.3,88.62,54.59,55.708,54.59,54.838,55.037,2552900.0,226238200000.0,0.0,0.0,0.0,0.0,0.0
FPT,2022-08-17,15:08:02,HOSE,STOCK,88.7,94.9,82.5,89.0,89.1,88.0,88.3,88.61,55.273,55.335,54.652,54.838,55.031,1506200.0,133470760000.0,0.0,0.0,-0.4,-0.2484,-0.451
FPT,2022-08-16,15:08:03,HOSE,STOCK,88.9,95.1,82.7,88.9,89.4,88.1,88.7,88.81,55.211,55.522,54.714,55.087,55.155,1382800.0,122811530000.0,0.0,0.0,-0.2,-0.1242,-0.225
FPT,2022-08-15,15:08:02,HOSE,STOCK,86.5,92.5,80.5,86.6,89.1,86.6,88.9,88.08,53.783,55.335,53.783,55.211,54.702,3085000.0,271716980000.0,0.0,0.0,2.4,1.4905,2.7746
FPT,2022-08-12,15:08:02,HOSE,STOCK,86.0,92.0,80.0,85.7,86.5,85.7,86.5,86.01,53.224,53.72,53.224,53.72,53.416,1243100.0,106915730000.0,0.0,0.0,0.5,0.3105,0.5814
FPT,2022-08-11,15:08:02,HOSE,STOCK,86.0,92.0,80.0,86.2,86.8,85.7,86.0,86.22,53.534,53.907,53.224,53.41,53.547,1852800.0,159744210000.0,0.0,0.0,0.0,0.0,0.0
FPT,2022-08-10,15:08:03,HOSE,STOCK,86.2,92.2,80.2,86.3,86.7,86.0,86.0,86.14,53.596,53.845,53.41,53.41,53.497,1121400.0,96599320000.0,0.0,0.0,-0.2,-0.1242,-0.232
FPT,2022-08-09,15:08:02,HOSE,STOCK,86.0,92.0,80.0,86.0,87.5,85.7,86.2,86.54,53.41,54.342,53.224,53.534,53.745,2320800.0,200849330000.0,0.0,0.0,0.2,0.1242,0.2326
FPT,2022-08-08,15:08:02,HOSE,STOCK,85.8,91.8,79.8,85.9,86.4,85.3,86.0,85.73,53.348,53.658,52.975,53.41,53.242,1586800.0,136033920000.0,0.0,0.0,0.2,0.1242,0.2331
FPT,2022-08-05,15:08:01,HOSE,STOCK,86.1,92.1,80.1,86.1,87.2,85.6,85.8,86.34,53.472,54.155,53.162,53.286,53.621,1773100.0,153094270000.0,0.0,0.0,-0.3,-0.1863,-0.3484
FPT,2022-08-04,15:08:03,HOSE,STOCK,84.8,90.7,78.9,85.1,86.6,84.9,86.1,85.99,52.851,53.783,52.727,53.472,53.404,3046800.0,262002950000.0,0.0,0.0,1.3,0.8074,1.533
FPT,2022-08-03,15:08:01,HOSE,STOCK,85.0,90.9,79.1,85.0,85.2,84.2,84.8,84.59,52.789,52.913,52.292,52.665,52.534,2249500.0,190291430000.0,0.0,0.0,-0.2,-0.1242,-0.2353
FPT,2022-08-02,15:08:01,HOSE,STOCK,84.0,89.8,78.2,84.0,85.1,83.5,85.0,84.34,52.168,52.851,51.857,52.789,52.379,1879700.0,158534720000.0,0.0,0.0,1.0,0.621,1.1905
FPT,2022-08-01,15:08:02,HOSE,STOCK,83.5,89.3,77.7,84.0,84.2,83.1,84.0,83.51,52.168,52.292,51.609,52.168,51.864,1815100.0,151587590000.0,0.0,0.0,0.5,0.3105,0.5988
FPT,2022-07-29,15:07:02,HOSE,STOCK,84.9,90.8,79.0,85.1,85.2,83.5,83.5,84.0,52.851,52.913,51.857,51.857,52.168,1941800.0,163107760000.0,0.0,0.0,-1.4,-0.8695,-1.649
FPT,2022-07-28,15:07:03,HOSE,STOCK,85.2,91.1,79.3,85.2,85.8,83.1,84.9,85.19,52.913,53.286,51.609,52.727,52.907,1664800.0,141820250000.0,0.0,0.0,-0.3,-0.1863,-0.3521
FPT,2022-07-27,15:07:03,HOSE,STOCK,84.8,90.7,78.9,84.6,85.2,84.4,85.2,84.73,52.54,52.913,52.416,52.913,52.621,771100.0,65336280000.0,0.0,0.0,0.4,0.2484,0.4717
FPT,2022-07-26,15:07:03,HOSE,STOCK,85.4,91.3,79.5,86.0,86.0,84.8,84.8,85.39,53.41,53.41,52.665,52.665,53.031,1128800.0,96388960000.0,0.0,0.0,-0.6,-0.3726,-0.7026
FPT,2022-07-25,15:07:02,HOSE,STOCK,85.1,91.0,79.2,87.0,87.0,85.1,85.4,86.3,54.031,54.031,52.851,53.037,53.596,2245900.0,193826740000.0,0.0,0.0,0.3,0.1863,0.3525
FPT,2022-07-22,15:07:03,HOSE,STOCK,85.0,90.9,79.1,86.4,86.5,85.1,85.1,85.67,53.658,53.72,52.851,52.851,53.205,1307200.0,111983670000.0,0.0,0.0,0.1,0.0621,0.1176
FPT,2022-07-21,15:07:02,HOSE,STOCK,84.9,90.8,79.0,85.9,85.9,84.5,85.0,85.4,53.348,53.348,52.478,52.789,53.037,1804200.0,154082230000.0,0.0,0.0,0.1,0.0621,0.1178
FPT,2022-07-20,15:07:03,HOSE,STOCK,83.0,88.8,77.2,85.0,85.9,84.0,84.9,84.92,52.789,53.348,52.168,52.727,52.739,2848900.0,241935410000.0,0.0,0.0,1.9,1.18,2.2892
FPT,2022-07-19,15:07:03,HOSE,STOCK,83.0,88.8,77.2,82.9,83.0,82.2,83.0,82.58,51.485,51.547,51.05,51.547,51.286,1185400.0,97889010000.0,0.0,0.0,0.0,0.0,0.0
FPT,2022-07-18,15:07:03,HOSE,STOCK,82.2,87.9,76.5,82.8,84.5,82.3,83.0,83.39,51.423,52.478,51.112,51.547,51.789,1264900.0,105480800000.0,0.0,0.0,0.8,0.4968,0.9732
FPT,2022-07-15,15:07:03,HOSE,STOCK,82.8,88.5,77.1,84.0,84.0,82.2,82.2,82.97,52.168,52.168,51.05,51.05,51.528,1382300.0,114691110000.0,0.0,0.0,-0.6,-0.3726,-0.7246
FPT,2022-07-14,15:07:02,HOSE,STOCK,82.5,88.2,76.8,82.8,83.5,82.2,82.8,82.95,51.423,51.857,51.05,51.423,51.516,891300.0,73930360000.0,0.0,0.0,0.3,0.1863,0.3636
FPT,2022-07-13,15:07:03,HOSE,STOCK,83.5,89.3,77.7,84.0,84.0,82.5,82.5,83.06,52.168,52.168,51.236,51.236,51.584,1140700.0,94742520000.0,0.0,0.0,-1.0,-0.621,-1.1976
FPT,2022-07-12,15:07:03,HOSE,STOCK,82.8,88.5,77.1,82.8,83.5,82.7,83.5,83.27,51.423,51.857,51.36,51.857,51.714,602800.0,50197660000.0,0.0,0.0,0.7,0.4347,0.8454
FPT,2022-07-11,15:07:04,HOSE,STOCK,83.6,89.4,77.8,84.6,84.6,82.8,82.8,83.56,52.54,52.54,51.423,51.423,51.895,998100.0,83396660000.0,0.0,0.0,-0.8,-0.4968,-0.9569
FPT,2022-07-08,15:07:03,HOSE,STOCK,83.1,88.9,77.3,83.9,84.0,83.1,83.6,83.47,52.106,52.168,51.609,51.919,51.839,910400.0,75989360000.0,0.0,0.0,0.5,0.3105,0.6017
FPT,2022-07-07,15:07:02,HOSE,STOCK,83.5,89.3,77.7,83.9,84.6,83.1,83.1,83.75,52.106,52.54,51.609,51.609,52.013,1286300.0,107732150000.0,0.0,0.0,-0.4,-0.2484,-0.479
FPT,2022-07-06,15:07:02,HOSE,STOCK,85.4,91.3,79.5,84.1,85.9,83.5,83.5,84.38,52.23,53.348,51.857,51.857,52.404,2232400.0,188375610000.0,0.0,0.0,-1.9,-1.18,-2.2248
FPT,2022-07-05,15:07:02,HOSE,STOCK,86.7,92.7,80.7,87.8,87.8,85.4,85.4,86.25,54.528,54.528,53.037,53.037,53.565,1395600.0,120374920000.0,0.0,0.0,-1.3,-0.8074,-1.4994
FPT,2022-07-04,15:07:03,HOSE,STOCK,88.0,94.1,81.9,88.5,88.5,86.0,86.7,87.43,54.963,54.963,53.41,53.845,54.298,1005500.0,87915620000.0,0.0,0.0,-1.3,-0.8074,-1.4773
FPT,2022-07-01,15:07:02,HOSE,STOCK,86.2,92.2,80.2,87.0,88.8,84.8,88.0,86.35,54.031,55.149,52.665,54.652,53.627,1696500.0,146497780000.0,0.0,0.0,1.8,1.1179,2.0882
FPT,2022-06-30,15:06:03,HOSE,STOCK,90.0,96.3,83.7,89.5,89.9,86.2,86.2,87.85,55.584,55.832,53.534,53.534,54.559,1506500.0,132342490000.0,0.0,0.0,-3.8,-2.36,-4.2222
FPT,2022-06-29,15:06:02,HOSE,STOCK,89.7,95.9,83.5,88.9,90.0,88.2,90.0,89.13,55.211,55.894,54.776,55.894,55.354,1182600.0,105405850000.0,0.0,0.0,0.3,0.1863,0.3344
FPT,2022-06-28,15:06:02,HOSE,STOCK,86.5,92.5,80.5,89.5,90.2,87.2,89.7,89.07,55.584,56.018,54.155,55.708,55.317,2296600.0,204555720000.0,0.0,0.0,3.2,1.9874,3.6994
FPT,2022-06-27,15:06:04,HOSE,STOCK,85.5,91.4,79.6,86.4,87.9,85.9,86.5,87.06,53.658,54.59,53.348,53.72,54.068,1254800.0,109236740000.0,0.0,0.0,1.0,0.621,1.1696
FPT,2022-06-24,15:06:03,HOSE,STOCK,85.5,91.4,79.6,86.1,87.8,85.5,85.5,86.5,53.472,54.528,53.099,53.099,53.72,902400.0,78058490000.0,0.0,0.0,0.0,0.0,0.0
FPT,2022-06-23,15:06:02,HOSE,STOCK,84.5,90.4,78.6,84.0,86.8,83.7,85.5,85.16,52.168,53.907,51.982,53.099,52.888,2022500.0,172238880000.0,0.0,0.0,1.0,0.621,1.1834
FPT,2022-06-22,15:06:04,HOSE,STOCK,89.1,95.3,82.9,89.8,90.4,84.4,84.5,87.58,55.77,56.143,52.416,52.478,54.391,2971400.0,260225740000.0,0.0,0.0,-4.6,-2.8568,-5.1627
FPT,2022-06-21,15:06:02,HOSE,STOCK,92.0,98.4,85.6,92.4,93.5,89.0,89.1,91.42,57.385,58.068,55.273,55.335,56.776,2460200.0,224909410000.0,0.0,0.0,-2.9,-1.801,-3.1522
FPT,2022-06-20,15:06:02,HOSE,STOCK,92.0,98.4,85.6,93.5,94.5,91.3,92.0,92.86,58.068,58.689,56.701,57.136,57.67,2483900.0,230666170000.0,0.0,0.0,0.0,0.0,0.0
FPT,2022-06-17,15:06:04,HOSE,STOCK,92.0,98.4,85.6,90.3,92.6,89.0,92.0,90.4,56.08,57.509,55.273,57.136,56.143,2321400.0,209858130000.0,0.0,0.0,0.0,0.0,0.0
FPT,2022-06-16,15:06:04,HOSE,STOCK,90.5,96.8,84.2,91.0,93.8,90.2,92.0,92.05,56.515,58.254,56.018,57.136,57.167,2517500.0,231743500000.0,0.0,0.0,1.5,0.9316,1.6575
FPT,2022-06-15,15:06:05,HOSE,STOCK,89.1,95.3,82.9,90.6,90.6,88.0,90.5,89.66,56.267,56.267,54.652,56.205,55.683,1762600.0,158030220000.0,0.0,0.0,1.4,0.8695,1.5713
FPT,2022-06-14,15:06:04,HOSE,STOCK,86.2,92.2,80.2,86.0,89.9,85.5,89.1,88.17,53.41,55.832,53.099,55.335,54.758,2308300.0,203528580000.0,0.0,0.0,2.9,1.801,3.3643
FPT,2022-06-13,15:06:04,HOSE,STOCK,90.9,97.1,84.5,88.0,90.8,86.0,86.2,88.58,54.652,56.391,53.41,53.534,55.012,3393300.0,300571090000.0,0.0,0.0,-4.7,-2.9189,-5.1705
FPT,2022-06-10,15:06:03,HOSE,STOCK,115.3,123.3,107.3,113.4,114.7,110.0,110.0,112.81,58.158,58.825,56.415,56.415,57.856,2972500.0,335330050000.0,0.0,0.0,-5.3,-2.7182,-4.5967
FPT,2022-06-09,15:06:02,HOSE,STOCK,115.0,123.0,107.0,115.5,115.9,113.3,115.3,114.5,59.235,59.44,58.107,59.133,58.722,1706300.0,195374590000.0,0.0,0.0,0.3,0.1539,0.2609
FPT,2022-06-08,15:06:04,HOSE,STOCK,115.6,123.6,107.6,116.3,117.6,114.5,115.0,115.98,59.646,60.312,58.722,58.979,59.481,2660400.0,308562320000.0,0.0,0.0,-0.6,-0.3077,-0.519
FPT,2022-06-07,15:06:03,HOSE,STOCK,113.0,120.9,105.1,112.7,115.6,108.6,115.6,111.98,57.799,59.287,55.697,59.287,57.43,3908000.0,437624540000.0,0.0,0.0,2.6,1.3334,2.3009
FPT,2022-06-06,15:06:03,HOSE,STOCK,114.0,121.9,106.1,114.0,116.0,112.0,113.0,114.47,58.466,59.492,57.44,57.953,58.707,2558200.0,292849700000.0,0.0,0.0,-1.0,-0.5129,-0.8772
FPT,2022-06-03,15:06:05,HOSE,STOCK,111.5,119.3,103.7,111.5,114.0,110.9,114.0,112.23,57.184,58.466,56.876,58.466,57.558,1755900.0,197062970000.0,0.0,0.0,2.5,1.2821,2.2422
FPT,2022-06-02,15:06:03,HOSE,STOCK,111.8,119.6,104.0,112.8,114.8,111.1,111.5,113.35,57.851,58.876,56.979,57.184,58.133,2292800.0,259887860000.0,0.0,0.0,-0.3,-0.1539,-0.2683
FPT,2022-06-01,15:06:04,HOSE,STOCK,109.9,117.5,102.3,109.9,112.9,109.8,111.8,111.48,56.363,57.902,56.312,57.338,57.174,2036500.0,227036840000.0,0.0,0.0,1.9,0.9744,1.7288
FPT,2022-05-31,15:05:03,HOSE,STOCK,111.3,119.0,103.6,111.3,111.3,107.5,109.9,109.52,57.081,57.081,55.132,56.363,56.168,2157000.0,236240280000.0,0.0,0.0,-1.4,-0.718,-1.2579
FPT,2022-05-30,15:05:03,HOSE,STOCK,111.8,119.6,104.0,111.1,112.4,109.2,111.3,111.02,56.979,57.645,56.004,57.081,56.938,2496900.0,277200320000.0,0.0,0.0,-0.5,-0.2564,-0.4472
FPT,2022-05-27,15:05:03,HOSE,STOCK,105.6,112.9,98.3,105.6,112.0,105.5,111.8,110.04,54.158,57.44,54.107,57.338,56.435,3878400.0,426797890000.0,0.0,0.0,6.2,3.1797,5.8712
FPT,2022-05-26,15:05:04,HOSE,STOCK,105.0,112.3,97.7,105.2,107.1,104.6,105.6,105.73,53.953,54.927,53.645,54.158,54.225,1426400.0,150812250000.0,0.0,0.0,0.6,0.3077,0.5714
FPT,2022-05-25,15:05:03,HOSE,STOCK,98.2,105.0,91.4,99.5,105.0,98.7,105.0,102.83,51.03,53.85,50.619,53.85,52.737,3770800.0,387737960000.0,0.0,0.0,6.8,3.4874,6.9246
FPT,2022-05-24,15:05:02,HOSE,STOCK,96.5,103.2,89.8,96.5,98.2,96.0,98.2,97.33,49.491,50.363,49.235,50.363,49.917,1384700.0,134777040000.0,0.0,0.0,1.7,0.8719,1.7617
FPT,2022-05-23,15:05:03,HOSE,STOCK,97.5,104.3,90.7,98.2,98.2,96.1,96.5,97.37,50.363,50.363,49.286,49.491,49.937,1136900.0,110703650000.0,0.0,0.0,-1.0,-0.5129,-1.0256
FPT,2022-05-20,15:05:02,HOSE,STOCK,97.0,103.7,90.3,97.7,98.9,97.0,97.5,97.87,50.106,50.722,49.747,50.004,50.194,1410400.0,138038000000.0,0.0,0.0,0.5,0.2564,0.5155
FPT,2022-05-19,15:05:05,HOSE,STOCK,97.7,104.5,90.9,95.1,97.7,95.1,97.0,96.47,48.773,50.106,48.773,49.747,49.476,1228600.0,118524860000.0,0.0,0.0,-0.7,-0.359,-0.7165
FPT,2022-05-18,15:05:01,HOSE,STOCK,99.7,106.6,92.8,99.7,100.1,97.5,97.7,98.45,51.132,51.337,50.004,50.106,50.491,1934400.0,190447640000.0,0.0,0.0,-2.0,-1.0257,-2.006
FPT,2022-05-17,15:05:02,HOSE,STOCK,93.2,99.7,86.7,93.0,99.7,92.5,99.7,95.72,47.696,51.132,47.44,51.132,49.091,2045800.0,195821080000.0,0.0,0.0,6.5,3.3336,6.9742
FPT,2022-05-16,15:05:02,HOSE,STOCK,93.6,100.1,87.1,97.5,97.5,93.2,93.2,95.52,50.004,50.004,47.799,47.799,48.988,1740900.0,166299000000.0,0.0,0.0,-0.4,-0.2051,-0.4274
FPT,2022-05-13,15:05:03,HOSE,STOCK,95.6,102.2,89.0,96.1,99.0,93.1,93.6,95.98,49.286,50.773,47.747,48.004,49.224,4103700.0,393861770000.0,0.0,0.0,-2.0,-1.0257,-2.0921
FPT,2022-05-12,15:05:04,HOSE,STOCK,101.9,109.0,94.8,99.3,101.9,95.0,95.6,98.85,50.927,52.26,48.722,49.029,50.696,2591500.0,256181830000.0,0.0,0.0,-6.3,-3.231,-6.1825
FPT,2022-05-11,15:05:03,HOSE,STOCK,98.4,105.2,91.6,98.0,101.9,96.8,101.9,99.301,50.26,52.26,49.645,52.26,50.927,1667700.0,165603990000.0,0.0,0.0,3.5,1.795,3.5569
FPT,2022-05-10,15:05:03,HOSE,STOCK,94.0,100.5,87.5,94.0,98.8,92.0,98.4,95.37,48.209,50.671,47.183,50.465,48.911,2816700.0,268633750000.0,0.0,0.0,4.4,2.2566,4.6809
FPT,2022-05-09,15:05:02,HOSE,STOCK,100.2,107.2,93.2,98.3,99.0,94.0,94.0,96.72,50.414,50.773,48.209,48.209,49.604,4499100.0,435148450000.0,0.0,0.0,-6.2,-3.1797,-6.1876
FPT,2022-05-06,15:05:04,HOSE,STOCK,104.7,112.0,97.4,102.3,104.0,100.2,100.2,102.41,52.466,53.337,51.389,51.389,52.522,2430900.0,248957460000.0,0.0,0.0,-4.5,-2.3079,-4.298
FPT,2022-05-05,15:05:03,HOSE,STOCK,104.5,111.8,97.2,104.6,105.5,101.9,104.7,104.14,53.645,54.107,52.26,53.696,53.409,2194900.0,228582370000.0,0.0,0.0,0.2,0.1026,0.1914
FPT,2022-05-04,15:05:03,HOSE,STOCK,105.0,112.3,97.7,104.9,105.9,104.1,104.5,104.74,53.799,54.312,53.389,53.594,53.717,1598400.0,167417610000.0,0.0,0.0,-0.5,-0.2564,-0.4762
FPT,2022-04-29,15:04:02,HOSE,STOCK,105.5,112.8,98.2,105.0,107.1,104.2,105.0,105.42,53.85,54.927,53.44,53.85,54.066,3991500.0,420777870000.0,0.0,0.0,-0.5,-0.2564,-0.4739
FPT,2022-04-28,15:04:02,HOSE,STOCK,103.0,110.2,95.8,102.9,106.8,102.5,105.5,104.54,52.773,54.773,52.568,54.107,53.614,2530400.0,264521290000.0,0.0,0.0,2.5,1.2822,2.4272
FPT,2022-04-27,15:04:04,HOSE,STOCK,104.3,111.6,97.0,102.5,104.0,100.5,103.0,102.04,52.568,53.337,51.542,52.825,52.332,2529700.0,258127090000.0,0.0,0.0,-1.3,-0.6667,-1.2464
FPT,2022-04-26,15:04:03,HOSE,STOCK,103.4,110.6,96.2,100.2,105.0,97.0,104.3,100.47,51.389,53.85,49.747,53.491,51.527,5431400.0,545680300000.0,0.0,0.0,0.9,0.4616,0.8704
FPT,2022-04-25,15:04:03,HOSE,STOCK,111.1,118.8,103.4,110.1,110.9,103.4,103.4,105.28,56.466,56.876,53.03,53.03,53.994,4605900.0,484914080000.0,0.0,0.0,-7.7,-3.949,-6.9307
FPT,2022-04-22,15:04:04,HOSE,STOCK,112.0,119.8,104.2,112.5,113.9,106.0,111.1,110.06,57.697,58.415,54.363,56.979,56.445,5708900.0,628337490000.0,0.0,0.0,-0.9,-0.4616,-0.8036
FPT,2022-04-21,15:04:02,HOSE,STOCK,112.0,119.8,104.2,111.2,115.9,111.2,112.0,113.5,57.03,59.44,57.03,57.44,58.21,4068500.0,461779160000.0,0.0,0.0,0.0,0.0,0.0
FPT,2022-04-20,15:04:02,HOSE,STOCK,112.0,119.8,104.2,112.0,113.0,109.6,112.0,111.87,57.44,57.953,56.209,57.44,57.374,3295000.0,368615660000.0,0.0,0.0,0.0,0.0,0.0
FPT,2022-04-19,15:04:03,HOSE,STOCK,115.5,123.5,107.5,116.5,117.0,112.0,112.0,114.47,59.748,60.005,57.44,57.44,58.707,4731000.0,541537330000.0,0.0,0.0,-3.5,-1.795,-3.0303
FPT,2022-04-18,15:04:03,HOSE,STOCK,115.0,123.0,107.0,115.0,118.6,114.0,115.5,116.6,58.979,60.825,58.466,59.235,59.799,3356100.0,391336940000.0,0.0,0.0,0.5,0.2564,0.4348
FPT,2022-04-15,15:04:02,HOSE,STOCK,116.6,124.7,108.5,115.1,117.9,114.0,115.0,115.62,59.03,60.466,58.466,58.979,59.297,3121400.0,360884910000.0,0.0,0.0,-1.6,-0.8206,-1.3722
FPT,2022-04-14,15:04:02,HOSE,STOCK,115.1,123.1,107.1,115.2,118.9,115.2,116.6,117.27,59.081,60.979,59.081,59.799,60.143,3529400.0,413909650000.0,0.0,0.0,1.5,0.7693,1.3032
FPT,2022-04-13,15:04:02,HOSE,STOCK,109.8,117.4,102.2,110.0,115.1,109.8,115.1,112.76,56.415,59.03,56.312,59.03,57.83,3322800.0,374683780000.0,0.0,0.0,5.3,2.7181,4.827
FPT,2022-04-12,15:04:02,HOSE,STOCK,108.5,116.0,101.0,109.0,111.5,106.6,109.8,108.32,55.902,57.184,54.671,56.312,55.553,3162100.0,342529830000.0,0.0,0.0,1.3,0.6667,1.1982
FPT,2022-04-08,15:04:02,HOSE,STOCK,113.3,121.2,105.4,113.3,113.9,108.5,108.5,110.73,58.107,58.415,55.645,55.645,56.789,4069700.0,450651660000.0,0.0,0.0,-4.8,-2.4617,-4.2365
FPT,2022-04-07,15:04:01,HOSE,STOCK,113.0,120.9,105.1,113.7,116.9,112.1,113.3,115.0,58.312,59.953,57.492,58.107,58.979,3915200.0,450249650000.0,0.0,0.0,0.3,0.1539,0.2655
FPT,2022-04-06,15:04:02,HOSE,STOCK,109.0,116.6,101.4,108.4,114.0,108.4,113.0,111.34,55.594,58.466,55.594,57.953,57.102,4179000.0,465302340000.0,0.0,0.0,4.0,2.0514,3.6697
FPT,2022-04-05,15:04:02,HOSE,STOCK,109.3,116.9,101.7,109.1,111.6,109.0,109.0,110.06,55.953,57.235,55.902,55.902,56.445,1863900.0,205138060000.0,0.0,0.0,-0.3,-0.1539,-0.2745
FPT,2022-04-04,15:04:02,HOSE,STOCK,111.0,118.7,103.3,113.5,113.5,109.3,109.3,111.07,58.21,58.21,56.056,56.056,56.963,2687800.0,298531320000.0,0.0,0.0,-1.7,-0.8719,-1.5315
FPT,2022-04-01,15:04:01,HOSE,STOCK,107.0,114.4,99.6,106.9,111.0,106.1,111.0,109.35,54.825,56.927,54.414,56.927,56.081,4317300.0,472092550000.0,0.0,0.0,4.0,2.0514,3.7383
FPT,2022-03-31,15:03:04,HOSE,STOCK,106.0,113.4,98.6,105.5,110.6,104.6,107.0,107.87,54.107,56.722,53.645,54.876,55.322,3472300.0,374571430000.0,0.0,0.0,1.0,0.5129,0.9434
FPT,2022-03-30,15:03:02,HOSE,STOCK,104.9,112.2,97.6,105.8,107.3,104.5,106.0,106.15,54.261,55.03,53.594,54.363,54.44,2830700.0,300487180000.0,0.0,0.0,1.1,0.5641,1.0486
FPT,2022-03-29,15:03:03,HOSE,STOCK,98.1,104.9,91.3,98.6,104.9,98.6,104.9,102.98,50.568,53.799,50.568,53.799,52.814,8224300.0,846918940000.0,0.0,0.0,6.8,3.4874,6.9317
FPT,2022-03-28,15:03:04,HOSE,STOCK,95.7,102.3,89.1,95.5,98.7,95.2,98.1,97.27,48.978,50.619,48.824,50.312,49.886,3501600.0,340590560000.0,0.0,0.0,2.4,1.2309,2.5078
FPT,2022-03-25,15:03:03,HOSE,STOCK,96.0,102.7,89.3,96.1,96.5,95.6,95.7,95.93,49.286,49.491,49.029,49.081,49.199,1228100.0,117813190000.0,0.0,0.0,-0.3,-0.1539,-0.3125
FPT,2022-03-24,15:03:03,HOSE,STOCK,96.5,103.2,89.8,96.0,97.2,95.3,96.0,96.28,49.235,49.85,48.876,49.235,49.378,1823700.0,175584570000.0,0.0,0.0,-0.5,-0.2564,-0.5181
FPT,2022-03-23,15:03:02,HOSE,STOCK,96.4,103.1,89.7,96.5,97.5,96.0,96.5,96.78,49.491,50.004,49.235,49.491,49.635,1975800.0,191210140000.0,0.0,0.0,0.1,0.0513,0.1037
FPT,2022-03-22,15:03:03,HOSE,STOCK,95.3,101.9,88.7,96.0,97.0,95.4,96.4,96.19,49.235,49.747,48.927,49.44,49.332,2079200.0,199994200000.0,0.0,0.0,1.1,0.5641,1.1542
FPT,2022-03-21,15:03:02,HOSE,STOCK,95.1,101.7,88.5,95.2,96.0,95.0,95.3,95.44,48.824,49.235,48.722,48.876,48.947,1560700.0,148957470000.0,0.0,0.0,0.2,0.1026,0.2103
FPT,2022-03-18,15:03:02,HOSE,STOCK,92.0,98.4,85.6,93.0,96.6,93.0,95.1,95.18,47.696,49.542,47.696,48.773,48.814,2815100.0,267952120000.0,0.0,0.0,3.1,1.5899,3.3696
FPT,2022-03-17,15:03:02,HOSE,STOCK,91.6,98.0,85.2,91.8,92.7,91.5,92.0,92.06,47.081,47.542,46.927,47.183,47.214,1180600.0,108685420000.0,0.0,0.0,0.4,0.2051,0.4367
FPT,2022-03-16,15:03:04,HOSE,STOCK,91.0,97.3,84.7,91.1,92.3,90.5,91.6,91.24,46.722,47.337,46.414,46.978,46.793,1139600.0,103982680000.0,0.0,0.0,0.6,0.3077,0.6593
FPT,2022-03-15,15:03:03,HOSE,STOCK,91.8,98.2,85.4,91.8,91.8,89.8,91.0,90.53,47.081,47.081,46.055,46.67,46.429,1872000.0,169463050000.0,0.0,0.0,-0.8,-0.4103,-0.8715
FPT,2022-03-14,15:03:04,HOSE,STOCK,93.2,99.7,86.7,93.0,93.0,90.5,91.8,91.64,47.696,47.696,46.414,47.081,46.998,1943000.0,178054080000.0,0.0,0.0,-1.4,-0.718,-1.5021
FPT,2022-03-11,15:03:03,HOSE,STOCK,94.6,101.2,88.0,94.5,94.6,92.7,93.2,93.71,48.465,48.517,47.542,47.799,48.06,1139000.0,106741220000.0,0.0,0.0,-1.4,-0.718,-1.4799
FPT,2022-03-10,15:03:03,HOSE,STOCK,95.5,102.1,88.9,96.3,96.3,94.6,94.6,95.26,49.388,49.388,48.517,48.517,48.855,778700.0,74179220000.0,0.0,0.0,-0.9,-0.4616,-0.9424
FPT,2022-03-09,15:03:03,HOSE,STOCK,94.8,101.4,88.2,94.6,96.5,94.6,95.5,95.82,48.517,49.491,48.517,48.978,49.142,2204000.0,211181130000.0,0.0,0.0,0.7,0.359,0.7384
FPT,2022-03-08,15:03:02,HOSE,STOCK,93.8,100.3,87.3,93.8,95.4,92.6,94.8,94.12,48.106,48.927,47.491,48.619,48.27,2227500.0,209659770000.0,0.0,0.0,1.0,0.5129,1.0661
FPT,2022-03-07,15:03:03,HOSE,STOCK,93.5,100.0,87.0,93.1,93.9,92.2,93.8,93.0,47.747,48.158,47.286,48.106,47.696,1698000.0,157905520000.0,0.0,0.0,0.3,0.1539,0.3209
FPT,2022-03-04,15:03:03,HOSE,STOCK,93.4,99.9,86.9,93.3,93.8,93.0,93.5,93.46,47.85,48.106,47.696,47.952,47.932,1343800.0,125592860000.0,0.0,0.0,0.1,0.0513,0.1071
FPT,2022-03-03,15:03:04,HOSE,STOCK,93.1,99.6,86.6,93.2,94.0,93.2,93.4,93.44,47.799,48.209,47.799,47.901,47.922,957600.0,89478020000.0,0.0,0.0,0.3,0.1539,0.3222
FPT,2022-03-02,15:03:03,HOSE,STOCK,93.4,99.9,86.9,93.0,93.4,92.7,93.1,93.06,47.696,47.901,47.542,47.747,47.727,1088900.0,101336340000.0,0.0,0.0,-0.3,-0.1539,-0.3212
FPT,2022-03-01,15:03:04,HOSE,STOCK,93.3,99.8,86.8,94.0,94.0,92.5,93.4,93.44,48.209,48.209,47.44,47.901,47.922,1101900.0,102964960000.0,0.0,0.0,0.1,0.0513,0.1072
FPT,2022-02-28,15:02:03,HOSE,STOCK,92.3,98.7,85.9,92.3,93.5,92.3,93.3,92.92,47.337,47.952,47.337,47.85,47.655,1504600.0,139807820000.0,0.0,0.0,1.0,0.5129,1.0834
FPT,2022-02-25,15:02:04,HOSE,STOCK,92.0,98.4,85.6,92.4,93.4,92.1,92.3,92.63,47.388,47.901,47.234,47.337,47.506,1059900.0,98179580000.0,0.0,0.0,0.3,0.1539,0.3261
FPT,2022-02-24,15:02:03,HOSE,STOCK,93.0,99.5,86.5,93.0,93.5,90.0,92.0,92.58,47.696,47.952,46.157,47.183,47.481,1349600.0,124944680000.0,0.0,0.0,-1.0,-0.5129,-1.0753
FPT,2022-02-23,15:02:03,HOSE,STOCK,92.9,99.4,86.4,92.6,93.9,92.6,93.0,93.41,47.491,48.158,47.491,47.696,47.906,973800.0,90965980000.0,0.0,0.0,0.1,0.0513,0.1076
FPT,2022-02-22,15:02:02,HOSE,STOCK,93.5,100.0,87.0,93.0,93.3,92.0,92.9,92.4,47.696,47.85,47.183,47.645,47.388,1158200.0,107012850000.0,0.0,0.0,-0.6,-0.3077,-0.6417
FPT,2022-02-21,15:02:03,HOSE,STOCK,92.2,98.6,85.8,92.2,94.0,92.0,93.5,93.32,47.286,48.209,47.183,47.952,47.86,1386000.0,129347050000.0,0.0,0.0,1.3,0.6667,1.41
FPT,2022-02-18,15:02:03,HOSE,STOCK,92.8,99.2,86.4,92.3,92.5,91.7,92.2,92.07,47.337,47.44,47.029,47.286,47.219,618800.0,56970630000.0,0.0,0.0,-0.6,-0.3077,-0.6466
FPT,2022-02-17,15:02:03,HOSE,STOCK,91.3,97.6,85.0,91.9,92.8,91.0,92.8,92.18,47.132,47.593,46.67,47.593,47.275,853700.0,78697010000.0,0.0,0.0,1.5,0.7693,1.6429
FPT,2022-02-16,15:02:03,HOSE,STOCK,91.1,97.4,84.8,91.7,92.5,91.3,91.3,91.92,47.029,47.44,46.824,46.824,47.142,614200.0,56458620000.0,0.0,0.0,0.2,0.1026,0.2195
FPT,2022-02-15,15:02:03,HOSE,STOCK,91.0,97.3,84.7,91.0,91.7,90.5,91.1,91.32,46.67,47.029,46.414,46.722,46.834,655400.0,59853310000.0,0.0,0.0,0.1,0.0513,0.1099
FPT,2022-02-14,15:02:02,HOSE,STOCK,91.6,98.0,85.2,91.0,91.6,90.4,91.0,91.04,46.67,46.978,46.363,46.67,46.691,774100.0,70473490000.0,0.0,0.0,-0.6,-0.3077,-0.655
FPT,2022-02-11,15:02:05,HOSE,STOCK,92.0,98.4,85.6,91.8,92.4,91.4,91.6,91.89,47.081,47.388,46.875,46.978,47.127,641600.0,58959450000.0,0.0,0.0,-0.4,-0.2051,-0.4348
FPT,2022-02-10,15:02:04,HOSE,STOCK,90.7,97.0,84.4,91.4,92.0,90.2,92.0,90.97,46.875,47.183,46.26,47.183,46.655,974900.0,88683330000.0,0.0,0.0,1.3,0.6667,1.4333
FPT,2022-02-09,15:02:03,HOSE,STOCK,90.6,96.9,84.3,91.7,91.7,90.6,90.7,91.15,47.029,47.029,46.465,46.516,46.747,1142700.0,104153090000.0,0.0,0.0,0.1,0.0513,0.1104
FPT,2022-02-08,15:02:03,HOSE,STOCK,89.5,95.7,83.3,89.5,91.8,89.5,90.6,90.88,45.901,47.081,45.901,46.465,46.609,845100.0,76800450000.0,0.0,0.0,1.1,0.5641,1.2291
FPT,2022-02-07,15:02:03,HOSE,STOCK,89.5,95.7,83.3,90.0,90.1,89.0,89.5,89.78,46.157,46.209,45.645,45.901,46.045,518400.0,46541170000.0,0.0,0.0,0.0,0.0,0.0
FPT,2022-01-28,15:01:03,HOSE,STOCK,85.9,91.9,79.9,86.0,89.5,85.9,89.5,88.38,44.106,45.901,44.055,45.901,45.327,1552300.0,137185640000.0,0.0,0.0,3.6,1.8463,4.1909
FPT,2022-01-27,15:01:04,HOSE,STOCK,86.0,92.0,80.0,86.0,86.7,85.4,85.9,86.03,44.106,44.465,43.798,44.055,44.121,719600.0,61906320000.0,0.0,0.0,-0.1,-0.0513,-0.1163
FPT,2022-01-26,15:01:03,HOSE,STOCK,86.5,92.5,80.5,87.0,87.0,85.5,86.0,86.35,44.619,44.619,43.85,44.106,44.285,913600.0,78885890000.0,0.0,0.0,-0.5,-0.2564,-0.578
FPT,2022-01-25,15:01:03,HOSE,STOCK,85.3,91.2,79.4,85.2,87.5,84.0,86.5,85.2,43.696,44.875,43.08,44.362,43.696,1192600.0,101611800000.0,0.0,0.0,1.2,0.6154,1.4068
FPT,2022-01-24,15:01:03,HOSE,STOCK,88.2,94.3,82.1,88.2,88.5,85.0,85.3,86.67,45.234,45.388,43.593,43.747,44.45,2024200.0,175428760000.0,0.0,0.0,-2.9,-1.4873,-3.288
FPT,2022-01-21,15:01:02,HOSE,STOCK,88.8,95.0,82.6,89.0,89.8,88.2,88.2,88.66,45.645,46.055,45.234,45.234,45.47,841200.0,74579850000.0,0.0,0.0,-0.6,-0.3077,-0.6757
FPT,2022-01-20,15:01:03,HOSE,STOCK,88.3,94.4,82.2,88.4,91.0,88.3,88.8,89.63,45.337,46.67,45.286,45.542,45.968,1334600.0,119624650000.0,0.0,0.0,0.5,0.2564,0.5663
FPT,2022-01-19,15:01:02,HOSE,STOCK,88.1,94.2,82.0,88.1,89.2,88.0,88.3,88.6,45.183,45.747,45.132,45.286,45.439,744900.0,65998780000.0,0.0,0.0,0.2,0.1026,0.227
FPT,2022-01-18,15:01:03,HOSE,STOCK,89.0,95.2,82.8,88.3,89.6,88.0,88.1,88.81,45.286,45.952,45.132,45.183,45.547,1209900.0,107456170000.0,0.0,0.0,-0.9,-0.4616,-1.0112
FPT,2022-01-17,15:01:03,HOSE,STOCK,91.3,97.6,85.0,90.5,91.3,89.0,89.0,89.78,46.414,46.824,45.645,45.645,46.045,1568400.0,140807480000.0,0.0,0.0,-2.3,-1.1796,-2.5192
FPT,2022-01-14,15:01:03,HOSE,STOCK,92.1,98.5,85.7,91.7,92.1,90.9,91.3,91.31,47.029,47.234,46.619,46.824,46.829,686700.0,62700960000.0,0.0,0.0,-0.8,-0.4103,-0.8686
FPT,2022-01-13,15:01:02,HOSE,STOCK,89.6,95.8,83.4,90.9,92.7,89.8,92.1,91.36,46.619,47.542,46.055,47.234,46.855,1811800.0,165530810000.0,0.0,0.0,2.5,1.2821,2.7902
FPT,2022-01-12,15:01:03,HOSE,STOCK,89.5,95.7,83.3,89.1,90.6,88.5,89.6,89.23,45.696,46.465,45.388,45.952,45.762,1740700.0,155317870000.0,0.0,0.0,0.1,0.0513,0.1117
FPT,2022-01-11,15:01:02,HOSE,STOCK,92.0,98.4,85.6,92.0,92.2,89.1,89.5,90.81,47.183,47.286,45.696,45.901,46.573,2509300.0,227874000000.0,0.0,0.0,-2.5,-1.2822,-2.7174
FPT,2022-01-10,15:01:03,HOSE,STOCK,93.4,99.9,86.9,93.2,93.5,91.9,92.0,92.68,47.799,47.952,47.132,47.183,47.532,1882400.0,174461270000.0,0.0,0.0,-1.4,-0.718,-1.4989
FPT,2022-01-07,15:01:02,HOSE,STOCK,93.5,100.0,87.0,93.1,93.7,93.1,93.4,93.31,47.747,48.055,47.747,47.901,47.855,1016800.0,94881780000.0,0.0,0.0,-0.1,-0.0513,-0.107
FPT,2022-01-06,15:01:03,HOSE,STOCK,93.6,100.1,87.1,93.6,94.0,93.5,93.5,93.75,48.004,48.209,47.952,47.952,48.081,1192400.0,111786240000.0,0.0,0.0,-0.1,-0.0513,-0.1068
FPT,2022-01-05,15:01:03,HOSE,STOCK,93.5,100.0,87.0,93.7,94.2,93.5,93.6,93.76,48.055,48.311,47.952,48.004,48.086,1193800.0,111927040000.0,0.0,0.0,0.1,0.0513,0.107
FPT,2022-01-04,15:01:02,HOSE,STOCK,93.0,99.5,86.5,93.4,94.2,93.3,93.5,93.8,47.901,48.311,47.85,47.952,48.106,1935000.0,181501290000.0,0.0,0.0,0.5,0.2564,0.5376
FPT,2021-12-31,15:12:02,HOSE,STOCK,93.6,100.1,87.1,93.8,94.4,93.0,93.0,93.48,48.106,48.414,47.696,47.696,47.942,1607400.0,150266590000.0,0.0,0.0,-0.6,-0.3077,-0.641
FPT,2021-12-30,15:12:03,HOSE,STOCK,93.6,100.1,87.1,93.7,94.3,93.5,93.6,93.8,48.055,48.363,47.952,48.004,48.106,810800.0,76053810000.0,0.0,0.0,0.0,0.0,0.0
FPT,2021-12-29,15:12:02,HOSE,STOCK,94.5,101.1,87.9,94.8,94.8,93.6,93.6,93.94,48.619,48.619,48.004,48.004,48.178,912200.0,85688680000.0,0.0,0.0,-0.9,-0.4616,-0.9524
FPT,2021-12-28,15:12:02,HOSE,STOCK,94.5,101.1,87.9,94.5,94.9,94.1,94.5,94.38,48.465,48.67,48.26,48.465,48.404,567300.0,53542080000.0,0.0,0.0,0.0,0.0,0.0
FPT,2021-12-27,15:12:02,HOSE,STOCK,93.8,100.3,87.3,94.2,95.0,93.3,94.5,93.9,48.311,48.722,47.85,48.465,48.158,793700.0,74526580000.0,0.0,0.0,0.7,0.359,0.7463
FPT,2021-12-24,15:12:02,HOSE,STOCK,93.2,99.7,86.7,93.5,94.5,92.8,93.8,93.45,47.952,48.465,47.593,48.106,47.927,1186700.0,110897780000.0,0.0,0.0,0.6,0.3077,0.6438
FPT,2021-12-23,15:12:04,HOSE,STOCK,95.0,101.6,88.4,95.0,95.0,93.0,93.2,93.98,48.722,48.722,47.696,47.799,48.199,1930300.0,181409270000.0,0.0,0.0,-1.8,-0.9232,-1.8947
FPT,2021-12-22,15:12:02,HOSE,STOCK,95.2,101.8,88.6,95.0,95.4,94.6,95.0,94.99,48.722,48.927,48.517,48.722,48.717,1670500.0,158675590000.0,0.0,0.0,-0.2,-0.1026,-0.2101
FPT,2021-12-21,15:12:02,HOSE,STOCK,95.8,102.5,89.1,95.7,95.9,95.1,95.2,95.36,49.081,49.183,48.773,48.824,48.906,1112300.0,106071730000.0,0.0,0.0,-0.6,-0.3077,-0.6263
FPT,2021-12-20,15:12:02,HOSE,STOCK,96.4,103.1,89.7,96.5,96.5,95.5,95.8,95.86,49.491,49.491,48.978,49.132,49.163,1019800.0,97755450000.0,0.0,0.0,-0.6,-0.3077,-0.6224
FPT,2021-12-17,15:12:03,HOSE,STOCK,95.5,102.1,88.9,95.6,97.0,95.5,96.4,96.09,49.029,49.747,48.978,49.44,49.281,1152100.0,110705120000.0,0.0,0.0,0.9,0.4616,0.9424
FPT,2021-12-16,15:12:03,HOSE,STOCK,95.9,102.6,89.2,97.5,97.5,95.5,95.5,96.34,50.004,50.004,48.978,48.978,49.409,1245000.0,119938230000.0,0.0,0.0,-0.4,-0.2051,-0.4171
FPT,2021-12-15,15:12:03,HOSE,STOCK,95.7,102.3,89.1,95.7,96.3,95.6,95.9,95.97,49.081,49.388,49.029,49.183,49.219,808400.0,77578980000.0,0.0,0.0,0.2,0.1026,0.209
FPT,2021-12-14,15:12:03,HOSE,STOCK,96.0,102.7,89.3,96.0,96.4,95.4,95.7,95.68,49.235,49.44,48.927,49.081,49.07,1144500.0,109500960000.0,0.0,0.0,-0.3,-0.1539,-0.3125
FPT,2021-12-13,15:12:02,HOSE,STOCK,95.8,102.5,89.1,96.5,96.5,95.6,96.0,95.89,49.491,49.491,49.029,49.235,49.178,900200.0,86323410000.0,0.0,0.0,0.2,0.1026,0.2088
FPT,2021-12-10,15:12:03,HOSE,STOCK,97.0,103.7,90.3,96.4,97.0,95.4,95.8,96.23,49.44,49.747,48.927,49.132,49.352,1160000.0,111622200000.0,0.0,0.0,-1.2,-0.6154,-1.2371
FPT,2021-12-09,15:12:03,HOSE,STOCK,95.6,102.2,89.0,95.1,97.0,95.1,97.0,96.19,48.773,49.747,48.773,49.747,49.332,993100.0,95527640000.0,0.0,0.0,1.4,0.718,1.4644
FPT,2021-12-08,15:12:01,HOSE,STOCK,96.0,102.7,89.3,96.5,96.5,95.0,95.6,95.8,49.491,49.491,48.722,49.029,49.132,1064800.0,102005030000.0,0.0,0.0,-0.4,-0.2051,-0.4167
FPT,2021-12-07,15:12:03,HOSE,STOCK,94.5,101.1,87.9,95.0,96.0,94.5,96.0,94.99,48.722,49.235,48.465,49.235,48.717,1451000.0,137836340000.0,0.0,0.0,1.5,0.7693,1.5873
FPT,2021-12-06,15:12:02,HOSE,STOCK,95.5,102.1,88.9,95.5,96.5,94.2,94.5,95.16,48.978,49.491,48.311,48.465,48.804,2393800.0,227790560000.0,0.0,0.0,-1.0,-0.5129,-1.0471
FPT,2021-12-03,15:12:06,HOSE,STOCK,97.2,104.0,90.4,97.8,97.8,95.5,95.5,96.66,50.158,50.158,48.978,48.978,49.573,2009700.0,194249820000.0,0.0,0.0,-1.7,-0.8719,-1.749
FPT,2021-12-02,15:12:03,HOSE,STOCK,98.2,105.0,91.4,97.6,98.3,97.2,97.2,97.7,50.055,50.414,49.85,49.85,50.106,952900.0,93098040000.0,0.0,0.0,-1.0,-0.5129,-1.0183
FPT,2021-12-01,15:12:03,HOSE,STOCK,97.1,103.8,90.4,97.5,98.6,96.7,98.2,97.26,50.004,50.568,49.594,50.363,49.881,1254900.0,122051550000.0,0.0,0.0,1.1,0.5641,1.1329
FPT,2021-11-30,15:11:03,HOSE,STOCK,98.1,104.9,91.3,98.1,98.5,97.0,97.1,97.8,50.312,50.517,49.747,49.799,50.158,2563100.0,250667520000.0,0.0,0.0,-1.0,-0.5129,-1.0194
FPT,2021-11-29,15:11:03,HOSE,STOCK,98.9,105.8,92.0,97.5,98.9,97.5,98.1,98.06,50.004,50.722,50.004,50.312,50.291,1993000.0,195439230000.0,0.0,0.0,-0.8,-0.4103,-0.8089
FPT,2021-11-26,15:11:03,HOSE,STOCK,100.0,107.0,93.0,100.1,100.8,98.8,98.9,99.49,51.337,51.696,50.671,50.722,51.024,1996200.0,198608670000.0,0.0,0.0,-1.1,-0.5641,-1.1
FPT,2021-11-25,15:11:02,HOSE,STOCK,97.9,104.7,91.1,98.5,101.8,98.3,100.0,100.41,50.517,52.209,50.414,51.286,51.496,5487400.0,551008450000.0,0.0,0.0,2.1,1.077,2.145
FPT,2021-11-24,15:11:03,HOSE,STOCK,96.6,103.3,89.9,96.7,98.4,96.4,97.9,97.35,49.594,50.465,49.44,50.209,49.927,2445600.0,238083260000.0,0.0,0.0,1.3,0.6667,1.3458
FPT,2021-11-23,15:11:04,HOSE,STOCK,95.0,101.6,88.4,95.0,96.6,94.9,96.6,95.62,48.722,49.542,48.67,49.542,49.04,1150800.0,110035790000.0,0.0,0.0,1.6,0.8206,1.6842
FPT,2021-11-22,15:11:04,HOSE,STOCK,95.3,101.9,88.7,95.5,96.0,95.0,95.0,95.37,48.978,49.235,48.722,48.722,48.911,1670100.0,159271130000.0,0.0,0.0,-0.3,-0.1539,-0.3148
FPT,2021-11-19,15:11:05,HOSE,STOCK,96.5,103.2,89.8,97.5,97.8,95.1,95.3,96.32,50.004,50.158,48.773,48.876,49.399,2481300.0,238999410000.0,0.0,0.0,-1.2,-0.6154,-1.2435
FPT,2021-11-18,15:11:03,HOSE,STOCK,98.3,105.1,91.5,98.3,98.7,96.5,96.5,97.49,50.414,50.619,49.491,49.491,49.999,2005000.0,195477440000.0,0.0,0.0,-1.8,-0.9231,-1.8311
FPT,2021-11-17,15:11:04,HOSE,STOCK,98.3,105.1,91.5,98.3,98.4,98.0,98.3,98.23,50.414,50.465,50.26,50.414,50.378,1186200.0,116525360000.0,0.0,0.0,0.0,0.0,0.0
FPT,2021-11-16,15:11:02,HOSE,STOCK,97.3,104.1,90.5,97.3,99.5,96.8,98.3,98.13,49.901,51.03,49.645,50.414,50.327,3506200.0,344061090000.0,0.0,0.0,1.0,0.5129,1.0277
FPT,2021-11-15,15:11:02,HOSE,STOCK,98.0,104.8,91.2,98.5,98.5,97.3,97.3,97.87,50.517,50.517,49.901,49.901,50.194,1908900.0,186830660000.0,0.0,0.0,-0.7,-0.359,-0.7143
FPT,2021-11-12,15:11:03,HOSE,STOCK,96.0,102.7,89.3,96.2,98.2,95.9,98.0,97.07,49.337,50.363,49.183,50.26,49.783,2240300.0,217458960000.0,0.0,0.0,2.0,1.0257,2.0833
FPT,2021-11-11,15:11:04,HOSE,STOCK,97.0,103.7,90.3,97.0,98.0,95.8,96.0,96.59,49.747,50.26,49.132,49.235,49.537,2122200.0,204978630000.0,0.0,0.0,-1.0,-0.5129,-1.0309
FPT,2021-11-10,15:11:02,HOSE,STOCK,96.4,103.1,89.7,96.4,97.0,95.9,97.0,96.18,49.44,49.747,49.183,49.747,49.327,1592400.0,153159220000.0,0.0,0.0,0.6,0.3077,0.6224
FPT,2021-11-09,15:11:05,HOSE,STOCK,97.4,104.2,90.6,97.5,97.6,96.0,96.4,96.84,50.004,50.055,49.235,49.44,49.665,1845900.0,178755360000.0,0.0,0.0,-1.0,-0.5129,-1.0267
FPT,2021-11-08,15:11:03,HOSE,STOCK,97.6,104.4,90.8,97.6,98.5,97.3,97.4,97.81,50.055,50.517,49.901,49.953,50.163,1687900.0,165092320000.0,0.0,0.0,-0.2,-0.1026,-0.2049
FPT,2021-11-05,15:11:11,HOSE,STOCK,96.0,102.7,89.3,96.2,97.8,96.0,97.6,96.98,49.337,50.158,49.235,50.055,49.737,2169900.0,210444390000.0,0.0,0.0,1.6,0.8206,1.6667
FPT,2021-11-04,15:11:03,HOSE,STOCK,96.1,102.8,89.4,96.1,96.8,95.7,96.0,96.1,49.286,49.645,49.081,49.235,49.286,1761300.0,169253660000.0,0.0,0.0,-0.1,-0.0513,-0.1041
FPT,2021-11-03,15:11:01,HOSE,STOCK,96.1,102.8,89.4,96.2,96.7,95.2,96.1,95.92,49.337,49.594,48.824,49.286,49.194,2680100.0,257067180000.0,0.0,0.0,0.0,0.0,0.0
FPT,2021-11-02,15:11:03,HOSE,STOCK,95.8,102.5,89.1,95.5,97.0,95.5,96.1,96.1,48.978,49.747,48.978,49.286,49.286,2109100.0,202682700000.0,0.0,0.0,0.3,0.1539,0.3132
FPT,2021-11-01,15:11:03,HOSE,STOCK,96.9,103.6,90.2,97.4,97.4,95.6,95.8,96.43,49.953,49.953,49.029,49.132,49.455,2855800.0,275391600000.0,0.0,0.0,-1.1,-0.5641,-1.1352
FPT,2021-10-29,15:10:03,HOSE,STOCK,98.0,104.8,91.2,98.0,98.0,96.9,96.9,97.21,50.26,50.26,49.696,49.696,49.855,2382700.0,231612980000.0,0.0,0.0,-1.1,-0.5641,-1.1224
FPT,2021-10-28,15:10:03,HOSE,STOCK,98.2,105.0,91.4,98.2,98.4,97.2,98.0,97.63,50.363,50.465,49.85,50.26,50.07,1644700.0,160565820000.0,0.0,0.0,-0.2,-0.1026,-0.2037
FPT,2021-10-27,15:10:03,HOSE,STOCK,96.9,103.6,90.2,96.8,98.2,96.5,98.2,97.44,49.645,50.363,49.491,50.363,49.973,2326700.0,226706940000.0,0.0,0.0,1.3,0.6667,1.3416
FPT,2021-10-26,15:10:02,HOSE,STOCK,94.9,101.5,88.3,95.0,96.9,94.3,96.9,95.61,48.722,49.696,48.363,49.696,49.035,1855700.0,177421700000.0,0.0,0.0,2.0,1.0257,2.1075
FPT,2021-10-25,15:10:02,HOSE,STOCK,96.2,102.9,89.5,96.2,96.2,94.9,94.9,95.5,49.337,49.337,48.67,48.67,48.978,2938500.0,280639860000.0,0.0,0.0,-1.3,-0.6667,-1.3514
FPT,2021-10-22,15:10:02,HOSE,STOCK,96.7,103.4,90.0,97.0,97.4,96.1,96.2,96.62,49.747,49.953,49.286,49.337,49.553,2023400.0,195509870000.0,0.0,0.0,-0.5,-0.2564,-0.5171
FPT,2021-10-21,15:10:03,HOSE,STOCK,97.6,104.4,90.8,98.4,98.5,96.7,96.7,97.25,50.465,50.517,49.594,49.594,49.876,2283600.0,222088640000.0,0.0,0.0,-0.9,-0.4616,-0.9221
FPT,2021-10-20,15:10:02,HOSE,STOCK,98.6,105.5,91.7,98.7,99.5,96.6,97.6,98.19,50.619,51.03,49.542,50.055,50.358,2248600.0,220796690000.0,0.0,0.0,-1.0,-0.5129,-1.0142
FPT,2021-10-19,15:10:03,HOSE,STOCK,99.0,105.9,92.1,99.0,99.5,98.6,98.6,99.0,50.773,51.03,50.568,50.568,50.773,1534300.0,151889700000.0,0.0,0.0,-0.4,-0.2051,-0.404
FPT,2021-10-18,15:10:02,HOSE,STOCK,98.9,105.8,92.0,99.0,100.0,98.6,99.0,99.08,50.773,51.286,50.568,50.773,50.814,2264100.0,224319470000.0,0.0,0.0,0.1,0.0513,0.1011
FPT,2021-10-15,15:10:03,HOSE,STOCK,98.8,105.7,91.9,99.4,100.1,98.4,98.9,99.17,50.978,51.337,50.465,50.722,50.86,1702500.0,168839380000.0,0.0,0.0,0.1,0.0513,0.1012
FPT,2021-10-14,15:10:02,HOSE,STOCK,99.4,106.3,92.5,99.4,100.0,98.4,98.8,99.15,50.978,51.286,50.465,50.671,50.85,1824200.0,180875080000.0,0.0,0.0,-0.6,-0.3077,-0.6036
FPT,2021-10-13,15:10:02,HOSE,STOCK,99.0,105.9,92.1,99.0,101.5,98.5,99.4,100.08,50.773,52.055,50.517,50.978,51.327,3232500.0,323520650000.0,0.0,0.0,0.4,0.2051,0.404
FPT,2021-10-12,15:10:02,HOSE,STOCK,99.2,106.1,92.3,99.2,99.2,98.5,99.0,98.82,50.876,50.876,50.517,50.773,50.681,1125300.0,111197840000.0,0.0,0.0,-0.2,-0.1026,-0.2016
FPT,2021-10-11,15:10:02,HOSE,STOCK,98.9,105.8,92.0,99.0,99.3,98.3,99.2,98.81,50.773,50.927,50.414,50.876,50.676,2295500.0,226818250000.0,0.0,0.0,0.3,0.1539,0.3033
FPT,2021-10-08,15:10:03,HOSE,STOCK,94.3,100.9,87.7,95.0,99.5,94.4,98.9,97.66,48.722,51.03,48.414,50.722,50.086,8305600.0,811130610000.0,0.0,0.0,4.6,2.3592,4.878
FPT,2021-10-07,15:10:02,HOSE,STOCK,94.4,101.0,87.8,94.9,95.0,94.1,94.3,94.61,48.67,48.722,48.26,48.363,48.522,1497000.0,141637850000.0,0.0,0.0,-0.1,-0.0513,-0.1059
FPT,2021-10-06,15:10:03,HOSE,STOCK,94.4,101.0,87.8,94.5,94.7,93.7,94.4,94.04,48.465,48.568,48.055,48.414,48.229,1571300.0,147768670000.0,0.0,0.0,0.0,0.0,0.0
FPT,2021-10-05,15:10:02,HOSE,STOCK,94.6,101.2,88.0,95.0,96.0,94.4,94.4,94.96,48.722,49.235,48.414,48.414,48.701,1392800.0,132266620000.0,0.0,0.0,-0.2,-0.1026,-0.2114
FPT,2021-10-04,15:10:01,HOSE,STOCK,92.9,99.4,86.4,93.0,95.2,92.4,94.6,93.98,47.696,48.824,47.388,48.517,48.199,2277800.0,214070330000.0,0.0,0.0,1.7,0.8719,1.8299
FPT,2021-10-01,15:10:02,HOSE,STOCK,93.0,99.5,86.5,92.9,93.1,92.5,92.9,92.72,47.645,47.747,47.44,47.645,47.552,1055400.0,97860390000.0,0.0,0.0,-0.1,-0.0513,-0.1075
FPT,2021-09-30,15:09:01,HOSE,STOCK,93.2,99.7,86.7,93.5,93.9,93.0,93.0,93.45,47.952,48.158,47.696,47.696,47.927,996900.0,93161950000.0,0.0,0.0,-0.2,-0.1026,-0.2146
FPT,2021-09-29,15:09:01,HOSE,STOCK,93.0,99.5,86.5,93.0,93.4,92.3,93.2,92.85,47.696,47.901,47.337,47.799,47.619,1177400.0,109316630000.0,0.0,0.0,0.2,0.1026,0.2151
FPT,2021-09-28,15:09:02,HOSE,STOCK,92.1,98.5,85.7,91.7,93.0,91.5,93.0,92.21,47.029,47.696,46.927,47.696,47.291,1393500.0,128496650000.0,0.0,0.0,0.9,0.4616,0.9772
FPT,2021-09-27,15:09:03,HOSE,STOCK,92.7,99.1,86.3,92.9,93.5,92.1,92.1,92.74,47.645,47.952,47.234,47.234,47.563,1546100.0,143387770000.0,0.0,0.0,-0.6,-0.3077,-0.6472
FPT,2021-09-24,15:09:03,HOSE,STOCK,93.1,99.6,86.6,93.2,93.2,92.7,92.7,92.93,47.799,47.799,47.542,47.542,47.66,1449000.0,134658060000.0,0.0,0.0,-0.4,-0.2051,-0.4296
FPT,2021-09-23,15:09:03,HOSE,STOCK,93.2,99.7,86.7,93.2,93.8,93.0,93.1,93.3,47.799,48.106,47.696,47.747,47.85,1394200.0,130080560000.0,0.0,0.0,-0.1,-0.0513,-0.1073
FPT,2021-09-22,15:09:02,HOSE,STOCK,93.5,100.0,87.0,93.2,93.4,92.7,93.2,92.97,47.799,47.901,47.542,47.799,47.681,2027200.0,188466000000.0,0.0,0.0,-0.3,-0.1539,-0.3209
FPT,2021-09-21,15:09:02,HOSE,STOCK,94.4,101.0,87.8,93.4,94.0,92.5,93.5,93.19,47.901,48.209,47.44,47.952,47.793,2697100.0,251343580000.0,0.0,0.0,-0.9,-0.4616,-0.9534
FPT,2021-09-20,15:09:02,HOSE,STOCK,95.7,102.3,89.1,96.0,96.2,94.1,94.4,95.01,49.235,49.337,48.26,48.414,48.727,2526100.0,239998710000.0,0.0,0.0,-1.3,-0.6667,-1.3584
FPT,2021-09-17,15:09:02,HOSE,STOCK,94.7,101.3,88.1,95.5,97.0,95.4,95.7,96.06,48.978,49.747,48.927,49.081,49.265,3325700.0,319480930000.0,0.0,0.0,1.0,0.5129,1.056
FPT,2021-09-16,15:09:02,HOSE,STOCK,94.1,100.6,87.6,94.4,95.0,94.2,94.7,94.57,48.414,48.722,48.311,48.568,48.501,1924700.0,182023340000.0,0.0,0.0,0.6,0.3077,0.6376
FPT,2021-09-15,15:09:03,HOSE,STOCK,93.8,100.3,87.3,93.8,94.4,93.3,94.1,93.93,48.106,48.414,47.85,48.26,48.173,1690100.0,158751020000.0,0.0,0.0,0.3,0.1539,0.3198
FPT,2021-09-14,15:09:01,HOSE,STOCK,93.0,99.5,86.5,93.3,94.7,93.0,93.8,93.77,47.85,48.568,47.696,48.106,48.091,2523200.0,236607530000.0,0.0,0.0,0.8,0.4103,0.8602
FPT,2021-09-13,15:09:02,HOSE,STOCK,93.5,100.0,87.0,93.6,94.0,92.9,93.0,93.22,48.004,48.209,47.645,47.696,47.809,1600000.0,149154540000.0,0.0,0.0,-0.5,-0.2564,-0.5348
FPT,2021-09-10,15:09:03,HOSE,STOCK,93.2,99.7,86.7,93.4,94.4,93.4,93.5,93.76,47.901,48.414,47.901,47.952,48.086,1440100.0,135021740000.0,0.0,0.0,0.3,0.1539,0.3219
FPT,2021-09-09,15:09:02,HOSE,STOCK,93.1,99.6,86.6,93.1,93.9,92.8,93.2,93.12,47.747,48.158,47.593,47.799,47.757,1393700.0,129780700000.0,0.0,0.0,0.1,0.0513,0.1074
FPT,2021-09-08,15:09:03,HOSE,STOCK,93.5,100.0,87.0,93.5,94.2,92.8,93.1,93.4,47.952,48.311,47.593,47.747,47.901,1453800.0,135781010000.0,0.0,0.0,-0.4,-0.2051,-0.4278
FPT,2021-09-07,15:09:05,HOSE,STOCK,94.9,101.5,88.3,95.3,95.3,93.5,93.5,94.33,48.876,48.876,47.952,47.952,48.378,2290600.0,216065120000.0,0.0,0.0,-1.4,-0.718,-1.4752
FPT,2021-09-06,15:09:02,HOSE,STOCK,92.4,98.8,86.0,92.4,94.9,92.3,94.9,93.24,47.388,48.67,47.337,48.67,47.819,3124600.0,291339300000.0,0.0,0.0,2.5,1.2821,2.7056
FPT,2021-09-01,15:09:03,HOSE,STOCK,92.4,98.8,86.0,92.1,93.0,92.1,92.4,92.61,47.234,47.696,47.234,47.388,47.496,1353300.0,125334570000.0,0.0,0.0,0.0,0.0,0.0
FPT,2021-08-31,15:08:02,HOSE,STOCK,92.2,98.6,85.8,92.3,93.2,92.0,92.4,92.48,47.337,47.799,47.183,47.388,47.429,1952500.0,180576560000.0,0.0,0.0,0.2,0.1026,0.2169
FPT,2021-08-30,15:08:04,HOSE,STOCK,92.0,98.4,85.6,93.0,93.0,92.1,92.2,92.37,47.696,47.696,47.234,47.286,47.373,1494800.0,138071750000.0,0.0,0.0,0.2,0.1026,0.2174
FPT,2021-08-27,15:08:03,HOSE,STOCK,91.4,97.7,85.1,91.0,92.0,90.6,92.0,91.42,46.67,47.183,46.465,47.183,46.886,1896200.0,173355810000.0,0.0,0.0,0.6,0.3077,0.6565
FPT,2021-08-26,15:08:03,HOSE,STOCK,91.9,98.3,85.5,92.0,92.9,91.2,91.4,92.09,47.183,47.645,46.773,46.875,47.229,1758700.0,161959210000.0,0.0,0.0,-0.5,-0.2564,-0.5441
FPT,2021-08-25,15:08:03,HOSE,STOCK,91.9,98.3,85.5,92.4,92.4,91.0,91.9,91.62,47.388,47.388,46.67,47.132,46.988,1344000.0,123143130000.0,0.0,0.0,0.0,0.0,0.0
FPT,2021-08-24,15:08:02,HOSE,STOCK,91.0,97.3,84.7,91.5,92.0,89.9,91.9,90.82,46.927,47.183,46.106,47.132,46.578,3081500.0,279875960000.0,0.0,0.0,0.9,0.4616,0.989
FPT,2021-08-23,15:08:03,HOSE,STOCK,92.8,99.2,86.4,92.5,92.5,91.0,91.0,91.59,47.44,47.44,46.67,46.67,46.973,3436600.0,314747670000.0,0.0,0.0,-1.8,-0.9231,-1.9397
FPT,2021-08-20,15:08:01,HOSE,STOCK,94.5,101.1,87.9,94.5,94.7,91.1,92.8,93.22,48.465,48.568,46.722,47.593,47.809,4349300.0,405428210000.0,0.0,0.0,-1.7,-0.8719,-1.7989
FPT,2021-08-19,15:08:01,HOSE,STOCK,94.0,100.5,87.5,95.0,95.0,93.8,94.5,94.42,48.722,48.722,48.106,48.465,48.424,2721600.0,256963220000.0,0.0,0.0,0.5,0.2564,0.5319
FPT,2021-08-18,15:08:01,HOSE,STOCK,93.8,100.3,87.3,93.8,94.9,93.8,94.0,94.01,48.106,48.67,48.106,48.209,48.214,1951000.0,183417520000.0,0.0,0.0,0.2,0.1026,0.2132
FPT,2021-08-17,15:08:02,HOSE,STOCK,94.6,101.2,88.0,94.1,94.6,93.5,93.8,94.09,48.26,48.517,47.952,48.106,48.255,2801700.0,263601470000.0,0.0,0.0,-0.8,-0.4103,-0.8457
FPT,2021-08-16,15:08:01,HOSE,STOCK,94.0,100.5,87.5,95.0,95.2,94.4,94.6,94.63,48.722,48.824,48.414,48.517,48.532,1906800.0,180442090000.0,0.0,0.0,0.6,0.3077,0.6383
FPT,2021-08-13,15:08:01,HOSE,STOCK,93.8,100.3,87.3,93.1,95.0,93.0,95.0,93.79,47.246,48.21,47.195,48.21,47.596,3618700.0,339384850000.0,0.0,0.0,1.2,0.609,1.2793
FPT,2021-08-12,15:08:02,HOSE,STOCK,96.1,102.8,89.4,95.8,96.0,93.4,93.8,94.71,48.616,48.718,47.398,47.601,48.063,8399400.0,795485970000.0,0.0,0.0,-2.3,-1.1672,-2.3933
FPT,2021-08-11,15:08:02,HOSE,STOCK,97.8,104.6,91.0,97.7,97.8,96.1,96.1,96.86,49.58,49.631,48.768,48.768,49.154,4883200.0,472971550000.0,0.0,0.0,-1.7,-0.8627,-1.7382
FPT,2021-08-10,15:08:03,HOSE,STOCK,97.5,104.3,90.7,98.3,98.4,97.6,97.8,97.96,49.885,49.936,49.53,49.631,49.712,2680700.0,262613280000.0,0.0,0.0,0.3,0.1522,0.3077
FPT,2021-08-09,15:08:02,HOSE,STOCK,96.6,103.3,89.9,97.0,97.7,95.9,97.5,97.13,49.225,49.58,48.667,49.479,49.291,2934500.0,285026860000.0,0.0,0.0,0.9,0.4567,0.9317
FPT,2021-08-06,15:08:04,HOSE,STOCK,96.6,103.3,89.9,96.8,97.2,95.8,96.6,96.54,49.124,49.327,48.616,49.022,48.992,3413900.0,329565960000.0,0.0,0.0,0.0,0.0,0.0
FPT,2021-08-05,15:08:05,HOSE,STOCK,95.6,102.2,89.0,95.2,97.0,94.9,96.6,95.81,48.312,49.225,48.159,49.022,48.621,2485600.0,238138020000.0,0.0,0.0,1.0,0.5075,1.046
FPT,2021-08-04,15:08:03,HOSE,STOCK,95.8,102.5,89.1,95.9,96.2,94.9,95.6,95.67,48.667,48.819,48.159,48.515,48.55,2818400.0,269641740000.0,0.0,0.0,-0.2,-0.1015,-0.2088
FPT,2021-08-03,15:08:02,HOSE,STOCK,95.6,102.2,89.0,95.8,96.0,94.7,95.8,95.28,48.616,48.718,48.058,48.616,48.352,3607200.0,343678150000.0,0.0,0.0,0.2,0.1015,0.2092
FPT,2021-08-02,15:08:02,HOSE,STOCK,94.0,100.5,87.5,94.0,96.6,94.0,95.6,95.65,47.703,49.022,47.703,48.515,48.54,4275900.0,408983870000.0,0.0,0.0,1.6,0.812,1.7021
FPT,2021-07-30,15:07:01,HOSE,STOCK,93.4,99.9,86.9,93.5,94.8,92.8,94.0,94.05,47.449,48.109,47.094,47.703,47.728,4525900.0,425665030000.0,0.0,0.0,0.6,0.3045,0.6424
FPT,2021-07-29,15:07:03,HOSE,STOCK,92.0,98.4,85.6,92.0,93.9,91.7,93.4,92.632,46.688,47.652,46.535,47.398,47.008,3712900.0,343934960000.0,0.0,0.0,1.4,0.7105,1.5217
FPT,2021-07-28,15:07:03,HOSE,STOCK,93.2,99.7,86.7,92.8,93.7,91.7,92.0,92.42,47.094,47.55,46.535,46.688,46.901,3346700.0,309296830000.0,0.0,0.0,-1.2,-0.609,-1.2876
FPT,2021-07-27,15:07:02,HOSE,STOCK,93.7,100.2,87.2,94.4,94.9,92.5,93.2,93.67,47.906,48.159,46.941,47.297,47.535,5007000.0,468991520000.0,0.0,0.0,-0.5,-0.2537,-0.5336
FPT,2021-07-26,15:07:03,HOSE,STOCK,90.5,96.8,84.2,90.3,93.9,90.2,93.7,92.096,45.825,47.652,45.774,47.55,46.736,5773100.0,531680620000.0,0.0,0.0,3.2,1.6239,3.5359
FPT,2021-07-23,15:07:02,HOSE,STOCK,89.4,95.6,83.2,89.4,92.9,88.7,90.5,91.17,45.368,47.144,45.013,45.926,46.266,6755700.0,615896520000.0,0.0,0.0,1.1,0.5582,1.2304
FPT,2021-07-22,15:07:02,HOSE,STOCK,86.6,92.6,80.6,86.2,89.6,86.2,89.4,88.8,43.744,45.47,43.744,45.368,45.064,4445600.0,394783730000.0,0.0,0.0,2.8,1.4209,3.2333
FPT,2021-07-21,15:07:01,HOSE,STOCK,86.8,92.8,80.8,86.8,87.9,86.1,86.6,86.9,44.049,44.607,43.694,43.947,44.1,3369200.0,292780470000.0,0.0,0.0,-0.2,-0.1015,-0.2304
FPT,2021-07-20,15:07:02,HOSE,STOCK,84.7,90.6,78.8,84.8,86.8,83.9,86.8,85.169,43.034,44.049,42.577,44.049,43.221,2553700.0,217495390000.0,0.0,0.0,2.1,1.0657,2.4793
FPT,2021-07-19,15:07:02,HOSE,STOCK,86.8,92.8,80.8,85.2,86.4,84.5,84.7,85.27,43.237,43.846,42.882,42.983,43.272,3288800.0,280426810000.0,0.0,0.0,-2.1,-1.0657,-2.4194
FPT,2021-07-16,15:07:02,HOSE,STOCK,85.4,91.3,79.5,85.9,88.0,85.5,86.8,86.37,43.592,44.658,43.389,44.049,43.831,2285700.0,197405900000.0,0.0,0.0,1.4,0.7105,1.6393
FPT,2021-07-15,15:07:01,HOSE,STOCK,85.2,91.1,79.3,84.7,86.6,84.7,85.4,85.44,42.983,43.947,42.983,43.338,43.359,2714600.0,231948460000.0,0.0,0.0,0.2,0.1015,0.2347
FPT,2021-07-14,15:07:02,HOSE,STOCK,87.0,93.0,81.0,87.6,87.6,84.7,85.2,85.94,44.455,44.455,42.983,43.237,43.612,2433500.0,209143580000.0,0.0,0.0,-1.8,-0.9135,-2.069
FPT,2021-07-13,15:07:02,HOSE,STOCK,86.1,92.1,80.1,86.9,87.3,85.0,87.0,86.57,44.1,44.303,43.135,44.15,43.932,2207400.0,191102630000.0,0.0,0.0,0.9,0.4567,1.0453
FPT,2021-07-12,15:07:01,HOSE,STOCK,89.7,95.9,83.5,88.8,89.7,83.6,86.1,85.82,45.064,45.52,42.425,43.694,43.551,6764400.0,580499090000.0,0.0,0.0,-3.6,-1.8269,-4.0134
FPT,2021-07-09,15:07:02,HOSE,STOCK,89.8,96.0,83.6,89.6,92.0,88.8,89.7,90.48,45.47,46.688,45.064,45.52,45.916,2947000.0,266629990000.0,0.0,0.0,-0.1,-0.0507,-0.1114
FPT,2021-07-08,15:07:02,HOSE,STOCK,90.5,96.8,84.2,90.4,90.5,89.0,89.8,89.7,45.876,45.926,45.165,45.571,45.52,2375400.0,213068290000.0,0.0,0.0,-0.7,-0.3552,-0.7735
FPT,2021-07-07,15:07:01,HOSE,STOCK,87.0,93.0,81.0,87.0,91.0,85.0,90.5,87.93,44.15,46.18,43.135,45.926,44.622,4910200.0,431757520000.0,0.0,0.0,3.5,1.7761,4.023
FPT,2021-07-06,15:07:02,HOSE,STOCK,92.7,99.1,86.3,92.5,93.0,87.0,87.0,90.78,46.941,47.195,44.15,44.15,46.069,2640500.0,239707930000.0,0.0,0.0,-5.7,-2.8926,-6.1489
FPT,2021-07-05,15:07:01,HOSE,STOCK,91.9,98.3,85.5,95.0,95.0,91.0,92.7,92.37,48.21,48.21,46.18,47.043,46.875,2934200.0,271027880000.0,0.0,0.0,0.8,0.406,0.8705
FPT,2021-07-02,15:07:02,HOSE,STOCK,88.9,95.1,82.7,89.3,92.5,88.9,91.9,90.43,45.317,46.941,45.114,46.637,45.891,3873500.0,350282920000.0,0.0,0.0,3.0,1.5224,3.3746
FPT,2021-07-01,15:07:01,HOSE,STOCK,88.0,94.1,81.9,88.1,88.9,88.0,88.9,88.54,44.709,45.114,44.658,45.114,44.932,1700100.0,150522440000.0,0.0,0.0,0.9,0.4567,1.0227
FPT,2021-06-30,15:06:02,HOSE,STOCK,88.6,94.8,82.4,89.0,89.1,88.0,88.0,88.47,45.165,45.216,44.658,44.658,44.896,1651100.0,146066810000.0,0.0,0.0,-0.6,-0.3045,-0.6772
FPT,2021-06-29,15:06:01,HOSE,STOCK,85.7,91.6,79.8,86.6,89.0,86.3,88.6,88.38,43.947,45.165,43.795,44.962,44.851,4897800.0,432879000000.0,0.0,0.0,2.9,1.4717,3.3839
FPT,2021-06-28,15:06:02,HOSE,STOCK,85.2,91.1,79.3,86.1,86.1,85.4,85.7,85.82,43.694,43.694,43.338,43.491,43.551,1858800.0,159514950000.0,0.0,0.0,0.5,0.2537,0.5869
FPT,2021-06-25,15:06:02,HOSE,STOCK,84.7,90.6,78.8,84.7,85.4,84.2,85.2,84.96,42.983,43.338,42.729,43.237,43.115,1503400.0,127725250000.0,0.0,0.0,0.5,0.2537,0.5903
FPT,2021-06-24,15:06:02,HOSE,STOCK,84.9,90.8,79.0,84.3,84.9,83.9,84.7,84.29,42.78,43.085,42.577,42.983,42.775,1657800.0,139729580000.0,0.0,0.0,-0.2,-0.1015,-0.2356
FPT,2021-06-23,15:06:02,HOSE,STOCK,85.4,91.3,79.5,85.3,85.6,84.1,84.9,84.81,43.288,43.44,42.679,43.085,43.039,1599900.0,135686140000.0,0.0,0.0,-0.5,-0.2537,-0.5855
FPT,2021-06-22,15:06:01,HOSE,STOCK,85.6,91.5,79.7,86.1,86.6,85.4,85.4,85.99,43.694,43.947,43.338,43.338,43.638,1760300.0,151360790000.0,0.0,0.0,-0.2,-0.1015,-0.2336
FPT,2021-06-21,15:06:02,HOSE,STOCK,83.8,89.6,78.0,83.6,86.3,83.2,85.6,85.04,42.425,43.795,42.222,43.44,43.156,3878300.0,329825810000.0,0.0,0.0,1.8,0.9135,2.148
FPT,2021-06-18,15:06:02,HOSE,STOCK,82.6,88.3,76.9,83.1,84.2,82.7,83.8,83.68,42.171,42.729,41.968,42.526,42.465,1681700.0,140729740000.0,0.0,0.0,1.2,0.609,1.4528
FPT,2021-06-17,15:06:01,HOSE,STOCK,83.1,88.9,77.3,82.1,83.1,82.1,82.6,82.61,41.664,42.171,41.664,41.917,41.922,2236400.0,184752890000.0,0.0,0.0,-0.5,-0.2537,-0.6017
FPT,2021-06-16,15:06:03,HOSE,STOCK,83.2,89.0,77.4,83.2,84.6,82.7,83.1,83.51,42.222,42.932,41.968,42.171,42.379,2462000.0,205596080000.0,0.0,0.0,-0.1,-0.0507,-0.1202
FPT,2021-06-15,15:06:02,HOSE,STOCK,83.8,89.6,78.0,83.8,84.5,83.2,83.2,83.79,42.526,42.882,42.222,42.222,42.521,1778700.0,149028530000.0,0.0,0.0,-0.6,-0.3045,-0.716
FPT,2021-06-14,15:06:03,HOSE,STOCK,83.5,89.3,77.7,83.5,84.6,83.0,83.8,83.66,42.374,42.932,42.12,42.526,42.455,2547600.0,213138170000.0,0.0,0.0,0.3,0.1522,0.3593
FPT,2021-06-11,15:06:02,HOSE,STOCK,81.9,87.6,76.2,81.5,83.9,81.3,83.5,83.23,41.359,42.577,41.258,42.374,42.237,2359600.0,196386980000.0,0.0,0.0,1.6,0.812,1.9536
FPT,2021-06-10,15:06:03,HOSE,STOCK,81.7,87.4,76.0,81.7,82.5,81.0,81.9,81.64,41.461,41.867,41.105,41.562,41.43,2214900.0,180827810000.0,0.0,0.0,0.2,0.1015,0.2448
FPT,2021-06-09,15:06:02,HOSE,STOCK,80.8,86.4,75.2,80.6,82.1,79.0,81.7,80.48,40.902,41.664,40.09,41.461,40.842,3576100.0,287793840000.0,0.0,0.0,0.9,0.4567,1.1139
FPT,2021-06-08,15:06:01,HOSE,STOCK,82.7,88.4,77.0,82.0,83.0,80.6,80.8,81.79,41.613,42.12,40.902,41.004,41.506,3486000.0,285115520000.0,0.0,0.0,-1.9,-0.9642,-2.2975
FPT,2021-06-07,15:06:03,HOSE,STOCK,84.7,90.6,78.8,84.6,84.7,81.0,82.7,83.1,42.932,42.983,41.105,41.968,42.171,3711200.0,308396740000.0,0.0,0.0,-2.0,-1.0149,-2.3613
FPT,2021-06-04,15:06:02,HOSE,STOCK,84.7,90.6,78.8,85.0,85.1,83.8,84.7,84.32,43.135,43.186,42.526,42.983,42.79,3820600.0,322171910000.0,0.0,0.0,0.0,0.0,0.0
FPT,2021-06-03,15:06:01,HOSE,STOCK,85.5,91.4,79.6,85.0,85.4,84.3,85.2,84.74,43.135,43.338,42.78,43.237,43.003,3190800.0,270398420000.0,0.0,0.0,-0.3,-0.1522,-0.3509
FPT,2021-06-02,15:06:04,HOSE,STOCK,87.1,93.1,81.1,87.1,87.5,85.0,85.5,86.33,44.201,44.404,43.135,43.389,43.81,3053900.0,263630580000.0,0.0,0.0,-1.6,-0.812,-1.837
FPT,2021-06-01,15:06:03,HOSE,STOCK,84.3,90.1,78.4,87.9,88.5,87.0,87.1,87.64,44.607,44.912,44.15,44.201,44.475,3495000.0,306310890000.0,0.0,0.0,2.8,1.4209,3.3215
FPT,2021-05-31,15:05:01,HOSE,STOCK,94.8,101.4,88.2,95.5,98.0,94.7,97.9,95.65,41.713,42.805,41.363,42.761,41.778,3237700.0,309699580000.0,0.0,0.0,3.1,1.354,3.27
FPT,2021-05-28,15:05:02,HOSE,STOCK,93.8,100.3,87.3,94.0,95.0,93.7,94.8,94.32,41.058,41.494,40.927,41.407,41.197,1874300.0,176777180000.0,0.0,0.0,1.0,0.4368,1.0661
FPT,2021-05-27,15:05:02,HOSE,STOCK,95.3,101.9,88.7,95.3,95.4,93.5,93.8,94.69,41.625,41.669,40.839,40.97,41.359,1745800.0,165314640000.0,0.0,0.0,-1.5,-0.6552,-1.574
FPT,2021-05-26,15:05:02,HOSE,STOCK,93.8,100.3,87.3,94.2,95.5,93.7,95.3,94.69,41.145,41.713,40.927,41.625,41.359,1992800.0,188702300000.0,0.0,0.0,1.5,0.6552,1.5991
FPT,2021-05-25,15:05:03,HOSE,STOCK,93.5,100.0,87.0,93.5,95.2,92.8,93.8,93.64,40.839,41.582,40.534,40.97,40.9,2156300.0,201917360000.0,0.0,0.0,0.3,0.131,0.3209
FPT,2021-05-24,15:05:02,HOSE,STOCK,93.8,100.3,87.3,93.8,93.9,92.1,93.5,92.83,40.97,41.014,40.228,40.839,40.547,2669500.0,247797360000.0,0.0,0.0,-0.3,-0.131,-0.3198
FPT,2021-05-21,15:05:02,HOSE,STOCK,95.5,102.1,88.9,94.3,96.6,93.0,93.8,94.93,41.189,42.193,40.621,40.97,41.464,3222700.0,305927820000.0,0.0,0.0,-1.7,-0.7425,-1.7801
FPT,2021-05-20,15:05:02,HOSE,STOCK,90.8,97.1,84.5,90.8,95.5,90.4,95.5,92.06,39.66,41.713,39.485,41.713,40.21,3523900.0,324421430000.0,0.0,0.0,4.7,2.0529,5.1762
FPT,2021-05-19,15:05:03,HOSE,STOCK,87.0,93.0,81.0,87.5,91.1,86.8,90.8,88.57,38.219,39.791,37.913,39.66,38.686,2876300.0,254764720000.0,0.0,0.0,3.8,1.6598,4.3678
FPT,2021-05-18,15:05:03,HOSE,STOCK,85.7,91.6,79.8,86.4,87.4,86.2,87.0,86.97,37.738,38.175,37.651,38.0,37.987,2133500.0,185553240000.0,0.0,0.0,1.3,0.5678,1.5169
FPT,2021-05-17,15:05:03,HOSE,STOCK,84.8,90.7,78.9,85.8,86.6,85.2,85.7,85.89,37.476,37.825,37.214,37.432,37.515,1744500.0,149843810000.0,0.0,0.0,0.9,0.3931,1.0613
FPT,2021-05-14,15:05:02,HOSE,STOCK,84.0,89.8,78.2,84.3,86.2,84.1,84.8,85.17,36.821,37.651,36.733,37.039,37.201,1858700.0,158305610000.0,0.0,0.0,0.8,0.3494,0.9524
FPT,2021-05-13,15:05:02,HOSE,STOCK,85.4,91.3,79.5,85.0,85.4,84.0,84.0,84.79,37.127,37.301,36.69,36.69,37.035,2558300.0,216917500000.0,0.0,0.0,-1.4,-0.6115,-1.6393
FPT,2021-05-12,15:05:02,HOSE,STOCK,85.2,91.1,79.3,85.0,85.4,84.3,85.4,84.87,37.127,37.301,36.821,37.301,37.07,1844500.0,156550370000.0,0.0,0.0,0.2,0.0874,0.2347
FPT,2021-05-11,15:05:02,HOSE,STOCK,85.8,91.8,79.8,86.0,86.6,85.2,85.2,86.21,37.563,37.825,37.214,37.214,37.655,2078700.0,179203850000.0,0.0,0.0,-0.6,-0.2621,-0.6993
FPT,2021-05-10,15:05:02,HOSE,STOCK,83.0,88.8,77.2,83.1,86.0,83.0,85.8,84.83,36.297,37.563,36.253,37.476,37.052,4504300.0,382108700000.0,0.0,0.0,2.8,1.223,3.3735
FPT,2021-05-07,15:05:03,HOSE,STOCK,82.7,88.4,77.0,82.7,84.0,82.3,83.0,83.05,36.122,36.69,35.947,36.253,36.275,2705900.0,224717940000.0,0.0,0.0,0.3,0.131,0.3628
FPT,2021-05-06,15:05:02,HOSE,STOCK,82.9,88.7,77.1,83.0,83.5,82.2,82.7,82.87,36.253,36.471,35.904,36.122,36.196,1969000.0,163166910000.0,0.0,0.0,-0.2,-0.0874,-0.2413
FPT,2021-05-05,15:05:02,HOSE,STOCK,82.9,88.7,77.1,84.5,84.5,82.7,82.9,83.72,36.908,36.908,36.122,36.209,36.568,2321300.0,194340580000.0,0.0,0.0,0.0,0.0,0.0
FPT,2021-05-04,15:05:02,HOSE,STOCK,80.9,86.5,75.3,80.0,83.5,80.0,82.9,81.63,34.943,36.471,34.943,36.209,35.655,2362100.0,192827700000.0,0.0,0.0,2.0,0.8736,2.4722
FPT,2021-04-29,15:04:05,HOSE,STOCK,80.8,86.4,75.2,80.8,81.8,80.8,80.9,81.13,35.292,35.729,35.292,35.336,35.436,2095500.0,169999550000.0,0.0,0.0,0.1,0.0437,0.1238
FPT,2021-04-28,15:04:02,HOSE,STOCK,80.7,86.3,75.1,80.1,81.3,80.1,80.8,80.83,34.986,35.51,34.986,35.292,35.305,1366700.0,110472460000.0,0.0,0.0,0.1,0.0437,0.1239
FPT,2021-04-27,15:04:02,HOSE,STOCK,81.0,86.6,75.4,80.4,81.4,80.1,80.7,80.72,35.117,35.554,34.986,35.248,35.257,1287100.0,103896710000.0,0.0,0.0,-0.3,-0.131,-0.3704
FPT,2021-04-26,15:04:04,HOSE,STOCK,83.0,88.8,77.2,82.5,82.8,80.5,81.0,81.51,36.035,36.166,35.161,35.379,35.602,2551300.0,207956110000.0,0.0,0.0,-2.0,-0.8736,-2.4096
FPT,2021-04-23,15:04:04,HOSE,STOCK,80.0,85.6,74.4,80.0,83.0,79.7,83.0,81.11,34.943,36.253,34.812,36.253,35.428,3166400.0,256833700000.0,0.0,0.0,3.0,1.3103,3.75
FPT,2021-04-22,15:04:01,HOSE,STOCK,82.9,88.7,77.1,82.0,83.9,80.0,80.0,82.38,35.816,36.646,34.943,34.943,35.982,2271200.0,187097110000.0,0.0,0.0,-2.9,-1.2667,-3.4982
FPT,2021-04-20,15:04:03,HOSE,STOCK,81.5,87.2,75.8,81.8,84.9,81.6,82.9,83.42,35.729,37.083,35.642,36.209,36.436,4742800.0,395627680000.0,0.0,0.0,1.4,0.6115,1.7178
FPT,2021-04-19,15:04:03,HOSE,STOCK,79.7,85.2,74.2,80.0,81.5,79.5,81.5,80.64,34.943,35.598,34.724,35.598,35.222,2380800.0,191996000000.0,0.0,0.0,1.8,0.7862,2.2585
FPT,2021-04-16,15:04:02,HOSE,STOCK,80.0,85.6,74.4,79.8,81.2,78.8,79.7,79.69,34.855,35.467,34.419,34.812,34.807,2194600.0,174885160000.0,0.0,0.0,-0.3,-0.131,-0.375
FPT,2021-04-15,15:04:02,HOSE,STOCK,81.0,86.6,75.4,81.0,81.4,79.8,80.0,80.37,35.379,35.554,34.855,34.943,35.104,2096200.0,168481430000.0,0.0,0.0,-1.0,-0.4368,-1.2346
FPT,2021-04-14,15:04:03,HOSE,STOCK,80.7,86.3,75.1,80.0,81.0,79.5,81.0,80.22,34.943,35.379,34.724,35.379,35.039,2530600.0,203016420000.0,0.0,0.0,0.3,0.131,0.3717
FPT,2021-04-13,15:04:04,HOSE,STOCK,82.1,87.8,76.4,82.0,82.2,80.5,80.7,81.49,35.816,35.904,35.161,35.248,35.593,2038100.0,166084030000.0,0.0,0.0,-1.4,-0.6115,-1.7052
FPT,2021-04-12,15:04:03,HOSE,STOCK,82.1,87.8,76.4,82.4,82.4,81.5,82.1,81.9,35.991,35.991,35.598,35.86,35.773,2022500.0,165647270000.0,0.0,0.0,0.0,0.0,0.0
FPT,2021-04-09,15:04:03,HOSE,STOCK,79.6,85.1,74.1,79.9,83.0,79.9,82.1,81.67,34.899,36.253,34.899,35.86,35.672,3970400.0,324280140000.0,0.0,0.0,2.5,1.092,3.1407
FPT,2021-04-08,15:04:03,HOSE,STOCK,79.6,85.1,74.1,80.2,80.6,79.5,79.6,79.97,35.03,35.205,34.724,34.768,34.93,1609800.0,128742460000.0,0.0,0.0,0.0,0.0,0.0
FPT,2021-04-07,15:04:03,HOSE,STOCK,79.4,84.9,73.9,79.2,79.7,79.1,79.6,79.34,34.593,34.812,34.55,34.768,34.654,1503800.0,119317470000.0,0.0,0.0,0.2,0.0874,0.2519
FPT,2021-04-06,15:04:03,HOSE,STOCK,79.6,85.1,74.1,79.1,80.0,79.1,79.4,79.5,34.55,34.943,34.55,34.681,34.724,1505800.0,119718390000.0,0.0,0.0,-0.2,-0.0874,-0.2513
FPT,2021-04-05,15:04:03,HOSE,STOCK,79.8,85.3,74.3,80.4,80.5,78.9,79.6,79.79,35.117,35.161,34.462,34.768,34.851,1487000.0,118649890000.0,0.0,0.0,-0.2,-0.0874,-0.2506
FPT,2021-04-02,15:04:02,HOSE,STOCK,79.7,85.2,74.2,80.4,80.5,79.8,79.8,80.15,35.117,35.161,34.855,34.855,35.008,1950200.0,156307890000.0,0.0,0.0,0.1,0.0437,0.1255
FPT,2021-04-01,15:04:03,HOSE,STOCK,77.7,83.1,72.3,77.9,79.7,77.9,79.7,78.77,34.025,34.812,34.025,34.812,34.405,2500900.0,196983750000.0,0.0,0.0,2.0,0.8736,2.574
FPT,2021-03-31,15:03:01,HOSE,STOCK,77.1,82.4,71.8,77.1,78.1,76.6,77.7,77.42,33.676,34.113,33.458,33.938,33.816,1373400.0,106328170000.0,0.0,0.0,0.6,0.2621,0.7782
FPT,2021-03-30,15:03:03,HOSE,STOCK,77.6,83.0,72.2,77.9,78.0,77.0,77.1,77.38,34.025,34.069,33.632,33.676,33.798,1512500.0,117032320000.0,0.0,0.0,-0.5,-0.2184,-0.6443
FPT,2021-03-29,15:03:03,HOSE,STOCK,76.1,81.4,70.8,76.5,78.1,76.1,77.6,76.75,33.414,34.113,33.239,33.894,33.523,1997700.0,153318740000.0,0.0,0.0,1.5,0.6552,1.9711
FPT,2021-03-26,15:03:01,HOSE,STOCK,76.6,81.9,71.3,76.2,76.8,74.5,76.1,75.64,33.283,33.545,32.54,33.239,33.038,2672600.0,202165800000.0,0.0,0.0,-0.5,-0.2184,-0.6527
FPT,2021-03-25,15:03:03,HOSE,STOCK,77.0,82.3,71.7,77.5,77.5,76.5,76.6,76.95,33.851,33.851,33.414,33.458,33.61,2305400.0,177410020000.0,0.0,0.0,-0.4,-0.1747,-0.5195
FPT,2021-03-24,15:03:02,HOSE,STOCK,78.8,84.3,73.3,77.9,78.9,76.5,77.0,77.78,34.025,34.462,33.414,33.632,33.973,2480100.0,192902460000.0,0.0,0.0,-1.8,-0.7862,-2.2843
FPT,2021-03-23,15:03:02,HOSE,STOCK,78.7,84.2,73.2,78.5,80.0,78.3,78.8,78.99,34.287,34.943,34.2,34.419,34.502,2201700.0,173901430000.0,0.0,0.0,0.1,0.0437,0.1271
FPT,2021-03-22,15:03:02,HOSE,STOCK,79.8,85.3,74.3,79.5,79.6,78.3,78.7,78.84,34.724,34.768,34.2,34.375,34.436,2084800.0,164370980000.0,0.0,0.0,-1.1,-0.4805,-1.3784
FPT,2021-03-19,15:03:02,HOSE,STOCK,81.0,86.6,75.4,80.0,80.5,79.4,79.8,79.88,34.943,35.161,34.681,34.855,34.89,2247800.0,179559470000.0,0.0,0.0,-1.2,-0.5241,-1.4815
FPT,2021-03-18,15:03:02,HOSE,STOCK,80.8,86.4,75.2,81.0,81.0,80.0,81.0,80.76,35.379,35.379,34.943,35.379,35.275,1807500.0,145976760000.0,0.0,0.0,0.2,0.0874,0.2475
FPT,2021-03-17,15:03:03,HOSE,STOCK,81.0,86.6,75.4,81.5,81.5,80.0,80.8,80.71,35.598,35.598,34.943,35.292,35.253,1603200.0,129399420000.0,0.0,0.0,-0.2,-0.0874,-0.2469
FPT,2021-03-16,15:03:02,HOSE,STOCK,76.5,81.8,71.2,77.0,81.5,76.6,81.0,79.2,33.632,35.598,33.458,35.379,34.593,5111000.0,404798630000.0,0.0,0.0,4.5,1.9655,5.8824
FPT,2021-03-15,15:03:03,HOSE,STOCK,76.5,81.8,71.2,76.6,77.5,76.1,76.5,76.84,33.458,33.851,33.239,33.414,33.562,1760900.0,135307480000.0,0.0,0.0,0.0,0.0,0.0
FPT,2021-03-12,15:03:03,HOSE,STOCK,76.7,82.0,71.4,77.0,77.1,76.3,76.5,76.72,33.632,33.676,33.327,33.414,33.51,2062800.0,158247950000.0,0.0,0.0,-0.2,-0.0874,-0.2608
FPT,2021-03-11,15:03:03,HOSE,STOCK,76.3,81.6,71.0,76.5,77.1,76.1,76.7,76.65,33.414,33.676,33.239,33.501,33.479,1477800.0,113277030000.0,0.0,0.0,0.4,0.1747,0.5242
FPT,2021-03-10,15:03:03,HOSE,STOCK,75.0,80.2,69.8,75.9,77.5,75.0,76.3,76.43,33.152,33.851,32.759,33.327,33.383,2602400.0,198900880000.0,0.0,0.0,1.3,0.5678,1.7333
FPT,2021-03-09,15:03:03,HOSE,STOCK,75.8,81.1,70.5,75.0,75.7,74.5,75.0,75.0,32.759,33.065,32.54,32.759,32.759,2182400.0,163673020000.0,0.0,0.0,-0.8,-0.3494,-1.0554
FPT,2021-03-08,15:03:02,HOSE,STOCK,75.9,81.2,70.6,76.0,76.5,75.4,75.8,75.87,33.196,33.414,32.933,33.108,33.139,1656600.0,125690340000.0,0.0,0.0,-0.1,-0.0437,-0.1318
FPT,2021-03-05,15:03:03,HOSE,STOCK,75.9,81.2,70.6,75.5,76.0,74.5,75.9,75.22,32.977,33.196,32.54,33.152,32.855,2507500.0,188623610000.0,0.0,0.0,0.0,0.0,0.0
FPT,2021-03-04,15:03:03,HOSE,STOCK,77.7,83.1,72.3,77.7,77.8,75.1,75.9,76.57,33.938,33.982,32.802,33.152,33.445,2901500.0,222177060000.0,0.0,0.0,-1.8,-0.7862,-2.3166
FPT,2021-03-03,15:03:03,HOSE,STOCK,77.9,83.3,72.5,78.0,78.1,77.4,77.7,77.76,34.069,34.113,33.807,33.938,33.964,1599400.0,124365900000.0,0.0,0.0,-0.2,-0.0874,-0.2567
FPT,2021-03-02,15:03:03,HOSE,STOCK,77.9,83.3,72.5,78.9,78.9,76.9,77.9,77.93,34.462,34.462,33.589,34.025,34.039,1821700.0,141973170000.0,0.0,0.0,0.0,0.0,0.0
FPT,2021-03-01,15:03:01,HOSE,STOCK,76.2,81.5,70.9,76.8,78.0,76.8,77.9,77.55,33.545,34.069,33.545,34.025,33.873,2078100.0,161152430000.0,0.0,0.0,1.7,0.7425,2.231
FPT,2021-02-26,15:02:03,HOSE,STOCK,76.2,81.5,70.9,75.0,76.4,74.9,76.2,75.83,32.759,33.37,32.715,33.283,33.121,1936000.0,146799180000.0,0.0,0.0,0.0,0.0,0.0
FPT,2021-02-25,15:02:03,HOSE,STOCK,75.4,80.6,70.2,76.1,76.3,74.5,76.2,75.69,33.239,33.327,32.54,33.283,33.06,1927500.0,145888610000.0,0.0,0.0,0.8,0.3494,1.061
FPT,2021-02-24,15:02:03,HOSE,STOCK,75.5,80.7,70.3,76.0,76.5,74.9,75.4,75.64,33.196,33.414,32.715,32.933,33.038,2225200.0,168322320000.0,0.0,0.0,-0.1,-0.0437,-0.1325
FPT,2021-02-23,15:02:02,HOSE,STOCK,76.8,82.1,71.5,76.3,77.0,74.6,75.5,76.08,33.327,33.632,32.584,32.977,33.23,3369500.0,256364350000.0,0.0,0.0,-1.3,-0.5678,-1.6927
FPT,2021-02-22,15:02:02,HOSE,STOCK,76.6,81.9,71.3,76.6,77.5,76.1,76.8,76.7,33.458,33.851,33.239,33.545,33.501,2319300.0,177883020000.0,0.0,0.0,0.2,0.0874,0.2611
FPT,2021-02-19,15:02:03,HOSE,STOCK,78.2,83.6,72.8,77.3,78.0,76.0,76.6,77.0,33.763,34.069,33.196,33.458,33.632,3722700.0,286636290000.0,0.0,0.0,-1.6,-0.6989,-2.046
FPT,2021-02-18,15:02:03,HOSE,STOCK,77.9,83.3,72.5,78.0,78.3,76.6,78.2,77.61,34.069,34.2,33.458,34.156,33.899,2243100.0,174086680000.0,0.0,0.0,0.3,0.131,0.3851
FPT,2021-02-17,15:02:03,HOSE,STOCK,74.6,79.8,69.4,76.3,79.0,75.9,77.9,78.1,33.327,34.506,33.152,34.025,34.113,3139100.0,245160940000.0,0.0,0.0,3.3,1.4414,4.4236
FPT,2021-02-09,15:02:03,HOSE,STOCK,71.3,76.2,66.4,71.4,74.6,70.0,74.6,72.63,31.186,32.584,30.575,32.584,31.724,4224300.0,306797570000.0,0.0,0.0,3.3,1.4414,4.6283
FPT,2021-02-08,15:02:02,HOSE,STOCK,72.9,78.0,67.8,72.9,72.9,69.6,71.3,71.01,31.842,31.842,30.4,31.143,31.016,4035600.0,286580180000.0,0.0,0.0,-1.6,-0.6989,-2.1948
FPT,2021-02-05,15:02:03,HOSE,STOCK,72.5,77.5,67.5,73.0,73.4,71.8,72.9,72.46,31.885,32.06,31.361,31.842,31.649,2084900.0,151078140000.0,0.0,0.0,0.4,0.1747,0.5517
FPT,2021-02-04,15:02:02,HOSE,STOCK,70.0,74.9,65.1,70.2,73.2,70.2,72.5,72.01,30.662,31.973,30.662,31.667,31.453,4398700.0,316749480000.0,0.0,0.0,2.5,1.092,3.5714
FPT,2021-02-03,15:02:02,HOSE,STOCK,66.0,70.6,61.4,67.5,70.6,66.1,70.0,68.35,29.483,30.837,28.871,30.575,29.854,4173500.0,285275400000.0,0.0,0.0,4.0,1.7471,6.0606
FPT,2021-02-02,15:02:02,HOSE,STOCK,63.5,67.9,59.1,63.1,66.0,63.0,66.0,64.62,27.561,28.828,27.517,28.828,28.225,3264600.0,210948520000.0,0.0,0.0,2.5,1.092,3.937
FPT,2021-02-01,15:02:02,HOSE,STOCK,62.7,67.0,58.4,64.4,65.4,62.3,63.5,63.74,28.129,28.566,27.212,27.736,27.841,2017400.0,128595840000.0,0.0,0.0,0.8,0.3494,1.2759
FPT,2021-01-29,15:01:03,HOSE,STOCK,58.6,62.7,54.5,59.0,62.7,59.0,62.7,61.78,25.77,27.386,25.77,27.386,26.984,3211900.0,198439560000.0,0.0,0.0,4.1,1.7908,6.9966
FPT,2021-01-28,15:01:02,HOSE,STOCK,63.0,67.4,58.6,60.0,62.3,58.6,58.6,60.31,26.207,27.212,25.596,25.596,26.342,5092400.0,307139490000.0,0.0,0.0,-4.4,-1.9219,-6.9841
FPT,2021-01-27,15:01:03,HOSE,STOCK,66.0,70.6,61.4,65.7,66.1,62.9,63.0,64.7,28.697,28.871,27.474,27.517,28.26,2226800.0,144065490000.0,0.0,0.0,-3.0,-1.3103,-4.5455
FPT,2021-01-26,15:01:02,HOSE,STOCK,67.0,71.6,62.4,67.5,67.5,65.5,66.0,66.4,29.483,29.483,28.609,28.828,29.002,2597500.0,172481320000.0,0.0,0.0,-1.0,-0.4368,-1.4925
FPT,2021-01-25,15:01:03,HOSE,STOCK,66.9,71.5,62.3,66.8,68.2,66.2,67.0,67.48,29.177,29.789,28.915,29.264,29.474,3111900.0,209992010000.0,0.0,0.0,0.1,0.0437,0.1495
FPT,2021-01-22,15:01:03,HOSE,STOCK,65.6,70.1,61.1,65.7,67.5,65.4,66.9,66.63,28.697,29.483,28.566,29.221,29.103,2090300.0,139283100000.0,0.0,0.0,1.3,0.5678,1.9817
FPT,2021-01-21,15:01:03,HOSE,STOCK,63.3,67.7,58.9,64.5,65.8,63.3,65.6,64.49,28.173,28.74,27.648,28.653,28.168,2313100.0,149180140000.0,0.0,0.0,2.3,1.0046,3.6335
FPT,2021-01-20,15:01:03,HOSE,STOCK,62.0,66.3,57.7,62.7,63.7,60.2,63.3,62.41,27.386,27.823,26.294,27.648,27.26,3663800.0,228639610000.0,0.0,0.0,1.3,0.5678,2.0968
FPT,2021-01-19,15:01:02,HOSE,STOCK,66.3,70.9,61.7,66.0,66.1,61.7,62.0,63.49,28.828,28.871,26.95,27.081,27.731,3505600.0,222586010000.0,0.0,0.0,-4.3,-1.8782,-6.4857
FPT,2021-01-18,15:01:03,HOSE,STOCK,66.6,71.2,62.0,67.0,67.0,66.2,66.3,66.59,29.264,29.264,28.915,28.959,29.085,1209000.0,80503970000.0,0.0,0.0,-0.3,-0.131,-0.4505
FPT,2021-01-15,15:01:03,HOSE,STOCK,66.4,71.0,61.8,67.0,67.0,66.4,66.6,66.67,29.264,29.264,29.002,29.09,29.12,1540400.0,102695650000.0,0.0,0.0,0.2,0.0874,0.3012
FPT,2021-01-14,15:01:03,HOSE,STOCK,66.5,71.1,61.9,66.5,67.0,65.7,66.4,66.28,29.046,29.264,28.697,29.002,28.95,1777500.0,117806130000.0,0.0,0.0,-0.1,-0.0437,-0.1504
FPT,2021-01-13,15:01:02,HOSE,STOCK,65.8,70.4,61.2,65.9,67.4,65.9,66.5,66.7,28.784,29.439,28.784,29.046,29.133,2612000.0,174208660000.0,0.0,0.0,0.7,0.3057,1.0638
FPT,2021-01-12,15:01:03,HOSE,STOCK,64.7,69.2,60.2,65.0,66.0,64.0,65.8,65.16,28.391,28.828,27.954,28.74,28.461,2435200.0,158666300000.0,0.0,0.0,1.1,0.4805,1.7002
FPT,2021-01-11,15:01:02,HOSE,STOCK,63.3,67.7,58.9,63.9,64.7,63.3,64.7,63.98,27.91,28.26,27.648,28.26,27.945,1972800.0,126215660000.0,0.0,0.0,1.4,0.6115,2.2117
FPT,2021-01-08,15:01:03,HOSE,STOCK,62.5,66.8,58.2,63.0,63.7,62.6,63.3,63.17,27.517,27.823,27.343,27.648,27.592,2720400.0,171836120000.0,0.0,0.0,0.8,0.3494,1.28
FPT,2021-01-07,15:01:03,HOSE,STOCK,62.4,66.7,58.1,62.6,62.9,61.9,62.5,62.26,27.343,27.474,27.037,27.299,27.194,2150200.0,133881630000.0,0.0,0.0,0.1,0.0437,0.1603
FPT,2021-01-06,15:01:01,HOSE,STOCK,62.7,67.0,58.4,63.1,63.6,62.3,62.4,62.88,27.561,27.779,27.212,27.255,27.465,1796000.0,112928410000.0,0.0,0.0,-0.3,-0.131,-0.4785
FPT,2021-01-05,15:01:03,HOSE,STOCK,60.2,64.4,56.0,60.0,63.5,59.8,62.7,62.33,26.207,27.736,26.12,27.386,27.225,2332200.0,145355050000.0,0.0,0.0,2.5,1.0919,4.1528
FPT,2021-01-04,15:01:01,HOSE,STOCK,59.1,63.2,55.0,59.6,60.2,59.3,60.2,59.78,26.032,26.294,25.901,26.294,26.111,2151300.0,128595730000.0,0.0,0.0,1.1,0.4805,1.8613
FPT,2020-12-31,15:12:03,HOSE,STOCK,58.1,62.1,54.1,58.1,59.2,58.0,59.1,58.61,25.377,25.858,25.333,25.814,25.6,2036370.0,119344410000.0,0.0,0.0,1.0,0.4368,1.7212
FPT,2020-12-30,15:12:02,HOSE,STOCK,58.6,62.7,54.5,58.9,58.9,58.1,58.1,58.54,25.727,25.727,25.377,25.377,25.569,1204180.0,70498311000.0,0.0,0.0,-0.5,-0.2184,-0.8532
FPT,2020-12-29,15:12:03,HOSE,STOCK,57.9,61.9,53.9,57.9,58.8,57.6,58.6,58.46,25.29,25.683,25.159,25.596,25.534,2172950.0,127021874000.0,0.0,0.0,0.7,0.3058,1.209
FPT,2020-12-28,15:12:02,HOSE,STOCK,57.6,61.6,53.6,57.9,58.6,57.5,57.9,57.89,25.29,25.596,25.115,25.29,25.285,2197090.0,127193822000.0,0.0,0.0,0.3,0.131,0.5208
FPT,2020-12-25,15:12:01,HOSE,STOCK,57.0,60.9,53.1,57.0,57.6,56.6,57.6,57.28,24.897,25.159,24.722,25.159,25.019,1625110.0,93086104000.0,0.0,0.0,0.6,0.2621,1.0526
FPT,2020-12-24,15:12:03,HOSE,STOCK,57.5,61.5,53.5,57.5,57.8,56.4,57.0,56.92,25.115,25.246,24.635,24.897,24.862,2386210.0,135818188000.0,0.0,0.0,-0.5,-0.2184,-0.8696
FPT,2020-12-23,15:12:01,HOSE,STOCK,58.1,62.1,54.1,58.3,58.6,57.2,57.5,58.11,25.464,25.596,24.984,25.115,25.381,1391420.0,80862106000.0,0.0,0.0,-0.6,-0.2621,-1.0327
FPT,2020-12-22,15:12:02,HOSE,STOCK,57.5,61.5,53.5,57.4,58.5,57.1,58.1,57.75,25.071,25.552,24.94,25.377,25.224,2576390.0,148782666000.0,0.0,0.0,0.6,0.2621,1.0435
FPT,2020-12-21,15:12:02,HOSE,STOCK,56.9,60.8,53.0,57.3,57.8,57.1,57.5,57.42,25.028,25.246,24.94,25.115,25.08,2307390.0,132490780000.0,0.0,0.0,0.6,0.2621,1.0545
FPT,2020-12-18,15:12:04,HOSE,STOCK,56.5,60.4,52.6,56.5,57.1,56.5,56.9,56.81,24.678,24.94,24.678,24.853,24.814,1532820.0,87078180000.0,0.0,0.0,0.4,0.1747,0.708
FPT,2020-12-17,15:12:02,HOSE,STOCK,57.1,61.0,53.2,56.9,57.1,56.0,56.5,56.63,24.853,24.94,24.46,24.678,24.735,3594500.0,203557405000.0,0.0,0.0,-0.6,-0.2621,-1.0508
FPT,2020-12-16,15:12:02,HOSE,STOCK,56.7,60.6,52.8,57.2,57.5,57.0,57.1,57.19,24.984,25.115,24.897,24.94,24.98,1995530.0,114124754000.0,0.0,0.0,0.4,0.1747,0.7055
FPT,2020-12-15,15:12:02,HOSE,STOCK,57.2,61.2,53.2,57.5,57.6,56.6,56.7,57.11,25.115,25.159,24.722,24.766,24.945,2666900.0,152301238000.0,0.0,0.0,-0.5,-0.2184,-0.8741
FPT,2020-12-14,15:12:02,HOSE,STOCK,57.0,60.9,53.1,57.0,58.0,56.9,57.2,57.4,24.897,25.333,24.853,24.984,25.071,1443760.0,82873601000.0,0.0,0.0,0.2,0.0874,0.3509
FPT,2020-12-11,15:12:03,HOSE,STOCK,56.5,60.4,52.6,56.6,57.0,56.3,57.0,56.7,24.722,24.897,24.591,24.897,24.766,1750270.0,99242389000.0,0.0,0.0,0.5,0.2184,0.885
FPT,2020-12-10,15:12:02,HOSE,STOCK,57.5,61.5,53.5,57.0,57.7,56.5,56.5,57.19,24.897,25.202,24.678,24.678,24.98,2112490.0,120816231000.0,0.0,0.0,-1.0,-0.4368,-1.7391
FPT,2020-12-09,15:12:02,HOSE,STOCK,56.2,60.1,52.3,56.3,57.8,56.2,57.5,57.18,24.591,25.246,24.547,25.115,24.975,3001820.0,171649801000.0,0.0,0.0,1.3,0.5678,2.3132
FPT,2020-12-08,15:12:02,HOSE,STOCK,55.7,59.5,51.9,55.7,56.6,55.5,56.2,55.94,24.329,24.722,24.241,24.547,24.434,2297110.0,128497644000.0,0.0,0.0,0.5,0.2184,0.8977
FPT,2020-12-07,15:12:02,HOSE,STOCK,55.7,59.5,51.9,55.9,56.0,55.5,55.7,55.74,24.416,24.46,24.241,24.329,24.346,1455180.0,81109426000.0,0.0,0.0,0.0,0.0,0.0
FPT,2020-12-04,15:12:02,HOSE,STOCK,55.6,59.4,51.8,55.4,55.9,55.4,55.7,55.58,24.198,24.416,24.198,24.329,24.276,1380920.0,76745136000.0,0.0,0.0,0.1,0.0437,0.1799
FPT,2020-12-03,15:12:02,HOSE,STOCK,55.6,59.4,51.8,55.5,55.7,55.1,55.6,55.44,24.241,24.329,24.067,24.285,24.215,1627980.0,90261834000.0,0.0,0.0,0.0,0.0,0.0
FPT,2020-12-02,15:12:02,HOSE,STOCK,55.2,59.0,51.4,55.0,55.7,55.0,55.6,55.37,24.023,24.329,24.023,24.285,24.185,2108200.0,116731233000.0,0.0,0.0,0.4,0.1747,0.7246
FPT,2020-12-01,15:12:02,HOSE,STOCK,55.4,59.2,51.6,55.0,55.4,54.8,55.2,55.15,24.023,24.198,23.936,24.11,24.089,3427370.0,189028745000.0,0.0,0.0,-0.2,-0.0874,-0.361
FPT,2020-11-30,15:11:02,HOSE,STOCK,56.2,60.1,52.3,56.7,56.7,55.4,55.4,56.21,24.766,24.766,24.198,24.198,24.552,2761700.0,155238934000.0,0.0,0.0,-0.8,-0.3494,-1.4235
FPT,2020-11-27,15:11:03,HOSE,STOCK,55.7,59.5,51.9,55.9,56.2,55.6,56.2,55.97,24.416,24.547,24.285,24.547,24.447,1986420.0,111171354000.0,0.0,0.0,0.5,0.2184,0.8977
FPT,2020-11-26,15:11:02,HOSE,STOCK,55.2,59.0,51.4,55.5,56.0,54.8,55.7,55.46,24.241,24.46,23.936,24.329,24.224,1635130.0,90684851000.0,0.0,0.0,0.5,0.2184,0.9058
FPT,2020-11-25,15:11:02,HOSE,STOCK,55.6,59.4,51.8,56.3,56.3,55.2,55.2,55.77,24.591,24.591,24.11,24.11,24.359,1835630.0,102378233000.0,0.0,0.0,-0.4,-0.1747,-0.7194
FPT,2020-11-24,15:11:02,HOSE,STOCK,55.9,59.8,52.0,55.9,56.5,55.0,55.6,55.74,24.416,24.678,24.023,24.285,24.346,3003940.0,167426970000.0,0.0,0.0,-0.3,-0.131,-0.5367
FPT,2020-11-23,15:11:02,HOSE,STOCK,55.2,59.0,51.4,55.2,56.2,54.6,55.9,55.43,24.11,24.547,23.848,24.416,24.211,2824640.0,156575723000.0,0.0,0.0,0.7,0.3057,1.2681
FPT,2020-11-20,15:11:02,HOSE,STOCK,55.1,58.9,51.3,55.1,55.9,55.0,55.2,55.35,24.067,24.416,24.023,24.11,24.176,1837360.0,101704521000.0,0.0,0.0,0.1,0.0437,0.1815
FPT,2020-11-19,15:11:03,HOSE,STOCK,54.0,57.7,50.3,54.3,56.0,54.0,55.1,55.04,23.717,24.46,23.586,24.067,24.041,4980430.0,274106727000.0,0.0,0.0,1.1,0.4805,2.037
FPT,2020-11-18,15:11:02,HOSE,STOCK,54.0,57.7,50.3,54.3,54.3,53.7,54.0,53.95,23.717,23.717,23.455,23.586,23.564,1757160.0,94803706000.0,0.0,0.0,0.0,0.0,0.0
FPT,2020-11-17,15:11:02,HOSE,STOCK,53.3,57.0,49.6,53.6,54.1,53.0,54.0,53.59,23.412,23.63,23.15,23.586,23.407,2515530.0,134800572000.0,0.0,0.0,0.7,0.3057,1.3133
FPT,2020-11-16,15:11:02,HOSE,STOCK,53.8,57.5,50.1,54.0,54.4,53.0,53.3,53.82,23.586,23.761,23.15,23.281,23.508,3713690.0,199859087000.0,0.0,0.0,-0.5,-0.2184,-0.9294
FPT,2020-11-13,15:11:02,HOSE,STOCK,53.5,57.2,49.8,53.8,53.8,53.5,53.8,53.66,23.499,23.499,23.368,23.499,23.438,1318170.0,70734852000.0,0.0,0.0,0.3,0.131,0.5607
FPT,2020-11-12,15:11:02,HOSE,STOCK,53.0,56.7,49.3,53.0,53.5,52.9,53.5,53.14,23.15,23.368,23.106,23.368,23.211,1234540.0,65605775000.0,0.0,0.0,0.5,0.2184,0.9434
FPT,2020-11-11,15:11:02,HOSE,STOCK,53.0,56.7,49.3,53.4,53.4,52.7,53.0,52.98,23.324,23.324,23.018,23.15,23.141,1668230.0,88389805000.0,0.0,0.0,0.0,0.0,0.0
FPT,2020-11-10,15:11:02,HOSE,STOCK,53.4,57.1,49.7,54.0,54.0,53.0,53.0,53.61,23.586,23.586,23.15,23.15,23.416,1739340.0,93246300000.0,0.0,0.0,-0.4,-0.1747,-0.7491
FPT,2020-11-09,15:11:02,HOSE,STOCK,52.4,56.0,48.75,52.8,53.4,52.7,53.4,53.13,23.062,23.324,23.018,23.324,23.206,2011650.0,106877281000.0,0.0,0.0,1.0,0.4368,1.9084
FPT,2020-11-06,15:11:02,HOSE,STOCK,52.0,55.6,48.4,52.4,52.8,52.1,52.4,52.42,22.887,23.062,22.756,22.887,22.896,987260.0,51753896000.0,0.0,0.0,0.4,0.1747,0.7692
FPT,2020-11-05,15:11:02,HOSE,STOCK,53.0,56.7,49.3,52.7,53.4,52.0,52.0,52.85,23.018,23.324,22.713,22.713,23.084,1305860.0,69013603000.0,0.0,0.0,-1.0,-0.4368,-1.8868
FPT,2020-11-04,15:11:02,HOSE,STOCK,52.8,56.4,49.15,53.0,53.3,52.5,53.0,52.99,23.15,23.281,22.931,23.15,23.145,1369690.0,72578849000.0,0.0,0.0,0.2,0.0874,0.3788
FPT,2020-11-03,15:11:02,HOSE,STOCK,51.7,55.3,48.1,51.9,52.9,51.7,52.8,52.22,22.669,23.106,22.582,23.062,22.809,2562890.0,133838436000.0,0.0,0.0,1.1,0.4805,2.1277
FPT,2020-11-02,15:11:01,HOSE,STOCK,51.5,55.1,47.9,51.5,51.7,51.2,51.7,51.46,22.494,22.582,22.363,22.582,22.477,866110.0,44569319000.0,0.0,0.0,0.2,0.0874,0.3883
FPT,2020-10-30,15:10:03,HOSE,STOCK,50.9,54.4,47.35,51.4,51.5,50.5,51.5,51.07,22.451,22.494,22.058,22.494,22.307,1469970.0,75075906000.0,0.0,0.0,0.6,0.2621,1.1788
FPT,2020-10-29,15:10:01,HOSE,STOCK,50.7,54.2,47.2,50.4,51.3,50.2,50.9,50.61,22.014,22.407,21.927,22.232,22.106,2719690.0,137655077000.0,0.0,0.0,0.2,0.0874,0.3945
FPT,2020-10-28,15:10:02,HOSE,STOCK,52.1,55.7,48.5,52.0,52.4,50.7,50.7,51.55,22.713,22.887,22.145,22.145,22.516,3596230.0,185397277000.0,0.0,0.0,-1.4,-0.6115,-2.6871
FPT,2020-10-27,15:10:03,HOSE,STOCK,52.8,56.4,49.15,52.9,53.2,52.1,52.1,52.68,23.106,23.237,22.756,22.756,23.01,3188810.0,168001016000.0,0.0,0.0,-0.7,-0.3057,-1.3258
FPT,2020-10-26,15:10:02,HOSE,STOCK,53.9,57.6,50.2,53.9,54.5,52.8,52.8,53.83,23.543,23.805,23.062,23.062,23.512,3852510.0,207366964000.0,0.0,0.0,-1.1,-0.4805,-2.0408
FPT,2020-10-23,15:10:03,HOSE,STOCK,54.0,57.7,50.3,54.2,54.5,53.5,53.9,54.01,23.674,23.805,23.368,23.543,23.591,2646310.0,142926968000.0,0.0,0.0,-0.1,-0.0437,-0.1852
FPT,2020-10-22,15:10:02,HOSE,STOCK,52.8,56.4,49.15,52.8,54.0,52.6,54.0,53.25,23.062,23.586,22.975,23.586,23.259,2346540.0,124955762000.0,0.0,0.0,1.2,0.5241,2.2727
FPT,2020-10-21,15:10:02,HOSE,STOCK,53.2,56.9,49.5,53.2,54.5,52.8,52.8,53.61,23.237,23.805,23.062,23.062,23.416,3305010.0,177173370000.0,0.0,0.0,-0.4,-0.1747,-0.7519
FPT,2020-10-20,15:10:02,HOSE,STOCK,53.3,57.0,49.6,53.1,53.3,52.5,53.2,52.907,23.193,23.281,22.931,23.237,23.109,1886160.0,99791901000.0,0.0,0.0,-0.1,-0.0437,-0.1876
FPT,2020-10-19,15:10:03,HOSE,STOCK,53.2,56.9,49.5,53.6,53.8,53.0,53.3,53.34,23.412,23.499,23.15,23.281,23.298,2333670.0,124468492000.0,0.0,0.0,0.1,0.0437,0.188
FPT,2020-10-16,15:10:02,HOSE,STOCK,51.2,54.7,47.65,51.2,53.9,50.9,53.2,52.82,22.363,23.543,22.232,23.237,23.071,5769540.0,304736538000.0,0.0,0.0,2.0,0.8736,3.9063
FPT,2020-10-15,15:10:01,HOSE,STOCK,51.0,54.5,47.45,51.2,51.4,50.7,51.2,51.03,22.363,22.451,22.145,22.363,22.289,1925370.0,98249085000.0,0.0,0.0,0.2,0.0874,0.3922
FPT,2020-10-14,15:10:03,HOSE,STOCK,50.7,54.2,47.2,50.8,51.4,50.4,51.0,50.962,22.189,22.451,22.014,22.276,22.259,2409760.0,122807023000.0,0.0,0.0,0.3,0.131,0.5917
FPT,2020-10-13,15:10:02,HOSE,STOCK,50.9,54.4,47.35,50.9,51.0,50.5,50.7,50.699,22.232,22.276,22.058,22.145,22.144,1222200.0,61963978000.0,0.0,0.0,-0.2,-0.0874,-0.3929
FPT,2020-10-12,15:10:02,HOSE,STOCK,50.8,54.3,47.25,50.9,51.4,50.6,50.9,50.98,22.232,22.451,22.101,22.232,22.267,1550680.0,79059416000.0,0.0,0.0,0.1,0.0437,0.1969
FPT,2020-10-09,15:10:02,HOSE,STOCK,51.1,54.6,47.55,51.0,51.2,50.8,50.8,50.96,22.276,22.363,22.189,22.189,22.258,1173500.0,59801132000.0,0.0,0.0,-0.3,-0.131,-0.5871
FPT,2020-10-08,15:10:02,HOSE,STOCK,50.4,53.9,46.9,50.5,51.5,50.3,51.1,50.97,22.058,22.494,21.97,22.32,22.263,3062690.0,156120056000.0,0.0,0.0,0.7,0.3058,1.3889
FPT,2020-10-07,15:10:02,HOSE,STOCK,50.5,54.0,47.0,50.2,50.7,50.2,50.4,50.45,21.927,22.145,21.927,22.014,22.036,1493710.0,75364274000.0,0.0,0.0,-0.1,-0.0437,-0.198
FPT,2020-10-06,15:10:02,HOSE,STOCK,50.5,54.0,47.0,50.8,50.9,50.3,50.5,50.6,22.189,22.232,21.97,22.058,22.101,1520290.0,76928443000.0,0.0,0.0,0.0,0.0,0.0
FPT,2020-10-05,15:10:03,HOSE,STOCK,50.3,53.8,46.8,50.4,50.8,49.9,50.5,50.22,22.014,22.189,21.795,22.058,21.935,1498360.0,75247529000.0,0.0,0.0,0.2,0.0874,0.3976
FPT,2020-10-02,15:10:02,HOSE,STOCK,50.8,54.3,47.25,50.8,51.1,49.0,50.3,50.27,22.189,22.32,21.402,21.97,21.957,1947940.0,97924276500.0,0.0,0.0,-0.5,-0.2184,-0.9843
FPT,2020-10-01,15:10:02,HOSE,STOCK,50.0,53.5,46.5,50.2,50.8,50.2,50.8,50.53,21.927,22.189,21.927,22.189,22.071,905510.0,45758866000.0,0.0,0.0,0.8,0.3494,1.6
FPT,2020-09-30,15:09:02,HOSE,STOCK,50.2,53.7,46.7,50.2,50.4,49.75,50.0,50.0,21.927,22.014,21.73,21.839,21.839,2500310.0,125007284500.0,0.0,0.0,-0.2,-0.0874,-0.3984
FPT,2020-09-29,15:09:03,HOSE,STOCK,51.1,54.6,47.55,51.4,51.4,50.2,50.2,50.74,22.451,22.451,21.927,21.927,22.162,1900490.0,96430580000.0,0.0,0.0,-0.9,-0.3931,-1.7613
FPT,2020-09-28,15:09:02,HOSE,STOCK,50.8,54.3,47.25,50.9,51.3,50.6,51.1,50.92,22.232,22.407,22.101,22.32,22.241,1312300.0,66816368000.0,0.0,0.0,0.3,0.131,0.5906
FPT,2020-09-25,15:09:02,HOSE,STOCK,50.5,54.0,47.0,50.7,50.8,50.0,50.8,50.46,22.145,22.189,21.839,22.189,22.04,1205550.0,60829884000.0,0.0,0.0,0.3,0.131,0.5941
FPT,2020-09-24,15:09:03,HOSE,STOCK,51.1,54.6,47.55,50.7,51.0,50.2,50.5,50.65,22.145,22.276,21.927,22.058,22.123,1728380.0,87535174000.0,0.0,0.0,-0.6,-0.2621,-1.1742
FPT,2020-09-23,15:09:03,HOSE,STOCK,51.3,54.8,47.75,51.3,51.5,50.8,51.1,51.16,22.407,22.494,22.189,22.32,22.346,1797680.0,91962772000.0,0.0,0.0,-0.2,-0.0874,-0.3899
FPT,2020-09-22,15:09:05,HOSE,STOCK,51.2,54.7,47.65,50.8,51.3,50.6,51.3,50.99,22.189,22.407,22.101,22.407,22.272,1630570.0,83141865000.0,0.0,0.0,0.1,0.0437,0.1953
FPT,2020-09-21,15:09:03,HOSE,STOCK,51.2,54.7,47.65,51.3,51.7,51.2,51.2,51.43,22.407,22.582,22.363,22.363,22.464,1530250.0,78704400000.0,0.0,0.0,0.0,0.0,0.0
FPT,2020-09-18,15:09:02,HOSE,STOCK,50.0,53.5,46.5,50.1,51.4,50.0,51.2,50.97,21.883,22.451,21.839,22.363,22.263,3306720.0,168558958000.0,0.0,0.0,1.2,0.5241,2.4
FPT,2020-09-17,15:09:03,HOSE,STOCK,50.5,54.0,47.0,50.3,50.5,49.9,50.0,50.1,21.97,22.058,21.795,21.839,21.883,1563010.0,78302870500.0,0.0,0.0,-0.5,-0.2184,-0.9901
FPT,2020-09-16,15:09:03,HOSE,STOCK,50.0,53.5,46.5,50.0,50.8,50.0,50.5,50.48,21.839,22.189,21.839,22.058,22.049,1918130.0,96831372000.0,0.0,0.0,0.5,0.2184,1.0
FPT,2020-09-15,15:09:03,HOSE,STOCK,49.3,52.7,45.85,49.5,50.0,49.3,50.0,49.83,21.621,21.839,21.533,21.839,21.765,1906730.0,95005466500.0,0.0,0.0,0.7,0.3057,1.4199
FPT,2020-09-14,15:09:02,HOSE,STOCK,49.15,52.5,45.75,49.25,49.5,49.1,49.3,49.28,21.512,21.621,21.446,21.533,21.525,1127400.0,55562251500.0,0.0,0.0,0.15,0.0655,0.3052
FPT,2020-09-11,15:09:05,HOSE,STOCK,49.2,52.6,45.8,49.0,49.2,48.85,49.15,49.01,21.402,21.49,21.337,21.468,21.407,872160.0,42748373000.0,0.0,0.0,-0.05,-0.0218,-0.1016
FPT,2020-09-10,15:09:03,HOSE,STOCK,49.2,52.6,45.8,49.5,49.8,49.1,49.2,49.36,21.621,21.752,21.446,21.49,21.56,1005950.0,49655592500.0,0.0,0.0,0.0,0.0,0.0
FPT,2020-09-09,15:09:01,HOSE,STOCK,49.5,52.9,46.05,48.65,49.5,48.6,49.2,48.96,21.25,21.621,21.228,21.49,21.385,1490820.0,72984673000.0,0.0,0.0,-0.3,-0.131,-0.6061
FPT,2020-09-08,15:09:05,HOSE,STOCK,48.5,51.8,45.15,48.75,49.5,48.5,49.5,48.86,21.293,21.621,21.184,21.621,21.341,1628870.0,79581408500.0,0.0,0.0,1.0,0.4368,2.0619
FPT,2020-09-07,15:09:02,HOSE,STOCK,50.0,53.5,46.5,49.95,50.0,48.5,48.5,49.27,21.817,21.839,21.184,21.184,21.52,2270970.0,111893829000.0,0.0,0.0,-1.5,-0.6552,-3.0
FPT,2020-09-04,15:09:03,HOSE,STOCK,50.4,53.9,46.9,49.5,50.0,49.5,50.0,49.75,21.621,21.839,21.621,21.839,21.73,1538510.0,76542797500.0,0.0,0.0,-0.4,-0.1747,-0.7937
FPT,2020-09-03,15:09:02,HOSE,STOCK,49.9,53.3,46.45,50.4,50.5,49.9,50.4,50.21,22.014,22.058,21.795,22.014,21.931,2281510.0,114560311500.0,0.0,0.0,0.5,0.2184,1.002
FPT,2020-09-01,15:09:02,HOSE,STOCK,49.5,52.9,46.05,49.5,50.5,49.35,49.9,49.81,21.621,22.058,21.555,21.795,21.756,1757410.0,87540473000.0,0.0,0.0,0.4,0.1747,0.8081
FPT,2020-08-31,15:08:04,HOSE,STOCK,49.9,53.3,46.45,49.9,50.3,49.35,49.5,49.71,21.795,21.97,21.555,21.621,21.713,1940640.0,96478304000.0,0.0,0.0,-0.4,-0.1747,-0.8016
FPT,2020-08-28,15:08:03,HOSE,STOCK,49.85,53.3,46.4,50.2,51.1,49.9,49.9,50.58,21.927,22.32,21.795,21.795,22.093,4009380.0,202802594000.0,0.0,0.0,0.05,0.0218,0.1003
FPT,2020-08-27,15:08:04,HOSE,STOCK,48.4,51.7,45.05,48.25,50.1,48.25,49.85,49.09,21.075,21.883,21.075,21.774,21.442,3724990.0,182858548500.0,0.0,0.0,1.45,0.6333,2.9959
FPT,2020-08-26,15:08:04,HOSE,STOCK,48.85,52.2,45.45,48.8,48.85,48.2,48.4,48.53,21.315,21.337,21.053,21.14,21.197,1328990.0,64491164500.0,0.0,0.0,-0.45,-0.1965,-0.9212
FPT,2020-08-25,15:08:03,HOSE,STOCK,48.45,51.8,45.1,48.6,48.95,48.55,48.85,48.79,21.228,21.381,21.206,21.337,21.311,3304670.0,161244953000.0,0.0,0.0,0.4,0.1747,0.8256
FPT,2020-08-24,15:08:03,HOSE,STOCK,47.4,50.7,44.1,47.95,48.6,47.85,48.45,48.25,20.944,21.228,20.9,21.162,21.075,3540210.0,170803349500.0,0.0,0.0,1.05,0.4586,2.2152
FPT,2020-08-21,15:08:03,HOSE,STOCK,47.05,50.3,43.8,47.25,47.5,47.2,47.4,47.38,20.638,20.747,20.616,20.704,20.695,1260210.0,59708429500.0,0.0,0.0,0.35,0.1529,0.7439
FPT,2020-08-20,15:08:03,HOSE,STOCK,46.85,50.1,43.6,46.9,47.45,46.85,47.05,47.12,20.485,20.725,20.463,20.551,20.581,1824430.0,85973351000.0,0.0,0.0,0.2,0.0874,0.4269
FPT,2020-08-19,15:08:02,HOSE,STOCK,46.85,50.1,43.6,46.9,47.05,46.65,46.85,46.9,20.485,20.551,20.376,20.463,20.485,877190.0,41137535000.0,0.0,0.0,0.0,0.0,0.0
FPT,2020-08-18,15:08:03,HOSE,STOCK,47.0,50.2,43.75,47.0,47.15,46.8,46.85,46.98,20.529,20.594,20.441,20.463,20.52,625200.0,29369336500.0,0.0,0.0,-0.15,-0.0655,-0.3191
FPT,2020-08-17,15:08:02,HOSE,STOCK,46.8,50.0,43.55,46.9,47.0,46.5,47.0,46.8,20.485,20.529,20.31,20.529,20.441,1048820.0,49088218500.0,0.0,0.0,0.2,0.0874,0.4274
FPT,2020-08-14,15:08:02,HOSE,STOCK,47.95,51.3,44.6,48.1,48.2,47.45,47.8,47.95,20.57,20.613,20.292,20.442,20.506,1633770.0,78333429000.0,0.0,0.0,-0.15,-0.0641,-0.3128
FPT,2020-08-13,15:08:02,HOSE,STOCK,47.5,50.8,44.2,47.7,47.95,47.5,47.95,47.83,20.399,20.506,20.314,20.506,20.455,1709100.0,81740393000.0,0.0,0.0,0.45,0.1924,0.9474
FPT,2020-08-12,15:08:03,HOSE,STOCK,47.0,50.2,43.75,47.1,47.5,46.9,47.5,47.17,20.143,20.314,20.057,20.314,20.172,1233230.0,58168895000.0,0.0,0.0,0.5,0.2138,1.0638
FPT,2020-08-11,15:08:03,HOSE,STOCK,47.2,50.5,43.9,47.45,47.45,47.0,47.0,47.08,20.292,20.292,20.1,20.1,20.134,1209690.0,56956105000.0,0.0,0.0,-0.2,-0.0855,-0.4237
FPT,2020-08-10,15:08:02,HOSE,STOCK,47.1,50.3,43.85,47.35,47.8,47.1,47.2,47.38,20.249,20.442,20.143,20.185,20.262,1160370.0,54979278500.0,0.0,0.0,0.1,0.0428,0.2123
FPT,2020-08-07,15:08:02,HOSE,STOCK,46.8,50.0,43.55,46.8,47.8,46.8,47.1,47.24,20.014,20.442,20.014,20.143,20.202,1283690.0,60644716500.0,0.0,0.0,0.3,0.1283,0.641
FPT,2020-08-06,15:08:02,HOSE,STOCK,47.0,50.2,43.75,47.0,47.25,46.7,46.8,46.97,20.1,20.207,19.971,20.014,20.087,1153660.0,54191537000.0,0.0,0.0,-0.2,-0.0855,-0.4255
FPT,2020-08-05,15:08:01,HOSE,STOCK,46.55,49.8,43.3,46.5,47.15,46.25,47.0,46.91,19.886,20.164,19.779,20.1,20.061,1328520.0,62327430000.0,0.0,0.0,0.45,0.1924,0.9667
FPT,2020-08-04,15:08:03,HOSE,STOCK,45.9,49.1,42.7,46.5,46.8,46.2,46.55,46.53,19.886,20.014,19.758,19.907,19.899,1051310.0,48920575500.0,0.0,0.0,0.65,0.278,1.4161
FPT,2020-08-03,15:08:03,HOSE,STOCK,44.5,47.6,41.4,44.5,45.9,44.5,45.9,45.41,19.031,19.629,19.031,19.629,19.42,1392200.0,63217961500.0,0.0,0.0,1.4,0.5987,3.1461
FPT,2020-07-31,15:07:04,HOSE,STOCK,45.15,48.3,42.0,44.0,45.2,44.0,44.5,44.75,18.817,19.33,18.817,19.031,19.138,1106250.0,49504293500.0,0.0,0.0,-0.65,-0.278,-1.4396
FPT,2020-07-30,15:07:02,HOSE,STOCK,44.55,47.65,41.45,44.6,45.15,44.6,45.15,44.96,19.073,19.309,19.073,19.309,19.227,612240.0,27525045500.0,0.0,0.0,0.6,0.2566,1.3468
FPT,2020-07-29,15:07:02,HOSE,STOCK,45.7,48.85,42.55,44.4,44.9,43.8,44.55,44.18,18.988,19.202,18.731,19.052,18.894,1554200.0,68666807500.0,0.0,0.0,-1.15,-0.4918,-2.5164
FPT,2020-07-28,15:07:03,HOSE,STOCK,43.7,46.75,40.65,44.4,45.8,44.15,45.7,44.745,18.988,19.587,18.881,19.544,19.135,1953510.0,87409096500.0,0.0,0.0,2.0,0.8553,4.5767
FPT,2020-07-27,15:07:01,HOSE,STOCK,45.9,49.1,42.7,45.0,45.9,43.6,43.7,44.64,19.244,19.629,18.646,18.689,19.091,3274350.0,146175302000.0,0.0,0.0,-2.2,-0.9409,-4.793
FPT,2020-07-24,15:07:02,HOSE,STOCK,47.75,51.0,44.45,47.4,47.55,45.4,45.9,46.37,20.271,20.335,19.416,19.629,19.83,3170540.0,147025818500.0,0.0,0.0,-1.85,-0.7911,-3.8743
FPT,2020-07-23,15:07:01,HOSE,STOCK,47.4,50.7,44.1,47.4,47.75,47.1,47.75,47.4,20.271,20.421,20.143,20.421,20.271,918630.0,43544381000.0,0.0,0.0,0.35,0.1497,0.7384
FPT,2020-07-22,15:07:02,HOSE,STOCK,47.8,51.1,44.5,48.0,48.0,47.3,47.4,47.56,20.527,20.527,20.228,20.271,20.339,817890.0,38897318000.0,0.0,0.0,-0.4,-0.1711,-0.8368
FPT,2020-07-21,15:07:02,HOSE,STOCK,47.4,50.7,44.1,47.5,47.95,47.25,47.8,47.58,20.314,20.506,20.207,20.442,20.348,940230.0,44731637000.0,0.0,0.0,0.4,0.1711,0.8439
FPT,2020-07-20,15:07:02,HOSE,STOCK,48.1,51.4,44.75,48.1,48.2,47.35,47.4,47.68,20.57,20.613,20.249,20.271,20.391,2049680.0,97735147000.0,0.0,0.0,-0.7,-0.2994,-1.4553
FPT,2020-07-17,15:07:02,HOSE,STOCK,48.6,52.0,45.2,48.5,48.5,48.1,48.1,48.31,20.741,20.741,20.57,20.57,20.66,1313100.0,63434663500.0,0.0,0.0,-0.5,-0.2138,-1.0288
FPT,2020-07-16,15:07:03,HOSE,STOCK,48.6,52.0,45.2,48.55,48.75,48.4,48.6,48.58,20.763,20.848,20.698,20.784,20.775,1060530.0,51523394500.0,0.0,0.0,0.0,0.0,0.0
FPT,2020-07-15,15:07:02,HOSE,STOCK,48.55,51.9,45.2,48.7,48.95,48.4,48.6,48.72,20.827,20.934,20.698,20.784,20.835,1516540.0,73890405500.0,0.0,0.0,0.05,0.0214,0.103
FPT,2020-07-14,15:07:02,HOSE,STOCK,48.65,52.0,45.25,48.3,48.85,48.3,48.55,48.533,20.656,20.891,20.656,20.763,20.755,1549540.0,75203237500.0,0.0,0.0,-0.1,-0.0428,-0.2055
FPT,2020-07-13,15:07:02,HOSE,STOCK,47.8,51.1,44.5,48.0,48.95,47.75,48.65,48.41,20.527,20.934,20.421,20.805,20.703,2662490.0,128879799500.0,0.0,0.0,0.85,0.3635,1.7782
FPT,2020-07-10,15:07:02,HOSE,STOCK,48.35,51.7,45.0,48.1,48.25,47.5,47.8,47.94,20.57,20.634,20.314,20.442,20.502,1164310.0,55819830500.0,0.0,0.0,-0.55,-0.2352,-1.1375
FPT,2020-07-09,15:07:02,HOSE,STOCK,47.7,51.0,44.4,47.9,48.4,47.8,48.35,48.16,20.485,20.698,20.442,20.677,20.596,2298900.0,110721064000.0,0.0,0.0,0.65,0.278,1.3627
FPT,2020-07-08,15:07:02,HOSE,STOCK,47.45,50.7,44.15,47.3,47.9,47.3,47.7,47.68,20.228,20.485,20.228,20.399,20.391,1472610.0,70209969000.0,0.0,0.0,0.25,0.1069,0.5269
FPT,2020-07-07,15:07:02,HOSE,STOCK,46.8,50.0,43.55,47.0,47.9,47.0,47.45,47.49,20.1,20.485,20.1,20.292,20.309,2739150.0,130074430500.0,0.0,0.0,0.65,0.278,1.3889
FPT,2020-07-06,15:07:03,HOSE,STOCK,46.25,49.45,43.05,46.5,46.95,46.3,46.8,46.57,19.886,20.078,19.8,20.014,19.916,1089910.0,50757936000.0,0.0,0.0,0.55,0.2352,1.1892
FPT,2020-07-03,15:07:02,HOSE,STOCK,46.15,49.35,42.95,46.5,46.5,46.1,46.25,46.25,19.886,19.886,19.715,19.779,19.779,529760.0,24503158500.0,0.0,0.0,0.1,0.0428,0.2167
FPT,2020-07-02,15:07:02,HOSE,STOCK,46.2,49.4,43.0,46.3,46.3,45.95,46.15,46.07,19.8,19.8,19.651,19.736,19.702,539160.0,24838172000.0,0.0,0.0,-0.05,-0.0214,-0.1082
FPT,2020-07-01,15:07:02,HOSE,STOCK,45.65,48.8,42.5,46.0,46.3,45.8,46.2,45.98,19.672,19.8,19.587,19.758,19.664,866660.0,39851325500.0,0.0,0.0,0.55,0.2352,1.2048
FPT,2020-06-30,15:06:02,HOSE,STOCK,46.05,49.25,42.85,46.15,46.4,45.4,45.65,45.9,19.736,19.843,19.416,19.522,19.629,1594210.0,73167974500.0,0.0,0.0,-0.4,-0.1711,-0.8686
FPT,2020-06-29,15:06:02,HOSE,STOCK,46.85,50.1,43.6,46.6,46.6,45.85,46.05,46.08,19.929,19.929,19.608,19.693,19.706,1281220.0,59044407500.0,0.0,0.0,-0.8,-0.3421,-1.7076
FPT,2020-06-26,15:06:02,HOSE,STOCK,46.8,50.0,43.55,46.8,47.15,46.7,46.85,46.91,20.014,20.164,19.971,20.036,20.061,602880.0,28283291500.0,0.0,0.0,0.05,0.0214,0.1068
FPT,2020-06-25,15:06:02,HOSE,STOCK,47.2,50.5,43.9,46.65,47.1,46.6,46.8,46.91,19.95,20.143,19.929,20.014,20.061,730810.0,34279844500.0,0.0,0.0,-0.4,-0.1711,-0.8475
FPT,2020-06-24,15:06:02,HOSE,STOCK,47.55,50.8,44.25,47.9,47.95,47.05,47.2,47.45,20.485,20.506,20.121,20.185,20.292,607000.0,28800156000.0,0.0,0.0,-0.35,-0.1497,-0.7361
FPT,2020-06-23,15:06:02,HOSE,STOCK,47.0,50.2,43.75,46.95,48.4,46.75,47.55,47.5,20.078,20.698,19.993,20.335,20.314,1693730.0,80452232000.0,0.0,0.0,0.55,0.2352,1.1702
FPT,2020-06-22,15:06:02,HOSE,STOCK,47.0,50.2,43.75,47.0,47.0,46.85,47.0,46.94,20.1,20.1,20.036,20.1,20.074,787180.0,36950238500.0,0.0,0.0,0.0,0.0,0.0
FPT,2020-06-19,15:06:02,HOSE,STOCK,46.6,49.85,43.35,46.6,47.0,46.6,47.0,46.89,19.929,20.1,19.929,20.1,20.053,745470.0,34954979500.0,0.0,0.0,0.4,0.1711,0.8584
FPT,2020-06-18,15:06:02,HOSE,STOCK,46.35,49.55,43.15,46.3,46.7,46.15,46.6,46.5,19.8,19.971,19.736,19.929,19.886,822980.0,38265650000.0,0.0,0.0,0.25,0.1069,0.5394
FPT,2020-06-17,15:06:02,HOSE,STOCK,46.6,49.85,43.35,46.7,46.75,46.25,46.35,46.46,19.971,19.993,19.779,19.822,19.869,788630.0,36638321500.0,0.0,0.0,-0.25,-0.1069,-0.5365
FPT,2020-06-16,15:06:02,HOSE,STOCK,46.0,49.2,42.8,46.6,46.8,46.3,46.6,46.53,19.929,20.014,19.8,19.929,19.899,1100730.0,51213264500.0,0.0,0.0,0.6,0.2566,1.3043
FPT,2020-06-15,15:06:02,HOSE,STOCK,47.0,50.2,43.75,48.0,48.0,45.9,46.0,46.47,20.527,20.527,19.629,19.672,19.873,1207500.0,56109432000.0,0.0,0.0,-1.0,-0.4277,-2.1277
FPT,2020-06-12,15:06:02,HOSE,STOCK,46.0,49.2,42.8,45.0,47.0,45.0,47.0,46.07,19.244,20.1,19.244,20.1,19.702,3145450.0,144921767500.0,0.0,0.0,1.0,0.4277,2.1739
FPT,2020-06-11,15:06:02,HOSE,STOCK,48.8,52.2,45.4,48.8,48.8,46.0,46.0,47.64,20.87,20.87,19.672,19.672,20.373,4278060.0,203786936500.0,0.0,0.0,-2.8,-1.1974,-5.7377
FPT,2020-06-10,15:06:02,HOSE,STOCK,48.95,52.3,45.55,49.0,49.0,48.4,48.8,48.68,20.955,20.955,20.698,20.87,20.818,1307540.0,63650764500.0,0.0,0.0,-0.15,-0.0641,-0.3064
FPT,2020-06-09,15:06:03,HOSE,STOCK,49.35,52.8,45.9,49.6,49.65,48.9,48.95,49.34,21.212,21.233,20.912,20.934,21.1,1491540.0,73591234500.0,0.0,0.0,-0.4,-0.1711,-0.8105
FPT,2020-06-08,15:06:03,HOSE,STOCK,48.7,52.1,45.3,49.0,50.0,49.0,49.35,49.62,20.955,21.383,20.955,21.105,21.22,4113250.0,204111136500.0,0.0,0.0,0.65,0.278,1.3347
FPT,2020-06-05,15:06:03,HOSE,STOCK,48.4,51.7,45.05,48.4,48.7,48.15,48.7,48.54,20.698,20.827,20.592,20.827,20.758,1236200.0,60008015500.0,0.0,0.0,0.3,0.1283,0.6198
FPT,2020-06-04,15:06:04,HOSE,STOCK,48.65,52.0,45.25,48.9,48.9,48.4,48.4,48.71,20.912,20.912,20.698,20.698,20.831,1260060.0,61378772000.0,0.0,0.0,-0.25,-0.1069,-0.5139
FPT,2020-06-03,15:06:02,HOSE,STOCK,48.0,51.3,44.65,48.0,48.95,47.9,48.65,48.39,20.527,20.934,20.485,20.805,20.694,1893060.0,91604979000.0,0.0,0.0,0.65,0.278,1.3542
FPT,2020-06-02,15:06:03,HOSE,STOCK,48.3,51.6,44.95,48.3,48.5,48.0,48.0,48.12,20.656,20.741,20.527,20.527,20.579,1456730.0,70095630500.0,0.0,0.0,-0.3,-0.1283,-0.6211
FPT,2020-06-01,15:06:04,HOSE,STOCK,47.95,51.3,44.6,48.0,48.35,48.0,48.3,48.19,20.527,20.677,20.527,20.656,20.609,1298150.0,62553188500.0,0.0,0.0,0.35,0.1497,0.7299
FPT,2020-05-29,15:05:02,HOSE,STOCK,48.0,51.3,44.65,48.0,48.1,47.5,47.95,47.87,20.527,20.57,20.314,20.506,20.472,1346170.0,64434624000.0,0.0,0.0,-0.05,-0.0214,-0.1042
FPT,2020-05-28,15:05:03,HOSE,STOCK,48.0,51.3,44.65,48.2,48.6,48.0,48.0,48.23,20.613,20.784,20.527,20.527,20.626,1194380.0,57600264000.0,0.0,0.0,0.0,0.0,0.0
FPT,2020-05-27,15:05:03,HOSE,STOCK,48.8,52.2,45.4,48.9,49.4,48.0,48.0,48.89,20.912,21.126,20.527,20.527,20.908,2098580.0,102591988000.0,0.0,0.0,-0.8,-0.3421,-1.6393
FPT,2020-05-26,15:05:03,HOSE,STOCK,48.45,51.8,45.1,48.5,48.8,48.35,48.8,48.57,20.741,20.87,20.677,20.87,20.771,1615680.0,78466630000.0,0.0,0.0,0.35,0.1497,0.7224
FPT,2020-05-25,15:05:03,HOSE,STOCK,48.45,51.8,45.1,48.5,48.6,47.8,48.45,48.18,20.741,20.784,20.442,20.72,20.604,2033000.0,97948419500.0,0.0,0.0,0.0,0.0,0.0
FPT,2020-05-22,15:05:02,HOSE,STOCK,49.3,52.7,45.85,49.0,49.0,48.45,48.45,48.74,20.955,20.955,20.72,20.72,20.844,1731720.0,84408439000.0,0.0,0.0,-0.85,-0.3635,-1.7241
FPT,2020-05-21,15:05:02,HOSE,STOCK,48.9,52.3,45.5,48.9,49.3,48.85,49.3,49.07,20.912,21.083,20.891,21.083,20.985,2007060.0,98487577000.0,0.0,0.0,0.4,0.1711,0.818
FPT,2020-05-20,15:05:03,HOSE,STOCK,49.25,52.6,45.85,49.0,49.0,48.55,48.9,48.88,20.955,20.955,20.763,20.912,20.904,1245380.0,60872715500.0,0.0,0.0,-0.35,-0.1497,-0.7107
FPT,2020-05-19,15:05:02,HOSE,STOCK,48.35,51.7,45.0,49.2,49.7,48.6,49.25,49.26,21.041,21.254,20.784,21.062,21.066,2879030.0,141811851000.0,0.0,0.0,0.9,0.3849,1.8614
FPT,2020-05-18,15:05:02,HOSE,STOCK,48.0,51.3,44.65,47.5,48.35,47.4,48.35,47.85,20.314,20.677,20.271,20.677,20.463,2000950.0,95748296500.0,0.0,0.0,0.35,0.1497,0.7292
FPT,2020-05-15,15:05:02,HOSE,STOCK,48.7,52.1,45.3,48.3,48.9,47.75,48.0,48.14,20.656,20.912,20.421,20.527,20.587,2430890.0,117017337500.0,0.0,0.0,-0.7,-0.2994,-1.4374
FPT,2020-05-14,15:05:02,HOSE,STOCK,49.35,52.8,45.9,48.95,49.1,48.5,48.7,48.71,20.934,20.998,20.741,20.827,20.831,2597400.0,126509009500.0,0.0,0.0,-0.65,-0.278,-1.3171
FPT,2020-05-13,15:05:02,HOSE,STOCK,46.45,49.65,43.2,47.5,49.55,47.4,49.35,48.56,20.314,21.19,20.271,21.105,20.767,6853810.0,332800956000.0,0.0,0.0,2.9,1.2402,6.2433
FPT,2020-05-12,15:05:02,HOSE,STOCK,54.0,57.7,50.3,54.0,54.4,53.6,54.4,53.99,19.712,19.859,19.566,19.859,19.709,2828190.0,152698756000.0,0.0,0.0,0.4,0.146,0.7407
FPT,2020-05-11,15:05:02,HOSE,STOCK,53.7,57.4,49.95,54.0,54.4,53.3,54.0,53.95,19.712,19.859,19.457,19.712,19.694,2119430.0,114333510000.0,0.0,0.0,0.3,0.1095,0.5587
FPT,2020-05-08,15:05:01,HOSE,STOCK,53.5,57.2,49.8,53.6,55.1,53.6,53.7,54.33,19.566,20.114,19.566,19.603,19.833,3585320.0,194801669000.0,0.0,0.0,0.2,0.073,0.3738
FPT,2020-05-07,15:05:02,HOSE,STOCK,52.9,56.6,49.2,53.0,53.5,52.4,53.5,52.87,19.347,19.53,19.128,19.53,19.3,2030720.0,107372853000.0,0.0,0.0,0.6,0.219,1.1342
FPT,2020-05-06,15:05:02,HOSE,STOCK,50.9,54.4,47.35,51.0,53.1,51.0,52.9,52.39,18.617,19.384,18.617,19.311,19.125,3470150.0,181788151000.0,0.0,0.0,2.0,0.7301,3.9293
FPT,2020-05-05,15:05:02,HOSE,STOCK,50.5,54.0,47.0,50.8,51.0,50.4,50.9,50.7,18.544,18.617,18.398,18.581,18.508,677990.0,34376280000.0,0.0,0.0,0.4,0.146,0.7921
FPT,2020-05-04,15:05:02,HOSE,STOCK,50.8,54.3,47.25,50.2,50.9,49.8,50.5,50.44,18.325,18.581,18.179,18.435,18.413,895530.0,45174084500.0,0.0,0.0,-0.3,-0.1095,-0.5906
FPT,2020-04-29,15:04:03,HOSE,STOCK,50.7,54.2,47.2,50.8,51.4,50.5,50.8,51.02,18.544,18.763,18.435,18.544,18.625,1349230.0,68843380000.0,0.0,0.0,0.1,0.0365,0.1972
FPT,2020-04-28,15:04:02,HOSE,STOCK,50.7,54.2,47.2,50.7,50.8,50.2,50.7,50.48,18.508,18.544,18.325,18.508,18.428,974310.0,49182489000.0,0.0,0.0,0.0,0.0,0.0
FPT,2020-04-27,15:04:03,HOSE,STOCK,51.0,54.5,47.45,51.5,51.5,50.5,50.7,50.85,18.8,18.8,18.435,18.508,18.563,1419750.0,72191207000.0,0.0,0.0,-0.3,-0.1095,-0.5882
FPT,2020-04-24,15:04:02,HOSE,STOCK,51.0,54.5,47.45,50.9,51.2,50.1,51.0,50.63,18.581,18.69,18.289,18.617,18.482,1411380.0,71454044000.0,0.0,0.0,0.0,0.0,0.0
FPT,2020-04-23,15:04:02,HOSE,STOCK,51.1,54.6,47.55,52.1,52.2,51.0,51.0,51.41,19.019,19.055,18.617,18.617,18.767,1363410.0,70087494000.0,0.0,0.0,-0.1,-0.0365,-0.1957
FPT,2020-04-22,15:04:02,HOSE,STOCK,49.3,52.7,45.85,48.8,51.2,48.7,51.1,50.02,17.814,18.69,17.778,18.654,18.26,2445860.0,122343191500.0,0.0,0.0,1.8,0.6571,3.6511
FPT,2020-04-21,15:04:02,HOSE,STOCK,51.3,54.8,47.75,50.5,50.9,48.9,49.3,49.93,18.435,18.581,17.851,17.997,18.227,3737050.0,186598591000.0,0.0,0.0,-2.0,-0.7301,-3.8986
FPT,2020-04-20,15:04:03,HOSE,STOCK,51.2,54.7,47.65,51.9,52.0,50.7,51.3,51.45,18.946,18.982,18.508,18.727,18.782,2239780.0,115241519000.0,0.0,0.0,0.1,0.0365,0.1953
FPT,2020-04-17,15:04:01,HOSE,STOCK,50.3,53.8,46.8,51.2,51.3,50.2,51.2,50.87,18.69,18.727,18.325,18.69,18.57,2631630.0,133883025000.0,0.0,0.0,0.9,0.3285,1.7893
FPT,2020-04-16,15:04:02,HOSE,STOCK,50.1,53.6,46.6,49.7,50.8,49.3,50.3,50.04,18.143,18.544,17.997,18.362,18.267,1508480.0,75488728000.0,0.0,0.0,0.2,0.073,0.3992
FPT,2020-04-15,15:04:02,HOSE,STOCK,49.5,52.9,46.05,50.5,50.8,49.85,50.1,50.18,18.435,18.544,18.198,18.289,18.318,2205200.0,110653732000.0,0.0,0.0,0.6,0.219,1.2121
FPT,2020-04-14,15:04:02,HOSE,STOCK,46.5,49.75,43.25,47.6,49.5,47.0,49.5,48.23,17.376,18.07,17.157,18.07,17.606,4072050.0,196374631000.0,0.0,0.0,3.0,1.0952,6.4516
FPT,2020-04-13,15:04:03,HOSE,STOCK,46.4,49.6,43.2,46.4,47.0,46.1,46.5,46.63,16.938,17.157,16.829,16.975,17.022,1255360.0,58533548000.0,0.0,0.0,0.1,0.0365,0.2155
FPT,2020-04-10,15:04:01,HOSE,STOCK,46.85,50.1,43.6,46.6,47.0,45.9,46.4,46.44,17.011,17.157,16.756,16.938,16.953,1882020.0,87403235000.0,0.0,0.0,-0.45,-0.1643,-0.9605
FPT,2020-04-09,15:04:02,HOSE,STOCK,46.85,50.1,43.6,47.0,47.6,46.5,46.85,47.26,17.157,17.376,16.975,17.102,17.252,2142370.0,101242640500.0,0.0,0.0,0.0,0.0,0.0
FPT,2020-04-08,15:04:02,HOSE,STOCK,47.3,50.6,44.0,46.1,47.05,45.75,46.85,46.34,16.829,17.175,16.701,17.102,16.916,1576670.0,73069045000.0,0.0,0.0,-0.45,-0.1643,-0.9514
FPT,2020-04-07,15:04:02,HOSE,STOCK,47.5,50.8,44.2,47.5,47.7,46.5,47.3,47.15,17.34,17.413,16.975,17.267,17.212,2463810.0,116163648000.0,0.0,0.0,-0.2,-0.073,-0.4211
FPT,2020-04-06,15:04:02,HOSE,STOCK,44.6,47.7,41.5,46.0,47.5,45.5,47.5,46.59,16.792,17.34,16.61,17.34,17.007,2718990.0,126680145000.0,0.0,0.0,2.9,1.0587,6.5022
FPT,2020-04-03,15:04:02,HOSE,STOCK,42.3,45.25,39.35,43.0,44.65,42.7,44.6,43.97,15.697,16.299,15.587,16.281,16.051,2072000.0,91103643500.0,0.0,0.0,2.3,0.8396,5.4374
FPT,2020-04-01,15:04:02,HOSE,STOCK,41.1,43.95,38.25,40.8,43.2,40.8,42.3,42.32,14.894,15.77,14.894,15.441,15.449,1453030.0,61490586500.0,0.0,0.0,1.2,0.438,2.9197
FPT,2020-03-31,15:03:03,HOSE,STOCK,40.4,43.2,37.6,41.5,42.4,40.1,41.1,41.36,15.149,15.478,14.638,15.003,15.098,1663050.0,68787624500.0,0.0,0.0,0.7,0.2555,1.7327
FPT,2020-03-30,15:03:02,HOSE,STOCK,43.1,46.1,40.1,40.5,41.1,40.1,40.4,40.47,14.784,15.003,14.638,14.748,14.773,2157690.0,87326977500.0,0.0,0.0,-2.7,-0.9856,-6.2645
FPT,2020-03-27,15:03:02,HOSE,STOCK,44.2,47.25,41.15,44.4,44.4,42.9,43.1,43.7,16.208,16.208,15.66,15.733,15.953,2633750.0,115091645000.0,0.0,0.0,-1.1,-0.4015,-2.4887
FPT,2020-03-26,15:03:02,HOSE,STOCK,46.0,49.2,42.8,45.5,45.85,44.2,44.2,44.94,16.61,16.737,16.135,16.135,16.405,2358310.0,105976497000.0,0.0,0.0,-1.8,-0.6571,-3.913
FPT,2020-03-25,15:03:02,HOSE,STOCK,44.5,47.6,41.4,46.0,46.4,45.15,46.0,45.71,16.792,16.938,16.482,16.792,16.686,2131790.0,97433585000.0,0.0,0.0,1.5,0.5476,3.3708
FPT,2020-03-24,15:03:02,HOSE,STOCK,44.4,47.5,41.3,45.0,45.0,43.5,44.5,44.49,16.427,16.427,15.88,16.245,16.241,2191500.0,97504014500.0,0.0,0.0,0.1,0.0365,0.2252
FPT,2020-03-23,15:03:02,HOSE,STOCK,47.7,51.0,44.4,46.1,46.9,44.4,44.4,44.93,16.829,17.121,16.208,16.208,16.402,2826690.0,127013714000.0,0.0,0.0,-3.3,-1.2046,-6.9182
FPT,2020-03-20,15:03:02,HOSE,STOCK,47.7,51.0,44.4,48.2,48.25,47.35,47.7,47.72,17.595,17.613,17.285,17.413,17.42,1291360.0,61618128500.0,0.0,0.0,0.0,0.0,0.0
FPT,2020-03-19,15:03:02,HOSE,STOCK,48.4,51.7,45.05,47.6,48.1,47.6,47.7,47.88,17.376,17.559,17.376,17.413,17.478,1296590.0,62078518500.0,0.0,0.0,-0.7,-0.2555,-1.4463
FPT,2020-03-18,15:03:02,HOSE,STOCK,48.5,51.8,45.15,49.0,49.1,48.35,48.4,48.68,17.887,17.924,17.65,17.668,17.77,1642800.0,79974475000.0,0.0,0.0,-0.1,-0.0365,-0.2062
FPT,2020-03-17,15:03:02,HOSE,STOCK,47.6,50.9,44.3,47.0,48.5,46.5,48.5,47.82,17.157,17.705,16.975,17.705,17.457,2474650.0,118342924500.0,0.0,0.0,0.9,0.3285,1.8908
FPT,2020-03-16,15:03:03,HOSE,STOCK,48.15,51.5,44.8,48.15,49.7,47.5,47.6,48.47,17.577,18.143,17.34,17.376,17.694,1898960.0,92042797500.0,0.0,0.0,-0.55,-0.2008,-1.1423
FPT,2020-03-13,15:03:03,HOSE,STOCK,48.1,51.4,44.75,45.3,50.0,45.2,48.15,46.93,16.537,18.252,16.5,17.577,17.132,2919140.0,136991610500.0,0.0,0.0,0.05,0.0183,0.104
FPT,2020-03-12,15:03:07,HOSE,STOCK,50.8,54.3,47.25,48.6,49.3,47.3,48.1,48.41,17.741,17.997,17.267,17.559,17.672,3981670.0,192751627000.0,0.0,0.0,-2.7,-0.9856,-5.315
FPT,2020-03-11,15:03:03,HOSE,STOCK,51.7,55.3,48.1,52.0,52.5,49.5,50.8,50.8,18.982,19.165,18.07,18.544,18.544,2753310.0,139855627500.0,0.0,0.0,-0.9,-0.3285,-1.7408
FPT,2020-03-10,15:03:03,HOSE,STOCK,50.3,53.8,46.8,51.0,52.0,50.3,51.7,51.37,18.617,18.982,18.362,18.873,18.752,2030340.0,104301113000.0,0.0,0.0,1.4,0.5111,2.7833
FPT,2020-03-09,15:03:02,HOSE,STOCK,54.0,57.7,50.3,51.2,52.0,50.3,50.3,50.9,18.69,18.982,18.362,18.362,18.581,4735140.0,241029304000.0,0.0,0.0,-3.7,-1.3507,-6.8519
FPT,2020-03-06,15:03:04,HOSE,STOCK,54.6,58.4,50.8,54.2,54.3,53.5,54.0,54.0,19.785,19.822,19.53,19.712,19.712,1305030.0,70474896000.0,0.0,0.0,-0.6,-0.219,-1.0989
FPT,2020-03-05,15:03:04,HOSE,STOCK,55.5,59.3,51.7,55.5,55.9,54.6,54.6,55.1,20.26,20.406,19.932,19.932,20.114,1296450.0,71436442000.0,0.0,0.0,-0.9,-0.3285,-1.6216
FPT,2020-03-04,15:03:02,HOSE,STOCK,55.9,59.8,52.0,55.5,55.5,54.9,55.5,55.13,20.26,20.26,20.041,20.26,20.125,1660790.0,91558294000.0,0.0,0.0,-0.4,-0.146,-0.7156
FPT,2020-03-03,15:03:03,HOSE,STOCK,55.7,59.5,51.9,56.2,57.0,55.7,55.9,56.18,20.516,20.808,20.333,20.406,20.508,1193800.0,67069525000.0,0.0,0.0,0.2,0.073,0.3591
FPT,2020-03-02,15:03:04,HOSE,STOCK,55.1,58.9,51.3,55.1,56.2,54.8,55.7,55.5,20.114,20.516,20.005,20.333,20.26,1787060.0,99176414000.0,0.0,0.0,0.6,0.219,1.0889
FPT,2020-02-28,15:02:02,HOSE,STOCK,56.0,59.9,52.1,55.0,55.7,54.6,55.1,54.99,20.078,20.333,19.932,20.114,20.074,2132200.0,117254287000.0,0.0,0.0,-0.9,-0.3285,-1.6071
FPT,2020-02-27,15:02:02,HOSE,STOCK,55.0,58.8,51.2,55.0,56.5,54.6,56.0,55.69,20.078,20.625,19.932,20.443,20.329,2927040.0,162999924000.0,0.0,0.0,1.0,0.3651,1.8182
FPT,2020-02-26,15:02:03,HOSE,STOCK,54.0,57.7,50.3,53.4,55.2,53.0,55.0,54.61,19.493,20.151,19.347,20.078,19.935,3221270.0,175915542000.0,0.0,0.0,1.0,0.3651,1.8519
FPT,2020-02-25,15:02:02,HOSE,STOCK,52.5,56.1,48.85,52.1,54.0,52.0,54.0,52.79,19.019,19.712,18.982,19.712,19.271,1407720.0,74317657000.0,0.0,0.0,1.5,0.5476,2.8571
FPT,2020-02-24,15:02:03,HOSE,STOCK,54.7,58.5,50.9,53.1,53.9,52.5,52.5,53.11,19.384,19.676,19.165,19.165,19.388,2261990.0,120125735000.0,0.0,0.0,-2.2,-0.8031,-4.0219
FPT,2020-02-21,15:02:02,HOSE,STOCK,55.8,59.7,51.9,55.9,55.9,54.7,54.7,55.25,20.406,20.406,19.968,19.968,20.169,1458040.0,80556161000.0,0.0,0.0,-1.1,-0.4016,-1.9713
FPT,2020-02-20,15:02:03,HOSE,STOCK,55.7,59.5,51.9,56.1,56.4,55.5,55.8,55.79,20.479,20.589,20.26,20.37,20.366,780810.0,43565259000.0,0.0,0.0,0.1,0.0365,0.1795
FPT,2020-02-19,15:02:02,HOSE,STOCK,56.0,59.9,52.1,55.9,56.2,55.5,55.7,55.9,20.406,20.516,20.26,20.333,20.406,681250.0,38082381000.0,0.0,0.0,-0.3,-0.1095,-0.5357
FPT,2020-02-18,15:02:04,HOSE,STOCK,54.2,57.9,50.5,54.4,56.0,54.3,56.0,55.23,19.859,20.443,19.822,20.443,20.161,1760940.0,97252258000.0,0.0,0.0,1.8,0.6571,3.321
FPT,2020-02-17,15:02:03,HOSE,STOCK,54.5,58.3,50.7,54.6,54.6,54.0,54.2,54.24,19.932,19.932,19.712,19.785,19.8,726390.0,39401593000.0,0.0,0.0,-0.3,-0.1095,-0.5505
FPT,2020-02-14,15:02:03,HOSE,STOCK,54.3,58.1,50.5,54.1,54.5,54.0,54.5,54.25,19.749,19.895,19.712,19.895,19.804,884240.0,47966144000.0,0.0,0.0,0.2,0.073,0.3683
FPT,2020-02-13,15:02:03,HOSE,STOCK,54.1,57.8,50.4,54.1,54.5,53.7,54.3,54.02,19.749,19.895,19.603,19.822,19.72,1030570.0,55672550000.0,0.0,0.0,0.2,0.073,0.3697
FPT,2020-02-12,15:02:02,HOSE,STOCK,53.6,57.3,49.85,53.8,54.7,53.7,54.1,54.19,19.639,19.968,19.603,19.749,19.782,1104870.0,59877843000.0,0.0,0.0,0.5,0.1825,0.9328
FPT,2020-02-11,15:02:04,HOSE,STOCK,52.6,56.2,48.95,52.9,53.7,52.7,53.6,53.38,19.311,19.603,19.238,19.566,19.486,1085380.0,57937618000.0,0.0,0.0,1.0,0.365,1.9011
FPT,2020-02-10,15:02:02,HOSE,STOCK,53.3,57.0,49.6,52.4,53.0,52.1,52.6,52.55,19.128,19.347,19.019,19.201,19.183,738090.0,38790127000.0,0.0,0.0,-0.7,-0.2555,-1.3133
FPT,2020-02-07,15:02:03,HOSE,STOCK,53.6,57.3,49.85,53.0,53.5,52.8,53.3,53.09,19.347,19.53,19.274,19.457,19.38,1218660.0,64699762000.0,0.0,0.0,-0.3,-0.1095,-0.5597
FPT,2020-02-06,15:02:03,HOSE,STOCK,52.0,55.6,48.4,52.5,53.6,51.8,53.6,52.73,19.165,19.566,18.909,19.566,19.249,1708550.0,90089070000.0,0.0,0.0,1.6,0.5841,3.0769
FPT,2020-02-05,15:02:02,HOSE,STOCK,51.8,55.4,48.2,52.3,52.8,52.0,52.0,52.37,19.092,19.274,18.982,18.982,19.117,1648620.0,86332676000.0,0.0,0.0,0.2,0.073,0.3861
FPT,2020-02-04,15:02:02,HOSE,STOCK,51.5,55.1,47.9,52.4,52.4,51.0,51.8,51.75,19.128,19.128,18.617,18.909,18.891,1651440.0,85469356000.0,0.0,0.0,0.3,0.1095,0.5825
FPT,2020-02-03,15:02:03,HOSE,STOCK,52.0,55.6,48.4,49.6,52.5,49.0,51.5,50.21,18.106,19.165,17.887,18.8,18.329,3602970.0,180912076000.0,0.0,0.0,-0.5,-0.1825,-0.9615
FPT,2020-01-31,15:01:02,HOSE,STOCK,54.7,58.5,50.9,54.0,54.9,52.0,52.0,53.01,19.712,20.041,18.982,18.982,19.351,4118150.0,218291859000.0,0.0,0.0,-2.7,-0.9856,-4.936
FPT,2020-01-30,15:01:01,HOSE,STOCK,56.5,60.4,52.6,55.3,55.8,53.9,54.7,54.98,20.187,20.37,19.676,19.968,20.07,2638460.0,145071174000.0,0.0,0.0,-1.8,-0.6571,-3.1858
FPT,2020-01-22,15:01:02,HOSE,STOCK,55.5,59.3,51.7,55.0,56.5,54.7,56.5,55.39,20.078,20.625,19.968,20.625,20.22,3165650.0,175354639000.0,0.0,0.0,1.0,0.365,1.8018
FPT,2020-01-21,15:01:03,HOSE,STOCK,57.4,61.4,53.4,57.8,58.0,55.5,55.5,56.53,21.1,21.173,20.26,20.26,20.636,4351820.0,246007353000.0,0.0,0.0,-1.9,-0.6936,-3.3101
FPT,2020-01-20,15:01:02,HOSE,STOCK,57.6,61.6,53.6,57.5,58.0,57.2,57.4,57.54,20.99,21.173,20.881,20.954,21.005,1227100.0,70608934000.0,0.0,0.0,-0.2,-0.073,-0.3472
FPT,2020-01-17,15:01:02,HOSE,STOCK,58.0,62.0,54.0,58.0,58.1,57.0,57.6,57.53,21.173,21.209,20.808,21.027,21.001,1388810.0,79894853000.0,0.0,0.0,-0.4,-0.146,-0.6897
FPT,2020-01-16,15:01:01,HOSE,STOCK,57.0,60.9,53.1,57.0,58.2,57.0,58.0,57.77,20.808,21.246,20.808,21.173,21.089,1942970.0,112251754000.0,0.0,0.0,1.0,0.3651,1.7544
FPT,2020-01-15,15:01:02,HOSE,STOCK,57.0,60.9,53.1,57.0,57.1,56.8,57.0,56.95,20.808,20.844,20.735,20.808,20.789,940870.0,53581437000.0,0.0,0.0,0.0,0.0,0.0
FPT,2020-01-14,15:01:02,HOSE,STOCK,57.1,61.0,53.2,57.1,57.4,57.0,57.0,57.16,20.844,20.954,20.808,20.808,20.866,721680.0,41251631000.0,0.0,0.0,-0.1,-0.0365,-0.1751
FPT,2020-01-13,15:01:03,HOSE,STOCK,57.5,61.5,53.5,57.4,57.6,57.0,57.1,57.18,20.954,21.027,20.808,20.844,20.873,786760.0,44986242000.0,0.0,0.0,-0.4,-0.146,-0.6957
FPT,2020-01-10,15:01:03,HOSE,STOCK,57.6,61.6,53.6,57.5,57.8,57.1,57.5,57.42,20.99,21.1,20.844,20.99,20.961,1018650.0,58494998000.0,0.0,0.0,-0.1,-0.0365,-0.1736
FPT,2020-01-09,15:01:03,HOSE,STOCK,56.8,60.7,52.9,57.3,57.7,57.1,57.6,57.43,20.917,21.063,20.844,21.027,20.965,967050.0,55536630000.0,0.0,0.0,0.8,0.292,1.4085
FPT,2020-01-08,15:01:02,HOSE,STOCK,58.1,62.1,54.1,57.5,57.7,56.8,56.8,57.13,20.99,21.063,20.735,20.735,20.855,1814290.0,103653752000.0,0.0,0.0,-1.3,-0.4746,-2.2375
FPT,2020-01-07,15:01:02,HOSE,STOCK,57.0,60.9,53.1,57.3,58.1,57.0,58.1,57.63,20.917,21.209,20.808,21.209,21.038,837240.0,48253267000.0,0.0,0.0,1.1,0.4015,1.9298
FPT,2020-01-06,15:01:02,HOSE,STOCK,57.6,61.6,53.6,57.1,57.6,56.8,57.0,57.16,20.844,21.027,20.735,20.808,20.866,1091660.0,62404164000.0,0.0,0.0,-0.6,-0.219,-1.0417
FPT,2020-01-03,15:01:03,HOSE,STOCK,58.6,62.7,54.5,58.9,59.1,57.4,57.6,58.08,21.501,21.574,20.954,21.027,21.202,2047880.0,118934174000.0,0.0,0.0,-1.0,-0.3651,-1.7065
FPT,2020-01-02,15:01:02,HOSE,STOCK,58.3,62.3,54.3,58.3,59.0,58.0,58.6,58.6,21.282,21.538,21.173,21.392,21.392,896720.0,52545494000.0,0.0,0.0,0.3,0.1095,0.5146
FPT,2019-12-31,15:12:01,HOSE,STOCK,58.6,62.7,54.5,58.6,58.7,58.0,58.3,58.31,21.392,21.428,21.173,21.282,21.286,689030.0,40174745000.0,0.0,0.0,-0.3,-0.1095,-0.5119
FPT,2019-12-30,15:12:02,HOSE,STOCK,57.6,61.6,53.6,57.8,58.9,57.6,58.6,58.26,21.1,21.501,21.027,21.392,21.268,2881060.0,167855027000.0,0.0,0.0,1.0,0.3651,1.7361
FPT,2019-12-27,15:12:02,HOSE,STOCK,57.4,61.4,53.4,57.4,57.8,56.8,57.6,57.31,20.954,21.1,20.735,21.027,20.921,1004860.0,57592956000.0,0.0,0.0,0.2,0.073,0.3484
FPT,2019-12-26,15:12:03,HOSE,STOCK,57.5,61.5,53.5,57.8,58.1,57.4,57.4,57.71,21.1,21.209,20.954,20.954,21.067,1124500.0,64895328000.0,0.0,0.0,-0.1,-0.0365,-0.1739
FPT,2019-12-25,15:12:01,HOSE,STOCK,56.4,60.3,52.5,56.4,57.9,56.4,57.5,57.3,20.589,21.136,20.589,20.99,20.917,1604350.0,91937082000.0,0.0,0.0,1.1,0.4015,1.9504
FPT,2019-12-24,15:12:03,HOSE,STOCK,56.1,60.0,52.2,56.4,56.5,56.1,56.4,56.28,20.589,20.625,20.479,20.589,20.545,692100.0,38953092000.0,0.0,0.0,0.3,0.1095,0.5348
FPT,2019-12-23,15:12:01,HOSE,STOCK,56.5,60.4,52.6,56.9,57.0,56.0,56.1,56.44,20.771,20.808,20.443,20.479,20.603,766000.0,43234144000.0,0.0,0.0,-0.4,-0.146,-0.708
FPT,2019-12-20,15:12:02,HOSE,STOCK,55.8,59.7,51.9,56.0,56.7,55.8,56.5,56.27,20.443,20.698,20.37,20.625,20.541,777100.0,43728797000.0,0.0,0.0,0.7,0.2555,1.2545
FPT,2019-12-19,15:12:02,HOSE,STOCK,55.5,59.3,51.7,55.5,56.2,55.4,55.8,55.86,20.26,20.516,20.224,20.37,20.391,817820.0,45682086000.0,0.0,0.0,0.3,0.1095,0.5405
FPT,2019-12-18,15:12:02,HOSE,STOCK,55.4,59.2,51.6,55.4,56.0,55.0,55.5,55.58,20.224,20.443,20.078,20.26,20.289,1022490.0,56825474000.0,0.0,0.0,0.1,0.0365,0.1805
FPT,2019-12-17,15:12:01,HOSE,STOCK,56.5,60.4,52.6,56.2,56.4,55.1,55.4,55.56,20.516,20.589,20.114,20.224,20.282,2211360.0,122862986000.0,0.0,0.0,-1.1,-0.4016,-1.9469
FPT,2019-12-16,15:12:02,HOSE,STOCK,57.1,61.0,53.2,57.1,57.1,56.4,56.5,56.69,20.844,20.844,20.589,20.625,20.694,968130.0,54884951000.0,0.0,0.0,-0.6,-0.219,-1.0508
FPT,2019-12-13,15:12:01,HOSE,STOCK,57.0,60.9,53.1,57.2,57.5,56.9,57.1,57.19,20.881,20.99,20.771,20.844,20.877,1681700.0,96171996000.0,0.0,0.0,0.1,0.0365,0.1754
FPT,2019-12-12,15:12:02,HOSE,STOCK,56.5,60.4,52.6,56.8,57.2,56.7,57.0,56.96,20.735,20.881,20.698,20.808,20.793,942410.0,53680158000.0,0.0,0.0,0.5,0.1825,0.885
FPT,2019-12-11,15:12:02,HOSE,STOCK,55.5,59.3,51.7,55.5,56.6,55.2,56.5,55.88,20.26,20.662,20.151,20.625,20.399,877960.0,49061538000.0,0.0,0.0,1.0,0.365,1.8018
FPT,2019-12-10,15:12:04,HOSE,STOCK,55.3,59.1,51.5,55.3,55.8,54.8,55.5,55.29,20.187,20.37,20.005,20.26,20.183,797100.0,44069405000.0,0.0,0.0,0.2,0.073,0.3617
FPT,2019-12-09,15:12:02,HOSE,STOCK,55.0,58.8,51.2,55.2,55.8,55.0,55.3,55.42,20.151,20.37,20.078,20.187,20.231,700960.0,38844250000.0,0.0,0.0,0.3,0.1095,0.5455
FPT,2019-12-06,15:12:02,HOSE,STOCK,54.9,58.7,51.1,55.0,55.4,54.7,55.0,54.98,20.078,20.224,19.968,20.078,20.07,556160.0,30575059000.0,0.0,0.0,0.1,0.0365,0.1821
FPT,2019-12-05,15:12:02,HOSE,STOCK,55.4,59.2,51.6,55.5,55.8,54.8,54.9,55.38,20.26,20.37,20.005,20.041,20.216,1144000.0,63351393000.0,0.0,0.0,-0.5,-0.1825,-0.9025
FPT,2019-12-04,15:12:02,HOSE,STOCK,54.5,58.3,50.7,54.5,55.5,54.0,55.4,54.93,19.895,20.26,19.712,20.224,20.052,932130.0,51202172000.0,0.0,0.0,0.9,0.3285,1.6514
FPT,2019-12-03,15:12:03,HOSE,STOCK,54.6,58.4,50.8,54.2,55.2,53.3,54.5,54.26,19.785,20.151,19.457,19.895,19.807,1619120.0,87858907000.0,0.0,0.0,-0.1,-0.0365,-0.1832
FPT,2019-12-02,15:12:02,HOSE,STOCK,56.4,60.3,52.5,56.5,56.5,54.6,54.6,55.37,20.625,20.625,19.932,19.932,20.213,1992380.0,110321404000.0,0.0,0.0,-1.8,-0.6571,-3.1915
FPT,2019-11-29,15:11:02,HOSE,STOCK,56.0,59.9,52.1,56.0,56.8,55.8,56.4,56.38,20.443,20.735,20.37,20.589,20.581,739370.0,41686663000.0,0.0,0.0,0.4,0.146,0.7143
FPT,2019-11-28,15:11:04,HOSE,STOCK,57.0,60.9,53.1,56.9,56.9,55.8,56.0,56.29,20.771,20.771,20.37,20.443,20.548,1370820.0,77157301000.0,0.0,0.0,-1.0,-0.3651,-1.7544
FPT,2019-11-27,15:11:03,HOSE,STOCK,57.1,61.0,53.2,57.2,57.4,56.9,57.0,57.08,20.881,20.954,20.771,20.808,20.837,812280.0,46360982000.0,0.0,0.0,-0.1,-0.0365,-0.1751
FPT,2019-11-26,15:11:02,HOSE,STOCK,56.6,60.5,52.7,57.0,57.2,56.8,57.1,57.0,20.808,20.881,20.735,20.844,20.808,968690.0,55214001000.0,0.0,0.0,0.5,0.1825,0.8834
FPT,2019-11-25,15:11:03,HOSE,STOCK,56.0,59.9,52.1,56.1,57.0,55.8,56.6,56.47,20.479,20.808,20.37,20.662,20.614,1087990.0,61436628000.0,0.0,0.0,0.6,0.219,1.0714
FPT,2019-11-22,15:11:02,HOSE,STOCK,56.0,59.9,52.1,56.3,57.1,55.5,56.0,56.15,20.552,20.844,20.26,20.443,20.497,1625820.0,91296637000.0,0.0,0.0,0.0,0.0,0.0
FPT,2019-11-21,15:11:04,HOSE,STOCK,56.8,60.7,52.9,56.8,57.1,55.9,56.0,56.27,20.735,20.844,20.406,20.443,20.541,3303950.0,185925798000.0,0.0,0.0,-0.8,-0.292,-1.4085
FPT,2019-11-20,15:11:04,HOSE,STOCK,58.3,62.3,54.3,58.2,58.2,56.6,56.8,57.3,21.246,21.246,20.662,20.735,20.917,2291760.0,131320054000.0,0.0,0.0,-1.5,-0.5476,-2.5729
FPT,2019-11-19,15:11:04,HOSE,STOCK,57.5,61.5,53.5,57.5,58.3,57.5,58.3,57.87,20.99,21.282,20.99,21.282,21.125,1059770.0,61332426000.0,0.0,0.0,0.8,0.292,1.3913
FPT,2019-11-18,15:11:02,HOSE,STOCK,58.6,62.7,54.5,58.4,58.8,57.1,57.5,57.74,21.319,21.465,20.844,20.99,21.078,2794920.0,161374539000.0,0.0,0.0,-1.1,-0.4015,-1.8771
FPT,2019-11-15,15:11:02,HOSE,STOCK,58.3,62.3,54.3,58.3,58.8,57.7,58.6,58.32,21.282,21.465,21.063,21.392,21.289,2568040.0,149771904000.0,0.0,0.0,0.3,0.1095,0.5146
FPT,2019-11-14,15:11:02,HOSE,STOCK,60.5,64.7,56.3,60.5,61.0,57.5,58.3,59.05,22.085,22.268,20.99,21.282,21.556,4799390.0,283396164000.0,0.0,0.0,-2.2,-0.8031,-3.6364
FPT,2019-11-13,15:11:05,HOSE,STOCK,61.0,65.2,56.8,61.2,61.3,60.5,60.5,60.86,22.341,22.377,22.085,22.085,22.217,1333940.0,81179088000.0,0.0,0.0,-0.5,-0.1825,-0.8197
FPT,2019-11-12,15:11:03,HOSE,STOCK,60.0,64.2,55.8,60.0,61.3,60.0,61.0,60.83,21.903,22.377,21.903,22.268,22.206,2842650.0,172928253000.0,0.0,0.0,1.0,0.365,1.6667
FPT,2019-11-11,15:11:02,HOSE,STOCK,59.6,63.7,55.5,59.7,60.6,59.5,60.0,60.15,21.793,22.122,21.72,21.903,21.958,2180490.0,131164647000.0,0.0,0.0,0.4,0.146,0.6711
FPT,2019-11-08,15:11:01,HOSE,STOCK,59.5,63.6,55.4,59.8,59.8,59.2,59.6,59.5,21.83,21.83,21.611,21.757,21.72,1219540.0,72560246000.0,0.0,0.0,0.1,0.0365,0.1681
FPT,2019-11-07,15:11:02,HOSE,STOCK,59.5,63.6,55.4,59.5,59.9,59.2,59.5,59.5,21.72,21.866,21.611,21.72,21.72,1438030.0,85562587000.0,0.0,0.0,0.0,0.0,0.0
FPT,2019-11-06,15:11:01,HOSE,STOCK,59.8,63.9,55.7,59.8,60.4,59.5,59.5,59.87,21.83,22.049,21.72,21.72,21.855,1551610.0,92901693000.0,0.0,0.0,-0.3,-0.1095,-0.5017
FPT,2019-11-05,15:11:03,HOSE,STOCK,59.9,64.0,55.8,60.1,60.1,59.4,59.8,59.74,21.939,21.939,21.684,21.83,21.808,1239520.0,74054151000.0,0.0,0.0,-0.1,-0.0365,-0.1669
FPT,2019-11-04,15:11:03,HOSE,STOCK,58.5,62.5,54.5,58.7,60.5,58.7,59.9,59.69,21.428,22.085,21.428,21.866,21.79,5811560.0,346900548000.0,0.0,0.0,1.4,0.5111,2.3932
FPT,2019-11-01,15:11:03,HOSE,STOCK,57.9,61.9,53.9,58.0,58.7,57.6,58.5,58.21,21.173,21.428,21.027,21.355,21.249,1732950.0,100874994000.0,0.0,0.0,0.6,0.219,1.0363
FPT,2019-10-31,15:10:04,HOSE,STOCK,57.8,61.8,53.8,58.0,58.7,57.8,57.9,58.19,21.173,21.428,21.1,21.136,21.242,1263390.0,73519623000.0,0.0,0.0,0.1,0.0365,0.173
FPT,2019-10-30,15:10:04,HOSE,STOCK,57.9,61.9,53.9,57.9,58.1,57.6,57.8,57.92,21.136,21.209,21.027,21.1,21.143,1102070.0,63836365000.0,0.0,0.0,-0.1,-0.0365,-0.1727
FPT,2019-10-29,15:10:01,HOSE,STOCK,58.1,62.1,54.1,58.2,58.3,57.8,57.9,58.05,21.246,21.282,21.1,21.136,21.191,953020.0,55323671000.0,0.0,0.0,-0.2,-0.073,-0.3442
FPT,2019-10-28,15:10:03,HOSE,STOCK,58.0,62.0,54.0,58.0,58.8,57.8,58.1,58.35,21.173,21.465,21.1,21.209,21.3,1494820.0,87221290000.0,0.0,0.0,0.1,0.0365,0.1724
FPT,2019-10-25,15:10:01,HOSE,STOCK,58.2,62.2,54.2,58.3,58.5,57.7,58.0,58.01,21.282,21.355,21.063,21.173,21.176,1355310.0,78616785000.0,0.0,0.0,-0.2,-0.073,-0.3436
FPT,2019-10-24,15:10:01,HOSE,STOCK,56.4,60.3,52.5,56.8,58.2,56.4,58.2,57.59,20.735,21.246,20.589,21.246,21.023,2233890.0,128655193000.0,0.0,0.0,1.8,0.6571,3.1915
FPT,2019-10-23,15:10:03,HOSE,STOCK,56.3,60.2,52.4,56.0,57.0,56.0,56.4,56.54,20.443,20.808,20.443,20.589,20.64,747810.0,42279564000.0,0.0,0.0,0.1,0.0365,0.1776
FPT,2019-10-22,15:10:02,HOSE,STOCK,56.5,60.4,52.6,56.5,56.6,55.7,56.3,56.17,20.625,20.662,20.333,20.552,20.505,1534380.0,86187035000.0,0.0,0.0,-0.2,-0.073,-0.354
FPT,2019-10-21,15:10:03,HOSE,STOCK,57.1,61.0,53.2,57.4,57.4,56.3,56.5,56.69,20.954,20.954,20.552,20.625,20.694,1260490.0,71451040000.0,0.0,0.0,-0.6,-0.219,-1.0508
FPT,2019-10-18,15:10:05,HOSE,STOCK,56.7,60.6,52.8,56.8,57.6,56.6,57.1,57.01,20.735,21.027,20.662,20.844,20.811,1447340.0,82516044000.0,0.0,0.0,0.4,0.146,0.7055
FPT,2019-10-17,15:10:02,HOSE,STOCK,57.5,61.5,53.5,57.4,57.5,56.6,56.7,57.05,20.954,20.99,20.662,20.698,20.826,1621590.0,92513400000.0,0.0,0.0,-0.8,-0.292,-1.3913
FPT,2019-10-16,15:10:03,HOSE,STOCK,57.4,61.4,53.4,57.8,58.0,57.4,57.5,57.77,21.1,21.173,20.954,20.99,21.089,829050.0,47891007000.0,0.0,0.0,0.1,0.0365,0.1742
FPT,2019-10-15,15:10:02,HOSE,STOCK,57.7,61.7,53.7,57.8,57.8,57.4,57.4,57.59,21.1,21.1,20.954,20.954,21.023,663910.0,38235885000.0,0.0,0.0,-0.3,-0.1095,-0.5199
FPT,2019-10-14,15:10:02,HOSE,STOCK,56.5,60.4,52.6,57.0,58.2,56.8,57.7,57.46,20.808,21.246,20.735,21.063,20.976,2231030.0,128191763000.0,0.0,0.0,1.2,0.4381,2.1239
FPT,2019-10-11,15:10:03,HOSE,STOCK,56.4,60.3,52.5,56.7,56.9,56.4,56.5,56.62,20.698,20.771,20.589,20.625,20.669,794420.0,44976758000.0,0.0,0.0,0.1,0.0365,0.1773
FPT,2019-10-10,15:10:03,HOSE,STOCK,56.4,60.3,52.5,56.6,57.0,56.4,56.4,56.65,20.662,20.808,20.589,20.589,20.68,808000.0,45770777000.0,0.0,0.0,0.0,0.0,0.0
FPT,2019-10-09,15:10:01,HOSE,STOCK,56.1,60.0,52.2,56.3,57.0,55.8,56.4,56.62,20.552,20.808,20.37,20.589,20.669,937530.0,53081540000.0,0.0,0.0,0.3,0.1095,0.5348
FPT,2019-10-08,15:10:02,HOSE,STOCK,55.5,59.3,51.7,55.5,56.2,55.2,56.1,55.81,20.26,20.516,20.151,20.479,20.373,1337220.0,74633857000.0,0.0,0.0,0.6,0.219,1.0811
FPT,2019-10-07,15:10:02,HOSE,STOCK,56.8,60.7,52.9,56.8,57.2,55.5,55.5,56.15,20.735,20.881,20.26,20.26,20.497,2371810.0,133183728000.0,0.0,0.0,-1.3,-0.4746,-2.2887
FPT,2019-10-04,15:10:04,HOSE,STOCK,57.2,61.2,53.2,57.5,57.5,56.7,56.8,57.07,20.99,20.99,20.698,20.735,20.833,1271210.0,72553093000.0,0.0,0.0,-0.4,-0.146,-0.6993
FPT,2019-10-03,15:10:02,HOSE,STOCK,57.2,61.2,53.2,56.6,57.4,56.4,57.2,56.89,20.662,20.954,20.589,20.881,20.767,2804850.0,159575565000.0,0.0,0.0,0.0,0.0,0.0
FPT,2019-10-02,15:10:03,HOSE,STOCK,58.5,62.5,54.5,58.5,58.6,57.2,57.2,57.76,21.355,21.392,20.881,20.881,21.085,2439020.0,140871012000.0,0.0,0.0,-1.3,-0.4746,-2.2222
FPT,2019-10-01,15:10:03,HOSE,STOCK,57.7,61.7,53.7,57.7,58.5,57.6,58.5,57.93,21.063,21.355,21.027,21.355,21.147,1644130.0,95250559000.0,0.0,0.0,0.8,0.292,1.3865
FPT,2019-09-30,15:09:03,HOSE,STOCK,58.5,62.5,54.5,59.3,59.5,57.7,57.7,58.58,21.647,21.72,21.063,21.063,21.384,2199170.0,128817720000.0,0.0,0.0,-0.8,-0.292,-1.3675
FPT,2019-09-27,15:09:09,HOSE,STOCK,57.7,61.7,53.7,57.6,58.8,57.4,58.5,58.34,21.027,21.465,20.954,21.355,21.297,2510520.0,146466761000.0,0.0,0.0,0.8,0.292,1.3865
FPT,2019-09-26,15:09:02,HOSE,STOCK,57.4,61.4,53.4,57.7,58.0,57.2,57.7,57.56,21.063,21.173,20.881,21.063,21.012,992640.0,57136977000.0,0.0,0.0,0.3,0.1095,0.5226
FPT,2019-09-25,15:09:03,HOSE,STOCK,56.2,60.1,52.3,56.3,57.4,56.1,57.4,56.68,20.552,20.954,20.479,20.954,20.691,1442410.0,81753639000.0,0.0,0.0,1.2,0.4381,2.1352
FPT,2019-09-24,15:09:04,HOSE,STOCK,56.5,60.4,52.6,56.4,57.0,55.8,56.2,56.32,20.589,20.808,20.37,20.516,20.559,2537600.0,142928869000.0,0.0,0.0,-0.3,-0.1095,-0.531
FPT,2019-09-23,15:09:02,HOSE,STOCK,58.2,62.2,54.2,58.0,58.3,56.5,56.5,57.2,21.173,21.282,20.625,20.625,20.881,2313090.0,132312684000.0,0.0,0.0,-1.7,-0.6206,-2.921
FPT,2019-09-20,15:09:03,HOSE,STOCK,57.8,61.8,53.8,57.7,58.8,57.6,58.2,58.34,21.063,21.465,21.027,21.246,21.297,1396120.0,81453636000.0,0.0,0.0,0.4,0.146,0.692
FPT,2019-09-19,15:09:04,HOSE,STOCK,56.4,60.3,52.5,56.6,57.8,56.2,57.8,57.01,20.662,21.1,20.516,21.1,20.811,1432730.0,81678951000.0,0.0,0.0,1.4,0.5111,2.4823
FPT,2019-09-18,15:09:02,HOSE,STOCK,57.6,61.6,53.6,57.9,57.9,56.3,56.4,56.9,21.136,21.136,20.552,20.589,20.771,2592910.0,147526345000.0,0.0,0.0,-1.2,-0.4381,-2.0833
FPT,2019-09-17,15:09:02,HOSE,STOCK,57.7,61.7,53.7,57.3,58.1,57.1,57.6,57.57,20.917,21.209,20.844,21.027,21.016,1194690.0,68782295000.0,0.0,0.0,-0.1,-0.0365,-0.1733
FPT,2019-09-16,15:09:03,HOSE,STOCK,56.8,60.7,52.9,56.9,58.0,56.7,57.7,57.47,20.771,21.173,20.698,21.063,20.979,1339560.0,76991179000.0,0.0,0.0,0.9,0.3285,1.5845
FPT,2019-09-13,15:09:03,HOSE,STOCK,56.5,60.4,52.6,56.5,57.4,56.3,56.8,56.89,20.625,20.954,20.552,20.735,20.767,2123900.0,120824588000.0,0.0,0.0,0.3,0.1095,0.531
FPT,2019-09-12,15:09:03,HOSE,STOCK,54.1,57.8,50.4,54.4,56.5,54.4,56.5,55.67,19.859,20.625,19.859,20.625,20.322,3799910.0,211539832000.0,0.0,0.0,2.4,0.8761,4.4362
FPT,2019-09-11,15:09:02,HOSE,STOCK,54.0,57.7,50.3,54.0,54.2,53.4,54.1,53.86,19.712,19.785,19.493,19.749,19.661,1179670.0,63541905000.0,0.0,0.0,0.1,0.0365,0.1852
FPT,2019-09-10,15:09:02,HOSE,STOCK,53.8,57.5,50.1,54.2,54.4,53.6,54.0,54.06,19.785,19.859,19.566,19.712,19.734,1731610.0,93616724000.0,0.0,0.0,0.2,0.073,0.3717
FPT,2019-09-09,15:09:06,HOSE,STOCK,52.9,56.6,49.2,53.0,54.4,52.5,53.8,53.81,19.347,19.859,19.165,19.639,19.643,2507800.0,134939586000.0,0.0,0.0,0.9,0.3285,1.7013
FPT,2019-09-06,15:09:03,HOSE,STOCK,52.6,56.2,48.95,52.9,53.2,52.3,52.9,52.65,19.311,19.42,19.092,19.311,19.22,1142710.0,60167547000.0,0.0,0.0,0.3,0.1095,0.5703
FPT,2019-09-05,15:09:04,HOSE,STOCK,53.2,56.9,49.5,53.4,53.5,52.6,52.6,52.95,19.493,19.53,19.201,19.201,19.329,1243680.0,65849513000.0,0.0,0.0,-0.6,-0.219,-1.1278
FPT,2019-09-04,15:09:04,HOSE,STOCK,53.7,57.4,49.95,53.7,54.2,53.0,53.2,53.62,19.603,19.785,19.347,19.42,19.574,1655300.0,88764715000.0,0.0,0.0,-0.5,-0.1825,-0.9311
FPT,2019-09-03,15:09:04,HOSE,STOCK,53.1,56.8,49.4,53.0,54.0,53.0,53.7,53.61,19.347,19.712,19.347,19.603,19.57,1360230.0,72923518000.0,0.0,0.0,0.6,0.219,1.1299
FPT,2019-08-30,15:08:01,HOSE,STOCK,52.7,56.3,49.05,53.0,53.4,52.9,53.1,53.16,19.347,19.493,19.311,19.384,19.406,708360.0,37654949000.0,0.0,0.0,0.4,0.146,0.759
FPT,2019-08-29,15:08:03,HOSE,STOCK,52.1,55.7,48.5,52.2,52.8,51.9,52.7,52.29,19.055,19.274,18.946,19.238,19.088,972940.0,50876894000.0,0.0,0.0,0.6,0.219,1.1516
FPT,2019-08-28,15:08:07,HOSE,STOCK,52.8,56.4,49.15,53.0,53.2,52.1,52.1,52.51,19.347,19.42,19.019,19.019,19.169,1537860.0,80754376000.0,0.0,0.0,-0.7,-0.2555,-1.3258
FPT,2019-08-27,15:08:02,HOSE,STOCK,53.7,57.4,49.95,54.0,54.3,52.8,52.8,53.53,19.712,19.822,19.274,19.274,19.541,1566370.0,83844993000.0,0.0,0.0,-0.9,-0.3285,-1.676
FPT,2019-08-26,15:08:02,HOSE,STOCK,54.4,58.2,50.6,53.5,54.2,53.5,53.7,53.89,19.53,19.785,19.53,19.603,19.672,1756160.0,94638373000.0,0.0,0.0,-0.7,-0.2555,-1.2868
FPT,2019-08-23,15:08:08,HOSE,STOCK,53.0,56.7,49.3,53.1,54.4,52.6,54.4,53.2,19.384,19.859,19.201,19.859,19.42,1868200.0,99384508000.0,0.0,0.0,1.4,0.5111,2.6415
FPT,2019-08-22,15:08:03,HOSE,STOCK,53.6,57.3,49.85,53.6,54.3,52.9,53.0,53.6,19.566,19.822,19.311,19.347,19.566,1892640.0,101439767000.0,0.0,0.0,-0.6,-0.219,-1.1194
FPT,2019-08-21,15:08:03,HOSE,STOCK,54.0,57.7,50.3,54.1,54.5,53.4,53.6,53.82,19.749,19.895,19.493,19.566,19.647,1808020.0,97308925000.0,0.0,0.0,-0.4,-0.146,-0.7407
FPT,2019-08-20,15:08:03,HOSE,STOCK,52.4,56.0,48.75,52.4,54.0,52.4,54.0,53.32,19.128,19.712,19.128,19.712,19.464,2277750.0,121445342000.0,0.0,0.0,1.6,0.5841,3.0534
FPT,2019-08-19,15:08:03,HOSE,STOCK,52.0,55.6,48.4,52.0,52.7,51.2,52.4,51.9,18.982,19.238,18.69,19.128,18.946,2849780.0,147906727000.0,0.0,0.0,0.4,0.146,0.7692
FPT,2019-08-16,15:08:04,HOSE,STOCK,53.0,56.7,49.3,53.0,55.1,52.0,52.0,53.71,19.347,20.114,18.982,18.982,19.607,4531020.0,243368153000.0,0.0,0.0,-1.0,-0.365,-1.8868
FPT,2019-08-15,15:08:02,HOSE,STOCK,52.2,55.8,48.55,51.9,53.0,51.4,53.0,52.21,18.946,19.347,18.763,19.347,19.059,2223880.0,116110621000.0,0.0,0.0,0.8,0.292,1.5326
FPT,2019-08-14,15:08:03,HOSE,STOCK,52.5,56.1,48.85,53.0,53.7,52.8,53.2,53.33,18.984,19.234,18.912,19.055,19.102,2205370.0,117608598000.0,0.0,0.0,0.7,0.2507,1.3333
FPT,2019-08-13,15:08:02,HOSE,STOCK,52.3,55.9,48.65,52.1,53.2,51.7,52.5,52.29,18.661,19.055,18.518,18.805,18.729,2237980.0,117024957000.0,0.0,0.0,0.2,0.0716,0.3824
FPT,2019-08-12,15:08:03,HOSE,STOCK,51.1,54.6,47.55,51.1,52.6,50.7,52.3,51.76,18.303,18.84,18.16,18.733,18.54,1817920.0,94092649000.0,0.0,0.0,1.2,0.4298,2.3483
FPT,2019-08-09,15:08:04,HOSE,STOCK,50.3,53.8,46.8,50.3,51.4,50.0,51.1,50.96,18.017,18.411,17.909,18.303,18.253,1751680.0,89262167000.0,0.0,0.0,0.8,0.2865,1.5905
FPT,2019-08-08,15:08:04,HOSE,STOCK,49.75,53.2,46.3,49.85,50.6,49.85,50.3,50.22,17.855,18.124,17.855,18.017,17.988,2085510.0,104726529000.0,0.0,0.0,0.55,0.197,1.1055
FPT,2019-08-07,15:08:02,HOSE,STOCK,48.95,52.3,45.55,49.0,49.75,48.95,49.75,49.32,17.551,17.82,17.533,17.82,17.666,1246410.0,61473494000.0,0.0,0.0,0.8,0.2866,1.6343
FPT,2019-08-06,15:08:03,HOSE,STOCK,49.0,52.4,45.6,48.2,49.3,48.2,48.95,48.74,17.264,17.658,17.264,17.533,17.458,1304570.0,63584203000.0,0.0,0.0,-0.05,-0.0179,-0.102
FPT,2019-08-05,15:08:03,HOSE,STOCK,48.8,52.2,45.4,49.0,49.8,48.8,49.0,49.25,17.551,17.838,17.479,17.551,17.641,2322100.0,114361492500.0,0.0,0.0,0.2,0.0716,0.4098
FPT,2019-08-02,15:08:03,HOSE,STOCK,48.35,51.7,45.0,48.05,49.0,47.85,48.8,48.32,17.211,17.551,17.139,17.479,17.307,1451900.0,70162201000.0,0.0,0.0,0.45,0.1612,0.9307
FPT,2019-08-01,15:08:03,HOSE,STOCK,48.4,51.7,45.05,48.4,48.6,48.2,48.35,48.42,17.336,17.408,17.264,17.318,17.343,965060.0,46731454000.0,0.0,0.0,-0.05,-0.0179,-0.1033
FPT,2019-07-31,15:07:03,HOSE,STOCK,47.8,51.1,44.5,47.8,48.4,47.5,48.4,47.85,17.121,17.336,17.014,17.336,17.139,1111880.0,53204466000.0,0.0,0.0,0.6,0.2149,1.2552
FPT,2019-07-30,15:07:04,HOSE,STOCK,48.6,52.0,45.2,48.6,48.6,47.7,47.8,48.15,17.408,17.408,17.085,17.121,17.247,2092220.0,100739724500.0,0.0,0.0,-0.8,-0.2865,-1.6461
FPT,2019-07-29,15:07:03,HOSE,STOCK,48.8,52.2,45.4,48.8,48.8,48.2,48.6,48.46,17.479,17.479,17.264,17.408,17.358,1130450.0,54776658500.0,0.0,0.0,-0.2,-0.0716,-0.4098
FPT,2019-07-26,15:07:04,HOSE,STOCK,48.65,52.0,45.25,48.5,48.8,48.35,48.8,48.53,17.372,17.479,17.318,17.479,17.383,1043020.0,50618129000.0,0.0,0.0,0.15,0.0537,0.3083
FPT,2019-07-25,15:07:02,HOSE,STOCK,48.6,52.0,45.2,48.6,48.95,48.5,48.65,48.66,17.408,17.533,17.372,17.426,17.429,1157100.0,56306300500.0,0.0,0.0,0.05,0.0179,0.1029
FPT,2019-07-24,15:07:01,HOSE,STOCK,48.8,52.2,45.4,49.35,49.4,48.6,48.6,48.91,17.676,17.694,17.408,17.408,17.519,1952770.0,95509028000.0,0.0,0.0,-0.2,-0.0716,-0.4098
FPT,2019-07-23,15:07:13,HOSE,STOCK,48.35,51.7,45.0,48.5,48.8,48.1,48.8,48.52,17.372,17.479,17.229,17.479,17.379,948550.0,46021812500.0,0.0,0.0,0.45,0.1612,0.9307
FPT,2019-07-22,15:07:02,HOSE,STOCK,48.2,51.5,44.85,48.2,48.65,47.95,48.35,48.33,17.264,17.426,17.175,17.318,17.311,1755780.0,84858587000.0,0.0,0.0,0.15,0.0537,0.3112
FPT,2019-07-19,15:07:03,HOSE,STOCK,46.8,50.0,43.55,46.95,48.3,46.9,48.2,47.73,16.817,17.3,16.799,17.264,17.096,2811560.0,134207417000.0,0.0,0.0,1.4,0.5014,2.9915
FPT,2019-07-18,15:07:01,HOSE,STOCK,47.05,50.3,43.8,47.0,47.1,46.8,46.8,46.91,16.835,16.87,16.763,16.763,16.802,1035440.0,48570161000.0,0.0,0.0,-0.25,-0.0895,-0.5313
FPT,2019-07-17,15:07:02,HOSE,STOCK,47.3,50.6,44.0,47.3,47.5,47.0,47.05,47.15,16.942,17.014,16.835,16.853,16.888,1292630.0,60952235000.0,0.0,0.0,-0.25,-0.0895,-0.5285
FPT,2019-07-16,15:07:02,HOSE,STOCK,47.3,50.6,44.0,47.35,47.8,47.25,47.3,47.47,16.96,17.121,16.924,16.942,17.003,1160000.0,55070139000.0,0.0,0.0,0.0,0.0,0.0
FPT,2019-07-15,15:07:02,HOSE,STOCK,47.0,50.2,43.75,46.95,47.55,46.85,47.3,47.22,16.817,17.032,16.781,16.942,16.913,1176060.0,55533173000.0,0.0,0.0,0.3,0.1075,0.6383
FPT,2019-07-12,15:07:02,HOSE,STOCK,47.0,50.2,43.75,47.1,47.45,46.8,47.0,47.11,16.87,16.996,16.763,16.835,16.874,1241970.0,58508828000.0,0.0,0.0,0.0,0.0,0.0
FPT,2019-07-11,15:07:01,HOSE,STOCK,47.05,50.3,43.8,47.15,47.25,46.8,47.0,47.02,16.888,16.924,16.763,16.835,16.842,854140.0,40161710500.0,0.0,0.0,-0.05,-0.0179,-0.1063
FPT,2019-07-10,15:07:02,HOSE,STOCK,46.75,50.0,43.5,46.95,47.45,46.8,47.05,47.2,16.817,16.996,16.763,16.853,16.906,1281980.0,60511567000.0,0.0,0.0,0.3,0.1075,0.6417
FPT,2019-07-09,15:07:02,HOSE,STOCK,46.3,49.5,43.1,46.3,46.85,46.1,46.75,46.52,16.584,16.781,16.512,16.745,16.663,992570.0,46176351000.0,0.0,0.0,0.45,0.1612,0.9719
FPT,2019-07-08,15:07:05,HOSE,STOCK,46.6,49.85,43.35,46.5,46.9,46.05,46.3,46.44,16.656,16.799,16.494,16.584,16.634,1303050.0,60510449500.0,0.0,0.0,-0.3,-0.1075,-0.6438
FPT,2019-07-05,15:07:02,HOSE,STOCK,46.95,50.2,43.7,46.8,47.0,46.4,46.6,46.72,16.763,16.835,16.62,16.691,16.734,1137770.0,53161441000.0,0.0,0.0,-0.35,-0.1254,-0.7455
FPT,2019-07-04,15:07:03,HOSE,STOCK,46.8,50.0,43.55,47.0,47.2,46.8,46.95,46.97,16.835,16.906,16.763,16.817,16.824,1275800.0,59924880000.0,0.0,0.0,0.15,0.0537,0.3205
FPT,2019-07-03,15:07:03,HOSE,STOCK,46.9,50.1,43.65,46.7,46.9,46.55,46.8,46.71,16.727,16.799,16.673,16.763,16.731,1275860.0,59599243500.0,0.0,0.0,-0.1,-0.0358,-0.2132
FPT,2019-07-02,15:07:02,HOSE,STOCK,47.1,50.3,43.85,47.0,47.5,46.65,46.9,47.03,16.835,17.014,16.709,16.799,16.845,1600280.0,75266559000.0,0.0,0.0,-0.2,-0.0716,-0.4246
FPT,2019-07-01,15:07:01,HOSE,STOCK,45.5,48.65,42.35,46.0,47.1,45.9,47.1,46.63,16.476,16.87,16.441,16.87,16.702,2551280.0,118958526000.0,0.0,0.0,1.6,0.5731,3.5165
FPT,2019-06-28,15:06:02,HOSE,STOCK,45.4,48.55,42.25,45.4,46.0,44.9,45.5,45.26,16.262,16.476,16.082,16.297,16.211,2479220.0,112206469000.0,0.0,0.0,0.1,0.0358,0.2203
FPT,2019-06-27,15:06:02,HOSE,STOCK,46.15,49.35,42.95,46.05,46.1,45.3,45.4,45.71,16.494,16.512,16.226,16.262,16.373,1221860.0,55853226500.0,0.0,0.0,-0.75,-0.2686,-1.6251
FPT,2019-06-26,15:06:01,HOSE,STOCK,46.5,49.75,43.25,46.5,46.5,46.1,46.15,46.27,16.656,16.656,16.512,16.53,16.573,1014470.0,46943931500.0,0.0,0.0,-0.35,-0.1254,-0.7527
FPT,2019-06-25,15:06:01,HOSE,STOCK,45.15,48.3,42.0,45.0,46.55,44.8,46.5,45.82,16.118,16.673,16.047,16.656,16.412,3269450.0,149816269000.0,0.0,0.0,1.35,0.4836,2.99
FPT,2019-06-24,15:06:02,HOSE,STOCK,45.4,48.55,42.25,45.4,45.45,45.15,45.15,45.31,16.262,16.279,16.172,16.172,16.229,726160.0,32899040500.0,0.0,0.0,-0.25,-0.0895,-0.5507
FPT,2019-06-21,15:06:02,HOSE,STOCK,45.4,48.55,42.25,45.5,45.6,45.25,45.4,45.43,16.297,16.333,16.208,16.262,16.272,872460.0,39635678500.0,0.0,0.0,0.0,0.0,0.0
FPT,2019-06-20,15:06:05,HOSE,STOCK,44.65,47.75,41.55,44.85,45.4,44.65,45.4,45.13,16.065,16.262,15.993,16.262,16.165,1356030.0,61196762500.0,0.0,0.0,0.75,0.2686,1.6797
FPT,2019-06-19,15:06:02,HOSE,STOCK,44.05,47.1,41.0,44.3,44.7,44.2,44.65,44.45,15.868,16.011,15.832,15.993,15.921,530820.0,23594841000.0,0.0,0.0,0.6,0.2149,1.3621
FPT,2019-06-18,15:06:03,HOSE,STOCK,44.05,47.1,41.0,44.35,44.45,43.75,44.05,43.99,15.885,15.921,15.671,15.778,15.756,763680.0,33597974000.0,0.0,0.0,0.0,0.0,0.0
FPT,2019-06-17,15:06:02,HOSE,STOCK,44.4,47.5,41.3,44.1,44.5,43.9,44.05,44.12,15.796,15.939,15.724,15.778,15.803,1013550.0,44717375000.0,0.0,0.0,-0.35,-0.1254,-0.7883
FPT,2019-06-14,15:06:03,HOSE,STOCK,44.55,47.65,41.45,44.6,44.9,44.4,44.4,44.65,15.975,16.082,15.903,15.903,15.993,559800.0,24994232500.0,0.0,0.0,-0.15,-0.0537,-0.3367
FPT,2019-06-13,15:06:02,HOSE,STOCK,45.05,48.2,41.9,45.05,45.1,44.5,44.55,44.83,16.136,16.154,15.939,15.957,16.057,856270.0,38385618000.0,0.0,0.0,-0.5,-0.1791,-1.1099
FPT,2019-06-12,15:06:02,HOSE,STOCK,45.2,48.35,42.05,45.2,45.6,45.0,45.05,45.3,16.19,16.333,16.118,16.136,16.226,1284520.0,58189726000.0,0.0,0.0,-0.15,-0.0537,-0.3319
FPT,2019-06-11,15:06:01,HOSE,STOCK,45.1,48.25,41.95,45.1,45.6,44.9,45.2,45.27,16.154,16.333,16.082,16.19,16.215,1296500.0,58697188000.0,0.0,0.0,0.1,0.0358,0.2217
FPT,2019-06-10,15:06:01,HOSE,STOCK,45.2,48.35,42.05,45.5,45.7,44.8,45.1,45.3,16.297,16.369,16.047,16.154,16.226,1227340.0,55596619500.0,0.0,0.0,-0.1,-0.0358,-0.2212
FPT,2019-06-07,15:06:01,HOSE,STOCK,44.5,47.6,41.4,44.8,45.25,44.7,45.2,45.03,16.047,16.208,16.011,16.19,16.129,1304680.0,58754601500.0,0.0,0.0,0.7,0.2507,1.573
FPT,2019-06-06,15:06:02,HOSE,STOCK,43.6,46.65,40.55,43.8,44.7,43.6,44.5,44.33,15.688,16.011,15.617,15.939,15.878,922740.0,40901227500.0,0.0,0.0,0.9,0.3224,2.0642
FPT,2019-06-05,15:06:01,HOSE,STOCK,43.3,46.3,40.3,43.5,43.9,43.5,43.6,43.69,15.581,15.724,15.581,15.617,15.649,500100.0,21851536000.0,0.0,0.0,0.3,0.1075,0.6928
FPT,2019-06-04,15:06:01,HOSE,STOCK,43.5,46.5,40.5,43.5,43.7,43.25,43.3,43.41,15.581,15.653,15.491,15.509,15.549,537160.0,23316950500.0,0.0,0.0,-0.2,-0.0716,-0.4598
FPT,2019-06-03,15:06:01,HOSE,STOCK,44.1,47.15,41.05,44.0,44.1,43.5,43.5,43.82,15.76,15.796,15.581,15.581,15.696,881810.0,38640690000.0,0.0,0.0,-0.6,-0.2149,-1.3605
FPT,2019-05-31,15:05:02,HOSE,STOCK,44.55,47.65,41.45,44.6,44.8,44.1,44.1,44.47,15.975,16.047,15.796,15.796,15.928,611860.0,27209703500.0,0.0,0.0,-0.45,-0.1612,-1.0101
FPT,2019-05-30,15:05:01,HOSE,STOCK,44.1,47.15,41.05,44.1,44.7,43.9,44.55,44.2,15.796,16.011,15.724,15.957,15.832,986450.0,43599432000.0,0.0,0.0,0.45,0.1612,1.0204
FPT,2019-05-29,15:05:02,HOSE,STOCK,44.85,47.95,41.75,44.85,44.85,44.0,44.1,44.32,16.065,16.065,15.76,15.796,15.875,1505300.0,66714925000.0,0.0,0.0,-0.75,-0.2686,-1.6722
FPT,2019-05-28,15:05:02,HOSE,STOCK,45.25,48.4,42.1,45.0,45.4,44.75,44.85,44.97,16.118,16.262,16.029,16.065,16.107,518470.0,23315556000.0,0.0,0.0,-0.4,-0.1433,-0.884
FPT,2019-05-27,15:05:01,HOSE,STOCK,45.6,48.75,42.45,45.3,45.45,44.65,45.25,44.95,16.226,16.279,15.993,16.208,16.1,1261950.0,56729094500.0,0.0,0.0,-0.35,-0.1254,-0.7675
FPT,2019-05-24,15:05:01,HOSE,STOCK,45.7,48.85,42.55,45.5,45.95,45.25,45.6,45.63,16.297,16.459,16.208,16.333,16.344,1014750.0,46303292500.0,0.0,0.0,-0.1,-0.0358,-0.2188
FPT,2019-05-23,15:05:01,HOSE,STOCK,45.25,48.4,42.1,45.25,45.8,45.2,45.7,45.49,16.208,16.405,16.19,16.369,16.294,1267520.0,57657344500.0,0.0,0.0,0.45,0.1612,0.9945
FPT,2019-05-22,15:05:01,HOSE,STOCK,45.9,49.1,42.7,45.95,46.15,45.25,45.25,45.75,16.459,16.53,16.208,16.208,16.387,1563650.0,71540439500.0,0.0,0.0,-0.65,-0.2328,-1.4161
FPT,2019-05-21,15:05:01,HOSE,STOCK,45.25,48.4,42.1,45.5,46.05,45.35,45.9,45.81,16.297,16.494,16.244,16.441,16.408,1016530.0,46566128000.0,0.0,0.0,0.65,0.2328,1.4365
FPT,2019-05-20,15:05:01,HOSE,STOCK,44.45,47.55,41.35,44.5,45.3,44.5,45.25,44.98,15.939,16.226,15.939,16.208,16.111,1792130.0,80602711500.0,0.0,0.0,0.8,0.2866,1.7998
FPT,2019-05-17,15:05:01,HOSE,STOCK,44.25,47.3,41.15,45.0,45.0,44.3,44.45,44.55,16.118,16.118,15.868,15.921,15.957,1487590.0,66268305500.0,0.0,0.0,0.2,0.0716,0.452
FPT,2019-05-16,15:05:01,HOSE,STOCK,50.4,53.9,46.9,50.4,50.7,49.65,49.65,50.18,16.081,16.177,15.842,15.842,16.011,1891290.0,94908974000.0,0.0,0.0,-0.75,-0.2393,-1.4881
FPT,2019-05-15,15:05:01,HOSE,STOCK,50.2,53.7,46.7,50.5,50.6,50.1,50.4,50.36,16.113,16.145,15.985,16.081,16.068,1539940.0,77550640000.0,0.0,0.0,0.2,0.0638,0.3984
FPT,2019-05-14,15:05:02,HOSE,STOCK,49.5,52.9,46.05,49.4,50.8,49.1,50.2,49.9,15.762,16.209,15.666,16.017,15.922,1560830.0,77885543500.0,0.0,0.0,0.7,0.2233,1.4141
FPT,2019-05-13,15:05:01,HOSE,STOCK,49.0,52.4,45.6,49.0,49.8,49.0,49.5,49.51,15.634,15.89,15.634,15.794,15.797,850540.0,42106096500.0,0.0,0.0,0.5,0.1595,1.0204
FPT,2019-05-10,15:05:01,HOSE,STOCK,48.6,52.0,45.2,49.0,49.25,48.75,49.0,49.0,15.634,15.714,15.555,15.634,15.634,1027830.0,50360826000.0,0.0,0.0,0.4,0.1276,0.823
FPT,2019-05-09,15:05:02,HOSE,STOCK,49.65,53.1,46.2,49.6,49.65,48.6,48.6,49.08,15.826,15.842,15.507,15.507,15.66,860940.0,42256295000.0,0.0,0.0,-1.05,-0.335,-2.1148
FPT,2019-05-08,15:05:01,HOSE,STOCK,49.7,53.1,46.25,49.3,49.7,49.0,49.65,49.45,15.73,15.858,15.634,15.842,15.778,959020.0,47427041500.0,0.0,0.0,-0.05,-0.016,-0.1006
FPT,2019-05-07,15:05:02,HOSE,STOCK,48.75,52.1,45.35,49.1,49.7,49.05,49.7,49.35,15.666,15.858,15.65,15.858,15.746,1094880.0,54029044500.0,0.0,0.0,0.95,0.3031,1.9487
FPT,2019-05-06,15:05:01,HOSE,STOCK,50.0,53.5,46.5,49.0,49.4,48.45,48.75,48.89,15.634,15.762,15.459,15.555,15.599,1455140.0,71142094500.0,0.0,0.0,-1.25,-0.3988,-2.5
FPT,2019-05-03,15:05:03,HOSE,STOCK,49.85,53.3,46.4,49.9,50.0,49.6,50.0,49.86,15.922,15.953,15.826,15.953,15.909,1059570.0,52834117000.0,0.0,0.0,0.15,0.0479,0.3009
FPT,2019-05-02,15:05:04,HOSE,STOCK,49.55,53.0,46.1,49.8,50.2,49.65,49.85,49.93,15.89,16.017,15.842,15.906,15.931,885020.0,44185117500.0,0.0,0.0,0.3,0.0957,0.6054
FPT,2019-04-26,15:04:02,HOSE,STOCK,48.8,52.2,45.4,48.9,49.75,48.8,49.55,49.4,15.603,15.874,15.571,15.81,15.762,864950.0,42725507000.0,0.0,0.0,0.75,0.2393,1.5369
FPT,2019-04-25,15:04:02,HOSE,STOCK,48.55,51.9,45.2,48.5,49.15,48.45,48.8,48.95,15.475,15.682,15.459,15.571,15.618,970660.0,47515121000.0,0.0,0.0,0.25,0.0798,0.5149
FPT,2019-04-24,15:04:02,HOSE,STOCK,47.9,51.2,44.55,48.5,48.65,48.1,48.55,48.41,15.475,15.523,15.347,15.491,15.446,855130.0,41396353500.0,0.0,0.0,0.65,0.2074,1.357
FPT,2019-04-23,15:04:01,HOSE,STOCK,47.9,51.2,44.55,47.9,48.45,47.5,47.9,47.74,15.283,15.459,15.156,15.283,15.232,549400.0,26227528500.0,0.0,0.0,0.0,0.0,0.0
FPT,2019-04-22,15:04:02,HOSE,STOCK,48.45,51.8,45.1,48.5,48.5,47.8,47.9,48.01,15.475,15.475,15.252,15.283,15.319,826090.0,39657134500.0,0.0,0.0,-0.55,-0.1755,-1.1352
FPT,2019-04-19,15:04:02,HOSE,STOCK,48.5,51.8,45.15,48.7,48.9,48.4,48.45,48.53,15.539,15.603,15.443,15.459,15.484,453980.0,22029700000.0,0.0,0.0,-0.05,-0.016,-0.1031
FPT,2019-04-18,15:04:01,HOSE,STOCK,48.5,51.8,45.15,48.5,49.25,48.05,48.5,48.56,15.475,15.714,15.331,15.475,15.494,975930.0,47390194000.0,0.0,0.0,0.0,0.0,0.0
FPT,2019-04-17,15:04:01,HOSE,STOCK,47.9,51.2,44.55,48.3,49.5,48.2,48.5,48.77,15.411,15.794,15.379,15.475,15.561,1959530.0,95572350000.0,0.0,0.0,0.6,0.1914,1.2526
FPT,2019-04-16,15:04:01,HOSE,STOCK,48.2,51.5,44.85,47.5,48.2,47.5,47.9,47.94,15.156,15.379,15.156,15.283,15.296,907000.0,43484837500.0,0.0,0.0,-0.3,-0.0957,-0.6224
FPT,2019-04-12,15:04:01,HOSE,STOCK,47.0,50.2,43.75,46.85,48.4,46.85,48.2,47.84,14.948,15.443,14.948,15.379,15.264,875090.0,41865120000.0,0.0,0.0,1.2,0.3829,2.5532
FPT,2019-04-11,15:04:01,HOSE,STOCK,46.9,50.1,43.65,46.9,47.5,46.85,47.0,47.14,14.964,15.156,14.948,14.996,15.041,359910.0,16964975500.0,0.0,0.0,0.1,0.0319,0.2132
FPT,2019-04-10,15:04:01,HOSE,STOCK,47.3,50.6,44.0,47.0,47.3,46.75,46.9,46.98,14.996,15.092,14.917,14.964,14.99,731100.0,34348248000.0,0.0,0.0,-0.4,-0.1276,-0.8457
FPT,2019-04-09,15:04:01,HOSE,STOCK,47.8,51.1,44.5,47.8,48.5,47.3,47.3,47.91,15.252,15.475,15.092,15.092,15.287,1011680.0,48472493000.0,0.0,0.0,-0.5,-0.1595,-1.046
FPT,2019-04-08,15:04:02,HOSE,STOCK,47.8,51.1,44.5,47.65,48.0,47.45,47.8,47.63,15.204,15.315,15.14,15.252,15.197,452660.0,21559974000.0,0.0,0.0,0.0,0.0,0.0
FPT,2019-04-05,15:04:01,HOSE,STOCK,47.8,51.1,44.5,47.8,47.9,47.45,47.8,47.69,15.252,15.283,15.14,15.252,15.216,615200.0,29339910000.0,0.0,0.0,0.0,0.0,0.0
FPT,2019-04-04,15:04:01,HOSE,STOCK,47.2,50.5,43.9,47.5,48.2,47.25,47.8,47.69,15.156,15.379,15.076,15.252,15.216,1716130.0,81841158000.0,0.0,0.0,0.6,0.1914,1.2712
FPT,2019-04-03,15:04:01,HOSE,STOCK,46.0,49.2,42.8,46.4,47.2,46.0,47.2,46.69,14.805,15.06,14.677,15.06,14.897,1034100.0,48281359500.0,0.0,0.0,1.2,0.3829,2.6087
FPT,2019-04-02,15:04:01,HOSE,STOCK,45.8,49.0,42.6,45.8,46.7,45.8,46.0,46.33,14.613,14.901,14.613,14.677,14.782,1354480.0,62746961000.0,0.0,0.0,0.2,0.0638,0.4367
FPT,2019-04-01,15:04:01,HOSE,STOCK,45.5,48.65,42.35,45.9,45.9,45.5,45.8,45.72,14.645,14.645,14.518,14.613,14.588,327500.0,14974259000.0,0.0,0.0,0.3,0.0957,0.6593
FPT,2019-03-29,15:03:01,HOSE,STOCK,45.15,48.3,42.0,45.6,45.6,45.3,45.5,45.48,14.55,14.55,14.454,14.518,14.511,446750.0,20316394500.0,0.0,0.0,0.35,0.1117,0.7752
FPT,2019-03-28,15:03:02,HOSE,STOCK,45.0,48.15,41.85,44.75,45.35,44.75,45.15,45.13,14.278,14.47,14.278,14.406,14.4,362360.0,16353038000.0,0.0,0.0,0.15,0.0479,0.3333
FPT,2019-03-27,15:03:01,HOSE,STOCK,44.75,47.85,41.65,44.8,45.1,44.8,45.0,44.98,14.294,14.39,14.294,14.358,14.352,589040.0,26495612000.0,0.0,0.0,0.25,0.0798,0.5587
FPT,2019-03-26,15:03:02,HOSE,STOCK,44.4,47.5,41.3,45.0,45.0,44.5,44.75,44.7,14.358,14.358,14.199,14.278,14.262,386120.0,17261482500.0,0.0,0.0,0.35,0.1117,0.7883
FPT,2019-03-25,15:03:02,HOSE,STOCK,45.05,48.2,41.9,44.2,45.0,44.2,44.4,44.52,14.103,14.358,14.103,14.167,14.205,633520.0,28205640500.0,0.0,0.0,-0.65,-0.2074,-1.4428
FPT,2019-03-22,15:03:01,HOSE,STOCK,45.1,48.25,41.95,45.1,45.4,45.05,45.05,45.11,14.39,14.486,14.374,14.374,14.393,687690.0,31019287500.0,0.0,0.0,-0.05,-0.016,-0.1109
FPT,2019-03-21,15:03:02,HOSE,STOCK,45.45,48.6,42.3,45.8,45.8,45.1,45.1,45.32,14.613,14.613,14.39,14.39,14.46,825740.0,37423126500.0,0.0,0.0,-0.35,-0.1117,-0.7701
FPT,2019-03-20,15:03:02,HOSE,STOCK,45.7,48.85,42.55,45.6,45.9,45.25,45.45,45.5,14.55,14.645,14.438,14.502,14.518,797270.0,36273987000.0,0.0,0.0,-0.25,-0.0798,-0.547
FPT,2019-03-19,15:03:02,HOSE,STOCK,46.2,49.4,43.0,46.2,46.3,45.7,45.7,45.95,14.741,14.773,14.581,14.581,14.661,914720.0,42026946500.0,0.0,0.0,-0.5,-0.1595,-1.0823
FPT,2019-03-18,15:03:02,HOSE,STOCK,46.0,49.2,42.8,46.3,46.45,45.95,46.2,46.07,14.773,14.821,14.661,14.741,14.7,994080.0,45793065000.0,0.0,0.0,0.2,0.0638,0.4348
FPT,2019-03-15,15:03:02,HOSE,STOCK,46.25,49.45,43.05,46.25,46.3,45.75,46.0,45.94,14.757,14.773,14.597,14.677,14.658,1041840.0,47859938000.0,0.0,0.0,-0.25,-0.0798,-0.5405
FPT,2019-03-14,15:03:02,HOSE,STOCK,46.2,49.4,43.0,46.2,46.5,46.0,46.25,46.2,14.741,14.837,14.677,14.757,14.741,533480.0,24646522500.0,0.0,0.0,0.05,0.016,0.1082
FPT,2019-03-13,15:03:02,HOSE,STOCK,46.5,49.75,43.25,46.5,46.7,46.2,46.2,46.41,14.837,14.901,14.741,14.741,14.808,1001890.0,46498511000.0,0.0,0.0,-0.3,-0.0957,-0.6452
FPT,2019-03-12,15:03:03,HOSE,STOCK,44.5,47.6,41.4,44.75,46.5,44.75,46.5,45.32,14.278,14.837,14.278,14.837,14.46,1930870.0,87513112500.0,0.0,0.0,2.0,0.6382,4.4944
FPT,2019-03-11,15:03:02,HOSE,STOCK,44.65,47.75,41.55,44.65,44.85,44.45,44.5,44.63,14.246,14.31,14.183,14.199,14.24,364520.0,16267504000.0,0.0,0.0,-0.15,-0.0479,-0.3359
FPT,2019-03-08,15:03:01,HOSE,STOCK,44.75,47.85,41.65,44.7,44.8,44.45,44.65,44.61,14.262,14.294,14.183,14.246,14.234,693180.0,30925139500.0,0.0,0.0,-0.1,-0.0319,-0.2235
FPT,2019-03-07,15:03:03,HOSE,STOCK,44.6,47.7,41.5,44.6,45.0,44.6,44.75,44.77,14.231,14.358,14.231,14.278,14.285,374340.0,16758315500.0,0.0,0.0,0.15,0.0479,0.3363
FPT,2019-03-06,15:03:01,HOSE,STOCK,44.9,48.0,41.8,44.95,45.1,44.45,44.6,44.7,14.342,14.39,14.183,14.231,14.262,695230.0,31077664500.0,0.0,0.0,-0.3,-0.0957,-0.6682
FPT,2019-03-05,15:03:02,HOSE,STOCK,45.0,48.15,41.85,45.0,45.2,44.8,44.9,45.0,14.358,14.422,14.294,14.326,14.358,824300.0,37093645500.0,0.0,0.0,-0.1,-0.0319,-0.2222
FPT,2019-03-04,15:03:01,HOSE,STOCK,44.6,47.7,41.5,44.6,45.2,44.6,45.0,45.0,14.231,14.422,14.231,14.358,14.358,806770.0,36304824000.0,0.0,0.0,0.4,0.1276,0.8969
FPT,2019-03-01,15:03:01,HOSE,STOCK,44.2,47.25,41.15,44.55,44.6,44.15,44.6,44.39,14.215,14.231,14.087,14.231,14.163,590780.0,26223695500.0,0.0,0.0,0.4,0.1276,0.905
FPT,2019-02-28,15:02:02,HOSE,STOCK,45.1,48.25,41.95,45.1,45.1,44.2,44.2,44.54,14.39,14.39,14.103,14.103,14.211,1372190.0,61119692500.0,0.0,0.0,-0.9,-0.2872,-1.9956
FPT,2019-02-27,15:02:02,HOSE,STOCK,45.2,48.35,42.05,45.2,45.45,44.9,45.1,45.22,14.422,14.502,14.326,14.39,14.428,485650.0,21963296500.0,0.0,0.0,-0.1,-0.0319,-0.2212
FPT,2019-02-26,15:02:01,HOSE,STOCK,45.5,48.65,42.35,45.6,45.6,45.0,45.2,45.29,14.55,14.55,14.358,14.422,14.451,663220.0,30037003500.0,0.0,0.0,-0.3,-0.0957,-0.6593
FPT,2019-02-25,15:02:02,HOSE,STOCK,45.2,48.35,42.05,45.55,46.2,45.45,45.5,45.75,14.534,14.741,14.502,14.518,14.597,1023660.0,46829098500.0,0.0,0.0,0.3,0.0957,0.6637
FPT,2019-02-22,15:02:01,HOSE,STOCK,44.8,47.9,41.7,44.8,45.4,44.4,45.2,44.98,14.294,14.486,14.167,14.422,14.352,1243720.0,55938858000.0,0.0,0.0,0.4,0.1276,0.8929
FPT,2019-02-21,15:02:01,HOSE,STOCK,44.85,47.95,41.75,44.7,44.9,44.3,44.8,44.68,14.262,14.326,14.135,14.294,14.256,749950.0,33508094000.0,0.0,0.0,-0.05,-0.016,-0.1115
FPT,2019-02-20,15:02:01,HOSE,STOCK,44.4,47.5,41.3,44.3,45.05,44.3,44.85,44.72,14.135,14.374,14.135,14.31,14.269,499430.0,22335448000.0,0.0,0.0,0.45,0.1436,1.0135
FPT,2019-02-19,15:02:01,HOSE,STOCK,44.4,47.5,41.3,44.7,45.15,44.3,44.4,44.7,14.262,14.406,14.135,14.167,14.262,1470880.0,65752696500.0,0.0,0.0,0.0,0.0,0.0
FPT,2019-02-18,15:02:01,HOSE,STOCK,44.2,47.25,41.15,44.5,44.6,44.1,44.4,44.38,14.199,14.231,14.071,14.167,14.16,306310.0,13594433500.0,0.0,0.0,0.2,0.0638,0.4525
FPT,2019-02-15,15:02:01,HOSE,STOCK,44.25,47.3,41.2,44.25,44.45,44.0,44.2,44.24,14.119,14.183,14.039,14.103,14.116,647230.0,28633024500.0,0.0,0.0,-0.05,-0.016,-0.113
FPT,2019-02-14,15:02:01,HOSE,STOCK,44.55,47.65,41.45,44.65,44.9,44.25,44.25,44.54,14.246,14.326,14.119,14.119,14.211,616980.0,27477953000.0,0.0,0.0,-0.3,-0.0957,-0.6734
FPT,2019-02-13,15:02:02,HOSE,STOCK,43.9,46.95,40.85,44.0,45.0,44.0,44.55,44.55,14.039,14.358,14.039,14.215,14.215,1125370.0,50138487000.0,0.0,0.0,0.65,0.2074,1.4806
FPT,2019-02-12,15:02:02,HOSE,STOCK,44.15,47.2,41.1,44.0,44.6,43.9,43.9,44.18,14.039,14.231,14.007,14.007,14.096,701570.0,30996629000.0,0.0,0.0,-0.25,-0.0798,-0.5663
FPT,2019-02-11,15:02:02,HOSE,STOCK,42.6,45.55,39.65,43.0,44.3,42.7,44.15,43.82,13.72,14.135,13.624,14.087,13.982,1000430.0,43835096000.0,0.0,0.0,1.55,0.4946,3.6385
FPT,2019-02-01,15:02:01,HOSE,STOCK,43.2,46.2,40.2,43.2,43.2,41.5,42.6,42.67,13.784,13.784,13.241,13.592,13.615,599890.0,25595960500.0,0.0,0.0,-0.6,-0.1914,-1.3889
FPT,2019-01-31,15:01:02,HOSE,STOCK,43.2,46.2,40.2,43.3,43.4,42.9,43.2,43.09,13.816,13.848,13.688,13.784,13.749,517260.0,22290228500.0,0.0,0.0,0.0,0.0,0.0
FPT,2019-01-30,15:01:01,HOSE,STOCK,42.5,45.45,39.55,42.5,43.4,42.4,43.2,42.99,13.56,13.848,13.529,13.784,13.717,689260.0,29630611500.0,0.0,0.0,0.7,0.2234,1.6471
FPT,2019-01-29,15:01:01,HOSE,STOCK,42.1,45.0,39.2,42.4,42.5,42.0,42.5,42.24,13.529,13.56,13.401,13.56,13.477,430580.0,18187630000.0,0.0,0.0,0.4,0.1276,0.9501
FPT,2019-01-28,15:01:01,HOSE,STOCK,42.4,45.35,39.45,42.5,42.5,42.1,42.1,42.28,13.56,13.56,13.433,13.433,13.49,216330.0,9146387500.0,0.0,0.0,-0.3,-0.0957,-0.7075
FPT,2019-01-25,15:01:01,HOSE,STOCK,42.45,45.4,39.5,42.4,42.6,42.3,42.4,42.47,13.529,13.592,13.497,13.529,13.551,213470.0,9066606000.0,0.0,0.0,-0.05,-0.016,-0.1178
FPT,2019-01-24,15:01:01,HOSE,STOCK,42.35,45.3,39.4,42.4,42.6,42.35,42.45,42.48,13.529,13.592,13.513,13.545,13.554,234470.0,9959933500.0,0.0,0.0,0.1,0.0319,0.2361
FPT,2019-01-23,15:01:01,HOSE,STOCK,42.35,45.3,39.4,42.3,42.4,42.15,42.35,42.28,13.497,13.529,13.449,13.513,13.49,193460.0,8180093500.0,0.0,0.0,0.0,0.0,0.0
FPT,2019-01-22,15:01:02,HOSE,STOCK,42.5,45.45,39.55,42.5,42.75,42.35,42.35,42.52,13.56,13.64,13.513,13.513,13.567,141480.0,6016045500.0,0.0,0.0,-0.15,-0.0479,-0.3529
FPT,2019-01-21,15:01:01,HOSE,STOCK,42.0,44.9,39.1,42.2,42.8,42.2,42.5,42.47,13.465,13.656,13.465,13.56,13.551,247800.0,10525199000.0,0.0,0.0,0.5,0.1595,1.1905
FPT,2019-01-18,15:01:01,HOSE,STOCK,42.0,44.9,39.1,42.1,42.5,42.0,42.0,42.11,13.433,13.56,13.401,13.401,13.436,227150.0,9565361000.0,0.0,0.0,0.0,0.0,0.0
FPT,2019-01-17,15:01:01,HOSE,STOCK,42.55,45.5,39.6,42.5,42.75,42.0,42.0,42.4,13.56,13.64,13.401,13.401,13.529,379770.0,16102546000.0,0.0,0.0,-0.55,-0.1755,-1.2926
FPT,2019-01-16,15:01:01,HOSE,STOCK,42.8,45.75,39.85,43.0,43.0,42.55,42.55,42.73,13.72,13.72,13.576,13.576,13.634,186590.0,7973865500.0,0.0,0.0,-0.25,-0.0798,-0.5841
FPT,2019-01-15,15:01:01,HOSE,STOCK,42.5,45.45,39.55,42.3,42.8,42.3,42.8,42.7,13.497,13.656,13.497,13.656,13.624,339480.0,14494747500.0,0.0,0.0,0.3,0.0957,0.7059
FPT,2019-01-14,15:01:01,HOSE,STOCK,42.2,45.15,39.25,42.3,42.6,42.0,42.5,42.38,13.497,13.592,13.401,13.56,13.522,398400.0,16885059500.0,0.0,0.0,0.3,0.0957,0.7109
FPT,2019-01-11,15:01:01,HOSE,STOCK,42.15,45.1,39.2,42.4,42.55,42.05,42.2,42.37,13.529,13.576,13.417,13.465,13.519,596090.0,25257308000.0,0.0,0.0,0.05,0.016,0.1186
FPT,2019-01-10,15:01:01,HOSE,STOCK,42.4,45.35,39.45,42.4,42.55,42.15,42.15,42.34,13.529,13.576,13.449,13.449,13.509,207330.0,8778411500.0,0.0,0.0,-0.25,-0.0798,-0.5896
FPT,2019-01-09,15:01:02,HOSE,STOCK,42.0,44.9,39.1,42.1,42.6,41.9,42.4,42.3,13.433,13.592,13.369,13.529,13.497,309040.0,13070916000.0,0.0,0.0,0.4,0.1276,0.9524
FPT,2019-01-08,15:01:01,HOSE,STOCK,41.8,44.7,38.9,41.8,42.0,41.7,42.0,41.85,13.337,13.401,13.305,13.401,13.353,295660.0,12374455000.0,0.0,0.0,0.2,0.0638,0.4785
FPT,2019-01-07,15:01:01,HOSE,STOCK,41.1,43.95,38.25,41.8,42.1,41.6,41.8,41.9,13.337,13.433,13.273,13.337,13.369,408470.0,17113002000.0,0.0,0.0,0.7,0.2233,1.7032
FPT,2019-01-04,15:01:01,HOSE,STOCK,40.8,43.65,37.95,40.6,41.45,40.5,41.1,40.87,12.954,13.225,12.922,13.114,13.04,318570.0,13020331500.0,0.0,0.0,0.3,0.0957,0.7353
FPT,2019-01-03,15:01:01,HOSE,STOCK,41.2,44.05,38.35,41.45,41.45,40.7,40.8,40.94,13.225,13.225,12.986,13.018,13.063,716600.0,29341150000.0,0.0,0.0,-0.4,-0.1276,-0.9709
FPT,2019-01-02,15:01:01,HOSE,STOCK,0.0,0.0,0.0,41.8,42.15,41.15,41.2,41.68,13.337,13.449,13.13,13.146,13.299,459120.0,19134188000.0,0.0,0.0,0.0,0.0,0.0
FPT,2018-12-28,15:12:01,HOSE,STOCK,41.8,44.7,38.9,42.05,42.2,41.8,42.2,42.08,13.417,13.465,13.337,13.465,13.426,387170.0,16290355000.0,0.0,0.0,0.4,0.1276,0.9569
FPT,2018-12-27,15:12:02,HOSE,STOCK,41.4,44.25,38.55,42.1,42.25,41.8,41.8,41.98,13.433,13.481,13.337,13.337,13.395,454860.0,19094772000.0,0.0,0.0,0.4,0.1276,0.9662
FPT,2018-12-26,15:12:01,HOSE,STOCK,41.5,44.4,38.6,41.5,41.85,41.4,41.4,41.58,13.241,13.353,13.209,13.209,13.267,333590.0,13869863000.0,0.0,0.0,-0.1,-0.0319,-0.241
FPT,2018-12-25,15:12:01,HOSE,STOCK,42.0,44.9,39.1,41.4,41.5,41.0,41.5,41.22,13.209,13.241,13.082,13.241,13.152,732310.0,30186852000.0,0.0,0.0,-0.5,-0.1595,-1.1905
FPT,2018-12-24,15:12:01,HOSE,STOCK,42.5,45.45,39.55,42.6,42.8,42.0,42.0,42.46,13.592,13.656,13.401,13.401,13.548,212530.0,9024263000.0,0.0,0.0,-0.5,-0.1595,-1.1765
FPT,2018-12-21,15:12:01,HOSE,STOCK,42.05,44.95,39.15,41.9,42.5,41.9,42.5,42.11,13.369,13.56,13.369,13.56,13.436,453810.0,19111037000.0,0.0,0.0,0.45,0.1436,1.0702
FPT,2018-12-20,15:12:01,HOSE,STOCK,42.1,45.0,39.2,42.3,42.4,42.05,42.05,42.2,13.497,13.529,13.417,13.417,13.465,461210.0,19463926500.0,0.0,0.0,-0.05,-0.016,-0.1188
FPT,2018-12-19,15:12:01,HOSE,STOCK,42.0,44.9,39.1,42.0,42.6,41.85,42.1,42.1,13.401,13.592,13.353,13.433,13.433,471580.0,19854041000.0,0.0,0.0,0.1,0.0319,0.2381
FPT,2018-12-18,15:12:01,HOSE,STOCK,43.0,46.0,40.0,42.35,42.8,41.85,42.0,42.19,13.513,13.656,13.353,13.401,13.462,1125660.0,47488939500.0,0.0,0.0,-1.0,-0.3191,-2.3256
FPT,2018-12-17,15:12:02,HOSE,STOCK,44.15,47.2,41.1,44.1,44.1,43.0,43.0,43.59,14.071,14.071,13.72,13.72,13.908,777640.0,33899314500.0,0.0,0.0,-1.15,-0.3669,-2.6048
FPT,2018-12-14,15:12:01,HOSE,STOCK,44.6,47.7,41.5,44.6,44.8,44.1,44.15,44.44,14.231,14.294,14.071,14.087,14.179,787920.0,35015359500.0,0.0,0.0,-0.45,-0.1436,-1.009
FPT,2018-12-13,15:12:02,HOSE,STOCK,44.45,47.55,41.35,44.95,45.25,44.5,44.6,44.83,14.342,14.438,14.199,14.231,14.304,780570.0,34992666500.0,0.0,0.0,0.15,0.0479,0.3375
FPT,2018-12-12,15:12:01,HOSE,STOCK,44.05,47.1,41.0,44.05,44.55,44.05,44.45,44.36,14.055,14.215,14.055,14.183,14.154,664120.0,29457912500.0,0.0,0.0,0.4,0.1276,0.9081
FPT,2018-12-11,15:12:02,HOSE,STOCK,44.2,47.25,41.15,44.3,44.5,43.9,44.05,44.18,14.135,14.199,14.007,14.055,14.096,382700.0,16906131000.0,0.0,0.0,-0.15,-0.0479,-0.3394
FPT,2018-12-10,15:12:01,HOSE,STOCK,45.1,48.25,41.95,44.8,45.0,44.2,44.2,44.51,14.294,14.358,14.103,14.103,14.202,694990.0,30930649000.0,0.0,0.0,-0.9,-0.2872,-1.9956
FPT,2018-12-07,15:12:02,HOSE,STOCK,44.4,47.5,41.3,44.6,45.35,44.6,45.1,44.92,14.231,14.47,14.231,14.39,14.333,763170.0,34282029000.0,0.0,0.0,0.7,0.2233,1.5766
FPT,2018-12-06,15:12:01,HOSE,STOCK,44.6,47.7,41.5,44.5,44.8,44.05,44.4,44.39,14.199,14.294,14.055,14.167,14.163,484120.0,21488416000.0,0.0,0.0,-0.2,-0.0638,-0.4484
FPT,2018-12-05,15:12:01,HOSE,STOCK,44.95,48.05,41.85,44.45,44.95,44.4,44.6,44.68,14.183,14.342,14.167,14.231,14.256,605880.0,27067874500.0,0.0,0.0,-0.35,-0.1117,-0.7786
FPT,2018-12-04,15:12:01,HOSE,STOCK,44.9,48.0,41.8,44.9,45.5,44.75,44.95,45.02,14.326,14.518,14.278,14.342,14.365,1011170.0,45522398000.0,0.0,0.0,0.05,0.016,0.1114
FPT,2018-12-03,15:12:01,HOSE,STOCK,42.9,45.9,39.9,43.2,44.9,43.2,44.9,44.19,13.784,14.326,13.784,14.326,14.1,1136360.0,50218884500.0,0.0,0.0,2.0,0.6381,4.662
FPT,2018-11-30,15:11:01,HOSE,STOCK,42.9,45.9,39.9,42.9,42.95,42.65,42.9,42.77,13.688,13.704,13.608,13.688,13.647,323780.0,13847059500.0,0.0,0.0,0.0,0.0,0.0
FPT,2018-11-29,15:11:01,HOSE,STOCK,42.8,45.75,39.85,43.3,43.5,42.9,42.9,43.06,13.816,13.88,13.688,13.688,13.739,523610.0,22547383500.0,0.0,0.0,0.1,0.0319,0.2336
FPT,2018-11-28,15:11:02,HOSE,STOCK,42.75,45.7,39.8,42.75,42.85,42.55,42.8,42.77,13.64,13.672,13.576,13.656,13.647,256240.0,10958212000.0,0.0,0.0,0.05,0.016,0.117
FPT,2018-11-27,15:11:01,HOSE,STOCK,42.45,45.4,39.5,42.9,42.9,42.5,42.75,42.71,13.688,13.688,13.56,13.64,13.627,341670.0,14591651000.0,0.0,0.0,0.3,0.0957,0.7067
FPT,2018-11-26,15:11:01,HOSE,STOCK,43.05,46.05,40.05,43.05,43.05,42.45,42.45,42.63,13.736,13.736,13.545,13.545,13.602,483470.0,20607945000.0,0.0,0.0,-0.6,-0.1914,-1.3937
FPT,2018-11-23,15:11:01,HOSE,STOCK,43.4,46.4,40.4,43.1,43.45,43.0,43.05,43.21,13.752,13.864,13.72,13.736,13.787,346060.0,14953837500.0,0.0,0.0,-0.35,-0.1117,-0.8065
FPT,2018-11-22,15:11:01,HOSE,STOCK,43.4,46.4,40.4,43.4,43.6,43.25,43.4,43.4,13.848,13.911,13.8,13.848,13.848,323300.0,14032360000.0,0.0,0.0,0.0,0.0,0.0
FPT,2018-11-21,15:11:01,HOSE,STOCK,43.4,46.4,40.4,42.8,43.4,42.7,43.4,43.0,13.656,13.848,13.624,13.848,13.72,513360.0,22077026000.0,0.0,0.0,0.0,0.0,0.0
FPT,2018-11-20,15:11:01,HOSE,STOCK,43.15,46.15,40.15,43.2,43.4,42.85,43.4,43.13,13.784,13.848,13.672,13.848,13.761,550140.0,23729836500.0,0.0,0.0,0.25,0.0798,0.5794
FPT,2018-11-19,15:11:01,HOSE,STOCK,42.75,45.7,39.8,43.0,43.2,42.8,43.15,43.04,13.72,13.784,13.656,13.768,13.733,396020.0,17043818000.0,0.0,0.0,0.4,0.1276,0.9357
FPT,2018-11-16,15:11:02,HOSE,STOCK,42.2,45.15,39.25,42.5,42.9,42.25,42.75,42.59,13.56,13.688,13.481,13.64,13.589,639910.0,27254603500.0,0.0,0.0,0.55,0.1755,1.3033
FPT,2018-11-15,15:11:01,HOSE,STOCK,42.25,45.2,39.3,42.0,42.4,41.7,42.2,42.17,13.401,13.529,13.305,13.465,13.455,498790.0,21033444500.0,0.0,0.0,-0.05,-0.016,-0.1183
FPT,2018-11-14,15:11:01,HOSE,STOCK,41.65,44.55,38.75,41.9,42.25,41.6,42.25,42.02,13.369,13.481,13.273,13.481,13.407,752440.0,31620995000.0,0.0,0.0,0.6,0.1914,1.4406
FPT,2018-11-13,15:11:01,HOSE,STOCK,41.95,44.85,39.05,41.2,41.75,41.2,41.65,41.48,13.146,13.321,13.146,13.289,13.235,438030.0,18168971500.0,0.0,0.0,-0.3,-0.0957,-0.7151
FPT,2018-11-12,15:11:01,HOSE,STOCK,41.25,44.1,38.4,41.2,41.95,41.15,41.95,41.48,13.146,13.385,13.13,13.385,13.235,273110.0,11328457000.0,0.0,0.0,0.7,0.2233,1.697
FPT,2018-11-09,15:11:01,HOSE,STOCK,42.15,45.1,39.2,41.8,42.1,41.2,41.25,41.56,13.337,13.433,13.146,13.162,13.261,635120.0,26396460500.0,0.0,0.0,-0.9,-0.2872,-2.1352
FPT,2018-11-08,15:11:01,HOSE,STOCK,41.85,44.75,38.95,42.25,42.4,41.95,42.15,42.13,13.481,13.529,13.385,13.449,13.442,352130.0,14836045500.0,0.0,0.0,0.3,0.0957,0.7168
FPT,2018-11-07,15:11:02,HOSE,STOCK,42.15,45.1,39.2,42.15,42.5,41.65,41.85,41.96,13.449,13.56,13.289,13.353,13.388,495560.0,20795671500.0,0.0,0.0,-0.3,-0.0957,-0.7117
FPT,2018-11-06,15:11:02,HOSE,STOCK,42.55,45.5,39.6,42.7,42.75,42.1,42.15,42.36,13.624,13.64,13.433,13.449,13.516,470930.0,19949390500.0,0.0,0.0,-0.4,-0.1276,-0.9401
FPT,2018-11-05,15:11:02,HOSE,STOCK,42.9,45.9,39.9,42.6,43.0,42.2,42.55,42.51,13.592,13.72,13.465,13.576,13.564,265620.0,11290982000.0,0.0,0.0,-0.35,-0.1117,-0.8159
FPT,2018-11-02,15:11:02,HOSE,STOCK,41.9,44.8,39.0,42.35,43.0,42.05,42.9,42.54,13.513,13.72,13.417,13.688,13.573,593810.0,25258348500.0,0.0,0.0,1.0,0.3191,2.3866
FPT,2018-11-01,15:11:01,HOSE,STOCK,41.95,44.85,39.05,42.05,42.4,41.9,41.9,42.11,13.417,13.529,13.369,13.369,13.436,469760.0,19782737000.0,0.0,0.0,-0.05,-0.016,-0.1192
FPT,2018-10-31,15:10:02,HOSE,STOCK,41.0,43.85,38.15,41.75,42.0,41.3,41.95,41.71,13.321,13.401,13.178,13.385,13.308,325140.0,13560203000.0,0.0,0.0,0.95,0.3031,2.3171
FPT,2018-10-30,15:10:01,HOSE,STOCK,41.0,43.85,38.15,41.1,41.8,40.85,41.0,41.32,13.114,13.337,13.034,13.082,13.184,452630.0,18703957500.0,0.0,0.0,0.0,0.0,0.0
FPT,2018-10-29,15:10:01,HOSE,STOCK,40.8,43.65,37.95,40.5,41.45,40.5,41.0,40.94,12.922,13.225,12.922,13.082,13.063,462380.0,18928373000.0,0.0,0.0,0.2,0.0638,0.4902
FPT,2018-10-26,15:10:02,HOSE,STOCK,41.05,43.9,38.2,41.5,41.75,40.8,40.8,41.3,13.241,13.321,13.018,13.018,13.178,919770.0,37989377500.0,0.0,0.0,-0.25,-0.0798,-0.609
FPT,2018-10-25,15:10:01,HOSE,STOCK,41.8,44.7,38.9,40.0,41.3,40.0,41.05,40.65,12.763,13.178,12.763,13.098,12.97,757730.0,30801722000.0,0.0,0.0,-0.75,-0.2393,-1.7943
FPT,2018-10-24,15:10:01,HOSE,STOCK,42.2,45.15,39.25,42.05,42.55,41.8,41.8,42.17,13.417,13.576,13.337,13.337,13.455,562380.0,23716564500.0,0.0,0.0,-0.4,-0.1276,-0.9479
FPT,2018-10-23,15:10:01,HOSE,STOCK,43.15,46.15,40.15,43.15,43.15,41.6,42.2,42.39,13.768,13.768,13.273,13.465,13.525,1150850.0,48785210000.0,0.0,0.0,-0.95,-0.3031,-2.2016
FPT,2018-10-22,15:10:02,HOSE,STOCK,43.0,46.0,40.0,43.4,43.7,43.1,43.15,43.33,13.848,13.943,13.752,13.768,13.825,429360.0,18603850500.0,0.0,0.0,0.15,0.0479,0.3488
FPT,2018-10-19,15:10:01,HOSE,STOCK,43.6,46.65,40.55,43.0,43.5,42.9,43.0,43.05,13.72,13.88,13.688,13.72,13.736,925420.0,39838233500.0,0.0,0.0,-0.6,-0.1914,-1.3761
FPT,2018-10-18,15:10:01,HOSE,STOCK,43.6,46.65,40.55,43.7,44.0,43.4,43.6,43.65,13.943,14.039,13.848,13.911,13.927,710630.0,31022255500.0,0.0,0.0,0.0,0.0,0.0
FPT,2018-10-17,15:10:01,HOSE,STOCK,43.25,46.25,40.25,43.8,44.0,43.5,43.6,43.71,13.975,14.039,13.88,13.911,13.947,474320.0,20733974500.0,0.0,0.0,0.35,0.1117,0.8092
FPT,2018-10-16,15:10:01,HOSE,STOCK,43.0,46.0,40.0,43.5,43.5,42.7,43.25,43.03,13.88,13.88,13.624,13.8,13.73,603710.0,25977656500.0,0.0,0.0,0.25,0.0798,0.5814
FPT,2018-10-15,15:10:01,HOSE,STOCK,43.8,46.85,40.75,43.8,44.0,43.0,43.0,43.38,13.975,14.039,13.72,13.72,13.841,495650.0,21502759000.0,0.0,0.0,-0.8,-0.2553,-1.8265
FPT,2018-10-12,15:10:01,HOSE,STOCK,42.7,45.65,39.75,42.5,44.0,41.7,43.8,42.8,13.56,14.039,13.305,13.975,13.656,1377940.0,58975230000.0,0.0,0.0,1.1,0.351,2.5761
FPT,2018-10-11,15:10:01,HOSE,STOCK,45.3,48.45,42.15,44.0,44.4,42.3,42.7,43.4,14.039,14.167,13.497,13.624,13.848,2177930.0,94524451000.0,0.0,0.0,-2.6,-0.8296,-5.7395
FPT,2018-10-10,15:10:01,HOSE,STOCK,44.7,47.8,41.6,44.7,45.4,44.7,45.3,45.01,14.262,14.486,14.262,14.454,14.361,695690.0,31314595500.0,0.0,0.0,0.6,0.1914,1.3423
FPT,2018-10-09,15:10:01,HOSE,STOCK,45.0,48.15,41.85,45.0,45.15,44.7,44.7,44.91,14.358,14.406,14.262,14.262,14.329,399440.0,17939610500.0,0.0,0.0,-0.3,-0.0957,-0.6667
FPT,2018-10-08,15:10:02,HOSE,STOCK,45.6,48.75,42.45,45.5,45.5,45.0,45.0,45.21,14.518,14.518,14.358,14.358,14.425,511810.0,23140287000.0,0.0,0.0,-0.6,-0.1914,-1.3158
FPT,2018-10-05,15:10:01,HOSE,STOCK,45.85,49.05,42.65,45.95,46.0,45.55,45.6,45.78,14.661,14.677,14.534,14.55,14.607,508450.0,23277016500.0,0.0,0.0,-0.25,-0.0798,-0.5453
FPT,2018-10-04,15:10:01,HOSE,STOCK,45.5,48.65,42.35,45.5,46.0,45.4,45.85,45.75,14.518,14.677,14.486,14.629,14.597,471280.0,21560369000.0,0.0,0.0,0.35,0.1117,0.7692
FPT,2018-10-03,15:10:01,HOSE,STOCK,45.3,48.45,42.15,45.3,45.7,45.25,45.5,45.35,14.454,14.581,14.438,14.518,14.47,373060.0,16917935000.0,0.0,0.0,0.2,0.0638,0.4415
FPT,2018-10-02,15:10:01,HOSE,STOCK,46.0,49.2,42.8,45.85,46.0,45.25,45.3,45.66,14.629,14.677,14.438,14.454,14.569,854660.0,39022519500.0,0.0,0.0,-0.7,-0.2234,-1.5217
FPT,2018-10-01,15:10:01,HOSE,STOCK,46.3,49.5,43.1,46.3,46.45,45.95,46.0,46.09,14.773,14.821,14.661,14.677,14.706,519760.0,23957548500.0,0.0,0.0,-0.3,-0.0957,-0.6479
FPT,2018-09-28,15:09:01,HOSE,STOCK,46.2,49.4,43.0,46.5,46.5,46.25,46.3,46.39,14.837,14.837,14.757,14.773,14.802,559790.0,25970410000.0,0.0,0.0,0.1,0.0319,0.2165
FPT,2018-09-27,15:09:01,HOSE,STOCK,46.05,49.25,42.85,46.05,46.5,46.05,46.2,46.21,14.693,14.837,14.693,14.741,14.744,750790.0,34691691000.0,0.0,0.0,0.15,0.0479,0.3257
FPT,2018-09-26,15:09:01,HOSE,STOCK,45.9,49.1,42.7,46.0,46.8,45.85,46.05,46.14,14.677,14.932,14.629,14.693,14.722,1028940.0,47472164500.0,0.0,0.0,0.15,0.0479,0.3268
FPT,2018-09-25,15:09:02,HOSE,STOCK,46.1,49.3,42.9,46.0,46.1,45.8,45.9,45.95,14.677,14.709,14.613,14.645,14.661,746530.0,34306232000.0,0.0,0.0,-0.2,-0.0638,-0.4338
FPT,2018-09-24,15:09:01,HOSE,STOCK,45.9,49.1,42.7,45.9,46.5,45.8,46.1,46.02,14.645,14.837,14.613,14.709,14.684,991190.0,45615019500.0,0.0,0.0,0.2,0.0638,0.4357
FPT,2018-09-21,15:09:01,HOSE,STOCK,45.9,49.1,42.7,46.05,46.05,45.2,45.9,45.67,14.693,14.693,14.422,14.645,14.572,1327270.0,60616054500.0,0.0,0.0,0.0,0.0,0.0
FPT,2018-09-20,15:09:02,HOSE,STOCK,45.45,48.6,42.3,45.05,46.2,45.05,45.9,45.91,14.374,14.741,14.374,14.645,14.648,1126260.0,51707183000.0,0.0,0.0,0.45,0.1436,0.9901
FPT,2018-09-19,15:09:01,HOSE,STOCK,44.8,47.9,41.7,45.0,45.65,44.8,45.45,45.33,14.358,14.566,14.294,14.502,14.463,1352060.0,61295462000.0,0.0,0.0,0.65,0.2074,1.4509
FPT,2018-09-18,15:09:02,HOSE,STOCK,44.1,47.15,41.05,43.7,44.8,43.7,44.8,44.3,13.943,14.294,13.943,14.294,14.135,799660.0,35423801000.0,0.0,0.0,0.7,0.2233,1.5873
FPT,2018-09-17,15:09:01,HOSE,STOCK,44.55,47.65,41.45,44.5,44.5,44.1,44.1,44.29,14.199,14.199,14.071,14.071,14.132,564810.0,25016782000.0,0.0,0.0,-0.45,-0.1436,-1.0101
FPT,2018-09-14,15:09:02,HOSE,STOCK,43.4,46.4,40.4,43.6,44.7,43.6,44.55,44.39,13.911,14.262,13.911,14.215,14.163,2772660.0,123091841500.0,0.0,0.0,1.15,0.3669,2.6498
FPT,2018-09-13,15:09:01,HOSE,STOCK,43.05,46.05,40.05,43.7,43.9,43.2,43.4,43.64,13.943,14.007,13.784,13.848,13.924,646170.0,28196020000.0,0.0,0.0,0.35,0.1117,0.813
FPT,2018-09-12,15:09:02,HOSE,STOCK,43.15,46.15,40.15,43.5,43.7,43.05,43.05,43.22,13.88,13.943,13.736,13.736,13.79,477500.0,20636874500.0,0.0,0.0,-0.1,-0.0319,-0.2317
FPT,2018-09-11,15:09:01,HOSE,STOCK,42.55,45.5,39.6,42.55,43.2,42.55,43.15,42.88,13.576,13.784,13.576,13.768,13.682,562280.0,24112403500.0,0.0,0.0,0.6,0.1914,1.4101
FPT,2018-09-10,15:09:01,HOSE,STOCK,43.0,46.0,40.0,43.2,43.2,42.55,42.55,42.84,13.784,13.784,13.576,13.576,13.669,367280.0,15732450000.0,0.0,0.0,-0.45,-0.1436,-1.0465
FPT,2018-09-07,15:09:01,HOSE,STOCK,42.35,45.3,39.4,42.5,43.0,42.35,43.0,42.57,13.56,13.72,13.513,13.72,13.583,508770.0,21656561500.0,0.0,0.0,0.65,0.2074,1.5348
FPT,2018-09-06,15:09:01,HOSE,STOCK,43.3,46.3,40.3,43.1,43.3,42.35,42.35,42.75,13.752,13.816,13.513,13.513,13.64,1206190.0,51567048500.0,0.0,0.0,-0.95,-0.3031,-2.194
FPT,2018-09-05,15:09:01,HOSE,STOCK,44.1,47.15,41.05,44.05,44.2,43.0,43.3,43.79,14.055,14.103,13.72,13.816,13.972,843460.0,36934986500.0,0.0,0.0,-0.8,-0.2553,-1.8141
FPT,2018-09-04,15:09:02,HOSE,STOCK,44.2,47.25,41.15,44.1,44.7,44.0,44.1,44.24,14.071,14.262,14.039,14.071,14.116,634400.0,28064839000.0,0.0,0.0,-0.1,-0.0319,-0.2262
FPT,2018-08-31,15:08:02,HOSE,STOCK,44.15,47.2,41.1,44.15,44.9,44.1,44.2,44.46,14.087,14.326,14.071,14.103,14.186,1027280.0,45672424000.0,0.0,0.0,0.05,0.016,0.1133
FPT,2018-08-30,15:08:16,HOSE,STOCK,44.2,47.25,41.15,44.2,44.2,43.95,44.15,44.06,14.103,14.103,14.023,14.087,14.058,632170.0,27855017500.0,0.0,0.0,-0.05,-0.016,-0.1131
FPT,2018-08-29,15:08:02,HOSE,STOCK,44.2,47.25,41.15,44.15,44.4,43.95,44.2,44.09,14.087,14.167,14.023,14.103,14.068,775370.0,34186357000.0,0.0,0.0,0.0,0.0,0.0
FPT,2018-08-28,15:08:02,HOSE,STOCK,44.4,47.5,41.3,44.3,44.45,44.05,44.2,44.21,14.135,14.183,14.055,14.103,14.106,909720.0,40220668500.0,0.0,0.0,-0.2,-0.0638,-0.4505
FPT,2018-08-27,15:08:01,HOSE,STOCK,44.45,47.55,41.35,44.3,44.5,44.2,44.4,44.39,14.135,14.199,14.103,14.167,14.163,808140.0,35876788000.0,0.0,0.0,-0.05,-0.016,-0.1125
FPT,2018-08-24,15:08:01,HOSE,STOCK,44.4,47.5,41.3,44.4,44.5,43.9,44.45,44.28,14.167,14.199,14.007,14.183,14.128,629740.0,27882762500.0,0.0,0.0,0.05,0.016,0.1126
FPT,2018-08-23,15:08:01,HOSE,STOCK,44.05,47.1,41.0,44.1,44.5,44.1,44.4,44.41,14.071,14.199,14.071,14.167,14.17,1004880.0,44628882000.0,0.0,0.0,0.35,0.1117,0.7946
FPT,2018-08-22,15:08:01,HOSE,STOCK,43.7,46.75,40.65,43.75,44.3,43.7,44.05,43.99,13.959,14.135,13.943,14.055,14.036,1152700.0,50702104500.0,0.0,0.0,0.35,0.1117,0.8009
FPT,2018-08-21,15:08:01,HOSE,STOCK,43.7,46.75,40.65,43.6,43.8,43.4,43.7,43.58,13.911,13.975,13.848,13.943,13.905,720470.0,31398432000.0,0.0,0.0,0.0,0.0,0.0
FPT,2018-08-20,15:08:01,HOSE,STOCK,43.5,46.5,40.5,43.5,44.3,43.15,43.7,43.73,13.88,14.135,13.768,13.943,13.953,955270.0,41777537500.0,0.0,0.0,0.2,0.0638,0.4598
FPT,2018-08-17,15:08:01,HOSE,STOCK,43.0,46.0,40.0,43.2,43.5,43.0,43.5,43.28,13.784,13.88,13.72,13.88,13.809,928050.0,40162685500.0,0.0,0.0,0.5,0.1595,1.1628
FPT,2018-08-16,15:08:01,HOSE,STOCK,42.8,45.75,39.85,42.9,43.0,42.45,43.0,42.8,13.688,13.72,13.545,13.72,13.656,1378580.0,59000581000.0,0.0,0.0,0.2,0.0638,0.4673
FPT,2018-08-15,15:08:01,HOSE,STOCK,44.3,47.4,41.2,44.3,44.7,43.7,43.8,44.38,13.813,13.937,13.625,13.657,13.837,1658080.0,73584752500.0,0.0,0.0,-0.5,-0.1559,-1.1287
FPT,2018-08-14,15:08:01,HOSE,STOCK,43.45,46.45,40.45,43.75,44.35,43.6,44.3,44.05,13.641,13.828,13.594,13.813,13.735,1601310.0,70540543500.0,0.0,0.0,0.85,0.265,1.9563
FPT,2018-08-13,15:08:01,HOSE,STOCK,43.1,46.1,40.1,43.1,43.7,43.1,43.45,43.38,13.438,13.625,13.438,13.547,13.526,1038760.0,45063014500.0,0.0,0.0,0.35,0.1091,0.8121
FPT,2018-08-10,15:08:01,HOSE,STOCK,42.8,45.75,39.85,42.8,43.45,42.7,43.1,43.14,13.345,13.547,13.314,13.438,13.451,797270.0,34396155500.0,0.0,0.0,0.3,0.0935,0.7009
FPT,2018-08-09,15:08:01,HOSE,STOCK,42.5,45.45,39.55,43.0,43.2,42.55,42.8,42.94,13.407,13.47,13.267,13.345,13.388,1232720.0,52931171500.0,0.0,0.0,0.3,0.0935,0.7059
FPT,2018-08-08,15:08:01,HOSE,STOCK,0.0,0.0,0.0,41.95,42.6,41.9,42.5,42.21,13.08,13.282,13.064,13.251,13.161,764020.0,32249926000.0,0.0,0.0,0.0,0.0,0.0
FPT,2018-08-07,15:08:01,HOSE,STOCK,0.0,0.0,0.0,42.3,42.3,41.75,41.95,42.01,13.189,13.189,13.017,13.08,13.098,645810.0,27127272500.0,0.0,0.0,0.0,0.0,0.0
FPT,2018-08-06,17:08:44,HOSE,STOCK,0.0,0.0,0.0,42.4,42.7,42.25,42.25,42.4,13.22,13.314,13.173,13.173,13.22,350030.0,14840147000.0,0.0,0.0,0.0,0.0,0.0
FPT,2018-08-03,15:08:02,HOSE,STOCK,42.7,45.65,39.75,43.0,43.1,42.4,42.6,42.83,13.407,13.438,13.22,13.282,13.354,719840.0,30833668000.0,0.0,0.0,-0.1,-0.0312,-0.2342
FPT,2018-08-02,15:08:01,HOSE,STOCK,42.0,44.9,39.1,42.0,42.7,41.6,42.7,41.8,13.095,13.314,12.971,13.314,13.033,726710.0,30378743500.0,0.0,0.0,0.7,0.2183,1.6667
FPT,2018-08-01,15:08:02,HOSE,STOCK,42.8,45.75,39.85,42.7,43.05,41.9,42.0,42.27,13.314,13.423,13.064,13.095,13.18,2431450.0,102767348000.0,0.0,0.0,-0.8,-0.2494,-1.8692
FPT,2018-07-31,15:07:01,HOSE,STOCK,43.3,46.3,40.3,43.3,43.5,42.8,42.8,43.04,13.501,13.563,13.345,13.345,13.42,1591210.0,68486010000.0,0.0,0.0,-0.5,-0.1559,-1.1547
FPT,2018-07-30,15:07:01,HOSE,STOCK,43.3,46.3,40.3,43.4,43.5,43.2,43.3,43.32,13.532,13.563,13.47,13.501,13.507,1197220.0,51858483000.0,0.0,0.0,0.0,0.0,0.0
FPT,2018-07-27,15:07:11,HOSE,STOCK,42.55,45.5,39.6,42.9,43.9,42.55,43.3,43.33,13.376,13.688,13.267,13.501,13.51,1291840.0,55978923000.0,0.0,0.0,0.75,0.2339,1.7626
FPT,2018-07-26,15:07:02,HOSE,STOCK,42.4,45.35,39.45,42.7,43.0,42.1,42.55,42.54,13.314,13.407,13.127,13.267,13.264,717640.0,30524938000.0,0.0,0.0,0.15,0.0468,0.3538
FPT,2018-07-25,15:07:01,HOSE,STOCK,42.2,45.15,39.25,42.3,43.8,42.2,42.4,42.73,13.189,13.657,13.158,13.22,13.323,1326030.0,56657422000.0,0.0,0.0,0.2,0.0624,0.4739
FPT,2018-07-24,15:07:02,HOSE,STOCK,42.0,44.9,39.1,42.0,42.45,41.4,42.2,41.83,13.095,13.236,12.908,13.158,13.042,1167460.0,48836284500.0,0.0,0.0,0.2,0.0624,0.4762
FPT,2018-07-23,15:07:02,HOSE,STOCK,41.6,44.5,38.7,42.2,42.7,41.85,42.0,42.27,13.158,13.314,13.049,13.095,13.18,1111700.0,46996352500.0,0.0,0.0,0.4,0.1247,0.9615
FPT,2018-07-20,15:07:02,HOSE,STOCK,42.5,45.45,39.55,42.3,42.3,41.25,41.6,41.69,13.189,13.189,12.862,12.971,12.999,851350.0,35492380000.0,0.0,0.0,-0.9,-0.2806,-2.1176
FPT,2018-07-19,15:07:01,HOSE,STOCK,42.9,45.9,39.9,42.2,42.9,42.2,42.5,42.55,13.158,13.376,13.158,13.251,13.267,753150.0,32048887000.0,0.0,0.0,-0.4,-0.1247,-0.9324
FPT,2018-07-18,15:07:01,HOSE,STOCK,41.9,44.8,39.0,42.0,42.9,41.9,42.9,42.43,13.095,13.376,13.064,13.376,13.229,1096080.0,46507573000.0,0.0,0.0,1.0,0.3118,2.3866
FPT,2018-07-17,15:07:02,HOSE,STOCK,40.9,43.75,38.05,40.7,41.9,40.55,41.9,41.34,12.69,13.064,12.643,13.064,12.89,1297460.0,53640545000.0,0.0,0.0,1.0,0.3118,2.445
FPT,2018-07-16,15:07:02,HOSE,STOCK,40.6,43.4,37.8,41.1,41.5,40.65,40.9,41.03,12.815,12.939,12.674,12.752,12.793,645230.0,26475837500.0,0.0,0.0,0.3,0.0935,0.7389
FPT,2018-07-13,15:07:02,HOSE,STOCK,38.8,41.5,36.1,39.5,40.8,39.3,40.6,40.28,12.316,12.721,12.254,12.659,12.559,1060620.0,42722225500.0,0.0,0.0,1.8,0.5612,4.6392
FPT,2018-07-12,15:07:01,HOSE,STOCK,39.2,41.9,36.5,38.6,39.65,38.5,38.8,38.92,12.035,12.363,12.004,12.098,12.135,684480.0,26637568000.0,0.0,0.0,-0.4,-0.1247,-1.0204
FPT,2018-07-11,15:07:01,HOSE,STOCK,40.4,43.2,37.6,39.5,40.0,38.6,39.2,39.19,12.316,12.472,12.035,12.222,12.219,801770.0,31418702500.0,0.0,0.0,-1.2,-0.3741,-2.9703
FPT,2018-07-10,15:07:01,HOSE,STOCK,40.15,42.95,37.35,40.3,40.7,40.0,40.4,40.27,12.565,12.69,12.472,12.597,12.556,249100.0,10031272500.0,0.0,0.0,0.25,0.078,0.6227
FPT,2018-07-09,15:07:01,HOSE,STOCK,40.8,43.65,37.95,41.0,41.35,39.8,40.15,40.84,12.784,12.893,12.409,12.519,12.734,583920.0,23845542000.0,0.0,0.0,-0.65,-0.2027,-1.5931
FPT,2018-07-06,15:07:01,HOSE,STOCK,39.5,42.25,36.75,39.0,41.7,38.9,40.8,40.11,12.16,13.002,12.129,12.721,12.506,913260.0,36630822000.0,0.0,0.0,1.3,0.4053,3.2911
FPT,2018-07-05,15:07:01,HOSE,STOCK,40.0,42.8,37.2,40.0,40.1,38.5,39.5,39.32,12.472,12.503,12.004,12.316,12.26,711240.0,27965758000.0,0.0,0.0,-0.5,-0.1559,-1.25
FPT,2018-07-04,15:07:02,HOSE,STOCK,39.0,41.7,36.3,39.05,40.0,38.5,40.0,39.25,12.176,12.472,12.004,12.472,12.238,980200.0,38472004500.0,0.0,0.0,1.0,0.3118,2.5641
FPT,2018-07-03,15:07:01,HOSE,STOCK,40.2,43.0,37.4,40.2,40.65,39.0,39.0,39.65,12.534,12.674,12.16,12.16,12.363,1351030.0,53567692000.0,0.0,0.0,-1.2,-0.3742,-2.9851
FPT,2018-07-02,15:07:02,HOSE,STOCK,41.5,44.4,38.6,41.5,41.9,40.0,40.2,40.62,12.939,13.064,12.472,12.534,12.665,979030.0,39766135000.0,0.0,0.0,-1.3,-0.4053,-3.1325
FPT,2018-06-29,15:06:01,HOSE,STOCK,42.5,45.45,39.55,42.5,43.0,41.5,41.5,42.09,13.251,13.407,12.939,12.939,13.123,759780.0,31978293000.0,0.0,0.0,-1.0,-0.3118,-2.3529
FPT,2018-06-28,15:06:01,HOSE,STOCK,44.3,47.4,41.2,44.3,44.3,42.5,42.5,43.16,13.813,13.813,13.251,13.251,13.457,1175250.0,50728177000.0,0.0,0.0,-1.8,-0.5612,-4.0632
FPT,2018-06-27,15:06:01,HOSE,STOCK,44.5,47.6,41.4,44.9,44.9,44.25,44.3,44.52,14.0,14.0,13.797,13.813,13.881,256990.0,11441118500.0,0.0,0.0,-0.2,-0.0624,-0.4494
FPT,2018-06-26,15:06:01,HOSE,STOCK,45.1,48.25,41.95,44.5,44.8,44.3,44.5,44.5,13.875,13.968,13.813,13.875,13.875,240850.0,10718204500.0,0.0,0.0,-0.6,-0.1871,-1.3304
FPT,2018-06-25,15:06:02,HOSE,STOCK,45.0,48.15,41.85,45.4,45.4,44.9,45.1,45.13,14.155,14.155,14.0,14.062,14.071,511540.0,23086161000.0,0.0,0.0,0.1,0.0312,0.2222
FPT,2018-06-22,15:06:01,HOSE,STOCK,45.0,48.15,41.85,44.3,45.0,43.9,45.0,44.39,13.813,14.031,13.688,14.031,13.841,375270.0,16658433000.0,0.0,0.0,0.0,0.0,0.0
FPT,2018-06-21,15:06:02,HOSE,STOCK,45.4,48.55,42.25,45.4,45.4,44.1,44.4,44.78,14.155,14.155,13.75,13.844,13.962,349770.0,15663757000.0,0.0,0.0,-1.0,-0.3118,-2.2026
FPT,2018-06-20,15:06:02,HOSE,STOCK,44.5,47.6,41.4,44.9,45.4,44.0,45.4,44.9,14.0,14.155,13.719,14.155,14.0,650560.0,29210867000.0,0.0,0.0,0.9,0.2806,2.0225
FPT,2018-06-19,15:06:01,HOSE,STOCK,45.4,48.55,42.25,45.1,45.1,42.7,44.5,44.02,14.062,14.062,13.314,13.875,13.725,2015520.0,88714512500.0,0.0,0.0,-0.9,-0.2806,-1.9824
FPT,2018-06-18,15:06:01,HOSE,STOCK,46.5,49.75,43.25,46.9,46.9,45.4,45.4,45.94,14.623,14.623,14.155,14.155,14.324,693660.0,31864082500.0,0.0,0.0,-1.1,-0.343,-2.3656
FPT,2018-06-15,15:06:02,HOSE,STOCK,46.6,49.85,43.35,46.3,46.7,46.25,46.5,46.37,14.436,14.561,14.421,14.498,14.458,442100.0,20500866000.0,0.0,0.0,-0.1,-0.0312,-0.2146
FPT,2018-06-14,15:06:01,HOSE,STOCK,46.8,50.0,43.55,47.0,47.25,46.6,46.6,46.91,14.654,14.732,14.53,14.53,14.626,460360.0,21595869500.0,0.0,0.0,-0.2,-0.0624,-0.4274
FPT,2018-06-13,15:06:02,HOSE,STOCK,46.3,49.5,43.1,46.0,46.9,46.0,46.8,46.44,14.343,14.623,14.343,14.592,14.48,452120.0,20998080000.0,0.0,0.0,0.5,0.1559,1.0799
FPT,2018-06-12,15:06:01,HOSE,STOCK,47.5,50.8,44.2,47.5,47.5,45.7,46.3,46.55,14.81,14.81,14.249,14.436,14.514,1257200.0,58524427000.0,0.0,0.0,-1.2,-0.3742,-2.5263
FPT,2018-06-11,15:06:02,HOSE,STOCK,47.95,51.3,44.6,47.75,47.95,47.5,47.5,47.72,14.888,14.951,14.81,14.81,14.879,721890.0,34450759500.0,0.0,0.0,-0.45,-0.1403,-0.9385
FPT,2018-06-08,15:06:01,HOSE,STOCK,47.8,51.1,44.5,47.9,48.2,47.5,47.95,47.83,14.935,15.029,14.81,14.951,14.913,1050890.0,50267378000.0,0.0,0.0,0.15,0.0468,0.3138
FPT,2018-06-07,15:06:02,HOSE,STOCK,48.5,51.8,45.15,48.9,48.9,47.7,47.8,48.1,15.247,15.247,14.873,14.904,14.997,1138280.0,54749745500.0,0.0,0.0,-0.7,-0.2183,-1.4433
FPT,2018-06-06,15:06:01,HOSE,STOCK,47.8,51.1,44.5,48.0,48.5,47.3,48.5,48.13,14.966,15.122,14.748,15.122,15.007,1017540.0,48969321500.0,0.0,0.0,0.7,0.2183,1.4644
FPT,2018-06-05,15:06:02,HOSE,STOCK,47.25,50.5,43.95,47.5,48.1,47.2,47.8,47.59,14.81,14.997,14.717,14.904,14.838,1347750.0,64142231000.0,0.0,0.0,0.55,0.1715,1.164
FPT,2018-06-04,15:06:02,HOSE,STOCK,46.45,49.7,43.2,46.5,47.45,46.35,47.25,46.92,14.498,14.795,14.452,14.732,14.629,1150670.0,53993600000.0,0.0,0.0,0.8,0.2494,1.7223
FPT,2018-06-01,15:06:02,HOSE,STOCK,46.0,49.2,42.8,46.0,46.7,45.7,46.45,46.28,14.343,14.561,14.249,14.483,14.43,1291490.0,59768152000.0,0.0,0.0,0.45,0.1403,0.9783
FPT,2018-05-31,15:05:02,HOSE,STOCK,45.45,48.6,42.3,45.05,46.7,45.0,46.0,46.05,14.046,14.561,14.031,14.343,14.358,1105040.0,50888933000.0,0.0,0.0,0.55,0.1715,1.2101
FPT,2018-05-30,15:05:02,HOSE,STOCK,47.4,50.7,44.1,47.3,47.3,45.4,45.45,45.76,14.748,14.748,14.155,14.171,14.268,1590980.0,72811045500.0,0.0,0.0,-1.95,-0.608,-4.1139
FPT,2018-05-29,15:05:01,HOSE,STOCK,45.5,48.65,42.35,45.5,48.2,44.85,47.4,45.79,14.187,15.029,13.984,14.779,14.277,2350500.0,107626234500.0,0.0,0.0,1.9,0.5924,4.1758
FPT,2018-05-28,15:05:01,HOSE,STOCK,48.9,52.3,45.5,47.2,48.2,45.5,45.5,46.2,14.717,15.029,14.187,14.187,14.405,2034970.0,94023666000.0,0.0,0.0,-3.4,-1.0601,-6.953
FPT,2018-05-25,15:05:02,HOSE,STOCK,50.4,53.9,46.95,51.0,51.0,48.9,48.9,50.02,15.902,15.902,15.247,15.247,15.596,788360.0,39435364000.0,0.0,0.0,-1.5,-0.4677,-2.9762
FPT,2018-05-24,15:05:02,HOSE,STOCK,60.6,64.8,56.4,60.9,61.2,59.5,59.5,59.97,16.094,16.174,15.724,15.724,15.849,1035660.0,62107419000.0,0.0,0.0,-1.1,-0.2907,-1.8152
FPT,2018-05-23,15:05:02,HOSE,STOCK,59.7,63.8,55.6,60.0,61.0,59.5,60.6,60.28,15.857,16.121,15.724,16.015,15.931,1077080.0,64924824000.0,0.0,0.0,0.9,0.2378,1.5075
FPT,2018-05-22,15:05:01,HOSE,STOCK,61.0,65.2,56.8,61.0,61.5,59.5,59.7,60.34,16.121,16.253,15.724,15.777,15.946,1101490.0,66461496000.0,0.0,0.0,-1.3,-0.3436,-2.1311
FPT,2018-05-21,15:05:02,HOSE,STOCK,60.8,65.0,56.6,61.2,62.4,61.0,61.0,61.66,16.174,16.491,16.121,16.121,16.295,1483830.0,91488034000.0,0.0,0.0,0.2,0.0529,0.3289
FPT,2018-05-18,15:05:49,HOSE,STOCK,60.6,64.8,56.4,60.6,61.0,58.8,60.8,59.86,16.015,16.121,15.54,16.068,15.82,979930.0,58655844000.0,0.0,0.0,0.2,0.0529,0.33
FPT,2018-05-17,15:05:01,HOSE,STOCK,60.5,64.7,56.3,60.4,61.4,60.4,60.6,60.78,15.962,16.227,15.962,16.015,16.063,719700.0,43743088000.0,0.0,0.0,0.1,0.0264,0.1653
FPT,2018-05-16,15:05:02,HOSE,STOCK,61.4,65.6,57.2,61.0,61.4,60.5,60.5,60.83,16.121,16.227,15.989,15.989,16.076,672930.0,40935238000.0,0.0,0.0,-0.9,-0.2379,-1.4658
FPT,2018-05-15,15:05:02,HOSE,STOCK,61.6,65.9,57.3,62.0,62.0,61.0,61.4,61.46,16.385,16.385,16.121,16.227,16.242,910810.0,55979927000.0,0.0,0.0,-0.2,-0.0529,-0.3247
FPT,2018-05-14,15:05:02,HOSE,STOCK,59.5,63.6,55.4,60.1,61.7,59.6,61.6,60.93,15.883,16.306,15.751,16.279,16.102,2012550.0,122628950000.0,0.0,0.0,2.1,0.555,3.5294
FPT,2018-05-11,15:05:01,HOSE,STOCK,58.3,62.3,54.3,58.0,59.5,58.0,59.5,58.88,15.328,15.724,15.328,15.724,15.561,1169610.0,68861205000.0,0.0,0.0,1.2,0.3171,2.0583
FPT,2018-05-10,15:05:01,HOSE,STOCK,58.4,62.4,54.4,58.4,59.4,58.0,58.3,58.72,15.434,15.698,15.328,15.407,15.518,1546130.0,90788817000.0,0.0,0.0,-0.1,-0.0264,-0.1712
FPT,2018-05-09,15:05:01,HOSE,STOCK,59.0,63.1,54.9,58.6,59.1,58.1,58.4,58.66,15.487,15.619,15.355,15.434,15.503,1004740.0,58942254000.0,0.0,0.0,-0.6,-0.1586,-1.0169
FPT,2018-05-08,15:05:02,HOSE,STOCK,59.6,63.7,55.5,59.2,59.6,58.8,59.0,59.15,15.645,15.751,15.54,15.592,15.632,1114210.0,65903818000.0,0.0,0.0,-0.6,-0.1586,-1.0067
FPT,2018-05-07,15:05:01,HOSE,STOCK,58.8,62.9,54.7,58.8,59.6,58.6,59.6,59.05,15.54,15.751,15.487,15.751,15.606,878040.0,51850359000.0,0.0,0.0,0.8,0.2114,1.3605
FPT,2018-05-04,15:05:02,HOSE,STOCK,58.0,62.0,54.0,58.5,59.0,58.2,58.8,58.62,15.46,15.592,15.381,15.54,15.492,1171180.0,68651746000.0,0.0,0.0,0.8,0.2114,1.3793
FPT,2018-05-03,15:05:01,HOSE,STOCK,57.0,60.9,53.1,56.8,58.0,55.7,58.0,56.85,15.011,15.328,14.72,15.328,15.024,2162850.0,122965052000.0,0.0,0.0,1.0,0.2643,1.7544
FPT,2018-05-02,15:05:01,HOSE,STOCK,57.0,60.9,53.1,57.8,58.0,56.8,57.0,57.43,15.275,15.328,15.011,15.064,15.177,1370180.0,78687517000.0,0.0,0.0,0.0,0.0,0.0
FPT,2018-04-27,15:04:01,HOSE,STOCK,55.0,58.8,51.2,55.0,57.4,54.9,57.0,56.19,14.535,15.17,14.509,15.064,14.85,1597710.0,89772067000.0,0.0,0.0,2.0,0.5286,3.6364
FPT,2018-04-26,15:04:02,HOSE,STOCK,56.4,60.3,52.5,56.9,57.7,55.0,55.0,56.26,15.037,15.249,14.535,14.535,14.868,2031810.0,114318608000.0,0.0,0.0,-1.4,-0.37,-2.4823
FPT,2018-04-24,15:04:01,HOSE,STOCK,58.0,62.0,54.0,57.4,58.5,56.1,56.4,57.41,15.17,15.46,14.826,14.905,15.172,1850860.0,106251060000.0,0.0,0.0,-1.6,-0.4228,-2.7586
FPT,2018-04-23,15:04:01,HOSE,STOCK,61.3,65.5,57.1,61.3,61.7,57.2,58.0,59.8,16.2,16.306,15.117,15.328,15.804,1461440.0,87387931000.0,0.0,0.0,-3.3,-0.8721,-5.3834
FPT,2018-04-20,15:04:02,HOSE,STOCK,60.7,64.9,56.5,61.0,61.5,60.3,61.3,61.01,16.121,16.253,15.936,16.2,16.124,972550.0,59338510000.0,0.0,0.0,0.6,0.1586,0.9885
FPT,2018-04-19,15:04:02,HOSE,STOCK,62.0,66.3,57.7,62.0,62.1,60.7,60.7,61.15,16.385,16.412,16.042,16.042,16.161,2377390.0,145381159000.0,0.0,0.0,-1.3,-0.3436,-2.0968
FPT,2018-04-18,15:04:02,HOSE,STOCK,62.0,66.3,57.7,62.3,62.9,61.9,62.0,62.41,16.464,16.623,16.359,16.385,16.494,1247240.0,77845430000.0,0.0,0.0,0.0,0.0,0.0
FPT,2018-04-17,15:04:02,HOSE,STOCK,61.1,65.3,56.9,61.5,62.0,60.9,62.0,61.45,16.253,16.385,16.094,16.385,16.24,1105060.0,67906168000.0,0.0,0.0,0.9,0.2378,1.473
FPT,2018-04-16,15:04:01,HOSE,STOCK,62.0,66.3,57.7,62.0,62.4,60.9,61.1,61.37,16.385,16.491,16.094,16.147,16.219,1181050.0,72484088000.0,0.0,0.0,-0.9,-0.2378,-1.4516
FPT,2018-04-13,15:04:02,HOSE,STOCK,63.6,68.0,59.2,63.9,63.9,62.0,62.0,62.62,16.887,16.887,16.385,16.385,16.549,2146710.0,134418306000.0,0.0,0.0,-1.6,-0.4228,-2.5157
FPT,2018-04-12,15:04:02,HOSE,STOCK,63.0,67.4,58.6,63.0,63.6,62.1,63.6,63.01,16.649,16.808,16.412,16.808,16.652,1321110.0,83239887000.0,0.0,0.0,0.6,0.1586,0.9524
FPT,2018-04-11,15:04:01,HOSE,STOCK,64.4,68.9,59.9,64.8,65.4,63.0,63.0,64.11,17.125,17.284,16.649,16.649,16.943,3296390.0,211331803000.0,0.0,0.0,-1.4,-0.37,-2.1739
FPT,2018-04-10,15:04:01,HOSE,STOCK,63.4,67.8,59.0,63.6,65.2,63.5,64.4,64.34,16.808,17.231,16.782,17.019,17.004,4490010.0,288889352000.0,0.0,0.0,1.0,0.2643,1.5773
FPT,2018-04-09,15:04:02,HOSE,STOCK,62.7,67.0,58.4,62.6,63.6,62.6,63.4,63.2,16.544,16.808,16.544,16.755,16.702,1502210.0,94944469000.0,0.0,0.0,0.7,0.185,1.1164
FPT,2018-04-06,15:04:01,HOSE,STOCK,63.0,67.4,58.6,64.2,64.3,62.7,62.7,63.6,16.967,16.993,16.57,16.57,16.808,3614250.0,229878762000.0,0.0,0.0,-0.3,-0.0793,-0.4762
FPT,2018-04-05,15:04:01,HOSE,STOCK,61.7,66.0,57.4,62.0,63.7,61.5,63.0,62.67,16.385,16.834,16.253,16.649,16.562,2874100.0,180113247000.0,0.0,0.0,1.3,0.3436,2.107
FPT,2018-04-04,15:04:02,HOSE,STOCK,61.2,65.4,57.0,62.0,62.8,61.6,61.7,62.22,16.385,16.597,16.279,16.306,16.443,2297950.0,142973602000.0,0.0,0.0,0.5,0.1321,0.817
FPT,2018-04-03,15:04:01,HOSE,STOCK,61.5,65.8,57.2,61.2,61.4,60.9,61.2,61.15,16.174,16.227,16.094,16.174,16.161,1140770.0,69755828000.0,0.0,0.0,-0.3,-0.0793,-0.4878
FPT,2018-04-02,15:04:01,HOSE,STOCK,60.7,64.9,56.5,61.5,61.7,61.0,61.5,61.39,16.253,16.306,16.121,16.253,16.224,2194820.0,134740824000.0,0.0,0.0,0.8,0.2114,1.318
FPT,2018-03-30,15:03:01,HOSE,STOCK,59.5,63.6,55.4,59.6,61.3,59.4,60.7,60.58,15.751,16.2,15.698,16.042,16.01,2434830.0,147494353000.0,0.0,0.0,1.2,0.3171,2.0168
FPT,2018-03-29,00:03:00,HOSE,STOCK,58.9,63.0,54.8,59.4,59.7,59.0,59.5,59.42,15.698,15.777,15.592,15.724,15.703,827280.0,49159270000.0,0.0,0.0,0.6,0.1586,1.0187
FPT,2018-03-28,15:03:02,HOSE,STOCK,59.5,63.6,55.4,59.1,59.4,58.8,58.9,59.07,15.619,15.698,15.54,15.566,15.611,660440.0,39015490000.0,0.0,0.0,-0.6,-0.1586,-1.0084
FPT,2018-03-27,15:03:02,HOSE,STOCK,59.2,63.3,55.1,59.9,60.1,59.0,59.5,59.57,15.83,15.883,15.592,15.724,15.743,993260.0,59166456000.0,0.0,0.0,0.3,0.0793,0.5068
FPT,2018-03-26,15:03:01,HOSE,STOCK,58.6,62.7,54.5,58.6,59.4,58.6,59.2,59.01,15.487,15.698,15.487,15.645,15.595,940840.0,55519691000.0,0.0,0.0,0.6,0.1586,1.0239
FPT,2018-03-23,15:03:02,HOSE,STOCK,60.1,64.3,55.9,59.0,59.6,58.0,58.6,58.87,15.592,15.751,15.328,15.487,15.558,2833670.0,166804555000.0,0.0,0.0,-1.5,-0.3964,-2.4958
FPT,2018-03-22,15:03:01,HOSE,STOCK,61.0,65.2,56.8,61.0,61.4,60.1,60.1,60.72,16.121,16.227,15.883,15.883,16.047,1264760.0,76797253000.0,0.0,0.0,-0.9,-0.2378,-1.4754
FPT,2018-03-21,15:03:01,HOSE,STOCK,61.3,65.5,57.1,61.3,61.8,61.0,61.0,61.42,16.2,16.332,16.121,16.121,16.232,999470.0,61386245000.0,0.0,0.0,-0.3,-0.0793,-0.4894
FPT,2018-03-20,15:03:01,HOSE,STOCK,60.5,64.7,56.3,60.2,62.3,60.0,61.3,61.72,15.909,16.464,15.857,16.2,16.311,2921440.0,180316800000.0,0.0,0.0,0.8,0.2114,1.3223
FPT,2018-03-19,15:03:01,HOSE,STOCK,60.1,64.3,55.9,60.2,60.6,59.9,60.5,60.24,15.909,16.015,15.83,15.989,15.92,1337110.0,80552056000.0,0.0,0.0,0.4,0.1057,0.6656
FPT,2018-03-16,15:03:02,HOSE,STOCK,60.6,64.8,56.4,60.6,60.8,59.7,60.1,60.12,16.015,16.068,15.777,15.883,15.888,1426890.0,85782886000.0,0.0,0.0,-0.5,-0.1321,-0.8251
FPT,2018-03-15,15:03:02,HOSE,STOCK,60.8,65.0,56.6,61.0,61.1,60.3,60.6,60.7,16.121,16.147,15.936,16.015,16.042,1189330.0,72186881000.0,0.0,0.0,-0.2,-0.0529,-0.3289
FPT,2018-03-14,15:03:03,HOSE,STOCK,60.1,64.3,55.9,60.1,60.8,59.4,60.8,60.23,15.883,16.068,15.698,16.068,15.917,2070230.0,124689361000.0,0.0,0.0,0.7,0.185,1.1647
FPT,2018-03-13,15:03:01,HOSE,STOCK,61.4,65.6,57.2,61.2,61.2,59.4,60.1,60.12,16.174,16.174,15.698,15.883,15.888,4159670.0,250097375000.0,0.0,0.0,-1.3,-0.3436,-2.1173
FPT,2018-03-12,15:03:01,HOSE,STOCK,61.6,65.9,57.3,62.0,62.6,61.4,61.4,61.92,16.385,16.544,16.227,16.227,16.364,1611250.0,99770035000.0,0.0,0.0,-0.2,-0.0529,-0.3247
FPT,2018-03-09,15:03:01,HOSE,STOCK,62.2,66.5,57.9,62.7,63.1,61.5,61.6,62.13,16.57,16.676,16.253,16.279,16.42,2068410.0,128512141000.0,0.0,0.0,-0.6,-0.1586,-0.9646
FPT,2018-03-08,15:03:02,HOSE,STOCK,62.2,66.5,57.9,62.0,62.5,61.3,62.2,61.98,16.385,16.517,16.2,16.438,16.38,1316600.0,81608833000.0,0.0,0.0,0.0,0.0,0.0
FPT,2018-03-07,15:03:01,HOSE,STOCK,63.3,67.7,58.9,63.5,63.7,61.5,62.2,62.45,16.782,16.834,16.253,16.438,16.504,2000410.0,124931998000.0,0.0,0.0,-1.1,-0.2907,-1.7378
FPT,2018-03-06,15:03:02,HOSE,STOCK,61.5,65.8,57.2,62.5,63.3,61.7,63.3,62.61,16.517,16.729,16.306,16.729,16.546,2577540.0,161368410000.0,0.0,0.0,1.8,0.4757,2.9268
FPT,2018-03-05,15:03:01,HOSE,STOCK,61.1,65.3,56.9,61.3,64.5,61.3,61.5,63.01,16.2,17.046,16.2,16.253,16.652,6025340.0,379672857000.0,0.0,0.0,0.4,0.1057,0.6547
FPT,2018-03-02,15:03:02,HOSE,STOCK,60.8,65.0,56.6,60.5,61.3,60.0,61.1,60.73,15.989,16.2,15.857,16.147,16.05,1840930.0,111795020000.0,0.0,0.0,0.3,0.0793,0.4934
FPT,2018-03-01,15:03:02,HOSE,STOCK,59.8,63.9,55.7,59.4,61.2,59.1,60.8,60.09,15.698,16.174,15.619,16.068,15.88,2114250.0,127038738000.0,0.0,0.0,1.0,0.2643,1.6722
FPT,2018-02-28,15:02:02,HOSE,STOCK,59.8,63.9,55.7,59.2,60.4,59.1,59.8,59.63,15.645,15.962,15.619,15.804,15.759,1835710.0,109461226000.0,0.0,0.0,0.0,0.0,0.0
FPT,2018-02-27,15:02:02,HOSE,STOCK,60.4,64.6,56.2,60.7,60.8,59.5,59.8,60.1,16.042,16.068,15.724,15.804,15.883,1415610.0,85075216000.0,0.0,0.0,-0.6,-0.1586,-0.9934
FPT,2018-02-26,15:02:01,HOSE,STOCK,60.5,64.7,56.3,61.0,61.8,60.4,60.4,61.06,16.121,16.332,15.962,15.962,16.137,2467750.0,150668875000.0,0.0,0.0,-0.1,-0.0264,-0.1653
FPT,2018-02-23,15:02:02,HOSE,STOCK,58.4,62.4,54.4,58.5,60.6,58.5,60.5,59.59,15.46,16.015,15.46,15.989,15.748,1607200.0,95774037000.0,0.0,0.0,2.1,0.555,3.5959
FPT,2018-02-22,15:02:01,HOSE,STOCK,59.4,63.5,55.3,59.3,59.5,58.2,58.4,58.88,15.672,15.724,15.381,15.434,15.561,1433060.0,84372998000.0,0.0,0.0,-1.0,-0.2643,-1.6835
FPT,2018-02-21,15:02:02,HOSE,STOCK,59.0,63.1,54.9,60.1,60.3,59.0,59.4,59.67,15.883,15.936,15.592,15.698,15.769,1574450.0,93949918000.0,0.0,0.0,0.4,0.1057,0.678
FPT,2018-02-13,15:02:01,HOSE,STOCK,57.1,61.0,53.2,58.2,59.3,57.8,59.0,58.48,15.381,15.672,15.275,15.592,15.455,1448350.0,84700286000.0,0.0,0.0,1.9,0.5021,3.3275
FPT,2018-02-12,15:02:02,HOSE,STOCK,55.0,58.8,51.2,56.3,57.1,54.5,57.1,56.0,14.879,15.09,14.403,15.09,14.8,1166010.0,65299899000.0,0.0,0.0,2.1,0.555,3.8182
FPT,2018-02-09,15:02:01,HOSE,STOCK,55.2,59.0,51.4,52.5,55.0,52.5,55.0,53.62,13.875,14.535,13.875,14.535,14.171,2139970.0,114750913000.0,0.0,0.0,-0.2,-0.0529,-0.3623
FPT,2018-02-08,15:02:02,HOSE,STOCK,56.6,60.5,52.7,56.0,57.0,55.0,55.2,55.94,14.8,15.064,14.535,14.588,14.784,1709000.0,95607362000.0,0.0,0.0,-1.4,-0.37,-2.4735
FPT,2018-02-07,15:02:02,HOSE,STOCK,54.2,57.9,50.5,57.0,57.3,56.0,56.6,56.72,15.064,15.143,14.8,14.958,14.99,1872960.0,106227823000.0,0.0,0.0,2.4,0.6343,4.428
FPT,2018-02-06,15:02:01,HOSE,STOCK,57.1,61.0,53.2,53.2,56.5,53.2,54.2,53.81,14.06,14.932,14.06,14.324,14.221,5312890.0,285897147000.0,0.0,0.0,-2.9,-0.7664,-5.0788
FPT,2018-02-05,15:02:01,HOSE,STOCK,61.0,65.2,56.8,60.1,60.8,57.1,57.1,59.55,15.883,16.068,15.09,15.09,15.738,3754890.0,223594345000.0,0.0,0.0,-3.9,-1.0307,-6.3934
FPT,2018-02-02,15:02:02,HOSE,STOCK,61.6,65.9,57.3,61.6,61.8,60.5,61.0,61.21,16.279,16.332,15.989,16.121,16.176,1671290.0,102294026000.0,0.0,0.0,-0.6,-0.1586,-0.974
FPT,2018-02-01,15:02:02,HOSE,STOCK,62.9,67.3,58.5,62.9,63.5,61.6,61.6,62.34,16.623,16.782,16.279,16.279,16.475,2086500.0,130065315000.0,0.0,0.0,-1.3,-0.3436,-2.0668
FPT,2018-01-31,15:01:01,HOSE,STOCK,64.0,68.4,59.6,64.8,65.5,62.9,62.9,64.57,17.125,17.31,16.623,16.623,17.064,3988780.0,257547507000.0,0.0,0.0,-1.1,-0.2907,-1.7188
FPT,2018-01-30,15:01:01,HOSE,STOCK,60.3,64.5,56.1,59.8,64.0,59.5,64.0,61.46,15.804,16.914,15.724,16.914,16.242,4719350.0,290027728000.0,0.0,0.0,3.7,0.9778,6.136
FPT,2018-01-29,15:01:02,HOSE,STOCK,60.8,65.0,56.6,60.9,61.9,59.9,60.3,60.59,16.094,16.359,15.83,15.936,16.013,1335440.0,80907780000.0,0.0,0.0,-0.5,-0.1321,-0.8224
FPT,2018-01-26,15:01:02,HOSE,STOCK,61.1,65.3,56.9,62.0,62.0,60.5,60.8,61.0,16.385,16.385,15.989,16.068,16.121,1631780.0,99532589000.0,0.0,0.0,-0.3,-0.0793,-0.491
FPT,2018-01-25,15:01:01,HOSE,STOCK,60.9,65.1,56.7,61.5,62.6,60.9,61.1,61.66,16.253,16.544,16.094,16.147,16.295,5368250.0,331030055000.0,0.0,0.0,0.2,0.0529,0.3284
FPT,2018-01-22,15:01:01,HOSE,STOCK,58.9,63.0,54.8,59.5,61.5,59.4,60.9,60.68,15.724,16.253,15.698,16.094,16.036,2509650.0,152273278000.0,0.0,0.0,2.0,0.5285,3.3956
FPT,2018-01-19,15:01:02,HOSE,STOCK,59.0,63.1,54.9,59.0,59.8,58.9,58.9,59.31,15.592,15.804,15.566,15.566,15.674,2002690.0,118772774000.0,0.0,0.0,-0.1,-0.0264,-0.1695
FPT,2018-01-18,15:01:02,HOSE,STOCK,59.0,63.1,54.9,58.3,59.0,57.6,59.0,58.29,15.407,15.592,15.222,15.592,15.405,3314290.0,193187612000.0,0.0,0.0,0.0,0.0,0.0
FPT,2018-01-17,15:01:01,HOSE,STOCK,61.0,65.2,56.8,61.0,61.1,59.0,59.0,60.08,16.121,16.147,15.592,15.592,15.878,2259230.0,135733764000.0,0.0,0.0,-2.0,-0.5285,-3.2787
FPT,2018-01-16,15:01:01,HOSE,STOCK,61.0,65.2,56.8,60.9,61.5,60.3,61.0,60.94,16.094,16.253,15.936,16.121,16.105,1512380.0,92158318000.0,0.0,0.0,0.0,0.0,0.0
FPT,2018-01-15,15:01:01,HOSE,STOCK,60.2,64.4,56.0,60.1,61.2,59.7,61.0,60.61,15.883,16.174,15.777,16.121,16.018,2296030.0,139166163000.0,0.0,0.0,0.8,0.2114,1.3289
FPT,2018-01-12,15:01:02,HOSE,STOCK,61.5,65.8,57.2,61.8,62.0,60.2,60.2,60.88,16.332,16.385,15.909,15.909,16.089,2824950.0,171988944000.0,0.0,0.0,-1.3,-0.3435,-2.1138
FPT,2018-01-11,15:01:01,HOSE,STOCK,61.5,65.8,57.2,61.1,61.9,60.7,61.5,61.13,16.147,16.359,16.042,16.253,16.155,2420150.0,147936987000.0,0.0,0.0,0.0,0.0,0.0
FPT,2018-01-10,15:01:01,HOSE,STOCK,62.1,66.4,57.8,62.0,63.0,61.1,61.5,61.88,16.385,16.649,16.147,16.253,16.353,2610670.0,161548393000.0,0.0,0.0,-0.6,-0.1586,-0.9662
FPT,2018-01-09,15:01:01,HOSE,STOCK,60.9,65.1,56.7,61.0,62.3,60.3,62.1,61.43,16.121,16.464,15.936,16.412,16.235,4010010.0,246330977000.0,0.0,0.0,1.2,0.3171,1.9704
FPT,2018-01-08,15:01:02,HOSE,STOCK,60.0,64.2,55.8,59.6,60.9,59.3,60.9,60.06,15.751,16.094,15.672,16.094,15.872,2529030.0,151891948000.0,0.0,0.0,0.9,0.2378,1.5
FPT,2018-01-05,15:01:01,HOSE,STOCK,61.0,65.2,56.8,61.0,61.1,59.9,60.0,60.43,16.121,16.147,15.83,15.857,15.97,2851450.0,172313723000.0,0.0,0.0,-1.0,-0.2643,-1.6393
FPT,2018-01-04,15:01:01,HOSE,STOCK,59.8,63.9,55.7,60.0,61.0,59.9,61.0,60.46,15.857,16.121,15.83,16.121,15.978,2784800.0,168356895000.0,0.0,0.0,1.2,0.3171,2.0067
FPT,2018-01-03,15:01:01,HOSE,STOCK,59.8,63.9,55.7,60.5,60.7,59.5,59.8,59.95,15.989,16.042,15.724,15.804,15.843,2829930.0,169645978000.0,0.0,0.0,0.0,0.0,0.0
FPT,2018-01-02,15:01:02,HOSE,STOCK,57.1,61.0,53.2,57.3,59.8,57.2,59.8,58.85,15.143,15.804,15.117,15.804,15.553,5022160.0,295570236000.0,0.0,0.0,2.7,0.7136,4.7285
FPT,2017-12-29,15:12:01,HOSE,STOCK,57.2,61.2,53.2,57.2,57.6,57.0,57.1,57.29,15.117,15.222,15.064,15.09,15.14,1559860.0,89365884000.0,0.0,0.0,-0.1,-0.0264,-0.1748
FPT,2017-12-28,15:12:01,HOSE,STOCK,56.7,60.6,52.8,56.7,57.6,56.5,57.2,57.02,14.985,15.222,14.932,15.117,15.069,1916250.0,109274049000.0,0.0,0.0,0.5,0.1321,0.8818
FPT,2017-12-27,15:12:01,HOSE,STOCK,57.1,61.0,53.2,57.5,57.5,56.6,56.7,56.97,15.196,15.196,14.958,14.985,15.056,1703070.0,97015910000.0,0.0,0.0,-0.4,-0.1057,-0.7005
FPT,2017-12-26,15:12:01,HOSE,STOCK,57.6,61.6,53.6,58.0,58.0,57.1,57.1,57.37,15.328,15.328,15.09,15.09,15.162,1246050.0,71487344000.0,0.0,0.0,-0.5,-0.1321,-0.8681
FPT,2017-12-25,15:12:01,HOSE,STOCK,57.1,61.0,53.2,57.3,58.1,57.3,57.6,57.78,15.143,15.355,15.143,15.222,15.27,2393910.0,138322667000.0,0.0,0.0,0.5,0.1321,0.8757
FPT,2017-12-22,15:12:02,HOSE,STOCK,56.4,60.3,52.5,56.4,57.4,56.2,57.1,56.82,14.905,15.17,14.852,15.09,15.016,1738070.0,98748612000.0,0.0,0.0,0.7,0.185,1.2411
FPT,2017-12-21,15:12:01,HOSE,STOCK,56.3,60.2,52.4,56.8,57.4,56.1,56.4,56.89,15.011,15.17,14.826,14.905,15.035,1845520.0,104996232000.0,0.0,0.0,0.1,0.0264,0.1776
FPT,2017-12-20,15:12:02,HOSE,STOCK,55.2,59.0,51.4,55.2,57.0,55.2,56.3,56.16,14.588,15.064,14.588,14.879,14.842,1960650.0,110115014000.0,0.0,0.0,1.1,0.2907,1.9928
FPT,2017-12-19,15:12:01,HOSE,STOCK,56.3,60.2,52.4,56.3,56.7,54.9,55.2,55.71,14.879,14.985,14.509,14.588,14.723,2483570.0,138351874000.0,0.0,0.0,-1.1,-0.2907,-1.9538
FPT,2017-12-18,15:12:02,HOSE,STOCK,56.5,60.4,52.6,57.0,57.2,56.1,56.3,56.67,15.064,15.117,14.826,14.879,14.977,1793760.0,101658172000.0,0.0,0.0,-0.2,-0.0529,-0.354
FPT,2017-12-15,15:12:01,HOSE,STOCK,55.9,59.8,52.0,56.0,56.8,55.5,56.5,56.29,14.8,15.011,14.667,14.932,14.876,1611640.0,90717951000.0,0.0,0.0,0.6,0.1586,1.0733
FPT,2017-12-14,15:12:01,HOSE,STOCK,54.7,58.5,50.9,54.5,55.9,54.5,55.9,55.29,14.403,14.773,14.403,14.773,14.612,1276430.0,70572169000.0,0.0,0.0,1.2,0.3171,2.1938
FPT,2017-12-13,15:12:01,HOSE,STOCK,53.7,57.4,49.95,54.3,54.8,53.7,54.7,54.3,14.35,14.482,14.192,14.456,14.35,1625860.0,88283425000.0,0.0,0.0,1.0,0.2643,1.8622
FPT,2017-12-12,15:12:01,HOSE,STOCK,53.5,57.2,49.8,54.1,54.7,50.8,53.7,53.24,14.297,14.456,13.425,14.192,14.07,3113980.0,165777658000.0,0.0,0.0,0.2,0.0529,0.3738
FPT,2017-12-11,15:12:01,HOSE,STOCK,55.5,59.3,51.7,54.5,55.2,53.5,53.5,54.39,14.403,14.588,14.139,14.139,14.374,2736380.0,148830289000.0,0.0,0.0,-2.0,-0.5286,-3.6036
FPT,2017-12-08,15:12:02,HOSE,STOCK,56.1,60.0,52.2,56.0,56.5,55.1,55.5,55.69,14.8,14.932,14.562,14.667,14.718,1924190.0,107158758000.0,0.0,0.0,-0.6,-0.1586,-1.0695
FPT,2017-12-07,15:12:01,HOSE,STOCK,56.8,60.7,52.9,56.8,57.5,55.8,56.1,56.42,15.011,15.196,14.747,14.826,14.911,1655580.0,93404183000.0,0.0,0.0,-0.7,-0.185,-1.2324
FPT,2017-12-06,15:12:01,HOSE,STOCK,57.3,61.3,53.3,57.0,57.3,56.0,56.8,56.64,15.064,15.143,14.8,15.011,14.969,3522030.0,199481607000.0,0.0,0.0,-0.5,-0.1321,-0.8726
FPT,2017-12-05,15:12:02,HOSE,STOCK,58.8,62.9,54.7,58.8,59.3,57.3,57.3,58.24,15.54,15.672,15.143,15.143,15.392,3558740.0,207257700000.0,0.0,0.0,-1.5,-0.3964,-2.551
FPT,2017-12-04,15:12:01,HOSE,STOCK,58.4,62.4,54.4,58.5,59.1,58.3,58.8,58.68,15.46,15.619,15.407,15.54,15.508,2204370.0,129361124000.0,0.0,0.0,0.4,0.1057,0.6849
FPT,2017-12-01,15:12:02,HOSE,STOCK,58.4,62.4,54.4,58.2,58.6,57.7,58.4,58.21,15.381,15.487,15.249,15.434,15.384,1829280.0,106481022000.0,0.0,0.0,0.0,0.0,0.0
FPT,2017-11-30,15:11:01,HOSE,STOCK,59.3,63.4,55.2,59.9,60.0,58.4,58.4,59.25,15.83,15.857,15.434,15.434,15.658,3002720.0,177921962000.0,0.0,0.0,-0.9,-0.2379,-1.5177
FPT,2017-11-29,15:11:01,HOSE,STOCK,57.5,61.5,53.5,58.0,59.7,57.4,59.3,58.73,15.328,15.777,15.17,15.672,15.521,3845300.0,225838457000.0,0.0,0.0,1.8,0.4757,3.1304
FPT,2017-11-28,15:11:02,HOSE,STOCK,58.2,62.2,54.2,58.0,58.2,57.2,57.5,57.61,15.328,15.381,15.117,15.196,15.225,2292500.0,132070809000.0,0.0,0.0,-0.7,-0.185,-1.2027
FPT,2017-11-27,15:11:01,HOSE,STOCK,57.9,61.9,53.9,58.0,59.7,58.0,58.2,58.78,15.328,15.777,15.328,15.381,15.534,2653980.0,155995586000.0,0.0,0.0,0.3,0.0793,0.5181
FPT,2017-11-24,15:11:02,HOSE,STOCK,57.6,61.6,53.6,57.5,58.0,57.0,57.9,57.55,15.196,15.328,15.064,15.302,15.209,2370820.0,136450540000.0,0.0,0.0,0.3,0.0793,0.5208
FPT,2017-11-23,15:11:01,HOSE,STOCK,58.0,62.0,54.0,58.0,58.8,57.2,57.6,58.04,15.328,15.54,15.117,15.222,15.339,3536130.0,205224585000.0,0.0,0.0,-0.4,-0.1057,-0.6897
FPT,2017-11-22,15:11:01,HOSE,STOCK,57.2,61.2,53.2,57.0,58.0,57.0,58.0,57.44,15.064,15.328,15.064,15.328,15.18,2596350.0,149135318000.0,0.0,0.0,0.8,0.2114,1.3986
FPT,2017-11-21,15:11:02,HOSE,STOCK,0.0,0.0,0.0,58.2,58.8,57.2,57.2,58.01,15.381,15.54,15.117,15.117,15.331,3385720.0,196416705000.0,0.0,0.0,0.0,0.0,0.0
FPT,2017-11-20,15:11:02,HOSE,STOCK,56.7,60.6,52.8,56.1,58.0,55.9,57.9,57.1,14.826,15.328,14.773,15.302,15.09,3802520.0,217117150000.0,0.0,0.0,1.2,0.3171,2.1164
FPT,2017-11-17,15:11:02,HOSE,STOCK,57.0,60.9,53.1,57.3,57.3,55.9,56.7,56.53,15.143,15.143,14.773,14.985,14.94,3930560.0,222196177000.0,0.0,0.0,-0.3,-0.0793,-0.5263
FPT,2017-11-16,15:11:01,HOSE,STOCK,56.9,60.8,53.0,57.4,58.7,56.6,57.0,57.58,15.17,15.513,14.958,15.064,15.217,3733760.0,214982024000.0,0.0,0.0,0.1,0.0264,0.1757
FPT,2017-11-15,15:11:01,HOSE,STOCK,53.9,57.6,50.2,54.1,57.0,54.0,56.9,55.7,14.297,15.064,14.271,15.037,14.72,4665890.0,259873882000.0,0.0,0.0,3.0,0.7928,5.5659
FPT,2017-11-14,15:11:02,HOSE,STOCK,54.0,57.7,50.3,54.5,55.5,53.5,53.9,54.54,14.403,14.667,14.139,14.245,14.414,4332100.0,236284315000.0,0.0,0.0,-0.1,-0.0264,-0.1852
FPT,2017-11-13,15:11:01,HOSE,STOCK,52.2,55.8,48.55,52.2,54.8,51.9,54.0,53.81,13.795,14.482,13.716,14.271,14.221,4769280.0,256644312000.0,0.0,0.0,1.8,0.4757,3.4483
FPT,2017-11-10,15:11:01,HOSE,STOCK,52.6,56.2,48.95,52.5,53.3,52.2,52.2,52.71,13.875,14.086,13.795,13.795,13.93,1369700.0,72193377000.0,0.0,0.0,-0.4,-0.1057,-0.7605
FPT,2017-11-09,15:11:02,HOSE,STOCK,53.0,56.7,49.3,53.4,53.5,52.4,52.6,52.93,14.112,14.139,13.848,13.901,13.988,1720600.0,91076427000.0,0.0,0.0,-0.4,-0.1057,-0.7547
FPT,2017-11-08,15:11:01,HOSE,STOCK,51.2,54.7,47.65,51.2,53.0,51.0,53.0,52.1,13.531,14.007,13.478,14.007,13.769,3385930.0,176397757000.0,0.0,0.0,1.8,0.4757,3.5156
FPT,2017-11-07,15:11:02,HOSE,STOCK,51.4,54.9,47.85,51.5,51.5,50.9,51.2,51.28,13.61,13.61,13.452,13.531,13.552,1141790.0,58545780000.0,0.0,0.0,-0.2,-0.0529,-0.3891
FPT,2017-11-06,15:11:02,HOSE,STOCK,51.0,54.5,47.45,51.4,51.8,50.9,51.4,51.33,13.584,13.69,13.452,13.584,13.565,1608490.0,82571034000.0,0.0,0.0,0.4,0.1057,0.7843
FPT,2017-11-03,15:11:01,HOSE,STOCK,50.5,54.0,47.0,50.0,51.0,49.4,51.0,50.21,13.214,13.478,13.055,13.478,13.269,1200390.0,60271784500.0,0.0,0.0,0.5,0.1321,0.9901
FPT,2017-11-02,15:11:01,HOSE,STOCK,50.8,54.3,47.25,50.9,51.4,49.8,50.5,50.78,13.452,13.584,13.161,13.346,13.42,1244900.0,63213419000.0,0.0,0.0,-0.3,-0.0793,-0.5906
FPT,2017-11-01,15:11:01,HOSE,STOCK,50.4,53.9,46.9,50.5,51.0,50.4,50.8,50.78,13.346,13.478,13.32,13.425,13.42,907980.0,46108530000.0,0.0,0.0,0.4,0.1057,0.7937
FPT,2017-10-31,15:10:01,HOSE,STOCK,50.0,53.5,46.5,50.0,51.4,49.6,50.4,50.64,13.214,13.584,13.108,13.32,13.383,1618160.0,81938288500.0,0.0,0.0,0.4,0.1057,0.8
FPT,2017-10-30,15:10:03,HOSE,STOCK,50.2,53.7,46.7,50.2,50.8,49.9,50.0,50.31,13.267,13.425,13.187,13.214,13.296,1707190.0,85886648000.0,0.0,0.0,-0.2,-0.0529,-0.3984
FPT,2017-10-27,15:10:01,HOSE,STOCK,49.6,53.0,46.15,49.4,50.2,49.15,50.2,49.6,13.055,13.267,12.989,13.267,13.108,734980.0,36451928000.0,0.0,0.0,0.6,0.1586,1.2097
FPT,2017-10-26,15:10:01,HOSE,STOCK,49.7,53.1,46.25,49.8,49.9,49.0,49.6,49.38,13.161,13.187,12.95,13.108,13.05,1089860.0,53817089000.0,0.0,0.0,-0.1,-0.0264,-0.2012
FPT,2017-10-25,15:10:01,HOSE,STOCK,49.3,52.7,45.85,49.5,49.8,49.3,49.7,49.58,13.082,13.161,13.029,13.135,13.103,768500.0,38099963000.0,0.0,0.0,0.4,0.1057,0.8114
FPT,2017-10-24,15:10:02,HOSE,STOCK,49.3,52.7,45.85,49.3,49.8,49.15,49.3,49.4,13.029,13.161,12.989,13.029,13.055,879390.0,43445724000.0,0.0,0.0,0.0,0.0,0.0
FPT,2017-10-23,15:10:01,HOSE,STOCK,50.3,53.8,46.8,50.3,50.3,49.3,49.3,49.76,13.293,13.293,13.029,13.029,13.15,1116150.0,55536652000.0,0.0,0.0,-1.0,-0.2643,-1.9881
FPT,2017-10-20,15:10:01,HOSE,STOCK,50.6,54.1,47.1,50.3,50.7,50.0,50.3,50.32,13.293,13.399,13.214,13.293,13.298,767080.0,38602475000.0,0.0,0.0,-0.3,-0.0793,-0.5929
FPT,2017-10-19,15:10:01,HOSE,STOCK,50.5,54.0,47.0,50.5,51.2,50.1,50.6,50.52,13.346,13.531,13.24,13.372,13.351,977340.0,49372393000.0,0.0,0.0,0.1,0.0264,0.198
FPT,2017-10-18,15:10:01,HOSE,STOCK,51.5,55.1,47.9,51.4,51.9,50.5,50.5,51.17,13.584,13.716,13.346,13.346,13.523,1237160.0,63304521000.0,0.0,0.0,-1.0,-0.2643,-1.9417
FPT,2017-10-17,15:10:01,HOSE,STOCK,51.4,54.9,47.85,51.5,51.5,50.9,51.5,51.3,13.61,13.61,13.452,13.61,13.557,861260.0,44180425000.0,0.0,0.0,0.1,0.0264,0.1946
FPT,2017-10-16,15:10:02,HOSE,STOCK,51.2,54.7,47.65,51.0,52.0,50.9,51.4,51.52,13.478,13.742,13.452,13.584,13.616,1249640.0,64383071000.0,0.0,0.0,0.2,0.0529,0.3906
FPT,2017-10-13,15:10:01,HOSE,STOCK,51.0,54.5,47.45,51.2,51.3,50.6,51.2,50.89,13.531,13.557,13.372,13.531,13.449,1078760.0,54900589000.0,0.0,0.0,0.2,0.0529,0.3922
FPT,2017-10-12,15:10:02,HOSE,STOCK,49.9,53.3,46.45,50.0,51.4,50.0,51.0,50.88,13.214,13.584,13.214,13.478,13.446,2004500.0,101979842000.0,0.0,0.0,1.1,0.2907,2.2044
FPT,2017-10-11,15:10:01,HOSE,STOCK,49.3,52.7,45.85,49.4,50.5,49.3,49.9,50.06,13.055,13.346,13.029,13.187,13.23,2540980.0,127197574000.0,0.0,0.0,0.6,0.1586,1.217
FPT,2017-10-10,15:10:02,HOSE,STOCK,48.8,52.2,45.4,48.75,49.3,48.75,49.3,49.01,12.884,13.029,12.884,13.029,12.952,1234640.0,60506238000.0,0.0,0.0,0.5,0.1321,1.0246
FPT,2017-10-09,15:10:01,HOSE,STOCK,48.75,52.1,45.35,49.0,49.0,48.6,48.8,48.72,12.95,12.95,12.844,12.897,12.876,585830.0,28542124000.0,0.0,0.0,0.05,0.0132,0.1026
FPT,2017-10-06,15:10:02,HOSE,STOCK,48.3,51.6,44.95,48.3,48.8,48.3,48.75,48.58,12.765,12.897,12.765,12.884,12.839,569960.0,27688201000.0,0.0,0.0,0.45,0.1189,0.9317
FPT,2017-10-05,15:10:01,HOSE,STOCK,48.05,51.4,44.7,48.4,48.95,48.0,48.3,48.3,12.791,12.936,12.685,12.765,12.765,658270.0,31791299500.0,0.0,0.0,0.25,0.0661,0.5203
FPT,2017-10-04,15:10:01,HOSE,STOCK,47.85,51.1,44.55,47.9,48.2,47.8,48.05,47.98,12.659,12.738,12.632,12.699,12.68,518400.0,24872689500.0,0.0,0.0,0.2,0.0529,0.418
FPT,2017-10-03,16:10:51,HOSE,STOCK,47.85,51.1,44.55,48.2,48.2,47.65,47.85,47.91,12.738,12.738,12.593,12.646,12.662,1087970.0,52129886500.0,0.0,0.0,0.0,0.0,0.0
FPT,2017-10-02,15:10:01,HOSE,STOCK,48.75,52.1,45.35,48.75,48.95,48.05,48.2,48.48,12.884,12.936,12.699,12.738,12.812,911190.0,44175160500.0,0.0,0.0,-0.55,-0.1454,-1.1282
FPT,2017-09-29,15:09:01,HOSE,STOCK,48.95,52.3,45.55,48.9,49.0,48.6,48.75,48.79,12.923,12.95,12.844,12.884,12.894,395560.0,19298095500.0,0.0,0.0,-0.2,-0.0529,-0.4086
FPT,2017-09-28,15:09:02,HOSE,STOCK,49.0,52.4,45.6,49.0,49.25,48.4,48.95,48.87,12.95,13.016,12.791,12.936,12.915,774370.0,37845680500.0,0.0,0.0,-0.05,-0.0132,-0.102
FPT,2017-09-27,15:09:01,HOSE,STOCK,49.0,52.4,45.6,49.0,49.4,48.7,49.0,49.09,12.95,13.055,12.87,12.95,12.973,868830.0,42648803000.0,0.0,0.0,0.0,0.0,0.0
FPT,2017-09-26,15:09:01,HOSE,STOCK,48.85,52.2,45.45,48.85,49.0,48.5,49.0,48.66,12.91,12.95,12.817,12.95,12.86,878850.0,42765299000.0,0.0,0.0,0.15,0.0396,0.3071
FPT,2017-09-25,15:09:01,HOSE,STOCK,49.45,52.9,46.0,49.75,49.75,48.85,48.85,49.24,13.148,13.148,12.91,12.91,13.013,745050.0,36684427500.0,0.0,0.0,-0.6,-0.1586,-1.2133
FPT,2017-09-22,15:09:06,HOSE,STOCK,49.4,52.8,45.95,49.6,49.95,49.4,49.45,49.74,13.108,13.201,13.055,13.069,13.145,1394280.0,69348734500.0,0.0,0.0,0.05,0.0132,0.1012
FPT,2017-09-21,15:09:02,HOSE,STOCK,48.65,52.0,45.25,48.9,49.6,48.75,49.4,49.2,12.923,13.108,12.884,13.055,13.002,2667670.0,131258989500.0,0.0,0.0,0.75,0.1982,1.5416
FPT,2017-09-20,15:09:01,HOSE,STOCK,48.4,51.7,45.05,48.65,48.75,48.35,48.65,48.55,12.857,12.884,12.778,12.857,12.831,631410.0,30653311000.0,0.0,0.0,0.25,0.0661,0.5165
FPT,2017-09-19,15:09:01,HOSE,STOCK,48.35,51.7,45.0,48.5,48.85,48.4,48.4,48.59,12.817,12.91,12.791,12.791,12.841,869330.0,42241417000.0,0.0,0.0,0.05,0.0132,0.1034
FPT,2017-09-18,15:09:01,HOSE,STOCK,48.2,51.5,44.85,48.35,48.4,48.0,48.35,48.22,12.778,12.791,12.685,12.778,12.743,803430.0,38743821500.0,0.0,0.0,0.15,0.0396,0.3112
FPT,2017-09-15,15:09:02,HOSE,STOCK,48.35,51.7,45.0,48.3,48.5,48.0,48.2,48.15,12.765,12.817,12.685,12.738,12.725,794420.0,38252306500.0,0.0,0.0,-0.15,-0.0396,-0.3102
FPT,2017-09-14,15:09:01,HOSE,STOCK,48.75,52.1,45.35,49.0,49.0,48.35,48.35,48.67,12.95,12.95,12.778,12.778,12.862,857090.0,41711868000.0,0.0,0.0,-0.4,-0.1057,-0.8205
FPT,2017-09-13,15:09:01,HOSE,STOCK,48.1,51.4,44.75,48.3,49.4,48.3,48.75,48.74,12.765,13.055,12.765,12.884,12.881,1944610.0,94771430500.0,0.0,0.0,0.65,0.1718,1.3514
FPT,2017-09-12,15:09:02,HOSE,STOCK,47.35,50.6,44.05,47.5,48.1,47.4,48.1,47.83,12.553,12.712,12.527,12.712,12.64,853680.0,40829619000.0,0.0,0.0,0.75,0.1982,1.5839
FPT,2017-09-11,15:09:01,HOSE,STOCK,47.7,51.0,44.4,47.7,48.2,47.3,47.35,47.67,12.606,12.738,12.5,12.514,12.598,843320.0,40201174000.0,0.0,0.0,-0.35,-0.0925,-0.7338
FPT,2017-09-08,15:09:02,HOSE,STOCK,47.9,51.2,44.55,48.0,48.0,47.7,47.7,47.81,12.685,12.685,12.606,12.606,12.635,478140.0,22861274500.0,0.0,0.0,-0.2,-0.0529,-0.4175
FPT,2017-09-07,15:09:01,HOSE,STOCK,48.2,51.5,44.85,48.0,48.3,47.9,47.9,48.0,12.685,12.765,12.659,12.659,12.685,479950.0,23039620500.0,0.0,0.0,-0.3,-0.0793,-0.6224
FPT,2017-09-06,15:09:02,HOSE,STOCK,48.5,51.8,45.15,48.45,48.45,47.8,48.2,48.1,12.804,12.804,12.632,12.738,12.712,510590.0,24557694500.0,0.0,0.0,-0.3,-0.0793,-0.6186
FPT,2017-09-05,15:09:01,HOSE,STOCK,48.6,52.0,45.2,48.6,48.6,48.25,48.5,48.46,12.844,12.844,12.751,12.817,12.807,447330.0,21676981500.0,0.0,0.0,-0.1,-0.0264,-0.2058
FPT,2017-09-01,15:09:02,HOSE,STOCK,48.5,51.8,45.15,48.6,48.65,48.3,48.6,48.47,12.844,12.857,12.765,12.844,12.81,268680.0,13023389000.0,0.0,0.0,0.1,0.0264,0.2062
FPT,2017-08-31,15:08:01,HOSE,STOCK,47.8,51.1,44.5,47.8,48.8,47.8,48.5,48.39,12.632,12.897,12.632,12.817,12.788,1115030.0,53960501000.0,0.0,0.0,0.7,0.185,1.4644
FPT,2017-08-30,15:08:01,HOSE,STOCK,47.75,51.0,44.45,47.65,47.9,47.55,47.8,47.75,12.593,12.659,12.566,12.632,12.619,322140.0,15380924000.0,0.0,0.0,0.05,0.0132,0.1047
FPT,2017-08-29,15:08:01,HOSE,STOCK,47.6,50.9,44.3,47.5,48.1,47.45,47.75,47.77,12.553,12.712,12.54,12.619,12.625,828090.0,39555395000.0,0.0,0.0,0.15,0.0396,0.3151
FPT,2017-08-28,15:08:02,HOSE,STOCK,47.5,50.8,44.2,47.3,47.6,47.25,47.6,47.5,12.5,12.58,12.487,12.58,12.553,569140.0,27032983500.0,0.0,0.0,0.1,0.0264,0.2105
FPT,2017-08-25,15:08:49,HOSE,STOCK,47.7,51.0,44.4,47.8,47.85,47.5,47.5,47.67,12.632,12.646,12.553,12.553,12.598,374570.0,17853934000.0,0.0,0.0,-0.2,-0.0529,-0.4193
FPT,2017-08-24,15:08:02,HOSE,STOCK,47.2,50.5,43.9,47.4,47.8,47.2,47.7,47.57,12.527,12.632,12.474,12.606,12.572,433820.0,20637724500.0,0.0,0.0,0.5,0.1321,1.0593
FPT,2017-08-23,15:08:01,HOSE,STOCK,47.1,50.3,43.85,47.0,47.5,47.0,47.2,47.25,12.421,12.553,12.421,12.474,12.487,517300.0,24444771000.0,0.0,0.0,0.1,0.0264,0.2123
FPT,2017-08-22,15:08:02,HOSE,STOCK,47.75,51.0,44.45,47.7,47.75,47.1,47.1,47.43,12.606,12.619,12.447,12.447,12.535,416720.0,19765552000.0,0.0,0.0,-0.65,-0.1718,-1.3613
FPT,2017-08-21,15:08:02,HOSE,STOCK,47.5,50.8,44.2,48.0,48.0,47.5,47.75,47.66,12.685,12.685,12.553,12.619,12.595,355750.0,16956626500.0,0.0,0.0,0.25,0.0661,0.5263
FPT,2017-08-18,15:08:02,HOSE,STOCK,47.4,50.7,44.1,47.4,47.8,46.9,47.5,47.33,12.527,12.632,12.395,12.553,12.508,363920.0,17224852500.0,0.0,0.0,0.1,0.0264,0.211
FPT,2017-08-17,15:08:01,HOSE,STOCK,47.6,50.9,44.3,48.0,48.2,47.4,47.4,47.73,12.685,12.738,12.527,12.527,12.614,640030.0,30546891500.0,0.0,0.0,-0.2,-0.0529,-0.4202
FPT,2017-08-16,15:08:02,HOSE,STOCK,48.9,52.3,45.5,48.9,48.9,48.45,48.6,48.54,12.657,12.657,12.54,12.579,12.564,814430.0,39532809000.0,0.0,0.0,-0.3,-0.0776,-0.6135
FPT,2017-08-15,15:08:01,HOSE,STOCK,49.2,52.6,45.8,49.2,49.2,48.5,48.9,48.84,12.735,12.735,12.553,12.657,12.641,820690.0,40078951500.0,0.0,0.0,-0.3,-0.0777,-0.6098
FPT,2017-08-14,15:08:01,HOSE,STOCK,49.45,52.9,46.0,50.0,50.0,49.2,49.2,49.5,12.942,12.942,12.735,12.735,12.812,773240.0,38278153500.0,0.0,0.0,-0.25,-0.0647,-0.5056
FPT,2017-08-11,15:08:01,HOSE,STOCK,48.9,52.3,45.5,49.0,49.5,48.6,49.45,49.15,12.683,12.812,12.579,12.799,12.722,548460.0,26957881000.0,0.0,0.0,0.55,0.1424,1.1247
FPT,2017-08-10,00:08:00,HOSE,STOCK,48.4,51.7,45.05,48.0,48.95,48.0,48.9,48.69,12.424,12.67,12.424,12.657,12.603,872820.0,42500317000.0,0.0,0.0,0.5,0.1294,1.0331
FPT,2017-08-09,15:08:01,HOSE,STOCK,48.95,52.3,45.55,48.9,48.9,48.15,48.4,48.46,12.657,12.657,12.463,12.528,12.543,1842380.0,89278180500.0,0.0,0.0,-0.55,-0.1424,-1.1236
FPT,2017-08-08,15:08:01,HOSE,STOCK,49.85,53.3,46.4,49.85,50.0,48.95,48.95,49.25,12.903,12.942,12.67,12.67,12.748,1460460.0,71934496500.0,0.0,0.0,-0.9,-0.233,-1.8054
FPT,2017-08-07,15:08:01,HOSE,STOCK,50.1,53.6,46.6,50.1,50.1,49.7,49.85,49.87,12.968,12.968,12.864,12.903,12.908,766980.0,38247239000.0,0.0,0.0,-0.25,-0.0647,-0.499
FPT,2017-08-04,15:08:02,HOSE,STOCK,50.1,53.6,46.6,50.3,50.4,49.55,50.1,49.89,13.019,13.045,12.825,12.968,12.913,827080.0,41264144500.0,0.0,0.0,0.0,0.0,0.0
FPT,2017-08-03,15:08:01,HOSE,STOCK,49.4,52.8,45.95,49.7,51.1,49.5,50.1,50.38,12.864,13.226,12.812,12.968,13.04,1998770.0,100690551000.0,0.0,0.0,0.7,0.1812,1.417
FPT,2017-08-02,15:08:01,HOSE,STOCK,49.0,52.4,45.6,49.15,49.9,48.7,49.4,49.57,12.722,12.916,12.605,12.786,12.83,2150390.0,106605433000.0,0.0,0.0,0.4,0.1035,0.8163
FPT,2017-08-01,15:08:02,HOSE,STOCK,48.35,51.7,45.0,48.45,49.45,48.2,49.0,49.05,12.54,12.799,12.476,12.683,12.696,1455870.0,71411228000.0,0.0,0.0,0.65,0.1682,1.3444
FPT,2017-07-31,15:07:01,HOSE,STOCK,48.55,51.9,45.2,48.5,48.6,48.1,48.35,48.39,12.553,12.579,12.45,12.515,12.525,663380.0,32100287500.0,0.0,0.0,-0.2,-0.0518,-0.4119
FPT,2017-07-28,15:07:01,HOSE,STOCK,48.2,51.5,44.85,48.2,48.65,47.9,48.55,48.47,12.476,12.592,12.398,12.566,12.546,1611740.0,78121926500.0,0.0,0.0,0.35,0.0906,0.7261
FPT,2017-07-27,15:07:01,HOSE,STOCK,47.8,51.1,44.5,48.0,48.65,47.7,48.2,48.34,12.424,12.592,12.346,12.476,12.512,1244010.0,60135156000.0,0.0,0.0,0.4,0.1035,0.8368
FPT,2017-07-26,15:07:01,HOSE,STOCK,46.7,49.95,43.45,46.7,47.8,46.7,47.8,47.43,12.088,12.372,12.088,12.372,12.276,702050.0,33298213500.0,0.0,0.0,1.1,0.2847,2.3555
FPT,2017-07-25,15:07:01,HOSE,STOCK,46.5,49.75,43.25,46.5,46.9,46.2,46.7,46.48,12.036,12.139,11.958,12.088,12.031,592490.0,27539358500.0,0.0,0.0,0.2,0.0518,0.4301
FPT,2017-07-24,15:07:01,HOSE,STOCK,46.2,49.4,43.0,46.2,46.6,46.0,46.5,46.23,11.958,12.062,11.906,12.036,11.966,596990.0,27595914500.0,0.0,0.0,0.3,0.0777,0.6494
FPT,2017-07-21,15:07:02,HOSE,STOCK,46.8,50.0,43.55,47.0,47.3,46.2,46.2,46.59,12.165,12.243,11.958,11.958,12.059,663330.0,30907413500.0,0.0,0.0,-0.6,-0.1553,-1.2821
FPT,2017-07-20,15:07:01,HOSE,STOCK,46.9,50.1,43.65,46.6,46.9,46.2,46.8,46.46,12.062,12.139,11.958,12.113,12.025,896480.0,41651263000.0,0.0,0.0,-0.1,-0.0259,-0.2132
FPT,2017-07-19,15:07:01,HOSE,STOCK,47.8,51.1,44.5,47.8,48.3,46.6,46.9,47.43,12.372,12.502,12.062,12.139,12.276,984170.0,46682486000.0,0.0,0.0,-0.9,-0.2329,-1.8828
FPT,2017-07-18,15:07:01,HOSE,STOCK,48.0,51.3,44.65,47.6,48.0,47.35,47.8,47.63,12.32,12.424,12.256,12.372,12.328,866850.0,41287397000.0,0.0,0.0,-0.2,-0.0518,-0.4167
FPT,2017-07-17,15:07:01,HOSE,STOCK,48.7,52.1,45.3,48.7,48.7,47.7,48.0,48.06,12.605,12.605,12.346,12.424,12.44,905330.0,43512245500.0,0.0,0.0,-0.7,-0.1812,-1.4374
FPT,2017-07-14,15:07:01,HOSE,STOCK,48.85,52.2,45.45,48.85,48.95,48.4,48.7,48.64,12.644,12.67,12.528,12.605,12.59,541080.0,26317782000.0,0.0,0.0,-0.15,-0.0388,-0.3071
FPT,2017-07-13,15:07:01,HOSE,STOCK,47.95,51.3,44.6,47.8,48.85,47.7,48.85,48.51,12.372,12.644,12.346,12.644,12.556,972830.0,47189138500.0,0.0,0.0,0.9,0.2329,1.877
FPT,2017-07-12,15:07:01,HOSE,STOCK,47.6,50.9,44.3,47.9,48.1,47.05,47.95,47.61,12.398,12.45,12.178,12.411,12.323,758630.0,36115747000.0,0.0,0.0,0.35,0.0906,0.7353
FPT,2017-07-11,15:07:01,HOSE,STOCK,48.2,51.5,44.85,47.9,48.1,47.0,47.6,47.54,12.398,12.45,12.165,12.32,12.305,1027560.0,48851263500.0,0.0,0.0,-0.6,-0.1553,-1.2448
FPT,2017-07-10,15:07:02,HOSE,STOCK,48.6,52.0,45.2,48.2,48.7,47.6,48.2,48.24,12.476,12.605,12.32,12.476,12.486,1816570.0,87623162000.0,0.0,0.0,-0.4,-0.1035,-0.823
FPT,2017-07-07,15:07:01,HOSE,STOCK,47.9,51.2,44.55,48.1,49.4,48.0,48.6,48.79,12.45,12.786,12.424,12.579,12.628,2447400.0,119414573000.0,0.0,0.0,0.7,0.1812,1.4614
FPT,2017-07-06,15:07:01,HOSE,STOCK,46.7,49.95,43.45,46.75,47.9,46.6,47.9,47.37,12.1,12.398,12.062,12.398,12.261,1924630.0,91162768500.0,0.0,0.0,1.2,0.3106,2.5696
FPT,2017-07-05,15:07:01,HOSE,STOCK,46.6,49.85,43.35,46.5,46.7,46.45,46.7,46.57,12.036,12.088,12.023,12.088,12.054,508490.0,23680376000.0,0.0,0.0,0.1,0.0259,0.2146
FPT,2017-07-04,15:07:01,HOSE,STOCK,46.4,49.6,43.2,46.5,46.7,46.3,46.6,46.44,12.036,12.088,11.984,12.062,12.02,922560.0,42841029500.0,0.0,0.0,0.2,0.0518,0.431
FPT,2017-07-03,15:07:01,HOSE,STOCK,46.85,50.1,43.6,46.85,46.85,46.3,46.4,46.42,12.126,12.126,11.984,12.01,12.015,662700.0,30765705500.0,0.0,0.0,-0.45,-0.1165,-0.9605
FPT,2017-06-30,15:06:01,HOSE,STOCK,46.5,49.75,43.25,46.5,46.85,45.8,46.85,46.49,12.036,12.126,11.855,12.126,12.033,1117400.0,51942650000.0,0.0,0.0,0.35,0.0906,0.7527
FPT,2017-06-29,15:06:02,HOSE,STOCK,46.35,49.55,43.15,46.3,46.65,46.3,46.5,46.46,11.984,12.075,11.984,12.036,12.025,730260.0,33927370500.0,0.0,0.0,0.15,0.0388,0.3236
FPT,2017-06-28,15:06:01,HOSE,STOCK,45.7,48.85,42.55,45.9,46.4,45.65,46.35,45.97,11.88,12.01,11.816,11.997,11.899,940300.0,43225451000.0,0.0,0.0,0.65,0.1682,1.4223
FPT,2017-06-27,15:06:01,HOSE,STOCK,46.7,49.95,43.45,46.5,46.6,45.45,45.7,45.91,12.036,12.062,11.764,11.829,11.883,2818290.0,129385404000.0,0.0,0.0,-1.0,-0.2588,-2.1413
FPT,2017-06-26,15:06:01,HOSE,STOCK,47.45,50.7,44.15,47.85,47.85,46.5,46.7,46.99,12.385,12.385,12.036,12.088,12.163,1375990.0,64652285500.0,0.0,0.0,-0.75,-0.1941,-1.5806
FPT,2017-06-23,15:06:01,HOSE,STOCK,47.6,50.9,44.3,47.6,47.8,47.2,47.45,47.54,12.32,12.372,12.217,12.282,12.305,759780.0,36121842500.0,0.0,0.0,-0.15,-0.0388,-0.3151
FPT,2017-06-22,15:06:01,HOSE,STOCK,47.5,50.8,44.2,47.3,48.3,47.3,47.6,47.86,12.243,12.502,12.243,12.32,12.388,1244630.0,59573186500.0,0.0,0.0,0.1,0.0259,0.2105
FPT,2017-06-21,15:06:01,HOSE,STOCK,46.15,49.35,42.95,46.3,47.5,46.05,47.5,46.7,11.984,12.295,11.919,12.295,12.088,1942410.0,90704225000.0,0.0,0.0,1.35,0.3494,2.9252
FPT,2017-06-20,15:06:01,HOSE,STOCK,46.3,49.5,43.1,46.5,46.5,46.0,46.15,46.17,12.036,12.036,11.906,11.945,11.95,762030.0,35184060000.0,0.0,0.0,-0.15,-0.0388,-0.324
FPT,2017-06-19,15:06:02,HOSE,STOCK,45.7,48.85,42.55,46.0,46.4,45.95,46.3,46.11,11.906,12.01,11.893,11.984,11.935,1192040.0,54959526000.0,0.0,0.0,0.6,0.1553,1.3129
FPT,2017-06-16,15:06:01,HOSE,STOCK,45.4,48.55,42.25,45.5,45.75,45.3,45.7,45.52,11.777,11.842,11.725,11.829,11.782,603990.0,27491247000.0,0.0,0.0,0.3,0.0777,0.6608
FPT,2017-06-15,15:06:02,HOSE,STOCK,45.2,48.35,42.05,45.25,45.4,45.05,45.4,45.21,11.712,11.751,11.66,11.751,11.702,615030.0,27802436500.0,0.0,0.0,0.2,0.0518,0.4425
FPT,2017-06-14,15:06:01,HOSE,STOCK,45.35,48.5,42.2,45.8,45.8,45.1,45.2,45.28,11.855,11.855,11.673,11.699,11.72,780590.0,35346281000.0,0.0,0.0,-0.15,-0.0388,-0.3308
FPT,2017-06-13,15:06:01,HOSE,STOCK,44.7,47.8,41.6,45.0,45.9,45.0,45.35,45.44,11.647,11.88,11.647,11.738,11.761,1573850.0,71511484500.0,0.0,0.0,0.65,0.1682,1.4541
FPT,2017-06-12,15:06:01,HOSE,STOCK,45.15,48.3,42.0,45.0,45.2,44.6,44.7,44.84,11.647,11.699,11.544,11.57,11.606,553000.0,24793804000.0,0.0,0.0,-0.45,-0.1165,-0.9967
FPT,2017-06-09,15:06:01,HOSE,STOCK,44.2,47.25,41.15,44.2,45.5,44.2,45.15,45.03,11.44,11.777,11.44,11.686,11.655,1569640.0,70683904500.0,0.0,0.0,0.95,0.2459,2.1493
FPT,2017-06-08,15:06:02,HOSE,STOCK,44.05,47.1,41.0,44.0,44.35,43.7,44.2,44.1,11.389,11.479,11.311,11.44,11.415,630430.0,27801577000.0,0.0,0.0,0.15,0.0388,0.3405
FPT,2017-06-07,15:06:01,HOSE,STOCK,44.3,47.4,41.2,44.8,44.8,44.05,44.05,44.35,11.596,11.596,11.402,11.402,11.479,842710.0,37370548000.0,0.0,0.0,-0.25,-0.0647,-0.5643
FPT,2017-06-06,15:06:01,HOSE,STOCK,43.25,46.25,40.25,43.3,44.8,43.3,44.3,44.19,11.207,11.596,11.207,11.466,11.438,1481770.0,65482330500.0,0.0,0.0,1.05,0.2718,2.4277
FPT,2017-06-05,15:06:01,HOSE,STOCK,43.25,46.25,40.25,43.6,43.65,43.15,43.25,43.34,11.285,11.298,11.169,11.195,11.218,666610.0,28893557000.0,0.0,0.0,0.0,0.0,0.0
FPT,2017-06-02,15:06:01,HOSE,STOCK,43.45,46.45,40.45,43.6,43.7,43.1,43.25,43.35,11.285,11.311,11.156,11.195,11.22,809190.0,35074460500.0,0.0,0.0,-0.2,-0.0518,-0.4603
FPT,2017-06-01,15:06:01,HOSE,STOCK,43.0,46.0,40.0,43.1,43.5,43.1,43.45,43.31,11.156,11.259,11.156,11.246,11.21,787160.0,34095784500.0,0.0,0.0,0.45,0.1165,1.0465
FPT,2017-05-31,15:05:02,HOSE,STOCK,43.0,46.0,40.0,43.0,43.55,43.0,43.0,43.3,11.13,11.272,11.13,11.13,11.207,1063000.0,46025691000.0,0.0,0.0,0.0,0.0,0.0
FPT,2017-05-30,15:05:01,HOSE,STOCK,42.6,45.55,39.65,42.3,43.65,42.3,43.0,42.92,10.949,11.298,10.949,11.13,11.109,1868870.0,80209670500.0,0.0,0.0,0.4,0.1035,0.939
FPT,2017-05-29,15:05:01,HOSE,STOCK,42.1,45.0,39.2,42.1,42.7,42.1,42.6,42.52,10.897,11.052,10.897,11.026,11.006,634230.0,26964943000.0,0.0,0.0,0.5,0.1294,1.1876
FPT,2017-05-26,15:05:02,HOSE,STOCK,42.6,45.55,39.65,42.6,42.6,42.0,42.1,42.19,11.026,11.026,10.871,10.897,10.92,868540.0,36647295500.0,0.0,0.0,-0.5,-0.1294,-1.1737
FPT,2017-05-25,15:05:01,HOSE,STOCK,41.85,44.75,38.9,43.0,43.0,42.45,42.6,42.66,11.13,11.13,10.987,11.026,11.042,1713400.0,73096160000.0,0.0,0.0,0.75,0.1941,1.7921
FPT,2017-05-24,15:05:01,HOSE,STOCK,48.85,52.2,45.45,49.2,49.25,48.85,49.1,49.105,10.849,10.86,10.771,10.827,10.828,1304860.0,64075261000.0,0.0,0.0,0.25,0.0551,0.5118
FPT,2017-05-23,15:05:01,HOSE,STOCK,48.5,51.8,45.15,48.65,49.4,48.5,48.85,48.93,10.727,10.893,10.694,10.771,10.789,2066240.0,101094161000.0,0.0,0.0,0.35,0.0772,0.7216
FPT,2017-05-22,15:05:01,HOSE,STOCK,48.4,51.7,45.05,48.5,49.05,48.5,48.5,48.73,10.694,10.816,10.694,10.694,10.745,1719610.0,83801975500.0,0.0,0.0,0.1,0.022,0.2066
FPT,2017-05-19,15:05:01,HOSE,STOCK,47.9,51.2,44.55,47.9,48.4,47.8,48.4,48.19,10.562,10.672,10.54,10.672,10.626,718260.0,34612383000.0,0.0,0.0,0.5,0.1102,1.0438
FPT,2017-05-18,15:05:01,HOSE,STOCK,47.8,51.1,44.5,47.95,48.7,47.65,47.9,48.1,10.573,10.738,10.507,10.562,10.606,909220.0,43731576000.0,0.0,0.0,0.1,0.0221,0.2092
FPT,2017-05-17,15:05:01,HOSE,STOCK,47.5,50.8,44.2,47.5,48.0,47.25,47.8,47.5,10.474,10.584,10.419,10.54,10.474,553800.0,26303915000.0,0.0,0.0,0.3,0.0662,0.6316
FPT,2017-05-16,15:05:01,HOSE,STOCK,47.8,51.1,44.5,47.8,48.3,47.45,47.5,47.84,10.54,10.65,10.463,10.474,10.549,638370.0,30540554500.0,0.0,0.0,-0.3,-0.0662,-0.6276
FPT,2017-05-15,15:05:02,HOSE,STOCK,48.0,51.3,44.65,48.0,48.0,47.75,47.8,47.87,10.584,10.584,10.529,10.54,10.555,506520.0,24245214500.0,0.0,0.0,-0.2,-0.0441,-0.4167
FPT,2017-05-12,15:05:02,HOSE,STOCK,48.1,51.4,44.75,48.1,48.4,48.0,48.0,48.19,10.606,10.672,10.584,10.584,10.626,528780.0,25484086000.0,0.0,0.0,-0.1,-0.0221,-0.2079
FPT,2017-05-11,15:05:02,HOSE,STOCK,48.1,51.4,44.75,48.1,48.4,47.65,48.1,48.08,10.606,10.672,10.507,10.606,10.602,709020.0,34088087500.0,0.0,0.0,0.0,0.0,0.0
FPT,2017-05-10,15:05:01,HOSE,STOCK,48.3,51.6,44.95,48.5,48.95,48.1,48.1,48.53,10.694,10.793,10.606,10.606,10.701,1568980.0,76144379500.0,0.0,0.0,-0.2,-0.0441,-0.4141
FPT,2017-05-09,15:05:01,HOSE,STOCK,47.0,50.2,43.75,47.2,48.3,47.2,48.3,47.79,10.408,10.65,10.408,10.65,10.538,1168370.0,55832385500.0,0.0,0.0,1.3,0.2866,2.766
FPT,2017-05-08,15:05:01,HOSE,STOCK,47.1,50.3,43.85,46.9,47.15,46.8,47.0,47.01,10.341,10.397,10.319,10.363,10.366,367850.0,17292444000.0,0.0,0.0,-0.1,-0.022,-0.2123
FPT,2017-05-05,15:05:01,HOSE,STOCK,47.0,50.2,43.75,47.0,47.25,46.9,47.1,47.13,10.363,10.419,10.341,10.386,10.392,309370.0,14580122000.0,0.0,0.0,0.1,0.0221,0.2128
FPT,2017-05-04,15:05:01,HOSE,STOCK,47.0,50.2,43.75,47.0,47.4,46.9,47.0,47.16,10.363,10.452,10.341,10.363,10.399,692490.0,32658815000.0,0.0,0.0,0.0,0.0,0.0
FPT,2017-05-03,15:05:01,HOSE,STOCK,46.45,49.7,43.2,46.7,47.3,46.45,47.0,46.74,10.297,10.43,10.242,10.363,10.306,806650.0,37705059500.0,0.0,0.0,0.55,0.1213,1.1841
FPT,2017-04-28,15:04:02,HOSE,STOCK,46.5,49.75,43.25,46.4,46.55,46.0,46.45,46.34,10.231,10.264,10.143,10.242,10.218,444560.0,20599298500.0,0.0,0.0,-0.05,-0.011,-0.1075
FPT,2017-04-27,15:04:01,HOSE,STOCK,46.0,49.2,42.8,46.1,46.7,46.1,46.5,46.48,10.165,10.297,10.165,10.253,10.249,1001040.0,46529477500.0,0.0,0.0,0.5,0.1102,1.087
FPT,2017-04-26,15:04:01,HOSE,STOCK,45.65,48.8,42.5,45.9,46.05,45.7,46.0,45.93,10.121,10.154,10.077,10.143,10.128,483590.0,22213203500.0,0.0,0.0,0.35,0.0772,0.7667
FPT,2017-04-25,15:04:01,HOSE,STOCK,45.75,48.95,42.55,45.6,46.0,45.5,45.65,45.75,10.055,10.143,10.033,10.066,10.088,602100.0,27547442500.0,0.0,0.0,-0.1,-0.0221,-0.2186
FPT,2017-04-24,15:04:02,HOSE,STOCK,45.85,49.05,42.65,45.85,46.05,45.65,45.75,45.82,10.11,10.154,10.066,10.088,10.103,465680.0,21337046500.0,0.0,0.0,-0.1,-0.0221,-0.2181
FPT,2017-04-21,15:04:01,HOSE,STOCK,45.85,49.05,42.65,46.2,46.4,45.85,45.85,46.11,10.187,10.231,10.11,10.11,10.167,407700.0,18797306500.0,0.0,0.0,0.0,0.0,0.0
FPT,2017-04-20,15:04:01,HOSE,STOCK,46.0,49.2,42.8,46.0,46.35,45.8,45.85,46.01,10.143,10.22,10.099,10.11,10.145,526060.0,24205119000.0,0.0,0.0,-0.15,-0.0331,-0.3261
FPT,2017-04-19,15:04:01,HOSE,STOCK,46.0,49.2,42.8,46.0,46.4,45.9,46.0,46.13,10.143,10.231,10.121,10.143,10.172,1132270.0,52226226000.0,0.0,0.0,0.0,0.0,0.0
FPT,2017-04-18,15:04:01,HOSE,STOCK,45.7,48.85,42.55,45.7,46.0,45.35,46.0,45.64,10.077,10.143,10.0,10.143,10.064,596530.0,27223458500.0,0.0,0.0,0.3,0.0662,0.6565
FPT,2017-04-17,15:04:01,HOSE,STOCK,46.05,49.25,42.85,46.05,46.5,45.7,45.7,46.08,10.154,10.253,10.077,10.077,10.161,1066820.0,49155626500.0,0.0,0.0,-0.35,-0.0772,-0.76
FPT,2017-04-14,15:04:02,HOSE,STOCK,47.25,50.5,43.95,47.1,47.15,45.9,46.05,46.47,10.386,10.397,10.121,10.154,10.247,1444000.0,67108551500.0,0.0,0.0,-1.2,-0.2646,-2.5397
FPT,2017-04-13,15:04:02,HOSE,STOCK,47.55,50.8,44.25,47.35,47.6,47.2,47.25,47.4,10.441,10.496,10.408,10.419,10.452,518960.0,24599313500.0,0.0,0.0,-0.3,-0.0662,-0.6309
FPT,2017-04-12,15:04:01,HOSE,STOCK,46.95,50.2,43.7,47.0,47.75,46.95,47.55,47.31,10.363,10.529,10.352,10.485,10.432,1296510.0,61335164500.0,0.0,0.0,0.6,0.1323,1.278
FPT,2017-04-11,15:04:01,HOSE,STOCK,47.0,50.2,43.75,47.0,47.3,46.8,46.95,47.02,10.363,10.43,10.319,10.352,10.368,405130.0,19049366500.0,0.0,0.0,-0.05,-0.011,-0.1064
FPT,2017-04-10,15:04:01,HOSE,STOCK,47.0,50.2,43.75,47.0,47.25,46.9,47.0,47.06,10.363,10.419,10.341,10.363,10.377,421960.0,19857101500.0,0.0,0.0,0.0,0.0,0.0
FPT,2017-04-07,15:04:01,HOSE,STOCK,46.55,49.8,43.3,46.35,47.05,46.35,47.0,46.72,10.22,10.375,10.22,10.363,10.302,900280.0,42060494000.0,0.0,0.0,0.45,0.0992,0.9667
FPT,2017-04-05,15:04:01,HOSE,STOCK,47.0,50.2,43.75,47.0,47.0,46.55,46.55,46.77,10.363,10.363,10.264,10.264,10.313,598970.0,28011127500.0,0.0,0.0,-0.45,-0.0992,-0.9574
FPT,2017-04-04,15:04:01,HOSE,STOCK,46.4,49.6,43.2,46.35,47.0,46.35,47.0,46.73,10.22,10.363,10.22,10.363,10.304,981010.0,45842770500.0,0.0,0.0,0.6,0.1323,1.2931
FPT,2017-04-03,15:04:01,HOSE,STOCK,47.3,50.6,44.0,47.3,47.5,46.4,46.4,46.79,10.43,10.474,10.231,10.231,10.317,1994720.0,93323249500.0,0.0,0.0,-0.9,-0.1984,-1.9027
FPT,2017-03-31,15:03:01,HOSE,STOCK,47.1,50.3,43.85,47.1,47.7,47.0,47.3,47.39,10.386,10.518,10.363,10.43,10.449,1213360.0,57495469000.0,0.0,0.0,0.2,0.0441,0.4246
FPT,2017-03-30,15:03:01,HOSE,STOCK,47.5,50.8,44.2,47.5,47.85,47.1,47.1,47.37,10.474,10.551,10.386,10.386,10.445,752470.0,35647280000.0,0.0,0.0,-0.4,-0.0882,-0.8421
FPT,2017-03-29,15:03:01,HOSE,STOCK,47.4,50.7,44.1,47.4,47.8,47.2,47.5,47.43,10.452,10.54,10.408,10.474,10.458,605170.0,28703529500.0,0.0,0.0,0.1,0.0221,0.211
FPT,2017-03-28,15:03:01,HOSE,STOCK,47.6,50.9,44.3,47.6,48.25,47.3,47.4,47.73,10.496,10.639,10.43,10.452,10.524,1161770.0,55448869000.0,0.0,0.0,-0.2,-0.0441,-0.4202
FPT,2017-03-27,15:03:01,HOSE,STOCK,47.7,51.0,44.4,47.6,48.0,47.25,47.6,47.55,10.496,10.584,10.419,10.496,10.485,1021940.0,48593331500.0,0.0,0.0,-0.1,-0.0221,-0.2096
FPT,2017-03-24,15:03:01,HOSE,STOCK,48.0,51.3,44.65,48.4,49.0,47.45,47.7,48.11,10.672,10.804,10.463,10.518,10.608,1937460.0,93211050500.0,0.0,0.0,-0.3,-0.0662,-0.625
FPT,2017-03-23,15:03:01,HOSE,STOCK,46.1,49.3,42.9,46.0,48.0,45.9,48.0,46.86,10.143,10.584,10.121,10.584,10.333,2026020.0,94934319000.0,0.0,0.0,1.9,0.419,4.1215
FPT,2017-03-22,15:03:01,HOSE,STOCK,46.6,49.85,43.35,46.7,46.75,46.1,46.1,46.49,10.297,10.308,10.165,10.165,10.251,1208130.0,56164762500.0,0.0,0.0,-0.5,-0.1102,-1.073
FPT,2017-03-21,15:03:01,HOSE,STOCK,46.6,49.85,43.35,46.8,47.25,46.6,46.6,46.94,10.319,10.419,10.275,10.275,10.35,1881270.0,88302885000.0,0.0,0.0,0.0,0.0,0.0
FPT,2017-03-20,15:03:02,HOSE,STOCK,45.9,49.1,42.7,45.9,46.7,45.9,46.6,46.36,10.121,10.297,10.121,10.275,10.222,1573640.0,72949832000.0,0.0,0.0,0.7,0.1543,1.5251
FPT,2017-03-17,15:03:01,HOSE,STOCK,45.7,48.85,42.55,45.9,46.3,45.75,45.9,45.99,10.121,10.209,10.088,10.121,10.141,987600.0,45421848500.0,0.0,0.0,0.2,0.0441,0.4376
FPT,2017-03-16,15:03:01,HOSE,STOCK,45.55,48.7,42.4,45.6,45.9,45.5,45.7,45.66,10.055,10.121,10.033,10.077,10.068,610500.0,27877880500.0,0.0,0.0,0.15,0.0331,0.3293
FPT,2017-03-15,15:03:02,HOSE,STOCK,45.7,48.85,42.55,45.7,45.9,45.45,45.55,45.62,10.077,10.121,10.022,10.044,10.059,632570.0,28856289000.0,0.0,0.0,-0.15,-0.0331,-0.3282
FPT,2017-03-14,15:03:01,HOSE,STOCK,45.75,48.95,42.55,45.8,46.2,45.7,45.7,45.86,10.099,10.187,10.077,10.077,10.112,600400.0,27534274500.0,0.0,0.0,-0.05,-0.011,-0.1093
FPT,2017-03-13,15:03:01,HOSE,STOCK,46.0,49.2,42.8,46.1,46.3,45.7,45.75,45.91,10.165,10.209,10.077,10.088,10.123,463260.0,21270279000.0,0.0,0.0,-0.25,-0.0551,-0.5435
FPT,2017-03-10,15:03:01,HOSE,STOCK,45.5,48.65,42.35,45.8,46.4,45.7,46.0,46.02,10.099,10.231,10.077,10.143,10.147,1204950.0,55452991500.0,0.0,0.0,0.5,0.1103,1.0989
FPT,2017-03-09,15:03:01,HOSE,STOCK,45.8,49.0,42.6,45.8,45.9,45.5,45.5,45.71,10.099,10.121,10.033,10.033,10.079,517110.0,23634734000.0,0.0,0.0,-0.3,-0.0662,-0.655
FPT,2017-03-08,15:03:01,HOSE,STOCK,45.8,49.0,42.6,45.7,46.0,45.55,45.8,45.8,10.077,10.143,10.044,10.099,10.099,486250.0,22271086000.0,0.0,0.0,0.0,0.0,0.0
FPT,2017-03-07,15:03:01,HOSE,STOCK,45.95,49.15,42.75,46.0,46.0,45.55,45.8,45.74,10.143,10.143,10.044,10.099,10.086,474030.0,21683289500.0,0.0,0.0,-0.15,-0.0331,-0.3264
FPT,2017-03-06,15:03:01,HOSE,STOCK,45.65,48.8,42.5,45.65,46.1,45.65,45.95,45.9,10.066,10.165,10.066,10.132,10.121,519090.0,23826738000.0,0.0,0.0,0.3,0.0662,0.6572
FPT,2017-03-03,15:03:01,HOSE,STOCK,45.45,48.6,42.3,45.45,45.9,45.15,45.65,45.51,10.022,10.121,9.956,10.066,10.035,400430.0,18224843000.0,0.0,0.0,0.2,0.0441,0.44
FPT,2017-03-02,15:03:01,HOSE,STOCK,45.7,48.85,42.55,45.7,45.9,45.4,45.45,45.57,10.077,10.121,10.011,10.022,10.048,625140.0,28488259000.0,0.0,0.0,-0.25,-0.0551,-0.547
FPT,2017-03-01,15:03:01,HOSE,STOCK,45.85,49.05,42.65,45.85,45.9,45.35,45.7,45.64,10.11,10.121,10.0,10.077,10.064,814870.0,37192117500.0,0.0,0.0,-0.15,-0.0331,-0.3272
FPT,2017-02-28,15:02:02,HOSE,STOCK,46.55,49.8,43.3,46.6,46.8,45.8,45.85,46.33,10.275,10.319,10.099,10.11,10.216,787960.0,36506278500.0,0.0,0.0,-0.7,-0.1544,-1.5038
FPT,2017-02-27,15:02:01,HOSE,STOCK,46.0,49.2,42.8,46.0,46.9,46.0,46.55,46.54,10.143,10.341,10.143,10.264,10.262,1791360.0,83368483500.0,0.0,0.0,0.55,0.1213,1.1957
FPT,2017-02-24,15:02:01,HOSE,STOCK,46.0,49.2,42.8,46.0,46.1,45.5,46.0,45.82,10.143,10.165,10.033,10.143,10.103,929360.0,42586123500.0,0.0,0.0,0.0,0.0,0.0
FPT,2017-02-23,15:02:01,HOSE,STOCK,45.8,49.0,42.6,45.9,46.35,45.65,46.0,45.98,10.121,10.22,10.066,10.143,10.139,1042580.0,47938580500.0,0.0,0.0,0.2,0.0441,0.4367
FPT,2017-02-22,15:02:01,HOSE,STOCK,45.4,48.55,42.25,45.7,46.3,45.4,45.8,45.88,10.077,10.209,10.011,10.099,10.117,1230810.0,56473339500.0,0.0,0.0,0.4,0.0882,0.8811
FPT,2017-02-21,15:02:01,HOSE,STOCK,45.05,48.2,41.9,45.3,45.9,45.05,45.4,45.47,9.989,10.121,9.934,10.011,10.026,1056640.0,48047044000.0,0.0,0.0,0.35,0.0772,0.7769
FPT,2017-02-20,15:02:01,HOSE,STOCK,45.3,48.45,42.15,45.3,45.4,45.0,45.05,45.2,9.989,10.011,9.922,9.934,9.967,739970.0,33450270500.0,0.0,0.0,-0.25,-0.0551,-0.5519
FPT,2017-02-17,15:02:01,HOSE,STOCK,45.3,48.45,42.15,45.2,45.5,44.9,45.3,45.15,9.967,10.033,9.9,9.989,9.956,816130.0,36846156500.0,0.0,0.0,0.0,0.0,0.0
FPT,2017-02-16,15:02:01,HOSE,STOCK,46.0,49.2,42.8,46.0,46.25,45.3,45.3,45.84,10.143,10.198,9.989,9.989,10.108,1114930.0,51112459500.0,0.0,0.0,-0.7,-0.1544,-1.5217
FPT,2017-02-15,15:02:01,HOSE,STOCK,46.4,49.6,43.2,46.5,46.5,45.8,46.0,46.16,10.253,10.253,10.099,10.143,10.178,1155260.0,53324292000.0,0.0,0.0,-0.4,-0.0882,-0.8621
FPT,2017-02-14,15:02:01,HOSE,STOCK,44.8,47.9,41.7,45.0,46.4,44.9,46.4,45.53,9.922,10.231,9.9,10.231,10.039,1942460.0,88442845500.0,0.0,0.0,1.6,0.3528,3.5714
FPT,2017-02-13,15:02:01,HOSE,STOCK,44.45,47.55,41.35,44.6,44.85,44.4,44.8,44.63,9.834,9.889,9.79,9.878,9.841,843490.0,37646165000.0,0.0,0.0,0.35,0.0772,0.7874
FPT,2017-02-10,15:02:02,HOSE,STOCK,44.55,47.65,41.45,44.5,44.6,44.25,44.45,44.41,9.812,9.834,9.757,9.801,9.792,615430.0,27333509500.0,0.0,0.0,-0.1,-0.022,-0.2245
FPT,2017-02-09,15:02:01,HOSE,STOCK,44.6,47.7,41.5,44.6,44.7,44.5,44.55,44.59,9.834,9.856,9.812,9.823,9.832,796670.0,35526064500.0,0.0,0.0,-0.05,-0.011,-0.1121
FPT,2017-02-08,15:02:01,HOSE,STOCK,44.5,47.6,41.4,44.6,44.95,44.45,44.6,44.61,9.834,9.911,9.801,9.834,9.837,580940.0,25914217000.0,0.0,0.0,0.1,0.022,0.2247
FPT,2017-02-07,15:02:01,HOSE,STOCK,44.3,47.4,41.2,44.25,44.7,44.25,44.5,44.52,9.757,9.856,9.757,9.812,9.817,919390.0,40928964000.0,0.0,0.0,0.2,0.0441,0.4515
FPT,2017-02-06,15:02:01,HOSE,STOCK,44.7,47.8,41.6,44.5,44.5,44.2,44.3,44.32,9.812,9.812,9.746,9.768,9.773,553780.0,24543441000.0,0.0,0.0,-0.4,-0.0882,-0.8949
FPT,2017-02-03,15:02:01,HOSE,STOCK,44.9,48.0,41.8,44.7,44.9,44.4,44.7,44.64,9.856,9.9,9.79,9.856,9.843,497380.0,22201375500.0,0.0,0.0,-0.2,-0.0441,-0.4454
FPT,2017-02-02,15:02:02,HOSE,STOCK,45.1,48.25,41.95,45.2,45.4,44.6,44.9,44.83,9.967,10.011,9.834,9.9,9.885,487480.0,21852841500.0,0.0,0.0,-0.2,-0.0441,-0.4435
FPT,2017-01-25,15:01:01,HOSE,STOCK,44.7,47.8,41.6,44.9,45.3,44.65,45.1,45.03,9.9,9.989,9.845,9.945,9.929,421770.0,18994178500.0,0.0,0.0,0.4,0.0882,0.8949
FPT,2017-01-24,15:01:01,HOSE,STOCK,44.45,47.55,41.35,44.7,44.9,44.3,44.7,44.68,9.856,9.9,9.768,9.856,9.852,280500.0,12532265500.0,0.0,0.0,0.25,0.0551,0.5624
FPT,2017-01-23,15:01:01,HOSE,STOCK,44.2,47.25,41.15,44.4,44.6,44.2,44.45,44.35,9.79,9.834,9.746,9.801,9.779,457700.0,20299353500.0,0.0,0.0,0.25,0.0551,0.5656
FPT,2017-01-20,15:01:01,HOSE,STOCK,43.8,46.85,40.75,43.8,44.5,43.75,44.2,44.21,9.658,9.812,9.647,9.746,9.748,662850.0,29304478500.0,0.0,0.0,0.4,0.0882,0.9132
FPT,2017-01-19,15:01:01,HOSE,STOCK,43.8,46.85,40.75,43.8,44.0,43.45,43.8,43.71,9.658,9.702,9.581,9.658,9.638,589210.0,25755930000.0,0.0,0.0,0.0,0.0,0.0
FPT,2017-01-18,15:01:01,HOSE,STOCK,44.4,47.5,41.3,44.7,44.7,43.8,43.8,44.13,9.856,9.856,9.658,9.658,9.731,496120.0,21895141500.0,0.0,0.0,-0.6,-0.1323,-1.3514
FPT,2017-01-17,15:01:02,HOSE,STOCK,44.0,47.05,40.95,44.0,44.8,44.0,44.4,44.46,9.702,9.878,9.702,9.79,9.803,521250.0,23173755500.0,0.0,0.0,0.4,0.0882,0.9091
FPT,2017-01-16,15:01:02,HOSE,STOCK,44.9,48.0,41.8,44.9,44.9,44.0,44.0,44.29,9.9,9.9,9.702,9.702,9.766,896110.0,39690111000.0,0.0,0.0,-0.9,-0.1985,-2.0045
FPT,2017-01-13,15:01:01,HOSE,STOCK,45.95,49.15,42.75,46.1,46.4,44.7,44.9,45.26,10.165,10.231,9.856,9.9,9.98,1640150.0,74231275000.0,0.0,0.0,-1.05,-0.2315,-2.2851
FPT,2017-01-12,15:01:01,HOSE,STOCK,46.1,49.3,42.9,46.1,46.2,45.85,45.95,46.0,10.165,10.187,10.11,10.132,10.143,540350.0,24854734000.0,0.0,0.0,-0.15,-0.0331,-0.3254
FPT,2017-01-11,15:01:01,HOSE,STOCK,46.0,49.2,42.8,46.3,46.6,46.1,46.1,46.36,10.209,10.275,10.165,10.165,10.222,740990.0,34354952000.0,0.0,0.0,0.1,0.022,0.2174
FPT,2017-01-10,15:01:01,HOSE,STOCK,45.2,48.35,42.05,45.25,46.0,45.15,46.0,45.85,9.978,10.143,9.956,10.143,10.11,1045680.0,47941219500.0,0.0,0.0,0.8,0.1764,1.7699
FPT,2017-01-09,15:01:01,HOSE,STOCK,44.95,48.05,41.85,45.05,45.4,44.9,45.2,45.17,9.934,10.011,9.9,9.967,9.96,501610.0,22656315000.0,0.0,0.0,0.25,0.0551,0.5562
FPT,2017-01-06,15:01:02,HOSE,STOCK,45.1,48.25,41.95,45.2,45.5,44.95,44.95,45.2,9.967,10.033,9.911,9.911,9.967,799750.0,36146053000.0,0.0,0.0,-0.15,-0.0331,-0.3326
FPT,2017-01-05,15:01:01,HOSE,STOCK,45.25,48.4,42.1,45.2,45.4,45.1,45.1,45.23,9.967,10.011,9.945,9.945,9.973,613870.0,27764588500.0,0.0,0.0,-0.15,-0.0331,-0.3315
FPT,2017-01-04,15:01:01,HOSE,STOCK,44.85,47.95,41.75,44.8,45.7,44.7,45.25,45.29,9.878,10.077,9.856,9.978,9.986,1022560.0,46307451500.0,0.0,0.0,0.4,0.0882,0.8919
FPT,2017-01-03,15:01:01,HOSE,STOCK,44.0,47.05,40.95,44.3,44.95,44.3,44.85,44.78,9.768,9.911,9.768,9.889,9.874,1013070.0,45364096000.0,0.0,0.0,0.85,0.1874,1.9318
FPT,2016-12-30,15:12:01,HOSE,STOCK,43.45,46.45,40.45,43.6,44.25,43.35,44.0,43.93,9.614,9.757,9.559,9.702,9.687,1643340.0,72194500500.0,0.0,0.0,0.55,0.1213,1.2658
FPT,2016-12-29,15:12:01,HOSE,STOCK,43.6,46.65,40.55,43.8,43.8,43.3,43.45,43.48,9.658,9.658,9.548,9.581,9.587,376220.0,16359858500.0,0.0,0.0,-0.15,-0.0331,-0.344
FPT,2016-12-28,15:12:01,HOSE,STOCK,43.15,46.15,40.15,43.25,43.8,43.25,43.6,43.62,9.537,9.658,9.537,9.614,9.618,864320.0,37701153500.0,0.0,0.0,0.45,0.0992,1.0429
FPT,2016-12-27,15:12:01,HOSE,STOCK,42.7,45.65,39.75,42.7,43.5,42.7,43.15,43.19,9.415,9.592,9.415,9.515,9.523,789970.0,34116185500.0,0.0,0.0,0.45,0.0992,1.0539
FPT,2016-12-26,15:12:01,HOSE,STOCK,42.65,45.6,39.7,42.65,42.9,42.5,42.7,42.67,9.404,9.459,9.371,9.415,9.409,243940.0,10409028500.0,0.0,0.0,0.05,0.011,0.1172
FPT,2016-12-23,15:12:02,HOSE,STOCK,42.55,45.5,39.6,42.85,42.85,42.5,42.65,42.62,9.448,9.448,9.371,9.404,9.398,325140.0,13857003000.0,0.0,0.0,0.1,0.022,0.235
FPT,2016-12-22,15:12:02,HOSE,STOCK,42.5,45.45,39.55,42.8,43.2,42.5,42.55,42.81,9.437,9.526,9.371,9.382,9.44,659310.0,28228197000.0,0.0,0.0,0.05,0.011,0.1176
FPT,2016-12-21,15:12:01,HOSE,STOCK,42.55,45.5,39.6,42.55,42.75,42.45,42.5,42.54,9.382,9.426,9.36,9.371,9.38,377770.0,16071081000.0,0.0,0.0,-0.05,-0.011,-0.1175
FPT,2016-12-20,15:12:02,HOSE,STOCK,42.7,45.65,39.75,42.55,42.9,42.5,42.55,42.62,9.382,9.459,9.371,9.382,9.398,293780.0,12521770500.0,0.0,0.0,-0.15,-0.0331,-0.3513
FPT,2016-12-19,15:12:01,HOSE,STOCK,42.1,45.0,39.2,42.1,42.7,42.1,42.7,42.53,9.283,9.415,9.283,9.415,9.378,218900.0,9309075000.0,0.0,0.0,0.6,0.1323,1.4252
FPT,2016-12-16,15:12:01,HOSE,STOCK,41.85,44.75,38.95,41.95,42.1,41.8,42.1,41.92,9.25,9.283,9.217,9.283,9.243,298690.0,12520521000.0,0.0,0.0,0.25,0.0551,0.5974
FPT,2016-12-15,15:12:01,HOSE,STOCK,42.0,44.9,39.1,42.0,42.1,41.8,41.85,41.91,9.261,9.283,9.217,9.228,9.241,282950.0,11859119500.0,0.0,0.0,-0.15,-0.0331,-0.3571
FPT,2016-12-14,15:12:01,HOSE,STOCK,41.8,44.7,38.9,41.8,42.2,41.75,42.0,41.89,9.217,9.305,9.206,9.261,9.237,394960.0,16546475500.0,0.0,0.0,0.2,0.0441,0.4785
FPT,2016-12-13,15:12:01,HOSE,STOCK,42.2,45.15,39.25,42.2,42.35,41.8,41.8,42.01,9.305,9.338,9.217,9.217,9.263,359950.0,15120368500.0,0.0,0.0,-0.4,-0.0882,-0.9479
FPT,2016-12-12,15:12:01,HOSE,STOCK,42.9,45.9,39.9,43.0,43.0,42.2,42.2,42.41,9.481,9.481,9.305,9.305,9.351,372110.0,15782527000.0,0.0,0.0,-0.7,-0.1543,-1.6317
FPT,2016-12-09,15:12:02,HOSE,STOCK,42.25,45.2,39.3,42.55,43.5,42.5,42.9,42.87,9.382,9.592,9.371,9.459,9.453,355440.0,15236539000.0,0.0,0.0,0.65,0.1433,1.5385
FPT,2016-12-08,15:12:01,HOSE,STOCK,42.1,45.0,39.2,42.5,42.5,42.2,42.25,42.3,9.371,9.371,9.305,9.316,9.327,145770.0,6166529000.0,0.0,0.0,0.15,0.0331,0.3563
FPT,2016-12-07,15:12:01,HOSE,STOCK,42.3,45.25,39.35,42.3,42.5,42.1,42.1,42.24,9.327,9.371,9.283,9.283,9.314,283670.0,11981758500.0,0.0,0.0,-0.2,-0.0441,-0.4728
FPT,2016-12-06,15:12:01,HOSE,STOCK,42.6,45.55,39.65,42.8,42.85,42.3,42.3,42.6,9.437,9.448,9.327,9.327,9.393,407380.0,17353207000.0,0.0,0.0,-0.3,-0.0661,-0.7042
FPT,2016-12-05,15:12:02,HOSE,STOCK,42.95,45.95,39.95,43.0,43.2,42.6,42.6,42.87,9.481,9.526,9.393,9.393,9.453,320460.0,13737816500.0,0.0,0.0,-0.35,-0.0772,-0.8149
FPT,2016-12-02,15:12:02,HOSE,STOCK,43.2,46.2,40.2,43.2,43.35,42.9,42.95,43.08,9.526,9.559,9.459,9.47,9.499,265850.0,11451933500.0,0.0,0.0,-0.25,-0.0551,-0.5787
FPT,2016-12-01,15:12:01,HOSE,STOCK,43.35,46.35,40.35,43.2,43.8,43.2,43.2,43.39,9.526,9.658,9.526,9.526,9.567,247450.0,10736545000.0,0.0,0.0,-0.15,-0.0331,-0.346
FPT,2016-11-30,15:11:01,HOSE,STOCK,43.15,46.15,40.15,43.0,43.35,42.9,43.35,43.06,9.481,9.559,9.459,9.559,9.495,284250.0,12239993500.0,0.0,0.0,0.2,0.0441,0.4635
FPT,2016-11-29,15:11:01,HOSE,STOCK,43.5,46.5,40.5,43.5,43.5,42.7,43.15,43.09,9.592,9.592,9.415,9.515,9.501,488970.0,21071946000.0,0.0,0.0,-0.35,-0.0772,-0.8046
FPT,2016-11-28,15:11:02,HOSE,STOCK,43.95,47.0,40.9,43.95,43.95,43.2,43.5,43.59,9.691,9.691,9.526,9.592,9.612,401290.0,17491761000.0,0.0,0.0,-0.45,-0.0992,-1.0239
FPT,2016-11-25,15:11:01,HOSE,STOCK,44.35,47.45,41.25,44.4,44.4,43.9,43.95,44.04,9.79,9.79,9.68,9.691,9.711,523930.0,23073588500.0,0.0,0.0,-0.4,-0.0882,-0.9019
FPT,2016-11-24,15:11:01,HOSE,STOCK,43.95,47.0,40.9,43.8,44.75,43.8,44.35,44.42,9.658,9.867,9.658,9.779,9.795,1109900.0,49298038500.0,0.0,0.0,0.4,0.0882,0.9101
FPT,2016-11-23,15:11:02,HOSE,STOCK,43.1,46.1,40.1,43.3,44.1,43.1,43.95,43.72,9.548,9.724,9.504,9.691,9.64,933400.0,40806773000.0,0.0,0.0,0.85,0.1874,1.9722
FPT,2016-11-22,15:11:01,HOSE,STOCK,43.1,46.1,40.1,43.0,43.35,43.0,43.1,43.13,9.481,9.559,9.481,9.504,9.51,475660.0,20514373000.0,0.0,0.0,0.0,0.0,0.0
FPT,2016-11-21,15:11:01,HOSE,STOCK,43.1,46.1,40.1,43.2,43.4,42.8,43.1,43.17,9.526,9.57,9.437,9.504,9.519,398940.0,17220276000.0,0.0,0.0,0.0,0.0,0.0
FPT,2016-11-18,15:11:02,HOSE,STOCK,42.6,45.55,39.65,42.5,43.15,42.5,43.1,42.73,9.371,9.515,9.371,9.504,9.422,272520.0,11645665000.0,0.0,0.0,0.5,0.1103,1.1737
FPT,2016-11-17,15:11:02,HOSE,STOCK,43.05,46.05,40.05,43.05,43.05,42.6,42.6,42.83,9.493,9.493,9.393,9.393,9.444,342390.0,14664484500.0,0.0,0.0,-0.45,-0.0992,-1.0453
FPT,2016-11-16,15:11:01,HOSE,STOCK,43.2,46.2,40.2,43.3,43.4,42.8,43.05,43.16,9.548,9.57,9.437,9.493,9.517,483700.0,20874748500.0,0.0,0.0,-0.15,-0.0331,-0.3472
FPT,2016-11-15,15:11:01,HOSE,STOCK,42.75,45.7,39.8,42.8,43.2,42.7,43.2,42.82,9.437,9.526,9.415,9.526,9.442,410010.0,17556973000.0,0.0,0.0,0.45,0.0992,1.0526
FPT,2016-11-14,15:11:01,HOSE,STOCK,43.0,46.0,40.0,42.7,43.0,42.6,42.75,42.81,9.415,9.481,9.393,9.426,9.44,357500.0,15303939000.0,0.0,0.0,-0.25,-0.0551,-0.5814
FPT,2016-11-11,15:11:01,HOSE,STOCK,42.7,45.65,39.75,42.9,43.45,42.8,43.0,43.15,9.459,9.581,9.437,9.481,9.515,549240.0,23701610000.0,0.0,0.0,0.3,0.0661,0.7026
FPT,2016-11-10,15:11:01,HOSE,STOCK,42.2,45.15,39.25,42.6,42.9,42.5,42.7,42.73,9.393,9.459,9.371,9.415,9.422,279210.0,11931785500.0,0.0,0.0,0.5,0.1102,1.1848
FPT,2016-11-09,15:11:01,HOSE,STOCK,42.85,45.8,39.9,42.85,42.85,41.1,42.2,41.94,9.448,9.448,9.063,9.305,9.248,1259800.0,52831574000.0,0.0,0.0,-0.65,-0.1433,-1.5169
FPT,2016-11-08,15:11:01,HOSE,STOCK,42.8,45.75,39.85,42.8,43.25,42.8,42.85,42.96,9.437,9.537,9.437,9.448,9.473,357870.0,15373610000.0,0.0,0.0,0.05,0.011,0.1168
FPT,2016-11-07,15:11:02,HOSE,STOCK,42.15,45.1,39.2,42.1,42.9,42.1,42.8,42.46,9.283,9.459,9.283,9.437,9.362,270420.0,11483222000.0,0.0,0.0,0.65,0.1433,1.5421
FPT,2016-11-04,15:11:02,HOSE,STOCK,42.0,44.9,39.1,42.0,42.4,42.0,42.15,42.2,9.261,9.349,9.261,9.294,9.305,216080.0,9118549000.0,0.0,0.0,0.15,0.0331,0.3571
FPT,2016-11-03,15:11:01,HOSE,STOCK,42.6,45.55,39.65,42.5,42.5,41.7,42.0,42.0,9.371,9.371,9.195,9.261,9.261,819360.0,34411174000.0,0.0,0.0,-0.6,-0.1323,-1.4085
FPT,2016-11-02,15:11:01,HOSE,STOCK,43.3,46.3,40.3,43.3,43.4,42.6,42.6,43.0,9.548,9.57,9.393,9.393,9.481,607470.0,26120907500.0,0.0,0.0,-0.7,-0.1543,-1.6166
FPT,2016-11-01,15:11:01,HOSE,STOCK,43.5,46.5,40.5,43.6,43.6,43.3,43.3,43.38,9.614,9.614,9.548,9.548,9.565,287980.0,12493957500.0,0.0,0.0,-0.2,-0.0441,-0.4598
FPT,2016-10-31,15:10:01,HOSE,STOCK,43.6,46.65,40.55,43.7,43.9,43.5,43.5,43.67,9.636,9.68,9.592,9.592,9.629,366100.0,15989248500.0,0.0,0.0,-0.1,-0.0221,-0.2294
FPT,2016-10-28,15:10:01,HOSE,STOCK,43.2,46.2,40.2,43.2,43.6,43.15,43.6,43.43,9.526,9.614,9.515,9.614,9.576,623240.0,27064669000.0,0.0,0.0,0.4,0.0882,0.9259
FPT,2016-10-27,15:10:02,HOSE,STOCK,43.0,46.0,40.0,43.3,43.3,43.0,43.2,43.08,9.548,9.548,9.481,9.526,9.499,320770.0,13818936500.0,0.0,0.0,0.2,0.0441,0.4651
FPT,2016-10-26,15:10:01,HOSE,STOCK,43.2,46.2,40.2,43.2,43.6,42.9,43.0,43.1,9.526,9.614,9.459,9.481,9.504,498350.0,21479571500.0,0.0,0.0,-0.2,-0.0441,-0.463
FPT,2016-10-25,15:10:01,HOSE,STOCK,43.2,46.2,40.2,43.2,43.9,42.8,43.2,43.34,9.526,9.68,9.437,9.526,9.556,798790.0,34617120000.0,0.0,0.0,0.0,0.0,0.0
FPT,2016-10-24,15:10:01,HOSE,STOCK,43.4,46.4,40.4,43.4,43.6,43.1,43.2,43.37,9.57,9.614,9.504,9.526,9.563,683800.0,29656714000.0,0.0,0.0,-0.2,-0.0441,-0.4608
FPT,2016-10-21,15:10:01,HOSE,STOCK,43.5,46.5,40.5,43.5,43.75,43.4,43.4,43.55,9.592,9.647,9.57,9.57,9.603,368030.0,16026943500.0,0.0,0.0,-0.1,-0.0221,-0.2299
FPT,2016-10-20,15:10:02,HOSE,STOCK,43.85,46.9,40.8,44.1,44.2,43.45,43.5,43.71,9.724,9.746,9.581,9.592,9.638,452160.0,19763276500.0,0.0,0.0,-0.35,-0.0772,-0.7982
FPT,2016-10-19,15:10:02,HOSE,STOCK,43.6,46.65,40.55,43.5,44.15,43.5,43.85,43.89,9.592,9.735,9.592,9.669,9.678,484690.0,21274518500.0,0.0,0.0,0.25,0.0551,0.5734
FPT,2016-10-18,15:10:01,HOSE,STOCK,43.4,46.4,40.4,43.4,43.85,43.0,43.6,43.39,9.57,9.669,9.481,9.614,9.567,461070.0,20004518500.0,0.0,0.0,0.2,0.0441,0.4608
FPT,2016-10-17,15:10:02,HOSE,STOCK,43.85,46.9,40.8,43.9,43.9,43.4,43.4,43.54,9.68,9.68,9.57,9.57,9.601,799570.0,34815930000.0,0.0,0.0,-0.45,-0.0992,-1.0262
FPT,2016-10-14,15:10:01,HOSE,STOCK,44.0,47.05,40.95,43.9,44.1,43.8,43.85,43.94,9.68,9.724,9.658,9.669,9.689,556120.0,24437702500.0,0.0,0.0,-0.15,-0.0331,-0.3409
FPT,2016-10-13,15:10:01,HOSE,STOCK,43.8,46.85,40.75,43.7,44.2,43.4,44.0,43.89,9.636,9.746,9.57,9.702,9.678,455610.0,19998612000.0,0.0,0.0,0.2,0.0441,0.4566
FPT,2016-10-12,15:10:02,HOSE,STOCK,44.5,47.6,41.4,44.4,44.6,43.7,43.8,44.035,9.79,9.834,9.636,9.658,9.71,737050.0,32455631000.0,0.0,0.0,-0.7,-0.1544,-1.573
FPT,2016-10-11,15:10:02,HOSE,STOCK,43.6,46.65,40.55,43.6,44.5,43.15,44.5,43.74,9.614,9.812,9.515,9.812,9.645,1576130.0,68939458500.0,0.0,0.0,0.9,0.1984,2.0642
FPT,2016-10-10,15:10:01,HOSE,STOCK,45.05,48.2,41.9,45.05,45.05,43.6,43.6,44.17,9.934,9.934,9.614,9.614,9.739,2105790.0,93011232500.0,0.0,0.0,-1.45,-0.3197,-3.2186
FPT,2016-10-07,15:10:01,HOSE,STOCK,46.1,49.3,42.9,46.15,46.3,44.7,45.05,45.24,10.176,10.209,9.856,9.934,9.975,2656510.0,120176919000.0,0.0,0.0,-1.05,-0.2315,-2.2777
FPT,2016-10-06,15:10:01,HOSE,STOCK,46.8,50.0,43.55,46.8,46.95,46.1,46.1,46.49,10.319,10.352,10.165,10.165,10.251,808750.0,37599479000.0,0.0,0.0,-0.7,-0.1543,-1.4957
FPT,2016-10-05,15:10:01,HOSE,STOCK,46.8,50.0,43.55,47.0,47.0,46.65,46.8,46.8,10.363,10.363,10.286,10.319,10.319,482560.0,22581763500.0,0.0,0.0,0.0,0.0,0.0
FPT,2016-10-04,15:10:01,HOSE,STOCK,46.65,49.9,43.4,46.9,47.35,46.0,46.8,46.85,10.341,10.441,10.143,10.319,10.33,1945280.0,91137842000.0,0.0,0.0,0.15,0.0331,0.3215
FPT,2016-10-03,15:10:01,HOSE,STOCK,46.65,49.9,43.4,46.7,47.2,46.3,46.65,46.71,10.297,10.408,10.209,10.286,10.3,1063670.0,49682357000.0,0.0,0.0,0.0,0.0,0.0
FPT,2016-09-30,15:09:01,HOSE,STOCK,47.35,50.6,44.05,47.4,47.4,46.65,46.65,47.0,10.452,10.452,10.286,10.286,10.363,1725770.0,81104995000.0,0.0,0.0,-0.7,-0.1543,-1.4784
FPT,2016-09-29,15:09:01,HOSE,STOCK,47.9,51.2,44.55,47.6,48.0,47.1,47.35,47.63,10.496,10.584,10.386,10.441,10.502,1885090.0,89796149500.0,0.0,0.0,-0.55,-0.1213,-1.1482
FPT,2016-09-28,15:09:01,HOSE,STOCK,47.8,51.1,44.5,47.65,48.5,47.6,47.9,48.02,10.507,10.694,10.496,10.562,10.588,1675680.0,80462426500.0,0.0,0.0,0.1,0.0221,0.2092
FPT,2016-09-27,15:09:01,HOSE,STOCK,47.8,51.1,44.5,47.75,47.8,47.3,47.8,47.52,10.529,10.54,10.43,10.54,10.478,2011410.0,95572974000.0,0.0,0.0,0.0,0.0,0.0
FPT,2016-09-26,15:09:01,HOSE,STOCK,47.4,50.7,44.1,47.6,48.2,47.6,47.8,47.86,10.496,10.628,10.496,10.54,10.553,1938720.0,92780003500.0,0.0,0.0,0.4,0.0882,0.8439
FPT,2016-09-23,15:09:01,HOSE,STOCK,46.6,49.85,43.35,46.8,47.6,46.8,47.4,47.3,10.319,10.496,10.319,10.452,10.43,2331180.0,110266597000.0,0.0,0.0,0.8,0.1764,1.7167
FPT,2016-09-22,15:09:01,HOSE,STOCK,45.5,48.65,42.35,45.5,47.4,45.5,46.6,46.4,10.033,10.452,10.033,10.275,10.231,2821740.0,130930936000.0,0.0,0.0,1.1,0.2425,2.4176
FPT,2016-09-21,15:09:01,HOSE,STOCK,45.65,48.8,42.5,45.7,45.9,45.4,45.5,45.66,10.077,10.121,10.011,10.033,10.068,872200.0,39823971500.0,0.0,0.0,-0.15,-0.0331,-0.3286
FPT,2016-09-20,15:09:01,HOSE,STOCK,45.3,48.45,42.15,45.5,45.9,45.2,45.65,45.64,10.033,10.121,9.967,10.066,10.064,1374570.0,62736946000.0,0.0,0.0,0.35,0.0772,0.7726
FPT,2016-09-19,15:09:02,HOSE,STOCK,45.0,48.15,41.85,45.4,45.5,44.8,45.3,45.17,10.011,10.033,9.878,9.989,9.96,944500.0,42663678500.0,0.0,0.0,0.3,0.0662,0.6667
FPT,2016-09-16,15:09:01,HOSE,STOCK,44.8,47.9,41.7,44.5,45.0,44.4,45.0,44.63,9.812,9.922,9.79,9.922,9.841,855440.0,38181961500.0,0.0,0.0,0.2,0.0441,0.4464
FPT,2016-09-15,15:09:01,HOSE,STOCK,45.5,48.65,42.35,45.5,45.5,44.5,44.8,45.1,10.033,10.033,9.812,9.878,9.945,1111400.0,50122617500.0,0.0,0.0,-0.7,-0.1543,-1.5385
FPT,2016-09-14,15:09:01,HOSE,STOCK,45.2,48.35,42.05,45.15,45.95,45.0,45.5,45.63,9.956,10.132,9.922,10.033,10.061,1283090.0,58548197000.0,0.0,0.0,0.3,0.0662,0.6637
FPT,2016-09-13,15:09:01,HOSE,STOCK,45.0,48.15,41.85,45.0,45.35,44.5,45.2,44.97,9.922,10.0,9.812,9.967,9.916,1151590.0,51792521500.0,0.0,0.0,0.2,0.0441,0.4444
FPT,2016-09-12,15:09:01,HOSE,STOCK,45.7,48.85,42.55,45.5,45.6,44.9,45.0,45.2,10.033,10.055,9.9,9.922,9.967,1220220.0,55148001500.0,0.0,0.0,-0.7,-0.1543,-1.5317
FPT,2016-09-09,15:09:01,HOSE,STOCK,45.6,48.7,42.5,46.0,46.5,45.5,45.7,46.01,10.143,10.253,10.033,10.077,10.145,1833910.0,84374593000.0,0.0,0.0,0.1,0.0221,0.2193
FPT,2016-09-08,15:09:01,HOSE,STOCK,44.1,47.1,41.1,44.4,46.2,44.2,45.6,45.37,9.79,10.187,9.746,10.055,10.004,3243480.0,147169219000.0,0.0,0.0,1.5,0.3308,3.4014
FPT,2016-09-07,15:09:01,HOSE,STOCK,44.2,47.2,41.2,44.1,44.1,43.5,44.1,43.85,9.724,9.724,9.592,9.724,9.669,1332450.0,58427516000.0,0.0,0.0,-0.1,-0.022,-0.2262
FPT,2016-09-06,15:09:01,HOSE,STOCK,44.5,47.6,41.4,44.4,44.8,44.2,44.2,44.37,9.79,9.878,9.746,9.746,9.784,1385380.0,61475763000.0,0.0,0.0,-0.3,-0.0661,-0.6742
FPT,2016-09-05,15:09:01,HOSE,STOCK,44.5,47.6,41.4,44.5,44.8,44.1,44.5,44.51,9.812,9.878,9.724,9.812,9.814,964870.0,42946635000.0,0.0,0.0,0.0,0.0,0.0
FPT,2016-09-01,15:09:01,HOSE,STOCK,43.9,46.9,40.9,44.3,45.0,44.0,44.5,44.54,9.768,9.922,9.702,9.812,9.821,2145860.0,95575678000.0,0.0,0.0,0.6,0.1323,1.3667
FPT,2016-08-31,15:08:02,HOSE,STOCK,42.6,45.5,39.7,42.9,44.4,42.7,43.9,43.73,9.459,9.79,9.415,9.68,9.642,3190540.0,139532649000.0,0.0,0.0,1.3,0.2867,3.0516
FPT,2016-08-30,15:08:01,HOSE,STOCK,42.6,45.5,39.7,42.5,42.9,42.5,42.6,42.65,9.371,9.459,9.371,9.393,9.404,529860.0,22596953000.0,0.0,0.0,0.0,0.0,0.0
FPT,2016-08-29,15:08:01,HOSE,STOCK,43.0,46.0,40.0,43.2,43.5,42.6,42.6,43.02,9.526,9.592,9.393,9.393,9.486,996310.0,42865034000.0,0.0,0.0,-0.4,-0.0882,-0.9302
FPT,2016-08-26,15:08:01,HOSE,STOCK,42.4,45.3,39.5,42.4,43.4,42.4,43.0,43.07,9.349,9.57,9.349,9.481,9.497,2217420.0,95498833000.0,0.0,0.0,0.6,0.1323,1.4151
FPT,2016-08-25,15:08:02,HOSE,STOCK,42.0,44.9,39.1,42.1,42.5,41.9,42.4,42.15,9.283,9.371,9.239,9.349,9.294,601280.0,25341290000.0,0.0,0.0,0.4,0.0882,0.9524
FPT,2016-08-24,15:08:02,HOSE,STOCK,41.7,44.6,38.8,41.8,42.4,41.8,42.0,42.13,9.217,9.349,9.217,9.261,9.29,749230.0,31566009000.0,0.0,0.0,0.3,0.0662,0.7194
FPT,2016-08-23,15:08:01,HOSE,STOCK,41.5,44.4,38.6,41.8,41.9,41.4,41.7,41.65,9.217,9.239,9.129,9.195,9.184,443570.0,18476214000.0,0.0,0.0,0.2,0.0441,0.4819
FPT,2016-08-22,15:08:02,HOSE,STOCK,41.4,44.2,38.6,42.0,42.1,41.5,41.5,41.88,9.261,9.283,9.151,9.151,9.235,944470.0,39549776000.0,0.0,0.0,0.1,0.0221,0.2415
FPT,2016-08-19,15:08:01,HOSE,STOCK,43.1,46.1,40.1,43.3,43.3,42.4,42.4,42.73,9.322,9.322,9.129,9.129,9.2,662470.0,28308482000.0,0.0,0.0,-0.7,-0.1507,-1.6241
FPT,2016-08-18,15:08:01,HOSE,STOCK,43.2,46.2,40.2,43.2,44.0,43.0,43.1,43.42,9.301,9.473,9.258,9.279,9.348,1044090.0,45339108000.0,0.0,0.0,-0.1,-0.0215,-0.2315
FPT,2016-08-17,15:08:01,HOSE,STOCK,42.7,45.6,39.8,42.7,43.5,42.5,43.2,43.02,9.193,9.365,9.15,9.301,9.262,1354570.0,58274477000.0,0.0,0.0,0.5,0.1077,1.171
FPT,2016-08-16,15:08:02,HOSE,STOCK,41.6,44.5,38.7,42.0,43.0,41.6,42.7,42.54,9.042,9.258,8.956,9.193,9.159,1933670.0,82266020000.0,0.0,0.0,1.1,0.2368,2.6442
FPT,2016-08-15,15:08:01,HOSE,STOCK,41.6,44.5,38.7,41.6,41.7,41.5,41.6,41.58,8.956,8.978,8.935,8.956,8.952,281220.0,11692091000.0,0.0,0.0,0.0,0.0,0.0
FPT,2016-08-12,15:08:01,HOSE,STOCK,41.8,44.7,38.9,42.0,42.4,41.5,41.6,41.88,9.042,9.129,8.935,8.956,9.017,527660.0,22099877000.0,0.0,0.0,-0.2,-0.0431,-0.4785
FPT,2016-08-11,15:08:01,HOSE,STOCK,41.1,43.9,38.3,41.3,41.8,41.2,41.8,41.65,8.892,8.999,8.87,8.999,8.967,585310.0,24378086000.0,0.0,0.0,0.7,0.1507,1.7032
FPT,2016-08-10,15:08:02,HOSE,STOCK,40.9,43.7,38.1,40.7,41.1,40.7,41.1,40.98,8.763,8.849,8.763,8.849,8.823,236760.0,9701269000.0,0.0,0.0,0.2,0.0431,0.489
FPT,2016-08-09,15:08:01,HOSE,STOCK,40.6,43.4,37.8,40.8,40.9,40.6,40.9,40.8,8.784,8.806,8.741,8.806,8.784,271030.0,11058086000.0,0.0,0.0,0.3,0.0646,0.7389
FPT,2016-08-08,15:08:01,HOSE,STOCK,40.5,43.3,37.7,40.7,41.0,40.6,40.6,40.77,8.763,8.827,8.741,8.741,8.778,274690.0,11198529000.0,0.0,0.0,0.1,0.0215,0.2469
FPT,2016-08-05,15:08:01,HOSE,STOCK,40.4,43.2,37.6,40.4,40.7,40.2,40.5,40.4,8.698,8.763,8.655,8.719,8.698,461730.0,18651767000.0,0.0,0.0,0.1,0.0215,0.2475
FPT,2016-08-04,15:08:01,HOSE,STOCK,40.5,43.3,37.7,40.5,40.8,40.4,40.4,40.56,8.719,8.784,8.698,8.698,8.732,340270.0,13801620000.0,0.0,0.0,-0.1,-0.0215,-0.2469
FPT,2016-08-03,15:08:01,HOSE,STOCK,40.6,43.4,37.8,40.6,40.8,40.4,40.5,40.55,8.741,8.784,8.698,8.719,8.73,467420.0,18955816000.0,0.0,0.0,-0.1,-0.0215,-0.2463
FPT,2016-08-02,15:08:01,HOSE,STOCK,41.1,43.9,38.3,41.1,41.1,40.5,40.6,40.78,8.849,8.849,8.719,8.741,8.78,806630.0,32893300000.0,0.0,0.0,-0.5,-0.1076,-1.2165
FPT,2016-08-01,15:08:01,HOSE,STOCK,41.0,43.8,38.2,41.0,41.3,40.8,41.1,41.07,8.827,8.892,8.784,8.849,8.842,419730.0,17239776000.0,0.0,0.0,0.1,0.0215,0.2439
FPT,2016-07-29,15:07:01,HOSE,STOCK,41.3,44.1,38.5,41.3,41.4,41.0,41.0,41.15,8.892,8.913,8.827,8.827,8.859,241530.0,9939588000.0,0.0,0.0,-0.3,-0.0646,-0.7264
FPT,2016-07-28,15:07:01,HOSE,STOCK,41.3,44.1,38.5,41.3,41.7,41.2,41.3,41.38,8.892,8.978,8.87,8.892,8.909,512680.0,21214173000.0,0.0,0.0,0.0,0.0,0.0
FPT,2016-07-27,15:07:01,HOSE,STOCK,40.9,43.7,38.1,41.3,41.7,41.2,41.3,41.39,8.892,8.978,8.87,8.892,8.911,554520.0,22950585000.0,0.0,0.0,0.4,0.0861,0.978
FPT,2016-07-26,15:07:01,HOSE,STOCK,41.1,43.9,38.3,41.1,41.2,40.8,40.9,40.98,8.849,8.87,8.784,8.806,8.823,469520.0,19240278000.0,0.0,0.0,-0.2,-0.0431,-0.4866
FPT,2016-07-25,15:07:01,HOSE,STOCK,41.3,44.1,38.5,41.3,41.4,41.1,41.1,41.26,8.892,8.913,8.849,8.849,8.883,375880.0,15509624000.0,0.0,0.0,-0.2,-0.0431,-0.4843
FPT,2016-07-22,15:07:01,HOSE,STOCK,41.6,44.5,38.7,41.5,41.5,40.9,41.3,41.23,8.935,8.935,8.806,8.892,8.877,958530.0,39523445000.0,0.0,0.0,-0.3,-0.0646,-0.7212
FPT,2016-07-21,15:07:01,HOSE,STOCK,41.6,44.5,38.7,41.7,42.0,41.5,41.6,41.72,8.978,9.042,8.935,8.956,8.982,448120.0,18694893000.0,0.0,0.0,0.0,0.0,0.0
FPT,2016-07-20,15:07:01,HOSE,STOCK,41.9,44.8,39.0,41.9,42.1,41.6,41.6,41.81,9.021,9.064,8.956,8.956,9.002,575060.0,24044218000.0,0.0,0.0,-0.3,-0.0646,-0.716
FPT,2016-07-19,15:07:01,HOSE,STOCK,42.6,45.5,39.7,42.7,42.7,41.7,41.9,42.22,9.193,9.193,8.978,9.021,9.09,1148610.0,48497931000.0,0.0,0.0,-0.7,-0.1507,-1.6432
FPT,2016-07-18,15:07:02,HOSE,STOCK,42.6,45.5,39.7,42.5,42.7,42.2,42.6,42.5,9.15,9.193,9.085,9.172,9.15,578400.0,24581326000.0,0.0,0.0,0.0,0.0,0.0
FPT,2016-07-15,15:07:01,HOSE,STOCK,43.0,46.0,40.0,42.9,43.2,42.6,42.6,42.83,9.236,9.301,9.172,9.172,9.221,730200.0,31270901000.0,0.0,0.0,-0.4,-0.0861,-0.9302
FPT,2016-07-14,15:07:01,HOSE,STOCK,42.9,45.9,39.9,43.0,43.9,42.9,43.0,43.45,9.258,9.452,9.236,9.258,9.355,1880280.0,81700851000.0,0.0,0.0,0.1,0.0215,0.2331
FPT,2016-07-13,15:07:02,HOSE,STOCK,42.6,45.5,39.7,42.6,43.3,42.6,42.9,42.91,9.172,9.322,9.172,9.236,9.238,751090.0,32229325000.0,0.0,0.0,0.3,0.0646,0.7042
FPT,2016-07-12,15:07:01,HOSE,STOCK,42.6,45.5,39.7,42.6,43.0,42.0,42.6,42.43,9.172,9.258,9.042,9.172,9.135,744580.0,31591676000.0,0.0,0.0,0.0,0.0,0.0
FPT,2016-07-11,15:07:02,HOSE,STOCK,43.6,46.6,40.6,43.7,44.0,42.6,42.6,43.41,9.408,9.473,9.172,9.172,9.346,1035540.0,44951810000.0,0.0,0.0,-1.0,-0.2153,-2.2936
FPT,2016-07-08,15:07:01,HOSE,STOCK,43.3,46.3,40.3,43.4,44.4,43.4,43.6,43.72,9.344,9.559,9.344,9.387,9.413,1594930.0,69733549000.0,0.0,0.0,0.3,0.0646,0.6928
FPT,2016-07-07,15:07:01,HOSE,STOCK,42.3,45.2,39.4,42.7,43.9,42.4,43.3,43.27,9.193,9.452,9.129,9.322,9.316,1592870.0,68917946000.0,0.0,0.0,1.0,0.2153,2.3641
FPT,2016-07-06,15:07:01,HOSE,STOCK,42.2,45.1,39.3,42.1,42.5,41.9,42.3,42.2,9.064,9.15,9.021,9.107,9.085,602040.0,25406714000.0,0.0,0.0,0.1,0.0215,0.237
FPT,2016-07-05,15:07:01,HOSE,STOCK,42.5,45.4,39.6,42.5,42.7,42.2,42.2,42.45,9.15,9.193,9.085,9.085,9.139,791050.0,33578865000.0,0.0,0.0,-0.3,-0.0646,-0.7059
FPT,2016-07-04,15:07:01,HOSE,STOCK,41.9,44.8,39.0,42.0,42.7,42.0,42.5,42.48,9.042,9.193,9.042,9.15,9.146,863920.0,36695805000.0,0.0,0.0,0.6,0.1292,1.432
FPT,2016-07-01,15:07:01,HOSE,STOCK,41.8,44.7,38.9,42.0,42.3,41.8,41.9,42.06,9.042,9.107,8.999,9.021,9.055,579110.0,24358885000.0,0.0,0.0,0.1,0.0215,0.2392
FPT,2016-06-30,15:06:01,HOSE,STOCK,42.0,44.9,39.1,42.5,42.6,41.8,41.8,42.23,9.15,9.172,8.999,8.999,9.092,669690.0,28283504000.0,0.0,0.0,-0.2,-0.0431,-0.4762
FPT,2016-06-29,15:06:01,HOSE,STOCK,41.2,44.0,38.4,41.1,42.5,41.1,42.0,41.82,8.849,9.15,8.849,9.042,9.004,1250570.0,52295627000.0,0.0,0.0,0.8,0.1722,1.9417
FPT,2016-06-28,15:06:01,HOSE,STOCK,41.2,44.0,38.4,41.2,41.4,41.0,41.2,41.17,8.87,8.913,8.827,8.87,8.864,328400.0,13519588000.0,0.0,0.0,0.0,0.0,0.0
FPT,2016-06-27,15:06:01,HOSE,STOCK,40.9,43.7,38.1,40.9,41.4,40.2,41.2,40.75,8.806,8.913,8.655,8.87,8.773,587560.0,23944168000.0,0.0,0.0,0.3,0.0646,0.7335
FPT,2016-06-24,15:06:01,HOSE,STOCK,41.9,44.8,39.0,41.7,41.7,39.1,40.9,40.69,8.978,8.978,8.418,8.806,8.76,2562810.0,104275563000.0,0.0,0.0,-1.0,-0.2153,-2.3866
FPT,2016-06-23,15:06:01,HOSE,STOCK,42.4,45.3,39.5,42.3,42.4,41.9,41.9,42.12,9.107,9.129,9.021,9.021,9.068,826170.0,34798819000.0,0.0,0.0,-0.5,-0.1076,-1.1792
FPT,2016-06-22,15:06:01,HOSE,STOCK,42.7,45.6,39.8,42.5,42.9,42.4,42.4,42.59,9.15,9.236,9.129,9.129,9.169,300480.0,12798333000.0,0.0,0.0,-0.3,-0.0646,-0.7026
FPT,2016-06-21,15:06:02,HOSE,STOCK,42.7,45.6,39.8,42.9,43.8,42.6,42.7,43.3,9.236,9.43,9.172,9.193,9.322,1442710.0,62467321000.0,0.0,0.0,0.0,0.0,0.0
FPT,2016-06-20,15:06:01,HOSE,STOCK,40.4,43.2,37.6,40.5,42.9,40.4,42.7,41.7,8.719,9.236,8.698,9.193,8.978,1877120.0,78272212000.0,0.0,0.0,2.3,0.4952,5.6931
FPT,2016-06-17,15:06:01,HOSE,STOCK,40.4,43.2,37.6,40.4,40.5,40.3,40.4,40.4,8.698,8.719,8.676,8.698,8.698,206120.0,8327781000.0,0.0,0.0,0.0,0.0,0.0
FPT,2016-06-16,15:06:02,HOSE,STOCK,40.3,43.1,37.5,40.5,40.6,40.3,40.4,40.46,8.719,8.741,8.676,8.698,8.711,359320.0,14538099000.0,0.0,0.0,0.1,0.0215,0.2481
FPT,2016-06-15,15:06:01,HOSE,STOCK,40.5,43.3,37.7,40.5,40.5,40.2,40.3,40.35,8.719,8.719,8.655,8.676,8.687,414560.0,16725720000.0,0.0,0.0,-0.2,-0.0431,-0.4938
FPT,2016-06-14,15:06:02,HOSE,STOCK,40.4,43.2,37.6,40.3,40.5,40.3,40.5,40.37,8.676,8.719,8.676,8.719,8.692,242560.0,9791743000.0,0.0,0.0,0.1,0.0215,0.2475
FPT,2016-06-13,15:06:01,HOSE,STOCK,40.5,43.3,37.7,40.5,40.5,40.4,40.4,40.44,8.719,8.719,8.698,8.698,8.707,237230.0,9592649000.0,0.0,0.0,-0.1,-0.0215,-0.2469
FPT,2016-06-10,15:06:01,HOSE,STOCK,40.5,43.3,37.7,40.4,40.6,40.4,40.5,40.54,8.698,8.741,8.698,8.719,8.728,475190.0,19265210000.0,0.0,0.0,0.0,0.0,0.0
FPT,2016-06-09,15:06:01,HOSE,STOCK,40.7,43.5,37.9,40.7,40.7,40.5,40.5,40.56,8.763,8.763,8.719,8.719,8.732,325390.0,13196685000.0,0.0,0.0,-0.2,-0.0431,-0.4914
FPT,2016-06-08,15:06:02,HOSE,STOCK,40.5,43.3,37.7,40.5,40.7,40.4,40.7,40.56,8.719,8.763,8.698,8.763,8.732,516630.0,20953718000.0,0.0,0.0,0.2,0.0431,0.4938
FPT,2016-06-07,15:06:01,HOSE,STOCK,40.4,43.2,37.6,40.6,40.6,40.2,40.5,40.35,8.741,8.741,8.655,8.719,8.687,559610.0,22579673000.0,0.0,0.0,0.1,0.0215,0.2475
FPT,2016-06-06,15:06:01,HOSE,STOCK,40.7,43.5,37.9,40.7,40.7,40.2,40.4,40.46,8.763,8.763,8.655,8.698,8.711,754110.0,30507936000.0,0.0,0.0,-0.3,-0.0646,-0.7371
FPT,2016-06-03,15:06:01,HOSE,STOCK,40.8,43.6,38.0,40.9,40.9,40.6,40.7,40.73,8.806,8.806,8.741,8.763,8.769,400290.0,16302916000.0,0.0,0.0,-0.1,-0.0215,-0.2451
FPT,2016-06-02,15:06:01,HOSE,STOCK,40.8,43.6,38.0,41.0,41.0,40.7,40.8,40.8,8.827,8.827,8.763,8.784,8.784,318100.0,12977666000.0,0.0,0.0,0.0,0.0,0.0
FPT,2016-06-01,15:06:01,HOSE,STOCK,40.8,43.6,38.0,41.0,41.0,40.8,40.8,40.9,8.827,8.827,8.784,8.784,8.806,519620.0,21253496000.0,0.0,0.0,0.0,0.0,0.0
FPT,2016-05-31,15:05:01,HOSE,STOCK,41.1,43.9,38.3,41.2,41.2,40.8,40.8,40.96,8.87,8.87,8.784,8.784,8.819,589350.0,24138622000.0,0.0,0.0,-0.3,-0.0646,-0.7299
FPT,2016-05-30,15:05:01,HOSE,STOCK,41.0,43.8,38.2,41.0,41.4,41.0,41.1,41.19,8.827,8.913,8.827,8.849,8.868,447160.0,18418962000.0,0.0,0.0,0.1,0.0215,0.2439
FPT,2016-05-27,15:05:01,HOSE,STOCK,40.435,43.2,37.7,40.8,41.1,40.4,41.0,40.89,8.784,8.849,8.698,8.827,8.803,543580.0,22228157000.0,0.0,0.0,0.565,0.1216,1.3973
FPT,2016-05-26,15:05:02,HOSE,STOCK,47.7,51.0,44.4,47.8,47.9,47.5,47.5,47.67,8.761,8.779,8.706,8.706,8.737,1328870.0,63344278000.0,0.0,0.0,-0.2,-0.0367,-0.4193
FPT,2016-05-25,15:05:01,HOSE,STOCK,47.7,51.0,44.4,47.8,47.9,47.6,47.7,47.71,8.761,8.779,8.724,8.743,8.744,598370.0,28547181000.0,0.0,0.0,0.0,0.0,0.0
FPT,2016-05-24,15:05:01,HOSE,STOCK,47.8,51.0,44.5,47.9,48.0,47.7,47.7,47.84,8.779,8.798,8.743,8.743,8.768,369180.0,17660317000.0,0.0,0.0,-0.1,-0.0183,-0.2092
FPT,2016-05-23,15:05:01,HOSE,STOCK,47.9,51.0,44.6,48.3,48.3,47.8,47.8,47.94,8.853,8.853,8.761,8.761,8.787,345150.0,16545879000.0,0.0,0.0,-0.1,-0.0183,-0.2088
FPT,2016-05-20,15:05:02,HOSE,STOCK,47.7,51.0,44.4,47.7,47.9,47.7,47.9,47.76,8.743,8.779,8.743,8.779,8.754,485060.0,23166442000.0,0.0,0.0,0.2,0.0367,0.4193
FPT,2016-05-19,15:05:01,HOSE,STOCK,47.7,51.0,44.4,48.0,48.0,47.6,47.7,47.75,8.798,8.798,8.724,8.743,8.752,186020.0,8882444000.0,0.0,0.0,0.0,0.0,0.0
FPT,2016-05-18,15:05:02,HOSE,STOCK,47.6,50.5,44.3,48.0,48.4,47.7,47.7,47.99,8.798,8.871,8.743,8.743,8.796,692880.0,33251005000.0,0.0,0.0,0.1,0.0183,0.2101
FPT,2016-05-17,15:05:01,HOSE,STOCK,47.3,50.5,44.0,47.4,47.8,47.3,47.6,47.59,8.688,8.761,8.669,8.724,8.722,354380.0,16865293000.0,0.0,0.0,0.3,0.055,0.6342
FPT,2016-05-16,15:05:01,HOSE,STOCK,47.4,50.5,44.1,47.4,47.5,47.2,47.3,47.32,8.688,8.706,8.651,8.669,8.673,310390.0,14687569000.0,0.0,0.0,-0.1,-0.0183,-0.211
FPT,2016-05-13,15:05:01,HOSE,STOCK,47.4,50.5,44.1,47.5,47.6,47.2,47.4,47.38,8.706,8.724,8.651,8.688,8.684,393240.0,18633130000.0,0.0,0.0,0.0,0.0,0.0
FPT,2016-05-12,15:05:01,HOSE,STOCK,47.7,51.0,44.4,47.9,47.9,47.4,47.4,47.52,8.779,8.779,8.688,8.688,8.71,412430.0,19598970000.0,0.0,0.0,-0.3,-0.055,-0.6289
FPT,2016-05-11,15:05:01,HOSE,STOCK,47.3,50.5,44.0,47.7,47.8,47.3,47.7,47.6,8.743,8.761,8.669,8.743,8.724,290200.0,13812705000.0,0.0,0.0,0.4,0.0733,0.8457
FPT,2016-05-10,15:05:01,HOSE,STOCK,47.2,50.5,43.9,47.1,47.5,47.0,47.3,47.27,8.633,8.706,8.614,8.669,8.664,465650.0,22012494000.0,0.0,0.0,0.1,0.0183,0.2119
FPT,2016-05-09,15:05:02,HOSE,STOCK,47.5,50.5,44.2,47.6,47.8,47.2,47.2,47.47,8.724,8.761,8.651,8.651,8.7,605810.0,28758427000.0,0.0,0.0,-0.3,-0.055,-0.6316
FPT,2016-05-06,15:05:01,HOSE,STOCK,47.8,51.0,44.5,47.8,48.0,47.5,47.5,47.69,8.761,8.798,8.706,8.706,8.741,693360.0,33065580000.0,0.0,0.0,-0.3,-0.055,-0.6276
FPT,2016-05-05,15:05:01,HOSE,STOCK,48.1,51.0,44.8,47.9,48.4,47.8,47.8,47.99,8.779,8.871,8.761,8.761,8.796,908780.0,43614651000.0,0.0,0.0,-0.3,-0.055,-0.6237
FPT,2016-05-04,15:05:02,HOSE,STOCK,48.6,52.0,45.2,48.2,48.3,47.7,48.1,47.89,8.834,8.853,8.743,8.816,8.777,771190.0,36934448000.0,0.0,0.0,-0.5,-0.0916,-1.0288
FPT,2016-04-29,15:04:02,HOSE,STOCK,48.4,51.5,45.1,48.4,48.7,48.3,48.6,48.49,8.871,8.926,8.853,8.907,8.887,614320.0,29788180000.0,0.0,0.0,0.2,0.0367,0.4132
FPT,2016-04-28,15:04:01,HOSE,STOCK,47.7,51.0,44.4,48.0,49.3,47.7,48.4,48.48,8.798,9.036,8.743,8.871,8.885,3007080.0,145777595000.0,0.0,0.0,0.7,0.1283,1.4675
FPT,2016-04-27,15:04:01,HOSE,STOCK,47.9,51.0,44.6,48.0,48.1,47.5,47.7,47.77,8.798,8.816,8.706,8.743,8.755,593060.0,28328961000.0,0.0,0.0,-0.2,-0.0367,-0.4175
FPT,2016-04-26,15:04:01,HOSE,STOCK,47.9,51.0,44.6,47.9,48.0,47.5,47.9,47.75,8.779,8.798,8.706,8.779,8.752,333520.0,15926181000.0,0.0,0.0,0.0,0.0,0.0
FPT,2016-04-25,15:04:01,HOSE,STOCK,47.8,51.0,44.5,48.0,48.3,47.8,47.9,48.03,8.798,8.853,8.761,8.779,8.803,562230.0,27002585000.0,0.0,0.0,0.1,0.0183,0.2092
FPT,2016-04-22,15:04:02,HOSE,STOCK,47.3,50.5,44.0,47.3,47.8,47.1,47.8,47.46,8.669,8.761,8.633,8.761,8.699,829700.0,39374369000.0,0.0,0.0,0.5,0.0916,1.0571
FPT,2016-04-21,15:04:01,HOSE,STOCK,47.1,50.0,43.9,47.3,47.5,47.1,47.3,47.27,8.669,8.706,8.633,8.669,8.664,496340.0,23461794000.0,0.0,0.0,0.2,0.0367,0.4246
FPT,2016-04-20,15:04:01,HOSE,STOCK,47.0,50.0,43.8,47.0,47.2,46.9,47.1,47.04,8.614,8.651,8.596,8.633,8.622,878290.0,41313683000.0,0.0,0.0,0.1,0.0183,0.2128
FPT,2016-04-19,15:04:02,HOSE,STOCK,47.2,50.5,43.9,47.2,47.5,47.0,47.0,47.28,8.651,8.706,8.614,8.614,8.666,545970.0,25812776000.0,0.0,0.0,-0.2,-0.0367,-0.4237
FPT,2016-04-15,15:04:01,HOSE,STOCK,47.5,50.5,44.2,47.6,47.7,47.2,47.2,47.49,8.724,8.743,8.651,8.651,8.704,712110.0,33821467000.0,0.0,0.0,-0.3,-0.055,-0.6316
FPT,2016-04-14,15:04:02,HOSE,STOCK,47.6,50.5,44.3,47.5,47.8,47.5,47.5,47.6,8.706,8.761,8.706,8.706,8.724,572360.0,27246227000.0,0.0,0.0,-0.1,-0.0183,-0.2101
FPT,2016-04-13,15:04:02,HOSE,STOCK,47.7,51.0,44.4,47.6,47.8,47.5,47.6,47.63,8.724,8.761,8.706,8.724,8.73,568090.0,27056812000.0,0.0,0.0,-0.1,-0.0183,-0.2096
FPT,2016-04-12,15:04:01,HOSE,STOCK,47.9,51.0,44.6,48.0,48.0,47.5,47.7,47.73,8.798,8.798,8.706,8.743,8.748,393630.0,18788448000.0,0.0,0.0,-0.2,-0.0367,-0.4175
FPT,2016-04-11,15:04:01,HOSE,STOCK,47.6,50.5,44.3,47.8,48.2,47.5,47.9,47.84,8.761,8.834,8.706,8.779,8.768,814800.0,38977291000.0,0.0,0.0,0.3,0.055,0.6303
FPT,2016-04-08,15:04:01,HOSE,STOCK,47.8,51.0,44.5,47.6,48.0,47.6,47.6,47.79,8.724,8.798,8.724,8.724,8.759,312220.0,14920563000.0,0.0,0.0,-0.2,-0.0367,-0.4184
FPT,2016-04-07,15:04:02,HOSE,STOCK,47.4,50.5,44.1,47.5,47.9,47.4,47.8,47.64,8.706,8.779,8.688,8.761,8.732,485800.0,23141303000.0,0.0,0.0,0.4,0.0733,0.8439
FPT,2016-04-06,15:04:01,HOSE,STOCK,47.0,50.0,43.8,47.0,47.4,46.9,47.4,47.14,8.614,8.688,8.596,8.688,8.64,288080.0,13579668000.0,0.0,0.0,0.4,0.0733,0.8511
FPT,2016-04-05,15:04:02,HOSE,STOCK,46.8,50.0,43.6,46.8,47.2,46.7,47.0,46.88,8.578,8.651,8.559,8.614,8.592,286440.0,13427254000.0,0.0,0.0,0.2,0.0367,0.4274
FPT,2016-04-04,15:04:01,HOSE,STOCK,46.8,50.0,43.6,46.7,47.0,46.7,46.8,46.845,8.559,8.614,8.559,8.578,8.586,370410.0,17352000000.0,0.0,0.0,0.0,0.0,0.0
FPT,2016-04-01,15:04:02,HOSE,STOCK,47.1,50.0,43.9,47.1,47.2,46.7,46.8,46.93,8.633,8.651,8.559,8.578,8.601,530180.0,24882635000.0,0.0,0.0,-0.3,-0.055,-0.6369
FPT,2016-03-31,15:03:01,HOSE,STOCK,47.5,50.5,44.2,47.5,48.0,47.1,47.1,47.47,8.706,8.798,8.633,8.633,8.7,623130.0,29578927000.0,0.0,0.0,-0.4,-0.0733,-0.8421
FPT,2016-03-30,15:03:02,HOSE,STOCK,47.5,50.5,44.2,47.5,47.9,47.2,47.5,47.48,8.706,8.779,8.651,8.706,8.702,595920.0,28291464000.0,0.0,0.0,0.0,0.0,0.0
FPT,2016-03-29,15:03:01,HOSE,STOCK,48.0,51.0,44.7,48.0,48.0,47.4,47.5,47.66,8.798,8.798,8.688,8.706,8.735,731100.0,34840706000.0,0.0,0.0,-0.5,-0.0916,-1.0417
FPT,2016-03-28,15:03:01,HOSE,STOCK,47.9,51.0,44.6,48.3,48.3,47.9,48.0,48.0,8.853,8.853,8.779,8.798,8.798,402090.0,19300633000.0,0.0,0.0,0.1,0.0183,0.2088
FPT,2016-03-25,15:03:01,HOSE,STOCK,48.4,51.5,45.1,48.2,48.4,47.6,47.9,47.98,8.834,8.871,8.724,8.779,8.794,1134790.0,54444113000.0,0.0,0.0,-0.5,-0.0916,-1.0331
FPT,2016-03-24,15:03:01,HOSE,STOCK,48.7,52.0,45.3,48.8,48.9,48.4,48.4,48.58,8.944,8.962,8.871,8.871,8.904,831940.0,40419028000.0,0.0,0.0,-0.3,-0.055,-0.616
FPT,2016-03-23,15:03:01,HOSE,STOCK,48.7,52.0,45.3,48.7,49.0,48.5,48.7,48.68,8.926,8.981,8.889,8.926,8.922,573490.0,27916424000.0,0.0,0.0,0.0,0.0,0.0
FPT,2016-03-22,15:03:01,HOSE,STOCK,49.2,52.5,45.8,49.0,49.1,48.7,48.7,48.88,8.981,8.999,8.926,8.926,8.959,630690.0,30830640000.0,0.0,0.0,-0.5,-0.0916,-1.0163
FPT,2016-03-21,15:03:02,HOSE,STOCK,49.3,52.5,45.9,49.3,49.5,49.0,49.2,49.29,9.036,9.072,8.981,9.017,9.034,708370.0,34914529000.0,0.0,0.0,-0.1,-0.0183,-0.2028
FPT,2016-03-18,15:03:01,HOSE,STOCK,48.5,51.5,45.2,49.0,49.9,49.0,49.3,49.49,8.981,9.146,8.981,9.036,9.071,2537440.0,125570412000.0,0.0,0.0,0.8,0.1466,1.6495
FPT,2016-03-17,15:03:02,HOSE,STOCK,48.5,51.5,45.2,48.6,48.9,48.5,48.5,48.74,8.907,8.962,8.889,8.889,8.933,630200.0,30714694000.0,0.0,0.0,0.0,0.0,0.0
FPT,2016-03-16,15:03:01,HOSE,STOCK,48.5,51.5,45.2,48.5,48.7,48.4,48.5,48.52,8.889,8.926,8.871,8.889,8.893,492970.0,23920673000.0,0.0,0.0,0.0,0.0,0.0
FPT,2016-03-15,15:03:02,HOSE,STOCK,48.7,52.0,45.3,48.9,49.1,48.5,48.5,48.78,8.962,8.999,8.889,8.889,8.94,545350.0,26604223000.0,0.0,0.0,-0.2,-0.0367,-0.4107
FPT,2016-03-14,15:03:02,HOSE,STOCK,48.5,51.5,45.2,49.0,49.4,48.7,48.7,49.06,8.981,9.054,8.926,8.926,8.992,1011740.0,49634108000.0,0.0,0.0,0.2,0.0367,0.4124
FPT,2016-03-11,15:03:01,HOSE,STOCK,48.2,51.5,44.9,48.4,48.9,48.4,48.5,48.64,8.871,8.962,8.871,8.889,8.915,752610.0,36604652000.0,0.0,0.0,0.3,0.055,0.6224
FPT,2016-03-10,15:03:01,HOSE,STOCK,48.0,51.0,44.7,48.0,48.3,47.9,48.2,48.09,8.798,8.853,8.779,8.834,8.814,278390.0,13388483000.0,0.0,0.0,0.2,0.0367,0.4167
FPT,2016-03-09,15:03:01,HOSE,STOCK,48.0,51.0,44.7,47.8,48.2,47.8,48.0,48.01,8.761,8.834,8.761,8.798,8.799,406000.0,19491316000.0,0.0,0.0,0.0,0.0,0.0
FPT,2016-03-08,15:03:01,HOSE,STOCK,48.6,52.0,45.2,48.6,48.7,48.0,48.0,48.23,8.907,8.926,8.798,8.798,8.84,1138510.0,54909706000.0,0.0,0.0,-0.6,-0.11,-1.2346
FPT,2016-03-07,15:03:01,HOSE,STOCK,49.0,52.0,45.6,49.0,49.4,48.6,48.6,49.04,8.981,9.054,8.907,8.907,8.988,731820.0,35886120000.0,0.0,0.0,-0.4,-0.0733,-0.8163
FPT,2016-03-04,15:03:02,HOSE,STOCK,48.8,52.0,45.4,48.6,49.3,48.6,49.0,48.96,8.907,9.036,8.907,8.981,8.973,855930.0,41909552000.0,0.0,0.0,0.2,0.0367,0.4098
FPT,2016-03-03,15:03:02,HOSE,STOCK,48.7,52.0,45.3,48.9,49.3,48.8,48.8,49.03,8.962,9.036,8.944,8.944,8.986,831440.0,40763801000.0,0.0,0.0,0.1,0.0183,0.2053
FPT,2016-03-02,15:03:02,HOSE,STOCK,48.2,51.5,44.9,48.4,48.8,48.3,48.7,48.56,8.871,8.944,8.853,8.926,8.9,811910.0,39428368000.0,0.0,0.0,0.5,0.0916,1.0373
FPT,2016-03-01,15:03:02,HOSE,STOCK,47.8,51.0,44.5,47.8,48.9,47.6,48.2,48.31,8.761,8.962,8.724,8.834,8.854,1215810.0,58740941000.0,0.0,0.0,0.4,0.0733,0.8368
FPT,2016-02-29,15:02:02,HOSE,STOCK,47.7,51.0,44.4,47.9,47.9,47.6,47.8,47.75,8.779,8.779,8.724,8.761,8.752,516250.0,24651343000.0,0.0,0.0,0.1,0.0183,0.2096
FPT,2016-02-26,15:02:02,HOSE,STOCK,47.6,50.5,44.3,47.8,47.8,47.4,47.7,47.57,8.761,8.761,8.688,8.743,8.719,383230.0,18228792000.0,0.0,0.0,0.1,0.0183,0.2101
FPT,2016-02-25,15:02:02,HOSE,STOCK,47.8,51.0,44.5,48.0,48.3,47.6,47.6,47.87,8.798,8.853,8.724,8.724,8.774,673070.0,32221501000.0,0.0,0.0,-0.2,-0.0367,-0.4184
FPT,2016-02-24,15:02:01,HOSE,STOCK,47.8,51.0,44.5,47.7,48.0,47.6,47.8,47.77,8.743,8.798,8.724,8.761,8.755,655980.0,31336888000.0,0.0,0.0,0.0,0.0,0.0
FPT,2016-02-23,15:02:01,HOSE,STOCK,48.2,51.5,44.9,48.5,48.5,47.8,47.8,48.08,8.889,8.889,8.761,8.761,8.812,727180.0,34959963000.0,0.0,0.0,-0.4,-0.0733,-0.8299
FPT,2016-02-22,15:02:02,HOSE,STOCK,47.7,51.0,44.4,47.7,48.2,47.7,48.2,47.8,8.743,8.834,8.743,8.834,8.761,518820.0,24939706000.0,0.0,0.0,0.5,0.0916,1.0482
FPT,2016-02-19,15:02:02,HOSE,STOCK,48.1,51.0,44.8,48.0,48.0,47.6,47.7,47.8,8.798,8.798,8.724,8.743,8.761,530400.0,25352056000.0,0.0,0.0,-0.4,-0.0733,-0.8316
FPT,2016-02-18,15:02:02,HOSE,STOCK,47.5,50.5,44.2,47.7,48.3,47.6,48.1,47.98,8.743,8.853,8.724,8.816,8.794,737190.0,35367712000.0,0.0,0.0,0.6,0.11,1.2632
FPT,2016-02-17,15:02:02,HOSE,STOCK,47.3,50.5,44.0,47.5,48.2,47.5,47.5,47.81,8.706,8.834,8.706,8.706,8.763,719440.0,34393393000.0,0.0,0.0,0.2,0.0367,0.4228
FPT,2016-02-16,15:02:02,HOSE,STOCK,46.7,49.9,43.5,47.0,47.5,46.7,47.3,47.28,8.614,8.706,8.559,8.669,8.666,346480.0,16381637000.0,0.0,0.0,0.6,0.11,1.2848
FPT,2016-02-15,15:02:02,HOSE,STOCK,46.9,50.0,43.7,46.7,46.8,46.3,46.7,46.59,8.559,8.578,8.486,8.559,8.539,342070.0,15937633000.0,0.0,0.0,-0.2,-0.0367,-0.4264
FPT,2016-02-05,15:02:01,HOSE,STOCK,46.5,49.7,43.3,46.7,47.0,46.5,46.9,46.76,8.559,8.614,8.523,8.596,8.57,363780.0,17009077000.0,0.0,0.0,0.4,0.0733,0.8602
FPT,2016-02-04,15:02:02,HOSE,STOCK,46.6,49.8,43.4,46.9,46.9,46.5,46.5,46.7,8.596,8.596,8.523,8.523,8.559,282030.0,13170231000.0,0.0,0.0,-0.1,-0.0183,-0.2146
FPT,2016-02-03,15:02:02,HOSE,STOCK,46.2,49.4,43.0,46.4,46.9,46.2,46.6,46.61,8.504,8.596,8.468,8.541,8.543,641500.0,29898018000.0,0.0,0.0,0.4,0.0733,0.8658
FPT,2016-02-02,15:02:02,HOSE,STOCK,46.6,49.8,43.4,46.3,46.7,46.2,46.2,46.35,8.486,8.559,8.468,8.468,8.495,184210.0,8538638000.0,0.0,0.0,-0.4,-0.0733,-0.8584
FPT,2016-02-01,15:02:02,HOSE,STOCK,46.4,49.6,43.2,46.5,46.9,46.0,46.6,46.6,8.523,8.596,8.431,8.541,8.541,584110.0,27220902000.0,0.0,0.0,0.2,0.0367,0.431
FPT,2016-01-29,15:01:02,HOSE,STOCK,46.0,49.2,42.8,46.3,46.5,45.9,46.4,46.17,8.486,8.523,8.413,8.504,8.462,496970.0,22943004000.0,0.0,0.0,0.4,0.0733,0.8696
FPT,2016-01-28,15:01:02,HOSE,STOCK,46.3,49.5,43.1,46.3,46.4,45.8,46.0,46.1,8.486,8.504,8.394,8.431,8.449,491030.0,22637359000.0,0.0,0.0,-0.3,-0.055,-0.6479
FPT,2016-01-27,15:01:02,HOSE,STOCK,45.9,49.1,42.7,46.5,46.5,46.2,46.3,46.3,8.523,8.523,8.468,8.486,8.486,336620.0,15586054000.0,0.0,0.0,0.4,0.0733,0.8715
FPT,2016-01-26,15:01:02,HOSE,STOCK,47.1,50.0,43.9,46.5,46.6,45.9,45.9,46.14,8.523,8.541,8.413,8.413,8.457,661130.0,30505043000.0,0.0,0.0,-1.2,-0.2199,-2.5478
FPT,2016-01-25,15:01:01,HOSE,STOCK,44.8,47.9,41.7,45.5,47.1,45.0,47.1,46.13,8.339,8.633,8.248,8.633,8.455,892040.0,41153844000.0,0.0,0.0,2.3,0.4216,5.1339
FPT,2016-01-22,15:01:01,HOSE,STOCK,44.9,48.0,41.8,45.0,45.1,44.3,44.8,44.75,8.248,8.266,8.119,8.211,8.202,692750.0,30997283000.0,0.0,0.0,-0.1,-0.0183,-0.2227
FPT,2016-01-21,15:01:02,HOSE,STOCK,44.9,48.0,41.8,44.8,45.1,44.6,44.9,44.86,8.211,8.266,8.174,8.229,8.222,647810.0,29062593000.0,0.0,0.0,0.0,0.0,0.0
FPT,2016-01-20,15:01:01,HOSE,STOCK,45.1,48.2,42.0,45.1,45.5,44.9,44.9,45.09,8.266,8.339,8.229,8.229,8.264,651980.0,29398463000.0,0.0,0.0,-0.2,-0.0367,-0.4435
FPT,2016-01-19,15:01:02,HOSE,STOCK,44.9,48.0,41.8,44.9,45.3,44.7,45.1,44.96,8.229,8.303,8.193,8.266,8.24,873480.0,39270562000.0,0.0,0.0,0.2,0.0367,0.4454
FPT,2016-01-18,15:01:02,HOSE,STOCK,46.1,49.3,42.9,45.7,45.7,44.3,44.9,44.75,8.376,8.376,8.119,8.229,8.202,2255130.0,100920729000.0,0.0,0.0,-1.2,-0.2199,-2.603
FPT,2016-01-15,15:01:01,HOSE,STOCK,46.2,49.4,43.0,46.2,46.5,46.0,46.1,46.12,8.468,8.523,8.431,8.449,8.453,593280.0,27361838000.0,0.0,0.0,-0.1,-0.0183,-0.2165
FPT,2016-01-14,15:01:16,HOSE,STOCK,46.4,49.4,43.0,46.1,46.4,46.0,46.2,46.16,8.449,8.504,8.431,8.468,8.46,509720.0,23526862000.0,0.0,0.0,-0.2,-0.0367,-0.431
FPT,2016-01-13,15:01:11,HOSE,STOCK,46.9,49.6,43.2,47.0,47.3,46.3,46.4,46.89,8.614,8.669,8.486,8.504,8.594,542910.0,25454925000.0,0.0,0.0,-0.5,-0.0916,-1.0661
FPT,2016-01-12,15:01:18,HOSE,STOCK,45.9,50.0,43.7,46.0,46.9,45.7,46.9,46.24,8.431,8.596,8.376,8.596,8.475,582160.0,26920517000.0,0.0,0.0,1.0,0.1833,2.1786
FPT,2016-01-11,15:01:11,HOSE,STOCK,46.3,49.1,42.7,46.3,46.3,45.9,45.9,46.05,8.486,8.486,8.413,8.413,8.44,805440.0,37089483000.0,0.0,0.0,-0.4,-0.0733,-0.8639
FPT,2016-01-08,15:01:14,HOSE,STOCK,47.0,49.5,43.1,46.8,46.9,46.0,46.3,46.36,8.578,8.596,8.431,8.486,8.497,1773760.0,82228387000.0,0.0,0.0,-0.7,-0.1283,-1.4894
FPT,2016-01-07,15:01:10,HOSE,STOCK,47.9,50.0,43.8,47.9,47.9,47.0,47.0,47.4,8.779,8.779,8.614,8.614,8.688,1841620.0,87301476000.0,0.0,0.0,-0.9,-0.1649,-1.8789
FPT,2016-01-06,16:01:51,HOSE,STOCK,47.8,51.0,44.6,47.8,48.1,47.8,47.9,47.94,8.761,8.816,8.761,8.779,8.787,446810.0,21421796000.0,0.0,0.0,0.1,0.0183,0.2092
FPT,2016-01-05,15:01:15,HOSE,STOCK,47.8,51.0,44.5,47.8,48.0,47.7,47.8,47.83,8.761,8.798,8.743,8.761,8.766,734050.0,35112607000.0,0.0,0.0,0.0,0.0,0.0
FPT,2016-01-04,15:01:14,HOSE,STOCK,48.3,51.5,45.0,48.4,48.5,47.8,47.8,48.15,8.871,8.889,8.761,8.761,8.825,602210.0,28996241000.0,0.0,0.0,-0.5,-0.0916,-1.0352
FPT,2015-12-31,15:12:16,HOSE,STOCK,48.3,51.5,45.0,48.3,48.8,48.2,48.3,48.49,8.853,8.944,8.834,8.853,8.887,570340.0,27622012000.0,0.0,0.0,0.0,0.0,0.0
FPT,2015-12-30,16:12:20,HOSE,STOCK,48.3,51.5,45.0,48.6,48.9,48.3,48.3,48.49,8.907,8.962,8.853,8.853,8.887,913890.0,44317979000.0,0.0,0.0,0.0,0.0,0.0
FPT,2015-12-29,15:12:11,HOSE,STOCK,48.1,51.5,45.0,48.2,48.5,48.1,48.3,48.3,8.834,8.889,8.816,8.853,8.853,433620.0,20945023000.0,0.0,0.0,0.2,0.0367,0.4158
FPT,2015-12-28,15:12:10,HOSE,STOCK,47.8,51.0,44.8,48.0,48.7,47.7,48.1,48.13,8.798,8.926,8.743,8.816,8.821,767110.0,36919352000.0,0.0,0.0,0.3,0.055,0.6276
FPT,2015-12-25,15:12:10,HOSE,STOCK,47.8,51.0,44.5,48.0,48.0,47.7,47.8,47.82,8.798,8.798,8.743,8.761,8.765,339400.0,16229372000.0,0.0,0.0,0.0,0.0,0.0
FPT,2015-12-24,15:12:13,HOSE,STOCK,47.9,51.0,44.5,48.1,48.2,47.8,47.8,47.97,8.816,8.834,8.761,8.761,8.792,474020.0,22736385000.0,0.0,0.0,-0.1,-0.0183,-0.2088
FPT,2015-12-23,15:12:14,HOSE,STOCK,48.1,51.0,44.6,48.3,48.4,47.8,47.9,48.01,8.853,8.871,8.761,8.779,8.799,606040.0,29095847000.0,0.0,0.0,-0.2,-0.0367,-0.4158
FPT,2015-12-22,15:12:25,HOSE,STOCK,48.5,51.0,44.8,48.5,48.7,48.1,48.1,48.39,8.889,8.926,8.816,8.816,8.869,537270.0,25996615000.0,0.0,0.0,-0.4,-0.0733,-0.8247
FPT,2015-12-21,16:12:41,HOSE,STOCK,48.9,51.5,45.2,48.9,48.9,48.3,48.5,48.62,8.962,8.962,8.853,8.889,8.911,540360.0,26270543000.0,0.0,0.0,-0.4,-0.0733,-0.818
FPT,2015-12-18,15:12:19,HOSE,STOCK,49.2,52.0,45.5,49.2,49.3,48.9,48.9,49.02,9.017,9.036,8.962,8.962,8.984,825670.0,40475947000.0,0.0,0.0,-0.3,-0.055,-0.6098
FPT,2015-12-17,15:12:54,HOSE,STOCK,48.8,52.5,45.8,49.2,49.5,49.0,49.2,49.21,9.017,9.072,8.981,9.017,9.019,916420.0,45093528000.0,0.0,0.0,0.4,0.0733,0.8197
FPT,2015-12-16,15:12:08,HOSE,STOCK,48.5,52.0,45.4,48.7,49.3,48.7,48.8,48.99,8.926,9.036,8.926,8.944,8.979,1252650.0,61368531000.0,0.0,0.0,0.3,0.055,0.6186
FPT,2015-12-15,15:12:14,HOSE,STOCK,47.8,51.5,45.2,47.8,48.5,47.8,48.5,48.29,8.761,8.889,8.761,8.889,8.851,527780.0,25486639000.0,0.0,0.0,0.7,0.1283,1.4644
FPT,2015-12-14,15:12:09,HOSE,STOCK,48.0,51.0,44.5,47.9,48.2,47.8,47.8,47.93,8.779,8.834,8.761,8.761,8.785,434710.0,20835209000.0,0.0,0.0,-0.2,-0.0367,-0.4167
FPT,2015-12-11,15:12:08,HOSE,STOCK,47.8,51.0,44.7,47.7,48.5,47.7,48.0,48.15,8.743,8.889,8.743,8.798,8.825,558390.0,26886368000.0,0.0,0.0,0.2,0.0367,0.4184
FPT,2015-12-10,15:12:28,HOSE,STOCK,48.2,51.0,44.5,48.2,48.6,47.8,47.8,48.16,8.834,8.907,8.761,8.761,8.827,610110.0,29382881000.0,0.0,0.0,-0.4,-0.0733,-0.8299
FPT,2015-12-09,15:12:59,HOSE,STOCK,49.0,51.5,44.9,49.0,49.4,48.2,48.2,48.78,8.981,9.054,8.834,8.834,8.94,735460.0,35872709000.0,0.0,0.0,-0.8,-0.1466,-1.6327
FPT,2015-12-08,15:12:09,HOSE,STOCK,47.5,52.0,45.6,47.3,49.1,47.1,49.0,47.88,8.669,8.999,8.633,8.981,8.776,1117670.0,53513441000.0,0.0,0.0,1.5,0.2749,3.1579
FPT,2015-12-07,15:12:51,HOSE,STOCK,47.9,50.5,44.2,47.8,48.0,47.5,47.5,47.71,8.761,8.798,8.706,8.706,8.744,892260.0,42565673000.0,0.0,0.0,-0.4,-0.0733,-0.8351
FPT,2015-12-04,15:12:07,HOSE,STOCK,48.5,51.0,44.6,48.5,48.5,47.7,47.9,47.99,8.889,8.889,8.743,8.779,8.796,861320.0,41334817000.0,0.0,0.0,-0.6,-0.11,-1.2371
FPT,2015-12-03,15:12:10,HOSE,STOCK,48.4,51.5,45.2,48.5,48.7,48.3,48.5,48.52,8.889,8.926,8.853,8.889,8.893,343540.0,16668691000.0,0.0,0.0,0.1,0.0183,0.2066
FPT,2015-12-02,15:12:07,HOSE,STOCK,48.2,51.5,45.1,48.2,48.7,48.2,48.4,48.34,8.834,8.926,8.834,8.871,8.86,675930.0,32674636000.0,0.0,0.0,0.2,0.0367,0.4149
FPT,2015-12-01,15:12:32,HOSE,STOCK,48.3,51.5,44.9,48.6,48.8,48.1,48.2,48.43,8.907,8.944,8.816,8.834,8.876,623880.0,30211406000.0,0.0,0.0,-0.1,-0.0183,-0.207
FPT,2015-11-30,15:11:07,HOSE,STOCK,48.9,51.5,45.0,49.0,49.0,48.3,48.3,48.51,8.981,8.981,8.853,8.853,8.891,1116850.0,54179004000.0,0.0,0.0,-0.6,-0.11,-1.227
FPT,2015-11-27,15:11:08,HOSE,STOCK,49.0,52.0,45.5,49.2,49.9,48.9,48.9,49.38,9.017,9.146,8.962,8.962,9.05,1520660.0,75088645000.0,0.0,0.0,-0.1,-0.0183,-0.2041
FPT,2015-11-26,15:11:08,HOSE,STOCK,50.0,52.0,45.6,49.8,50.0,49.0,49.0,49.49,9.127,9.164,8.981,8.981,9.071,746390.0,36939495000.0,0.0,0.0,-1.0,-0.1833,-2.0
FPT,2015-11-25,15:11:10,HOSE,STOCK,49.1,53.5,46.5,49.3,50.5,48.5,50.0,49.25,9.036,9.256,8.889,9.164,9.027,1309410.0,64483038000.0,0.0,0.0,0.9,0.165,1.833
FPT,2015-11-24,15:11:08,HOSE,STOCK,49.5,52.5,45.7,49.7,49.7,48.4,49.1,49.16,9.109,9.109,8.871,8.999,9.01,2817650.0,138518744000.0,0.0,0.0,-0.4,-0.0733,-0.8081
FPT,2015-11-23,15:11:19,HOSE,STOCK,51.0,52.5,46.1,51.0,51.5,49.5,49.5,50.54,9.347,9.439,9.072,9.072,9.263,2054830.0,103860220000.0,0.0,0.0,-1.5,-0.2749,-2.9412
FPT,2015-11-20,15:11:08,HOSE,STOCK,51.5,54.5,47.5,51.0,52.0,51.0,51.0,51.29,9.347,9.531,9.347,9.347,9.401,1196900.0,61391295000.0,0.0,0.0,-0.5,-0.0916,-0.9709
FPT,2015-11-19,15:11:08,HOSE,STOCK,52.0,55.0,47.9,52.0,53.0,51.5,51.5,51.86,9.531,9.714,9.439,9.439,9.505,1096120.0,56845610000.0,0.0,0.0,-0.5,-0.0916,-0.9615
FPT,2015-11-18,15:11:08,HOSE,STOCK,52.0,55.5,48.4,51.5,53.0,51.5,52.0,52.21,9.439,9.714,9.439,9.531,9.569,1366870.0,71370635000.0,0.0,0.0,0.0,0.0,0.0
FPT,2015-11-17,15:11:14,HOSE,STOCK,54.0,55.5,48.4,53.5,54.0,52.0,52.0,53.02,9.806,9.897,9.531,9.531,9.718,2136990.0,113311080000.0,0.0,0.0,-2.0,-0.3666,-3.7037
FPT,2015-11-16,15:11:08,HOSE,STOCK,54.5,57.5,50.5,54.0,55.0,53.0,54.0,54.2,9.897,10.08,9.714,9.897,9.934,2413900.0,130844270000.0,0.0,0.0,-0.5,-0.0916,-0.9174
FPT,2015-11-13,15:11:35,HOSE,STOCK,53.0,58.0,51.0,53.0,54.5,52.5,54.5,53.76,9.714,9.989,9.622,9.989,9.853,2759580.0,148352925000.0,0.0,0.0,1.5,0.2749,2.8302
FPT,2015-11-12,16:11:10,HOSE,STOCK,50.5,56.5,49.3,51.0,53.5,50.5,53.0,51.44,9.347,9.806,9.256,9.714,9.428,3514400.0,180763480000.0,0.0,0.0,2.5,0.4582,4.9505
FPT,2015-11-11,16:11:04,HOSE,STOCK,51.0,54.0,47.0,50.5,52.0,50.5,50.5,51.01,9.256,9.531,9.256,9.256,9.349,1790510.0,91335220000.0,0.0,0.0,-0.5,-0.0916,-0.9804
FPT,2015-11-10,15:11:07,HOSE,STOCK,51.5,54.5,47.5,51.5,52.0,50.5,51.0,51.02,9.439,9.531,9.256,9.347,9.351,2049910.0,104591335000.0,0.0,0.0,-0.5,-0.0916,-0.9709
FPT,2015-11-09,15:11:54,HOSE,STOCK,52.5,55.0,47.9,52.0,52.5,51.5,51.5,51.71,9.531,9.622,9.439,9.439,9.477,2035350.0,105245990000.0,0.0,0.0,-1.0,-0.1833,-1.9048
FPT,2015-11-06,15:11:08,HOSE,STOCK,53.5,56.0,48.9,53.5,54.5,52.0,52.5,53.29,9.806,9.989,9.531,9.622,9.767,3164790.0,168637415000.0,0.0,0.0,-1.0,-0.1833,-1.8692
FPT,2015-11-05,15:11:23,HOSE,STOCK,52.0,57.0,49.8,51.5,53.5,51.5,53.5,52.58,9.439,9.806,9.439,9.806,9.637,2727690.0,143416500000.0,0.0,0.0,1.5,0.2749,2.8846
FPT,2015-11-04,15:11:08,HOSE,STOCK,52.5,55.5,48.4,53.0,53.5,52.0,52.0,52.67,9.714,9.806,9.531,9.531,9.653,1772170.0,93340215000.0,0.0,0.0,-0.5,-0.0916,-0.9524
FPT,2015-11-03,15:11:09,HOSE,STOCK,49.5,56.0,48.9,50.0,52.5,49.9,52.5,51.01,9.164,9.622,9.146,9.622,9.349,3798850.0,193783305000.0,0.0,0.0,3.0,0.5498,6.0606
FPT,2015-11-02,15:11:09,HOSE,STOCK,49.3,52.5,46.1,49.4,51.0,49.3,49.5,49.99,9.054,9.347,9.036,9.072,9.162,2790190.0,139488799000.0,0.0,0.0,0.2,0.0367,0.4057
FPT,2015-10-30,15:10:09,HOSE,STOCK,49.3,52.5,45.9,49.4,49.5,48.9,49.3,49.14,9.054,9.072,8.962,9.036,9.006,982600.0,48289655000.0,0.0,0.0,0.0,0.0,0.0
FPT,2015-10-29,15:10:08,HOSE,STOCK,48.8,52.5,45.9,49.3,49.7,49.1,49.3,49.44,9.036,9.109,8.999,9.036,9.061,1846600.0,91301141000.0,0.0,0.0,0.5,0.0916,1.0246
FPT,2015-10-28,15:10:08,HOSE,STOCK,48.0,52.0,45.4,48.1,48.9,48.1,48.8,48.65,8.816,8.962,8.816,8.944,8.917,2673100.0,130041242000.0,0.0,0.0,0.8,0.1466,1.6667
FPT,2015-10-27,15:10:45,HOSE,STOCK,47.6,51.0,44.7,47.4,48.3,47.4,48.0,47.96,8.688,8.853,8.688,8.798,8.79,1345230.0,64514318000.0,0.0,0.0,0.4,0.0733,0.8403
FPT,2015-10-26,15:10:10,HOSE,STOCK,47.1,50.5,44.3,47.5,48.5,47.5,47.6,48.04,8.706,8.889,8.706,8.724,8.805,2631100.0,126386820000.0,0.0,0.0,0.5,0.0916,1.0616
FPT,2015-10-23,15:10:10,HOSE,STOCK,46.9,50.0,43.9,47.2,47.4,47.0,47.1,47.14,8.651,8.688,8.614,8.633,8.64,719680.0,33926846000.0,0.0,0.0,0.2,0.0367,0.4264
FPT,2015-10-22,15:10:08,HOSE,STOCK,47.0,50.0,43.7,46.8,47.1,46.8,46.9,46.96,8.578,8.633,8.578,8.596,8.607,473620.0,22241176000.0,0.0,0.0,-0.1,-0.0183,-0.2128
FPT,2015-10-21,15:10:08,HOSE,STOCK,47.3,50.0,43.8,47.6,47.6,47.0,47.0,47.22,8.724,8.724,8.614,8.614,8.655,703530.0,33218495000.0,0.0,0.0,-0.3,-0.055,-0.6342
FPT,2015-10-20,15:10:07,HOSE,STOCK,47.1,50.5,44.0,47.1,47.9,47.0,47.3,47.44,8.633,8.779,8.614,8.669,8.695,1968330.0,93377219000.0,0.0,0.0,0.2,0.0367,0.4246
FPT,2015-10-19,15:10:08,HOSE,STOCK,46.7,50.0,43.9,46.7,47.8,46.7,47.1,47.05,8.559,8.761,8.559,8.633,8.623,1396480.0,65703587000.0,0.0,0.0,0.4,0.0733,0.8565
FPT,2015-10-16,15:10:34,HOSE,STOCK,46.6,49.8,43.4,46.7,46.9,46.7,46.7,46.77,8.559,8.596,8.559,8.559,8.572,548620.0,25657366000.0,0.0,0.0,0.1,0.0183,0.2146
FPT,2015-10-15,15:10:02,HOSE,STOCK,46.7,49.8,43.4,46.9,46.9,46.5,46.6,46.74,8.596,8.596,8.523,8.541,8.567,426740.0,19946129000.0,0.0,0.0,-0.1,-0.0183,-0.2141
FPT,2015-10-14,15:10:02,HOSE,STOCK,45.5,48.6,42.4,47.0,47.9,46.6,46.7,47.17,8.614,8.779,8.541,8.559,8.645,3076790.0,145119551000.0,0.0,0.0,1.2,0.2199,2.6374
FPT,2015-10-13,15:10:02,HOSE,STOCK,45.8,48.6,42.4,45.8,45.8,45.4,45.5,45.51,8.394,8.394,8.321,8.339,8.341,298120.0,13567965000.0,0.0,0.0,-0.3,-0.055,-0.655
FPT,2015-10-12,15:10:03,HOSE,STOCK,45.8,49.0,42.6,45.7,45.9,45.7,45.8,45.8,8.376,8.413,8.376,8.394,8.394,414610.0,18988128000.0,0.0,0.0,0.0,0.0,0.0
FPT,2015-10-09,15:10:03,HOSE,STOCK,45.8,49.0,42.6,46.0,46.4,45.8,45.8,46.06,8.431,8.504,8.394,8.394,8.442,778950.0,35880172000.0,0.0,0.0,0.0,0.0,0.0
FPT,2015-10-08,15:10:03,HOSE,STOCK,45.2,49.0,42.6,45.2,45.8,45.2,45.8,45.67,8.284,8.394,8.284,8.394,8.37,331030.0,15119167000.0,0.0,0.0,0.6,0.11,1.3274
FPT,2015-10-07,15:10:02,HOSE,STOCK,46.0,48.3,42.1,46.2,46.2,45.0,45.2,45.59,8.468,8.468,8.248,8.284,8.356,337650.0,15394048000.0,0.0,0.0,-0.8,-0.1466,-1.7391
FPT,2015-10-06,15:10:03,HOSE,STOCK,45.0,49.2,42.8,45.6,46.2,45.4,46.0,45.87,8.358,8.468,8.321,8.431,8.407,923920.0,42380641000.0,0.0,0.0,1.0,0.1833,2.2222
FPT,2015-10-05,15:10:02,HOSE,STOCK,44.6,48.1,41.9,44.7,45.1,44.6,45.0,44.91,8.193,8.266,8.174,8.248,8.231,382440.0,17176314000.0,0.0,0.0,0.4,0.0733,0.8969
FPT,2015-10-02,15:10:03,HOSE,STOCK,44.6,47.7,41.5,44.6,44.8,44.5,44.6,44.67,8.174,8.211,8.156,8.174,8.187,181780.0,8120453000.0,0.0,0.0,0.0,0.0,0.0
FPT,2015-10-01,15:10:03,HOSE,STOCK,44.5,47.7,41.5,44.5,44.7,44.4,44.6,44.52,8.156,8.193,8.138,8.174,8.16,179470.0,7989754000.0,0.0,0.0,0.1,0.0183,0.2247
FPT,2015-09-30,15:09:03,HOSE,STOCK,44.5,47.6,41.4,44.8,44.8,44.3,44.5,44.47,8.211,8.211,8.119,8.156,8.151,159670.0,7099773000.0,0.0,0.0,0.0,0.0,0.0
FPT,2015-09-29,15:09:02,HOSE,STOCK,44.5,47.6,41.4,44.5,44.5,44.3,44.5,44.41,8.156,8.156,8.119,8.156,8.14,260100.0,11550268000.0,0.0,0.0,0.0,0.0,0.0
FPT,2015-09-28,15:09:02,HOSE,STOCK,44.9,47.6,41.4,44.9,45.0,44.5,44.5,44.67,8.229,8.248,8.156,8.156,8.187,267580.0,11952457000.0,0.0,0.0,-0.4,-0.0733,-0.8909
FPT,2015-09-25,15:09:03,HOSE,STOCK,45.1,48.0,41.8,45.2,45.2,44.8,44.9,44.88,8.284,8.284,8.211,8.229,8.226,259280.0,11637201000.0,0.0,0.0,-0.2,-0.0367,-0.4435
FPT,2015-09-24,15:09:02,HOSE,STOCK,44.9,48.2,42.0,44.8,45.3,44.8,45.1,45.1,8.211,8.303,8.211,8.266,8.266,287470.0,12964630000.0,0.0,0.0,0.2,0.0367,0.4454
FPT,2015-09-23,15:09:03,HOSE,STOCK,45.2,48.0,41.8,45.1,45.4,44.9,44.9,45.03,8.266,8.321,8.229,8.229,8.253,447860.0,20165086000.0,0.0,0.0,-0.3,-0.055,-0.6637
FPT,2015-09-22,15:09:03,HOSE,STOCK,45.5,48.3,42.1,45.5,45.6,45.1,45.2,45.31,8.339,8.358,8.266,8.284,8.304,289410.0,13112529000.0,0.0,0.0,-0.3,-0.055,-0.6593
FPT,2015-09-21,15:09:02,HOSE,STOCK,44.6,48.6,42.4,44.5,45.5,44.5,45.5,45.18,8.156,8.339,8.156,8.339,8.281,548700.0,24787537000.0,0.0,0.0,0.9,0.1649,2.0179
FPT,2015-09-18,15:09:03,HOSE,STOCK,43.8,47.7,41.5,44.6,44.9,44.1,44.6,44.54,8.174,8.229,8.083,8.174,8.163,743610.0,33120687000.0,0.0,0.0,0.8,0.1466,1.8265
FPT,2015-09-17,15:09:03,HOSE,STOCK,43.7,46.8,40.8,43.7,44.0,43.7,43.8,43.94,8.009,8.064,8.009,8.028,8.053,121980.0,5359454000.0,0.0,0.0,0.1,0.0183,0.2288
FPT,2015-09-16,15:09:02,HOSE,STOCK,43.7,46.7,40.7,43.7,43.9,43.6,43.7,43.71,8.009,8.046,7.991,8.009,8.011,123720.0,5408330000.0,0.0,0.0,0.0,0.0,0.0
FPT,2015-09-15,15:09:03,HOSE,STOCK,43.7,46.7,40.7,43.6,43.9,43.5,43.7,43.65,7.991,8.046,7.973,8.009,8.0,91140.0,3978394000.0,0.0,0.0,0.0,0.0,0.0
FPT,2015-09-14,15:09:03,HOSE,STOCK,44.0,46.7,40.7,44.0,44.0,43.7,43.7,43.83,8.064,8.064,8.009,8.009,8.033,213260.0,9347412000.0,0.0,0.0,-0.3,-0.055,-0.6818
FPT,2015-09-11,15:09:02,HOSE,STOCK,44.2,47.0,41.0,44.4,44.4,44.0,44.0,44.15,8.138,8.138,8.064,8.064,8.092,178370.0,7875175000.0,0.0,0.0,-0.2,-0.0367,-0.4525
FPT,2015-09-10,15:09:02,HOSE,STOCK,44.1,47.2,41.2,44.1,44.2,43.9,44.2,44.04,8.083,8.101,8.046,8.101,8.072,228830.0,10077228000.0,0.0,0.0,0.1,0.0183,0.2268
FPT,2015-09-09,15:09:02,HOSE,STOCK,43.9,47.1,41.1,44.3,44.4,44.1,44.1,44.24,8.119,8.138,8.083,8.083,8.108,351700.0,15558837000.0,0.0,0.0,0.2,0.0367,0.4556
FPT,2015-09-08,15:09:02,HOSE,STOCK,43.6,46.9,40.9,43.5,44.1,43.5,43.9,43.89,7.973,8.083,7.973,8.046,8.044,195100.0,8562957000.0,0.0,0.0,0.3,0.055,0.6881
FPT,2015-09-07,15:09:02,HOSE,STOCK,43.8,46.6,40.6,44.0,44.0,43.4,43.6,43.67,8.064,8.064,7.954,7.991,8.004,143530.0,6267412000.0,0.0,0.0,-0.2,-0.0367,-0.4566
FPT,2015-09-04,15:09:02,HOSE,STOCK,43.7,46.8,40.8,43.7,44.1,43.6,43.8,43.77,8.009,8.083,7.991,8.028,8.022,200160.0,8760018000.0,0.0,0.0,0.1,0.0183,0.2288
FPT,2015-09-03,15:09:03,HOSE,STOCK,44.1,46.7,40.7,43.9,44.1,43.7,43.7,43.87,8.046,8.083,8.009,8.009,8.041,361300.0,15849646000.0,0.0,0.0,-0.4,-0.0733,-0.907
FPT,2015-09-01,15:09:03,HOSE,STOCK,44.2,47.1,41.1,44.4,44.4,43.9,44.1,44.15,8.138,8.138,8.046,8.083,8.092,319590.0,14110695000.0,0.0,0.0,-0.1,-0.0183,-0.2262
FPT,2015-08-31,15:08:03,HOSE,STOCK,44.7,47.2,41.2,44.5,44.8,44.1,44.2,44.46,8.156,8.211,8.083,8.101,8.149,383640.0,17057666000.0,0.0,0.0,-0.5,-0.0916,-1.1186
FPT,2015-08-28,15:08:03,HOSE,STOCK,44.3,47.8,41.6,44.6,44.8,44.3,44.7,44.53,8.174,8.211,8.119,8.193,8.162,883560.0,39344082000.0,0.0,0.0,0.4,0.0733,0.9029
FPT,2015-08-27,15:08:03,HOSE,STOCK,44.1,47.4,41.2,44.1,44.6,44.0,44.3,44.3,8.083,8.174,8.064,8.119,8.119,701980.0,31095508000.0,0.0,0.0,0.2,0.0367,0.4535
FPT,2015-08-26,15:08:03,HOSE,STOCK,42.9,47.1,41.1,43.0,44.5,43.0,44.1,43.8,7.881,8.156,7.881,8.083,8.028,960660.0,42072758000.0,0.0,0.0,1.2,0.2199,2.7972
FPT,2015-08-25,15:08:03,HOSE,STOCK,42.4,45.9,39.9,42.0,43.5,42.0,42.9,42.73,7.698,7.973,7.698,7.863,7.832,1302560.0,55653859000.0,0.0,0.0,0.5,0.0916,1.1792
FPT,2015-08-24,15:08:03,HOSE,STOCK,45.2,45.3,39.5,44.4,44.6,42.3,42.4,43.34,8.138,8.174,7.753,7.771,7.943,2107920.0,91356232000.0,0.0,0.0,-2.8,-0.5132,-6.1947
FPT,2015-08-21,15:08:02,HOSE,STOCK,45.5,48.3,42.1,45.1,45.2,44.0,45.2,44.71,8.266,8.284,8.064,8.284,8.195,1184950.0,52980248000.0,0.0,0.0,-0.3,-0.055,-0.6593
FPT,2015-08-20,15:08:02,HOSE,STOCK,46.1,48.6,42.4,46.2,46.2,45.4,45.5,45.76,8.468,8.468,8.321,8.339,8.387,384210.0,17579569000.0,0.0,0.0,-0.6,-0.11,-1.3015
FPT,2015-08-19,15:08:03,HOSE,STOCK,46.6,49.3,42.9,45.9,46.5,45.5,46.1,45.89,8.413,8.523,8.339,8.449,8.411,860750.0,39500962000.0,0.0,0.0,-0.5,-0.0916,-1.073
FPT,2015-08-18,15:08:03,HOSE,STOCK,46.2,48.7,42.5,46.2,46.7,46.0,46.6,46.37,8.286,8.375,8.25,8.357,8.316,751710.0,34854407000.0,0.0,0.0,0.4,0.0717,0.8658
FPT,2015-08-17,15:08:02,HOSE,STOCK,46.8,49.4,43.0,46.8,47.1,46.0,46.2,46.52,8.393,8.447,8.25,8.286,8.343,816140.0,37965965000.0,0.0,0.0,-0.6,-0.1076,-1.2821
FPT,2015-08-14,15:08:03,HOSE,STOCK,47.0,50.0,43.8,46.9,47.3,46.5,46.8,46.79,8.411,8.483,8.339,8.393,8.391,702440.0,32869043000.0,0.0,0.0,-0.2,-0.0359,-0.4255
FPT,2015-08-13,15:08:02,HOSE,STOCK,47.6,50.0,43.8,47.6,47.6,46.8,47.0,47.21,8.537,8.537,8.393,8.429,8.467,1573130.0,74268534000.0,0.0,0.0,-0.6,-0.1076,-1.2605
FPT,2015-08-12,15:08:02,HOSE,STOCK,48.3,50.5,44.3,48.0,48.0,47.3,47.6,47.65,8.608,8.608,8.483,8.537,8.546,1257050.0,59903374000.0,0.0,0.0,-0.7,-0.1255,-1.4493
FPT,2015-08-11,15:08:03,HOSE,STOCK,48.5,51.5,45.2,48.5,49.0,48.0,48.3,48.5,8.698,8.788,8.608,8.662,8.698,861370.0,41773857000.0,0.0,0.0,-0.2,-0.0359,-0.4124
FPT,2015-08-10,15:08:03,HOSE,STOCK,47.3,51.5,45.2,47.5,48.5,47.5,48.5,48.17,8.519,8.698,8.519,8.698,8.639,1180730.0,56879772000.0,0.0,0.0,1.2,0.2152,2.537
FPT,2015-08-07,15:08:02,HOSE,STOCK,46.8,50.5,44.0,47.0,47.5,46.7,47.3,47.25,8.429,8.519,8.375,8.483,8.474,546600.0,25824128000.0,0.0,0.0,0.5,0.0897,1.0684
FPT,2015-08-06,15:08:02,HOSE,STOCK,47.4,50.0,43.6,47.4,47.6,46.8,46.8,47.05,8.501,8.537,8.393,8.393,8.438,561120.0,26400730000.0,0.0,0.0,-0.6,-0.1076,-1.2658
FPT,2015-08-05,15:08:03,HOSE,STOCK,47.0,50.5,44.1,47.2,47.4,46.9,47.4,47.1,8.465,8.501,8.411,8.501,8.447,312920.0,14738624000.0,0.0,0.0,0.4,0.0717,0.8511
FPT,2015-08-04,15:08:02,HOSE,STOCK,46.5,50.0,43.8,46.9,47.4,46.6,47.0,46.98,8.411,8.501,8.357,8.429,8.425,526180.0,24721709000.0,0.0,0.0,0.5,0.0897,1.0753
FPT,2015-08-03,15:08:02,HOSE,STOCK,47.3,49.7,43.3,47.0,47.0,46.4,46.5,46.72,8.429,8.429,8.321,8.339,8.379,1136670.0,53104133000.0,0.0,0.0,-0.8,-0.1435,-1.6913
FPT,2015-07-31,15:07:03,HOSE,STOCK,47.3,50.5,44.0,47.7,47.8,47.3,47.3,47.52,8.555,8.573,8.483,8.483,8.522,541330.0,25726135000.0,0.0,0.0,0.0,0.0,0.0
FPT,2015-07-30,15:07:02,HOSE,STOCK,47.9,50.5,44.0,47.9,48.0,47.3,47.3,47.52,8.59,8.608,8.483,8.483,8.522,938320.0,44588031000.0,0.0,0.0,-0.6,-0.1076,-1.2526
FPT,2015-07-29,15:07:03,HOSE,STOCK,48.2,51.0,44.6,48.2,48.7,47.7,47.9,48.22,8.644,8.734,8.555,8.59,8.648,1119080.0,53961600000.0,0.0,0.0,-0.3,-0.0538,-0.6224
FPT,2015-07-28,15:07:03,HOSE,STOCK,49.0,51.5,44.9,49.0,49.0,48.2,48.2,48.62,8.788,8.788,8.644,8.644,8.72,634450.0,30844830000.0,0.0,0.0,-0.8,-0.1435,-1.6327
FPT,2015-07-27,15:07:02,HOSE,STOCK,47.6,52.0,45.6,47.9,49.5,47.8,49.0,48.92,8.59,8.877,8.573,8.788,8.773,1865720.0,91263888000.0,0.0,0.0,1.4,0.2511,2.9412
FPT,2015-07-24,15:07:03,HOSE,STOCK,47.0,50.5,44.3,47.2,47.8,47.2,47.6,47.52,8.465,8.573,8.465,8.537,8.522,1217830.0,57867337000.0,0.0,0.0,0.6,0.1076,1.2766
FPT,2015-07-23,15:07:03,HOSE,STOCK,46.5,50.0,43.8,46.4,47.9,46.4,47.0,47.3,8.321,8.59,8.321,8.429,8.483,2140450.0,101234159000.0,0.0,0.0,0.5,0.0897,1.0753
FPT,2015-07-22,15:07:03,HOSE,STOCK,45.6,49.7,43.3,45.6,46.5,45.5,46.5,46.04,8.178,8.339,8.16,8.339,8.257,455030.0,20950463000.0,0.0,0.0,0.9,0.1614,1.9737
FPT,2015-07-21,15:07:02,HOSE,STOCK,46.2,48.7,42.5,46.0,46.1,45.4,45.6,45.8,8.25,8.268,8.142,8.178,8.214,876450.0,40138582000.0,0.0,0.0,-0.6,-0.1076,-1.2987
FPT,2015-07-20,15:07:02,HOSE,STOCK,46.4,49.4,43.0,46.4,46.4,45.9,46.2,46.01,8.321,8.321,8.232,8.286,8.251,419830.0,19316909000.0,0.0,0.0,-0.2,-0.0359,-0.431
FPT,2015-07-17,15:07:02,HOSE,STOCK,46.4,49.6,43.2,46.3,46.9,46.2,46.4,46.45,8.303,8.411,8.286,8.321,8.33,315540.0,14655783000.0,0.0,0.0,0.0,0.0,0.0
FPT,2015-07-16,15:07:02,HOSE,STOCK,46.4,49.6,43.2,46.2,46.4,45.8,46.4,46.11,8.286,8.321,8.214,8.321,8.269,611060.0,28177091000.0,0.0,0.0,0.0,0.0,0.0
FPT,2015-07-15,15:07:02,HOSE,STOCK,46.9,49.6,43.2,47.0,47.0,46.4,46.4,46.57,8.429,8.429,8.321,8.321,8.352,654910.0,30499989000.0,0.0,0.0,-0.5,-0.0897,-1.0661
FPT,2015-07-14,15:07:03,HOSE,STOCK,46.9,50.0,43.7,46.9,47.2,46.6,46.9,46.85,8.411,8.465,8.357,8.411,8.402,395670.0,18537799000.0,0.0,0.0,0.0,0.0,0.0
FPT,2015-07-13,00:07:00,HOSE,STOCK,46.6,49.8,43.4,46.6,47.5,46.5,46.9,46.9,8.357,8.519,8.339,8.411,8.411,1509580.0,70047972000.0,0.0,0.0,0.3,0.0538,0.6438
FPT,2015-07-10,15:07:03,HOSE,STOCK,46.7,49.8,43.4,46.7,47.0,46.4,46.6,46.6,8.375,8.429,8.321,8.357,8.357,835670.0,38944373000.0,0.0,0.0,-0.1,-0.0179,-0.2141
FPT,2015-07-09,15:07:03,HOSE,STOCK,46.7,49.9,43.5,46.5,46.9,46.2,46.7,46.54,8.339,8.411,8.286,8.375,8.347,999820.0,46527272000.0,0.0,0.0,0.0,0.0,0.0
FPT,2015-07-08,15:07:03,HOSE,STOCK,47.6,50.5,44.3,47.6,47.8,46.6,46.7,47.07,8.537,8.573,8.357,8.375,8.442,1420160.0,66842557000.0,0.0,0.0,-0.9,-0.1614,-1.8908
FPT,2015-07-07,15:07:02,HOSE,STOCK,47.5,50.5,44.3,47.4,48.4,47.2,47.6,47.86,8.501,8.68,8.465,8.537,8.583,1132850.0,54216132000.0,0.0,0.0,0.1,0.0179,0.2105
FPT,2015-07-06,15:07:03,HOSE,STOCK,47.0,50.5,44.2,47.1,47.5,47.0,47.5,47.32,8.447,8.519,8.429,8.519,8.486,979490.0,46353993000.0,0.0,0.0,0.5,0.0897,1.0638
FPT,2015-07-03,15:07:02,HOSE,STOCK,47.2,50.0,43.8,47.4,47.4,46.9,47.0,47.13,8.501,8.501,8.411,8.429,8.452,758500.0,35751508000.0,0.0,0.0,-0.2,-0.0359,-0.4237
FPT,2015-07-02,15:07:04,HOSE,STOCK,46.8,50.5,43.9,46.7,47.4,46.6,47.2,47.18,8.375,8.501,8.357,8.465,8.461,1090220.0,51434552000.0,0.0,0.0,0.4,0.0717,0.8547
FPT,2015-07-01,15:07:03,HOSE,STOCK,46.4,50.0,43.6,46.4,47.1,46.1,46.8,46.51,8.321,8.447,8.268,8.393,8.341,737610.0,34305321000.0,0.0,0.0,0.4,0.0717,0.8621
FPT,2015-06-30,15:06:02,HOSE,STOCK,46.8,49.6,43.2,46.3,46.7,46.3,46.4,46.45,8.303,8.375,8.303,8.321,8.33,1048220.0,48686745000.0,0.0,0.0,-0.4,-0.0717,-0.8547
FPT,2015-06-29,15:06:02,HOSE,STOCK,46.3,50.0,43.6,46.8,47.7,46.5,46.8,47.14,8.393,8.555,8.339,8.393,8.454,935540.0,44105923000.0,0.0,0.0,0.5,0.0897,1.0799
FPT,2015-06-26,15:06:03,HOSE,STOCK,45.0,49.5,43.1,45.1,47.9,45.1,46.3,46.93,8.088,8.59,8.088,8.303,8.416,4210260.0,197604764000.0,0.0,0.0,1.3,0.2331,2.8889
FPT,2015-06-25,15:06:03,HOSE,STOCK,45.2,48.1,41.9,45.1,45.2,45.0,45.0,45.08,8.088,8.106,8.07,8.07,8.085,585020.0,26371509000.0,0.0,0.0,-0.2,-0.0359,-0.4425
FPT,2015-06-24,15:06:02,HOSE,STOCK,45.5,48.6,42.4,45.6,45.6,45.2,45.2,45.32,8.178,8.178,8.106,8.106,8.128,356850.0,16171872000.0,0.0,0.0,-0.3,-0.0538,-0.6593
FPT,2015-06-23,15:06:03,HOSE,STOCK,45.6,48.6,42.4,45.6,45.7,45.4,45.5,45.57,8.178,8.196,8.142,8.16,8.173,623750.0,28426302000.0,0.0,0.0,-0.1,-0.0179,-0.2193
FPT,2015-06-22,15:06:03,HOSE,STOCK,44.8,48.7,42.5,45.0,45.8,44.9,45.6,45.33,8.07,8.214,8.052,8.178,8.13,1273750.0,57733960000.0,0.0,0.0,0.8,0.1435,1.7857
FPT,2015-06-19,15:06:02,HOSE,STOCK,44.5,47.9,41.7,44.5,45.1,44.5,44.8,44.85,7.981,8.088,7.981,8.034,8.043,524770.0,23534770000.0,0.0,0.0,0.3,0.0538,0.6742
FPT,2015-06-18,15:06:03,HOSE,STOCK,44.4,47.5,41.3,44.4,45.0,44.4,44.5,44.6,7.963,8.07,7.963,7.981,7.999,324300.0,14463961000.0,0.0,0.0,0.1,0.0179,0.2252
FPT,2015-06-17,15:06:03,HOSE,STOCK,44.5,47.5,41.3,44.4,44.6,44.3,44.4,44.39,7.963,7.999,7.945,7.963,7.961,483360.0,21454867000.0,0.0,0.0,-0.1,-0.0179,-0.2247
FPT,2015-06-16,15:06:03,HOSE,STOCK,45.0,47.6,41.4,45.0,45.2,44.5,44.5,44.71,8.07,8.106,7.981,7.981,8.018,479370.0,21431102000.0,0.0,0.0,-0.5,-0.0897,-1.1111
FPT,2015-06-15,15:06:06,HOSE,STOCK,45.1,48.1,41.9,45.4,45.4,44.8,45.0,45.04,8.142,8.142,8.034,8.07,8.078,341650.0,15388411000.0,0.0,0.0,-0.1,-0.0179,-0.2217
FPT,2015-06-12,15:06:02,HOSE,STOCK,44.8,48.2,42.0,44.9,45.3,44.9,45.1,45.12,8.052,8.124,8.052,8.088,8.092,753350.0,33990562000.0,0.0,0.0,0.3,0.0538,0.6696
FPT,2015-06-11,15:06:02,HOSE,STOCK,44.6,47.9,41.7,44.6,44.9,44.6,44.8,44.74,7.999,8.052,7.999,8.034,8.024,420000.0,18789255000.0,0.0,0.0,0.2,0.0359,0.4484
FPT,2015-06-10,15:06:02,HOSE,STOCK,44.3,47.7,41.5,44.3,44.7,44.1,44.6,44.45,7.945,8.017,7.909,7.999,7.972,249790.0,11104082000.0,0.0,0.0,0.3,0.0538,0.6772
FPT,2015-06-09,15:06:02,HOSE,STOCK,44.3,47.4,41.2,44.2,45.2,44.2,44.3,44.55,7.927,8.106,7.927,7.945,7.99,618760.0,27565285000.0,0.0,0.0,0.0,0.0,0.0
FPT,2015-06-08,15:06:03,HOSE,STOCK,44.8,47.4,41.2,45.0,45.1,44.3,44.3,44.73,8.07,8.088,7.945,7.945,8.022,698960.0,31264097000.0,0.0,0.0,-0.5,-0.0897,-1.1161
FPT,2015-06-05,15:06:18,HOSE,STOCK,44.4,47.9,41.7,44.5,44.9,44.2,44.8,44.53,7.981,8.052,7.927,8.034,7.986,578380.0,25757799000.0,0.0,0.0,0.4,0.0717,0.9009
FPT,2015-06-04,16:06:21,HOSE,STOCK,44.2,47.2,41.2,44.2,44.5,44.2,44.4,44.38,7.927,7.981,7.927,7.963,7.959,224510.0,9963811000.0,0.0,0.0,0.2,0.0359,0.4525
FPT,2015-06-03,16:06:29,HOSE,STOCK,43.7,47.2,41.2,43.7,44.8,43.6,44.2,44.15,7.837,8.034,7.819,7.927,7.918,638440.0,28189065000.0,0.0,0.0,0.5,0.0897,1.1442
FPT,2015-06-02,15:06:17,HOSE,STOCK,44.3,46.7,40.7,44.3,44.3,43.7,43.7,43.94,7.945,7.945,7.837,7.837,7.88,790020.0,34711124000.0,0.0,0.0,-0.6,-0.1076,-1.3544
FPT,2015-06-01,16:06:11,HOSE,STOCK,45.0,47.4,41.2,44.9,44.9,44.3,44.3,44.5,8.052,8.052,7.945,7.945,7.981,747720.0,33275726000.0,0.0,0.0,-0.7,-0.1255,-1.5556
FPT,2015-05-29,15:05:11,HOSE,STOCK,45.4,48.1,41.9,45.5,45.5,44.9,45.0,45.08,8.16,8.16,8.052,8.07,8.085,357830.0,16130966000.0,0.0,0.0,-0.4,-0.0717,-0.8811
FPT,2015-05-28,15:05:23,HOSE,STOCK,52.5,48.5,42.3,45.5,45.9,45.1,45.4,45.49,8.16,8.232,8.088,8.142,8.158,1158400.0,52693816000.0,0.0,0.0,-7.1,-1.2733,-13.5238
FPT,2015-05-27,15:05:15,HOSE,STOCK,53.0,47.9,41.7,53.0,53.5,52.0,52.5,52.61,8.108,8.184,7.955,8.031,8.048,1216710.0,64014605000.0,0.0,0.0,-0.5,-0.0765,-0.9434
FPT,2015-05-26,15:05:15,HOSE,STOCK,54.0,56.5,49.3,53.5,54.0,53.0,53.0,53.23,8.184,8.261,8.108,8.108,8.143,953640.0,50765295000.0,0.0,0.0,-1.0,-0.153,-1.8519
FPT,2015-05-25,16:05:10,HOSE,STOCK,52.0,57.5,50.5,52.0,54.0,52.0,54.0,53.16,7.955,8.261,7.955,8.261,8.132,1194140.0,63476440000.0,0.0,0.0,2.0,0.306,3.8462
FPT,2015-05-22,15:05:09,HOSE,STOCK,52.5,55.5,48.4,52.5,53.0,52.0,52.0,52.42,8.031,8.108,7.955,7.955,8.019,639970.0,33546605000.0,0.0,0.0,-0.5,-0.0765,-0.9524
FPT,2015-05-21,15:05:13,HOSE,STOCK,51.0,56.0,48.9,51.0,53.0,50.5,52.5,51.91,7.802,8.108,7.725,8.031,7.941,1966840.0,102092500000.0,0.0,0.0,1.5,0.2295,2.9412
FPT,2015-05-20,15:05:11,HOSE,STOCK,49.2,54.5,47.5,49.6,51.0,49.5,51.0,50.55,7.588,7.802,7.572,7.802,7.733,1067870.0,53976195000.0,0.0,0.0,1.8,0.2754,3.6585
FPT,2015-05-19,15:05:10,HOSE,STOCK,48.8,52.5,45.8,48.7,49.2,48.7,49.2,48.96,7.45,7.527,7.45,7.527,7.49,261290.0,12793732000.0,0.0,0.0,0.4,0.0612,0.8197
FPT,2015-05-18,16:05:09,HOSE,STOCK,49.1,52.0,45.4,49.0,49.2,48.8,48.8,48.92,7.496,7.527,7.465,7.465,7.484,493240.0,24128615000.0,0.0,0.0,-0.3,-0.0459,-0.611
FPT,2015-05-15,15:05:09,HOSE,STOCK,49.3,52.5,45.7,49.4,49.6,49.1,49.1,49.29,7.557,7.588,7.511,7.511,7.54,222770.0,10979778000.0,0.0,0.0,-0.2,-0.0306,-0.4057
FPT,2015-05-14,15:05:10,HOSE,STOCK,49.2,52.5,45.9,49.0,49.6,49.0,49.3,49.26,7.496,7.588,7.496,7.542,7.536,284980.0,14038395000.0,0.0,0.0,0.1,0.0153,0.2033
FPT,2015-05-13,16:05:43,HOSE,STOCK,49.2,52.5,45.8,49.2,49.3,48.7,49.2,49.04,7.527,7.542,7.45,7.527,7.502,471350.0,23115983000.0,0.0,0.0,0.0,0.0,0.0
FPT,2015-05-12,15:05:13,HOSE,STOCK,49.7,52.5,45.8,49.7,49.7,49.2,49.2,49.44,7.603,7.603,7.527,7.527,7.563,253240.0,12518968000.0,0.0,0.0,-0.5,-0.0765,-1.006
FPT,2015-05-11,15:05:11,HOSE,STOCK,49.9,53.0,46.3,50.0,50.0,49.6,49.7,49.79,7.649,7.649,7.588,7.603,7.617,229310.0,11417606000.0,0.0,0.0,-0.2,-0.0306,-0.4008
FPT,2015-05-08,15:05:18,HOSE,STOCK,49.9,53.0,46.5,49.9,50.5,49.9,49.9,49.97,7.634,7.725,7.634,7.634,7.644,241080.0,12047166000.0,0.0,0.0,0.0,0.0,0.0
FPT,2015-05-07,16:05:08,HOSE,STOCK,49.6,53.0,46.5,49.8,50.5,49.6,49.9,49.92,7.618,7.725,7.588,7.634,7.637,263570.0,13156812000.0,0.0,0.0,0.3,0.0459,0.6048
FPT,2015-05-06,15:05:14,HOSE,STOCK,50.0,53.0,46.2,50.0,50.5,49.6,49.6,49.8,7.649,7.725,7.588,7.588,7.618,406590.0,20246746000.0,0.0,0.0,-0.4,-0.0612,-0.8
FPT,2015-05-05,15:05:12,HOSE,STOCK,49.4,53.5,46.5,49.4,50.5,49.2,50.0,49.69,7.557,7.725,7.527,7.649,7.601,444430.0,22083318000.0,0.0,0.0,0.6,0.0918,1.2146
FPT,2015-05-04,15:05:15,HOSE,STOCK,51.5,55.0,47.9,51.5,52.0,49.0,49.4,50.31,7.878,7.955,7.496,7.557,7.696,818280.0,41168057000.0,0.0,0.0,-2.1,-0.3212,-4.0777
FPT,2015-04-27,15:04:13,HOSE,STOCK,51.5,55.0,47.9,51.5,52.5,51.0,51.5,51.58,7.878,8.031,7.802,7.878,7.891,636760.0,32841365000.0,0.0,0.0,0.0,0.0,0.0
FPT,2015-04-24,15:04:24,HOSE,STOCK,50.5,54.0,47.0,50.5,51.0,50.0,50.5,50.49,7.725,7.802,7.649,7.725,7.724,268410.0,13552820000.0,0.0,0.0,0.0,0.0,0.0
FPT,2015-04-23,15:04:10,HOSE,STOCK,50.0,54.0,47.0,50.5,51.0,49.8,50.5,50.21,7.725,7.802,7.618,7.725,7.681,641410.0,32203761000.0,0.0,0.0,0.5,0.0765,1.0
FPT,2015-04-22,15:04:12,HOSE,STOCK,50.0,53.5,46.5,50.0,51.0,50.0,50.0,50.35,7.649,7.802,7.649,7.649,7.702,539100.0,27141675000.0,0.0,0.0,0.0,0.0,0.0
FPT,2015-04-21,15:04:12,HOSE,STOCK,50.5,53.5,46.5,50.5,51.0,50.0,50.0,50.43,7.725,7.802,7.649,7.649,7.715,263970.0,13312125000.0,0.0,0.0,-0.5,-0.0765,-0.9901
FPT,2015-04-20,15:04:14,HOSE,STOCK,51.0,54.0,47.0,51.0,51.0,49.9,50.5,50.32,7.802,7.802,7.634,7.725,7.698,358680.0,18047977000.0,0.0,0.0,-0.5,-0.0765,-0.9804
FPT,2015-04-17,15:04:26,HOSE,STOCK,48.8,52.0,45.4,48.9,51.5,48.9,51.0,50.55,7.481,7.878,7.481,7.802,7.733,1497670.0,75705114000.0,0.0,0.0,2.2,0.3366,4.5082
FPT,2015-04-16,15:04:16,HOSE,STOCK,48.9,52.0,45.4,48.9,49.2,48.7,48.8,48.94,7.481,7.527,7.45,7.465,7.487,152830.0,7479778000.0,0.0,0.0,-0.1,-0.0153,-0.2045
FPT,2015-04-15,15:04:17,HOSE,STOCK,48.7,52.0,45.5,48.9,49.0,48.5,48.9,48.69,7.481,7.496,7.419,7.481,7.448,223010.0,10858115000.0,0.0,0.0,0.2,0.0306,0.4107
FPT,2015-04-14,15:04:13,HOSE,STOCK,49.2,52.0,45.3,49.2,49.2,48.7,48.7,49.0,7.527,7.527,7.45,7.45,7.496,224290.0,10990538000.0,0.0,0.0,-0.5,-0.0765,-1.0163
FPT,2015-04-13,15:04:09,HOSE,STOCK,49.2,52.5,45.8,49.2,49.4,49.1,49.2,49.25,7.527,7.557,7.511,7.527,7.534,164060.0,8079726000.0,0.0,0.0,0.0,0.0,0.0
FPT,2015-04-10,15:04:05,HOSE,STOCK,48.9,52.5,45.8,48.9,49.4,48.8,49.2,49.04,7.481,7.557,7.465,7.527,7.502,345170.0,16927624000.0,0.0,0.0,0.3,0.0459,0.6135
FPT,2015-04-09,15:04:26,HOSE,STOCK,48.9,52.0,45.5,48.9,49.0,48.5,48.9,48.88,7.481,7.496,7.419,7.481,7.478,258950.0,12656238000.0,0.0,0.0,0.0,0.0,0.0
FPT,2015-04-08,15:04:14,HOSE,STOCK,48.9,52.0,45.5,49.0,49.1,48.8,48.9,48.94,7.496,7.511,7.465,7.481,7.487,162560.0,7956044000.0,0.0,0.0,0.0,0.0,0.0
FPT,2015-04-07,15:04:10,HOSE,STOCK,48.5,52.0,45.5,48.4,49.0,48.4,48.9,48.7,7.404,7.496,7.404,7.481,7.45,150220.0,7315072000.0,0.0,0.0,0.4,0.0612,0.8247
FPT,2015-04-06,15:04:09,HOSE,STOCK,48.8,51.5,45.2,48.8,49.1,48.5,48.5,48.77,7.465,7.511,7.419,7.419,7.461,168170.0,8201851000.0,0.0,0.0,-0.3,-0.0459,-0.6148
FPT,2015-04-03,15:04:10,HOSE,STOCK,48.1,52.0,45.4,48.5,48.8,48.1,48.8,48.41,7.419,7.465,7.358,7.465,7.406,116640.0,5646901000.0,0.0,0.0,0.7,0.1071,1.4553
FPT,2015-04-02,15:04:14,HOSE,STOCK,47.7,51.0,44.8,47.8,48.5,47.7,48.1,47.9,7.312,7.419,7.297,7.358,7.328,168030.0,8048402000.0,0.0,0.0,0.4,0.0612,0.8386
FPT,2015-04-01,15:04:12,HOSE,STOCK,48.4,51.0,44.4,48.7,48.7,47.7,47.7,48.07,7.45,7.45,7.297,7.297,7.354,270910.0,13023134000.0,0.0,0.0,-0.7,-0.1071,-1.4463
FPT,2015-03-31,16:03:18,HOSE,STOCK,48.4,51.5,45.1,48.4,48.7,48.4,48.4,48.51,7.404,7.45,7.404,7.404,7.421,233260.0,11314813000.0,0.0,0.0,0.0,0.0,0.0
FPT,2015-03-30,15:03:14,HOSE,STOCK,49.2,51.5,45.1,49.4,49.4,48.4,48.4,48.92,7.557,7.557,7.404,7.404,7.484,413070.0,20205873000.0,0.0,0.0,-0.8,-0.1224,-1.626
FPT,2015-03-27,15:03:09,HOSE,STOCK,49.3,52.5,45.8,49.6,49.6,49.2,49.2,49.36,7.588,7.588,7.527,7.527,7.551,226880.0,11199416000.0,0.0,0.0,-0.1,-0.0153,-0.2028
FPT,2015-03-26,15:03:22,HOSE,STOCK,49.2,52.5,45.9,49.4,49.4,49.2,49.3,49.31,7.557,7.557,7.527,7.542,7.543,276070.0,13612726000.0,0.0,0.0,0.1,0.0153,0.2033
FPT,2015-03-25,15:03:08,HOSE,STOCK,49.1,52.5,45.7,49.5,49.5,49.0,49.2,49.23,7.572,7.572,7.496,7.527,7.531,221110.0,10885528000.0,0.0,0.0,0.1,0.0153,0.2037
FPT,2015-03-24,15:03:15,HOSE,STOCK,49.4,52.5,45.7,49.5,49.5,48.8,49.1,49.07,7.572,7.572,7.465,7.511,7.507,349040.0,17127454000.0,0.0,0.0,-0.3,-0.0459,-0.6073
FPT,2015-03-23,15:03:26,HOSE,STOCK,49.8,52.5,46.0,49.8,49.9,49.4,49.4,49.71,7.618,7.634,7.557,7.557,7.605,274890.0,13664723000.0,0.0,0.0,-0.4,-0.0612,-0.8032
FPT,2015-03-20,15:03:11,HOSE,STOCK,49.5,53.0,46.4,49.5,49.9,49.4,49.8,49.74,7.572,7.634,7.557,7.618,7.609,284340.0,14142169000.0,0.0,0.0,0.3,0.0459,0.6061
FPT,2015-03-19,15:03:12,HOSE,STOCK,49.6,52.5,46.1,49.9,50.0,49.5,49.5,49.72,7.634,7.649,7.572,7.572,7.606,252430.0,12549640000.0,0.0,0.0,-0.1,-0.0153,-0.2016
FPT,2015-03-18,15:03:09,HOSE,STOCK,50.0,53.0,46.2,50.0,50.0,49.6,49.6,49.75,7.649,7.649,7.588,7.588,7.611,228430.0,11364001000.0,0.0,0.0,-0.4,-0.0612,-0.8
FPT,2015-03-17,15:03:11,HOSE,STOCK,49.4,53.5,46.5,49.5,50.5,49.5,50.0,49.95,7.572,7.725,7.572,7.649,7.641,717570.0,35843209000.0,0.0,0.0,0.6,0.0918,1.2146
FPT,2015-03-16,15:03:41,HOSE,STOCK,49.2,52.5,46.0,49.2,49.4,49.2,49.4,49.27,7.527,7.557,7.527,7.557,7.537,214490.0,10568934000.0,0.0,0.0,0.2,0.0306,0.4065
FPT,2015-03-13,15:03:11,HOSE,STOCK,49.2,52.5,45.8,49.5,49.7,49.1,49.2,49.33,7.572,7.603,7.511,7.527,7.546,284450.0,14031965000.0,0.0,0.0,0.0,0.0,0.0
FPT,2015-03-12,15:03:11,HOSE,STOCK,49.5,52.5,45.8,49.5,49.5,49.1,49.2,49.29,7.572,7.572,7.511,7.527,7.54,368140.0,18146145000.0,0.0,0.0,-0.3,-0.0459,-0.6061
FPT,2015-03-11,15:03:11,HOSE,STOCK,49.7,53.0,46.3,49.7,49.7,49.4,49.5,49.48,7.603,7.603,7.557,7.572,7.569,293150.0,14503878000.0,0.0,0.0,-0.2,-0.0306,-0.4024
FPT,2015-03-10,15:03:12,HOSE,STOCK,49.2,53.0,46.3,49.5,49.7,49.3,49.7,49.5,7.572,7.603,7.542,7.603,7.572,328390.0,16254824000.0,0.0,0.0,0.5,0.0765,1.0163
FPT,2015-03-09,15:03:10,HOSE,STOCK,50.0,52.5,45.8,49.9,50.0,49.2,49.2,49.58,7.634,7.649,7.527,7.527,7.585,414700.0,20558895000.0,0.0,0.0,-0.8,-0.1224,-1.6
FPT,2015-03-06,15:03:15,HOSE,STOCK,50.0,53.5,46.5,50.0,50.5,49.9,50.0,50.08,7.649,7.725,7.634,7.649,7.661,335140.0,16783663000.0,0.0,0.0,0.0,0.0,0.0
FPT,2015-03-05,15:03:10,HOSE,STOCK,50.0,53.5,46.5,50.5,51.0,50.0,50.0,50.46,7.725,7.802,7.649,7.649,7.719,393540.0,19859465000.0,0.0,0.0,0.0,0.0,0.0
FPT,2015-03-04,15:03:14,HOSE,STOCK,48.9,53.5,46.5,49.2,50.5,49.2,50.0,49.68,7.527,7.725,7.527,7.649,7.6,993500.0,49359727000.0,0.0,0.0,1.1,0.1683,2.2495
FPT,2015-03-03,15:03:08,HOSE,STOCK,48.5,51.5,45.2,48.8,48.9,48.6,48.9,48.74,7.465,7.481,7.435,7.481,7.456,214540.0,10456004000.0,0.0,0.0,0.4,0.0612,0.8247
FPT,2015-03-02,15:03:12,HOSE,STOCK,48.8,51.5,45.2,49.0,49.0,48.4,48.5,48.63,7.496,7.496,7.404,7.419,7.439,471270.0,22919543000.0,0.0,0.0,-0.3,-0.0459,-0.6148
FPT,2015-02-27,15:02:08,HOSE,STOCK,49.0,52.0,45.4,49.1,49.3,48.7,48.8,48.96,7.511,7.542,7.45,7.465,7.49,314940.0,15418919000.0,0.0,0.0,-0.2,-0.0306,-0.4082
FPT,2015-02-26,15:02:08,HOSE,STOCK,48.5,52.0,45.6,48.4,49.0,48.4,49.0,48.63,7.404,7.496,7.404,7.496,7.439,276700.0,13454995000.0,0.0,0.0,0.5,0.0765,1.0309
FPT,2015-02-25,15:02:13,HOSE,STOCK,48.6,51.5,45.2,48.8,49.0,48.4,48.5,48.67,7.465,7.496,7.404,7.419,7.445,520900.0,25350264000.0,0.0,0.0,-0.1,-0.0153,-0.2058
FPT,2015-02-24,15:02:10,HOSE,STOCK,48.0,52.0,45.2,48.2,48.8,48.2,48.6,48.6,7.374,7.465,7.374,7.435,7.435,351850.0,17099301000.0,0.0,0.0,0.6,0.0918,1.25
FPT,2015-02-13,15:02:09,HOSE,STOCK,48.0,51.0,44.7,48.0,48.2,47.8,48.0,48.04,7.343,7.374,7.312,7.343,7.349,198830.0,9552646000.0,0.0,0.0,0.0,0.0,0.0
FPT,2015-02-12,15:02:10,HOSE,STOCK,47.5,51.0,44.5,47.9,48.2,47.8,47.8,47.96,7.328,7.374,7.312,7.312,7.337,435120.0,20870291000.0,0.0,0.0,0.3,0.0459,0.6316
FPT,2015-02-11,15:02:11,HOSE,STOCK,47.1,50.5,44.2,47.3,47.5,47.2,47.5,47.39,7.236,7.266,7.221,7.266,7.25,139400.0,6606087000.0,0.0,0.0,0.4,0.0612,0.8493
FPT,2015-02-10,15:02:08,HOSE,STOCK,47.2,50.0,43.9,47.2,47.3,47.0,47.1,47.12,7.221,7.236,7.19,7.205,7.208,143310.0,6752755000.0,0.0,0.0,-0.1,-0.0153,-0.2119
FPT,2015-02-09,15:02:09,HOSE,STOCK,47.3,50.5,43.9,47.7,47.7,47.2,47.2,47.39,7.297,7.297,7.221,7.221,7.25,145540.0,6897078000.0,0.0,0.0,-0.1,-0.0153,-0.2114
FPT,2015-02-06,15:02:07,HOSE,STOCK,47.2,50.5,44.0,47.5,47.5,47.2,47.3,47.34,7.266,7.266,7.221,7.236,7.242,114380.0,5414879000.0,0.0,0.0,0.1,0.0153,0.2119
FPT,2015-02-05,15:02:03,HOSE,STOCK,46.9,50.5,43.9,47.0,47.5,46.9,47.2,47.35,7.19,7.266,7.175,7.221,7.244,182990.0,8663910000.0,0.0,0.0,0.3,0.0459,0.6397
FPT,2015-02-04,15:02:12,HOSE,STOCK,47.0,50.0,43.7,47.4,47.4,46.7,46.9,47.01,7.251,7.251,7.144,7.175,7.191,307040.0,14432419000.0,0.0,0.0,-0.1,-0.0153,-0.2128
FPT,2015-02-03,15:02:09,HOSE,STOCK,47.4,50.0,43.8,47.4,47.5,47.0,47.0,47.24,7.251,7.266,7.19,7.19,7.227,207170.0,9787525000.0,0.0,0.0,-0.4,-0.0612,-0.8439
FPT,2015-02-02,15:02:09,HOSE,STOCK,47.5,50.5,44.1,47.6,47.8,47.3,47.4,47.49,7.282,7.312,7.236,7.251,7.265,219410.0,10420411000.0,0.0,0.0,-0.1,-0.0153,-0.2105
FPT,2015-01-30,15:01:09,HOSE,STOCK,47.9,50.5,44.2,48.0,48.1,47.5,47.5,47.78,7.343,7.358,7.266,7.266,7.309,587470.0,28069621000.0,0.0,0.0,-0.4,-0.0612,-0.8351
FPT,2015-01-29,15:01:05,HOSE,STOCK,47.9,51.0,44.6,47.9,48.0,47.8,47.9,47.86,7.328,7.343,7.312,7.328,7.322,224460.0,10743242000.0,0.0,0.0,0.0,0.0,0.0
FPT,2015-01-28,15:01:05,HOSE,STOCK,48.0,51.0,44.6,47.9,48.3,47.8,47.9,47.94,7.328,7.389,7.312,7.328,7.334,260670.0,12495775000.0,0.0,0.0,-0.1,-0.0153,-0.2083
FPT,2015-01-27,15:01:12,HOSE,STOCK,48.4,51.0,44.7,48.3,48.6,48.0,48.0,48.25,7.389,7.435,7.343,7.343,7.381,424160.0,20464206000.0,0.0,0.0,-0.4,-0.0612,-0.8264
FPT,2015-01-26,15:01:32,HOSE,STOCK,48.4,51.5,45.1,48.4,48.7,48.4,48.4,48.54,7.404,7.45,7.404,7.404,7.426,384170.0,18646726000.0,0.0,0.0,0.0,0.0,0.0
FPT,2015-01-23,15:01:13,HOSE,STOCK,48.2,51.5,44.9,48.4,48.7,48.2,48.4,48.4,7.404,7.45,7.374,7.404,7.404,386280.0,18694263000.0,0.0,0.0,0.2,0.0306,0.4149
FPT,2015-01-22,15:01:16,HOSE,STOCK,48.4,51.5,44.9,48.6,48.6,48.2,48.2,48.36,7.435,7.435,7.374,7.374,7.398,299200.0,14468421000.0,0.0,0.0,-0.2,-0.0306,-0.4132
FPT,2015-01-21,15:01:05,HOSE,STOCK,48.0,51.5,45.1,48.2,48.8,48.2,48.4,48.52,7.374,7.465,7.374,7.404,7.422,607260.0,29464894000.0,0.0,0.0,0.4,0.0612,0.8333
FPT,2015-01-20,15:01:06,HOSE,STOCK,48.0,51.0,44.7,48.0,48.2,47.9,48.0,48.03,7.343,7.374,7.328,7.343,7.348,344010.0,16521587000.0,0.0,0.0,0.0,0.0,0.0
FPT,2015-01-19,15:01:09,HOSE,STOCK,48.5,51.0,44.7,48.5,48.5,48.0,48.0,48.22,7.419,7.419,7.343,7.343,7.377,367020.0,17696747000.0,0.0,0.0,-0.5,-0.0765,-1.0309
FPT,2015-01-16,15:01:05,HOSE,STOCK,48.7,51.5,45.2,48.8,48.8,48.4,48.5,48.59,7.465,7.465,7.404,7.419,7.433,174340.0,8471369000.0,0.0,0.0,-0.2,-0.0306,-0.4107
FPT,2015-01-15,15:01:28,HOSE,STOCK,48.6,52.0,45.3,48.8,48.8,48.4,48.7,48.65,7.465,7.465,7.404,7.45,7.442,281910.0,13716010000.0,0.0,0.0,0.1,0.0153,0.2058
FPT,2015-01-14,15:01:19,HOSE,STOCK,48.7,52.0,45.2,48.7,48.9,48.2,48.6,48.59,7.45,7.481,7.374,7.435,7.433,421120.0,20463115000.0,0.0,0.0,-0.1,-0.0153,-0.2053
FPT,2015-01-13,15:01:09,HOSE,STOCK,48.6,52.0,45.3,48.4,48.8,48.4,48.7,48.59,7.404,7.465,7.404,7.45,7.433,242060.0,11760545000.0,0.0,0.0,0.1,0.0153,0.2058
FPT,2015-01-12,16:01:02,HOSE,STOCK,48.3,52.0,45.2,48.3,49.2,48.3,48.6,48.83,7.389,7.527,7.389,7.435,7.47,679050.0,33160564000.0,0.0,0.0,0.3,0.0459,0.6211
FPT,2015-01-09,15:01:14,HOSE,STOCK,47.9,51.5,45.0,47.9,48.5,47.9,48.3,48.27,7.328,7.419,7.328,7.389,7.384,320210.0,15457341000.0,0.0,0.0,0.4,0.0612,0.8351
FPT,2015-01-08,15:01:11,HOSE,STOCK,48.4,51.0,44.6,48.3,48.4,47.8,47.9,48.01,7.389,7.404,7.312,7.328,7.344,227300.0,10912591000.0,0.0,0.0,-0.5,-0.0765,-1.0331
FPT,2015-01-07,15:01:06,HOSE,STOCK,48.1,51.5,45.1,48.1,49.1,48.1,48.4,48.62,7.358,7.511,7.358,7.404,7.438,405560.0,19719560000.0,0.0,0.0,0.3,0.0459,0.6237
FPT,2015-01-06,15:01:05,HOSE,STOCK,47.8,51.0,44.8,47.5,48.1,47.3,48.1,47.82,7.266,7.358,7.236,7.358,7.315,364050.0,17408252000.0,0.0,0.0,0.3,0.0459,0.6276
FPT,2015-01-05,16:01:04,HOSE,STOCK,48.0,51.0,44.5,48.0,48.2,47.6,47.8,47.99,7.343,7.374,7.282,7.312,7.341,273550.0,13126631000.0,0.0,0.0,-0.2,-0.0306,-0.4167
FPT,2014-12-31,15:12:02,HOSE,STOCK,48.0,51.0,44.7,46.7,48.0,46.5,48.0,47.35,7.144,7.343,7.113,7.343,7.244,471320.0,22316377000.0,0.0,0.0,0.0,0.0,0.0
FPT,2014-12-30,15:12:03,HOSE,STOCK,45.9,49.5,43.1,46.1,46.3,45.4,46.3,45.91,7.052,7.083,6.945,7.083,7.023,313520.0,14393622000.0,0.0,0.0,0.4,0.0612,0.8715
FPT,2014-12-29,15:12:04,HOSE,STOCK,46.2,49.1,42.7,46.8,46.8,45.8,45.9,46.17,7.159,7.159,7.006,7.022,7.063,198580.0,9168404000.0,0.0,0.0,-0.3,-0.0459,-0.6494
FPT,2014-12-26,15:12:03,HOSE,STOCK,46.5,49.4,43.0,46.5,46.5,46.0,46.2,46.2,7.113,7.113,7.037,7.068,7.068,337170.0,15578433000.0,0.0,0.0,-0.3,-0.0459,-0.6452
FPT,2014-12-25,15:12:03,HOSE,STOCK,46.9,50.0,43.7,46.6,46.8,46.4,46.5,46.59,7.129,7.159,7.098,7.113,7.127,100790.0,4695643000.0,0.0,0.0,-0.4,-0.0612,-0.8529
FPT,2014-12-24,15:12:02,HOSE,STOCK,46.9,50.0,43.7,47.2,47.4,46.8,46.9,47.07,7.221,7.251,7.159,7.175,7.201,171930.0,8091966000.0,0.0,0.0,0.0,0.0,0.0
FPT,2014-12-23,15:12:18,HOSE,STOCK,46.3,50.0,43.7,46.3,47.1,46.2,46.9,46.8,7.083,7.205,7.068,7.175,7.159,291780.0,13653929000.0,0.0,0.0,0.6,0.0918,1.2959
FPT,2014-12-22,15:12:46,HOSE,STOCK,45.6,49.5,43.1,46.2,46.5,46.0,46.3,46.2,7.068,7.113,7.037,7.083,7.068,261240.0,12069777000.0,0.0,0.0,0.7,0.1071,1.5351
FPT,2014-12-19,15:12:03,HOSE,STOCK,46.2,48.7,42.5,47.0,47.0,45.6,45.6,46.15,7.19,7.19,6.976,6.976,7.06,327710.0,15123051000.0,0.0,0.0,-0.6,-0.0918,-1.2987
FPT,2014-12-18,15:12:42,HOSE,STOCK,45.2,49.4,43.0,45.5,46.6,45.5,46.2,46.04,6.96,7.129,6.96,7.068,7.043,280050.0,12893334000.0,0.0,0.0,1.0,0.153,2.2124
FPT,2014-12-17,15:12:13,HOSE,STOCK,47.2,48.3,42.1,47.3,47.3,44.8,45.2,45.88,7.236,7.236,6.853,6.915,7.019,1067630.0,48984866000.0,0.0,0.0,-2.0,-0.306,-4.2373
FPT,2014-12-16,15:12:13,HOSE,STOCK,47.8,50.5,43.9,47.7,47.8,47.2,47.2,47.41,7.297,7.312,7.221,7.221,7.253,525220.0,24898245000.0,0.0,0.0,-0.6,-0.0918,-1.2552
FPT,2014-12-15,15:12:09,HOSE,STOCK,48.1,51.0,44.5,48.1,48.1,47.8,47.8,47.94,7.358,7.358,7.312,7.312,7.334,176820.0,8476197000.0,0.0,0.0,-0.3,-0.0459,-0.6237
FPT,2014-12-12,15:12:47,HOSE,STOCK,47.4,51.0,44.8,47.6,48.5,47.5,48.1,47.83,7.282,7.419,7.266,7.358,7.317,222600.0,10646516000.0,0.0,0.0,0.7,0.1071,1.4768
FPT,2014-12-11,15:12:10,HOSE,STOCK,47.7,50.5,44.1,47.5,47.7,47.2,47.4,47.53,7.266,7.297,7.221,7.251,7.271,319170.0,15170049000.0,0.0,0.0,-0.3,-0.0459,-0.6289
FPT,2014-12-10,15:12:10,HOSE,STOCK,47.2,51.0,44.4,47.1,47.8,47.0,47.7,47.39,7.205,7.312,7.19,7.297,7.25,462650.0,21925293000.0,0.0,0.0,0.5,0.0765,1.0593
FPT,2014-12-09,15:12:14,HOSE,STOCK,48.3,50.5,43.9,48.1,48.1,47.2,47.2,47.74,7.358,7.358,7.221,7.221,7.303,975650.0,46580150000.0,0.0,0.0,-1.1,-0.1683,-2.2774
FPT,2014-12-08,15:12:13,HOSE,STOCK,48.7,51.5,45.0,48.7,48.7,48.2,48.3,48.39,7.45,7.45,7.374,7.389,7.403,230000.0,11128578000.0,0.0,0.0,-0.4,-0.0612,-0.8214
FPT,2014-12-05,15:12:11,HOSE,STOCK,48.6,52.0,45.3,48.8,48.9,48.5,48.7,48.63,7.465,7.481,7.419,7.45,7.439,220940.0,10744434000.0,0.0,0.0,0.1,0.0153,0.2058
FPT,2014-12-04,15:12:17,HOSE,STOCK,48.2,52.0,45.2,48.2,48.9,48.2,48.6,48.62,7.374,7.481,7.374,7.435,7.438,291140.0,14154562000.0,0.0,0.0,0.4,0.0612,0.8299
FPT,2014-12-03,15:12:11,HOSE,STOCK,47.7,51.5,44.9,48.1,49.0,47.8,48.2,48.16,7.358,7.496,7.312,7.374,7.367,209630.0,10095553000.0,0.0,0.0,0.5,0.0765,1.0482
FPT,2014-12-02,15:12:11,HOSE,STOCK,47.8,51.0,44.4,47.9,47.9,47.4,47.7,47.67,7.328,7.328,7.251,7.297,7.292,361490.0,17231646000.0,0.0,0.0,-0.1,-0.0153,-0.2092
FPT,2014-12-01,15:12:13,HOSE,STOCK,48.1,51.0,44.5,48.0,48.4,47.8,47.8,48.14,7.343,7.404,7.312,7.312,7.364,387370.0,18647726000.0,0.0,0.0,-0.3,-0.0459,-0.6237
FPT,2014-11-28,15:11:10,HOSE,STOCK,48.7,51.0,44.8,48.9,48.9,48.1,48.1,48.37,7.481,7.481,7.358,7.358,7.4,526360.0,25462520000.0,0.0,0.0,-0.6,-0.0918,-1.232
FPT,2014-11-27,15:11:10,HOSE,STOCK,48.8,52.0,45.3,49.1,49.1,48.5,48.7,48.63,7.511,7.511,7.419,7.45,7.439,311160.0,15132908000.0,0.0,0.0,-0.1,-0.0153,-0.2049
FPT,2014-11-26,15:11:11,HOSE,STOCK,49.2,52.0,45.4,49.5,49.5,48.8,48.8,49.1,7.572,7.572,7.465,7.465,7.511,224690.0,11032412000.0,0.0,0.0,-0.4,-0.0612,-0.813
FPT,2014-11-25,15:11:13,HOSE,STOCK,48.8,52.5,45.8,48.8,49.3,48.8,49.2,49.02,7.465,7.542,7.465,7.527,7.499,190010.0,9313551000.0,0.0,0.0,0.4,0.0612,0.8197
FPT,2014-11-24,15:11:13,HOSE,STOCK,49.1,52.0,45.4,49.0,49.0,48.6,48.8,48.78,7.496,7.496,7.435,7.465,7.462,289320.0,14113502000.0,0.0,0.0,-0.3,-0.0459,-0.611
FPT,2014-11-21,15:11:13,HOSE,STOCK,49.0,52.5,45.7,49.3,49.9,49.0,49.1,49.27,7.542,7.634,7.496,7.511,7.537,400290.0,19720949000.0,0.0,0.0,0.1,0.0153,0.2041
FPT,2014-11-20,15:11:16,HOSE,STOCK,49.0,52.0,45.6,49.1,49.3,48.8,49.0,49.04,7.511,7.542,7.465,7.496,7.502,366710.0,17983383000.0,0.0,0.0,0.0,0.0,0.0
FPT,2014-11-19,15:11:13,HOSE,STOCK,49.1,52.0,45.6,49.3,49.5,49.0,49.0,49.14,7.542,7.572,7.496,7.496,7.517,669840.0,32918419000.0,0.0,0.0,-0.1,-0.0153,-0.2037
FPT,2014-11-18,15:11:12,HOSE,STOCK,49.9,52.5,45.7,50.0,50.0,49.1,49.1,49.57,7.649,7.649,7.511,7.511,7.583,347210.0,17210091000.0,0.0,0.0,-0.8,-0.1224,-1.6032
FPT,2014-11-17,15:11:14,HOSE,STOCK,50.0,53.0,46.5,50.5,50.5,49.9,49.9,50.02,7.725,7.725,7.634,7.634,7.652,302800.0,15144870000.0,0.0,0.0,-0.1,-0.0153,-0.2
FPT,2014-11-14,15:11:13,HOSE,STOCK,50.5,53.5,46.5,50.5,50.5,49.8,50.0,50.05,7.725,7.725,7.618,7.649,7.657,459950.0,23019467000.0,0.0,0.0,-0.5,-0.0765,-0.9901
FPT,2014-11-13,15:11:12,HOSE,STOCK,50.5,54.0,47.0,50.5,51.0,50.5,50.5,50.55,7.725,7.802,7.725,7.725,7.733,321950.0,16274255000.0,0.0,0.0,0.0,0.0,0.0
FPT,2014-11-12,15:11:12,HOSE,STOCK,51.0,54.0,47.0,51.0,51.0,50.5,50.5,50.51,7.802,7.802,7.725,7.725,7.727,148270.0,7489380000.0,0.0,0.0,-0.5,-0.0765,-0.9804
FPT,2014-11-11,15:11:10,HOSE,STOCK,50.5,54.5,47.5,51.0,51.0,50.5,51.0,50.67,7.802,7.802,7.725,7.802,7.751,176690.0,8952905000.0,0.0,0.0,0.5,0.0765,0.9901
FPT,2014-11-10,15:11:14,HOSE,STOCK,50.5,54.0,47.0,50.5,51.5,50.0,50.5,50.71,7.725,7.878,7.649,7.725,7.758,438060.0,22215270000.0,0.0,0.0,0.0,0.0,0.0
FPT,2014-11-07,15:11:13,HOSE,STOCK,50.0,54.0,47.0,50.0,50.5,49.9,50.5,50.15,7.649,7.725,7.634,7.725,7.672,252440.0,12659095000.0,0.0,0.0,0.5,0.0765,1.0
FPT,2014-11-06,15:11:05,HOSE,STOCK,50.5,54.0,47.0,51.0,51.0,49.9,50.0,50.1,7.802,7.802,7.634,7.649,7.664,379630.0,19020709000.0,0.0,0.0,-0.5,-0.0765,-0.9901
FPT,2014-11-05,15:11:12,HOSE,STOCK,51.0,54.0,47.0,51.0,51.5,50.0,50.5,51.11,7.802,7.878,7.649,7.725,7.819,296180.0,14979670000.0,0.0,0.0,-0.5,-0.0765,-0.9804
FPT,2014-11-04,15:11:07,HOSE,STOCK,51.5,54.5,47.5,51.0,51.5,50.5,51.0,51.11,7.802,7.878,7.725,7.802,7.819,382940.0,19571685000.0,0.0,0.0,-0.5,-0.0765,-0.9709
FPT,2014-11-03,15:11:07,HOSE,STOCK,51.0,55.0,47.9,51.5,52.0,51.0,51.5,51.47,7.878,7.955,7.802,7.878,7.874,367540.0,18918980000.0,0.0,0.0,0.5,0.0765,0.9804
FPT,2014-10-31,15:10:07,HOSE,STOCK,50.0,54.5,47.5,50.0,51.0,49.9,51.0,50.55,7.649,7.802,7.634,7.802,7.733,321640.0,16258160000.0,0.0,0.0,1.0,0.153,2.0
FPT,2014-10-30,15:10:06,HOSE,STOCK,50.0,53.5,46.5,50.0,50.5,50.0,50.0,50.32,7.649,7.725,7.649,7.649,7.698,515410.0,25937050000.0,0.0,0.0,0.0,0.0,0.0
FPT,2014-10-29,15:10:09,HOSE,STOCK,49.0,53.5,46.5,49.0,50.5,49.0,50.0,49.78,7.496,7.725,7.496,7.649,7.615,425130.0,21162372000.0,0.0,0.0,1.0,0.153,2.0408
FPT,2014-10-28,15:10:07,HOSE,STOCK,48.7,52.0,45.6,48.5,49.2,48.5,49.0,48.82,7.419,7.527,7.419,7.496,7.468,383290.0,18710918000.0,0.0,0.0,0.3,0.0459,0.616
FPT,2014-10-27,15:10:08,HOSE,STOCK,49.8,52.0,45.3,49.5,49.8,48.7,48.7,49.14,7.572,7.618,7.45,7.45,7.517,579320.0,28468119000.0,0.0,0.0,-1.1,-0.1683,-2.2088
FPT,2014-10-24,15:10:07,HOSE,STOCK,49.9,53.0,46.4,50.0,50.5,49.6,49.8,49.86,7.649,7.725,7.588,7.618,7.627,480290.0,23946747000.0,0.0,0.0,-0.1,-0.0153,-0.2004
FPT,2014-10-23,15:10:07,HOSE,STOCK,50.5,53.0,46.5,50.0,51.0,49.8,49.9,50.18,7.649,7.802,7.618,7.634,7.676,596130.0,29911889000.0,0.0,0.0,-0.6,-0.0918,-1.1881
FPT,2014-10-22,15:10:13,HOSE,STOCK,50.0,54.0,47.0,50.5,51.0,50.0,50.5,50.5,7.725,7.802,7.649,7.725,7.725,410150.0,20713740000.0,0.0,0.0,0.5,0.0765,1.0
FPT,2014-10-21,15:10:07,HOSE,STOCK,50.0,53.5,46.5,50.0,50.5,49.8,50.0,49.97,7.649,7.725,7.618,7.649,7.644,345010.0,17241769000.0,0.0,0.0,0.0,0.0,0.0
FPT,2014-10-20,15:10:11,HOSE,STOCK,50.5,54.0,47.0,50.5,51.0,50.0,50.0,50.45,7.725,7.802,7.649,7.649,7.718,394500.0,19901290000.0,0.0,0.0,-0.5,-0.0765,-0.9901
FPT,2014-10-17,15:10:07,HOSE,STOCK,49.7,54.0,47.0,49.9,50.5,49.0,50.5,49.72,7.634,7.725,7.496,7.725,7.606,875080.0,43510377000.0,0.0,0.0,0.8,0.1224,1.6097
FPT,2014-10-16,15:10:08,HOSE,STOCK,52.0,53.0,46.3,51.5,51.5,49.5,49.7,50.31,7.878,7.878,7.572,7.603,7.696,1592280.0,80102598000.0,0.0,0.0,-2.3,-0.3518,-4.4231
FPT,2014-10-15,15:10:07,HOSE,STOCK,52.0,55.5,48.4,51.5,52.5,51.0,52.0,51.58,7.878,8.031,7.802,7.955,7.891,814130.0,41993780000.0,0.0,0.0,0.0,0.0,0.0
FPT,2014-10-14,16:10:06,HOSE,STOCK,53.5,55.5,48.4,53.5,53.5,52.0,52.0,52.55,8.184,8.184,7.955,7.955,8.039,361650.0,19003850000.0,0.0,0.0,-1.5,-0.2295,-2.8037
FPT,2014-10-13,15:10:07,HOSE,STOCK,52.0,57.0,49.8,52.0,53.5,52.0,53.5,52.56,7.955,8.184,7.955,8.184,8.041,452140.0,23766420000.0,0.0,0.0,1.5,0.2295,2.8846
FPT,2014-10-10,15:10:59,HOSE,STOCK,52.5,55.5,48.4,52.5,53.0,51.5,52.0,52.29,8.031,8.108,7.878,7.955,7.999,996930.0,52125240000.0,0.0,0.0,-0.5,-0.0765,-0.9524
FPT,2014-10-09,15:10:15,HOSE,STOCK,53.0,56.0,48.9,53.5,53.5,52.5,52.5,53.06,8.184,8.184,8.031,8.031,8.117,801580.0,42396760000.0,0.0,0.0,-0.5,-0.0765,-0.9434
FPT,2014-10-08,15:10:16,HOSE,STOCK,53.5,56.5,49.3,53.5,53.5,52.5,53.0,53.06,8.184,8.184,8.031,8.108,8.117,605320.0,32115800000.0,0.0,0.0,-0.5,-0.0765,-0.9346
FPT,2014-10-07,15:10:10,HOSE,STOCK,53.5,57.0,49.8,53.5,54.0,53.0,53.5,53.6,8.184,8.261,8.108,8.184,8.2,844760.0,45275975000.0,0.0,0.0,0.0,0.0,0.0
FPT,2014-10-06,15:10:13,HOSE,STOCK,53.5,57.0,49.8,53.5,54.0,53.0,53.5,53.46,8.184,8.261,8.108,8.184,8.178,571810.0,30570430000.0,0.0,0.0,0.0,0.0,0.0
FPT,2014-10-03,15:10:11,HOSE,STOCK,54.0,57.5,50.5,53.5,54.0,53.0,53.5,53.38,8.184,8.261,8.108,8.184,8.166,780160.0,41645330000.0,0.0,0.0,-0.5,-0.0765,-0.9259
FPT,2014-10-02,15:10:11,HOSE,STOCK,53.5,57.0,49.8,53.5,54.0,53.0,54.0,53.65,8.184,8.261,8.108,8.261,8.207,718170.0,38530195000.0,0.0,0.0,0.5,0.0765,0.9346
FPT,2014-10-01,15:10:11,HOSE,STOCK,52.0,55.5,48.4,52.5,54.0,52.5,53.5,53.22,8.031,8.261,8.031,8.184,8.141,771760.0,41073705000.0,0.0,0.0,1.5,0.2295,2.8846
FPT,2014-09-30,15:09:12,HOSE,STOCK,52.0,55.5,48.4,52.0,53.0,51.5,52.0,52.07,7.955,8.108,7.878,7.955,7.966,908550.0,47311150000.0,0.0,0.0,0.0,0.0,0.0
FPT,2014-09-29,15:09:14,HOSE,STOCK,52.5,56.0,48.9,52.5,53.0,52.0,52.0,52.17,8.031,8.108,7.955,7.955,7.981,683300.0,35645910000.0,0.0,0.0,-0.5,-0.0765,-0.9524
FPT,2014-09-26,15:09:15,HOSE,STOCK,53.5,57.0,49.8,53.5,53.5,52.5,52.5,52.85,8.184,8.184,8.031,8.031,8.085,765550.0,40457595000.0,0.0,0.0,-1.0,-0.153,-1.8692
FPT,2014-09-25,15:09:12,HOSE,STOCK,52.5,56.0,48.9,53.0,53.5,52.0,53.5,52.56,8.108,8.184,7.955,8.184,8.041,1111670.0,58429440000.0,0.0,0.0,1.0,0.153,1.9048
FPT,2014-09-24,15:09:11,HOSE,STOCK,52.5,56.0,48.9,52.5,53.5,52.0,52.5,52.74,8.031,8.184,7.955,8.031,8.068,1023270.0,53965515000.0,0.0,0.0,0.0,0.0,0.0
FPT,2014-09-23,15:09:11,HOSE,STOCK,53.0,56.5,49.3,53.0,54.0,52.5,52.5,53.14,8.108,8.261,8.031,8.031,8.129,1320590.0,70178430000.0,0.0,0.0,-0.5,-0.0765,-0.9434
FPT,2014-09-22,15:09:10,HOSE,STOCK,54.0,56.5,49.3,54.0,54.5,53.0,53.0,53.81,8.261,8.337,8.108,8.108,8.232,1424110.0,76624920000.0,0.0,0.0,-1.0,-0.153,-1.8519
FPT,2014-09-19,15:09:37,HOSE,STOCK,55.0,57.5,50.5,55.0,55.0,54.0,54.0,54.47,8.414,8.414,8.261,8.261,8.333,1499270.0,81660095000.0,0.0,0.0,-1.0,-0.153,-1.8182
FPT,2014-09-18,15:09:21,HOSE,STOCK,56.5,58.5,51.5,56.5,56.5,54.5,55.0,55.62,8.643,8.643,8.337,8.414,8.509,1681870.0,93543395000.0,0.0,0.0,-1.5,-0.2295,-2.6549
FPT,2014-09-17,15:09:16,HOSE,STOCK,56.0,59.5,52.5,57.0,57.5,56.0,56.5,56.77,8.72,8.796,8.567,8.643,8.685,2089480.0,118614395000.0,0.0,0.0,0.5,0.0765,0.8929
FPT,2014-09-16,15:09:09,HOSE,STOCK,56.0,59.5,52.5,56.0,56.5,55.0,56.0,55.69,8.567,8.643,8.414,8.567,8.519,1634520.0,91024005000.0,0.0,0.0,0.0,0.0,0.0
FPT,2014-09-15,15:09:12,HOSE,STOCK,56.0,59.5,52.5,57.0,57.5,55.5,56.0,56.46,8.72,8.796,8.49,8.567,8.637,1604040.0,90566540000.0,0.0,0.0,0.0,0.0,0.0
FPT,2014-09-12,15:09:12,HOSE,STOCK,55.5,59.5,52.5,56.0,56.5,55.0,56.0,55.72,8.567,8.643,8.414,8.567,8.524,1274520.0,71015660000.0,0.0,0.0,0.5,0.0765,0.9009
FPT,2014-09-11,15:09:15,HOSE,STOCK,56.0,59.5,52.5,56.0,56.5,55.5,55.5,56.0,8.567,8.643,8.49,8.49,8.567,978400.0,54790380000.0,0.0,0.0,-0.5,-0.0765,-0.8929
FPT,2014-09-10,15:09:14,HOSE,STOCK,55.5,59.5,52.5,55.5,56.5,54.5,56.0,55.6,8.49,8.643,8.337,8.567,8.506,1663390.0,92482330000.0,0.0,0.0,0.5,0.0765,0.9009
FPT,2014-09-09,15:09:10,HOSE,STOCK,58.5,62.5,54.5,58.5,58.5,54.5,55.5,56.82,8.949,8.949,8.337,8.49,8.692,3943470.0,224057310000.0,0.0,0.0,-3.0,-0.4589,-5.1282
FPT,2014-09-08,15:09:10,HOSE,STOCK,58.0,62.0,54.0,58.5,59.5,58.0,58.5,58.9,8.949,9.102,8.873,8.949,9.01,2368420.0,139507550000.0,0.0,0.0,0.5,0.0765,0.8621
FPT,2014-09-05,15:09:13,HOSE,STOCK,57.0,62.0,54.0,57.0,58.0,57.0,58.0,57.36,8.72,8.873,8.72,8.873,8.775,2025880.0,116205910000.0,0.0,0.0,1.0,0.153,1.7544
FPT,2014-09-04,15:09:15,HOSE,STOCK,57.0,60.5,53.5,56.5,57.0,56.0,57.0,56.52,8.643,8.72,8.567,8.72,8.646,1391520.0,78641880000.0,0.0,0.0,0.0,0.0,0.0
FPT,2014-09-03,15:09:10,HOSE,STOCK,57.5,61.5,53.5,58.0,58.5,56.5,57.0,57.44,8.873,8.949,8.643,8.72,8.787,1754970.0,100797925000.0,0.0,0.0,-0.5,-0.0765,-0.8696
FPT,2014-08-29,15:08:15,HOSE,STOCK,57.5,61.5,53.5,57.0,57.5,56.0,57.5,56.72,8.72,8.796,8.567,8.796,8.677,1498060.0,84965215000.0,0.0,0.0,0.0,0.0,0.0
FPT,2014-08-28,15:08:10,HOSE,STOCK,55.0,58.5,51.5,55.0,57.5,55.0,57.0,56.41,8.414,8.796,8.414,8.72,8.629,2505050.0,141314130000.0,0.0,0.0,2.0,0.306,3.6364
FPT,2014-08-27,15:08:10,HOSE,STOCK,55.0,58.5,51.5,55.0,56.0,54.0,55.0,54.89,8.414,8.567,8.261,8.414,8.397,1956570.0,107395450000.0,0.0,0.0,0.0,0.0,0.0
FPT,2014-08-26,15:08:10,HOSE,STOCK,52.5,58.5,51.5,52.5,55.5,52.0,55.0,54.16,8.031,8.49,7.955,8.414,8.285,3673930.0,198963220000.0,0.0,0.0,2.5,0.3825,4.7619
FPT,2014-08-25,15:08:11,HOSE,STOCK,52.0,56.0,48.9,52.5,53.0,52.0,52.5,52.48,8.031,8.108,7.955,8.031,8.028,1798790.0,94394405000.0,0.0,0.0,0.5,0.0765,0.9615
FPT,2014-08-22,15:08:10,HOSE,STOCK,51.5,55.5,48.4,52.0,52.5,51.5,52.0,52.11,7.955,8.031,7.878,7.955,7.972,1804530.0,94035475000.0,0.0,0.0,0.5,0.0765,0.9709
FPT,2014-08-21,15:08:12,HOSE,STOCK,52.0,55.0,47.9,52.0,52.5,51.5,51.5,52.26,7.955,8.031,7.878,7.878,7.995,1643270.0,85873630000.0,0.0,0.0,-0.5,-0.0765,-0.9615
FPT,2014-08-20,15:08:09,HOSE,STOCK,53.0,55.5,48.4,52.5,52.5,51.5,52.0,51.98,8.031,8.031,7.878,7.955,7.952,1321660.0,68696705000.0,0.0,0.0,-1.0,-0.153,-1.8868
FPT,2014-08-19,15:08:16,HOSE,STOCK,52.5,55.5,48.4,52.5,54.0,52.5,53.0,53.4,7.88,8.105,7.88,7.955,8.015,3127310.0,166991490000.0,0.0,0.0,0.5,0.075,0.9524
FPT,2014-08-18,15:08:11,HOSE,STOCK,51.5,56.0,48.9,51.5,53.0,51.0,52.5,51.85,7.729,7.955,7.654,7.88,7.782,1735290.0,89967350000.0,0.0,0.0,1.0,0.1501,1.9417
FPT,2014-08-15,15:08:18,HOSE,STOCK,52.0,55.0,47.9,51.5,52.0,51.0,51.5,51.5,7.729,7.805,7.654,7.729,7.729,828590.0,42668320000.0,0.0,0.0,-0.5,-0.075,-0.9615
FPT,2014-08-14,15:08:06,HOSE,STOCK,51.5,55.5,48.4,51.5,52.0,51.0,52.0,51.53,7.729,7.805,7.654,7.805,7.734,1283060.0,66121875000.0,0.0,0.0,0.5,0.075,0.9709
FPT,2014-08-13,15:08:06,HOSE,STOCK,50.5,55.0,47.9,51.0,51.5,50.5,51.5,50.76,7.654,7.729,7.579,7.729,7.618,842940.0,42788275000.0,0.0,0.0,1.0,0.1501,1.9802
FPT,2014-08-12,16:08:41,HOSE,STOCK,50.5,54.0,47.0,50.5,51.0,50.0,50.5,50.48,7.579,7.654,7.504,7.579,7.576,634600.0,32036305000.0,0.0,0.0,0.0,0.0,0.0
FPT,2014-08-11,16:08:54,HOSE,STOCK,50.5,54.0,47.0,51.0,51.0,50.0,50.5,50.53,7.654,7.654,7.504,7.579,7.584,640870.0,32385025000.0,0.0,0.0,0.0,0.0,0.0
FPT,2014-08-08,15:08:09,HOSE,STOCK,50.5,54.0,47.0,51.0,51.5,50.0,50.5,50.63,7.654,7.729,7.504,7.579,7.599,738670.0,37398475000.0,0.0,0.0,0.0,0.0,0.0
FPT,2014-08-07,15:08:14,HOSE,STOCK,51.0,54.0,47.0,51.0,51.0,50.0,50.5,50.5,7.654,7.654,7.504,7.579,7.579,648290.0,32736710000.0,0.0,0.0,-0.5,-0.075,-0.9804
FPT,2014-08-06,15:08:11,HOSE,STOCK,51.5,54.5,47.5,51.5,51.5,50.5,51.0,51.03,7.729,7.729,7.579,7.654,7.659,973690.0,49686315000.0,0.0,0.0,-0.5,-0.075,-0.9709
FPT,2014-08-05,15:08:10,HOSE,STOCK,50.0,55.0,47.9,51.0,52.0,51.0,51.5,51.27,7.654,7.805,7.654,7.729,7.695,1433070.0,73477315000.0,0.0,0.0,1.5,0.2251,3.0
FPT,2014-08-04,15:08:10,HOSE,STOCK,49.8,53.5,46.5,49.9,50.5,49.7,50.0,49.96,7.489,7.579,7.459,7.504,7.498,757490.0,37842416000.0,0.0,0.0,0.2,0.03,0.4016
FPT,2014-08-01,15:08:59,HOSE,STOCK,50.5,53.0,46.4,50.0,50.5,49.7,49.8,49.94,7.504,7.579,7.459,7.474,7.495,725990.0,36257764000.0,0.0,0.0,-0.7,-0.1051,-1.3861
FPT,2014-07-31,15:07:13,HOSE,STOCK,49.9,54.0,47.0,49.9,50.5,49.7,50.5,50.01,7.489,7.579,7.459,7.579,7.506,705490.0,35278372000.0,0.0,0.0,0.6,0.09,1.2024
FPT,2014-07-30,15:07:10,HOSE,STOCK,49.7,53.0,46.5,49.7,51.0,49.7,49.9,50.06,7.459,7.654,7.459,7.489,7.513,690950.0,34590098000.0,0.0,0.0,0.2,0.03,0.4024
FPT,2014-07-29,15:07:08,HOSE,STOCK,50.0,53.0,46.3,50.0,50.5,49.5,49.7,49.76,7.504,7.579,7.429,7.459,7.468,938580.0,46701623000.0,0.0,0.0,-0.3,-0.045,-0.6
FPT,2014-07-28,15:07:09,HOSE,STOCK,51.5,53.5,46.5,51.0,51.0,49.7,50.0,50.32,7.654,7.654,7.459,7.504,7.552,1675170.0,84296981000.0,0.0,0.0,-1.5,-0.2251,-2.9126
FPT,2014-07-25,15:07:33,HOSE,STOCK,52.5,55.0,47.9,52.5,53.5,51.5,51.5,52.43,7.88,8.03,7.729,7.729,7.869,1257720.0,65941890000.0,0.0,0.0,-1.0,-0.1501,-1.9048
FPT,2014-07-24,15:07:07,HOSE,STOCK,51.5,56.0,48.9,51.5,53.0,51.5,52.5,52.2,7.729,7.955,7.729,7.88,7.835,1516130.0,79142490000.0,0.0,0.0,1.0,0.1501,1.9417
FPT,2014-07-23,15:07:06,HOSE,STOCK,52.0,55.0,47.9,51.5,52.5,51.0,51.5,51.71,7.729,7.88,7.654,7.729,7.761,1050840.0,54341795000.0,0.0,0.0,-0.5,-0.075,-0.9615
FPT,2014-07-22,15:07:09,HOSE,STOCK,51.0,55.5,48.4,51.0,53.0,50.5,52.0,51.76,7.654,7.955,7.579,7.805,7.768,1282720.0,66399810000.0,0.0,0.0,1.0,0.1501,1.9608
FPT,2014-07-21,15:07:10,HOSE,STOCK,52.5,54.5,47.5,52.0,53.0,50.5,51.0,51.56,7.805,7.955,7.579,7.654,7.738,1718340.0,88602755000.0,0.0,0.0,-1.5,-0.2251,-2.8571
FPT,2014-07-18,15:07:10,HOSE,STOCK,49.4,56.0,48.9,49.2,52.5,49.2,52.5,51.6,7.384,7.88,7.384,7.88,7.744,3985310.0,205640507000.0,0.0,0.0,3.1,0.4653,6.2753
FPT,2014-07-17,15:07:06,HOSE,STOCK,49.9,52.5,46.0,49.8,49.9,49.2,49.4,49.57,7.474,7.489,7.384,7.414,7.44,836020.0,41443415000.0,0.0,0.0,-0.5,-0.075,-1.002
FPT,2014-07-16,15:07:08,HOSE,STOCK,50.0,53.0,46.5,50.5,51.0,49.9,49.9,50.27,7.579,7.654,7.489,7.489,7.545,1240280.0,62351302000.0,0.0,0.0,-0.1,-0.015,-0.2
FPT,2014-07-15,15:07:06,HOSE,STOCK,49.4,53.5,46.5,50.5,51.0,49.8,50.0,50.08,7.579,7.654,7.474,7.504,7.516,785570.0,39341954000.0,0.0,0.0,0.6,0.09,1.2146
FPT,2014-07-14,15:07:09,HOSE,STOCK,48.7,52.5,46.0,48.7,49.6,48.6,49.4,48.98,7.309,7.444,7.294,7.414,7.351,868190.0,42521848000.0,0.0,0.0,0.7,0.1051,1.4374
FPT,2014-07-11,15:07:06,HOSE,STOCK,48.8,52.0,45.3,48.8,48.8,48.2,48.7,48.498,7.324,7.324,7.234,7.309,7.279,671180.0,32551000000.0,0.0,0.0,-0.1,-0.015,-0.2049
FPT,2014-07-10,15:07:11,HOSE,STOCK,49.7,52.0,45.4,49.7,49.7,48.4,48.8,49.06,7.459,7.459,7.264,7.324,7.363,1262450.0,61940857000.0,0.0,0.0,-0.9,-0.1351,-1.8109
FPT,2014-07-09,15:07:11,HOSE,STOCK,49.9,53.0,46.3,50.0,50.0,49.5,49.7,49.8,7.504,7.504,7.429,7.459,7.474,682070.0,33965142000.0,0.0,0.0,-0.2,-0.03,-0.4008
FPT,2014-07-08,15:07:09,HOSE,STOCK,50.0,53.0,46.5,49.9,50.5,49.5,49.9,49.82,7.489,7.579,7.429,7.489,7.477,668720.0,33312760000.0,0.0,0.0,-0.1,-0.015,-0.2
FPT,2014-07-07,15:07:08,HOSE,STOCK,49.5,53.5,46.5,49.9,51.5,49.9,50.0,50.39,7.489,7.729,7.489,7.504,7.563,1768130.0,89088530000.0,0.0,0.0,0.5,0.075,1.0101
FPT,2014-07-04,15:07:09,HOSE,STOCK,48.2,52.5,46.1,48.5,49.6,48.4,49.5,49.28,7.279,7.444,7.264,7.429,7.396,1789990.0,88207345000.0,0.0,0.0,1.3,0.1951,2.6971
FPT,2014-07-03,15:07:12,HOSE,STOCK,47.0,51.5,44.9,47.2,48.4,47.2,48.2,47.91,7.084,7.264,7.084,7.234,7.191,1296890.0,62133715000.0,0.0,0.0,1.2,0.1801,2.5532
FPT,2014-07-02,15:07:14,HOSE,STOCK,46.7,50.0,43.8,46.7,47.0,46.7,47.0,46.87,7.009,7.054,7.009,7.054,7.035,633630.0,29696964000.0,0.0,0.0,0.3,0.045,0.6424
FPT,2014-07-01,15:07:10,HOSE,STOCK,46.6,49.9,43.5,46.6,47.0,46.6,46.7,46.83,6.994,7.054,6.994,7.009,7.029,595450.0,27886349000.0,0.0,0.0,0.1,0.015,0.2146
FPT,2014-06-30,15:06:11,HOSE,STOCK,46.8,49.8,43.4,46.6,47.0,46.6,46.6,46.78,6.994,7.054,6.994,6.994,7.021,400120.0,18715696000.0,0.0,0.0,-0.2,-0.03,-0.4274
FPT,2014-06-27,15:06:10,HOSE,STOCK,46.5,50.0,43.6,46.4,47.4,46.4,46.8,46.96,6.964,7.114,6.964,7.024,7.048,1512800.0,71034034000.0,0.0,0.0,0.3,0.045,0.6452
FPT,2014-06-26,15:06:12,HOSE,STOCK,46.6,49.7,43.3,46.6,46.8,46.4,46.5,46.65,6.994,7.024,6.964,6.979,7.002,340790.0,15897026000.0,0.0,0.0,-0.1,-0.015,-0.2146
FPT,2014-06-25,15:06:09,HOSE,STOCK,46.2,49.8,43.4,46.4,46.9,46.3,46.6,46.69,6.964,7.039,6.949,6.994,7.008,535400.0,24998000000.0,0.0,0.0,0.4,0.06,0.8658
FPT,2014-06-24,15:06:10,HOSE,STOCK,45.9,49.4,43.0,45.8,46.3,45.7,46.2,45.93,6.874,6.949,6.859,6.934,6.893,314410.0,14441513000.0,0.0,0.0,0.3,0.045,0.6536
FPT,2014-06-23,15:06:13,HOSE,STOCK,46.2,49.1,42.7,46.2,46.2,45.8,45.9,45.97,6.934,6.934,6.874,6.889,6.899,208170.0,9569192000.0,0.0,0.0,-0.3,-0.045,-0.6494
FPT,2014-06-20,15:06:09,HOSE,STOCK,46.2,49.4,43.0,46.2,46.8,46.1,46.2,46.44,6.934,7.024,6.919,6.934,6.97,279210.0,12966226000.0,0.0,0.0,0.0,0.0,0.0
FPT,2014-06-19,15:06:11,HOSE,STOCK,46.6,49.4,43.0,46.6,46.8,45.2,46.2,45.92,6.994,7.024,6.784,6.934,6.892,1065490.0,48931374000.0,0.0,0.0,-0.4,-0.06,-0.8584
FPT,2014-06-18,15:06:46,HOSE,STOCK,46.9,49.8,43.4,46.9,47.0,46.6,46.6,46.8,7.039,7.054,6.994,6.994,7.024,391410.0,18317632000.0,0.0,0.0,-0.3,-0.045,-0.6397
FPT,2014-06-17,15:06:53,HOSE,STOCK,46.5,50.0,43.7,46.5,47.0,46.2,46.9,46.59,6.979,7.054,6.934,7.039,6.993,816170.0,38024669000.0,0.0,0.0,0.4,0.06,0.8602
FPT,2014-06-16,15:06:06,HOSE,STOCK,47.0,49.7,43.3,47.0,47.0,46.2,46.5,46.53,7.054,7.054,6.934,6.979,6.984,895350.0,41660979000.0,0.0,0.0,-0.5,-0.075,-1.0638
FPT,2014-06-13,15:06:06,HOSE,STOCK,47.1,50.0,43.8,47.1,47.2,46.8,47.0,47.04,7.069,7.084,7.024,7.054,7.06,453330.0,21326394000.0,0.0,0.0,-0.1,-0.015,-0.2123
FPT,2014-06-12,15:06:06,HOSE,STOCK,46.5,50.0,43.9,47.0,47.5,46.5,47.1,47.01,7.054,7.129,6.979,7.069,7.056,1051470.0,49424777000.0,0.0,0.0,0.6,0.0901,1.2903
FPT,2014-06-11,15:06:07,HOSE,STOCK,44.9,49.7,43.3,45.2,46.5,45.1,46.5,45.83,6.784,6.979,6.769,6.979,6.878,1506620.0,69050924000.0,0.0,0.0,1.6,0.2401,3.5635
FPT,2014-06-10,15:06:10,HOSE,STOCK,44.9,48.0,41.8,44.6,45.9,44.5,44.9,45.14,6.694,6.889,6.679,6.739,6.775,586890.0,26490328000.0,0.0,0.0,0.0,0.0,0.0
FPT,2014-06-09,15:06:06,HOSE,STOCK,45.0,48.0,41.8,45.2,45.4,44.7,44.9,45.03,6.784,6.814,6.709,6.739,6.758,563170.0,25356849000.0,0.0,0.0,-0.1,-0.015,-0.2222
FPT,2014-06-06,15:06:09,HOSE,STOCK,44.2,48.1,41.9,44.1,45.0,44.1,45.0,44.55,6.619,6.754,6.619,6.754,6.686,355690.0,15844445000.0,0.0,0.0,0.8,0.1201,1.81
FPT,2014-06-05,15:06:09,HOSE,STOCK,44.4,47.2,41.2,44.2,44.4,43.8,44.2,44.01,6.634,6.664,6.574,6.634,6.605,390740.0,17197379000.0,0.0,0.0,-0.2,-0.03,-0.4505
FPT,2014-06-04,15:06:12,HOSE,STOCK,45.2,47.5,41.3,45.2,45.3,44.0,44.4,44.65,6.784,6.799,6.604,6.664,6.701,653550.0,29178711000.0,0.0,0.0,-0.8,-0.1201,-1.7699
FPT,2014-06-03,15:06:09,HOSE,STOCK,45.4,48.3,42.1,45.2,45.7,45.1,45.2,45.31,6.784,6.859,6.769,6.784,6.8,377900.0,17121932000.0,0.0,0.0,-0.2,-0.03,-0.4405
FPT,2014-06-02,15:06:11,HOSE,STOCK,46.2,48.5,42.3,46.0,46.2,45.2,45.4,45.61,6.904,6.934,6.784,6.814,6.845,558490.0,25475373000.0,0.0,0.0,-0.8,-0.1201,-1.7316
FPT,2014-05-30,15:05:13,HOSE,STOCK,46.1,49.4,43.0,46.1,46.8,45.9,46.2,46.24,6.919,7.024,6.889,6.934,6.94,659030.0,30472776000.0,0.0,0.0,0.1,0.015,0.2169
FPT,2014-05-29,15:05:54,HOSE,STOCK,46.0,49.3,42.9,46.0,47.2,45.9,46.1,46.64,6.904,7.084,6.889,6.919,7.0,940410.0,43856138000.0,0.0,0.0,0.1,0.015,0.2174
FPT,2014-05-28,15:05:10,HOSE,STOCK,45.6,49.2,42.8,46.0,46.5,45.9,46.0,46.17,6.904,6.979,6.889,6.904,6.93,690790.0,31891491000.0,0.0,0.0,0.4,0.06,0.8772
FPT,2014-05-27,15:05:06,HOSE,STOCK,45.2,48.7,42.5,45.3,46.0,45.1,45.6,45.57,6.799,6.904,6.769,6.844,6.839,891290.0,40617406000.0,0.0,0.0,0.4,0.06,0.885
FPT,2014-05-26,15:05:10,HOSE,STOCK,45.4,48.3,42.1,45.0,45.4,44.6,45.2,45.04,6.754,6.814,6.694,6.784,6.76,686760.0,30930242000.0,0.0,0.0,-0.2,-0.03,-0.4405
FPT,2014-05-23,15:05:13,HOSE,STOCK,45.8,48.5,42.3,45.5,46.2,45.1,45.4,45.55,6.829,6.934,6.769,6.814,6.836,533720.0,24309517000.0,0.0,0.0,-0.4,-0.06,-0.8734
FPT,2014-05-22,15:05:10,HOSE,STOCK,46.2,49.0,42.6,46.2,46.4,45.6,45.8,46.0,6.934,6.964,6.844,6.874,6.904,1277180.0,58746182000.0,0.0,0.0,-0.4,-0.06,-0.8658
FPT,2014-05-21,15:05:11,HOSE,STOCK,44.4,49.4,43.0,44.4,46.4,44.0,46.2,45.56,6.664,6.964,6.604,6.934,6.838,1296900.0,59086603000.0,0.0,0.0,1.8,0.2702,4.0541
FPT,2014-05-20,15:05:15,HOSE,STOCK,44.0,47.5,41.3,43.9,44.4,43.2,44.4,43.89,6.589,6.664,6.484,6.664,6.587,1072290.0,47060478000.0,0.0,0.0,0.4,0.06,0.9091
FPT,2014-05-19,15:05:10,HOSE,STOCK,44.0,47.0,41.0,44.1,44.8,43.0,44.0,43.88,6.619,6.724,6.454,6.604,6.586,901880.0,39578061000.0,0.0,0.0,0.0,0.0,0.0
FPT,2014-05-16,16:05:00,HOSE,STOCK,41.5,47.0,41.0,41.5,44.0,41.4,44.0,42.74,6.229,6.604,6.214,6.604,6.415,1085770.0,46407181000.0,0.0,0.0,2.5,0.3752,6.0241
FPT,2014-05-15,15:05:07,HOSE,STOCK,43.2,44.4,38.6,43.5,44.6,40.3,41.5,42.78,6.529,6.694,6.048,6.229,6.421,1266670.0,54182616000.0,0.0,0.0,-1.7,-0.2552,-3.9352
FPT,2014-05-14,15:05:14,HOSE,STOCK,40.8,46.2,40.2,40.6,43.4,40.6,43.2,42.22,6.094,6.514,6.094,6.484,6.337,952710.0,40222658000.0,0.0,0.0,2.4,0.3602,5.8824
FPT,2014-05-13,15:05:12,HOSE,STOCK,43.1,43.6,38.0,40.3,42.4,40.1,40.8,40.65,6.048,6.364,6.018,6.124,6.101,2150110.0,87393944000.0,0.0,0.0,-2.3,-0.3452,-5.3364
FPT,2014-05-12,15:05:08,HOSE,STOCK,46.3,46.1,40.1,44.9,44.9,43.1,43.1,43.24,6.739,6.739,6.469,6.469,6.49,1232320.0,53286145000.0,0.0,0.0,-3.2,-0.4803,-6.9114
FPT,2014-05-09,15:05:11,HOSE,STOCK,47.5,49.5,43.1,46.0,47.5,44.8,46.3,46.53,6.904,7.129,6.724,6.949,6.984,1193120.0,55511195000.0,0.0,0.0,-1.2,-0.1801,-2.5263
FPT,2014-05-08,15:05:09,HOSE,STOCK,51.0,54.5,47.5,49.3,49.3,47.5,47.5,47.69,7.399,7.399,7.129,7.129,7.158,1858320.0,88628868000.0,0.0,0.0,-3.5,-0.5253,-6.8627
FPT,2014-05-07,15:05:12,HOSE,STOCK,65.0,54.5,47.5,52.0,52.5,50.5,51.0,51.32,7.805,7.88,7.579,7.654,7.702,1115910.0,57269125000.0,0.0,0.0,-14.0,-2.1011,-21.5385
FPT,2014-05-06,15:05:10,HOSE,STOCK,66.0,54.0,47.3,65.5,66.5,63.0,65.0,64.35,7.683,7.8,7.389,7.624,7.548,1567890.0,100889085000.0,0.0,0.0,-1.0,-0.1173,-1.5152
FPT,2014-05-05,15:05:08,HOSE,STOCK,68.5,70.5,61.5,69.0,69.0,66.0,66.0,67.26,8.093,8.093,7.741,7.741,7.889,1120840.0,75387590000.0,0.0,0.0,-2.5,-0.2932,-3.6496
FPT,2014-04-29,15:04:08,HOSE,STOCK,68.5,73.0,64.0,68.0,68.5,67.5,68.5,68.1,7.976,8.035,7.917,8.035,7.988,496380.0,33801235000.0,0.0,0.0,0.0,0.0,0.0
FPT,2014-04-28,15:04:10,HOSE,STOCK,67.5,73.0,64.0,68.0,69.0,67.5,68.5,68.22,7.976,8.093,7.917,8.035,8.002,917950.0,62624030000.0,0.0,0.0,1.0,0.1173,1.4815
FPT,2014-04-25,15:04:11,HOSE,STOCK,65.5,72.0,63.0,65.5,68.0,65.5,67.5,67.01,7.683,7.976,7.683,7.917,7.86,1127330.0,75540515000.0,0.0,0.0,2.0,0.2346,3.0534
FPT,2014-04-24,15:04:11,HOSE,STOCK,65.5,70.0,61.0,65.5,67.0,64.5,65.5,65.69,7.683,7.859,7.565,7.683,7.705,1121510.0,73673190000.0,0.0,0.0,0.0,0.0,0.0
FPT,2014-04-23,15:04:10,HOSE,STOCK,67.0,70.0,61.0,67.0,67.5,65.0,65.5,66.22,7.859,7.917,7.624,7.683,7.767,692970.0,45890935000.0,0.0,0.0,-1.5,-0.1759,-2.2388
FPT,2014-04-22,15:04:10,HOSE,STOCK,65.0,71.5,62.5,65.5,67.0,64.0,67.0,65.34,7.683,7.859,7.507,7.859,7.664,1077740.0,70416465000.0,0.0,0.0,2.0,0.2346,3.0769
FPT,2014-04-21,15:04:55,HOSE,STOCK,67.5,69.5,60.5,67.0,67.5,65.0,65.0,66.22,7.859,7.917,7.624,7.624,7.767,1218760.0,80711995000.0,0.0,0.0,-2.5,-0.2932,-3.7037
FPT,2014-04-18,15:04:11,HOSE,STOCK,70.0,72.0,63.0,70.0,70.0,67.5,67.5,68.58,8.21,8.21,7.917,7.917,8.044,1033560.0,70884080000.0,0.0,0.0,-2.5,-0.2932,-3.5714
FPT,2014-04-17,15:04:09,HOSE,STOCK,69.0,74.5,65.5,69.5,70.0,68.5,70.0,69.45,8.152,8.21,8.035,8.21,8.146,818960.0,56874755000.0,0.0,0.0,1.0,0.1173,1.4493
FPT,2014-04-16,15:04:08,HOSE,STOCK,70.5,73.5,64.5,70.0,70.5,68.0,69.0,69.14,8.21,8.269,7.976,8.093,8.11,1456070.0,100673100000.0,0.0,0.0,-1.5,-0.1759,-2.1277
FPT,2014-04-15,15:04:10,HOSE,STOCK,71.5,75.0,66.0,71.5,72.0,70.0,70.5,70.93,8.386,8.445,8.21,8.269,8.32,1217060.0,86323900000.0,0.0,0.0,-1.0,-0.1173,-1.3986
FPT,2014-04-14,15:04:10,HOSE,STOCK,70.5,75.0,66.0,71.0,72.5,70.5,71.5,71.56,8.328,8.504,8.269,8.386,8.393,1720820.0,123138860000.0,0.0,0.0,1.0,0.1173,1.4184
FPT,2014-04-11,15:04:08,HOSE,STOCK,70.0,75.0,66.0,69.5,71.0,69.5,70.5,70.09,8.152,8.328,8.152,8.269,8.221,924700.0,64809930000.0,0.0,0.0,0.5,0.0586,0.7143
FPT,2014-04-10,15:04:08,HOSE,STOCK,70.5,75.0,66.0,71.0,71.0,70.0,70.0,70.67,8.328,8.328,8.21,8.21,8.289,912440.0,64482945000.0,0.0,0.0,-0.5,-0.0586,-0.7092
FPT,2014-04-08,15:04:08,HOSE,STOCK,69.5,75.0,66.0,70.0,71.5,70.0,70.5,70.64,8.21,8.386,8.21,8.269,8.286,1878400.0,132698210000.0,0.0,0.0,1.0,0.1173,1.4388
FPT,2014-04-07,15:04:10,HOSE,STOCK,68.0,74.0,65.0,68.5,70.0,68.0,69.5,68.7,8.035,8.21,7.976,8.152,8.058,1118980.0,76872840000.0,0.0,0.0,1.5,0.1759,2.2059
FPT,2014-04-04,15:04:13,HOSE,STOCK,68.5,72.5,63.5,68.5,69.0,67.5,68.0,68.28,8.035,8.093,7.917,7.976,8.009,830330.0,56695645000.0,0.0,0.0,-0.5,-0.0586,-0.7299
FPT,2014-04-03,15:04:08,HOSE,STOCK,68.0,73.0,64.0,68.5,69.0,67.5,68.5,68.4,8.035,8.093,7.917,8.035,8.023,590550.0,40393470000.0,0.0,0.0,0.5,0.0586,0.7353
FPT,2014-04-02,15:04:08,HOSE,STOCK,69.0,72.5,63.5,69.0,70.0,66.5,68.0,67.79,8.093,8.21,7.8,7.976,7.951,1636330.0,110929100000.0,0.0,0.0,-1.0,-0.1173,-1.4493
FPT,2014-04-01,15:04:11,HOSE,STOCK,70.0,73.5,64.5,70.0,70.0,68.0,69.0,68.88,8.21,8.21,7.976,8.093,8.079,737670.0,50814385000.0,0.0,0.0,-1.0,-0.1173,-1.4286
FPT,2014-03-31,15:03:08,HOSE,STOCK,70.5,74.5,65.5,72.0,72.0,69.5,70.0,70.21,8.445,8.445,8.152,8.21,8.235,860380.0,60410475000.0,0.0,0.0,-0.5,-0.0586,-0.7092
FPT,2014-03-28,15:03:08,HOSE,STOCK,68.0,75.0,66.0,69.0,71.0,68.5,70.5,69.83,8.093,8.328,8.035,8.269,8.191,994670.0,69455920000.0,0.0,0.0,2.5,0.2932,3.6765
FPT,2014-03-27,15:03:11,HOSE,STOCK,68.0,72.5,63.5,68.0,68.5,67.0,68.0,67.61,7.976,8.035,7.859,7.976,7.93,944990.0,63887130000.0,0.0,0.0,0.0,0.0,0.0
FPT,2014-03-26,15:03:05,HOSE,STOCK,69.5,72.5,63.5,70.0,70.5,67.5,68.0,68.87,8.21,8.269,7.917,7.976,8.078,1658730.0,114233320000.0,0.0,0.0,-1.5,-0.1759,-2.1583
FPT,2014-03-25,15:03:10,HOSE,STOCK,71.0,74.0,65.0,71.0,71.5,69.5,69.5,70.49,8.328,8.386,8.152,8.152,8.268,1139950.0,80358410000.0,0.0,0.0,-1.5,-0.1759,-2.1127
FPT,2014-03-24,15:03:08,HOSE,STOCK,71.5,75.5,66.5,71.0,72.0,71.0,71.0,71.36,8.328,8.445,8.328,8.328,8.37,719940.0,51376135000.0,0.0,0.0,-0.5,-0.0586,-0.6993
FPT,2014-03-21,17:03:42,HOSE,STOCK,71.0,75.5,66.5,71.0,72.5,70.5,71.5,71.417,8.328,8.504,8.269,8.386,8.377,963090.0,68781000000.0,0.0,0.0,0.5,0.0586,0.7042
FPT,2014-03-20,15:03:09,HOSE,STOCK,72.0,75.5,66.5,72.0,72.5,70.5,71.0,71.09,8.445,8.504,8.269,8.328,8.338,993620.0,70636380000.0,0.0,0.0,-1.0,-0.1173,-1.3889
FPT,2014-03-19,15:03:08,HOSE,STOCK,71.0,77.0,67.0,71.5,73.0,71.5,72.0,72.15,8.386,8.562,8.386,8.445,8.463,567100.0,40918375000.0,0.0,0.0,1.0,0.1173,1.4085
FPT,2014-03-18,15:03:09,HOSE,STOCK,67.5,75.5,66.5,67.5,72.0,67.0,71.0,69.94,7.917,8.445,7.859,8.328,8.203,2210540.0,154607770000.0,0.0,0.0,3.5,0.4105,5.1852
FPT,2014-03-17,15:03:24,HOSE,STOCK,67.5,72.0,63.0,68.5,68.5,67.5,67.5,67.59,8.035,8.035,7.917,7.917,7.928,960750.0,64935120000.0,0.0,0.0,0.0,0.0,0.0
FPT,2014-03-14,15:03:05,HOSE,STOCK,68.0,72.0,63.0,68.0,68.5,67.0,67.5,67.53,7.976,8.035,7.859,7.917,7.921,1435730.0,96960225000.0,0.0,0.0,-0.5,-0.0586,-0.7353
FPT,2014-03-13,15:03:08,HOSE,STOCK,67.5,72.5,63.5,68.0,68.5,67.5,68.0,67.9,7.976,8.035,7.917,7.976,7.964,906880.0,61577875000.0,0.0,0.0,0.5,0.0586,0.7407
FPT,2014-03-12,15:03:06,HOSE,STOCK,67.0,72.0,63.0,69.5,70.0,67.5,67.5,68.71,8.152,8.21,7.917,7.917,8.059,1966080.0,135086700000.0,0.0,0.0,0.5,0.0586,0.7463
FPT,2014-03-11,15:03:05,HOSE,STOCK,63.5,71.5,62.5,63.5,67.5,62.5,67.0,65.3,7.448,7.917,7.331,7.859,7.659,2154020.0,140659895000.0,0.0,0.0,3.5,0.4105,5.5118
FPT,2014-03-10,15:03:07,HOSE,STOCK,63.0,67.5,59.5,63.0,63.5,62.5,63.5,63.0,7.389,7.448,7.331,7.448,7.389,505430.0,31840965000.0,0.0,0.0,0.5,0.0586,0.7937
FPT,2014-03-07,15:03:10,HOSE,STOCK,62.5,67.0,59.0,62.5,63.5,61.5,63.0,62.71,7.331,7.448,7.214,7.389,7.355,1032190.0,64729380000.0,0.0,0.0,0.5,0.0586,0.8
FPT,2014-03-06,15:03:09,HOSE,STOCK,62.0,66.5,58.5,62.0,63.0,61.5,62.5,62.16,7.272,7.389,7.214,7.331,7.291,706070.0,43890140000.0,0.0,0.0,0.5,0.0586,0.8065
FPT,2014-03-05,15:03:10,HOSE,STOCK,61.0,66.0,58.0,62.0,62.5,61.0,62.0,61.6,7.272,7.331,7.155,7.272,7.225,611560.0,37672830000.0,0.0,0.0,1.0,0.1173,1.6393
FPT,2014-03-04,15:03:09,HOSE,STOCK,61.5,65.0,57.0,61.0,61.5,60.0,61.0,60.62,7.155,7.214,7.038,7.155,7.11,962100.0,58327090000.0,0.0,0.0,-0.5,-0.0586,-0.813
FPT,2014-03-03,15:03:11,HOSE,STOCK,64.0,65.5,57.5,63.5,64.0,61.0,61.5,62.51,7.448,7.507,7.155,7.214,7.332,1112540.0,69546650000.0,0.0,0.0,-2.5,-0.2933,-3.9063
FPT,2014-02-28,15:02:21,HOSE,STOCK,63.0,68.0,60.0,63.0,64.0,62.0,64.0,62.68,7.389,7.507,7.272,7.507,7.352,1111220.0,69653935000.0,0.0,0.0,1.0,0.1173,1.5873
FPT,2014-02-27,15:02:07,HOSE,STOCK,64.5,67.0,59.0,64.0,65.0,63.0,63.0,64.09,7.507,7.624,7.389,7.389,7.517,1165490.0,74695180000.0,0.0,0.0,-1.5,-0.1759,-2.3256
FPT,2014-02-26,15:02:08,HOSE,STOCK,61.5,69.0,60.0,62.0,64.5,61.5,64.5,63.22,7.272,7.565,7.214,7.565,7.415,2226350.0,140748865000.0,0.0,0.0,3.0,0.3519,4.878
FPT,2014-02-25,15:02:08,HOSE,STOCK,59.5,65.5,57.5,58.5,61.5,58.5,61.5,60.31,6.862,7.214,6.862,7.214,7.074,1577680.0,95154490000.0,0.0,0.0,2.0,0.2346,3.3613
FPT,2014-02-24,15:02:08,HOSE,STOCK,58.0,63.5,55.5,58.0,59.5,57.0,59.5,58.57,6.803,6.979,6.686,6.979,6.87,979350.0,57364800000.0,0.0,0.0,1.5,0.1759,2.5862
FPT,2014-02-21,15:02:07,HOSE,STOCK,57.0,62.0,54.0,57.0,58.5,55.5,58.0,57.2,6.686,6.862,6.51,6.803,6.709,689100.0,39419280000.0,0.0,0.0,1.0,0.1173,1.7544
FPT,2014-02-20,15:02:16,HOSE,STOCK,59.0,60.5,53.5,59.0,60.0,55.5,57.0,57.77,6.92,7.038,6.51,6.686,6.776,1074480.0,62067770000.0,0.0,0.0,-2.0,-0.2346,-3.3898
FPT,2014-02-19,15:02:07,HOSE,STOCK,57.0,63.0,55.0,57.0,59.0,57.0,59.0,57.68,6.686,6.92,6.686,6.92,6.765,999370.0,57639310000.0,0.0,0.0,2.0,0.2346,3.5088
FPT,2014-02-18,15:02:08,HOSE,STOCK,56.0,60.5,53.5,56.0,57.0,55.5,57.0,56.23,6.568,6.686,6.51,6.686,6.595,505020.0,28394845000.0,0.0,0.0,1.0,0.1173,1.7857
FPT,2014-02-17,15:02:07,HOSE,STOCK,56.5,59.5,52.5,56.0,57.0,55.5,56.0,56.24,6.568,6.686,6.51,6.568,6.597,359620.0,20226540000.0,0.0,0.0,-0.5,-0.0586,-0.885
FPT,2014-02-14,15:02:06,HOSE,STOCK,57.0,60.0,53.0,57.0,57.5,56.0,56.5,56.67,6.686,6.744,6.568,6.627,6.647,540290.0,30618010000.0,0.0,0.0,-0.5,-0.0586,-0.8772
FPT,2014-02-13,15:02:06,HOSE,STOCK,57.0,60.5,53.5,57.0,57.5,56.0,57.0,56.91,6.686,6.744,6.568,6.686,6.675,621020.0,35344860000.0,0.0,0.0,0.0,0.0,0.0
FPT,2014-02-12,15:02:06,HOSE,STOCK,55.0,60.5,53.5,55.5,57.0,55.5,57.0,56.03,6.51,6.686,6.51,6.686,6.572,978110.0,54804565000.0,0.0,0.0,2.0,0.2346,3.6364
FPT,2014-02-11,15:02:13,HOSE,STOCK,55.5,58.5,51.5,56.0,56.5,54.5,55.0,55.91,6.568,6.627,6.392,6.451,6.558,1257350.0,70292565000.0,0.0,0.0,-0.5,-0.0586,-0.9009
FPT,2014-02-10,15:02:21,HOSE,STOCK,53.5,59.0,52.0,54.0,56.0,53.0,55.5,54.89,6.334,6.568,6.217,6.51,6.438,611330.0,33553215000.0,0.0,0.0,2.0,0.2346,3.7383
FPT,2014-02-07,15:02:07,HOSE,STOCK,54.5,57.0,49.8,54.5,55.0,53.5,53.5,54.32,6.392,6.451,6.275,6.275,6.371,753990.0,40954545000.0,0.0,0.0,-1.0,-0.1173,-1.8349
FPT,2014-02-06,15:02:10,HOSE,STOCK,55.5,58.0,51.0,55.0,55.5,53.5,54.5,54.63,6.451,6.51,6.275,6.392,6.408,538550.0,29423210000.0,0.0,0.0,-1.0,-0.1173,-1.8018
FPT,2014-01-27,15:01:16,HOSE,STOCK,55.5,59.0,52.0,56.0,56.5,55.0,55.5,55.81,6.568,6.627,6.451,6.51,6.546,613960.0,34265225000.0,0.0,0.0,0.0,0.0,0.0
FPT,2014-01-24,15:01:07,HOSE,STOCK,54.5,59.5,52.5,55.0,56.5,54.0,56.0,55.45,6.451,6.627,6.334,6.568,6.504,836990.0,46413560000.0,0.0,0.0,1.5,0.1759,2.7523
FPT,2014-01-23,15:01:08,HOSE,STOCK,53.0,58.0,51.0,53.0,54.5,52.5,54.5,53.67,6.217,6.392,6.158,6.392,6.295,476170.0,25555665000.0,0.0,0.0,1.5,0.1759,2.8302
FPT,2014-01-22,15:01:13,HOSE,STOCK,53.0,56.5,49.3,53.5,54.0,52.0,53.0,52.99,6.275,6.334,6.099,6.217,6.215,650280.0,34456080000.0,0.0,0.0,0.0,0.0,0.0
FPT,2014-01-21,15:01:07,HOSE,STOCK,52.0,56.5,49.3,52.0,53.0,51.5,53.0,52.05,6.099,6.217,6.041,6.217,6.105,647850.0,33721615000.0,0.0,0.0,1.0,0.1173,1.9231
FPT,2014-01-20,15:01:08,HOSE,STOCK,51.5,55.5,48.4,51.5,53.5,51.5,52.0,52.15,6.041,6.275,6.041,6.099,6.117,883960.0,46095150000.0,0.0,0.0,0.5,0.0586,0.9709
FPT,2014-01-17,15:01:06,HOSE,STOCK,50.5,55.0,47.9,51.0,52.5,50.5,51.5,51.43,5.982,6.158,5.923,6.041,6.032,1192920.0,61350195000.0,0.0,0.0,1.0,0.1173,1.9802
FPT,2014-01-16,15:01:09,HOSE,STOCK,50.0,54.0,47.0,51.0,51.0,50.0,50.5,50.29,5.982,5.982,5.865,5.923,5.899,915150.0,46019935000.0,0.0,0.0,0.5,0.0586,1.0
FPT,2014-01-15,15:01:07,HOSE,STOCK,49.2,53.5,46.5,49.6,51.5,49.5,50.0,50.31,5.818,6.041,5.806,5.865,5.901,1440070.0,72448878000.0,0.0,0.0,0.8,0.0938,1.626
FPT,2014-01-14,15:01:07,HOSE,STOCK,49.1,52.5,45.8,49.1,49.9,49.0,49.2,49.38,5.759,5.853,5.747,5.771,5.792,757320.0,37399270000.0,0.0,0.0,0.1,0.0117,0.2037
FPT,2014-01-13,15:01:07,HOSE,STOCK,48.7,52.5,45.7,49.0,49.4,48.7,49.1,49.08,5.747,5.794,5.712,5.759,5.757,773230.0,37950369000.0,0.0,0.0,0.4,0.0469,0.8214
FPT,2014-01-10,15:01:07,HOSE,STOCK,48.4,52.0,45.3,48.5,49.5,48.5,48.7,49.01,5.689,5.806,5.689,5.712,5.749,704840.0,34541421000.0,0.0,0.0,0.3,0.0352,0.6198
FPT,2014-01-09,15:01:09,HOSE,STOCK,47.8,51.5,45.1,47.7,48.4,47.7,48.4,48.11,5.595,5.677,5.595,5.677,5.643,317250.0,15262327000.0,0.0,0.0,0.6,0.0704,1.2552
FPT,2014-01-08,15:01:14,HOSE,STOCK,47.5,51.0,44.5,47.4,48.0,47.4,47.8,47.8,5.56,5.63,5.56,5.607,5.607,129600.0,6194592000.0,0.0,0.0,0.3,0.0352,0.6316
FPT,2014-01-07,15:01:05,HOSE,STOCK,48.0,51.0,44.7,48.0,48.0,47.5,47.5,47.79,5.63,5.63,5.571,5.571,5.605,290990.0,13906297000.0,0.0,0.0,-0.5,-0.0586,-1.0417
FPT,2014-01-06,15:01:07,HOSE,STOCK,47.3,51.0,44.7,47.3,48.0,47.0,48.0,47.36,5.548,5.63,5.513,5.63,5.555,301670.0,14285616000.0,0.0,0.0,0.7,0.0821,1.4799
FPT,2014-01-03,15:01:07,HOSE,STOCK,47.4,50.5,44.0,47.3,47.4,47.0,47.3,47.22,5.548,5.56,5.513,5.548,5.539,165110.0,7796235000.0,0.0,0.0,-0.1,-0.0117,-0.211
FPT,2014-01-02,15:01:09,HOSE,STOCK,47.1,50.0,43.9,47.6,47.8,47.2,47.4,47.55,5.583,5.607,5.536,5.56,5.577,207470.0,9865116000.0,0.0,0.0,0.3,0.0352,0.6369
FPT,2013-12-31,15:12:05,HOSE,STOCK,46.7,50.0,43.9,46.9,48.0,46.5,47.1,47.0,5.501,5.63,5.454,5.524,5.513,602000.0,28294135000.0,0.0,0.0,0.4,0.0469,0.8565
FPT,2013-12-30,15:12:10,HOSE,STOCK,47.1,49.9,43.5,47.4,47.4,46.7,46.7,46.92,5.56,5.56,5.478,5.478,5.503,365750.0,17159753000.0,0.0,0.0,-0.4,-0.0469,-0.8493
FPT,2013-12-27,16:12:11,HOSE,STOCK,47.1,50.0,43.9,47.2,47.4,47.1,47.1,47.19,5.536,5.56,5.524,5.524,5.535,185110.0,8736134000.0,0.0,0.0,0.0,0.0,0.0
FPT,2013-12-26,15:12:05,HOSE,STOCK,46.8,50.0,43.9,46.8,47.4,46.8,47.1,47.18,5.489,5.56,5.489,5.524,5.534,443380.0,20920636000.0,0.0,0.0,0.3,0.0352,0.641
FPT,2013-12-25,15:12:30,HOSE,STOCK,46.9,50.0,43.6,47.0,47.0,46.8,46.8,46.9,5.513,5.513,5.489,5.489,5.501,315920.0,14817764000.0,0.0,0.0,-0.1,-0.0117,-0.2132
FPT,2013-12-24,15:12:05,HOSE,STOCK,47.2,50.0,43.7,47.1,47.2,46.9,46.9,47.01,5.524,5.536,5.501,5.501,5.514,219700.0,10327313000.0,0.0,0.0,-0.3,-0.0352,-0.6356
FPT,2013-12-23,15:12:05,HOSE,STOCK,47.0,50.0,43.8,47.0,47.5,47.0,47.2,47.13,5.513,5.571,5.513,5.536,5.528,132970.0,6267381000.0,0.0,0.0,0.2,0.0235,0.4255
FPT,2013-12-20,16:12:45,HOSE,STOCK,47.3,50.0,43.8,47.5,47.5,47.0,47.0,47.22,5.571,5.571,5.513,5.513,5.539,169680.0,8012229000.0,0.0,0.0,-0.3,-0.0352,-0.6342
FPT,2013-12-19,15:12:07,HOSE,STOCK,47.3,50.5,44.0,47.3,47.5,47.2,47.3,47.36,5.548,5.571,5.536,5.548,5.555,222690.0,10547597000.0,0.0,0.0,0.0,0.0,0.0
FPT,2013-12-18,15:12:11,HOSE,STOCK,47.2,50.5,44.0,47.4,47.4,47.0,47.3,47.18,5.56,5.56,5.513,5.548,5.534,127750.0,6027872000.0,0.0,0.0,0.1,0.0117,0.2119
FPT,2013-12-17,15:12:05,HOSE,STOCK,47.2,50.5,43.9,47.2,47.4,47.1,47.2,47.18,5.536,5.56,5.524,5.536,5.534,118230.0,5577761000.0,0.0,0.0,0.0,0.0,0.0
FPT,2013-12-16,15:12:07,HOSE,STOCK,47.2,50.5,43.9,47.2,47.3,47.0,47.2,47.13,5.536,5.548,5.513,5.536,5.528,106870.0,5036971000.0,0.0,0.0,0.0,0.0,0.0
FPT,2013-12-13,15:12:07,HOSE,STOCK,46.8,50.5,43.9,47.1,47.5,47.0,47.2,47.28,5.524,5.571,5.513,5.536,5.546,191610.0,9059870000.0,0.0,0.0,0.4,0.0469,0.8547
FPT,2013-12-12,15:12:08,HOSE,STOCK,46.8,50.0,43.6,46.8,46.8,46.4,46.8,46.54,5.489,5.489,5.442,5.489,5.459,332300.0,15465018000.0,0.0,0.0,0.0,0.0,0.0
FPT,2013-12-11,16:12:44,HOSE,STOCK,47.2,50.0,43.6,47.2,47.2,46.5,46.8,46.8,5.536,5.536,5.454,5.489,5.489,328330.0,15366701000.0,0.0,0.0,-0.4,-0.0469,-0.8475
FPT,2013-12-10,15:12:09,HOSE,STOCK,47.5,50.5,43.9,47.5,47.5,47.1,47.2,47.23,5.571,5.571,5.524,5.536,5.54,364830.0,17231794000.0,0.0,0.0,-0.3,-0.0352,-0.6316
FPT,2013-12-09,15:12:24,HOSE,STOCK,48.0,50.5,44.2,48.0,48.0,47.5,47.5,47.8,5.63,5.63,5.571,5.571,5.607,376760.0,18008192000.0,0.0,0.0,-0.5,-0.0586,-1.0417
FPT,2013-12-06,15:12:08,HOSE,STOCK,48.1,51.0,44.7,48.1,48.2,47.7,48.0,47.98,5.642,5.654,5.595,5.63,5.628,509580.0,24449646000.0,0.0,0.0,-0.1,-0.0117,-0.2079
FPT,2013-12-05,15:12:15,HOSE,STOCK,48.8,51.0,44.8,48.8,48.8,48.1,48.1,48.39,5.724,5.724,5.642,5.642,5.676,712960.0,34498660000.0,0.0,0.0,-0.7,-0.0821,-1.4344
FPT,2013-12-04,15:12:08,HOSE,STOCK,48.8,52.0,45.4,49.1,49.1,48.7,48.8,48.88,5.759,5.759,5.712,5.724,5.733,464680.0,22712186000.0,0.0,0.0,0.0,0.0,0.0
FPT,2013-12-03,15:12:03,HOSE,STOCK,48.3,52.0,45.4,48.1,49.5,48.0,48.8,48.72,5.642,5.806,5.63,5.724,5.715,1303680.0,63521367000.0,0.0,0.0,0.5,0.0586,1.0352
FPT,2013-12-02,15:12:10,HOSE,STOCK,48.1,51.5,45.0,48.3,48.4,48.0,48.3,48.19,5.665,5.677,5.63,5.665,5.652,287190.0,13840290000.0,0.0,0.0,0.2,0.0235,0.4158
FPT,2013-11-29,15:11:05,HOSE,STOCK,48.4,51.0,44.8,48.3,48.5,48.1,48.1,48.23,5.665,5.689,5.642,5.642,5.657,190290.0,9177335000.0,0.0,0.0,-0.3,-0.0352,-0.6198
FPT,2013-11-28,15:11:18,HOSE,STOCK,48.6,51.5,45.1,48.4,48.7,48.4,48.4,48.52,5.677,5.712,5.677,5.677,5.691,153520.0,7448814000.0,0.0,0.0,-0.2,-0.0235,-0.4115
FPT,2013-11-27,15:11:09,HOSE,STOCK,48.6,52.0,45.2,48.7,48.8,48.3,48.6,48.59,5.712,5.724,5.665,5.7,5.699,204670.0,9944402000.0,0.0,0.0,0.0,0.0,0.0
FPT,2013-11-26,15:11:14,HOSE,STOCK,48.6,52.0,45.2,48.5,48.7,48.3,48.6,48.53,5.689,5.712,5.665,5.7,5.692,279960.0,13586799000.0,0.0,0.0,0.0,0.0,0.0
FPT,2013-11-25,17:11:56,HOSE,STOCK,48.5,52.0,45.2,48.6,48.8,48.3,48.6,48.64,5.7,5.724,5.665,5.7,5.705,447070.0,21745932000.0,0.0,0.0,0.1,0.0117,0.2062
FPT,2013-11-22,15:11:11,HOSE,STOCK,48.0,51.5,45.2,48.2,48.6,47.9,48.5,48.38,5.654,5.7,5.618,5.689,5.675,175950.0,8512703000.0,0.0,0.0,0.5,0.0586,1.0417
FPT,2013-11-21,15:11:07,HOSE,STOCK,48.1,51.0,44.7,48.2,50.0,48.0,48.0,48.38,5.654,5.865,5.63,5.63,5.675,472460.0,22859802000.0,0.0,0.0,-0.1,-0.0117,-0.2079
FPT,2013-11-20,15:11:53,HOSE,STOCK,48.3,51.0,44.8,48.3,48.3,47.7,48.1,48.01,5.665,5.665,5.595,5.642,5.631,273870.0,13149738000.0,0.0,0.0,-0.2,-0.0235,-0.4141
FPT,2013-11-19,15:11:08,HOSE,STOCK,48.1,51.5,45.0,48.2,48.4,48.0,48.3,48.24,5.654,5.677,5.63,5.665,5.658,314080.0,15152568000.0,0.0,0.0,0.2,0.0235,0.4158
FPT,2013-11-18,21:11:48,HOSE,STOCK,47.6,51.0,44.8,48.0,48.6,47.9,48.1,48.298,5.63,5.7,5.618,5.642,5.665,518370.0,25036000000.0,0.0,0.0,0.5,0.0586,1.0504
FPT,2013-11-15,16:11:48,HOSE,STOCK,46.3,49.5,43.1,46.5,47.7,46.5,47.6,47.28,5.454,5.595,5.454,5.583,5.546,707550.0,33449785000.0,0.0,0.0,1.3,0.1525,2.8078
FPT,2013-11-14,15:11:09,HOSE,STOCK,46.2,49.5,43.1,46.3,46.5,46.2,46.3,46.33,5.431,5.454,5.419,5.431,5.434,108680.0,5035529000.0,0.0,0.0,0.1,0.0117,0.2165
FPT,2013-11-13,16:11:02,HOSE,STOCK,46.3,49.4,43.0,46.5,46.5,46.1,46.2,46.25,5.454,5.454,5.407,5.419,5.425,77830.0,3599303000.0,0.0,0.0,-0.1,-0.0117,-0.216
FPT,2013-11-12,16:11:38,HOSE,STOCK,46.1,49.5,43.1,46.1,46.6,46.1,46.3,46.33,5.407,5.466,5.407,5.431,5.434,277180.0,12842515000.0,0.0,0.0,0.2,0.0235,0.4338
FPT,2013-11-11,15:11:35,HOSE,STOCK,46.0,49.3,42.9,46.1,46.2,45.9,46.1,46.06,5.407,5.419,5.384,5.407,5.403,147110.0,6775345000.0,0.0,0.0,0.1,0.0117,0.2174
FPT,2013-11-08,15:11:57,HOSE,STOCK,45.8,49.2,42.8,45.8,46.0,45.8,46.0,45.97,5.372,5.395,5.372,5.395,5.392,142130.0,6533368000.0,0.0,0.0,0.2,0.0235,0.4367
FPT,2013-11-07,15:11:02,HOSE,STOCK,46.1,49.0,42.6,46.0,46.1,45.8,45.8,45.97,5.395,5.407,5.372,5.372,5.392,205880.0,9463685000.0,0.0,0.0,-0.3,-0.0352,-0.6508
FPT,2013-11-06,16:11:11,HOSE,STOCK,45.9,49.3,42.9,46.0,46.1,45.9,46.1,45.98,5.395,5.407,5.384,5.407,5.393,147130.0,6765155000.0,0.0,0.0,0.2,0.0235,0.4357
FPT,2013-11-05,15:11:56,HOSE,STOCK,46.0,49.1,42.7,46.0,46.0,45.9,45.9,45.97,5.395,5.395,5.384,5.384,5.392,170070.0,7817870000.0,0.0,0.0,-0.1,-0.0117,-0.2174
FPT,2013-11-04,15:11:03,HOSE,STOCK,46.0,49.2,42.8,46.1,46.1,45.8,46.0,45.91,5.407,5.407,5.372,5.395,5.385,55500.0,2548131000.0,0.0,0.0,0.0,0.0,0.0
FPT,2013-11-01,15:11:16,HOSE,STOCK,45.8,49.2,42.8,46.0,46.0,45.8,46.0,45.94,5.395,5.395,5.372,5.395,5.388,124810.0,5733828000.0,0.0,0.0,0.2,0.0235,0.4367
FPT,2013-10-31,15:10:00,HOSE,STOCK,46.0,49.0,42.6,46.1,46.1,45.8,45.8,45.96,5.407,5.407,5.372,5.372,5.391,136460.0,6272142000.0,0.0,0.0,-0.2,-0.0235,-0.4348
FPT,2013-10-30,15:10:03,HOSE,STOCK,45.6,49.2,42.8,45.6,46.3,45.6,46.0,46.03,5.349,5.431,5.349,5.395,5.399,251170.0,11560123000.0,0.0,0.0,0.4,0.0469,0.8772
FPT,2013-10-29,15:10:05,HOSE,STOCK,45.4,48.7,42.5,45.2,45.7,45.2,45.6,45.42,5.302,5.36,5.302,5.349,5.327,118960.0,5403418000.0,0.0,0.0,0.2,0.0235,0.4405
FPT,2013-10-28,16:10:31,HOSE,STOCK,45.6,48.5,42.3,46.0,46.0,45.4,45.4,45.47,5.395,5.395,5.325,5.325,5.333,90570.0,4118246000.0,0.0,0.0,-0.2,-0.0235,-0.4386
FPT,2013-10-25,15:10:06,HOSE,STOCK,46.0,48.7,42.5,45.9,46.0,45.5,45.6,45.81,5.384,5.395,5.337,5.349,5.373,257460.0,11793331000.0,0.0,0.0,-0.4,-0.0469,-0.8696
FPT,2013-10-24,16:10:19,HOSE,STOCK,46.2,49.4,43.0,46.0,46.5,46.0,46.0,46.19,5.395,5.454,5.395,5.395,5.418,257910.0,11913539000.0,0.0,0.0,-0.2,-0.0235,-0.4329
FPT,2013-10-23,17:10:41,HOSE,STOCK,46.0,49.2,42.8,45.8,46.2,45.8,46.2,46.066,5.372,5.419,5.372,5.419,5.403,228910.0,10545000000.0,0.0,0.0,0.2,0.0235,0.4348
FPT,2013-10-22,15:10:08,HOSE,STOCK,46.2,49.2,42.8,45.9,46.2,45.9,46.0,45.974,5.384,5.419,5.384,5.395,5.392,213510.0,9815831000.0,0.0,0.0,-0.2,-0.0235,-0.4329
FPT,2013-10-21,15:10:07,HOSE,STOCK,46.2,49.4,43.0,46.2,46.6,46.1,46.2,46.36,5.419,5.466,5.407,5.419,5.438,357910.0,16594410000.0,0.0,0.0,0.0,0.0,0.0
FPT,2013-10-18,15:10:12,HOSE,STOCK,45.9,49.4,43.0,46.0,46.8,46.0,46.2,46.46,5.395,5.489,5.395,5.419,5.449,470030.0,21837595000.0,0.0,0.0,0.3,0.0352,0.6536
FPT,2013-10-17,15:10:08,HOSE,STOCK,45.7,48.8,42.6,46.1,46.4,45.7,45.9,46.04,5.407,5.442,5.36,5.384,5.4,413030.0,19015520000.0,0.0,0.0,0.2,0.0235,0.4376
FPT,2013-10-16,15:10:08,HOSE,STOCK,45.5,48.8,42.6,45.7,45.7,45.3,45.7,45.55,5.36,5.36,5.313,5.36,5.343,361750.0,16478164000.0,0.0,0.0,0.2,0.0235,0.4396
FPT,2013-10-15,15:10:11,HOSE,STOCK,44.9,48.6,42.4,45.1,45.5,45.0,45.5,45.11,5.29,5.337,5.278,5.337,5.291,147540.0,6655470000.0,0.0,0.0,0.6,0.0704,1.3363
FPT,2013-10-14,15:10:15,HOSE,STOCK,45.0,48.0,41.8,45.1,45.1,44.7,44.9,44.89,5.29,5.29,5.243,5.266,5.265,164050.0,7364259000.0,0.0,0.0,-0.1,-0.0117,-0.2222
FPT,2013-10-11,15:10:07,HOSE,STOCK,45.1,48.2,42.0,45.3,45.5,44.9,45.0,45.16,5.313,5.337,5.266,5.278,5.297,194600.0,8787395000.0,0.0,0.0,-0.1,-0.0117,-0.2217
FPT,2013-10-10,15:10:08,HOSE,STOCK,45.7,48.2,42.0,45.6,45.8,45.1,45.1,45.4,5.349,5.372,5.29,5.29,5.325,259470.0,11779702000.0,0.0,0.0,-0.6,-0.0704,-1.3129
FPT,2013-10-09,15:10:08,HOSE,STOCK,45.9,49.1,42.7,45.9,46.1,45.6,45.7,45.86,5.384,5.407,5.349,5.36,5.379,203180.0,9317134000.0,0.0,0.0,-0.2,-0.0235,-0.4357
FPT,2013-10-08,15:10:09,HOSE,STOCK,46.1,49.3,42.9,46.1,46.1,45.6,45.9,45.85,5.407,5.407,5.349,5.384,5.378,150880.0,6917410000.0,0.0,0.0,-0.2,-0.0235,-0.4338
FPT,2013-10-07,15:10:05,HOSE,STOCK,45.6,48.7,42.5,45.5,46.3,45.5,46.1,45.94,5.337,5.431,5.337,5.407,5.388,244840.0,11247277000.0,0.0,0.0,0.5,0.0586,1.0965
FPT,2013-10-04,15:10:05,HOSE,STOCK,44.8,47.9,41.7,45.0,45.8,44.8,45.6,45.42,5.278,5.372,5.255,5.349,5.327,435780.0,19791456000.0,0.0,0.0,0.8,0.0938,1.7857
FPT,2013-10-03,15:10:12,HOSE,STOCK,45.1,47.9,41.7,45.1,45.1,44.7,44.8,44.91,5.29,5.29,5.243,5.255,5.268,180150.0,8089840000.0,0.0,0.0,-0.3,-0.0352,-0.6652
FPT,2013-10-02,15:10:10,HOSE,STOCK,44.8,48.2,42.0,44.8,45.2,44.8,45.1,45.04,5.255,5.302,5.255,5.29,5.283,125270.0,5641698000.0,0.0,0.0,0.3,0.0352,0.6696
FPT,2013-10-01,15:10:05,HOSE,STOCK,45.1,48.2,42.0,44.9,45.3,44.8,44.8,45.03,5.266,5.313,5.255,5.255,5.282,309650.0,13942105000.0,0.0,0.0,-0.3,-0.0352,-0.6652
FPT,2013-09-30,15:09:08,HOSE,STOCK,45.0,48.2,42.0,45.4,45.4,44.9,45.1,45.11,5.325,5.325,5.266,5.29,5.291,191710.0,8647214000.0,0.0,0.0,0.1,0.0117,0.2222
FPT,2013-09-27,15:09:07,HOSE,STOCK,45.2,48.1,41.9,45.3,45.3,44.6,45.0,45.01,5.313,5.313,5.231,5.278,5.279,134960.0,6074141000.0,0.0,0.0,-0.2,-0.0235,-0.4425
FPT,2013-09-26,15:09:09,HOSE,STOCK,44.8,48.3,42.1,44.8,45.2,44.5,45.2,44.75,5.255,5.302,5.22,5.302,5.249,179940.0,8053100000.0,0.0,0.0,0.4,0.0469,0.8929
FPT,2013-09-25,15:09:04,HOSE,STOCK,45.2,48.3,42.1,45.3,45.4,44.6,44.8,45.14,5.313,5.325,5.231,5.255,5.295,252640.0,11404890000.0,0.0,0.0,-0.4,-0.0469,-0.885
FPT,2013-09-24,15:09:14,HOSE,STOCK,44.4,48.3,42.1,44.5,45.6,44.5,45.2,45.11,5.22,5.349,5.22,5.302,5.291,335390.0,15130037000.0,0.0,0.0,0.8,0.0938,1.8018
FPT,2013-09-23,16:09:10,HOSE,STOCK,43.5,46.5,40.5,43.5,44.5,43.5,44.4,44.07,5.102,5.22,5.102,5.208,5.169,322410.0,14207513000.0,0.0,0.0,0.9,0.1056,2.069
FPT,2013-09-20,15:09:08,HOSE,STOCK,43.4,46.4,40.4,43.4,43.7,43.4,43.5,43.56,5.091,5.126,5.091,5.102,5.109,44400.0,1934274000.0,0.0,0.0,0.1,0.0117,0.2304
FPT,2013-09-19,15:09:03,HOSE,STOCK,43.3,46.4,40.4,43.6,43.9,43.4,43.4,43.67,5.114,5.149,5.091,5.091,5.122,137210.0,5991679000.0,0.0,0.0,0.1,0.0117,0.2309
FPT,2013-09-18,15:09:08,HOSE,STOCK,42.9,46.3,40.3,43.3,43.8,43.0,43.3,43.38,5.079,5.137,5.044,5.079,5.088,206220.0,8946436000.0,0.0,0.0,0.4,0.0469,0.9324
FPT,2013-09-17,15:09:04,HOSE,STOCK,42.7,45.9,39.9,42.9,43.3,42.6,42.9,42.94,5.032,5.079,4.997,5.032,5.037,158300.0,6796787000.0,0.0,0.0,0.2,0.0235,0.4684
FPT,2013-09-16,15:09:03,HOSE,STOCK,42.8,45.7,39.9,42.9,43.0,42.6,42.7,42.74,5.032,5.044,4.997,5.008,5.013,171720.0,7338975000.0,0.0,0.0,-0.1,-0.0117,-0.2336
FPT,2013-09-13,15:09:09,HOSE,STOCK,43.0,45.7,39.9,42.8,43.3,42.8,42.8,42.97,5.02,5.079,5.02,5.02,5.04,109090.0,4687664000.0,0.0,0.0,-0.2,-0.0235,-0.4651
FPT,2013-09-12,15:09:05,HOSE,STOCK,43.3,46.0,40.0,43.1,43.6,43.0,43.0,43.14,5.055,5.114,5.044,5.044,5.06,192520.0,8306209000.0,0.0,0.0,-0.3,-0.0352,-0.6928
FPT,2013-09-11,15:09:08,HOSE,STOCK,43.5,46.3,40.3,43.9,44.3,43.3,43.3,43.74,5.149,5.196,5.079,5.079,5.13,232820.0,10183953000.0,0.0,0.0,-0.2,-0.0235,-0.4598
FPT,2013-09-10,15:09:11,HOSE,STOCK,43.2,46.5,40.5,43.2,43.9,43.2,43.5,43.56,5.067,5.149,5.067,5.102,5.109,61870.0,2694939000.0,0.0,0.0,0.3,0.0352,0.6944
FPT,2013-09-09,15:09:08,HOSE,STOCK,44.3,46.2,40.2,44.3,44.3,42.9,43.2,43.5,5.196,5.196,5.032,5.067,5.102,136590.0,5941101000.0,0.0,0.0,-1.1,-0.129,-2.4831
FPT,2013-09-06,15:09:19,HOSE,STOCK,43.7,47.4,41.2,43.9,44.9,43.6,44.3,44.27,5.149,5.266,5.114,5.196,5.193,265600.0,11757280000.0,0.0,0.0,0.6,0.0704,1.373
FPT,2013-09-05,15:09:08,HOSE,STOCK,42.9,46.7,40.7,43.2,43.8,42.8,43.7,43.22,5.067,5.137,5.02,5.126,5.069,241450.0,10435502000.0,0.0,0.0,0.8,0.0938,1.8648
FPT,2013-09-04,15:09:04,HOSE,STOCK,42.8,45.7,39.9,43.1,43.3,42.6,42.9,42.87,5.055,5.079,4.997,5.032,5.028,255430.0,10950989000.0,0.0,0.0,0.1,0.0117,0.2336
FPT,2013-09-03,15:09:05,HOSE,STOCK,43.1,46.1,40.1,43.7,43.7,42.8,42.8,43.16,5.126,5.126,5.02,5.02,5.062,58660.0,2532049000.0,0.0,0.0,-0.3,-0.0352,-0.6961
FPT,2013-08-30,15:08:10,HOSE,STOCK,43.1,46.1,40.1,43.0,43.2,42.5,43.1,42.73,5.044,5.067,4.985,5.055,5.012,229370.0,9800252000.0,0.0,0.0,0.0,0.0,0.0
FPT,2013-08-29,15:08:12,HOSE,STOCK,42.8,45.5,39.7,42.6,43.5,42.6,42.6,42.88,4.997,5.102,4.997,4.997,5.03,139290.0,5973219000.0,0.0,0.0,-0.2,-0.0235,-0.4673
FPT,2013-08-28,15:08:08,HOSE,STOCK,44.4,45.7,39.9,43.8,44.0,42.2,42.8,43.04,5.137,5.161,4.95,5.02,5.048,433180.0,18645914000.0,0.0,0.0,-1.6,-0.1877,-3.6036
FPT,2013-08-27,15:08:05,HOSE,STOCK,44.6,47.5,41.3,44.9,44.9,44.2,44.4,44.43,5.266,5.266,5.184,5.208,5.211,122680.0,5450442000.0,0.0,0.0,-0.2,-0.0235,-0.4484
FPT,2013-08-26,15:08:12,HOSE,STOCK,44.7,47.7,41.5,44.6,44.8,44.0,44.6,44.34,5.231,5.255,5.161,5.231,5.201,199040.0,8826211000.0,0.0,0.0,-0.1,-0.0117,-0.2237
FPT,2013-08-23,15:08:13,HOSE,STOCK,45.4,47.8,41.6,45.5,45.6,44.5,44.7,44.98,5.337,5.349,5.22,5.243,5.276,440450.0,19810911000.0,0.0,0.0,-0.7,-0.0821,-1.5419
FPT,2013-08-22,15:08:08,HOSE,STOCK,46.4,48.5,42.3,46.4,46.4,45.1,45.4,45.6,5.442,5.442,5.29,5.325,5.349,373950.0,17051389000.0,0.0,0.0,-1.0,-0.1173,-2.1552
FPT,2013-08-21,15:08:07,HOSE,STOCK,46.8,50.0,43.6,46.8,46.8,45.0,46.4,46.18,5.489,5.489,5.278,5.442,5.417,472880.0,21836858000.0,0.0,0.0,-0.4,-0.0469,-0.8547
FPT,2013-08-20,15:08:05,HOSE,STOCK,47.1,50.0,43.6,47.0,47.1,46.4,46.8,46.76,5.513,5.524,5.442,5.489,5.485,448010.0,20947634000.0,0.0,0.0,-0.3,-0.0352,-0.6369
FPT,2013-08-19,15:08:05,HOSE,STOCK,46.0,49.2,42.8,46.0,47.6,45.9,47.1,47.01,5.395,5.583,5.384,5.524,5.514,538180.0,25298823000.0,0.0,0.0,1.1,0.129,2.3913
FPT,2013-08-16,15:08:04,HOSE,STOCK,45.8,49.2,42.8,45.7,46.0,45.2,46.0,45.6,5.36,5.395,5.302,5.395,5.349,320220.0,14601095000.0,0.0,0.0,0.2,0.0235,0.4367
FPT,2013-08-15,15:08:04,HOSE,STOCK,45.7,49.0,42.6,45.3,46.2,44.9,45.8,45.5,5.313,5.419,5.266,5.372,5.337,805360.0,36645277000.0,0.0,0.0,0.1,0.0117,0.2188
FPT,2013-08-14,15:08:14,HOSE,STOCK,45.5,48.6,42.4,45.5,45.7,45.3,45.7,45.51,5.162,5.184,5.139,5.184,5.163,198010.0,9012128000.0,0.0,0.0,0.2,0.0227,0.4396
FPT,2013-08-13,15:08:05,HOSE,STOCK,45.4,48.6,42.4,45.4,45.9,45.2,45.5,45.65,5.15,5.207,5.128,5.162,5.179,426440.0,19465788000.0,0.0,0.0,0.1,0.0113,0.2203
FPT,2013-08-12,15:08:05,HOSE,STOCK,45.6,48.5,42.3,45.8,45.8,45.2,45.4,45.49,5.196,5.196,5.128,5.15,5.161,199710.0,9084074000.0,0.0,0.0,-0.2,-0.0227,-0.4386
FPT,2013-08-09,15:08:04,HOSE,STOCK,45.2,48.7,42.5,45.2,45.6,45.1,45.6,45.46,5.128,5.173,5.116,5.173,5.157,204960.0,9316593000.0,0.0,0.0,0.4,0.0454,0.885
FPT,2013-08-08,15:08:05,HOSE,STOCK,46.3,48.3,42.1,46.3,46.3,45.2,45.2,45.75,5.253,5.253,5.128,5.128,5.19,363680.0,16639877000.0,0.0,0.0,-1.1,-0.1248,-2.3758
FPT,2013-08-07,15:08:04,HOSE,STOCK,45.2,49.5,43.1,45.5,46.7,45.3,46.3,45.99,5.162,5.298,5.139,5.253,5.217,826400.0,38005282000.0,0.0,0.0,1.1,0.1248,2.4336
FPT,2013-08-06,15:08:05,HOSE,STOCK,44.5,48.3,42.1,44.5,45.3,44.5,45.2,45.064,5.048,5.139,5.048,5.128,5.112,475480.0,21427000000.0,0.0,0.0,0.7,0.0794,1.573
FPT,2013-08-05,15:08:04,HOSE,STOCK,43.2,47.6,41.4,43.3,45.4,43.3,44.5,44.45,4.912,5.15,4.912,5.048,5.043,564080.0,25075494000.0,0.0,0.0,1.3,0.1475,3.0093
FPT,2013-08-02,15:08:04,HOSE,STOCK,42.9,46.2,40.2,43.3,43.4,43.1,43.2,43.28,4.912,4.924,4.89,4.901,4.91,77930.0,3372439000.0,0.0,0.0,0.3,0.034,0.6993
FPT,2013-08-01,15:08:05,HOSE,STOCK,43.0,45.9,39.9,43.0,43.1,42.9,42.9,43.0,4.878,4.89,4.867,4.867,4.878,77340.0,3325359000.0,0.0,0.0,-0.1,-0.0113,-0.2326
FPT,2013-07-31,15:07:06,HOSE,STOCK,43.0,46.0,40.0,43.3,43.3,42.7,43.0,42.97,4.912,4.912,4.844,4.878,4.875,83540.0,3589830000.0,0.0,0.0,0.0,0.0,0.0
FPT,2013-07-30,15:07:10,HOSE,STOCK,42.2,45.1,39.3,42.1,43.0,42.0,43.0,42.48,4.776,4.878,4.765,4.878,4.819,90410.0,3840223000.0,0.0,0.0,0.8,0.0908,1.8957
FPT,2013-07-29,15:07:04,HOSE,STOCK,42.9,45.9,39.9,42.9,42.9,42.0,42.2,42.25,4.867,4.867,4.765,4.787,4.793,179400.0,7580325000.0,0.0,0.0,-0.7,-0.0794,-1.6317
FPT,2013-07-26,15:07:05,HOSE,STOCK,43.4,46.4,40.4,43.6,43.6,42.8,42.9,43.1,4.946,4.946,4.855,4.867,4.89,58250.0,2510796000.0,0.0,0.0,-0.5,-0.0567,-1.1521
FPT,2013-07-25,15:07:04,HOSE,STOCK,43.0,46.0,40.0,43.4,43.7,43.0,43.4,43.43,4.924,4.958,4.878,4.924,4.927,107830.0,4683541000.0,0.0,0.0,0.4,0.0454,0.9302
FPT,2013-07-24,15:07:04,HOSE,STOCK,43.6,46.6,40.6,43.2,43.4,43.0,43.0,43.1,4.901,4.924,4.878,4.878,4.89,239630.0,10329211000.0,0.0,0.0,-0.6,-0.0681,-1.3761
FPT,2013-07-23,15:07:09,HOSE,STOCK,43.9,46.9,40.9,43.9,43.9,43.5,43.6,43.734,4.98,4.98,4.935,4.946,4.961,95720.0,4186207000.0,0.0,0.0,-0.3,-0.034,-0.6834
FPT,2013-07-22,15:07:03,HOSE,STOCK,43.9,46.9,40.9,44.3,44.3,43.5,43.9,43.81,5.026,5.026,4.935,4.98,4.97,66820.0,2927718000.0,0.0,0.0,0.0,0.0,0.0
FPT,2013-07-19,14:07:05,HOSE,STOCK,43.3,46.3,40.3,43.7,43.9,43.3,43.9,43.58,4.958,4.98,4.912,4.98,4.944,113860.0,4962000000.0,0.0,0.0,0.6,0.0681,1.3857
FPT,2013-07-18,14:07:05,HOSE,STOCK,43.7,46.7,40.7,43.7,44.0,43.3,43.3,43.63,4.958,4.992,4.912,4.912,4.95,65160.0,2842993000.0,0.0,0.0,-0.4,-0.0454,-0.9153
FPT,2013-07-17,14:07:05,HOSE,STOCK,43.6,46.6,40.6,44.0,44.0,43.7,43.7,43.75,4.992,4.992,4.958,4.958,4.963,145010.0,6343520000.0,0.0,0.0,0.1,0.0113,0.2294
FPT,2013-07-16,14:07:03,HOSE,STOCK,43.1,46.1,40.1,43.3,43.9,43.1,43.6,43.52,4.912,4.98,4.89,4.946,4.937,107880.0,4694413000.0,0.0,0.0,0.5,0.0567,1.1601
FPT,2013-07-15,14:07:05,HOSE,STOCK,43.0,46.0,40.0,43.3,43.3,42.7,43.1,43.06,4.912,4.912,4.844,4.89,4.885,75830.0,3265011000.0,0.0,0.0,0.1,0.0113,0.2326
FPT,2013-07-12,14:07:04,HOSE,STOCK,42.4,45.3,39.5,42.3,43.0,42.3,43.0,42.805,4.799,4.878,4.799,4.878,4.856,102160.0,4373000000.0,0.0,0.0,0.6,0.0681,1.4151
FPT,2013-07-11,14:07:04,HOSE,STOCK,42.5,45.4,39.6,42.6,42.6,42.2,42.4,42.38,4.833,4.833,4.787,4.81,4.808,108660.0,4605370000.0,0.0,0.0,-0.1,-0.0113,-0.2353
FPT,2013-07-10,14:07:05,HOSE,STOCK,42.6,45.5,39.7,42.6,42.7,42.3,42.5,42.44,4.833,4.844,4.799,4.821,4.815,42560.0,1806409000.0,0.0,0.0,-0.1,-0.0113,-0.2347
FPT,2013-07-09,14:07:05,HOSE,STOCK,43.0,46.0,40.0,43.0,43.0,42.2,42.6,42.533,4.878,4.878,4.787,4.833,4.825,88920.0,3782000000.0,0.0,0.0,-0.4,-0.0454,-0.9302
FPT,2013-07-08,14:07:04,HOSE,STOCK,43.0,46.0,40.0,43.7,43.7,43.0,43.0,43.267,4.958,4.958,4.878,4.878,4.908,112140.0,4852000000.0,0.0,0.0,0.0,0.0,0.0
FPT,2013-07-05,14:07:03,HOSE,STOCK,43.4,46.4,40.4,43.4,43.7,43.1,43.6,43.37,4.924,4.958,4.89,4.946,4.92,193730.0,8401567000.0,0.0,0.0,0.2,0.0227,0.4608
FPT,2013-07-04,14:07:04,HOSE,STOCK,42.6,45.5,39.7,42.7,44.0,42.6,43.4,43.42,4.844,4.992,4.833,4.924,4.926,526820.0,22875277000.0,0.0,0.0,0.8,0.0908,1.8779
FPT,2013-07-03,14:07:06,HOSE,STOCK,42.4,45.3,39.5,42.6,42.6,42.2,42.6,42.46,4.833,4.833,4.787,4.833,4.817,144550.0,6137497000.0,0.0,0.0,0.2,0.0227,0.4717
FPT,2013-07-02,14:07:05,HOSE,STOCK,42.0,44.9,39.1,42.1,42.8,42.0,42.4,42.21,4.776,4.855,4.765,4.81,4.789,82370.0,3476432000.0,0.0,0.0,0.4,0.0454,0.9524
FPT,2013-07-01,14:07:04,HOSE,STOCK,41.8,44.7,38.9,42.1,42.1,41.6,42.0,41.96,4.776,4.776,4.719,4.765,4.76,42960.0,1802498000.0,0.0,0.0,0.2,0.0227,0.4785
FPT,2013-06-28,14:06:04,HOSE,STOCK,41.6,44.5,38.7,42.5,42.5,41.8,41.8,42.05,4.821,4.821,4.742,4.742,4.77,113820.0,4786335000.0,0.0,0.0,0.2,0.0227,0.4808
FPT,2013-06-27,14:06:05,HOSE,STOCK,41.5,44.4,38.6,41.8,41.9,41.4,41.6,41.68,4.742,4.753,4.697,4.719,4.728,171250.0,7136856000.0,0.0,0.0,0.1,0.0113,0.241
FPT,2013-06-26,14:06:03,HOSE,STOCK,41.4,44.2,38.6,41.1,41.6,41.1,41.5,41.37,4.663,4.719,4.663,4.708,4.693,171080.0,7077402000.0,0.0,0.0,0.1,0.0113,0.2415
FPT,2013-06-25,14:06:04,HOSE,STOCK,42.5,45.4,39.6,42.2,42.4,41.0,41.4,41.77,4.787,4.81,4.651,4.697,4.739,668790.0,27933065000.0,0.0,0.0,-1.1,-0.1248,-2.5882
FPT,2013-06-24,14:06:05,HOSE,STOCK,42.7,45.6,39.8,42.7,42.7,42.2,42.5,42.561,4.844,4.844,4.787,4.821,4.828,157140.0,6688000000.0,0.0,0.0,-0.2,-0.0227,-0.4684
FPT,2013-06-21,14:06:04,HOSE,STOCK,42.8,45.7,39.9,42.6,42.7,42.0,42.7,42.298,4.833,4.844,4.765,4.844,4.799,249940.0,10572000000.0,0.0,0.0,-0.1,-0.0113,-0.2336
FPT,2013-06-20,14:06:05,HOSE,STOCK,43.0,46.0,40.0,43.2,43.2,42.7,42.8,42.835,4.901,4.901,4.844,4.855,4.859,144390.0,6185000000.0,0.0,0.0,-0.2,-0.0227,-0.4651
FPT,2013-06-19,14:06:04,HOSE,STOCK,42.9,45.9,39.9,43.0,43.4,42.8,43.0,43.01,4.878,4.924,4.855,4.878,4.879,105860.0,4553000000.0,0.0,0.0,0.1,0.0113,0.2331
FPT,2013-06-18,14:06:05,HOSE,STOCK,43.2,46.2,40.2,43.2,43.2,42.6,42.9,42.96,4.901,4.901,4.833,4.867,4.874,179510.0,7711854000.0,0.0,0.0,-0.3,-0.034,-0.6944
FPT,2013-06-17,14:06:04,HOSE,STOCK,44.2,47.2,41.2,44.5,44.5,43.2,43.2,43.51,5.048,5.048,4.901,4.901,4.936,245350.0,10674608000.0,0.0,0.0,-1.0,-0.1134,-2.2624
FPT,2013-06-14,14:06:04,HOSE,STOCK,44.7,47.8,41.6,44.9,44.9,44.2,44.2,44.412,5.094,5.094,5.014,5.014,5.038,257590.0,11440000000.0,0.0,0.0,-0.5,-0.0567,-1.1186
FPT,2013-06-13,14:06:04,HOSE,STOCK,45.0,48.1,41.9,44.7,45.0,44.5,44.7,44.65,5.071,5.105,5.048,5.071,5.065,413530.0,18465162000.0,0.0,0.0,-0.3,-0.034,-0.6667
FPT,2013-06-12,14:06:04,HOSE,STOCK,45.2,48.3,42.1,45.0,45.2,44.7,45.0,45.07,5.105,5.128,5.071,5.105,5.113,194000.0,8743204000.0,0.0,0.0,-0.2,-0.0227,-0.4425
FPT,2013-06-11,14:06:05,HOSE,STOCK,45.6,48.7,42.5,45.6,45.6,45.0,45.2,45.27,5.173,5.173,5.105,5.128,5.136,235030.0,10639548000.0,0.0,0.0,-0.4,-0.0454,-0.8772
FPT,2013-06-10,14:06:04,HOSE,STOCK,45.5,48.6,42.4,46.0,46.0,45.5,45.6,45.61,5.218,5.218,5.162,5.173,5.174,256220.0,11684946000.0,0.0,0.0,0.1,0.0113,0.2198
FPT,2013-06-07,14:06:04,HOSE,STOCK,45.7,48.8,42.6,45.9,46.0,45.0,45.5,45.46,5.207,5.218,5.105,5.162,5.157,145200.0,6601352000.0,0.0,0.0,-0.2,-0.0227,-0.4376
FPT,2013-06-06,14:06:07,HOSE,STOCK,45.2,48.3,42.1,44.7,45.7,44.7,45.7,45.38,5.071,5.184,5.071,5.184,5.148,189030.0,8578088000.0,0.0,0.0,0.5,0.0567,1.1062
FPT,2013-06-05,14:06:04,HOSE,STOCK,44.7,47.8,41.6,45.0,45.5,45.0,45.2,45.183,5.105,5.162,5.105,5.128,5.126,114490.0,5173000000.0,0.0,0.0,0.5,0.0567,1.1186
FPT,2013-06-04,14:06:07,HOSE,STOCK,44.3,47.4,41.2,44.3,45.6,44.3,44.7,44.86,5.026,5.173,5.026,5.071,5.089,721910.0,32383844000.0,0.0,0.0,0.4,0.0454,0.9029
FPT,2013-06-03,14:06:05,HOSE,STOCK,44.5,47.6,41.4,44.5,44.9,44.1,44.3,44.54,5.048,5.094,5.003,5.026,5.053,312910.0,13937933000.0,0.0,0.0,-0.2,-0.0227,-0.4494
FPT,2013-05-31,14:05:04,HOSE,STOCK,43.9,46.9,40.9,44.2,45.5,44.0,44.5,44.778,5.014,5.162,4.992,5.048,5.08,580620.0,25999000000.0,0.0,0.0,0.6,0.0681,1.3667
FPT,2013-05-30,14:05:05,HOSE,STOCK,44.0,47.0,41.0,43.8,44.0,43.5,43.9,43.81,4.969,4.992,4.935,4.98,4.97,294550.0,12903675000.0,0.0,0.0,-0.1,-0.0113,-0.2273
FPT,2013-05-29,14:05:03,HOSE,STOCK,43.1,46.1,40.1,43.5,44.4,43.2,44.0,43.83,4.935,5.037,4.901,4.992,4.972,495190.0,21704784000.0,0.0,0.0,0.9,0.1021,2.0882
FPT,2013-05-28,14:05:05,HOSE,STOCK,42.8,45.7,39.9,43.0,43.3,42.8,43.1,43.0,4.878,4.912,4.855,4.89,4.878,330890.0,14229915000.0,0.0,0.0,0.3,0.034,0.7009
FPT,2013-05-27,14:05:04,HOSE,STOCK,42.0,44.9,39.1,43.3,43.5,42.7,42.8,43.02,4.912,4.935,4.844,4.855,4.88,364260.0,15669631000.0,0.0,0.0,0.8,0.0907,1.9048
FPT,2013-05-24,14:05:03,HOSE,STOCK,41.7,44.6,38.8,41.7,42.4,41.6,42.0,42.042,4.731,4.81,4.719,4.765,4.769,325890.0,13701000000.0,0.0,0.0,0.3,0.034,0.7194
FPT,2013-05-23,14:05:05,HOSE,STOCK,41.7,44.6,38.8,41.3,42.2,41.3,41.7,41.831,4.685,4.787,4.685,4.731,4.746,620980.0,25976000000.0,0.0,0.0,0.0,0.0,0.0
FPT,2013-05-22,14:05:04,HOSE,STOCK,42.0,44.9,39.1,42.0,42.2,41.7,41.7,41.9,4.765,4.787,4.731,4.731,4.753,473190.0,19824465000.0,0.0,0.0,-0.3,-0.034,-0.7143
FPT,2013-05-21,14:05:05,HOSE,STOCK,39.3,42.0,36.6,41.3,42.0,40.1,42.0,41.447,4.685,4.765,4.549,4.765,4.702,1829150.0,75813000000.0,0.0,0.0,2.7,0.3063,6.8702
FPT,2013-05-20,14:05:05,HOSE,STOCK,38.5,41.1,35.9,38.5,39.8,38.5,39.3,39.184,4.368,4.515,4.368,4.458,4.445,311400.0,12202000000.0,0.0,0.0,0.8,0.0907,2.0779
FPT,2013-05-17,14:05:03,HOSE,STOCK,38.8,41.5,36.1,38.7,38.8,38.5,38.5,38.589,4.39,4.402,4.368,4.368,4.378,103500.0,3994000000.0,0.0,0.0,-0.3,-0.034,-0.7732
FPT,2013-05-16,14:05:07,HOSE,STOCK,38.8,41.5,36.1,39.0,39.0,38.5,38.8,38.836,4.424,4.424,4.368,4.402,4.406,129340.0,5023000000.0,0.0,0.0,0.0,0.0,0.0
FPT,2013-05-15,14:05:04,HOSE,STOCK,38.4,41.0,35.8,38.7,38.8,38.4,38.8,38.684,4.39,4.402,4.356,4.402,4.389,156680.0,6061000000.0,0.0,0.0,0.4,0.0454,1.0417
FPT,2013-05-14,14:05:05,HOSE,STOCK,38.0,40.6,35.4,38.0,39.3,38.0,38.4,38.359,4.311,4.458,4.311,4.356,4.352,321880.0,12347000000.0,0.0,0.0,0.4,0.0454,1.0526
FPT,2013-05-13,14:05:05,HOSE,STOCK,37.9,40.5,35.3,38.2,38.2,37.9,38.0,38.099,4.334,4.334,4.3,4.311,4.322,60290.0,2297000000.0,0.0,0.0,0.1,0.0113,0.2639
FPT,2013-05-10,14:05:04,HOSE,STOCK,37.8,40.4,35.2,38.0,38.0,37.8,37.9,37.867,4.311,4.311,4.288,4.3,4.296,64700.0,2450000000.0,0.0,0.0,0.1,0.0113,0.2646
FPT,2013-05-09,14:05:04,HOSE,STOCK,37.8,40.4,35.2,38.0,38.0,37.8,37.8,37.895,4.311,4.311,4.288,4.288,4.299,80750.0,3060000000.0,0.0,0.0,0.0,0.0,0.0
FPT,2013-05-08,14:05:03,HOSE,STOCK,37.5,40.1,34.9,38.0,38.1,37.6,37.8,37.907,4.311,4.322,4.266,4.288,4.3,122380.0,4639000000.0,0.0,0.0,0.3,0.034,0.8
FPT,2013-05-07,14:05:05,HOSE,STOCK,38.3,40.9,35.7,38.0,38.3,37.5,37.5,37.919,4.311,4.345,4.254,4.254,4.302,91010.0,3451000000.0,0.0,0.0,-0.8,-0.0908,-2.0888
FPT,2013-05-06,14:05:04,HOSE,STOCK,37.1,39.6,34.6,37.4,38.3,37.1,38.3,37.697,4.243,4.345,4.209,4.345,4.277,188450.0,7104000000.0,0.0,0.0,1.2,0.1361,3.2345
FPT,2013-05-03,14:05:03,HOSE,STOCK,37.0,39.5,34.5,37.1,37.2,37.0,37.1,37.07,4.209,4.22,4.197,4.209,4.205,73320.0,2718000000.0,0.0,0.0,0.1,0.0113,0.2703
FPT,2013-05-02,14:05:05,HOSE,STOCK,37.2,39.8,34.6,37.4,37.4,37.0,37.0,37.176,4.243,4.243,4.197,4.197,4.217,66280.0,2464000000.0,0.0,0.0,-0.2,-0.0227,-0.5376
FPT,2013-04-26,14:04:03,HOSE,STOCK,37.2,39.8,34.6,37.2,37.4,37.1,37.2,37.164,4.22,4.243,4.209,4.22,4.216,51690.0,1921000000.0,0.0,0.0,0.0,0.0,0.0
FPT,2013-04-25,14:04:04,HOSE,STOCK,37.1,39.6,34.6,37.6,37.6,37.1,37.2,37.354,4.266,4.266,4.209,4.22,4.238,46180.0,1725000000.0,0.0,0.0,0.1,0.0113,0.2695
FPT,2013-04-24,14:04:03,HOSE,STOCK,37.3,39.9,34.7,37.5,37.5,36.9,37.1,37.087,4.254,4.254,4.186,4.209,4.207,150350.0,5576000000.0,0.0,0.0,-0.2,-0.0227,-0.5362
FPT,2013-04-23,14:04:05,HOSE,STOCK,36.9,39.4,34.4,37.4,37.4,37.0,37.3,37.313,4.243,4.243,4.197,4.232,4.233,70860.0,2644000000.0,0.0,0.0,0.4,0.0454,1.084
FPT,2013-04-22,14:04:09,HOSE,STOCK,37.0,39.5,34.5,37.5,37.5,36.9,36.9,37.029,4.254,4.254,4.186,4.186,4.201,143400.0,5310000000.0,0.0,0.0,-0.1,-0.0113,-0.2703
FPT,2013-04-18,14:04:06,HOSE,STOCK,38.0,40.6,35.4,37.6,37.8,36.9,37.0,37.23,4.266,4.288,4.186,4.197,4.224,135860.0,5058000000.0,0.0,0.0,-1.0,-0.1134,-2.6316
FPT,2013-04-17,14:04:07,HOSE,STOCK,37.5,40.1,34.9,38.2,38.5,37.5,38.0,38.09,4.334,4.368,4.254,4.311,4.321,105540.0,4020000000.0,0.0,0.0,0.5,0.0567,1.3333
FPT,2013-04-16,14:04:07,HOSE,STOCK,37.8,40.4,35.2,37.8,37.9,36.8,37.5,37.453,4.288,4.3,4.175,4.254,4.249,137720.0,5158000000.0,0.0,0.0,-0.3,-0.034,-0.7937
FPT,2013-04-15,14:04:04,HOSE,STOCK,39.0,41.7,36.3,38.5,39.0,37.6,37.8,38.279,4.368,4.424,4.266,4.288,4.343,320830.0,12281000000.0,0.0,0.0,-1.2,-0.1361,-3.0769
FPT,2013-04-12,14:04:04,HOSE,STOCK,39.2,41.9,36.5,39.5,39.7,38.7,39.0,39.169,4.481,4.504,4.39,4.424,4.444,332180.0,13011000000.0,0.0,0.0,-0.2,-0.0227,-0.5102
FPT,2013-04-11,14:04:05,HOSE,STOCK,39.8,42.5,37.1,39.8,39.8,38.9,39.2,39.237,4.515,4.515,4.413,4.447,4.451,312510.0,12262000000.0,0.0,0.0,-0.6,-0.0681,-1.5075
FPT,2013-04-10,14:04:04,HOSE,STOCK,40.9,43.7,38.1,41.0,41.0,39.8,39.8,40.471,4.651,4.651,4.515,4.515,4.591,305550.0,12366000000.0,0.0,0.0,-1.1,-0.1248,-2.6895
FPT,2013-04-09,14:04:04,HOSE,STOCK,39.7,42.4,37.0,39.8,41.6,39.7,40.9,40.892,4.515,4.719,4.504,4.64,4.639,894350.0,36572000000.0,0.0,0.0,1.2,0.1361,3.0227
FPT,2013-04-08,14:04:04,HOSE,STOCK,38.4,41.0,35.8,38.4,39.7,38.4,39.7,39.26,4.356,4.504,4.356,4.504,4.454,721860.0,28340000000.0,0.0,0.0,1.3,0.1475,3.3854
FPT,2013-04-05,14:04:04,HOSE,STOCK,38.1,40.7,35.5,38.0,38.4,38.0,38.4,38.217,4.311,4.356,4.311,4.356,4.336,123140.0,4706000000.0,0.0,0.0,0.3,0.034,0.7874
FPT,2013-04-04,14:04:05,HOSE,STOCK,38.4,41.0,35.8,38.5,38.5,38.0,38.1,38.317,4.368,4.368,4.311,4.322,4.347,58120.0,2227000000.0,0.0,0.0,-0.3,-0.034,-0.7813
FPT,2013-04-03,14:04:03,HOSE,STOCK,38.7,41.4,36.0,38.8,38.9,38.4,38.4,38.565,4.402,4.413,4.356,4.356,4.375,128770.0,4966000000.0,0.0,0.0,-0.3,-0.034,-0.7752
FPT,2013-04-02,14:04:04,HOSE,STOCK,38.4,41.0,35.8,38.5,39.4,38.5,38.7,38.862,4.368,4.47,4.368,4.39,4.409,413850.0,16083000000.0,0.0,0.0,0.3,0.034,0.7813
FPT,2013-04-01,14:04:04,HOSE,STOCK,37.8,40.4,35.2,37.6,38.4,37.6,38.4,38.074,4.266,4.356,4.266,4.356,4.319,142540.0,5427000000.0,0.0,0.0,0.6,0.0681,1.5873
FPT,2013-03-29,14:03:04,HOSE,STOCK,37.8,40.4,35.2,37.8,38.0,37.5,37.8,37.687,4.288,4.311,4.254,4.288,4.275,184310.0,6946000000.0,0.0,0.0,0.0,0.0,0.0
FPT,2013-03-28,14:03:05,HOSE,STOCK,37.8,40.4,35.2,37.9,38.2,37.8,37.8,37.921,4.3,4.334,4.288,4.288,4.302,97940.0,3714000000.0,0.0,0.0,0.0,0.0,0.0
FPT,2013-03-27,14:03:03,HOSE,STOCK,38.3,40.9,35.7,38.2,38.3,37.8,37.8,37.956,4.334,4.345,4.288,4.288,4.306,187110.0,7102000000.0,0.0,0.0,-0.5,-0.0567,-1.3055
FPT,2013-03-26,14:03:05,HOSE,STOCK,38.5,41.1,35.9,38.8,38.8,38.3,38.3,38.483,4.402,4.402,4.345,4.345,4.366,138400.0,5326000000.0,0.0,0.0,-0.2,-0.0227,-0.5195
FPT,2013-03-25,14:03:09,HOSE,STOCK,38.0,40.6,35.4,38.7,38.7,38.2,38.5,38.446,4.39,4.39,4.334,4.368,4.362,173440.0,6668000000.0,0.0,0.0,0.5,0.0567,1.3158
FPT,2013-03-22,14:03:04,HOSE,STOCK,38.2,40.8,35.6,38.6,39.8,38.0,38.0,38.661,4.379,4.515,4.311,4.311,4.386,387570.0,14984000000.0,0.0,0.0,-0.2,-0.0227,-0.5236
FPT,2013-03-21,14:03:05,HOSE,STOCK,37.2,39.8,34.6,37.4,38.6,37.3,38.2,37.973,4.243,4.379,4.232,4.334,4.308,274540.0,10425000000.0,0.0,0.0,1.0,0.1135,2.6882
FPT,2013-03-20,14:03:12,HOSE,STOCK,37.0,39.5,34.5,37.3,37.5,37.0,37.2,37.33,4.232,4.254,4.197,4.22,4.235,63140.0,2357000000.0,0.0,0.0,0.2,0.0227,0.5405
FPT,2013-03-19,14:03:05,HOSE,STOCK,36.9,39.4,34.4,36.7,37.1,36.7,37.0,36.877,4.163,4.209,4.163,4.197,4.184,27280.0,1006000000.0,0.0,0.0,0.1,0.0113,0.271
FPT,2013-03-18,14:03:04,HOSE,STOCK,37.2,39.8,34.6,37.3,37.4,36.9,36.9,37.115,4.232,4.243,4.186,4.186,4.211,54560.0,2025000000.0,0.0,0.0,-0.3,-0.034,-0.8065
FPT,2013-03-15,14:03:05,HOSE,STOCK,37.3,39.9,34.7,37.4,37.4,37.1,37.2,37.246,4.243,4.243,4.209,4.22,4.225,13800.0,514000000.0,0.0,0.0,-0.1,-0.0113,-0.2681
FPT,2013-03-14,14:03:05,HOSE,STOCK,37.1,39.6,34.6,37.5,37.5,37.1,37.3,37.26,4.254,4.254,4.209,4.232,4.227,15620.0,582000000.0,0.0,0.0,0.2,0.0227,0.5391
FPT,2013-03-13,14:03:03,HOSE,STOCK,37.4,40.0,34.8,37.6,37.6,37.0,37.1,37.174,4.266,4.266,4.197,4.209,4.217,66390.0,2468000000.0,0.0,0.0,-0.3,-0.034,-0.8021
FPT,2013-03-12,14:03:05,HOSE,STOCK,37.4,40.0,34.8,37.2,37.8,36.9,37.4,37.127,4.22,4.288,4.186,4.243,4.212,67310.0,2499000000.0,0.0,0.0,0.0,0.0,0.0
FPT,2013-03-11,14:03:05,HOSE,STOCK,36.8,39.3,34.3,36.8,37.5,36.8,37.4,37.153,4.175,4.254,4.175,4.243,4.215,78540.0,2918000000.0,0.0,0.0,0.6,0.0681,1.6304
FPT,2013-03-08,14:03:03,HOSE,STOCK,36.0,38.5,33.5,35.9,36.9,35.9,36.8,36.578,4.073,4.186,4.073,4.175,4.15,116190.0,4250000000.0,0.0,0.0,0.8,0.0908,2.2222
FPT,2013-03-07,14:03:05,HOSE,STOCK,36.2,38.7,33.7,36.5,36.5,35.6,36.0,36.006,4.141,4.141,4.039,4.084,4.085,115870.0,4172000000.0,0.0,0.0,-0.2,-0.0227,-0.5525
FPT,2013-03-06,14:03:07,HOSE,STOCK,35.7,38.1,33.3,35.7,36.3,35.7,36.2,36.023,4.05,4.118,4.05,4.107,4.087,60350.0,2174000000.0,0.0,0.0,0.5,0.0567,1.4006
FPT,2013-03-05,14:03:08,HOSE,STOCK,36.2,38.7,33.7,36.0,36.2,35.7,35.7,35.884,4.084,4.107,4.05,4.05,4.071,194960.0,6996000000.0,0.0,0.0,-0.5,-0.0567,-1.3812
FPT,2013-03-04,14:03:04,HOSE,STOCK,37.0,39.5,34.5,36.9,36.9,36.0,36.2,36.422,4.186,4.186,4.084,4.107,4.132,225550.0,8215000000.0,0.0,0.0,-0.8,-0.0908,-2.1622
FPT,2013-03-01,14:03:05,HOSE,STOCK,37.0,39.5,34.5,37.1,37.1,36.8,37.0,36.943,4.209,4.209,4.175,4.197,4.191,96880.0,3579000000.0,0.0,0.0,0.0,0.0,0.0
FPT,2013-02-28,14:02:05,HOSE,STOCK,36.6,39.1,34.1,36.6,37.2,36.6,37.0,36.856,4.152,4.22,4.152,4.197,4.181,191070.0,7042000000.0,0.0,0.0,0.4,0.0454,1.0929
FPT,2013-02-27,14:02:03,HOSE,STOCK,36.9,39.4,34.4,36.6,37.3,36.5,36.6,36.678,4.152,4.232,4.141,4.152,4.161,283110.0,10384000000.0,0.0,0.0,-0.3,-0.034,-0.813
FPT,2013-02-26,14:02:05,HOSE,STOCK,38.4,41.0,35.8,38.4,38.4,36.9,36.9,37.577,4.356,4.356,4.186,4.186,4.263,285040.0,10711000000.0,0.0,0.0,-1.5,-0.1702,-3.9063
FPT,2013-02-25,14:02:04,HOSE,STOCK,38.5,41.1,35.9,38.9,38.9,38.3,38.4,38.547,4.413,4.413,4.345,4.356,4.373,143330.0,5525000000.0,0.0,0.0,-0.1,-0.0113,-0.2597
FPT,2013-02-22,14:02:04,HOSE,STOCK,38.6,41.3,35.9,38.9,39.4,37.5,38.5,38.634,4.413,4.47,4.254,4.368,4.383,337970.0,13057000000.0,0.0,0.0,-0.1,-0.0113,-0.2591
FPT,2013-02-21,14:02:04,HOSE,STOCK,39.5,42.2,36.8,39.5,39.6,38.6,38.6,39.149,4.481,4.492,4.379,4.379,4.441,307570.0,12041000000.0,0.0,0.0,-0.9,-0.1021,-2.2785
FPT,2013-02-20,14:02:04,HOSE,STOCK,39.7,42.4,37.0,39.2,39.7,39.2,39.5,39.513,4.447,4.504,4.447,4.481,4.483,171590.0,6780000000.0,0.0,0.0,-0.2,-0.0227,-0.5038
FPT,2013-02-19,14:02:05,HOSE,STOCK,40.0,42.8,37.2,40.0,40.1,39.6,39.7,39.831,4.538,4.549,4.492,4.504,4.519,168260.0,6702000000.0,0.0,0.0,-0.3,-0.034,-0.75
FPT,2013-02-18,14:02:04,HOSE,STOCK,39.8,42.5,37.1,39.8,40.2,39.7,40.0,39.913,4.515,4.561,4.504,4.538,4.528,131010.0,5229000000.0,0.0,0.0,0.2,0.0227,0.5025
FPT,2013-02-08,14:02:05,HOSE,STOCK,39.8,42.5,37.1,39.7,40.5,39.5,39.8,39.72,4.504,4.595,4.481,4.515,4.506,92170.0,3661000000.0,0.0,0.0,0.0,0.0,0.0
FPT,2013-02-07,14:02:05,HOSE,STOCK,39.4,42.1,36.7,39.5,39.6,39.3,39.6,39.449,4.481,4.492,4.458,4.492,4.475,155490.0,6134000000.0,0.0,0.0,0.2,0.0227,0.5076
FPT,2013-02-06,14:02:04,HOSE,STOCK,39.2,41.9,36.5,39.1,40.0,39.1,39.4,39.384,4.436,4.538,4.436,4.47,4.468,90900.0,3580000000.0,0.0,0.0,0.2,0.0227,0.5102
FPT,2013-02-05,14:02:05,HOSE,STOCK,39.4,42.1,36.7,39.1,39.4,38.9,39.2,39.083,4.436,4.47,4.413,4.447,4.434,183200.0,7160000000.0,0.0,0.0,-0.2,-0.0227,-0.5076
FPT,2013-02-04,14:02:05,HOSE,STOCK,39.5,42.2,36.8,39.8,39.8,39.2,39.4,39.413,4.515,4.515,4.447,4.47,4.471,166570.0,6565000000.0,0.0,0.0,-0.1,-0.0113,-0.2532
FPT,2013-02-01,14:02:06,HOSE,STOCK,40.1,42.9,37.3,40.0,40.0,39.0,39.5,39.474,4.538,4.538,4.424,4.481,4.478,323300.0,12762000000.0,0.0,0.0,-0.6,-0.0681,-1.4963
FPT,2013-01-31,14:01:05,HOSE,STOCK,40.8,42.9,37.3,40.6,40.7,40.0,40.1,40.317,4.606,4.617,4.538,4.549,4.574,366670.0,14783000000.0,0.0,0.0,-0.7,-0.0794,-1.7157
FPT,2013-01-30,14:01:03,HOSE,STOCK,39.5,42.2,36.8,40.0,41.6,40.0,40.8,40.693,4.538,4.719,4.538,4.629,4.616,689630.0,28063000000.0,0.0,0.0,1.3,0.1475,3.2911
FPT,2013-01-29,14:01:05,HOSE,STOCK,39.8,42.5,37.1,39.7,40.0,39.4,39.5,39.671,4.504,4.538,4.47,4.481,4.5,207130.0,8217000000.0,0.0,0.0,-0.3,-0.034,-0.7538
FPT,2013-01-28,14:01:04,HOSE,STOCK,39.3,42.0,36.6,39.5,40.8,39.5,39.8,40.184,4.481,4.629,4.481,4.515,4.559,558550.0,22445000000.0,0.0,0.0,0.5,0.0567,1.2723
FPT,2013-01-25,14:01:03,HOSE,STOCK,38.0,40.6,35.4,38.4,39.5,38.4,39.3,39.161,4.356,4.481,4.356,4.458,4.443,787540.0,30841000000.0,0.0,0.0,1.3,0.1475,3.4211
FPT,2013-01-24,14:01:04,HOSE,STOCK,37.1,39.6,34.6,37.3,38.1,37.3,38.0,37.755,4.232,4.322,4.232,4.311,4.283,141650.0,5348000000.0,0.0,0.0,0.9,0.1021,2.4259
FPT,2013-01-23,14:01:04,HOSE,STOCK,37.1,39.6,34.6,36.9,37.3,36.9,37.1,37.101,4.186,4.232,4.186,4.209,4.209,192530.0,7143000000.0,0.0,0.0,0.0,0.0,0.0
FPT,2013-01-22,14:01:05,HOSE,STOCK,37.7,40.3,35.1,37.7,37.9,36.3,37.1,37.07,4.277,4.3,4.118,4.209,4.205,373240.0,13836000000.0,0.0,0.0,-0.6,-0.0681,-1.5915
FPT,2013-01-21,14:01:04,HOSE,STOCK,37.9,40.5,35.3,37.8,38.0,37.5,37.7,37.798,4.288,4.311,4.254,4.277,4.288,119000.0,4498000000.0,0.0,0.0,-0.2,-0.0227,-0.5277
FPT,2013-01-18,14:01:03,HOSE,STOCK,38.1,40.7,35.5,37.8,38.1,37.7,37.9,37.891,4.288,4.322,4.277,4.3,4.299,362960.0,13753000000.0,0.0,0.0,-0.2,-0.0227,-0.5249
FPT,2013-01-17,14:01:05,HOSE,STOCK,38.6,41.3,35.9,38.5,38.7,38.1,38.1,38.33,4.368,4.39,4.322,4.322,4.348,292200.0,11200000000.0,0.0,0.0,-0.5,-0.0567,-1.2953
FPT,2013-01-16,14:01:03,HOSE,STOCK,38.2,40.8,35.6,38.6,39.2,38.2,38.6,38.71,4.379,4.447,4.334,4.379,4.391,368380.0,14260000000.0,0.0,0.0,0.4,0.0454,1.0471
FPT,2013-01-15,14:01:05,HOSE,STOCK,37.7,40.3,35.1,37.7,38.7,37.7,38.2,3500055000.0,4.277,4.39,4.277,4.334,397065516.216,357880.0,13661000000.0,0.0,0.0,0.5,0.0567,1.3263
FPT,2013-01-14,14:01:11,HOSE,STOCK,38.9,40.8,37.0,38.2,38.5,37.6,37.7,37.934,4.334,4.368,4.266,4.277,4.303,499600.0,18952000000.0,0.0,0.0,-1.2,-0.1361,-3.0848
FPT,2013-01-11,14:01:04,HOSE,STOCK,39.5,41.4,37.6,39.5,39.7,38.8,38.9,39.243,4.481,4.504,4.402,4.413,4.452,614810.0,24127000000.0,0.0,0.0,-0.6,-0.0681,-1.519
FPT,2013-01-10,14:01:05,HOSE,STOCK,39.0,40.9,37.1,38.7,39.8,38.6,39.5,39.106,4.39,4.515,4.379,4.481,4.436,607050.0,23739000000.0,0.0,0.0,0.5,0.0567,1.2821
FPT,2013-01-09,14:01:04,HOSE,STOCK,38.0,39.9,36.1,39.9,39.9,38.5,39.0,39.8,4.526,4.526,4.368,4.424,4.515,1588500.0,63222000000.0,0.0,0.0,1.0,0.1134,2.6316
FPT,2013-01-08,14:01:05,HOSE,STOCK,36.2,38.0,34.4,36.3,38.0,36.2,38.0,37.377,4.118,4.311,4.107,4.311,4.24,535860.0,20029000000.0,0.0,0.0,1.8,0.2042,4.9724
FPT,2013-01-07,14:01:04,HOSE,STOCK,36.4,38.2,34.6,36.2,36.5,36.0,36.2,36.276,4.107,4.141,4.084,4.107,4.115,204570.0,7421000000.0,0.0,0.0,-0.2,-0.0227,-0.5495
FPT,2013-01-04,14:01:07,HOSE,STOCK,35.9,37.6,34.2,35.7,36.4,35.6,36.4,36.012,4.05,4.129,4.039,4.129,4.085,278020.0,10012000000.0,0.0,0.0,0.5,0.0567,1.3928
FPT,2013-01-03,14:01:06,HOSE,STOCK,36.4,38.2,34.6,36.4,36.6,35.3,35.9,36.061,4.129,4.152,4.005,4.073,4.091,366960.0,13233000000.0,0.0,0.0,-0.5,-0.0567,-1.3736
FPT,2013-01-02,14:01:04,HOSE,STOCK,35.2,36.9,33.5,35.3,36.6,35.3,36.4,36.149,4.005,4.152,4.005,4.129,4.101,380320.0,13748000000.0,0.0,0.0,1.2,0.1361,3.4091
