code,date,time,floor,type,basicPrice,ceilingPrice,floorPrice,open,high,low,close,average,adOpen,adHigh,adLow,adClose,adAverage,nmVolume,nmValue,ptVolume,ptValue,change,adChange,pctChange
BVH,2025-11-03,15:11:03,HOSE,STOCK,50.8,54.3,47.25,51.4,54.3,50.9,54.3,52.946,51.4,54.3,50.9,54.3,52.946,877500.0,46460320000.0,0.0,0.0,3.5,3.5,6.8898
BVH,2025-10-31,15:10:03,HOSE,STOCK,50.6,54.1,47.1,51.3,52.4,50.7,50.8,51.326,51.3,52.4,50.7,50.8,51.326,737800.0,37868510000.0,0.0,0.0,0.2,0.2,0.3953
BVH,2025-10-30,15:10:05,HOSE,STOCK,50.2,53.7,46.7,50.2,50.8,50.1,50.6,50.423,50.2,50.8,50.1,50.6,50.423,219100.0,11047590000.0,0.0,0.0,0.4,0.4,0.7968
BVH,2025-10-29,15:10:03,HOSE,STOCK,49.9,53.3,46.45,50.0,50.9,49.85,50.2,50.373,50.0,50.9,49.85,50.2,50.373,344100.0,17333240000.0,0.0,0.0,0.3,0.3,0.6012
BVH,2025-10-28,15:10:05,HOSE,STOCK,49.8,53.2,46.35,49.8,49.95,49.3,49.9,49.639,49.8,49.95,49.3,49.9,49.639,164500.0,8165570000.0,0.0,0.0,0.1,0.1,0.2008
BVH,2025-10-27,15:10:02,HOSE,STOCK,48.75,52.1,45.35,48.75,50.6,48.75,49.8,49.701,48.75,50.6,48.75,49.8,49.701,271900.0,13513705000.0,0.0,0.0,1.05,1.05,2.1538
BVH,2025-10-24,15:10:04,HOSE,STOCK,49.4,52.8,45.95,49.4,49.5,48.25,48.75,48.699,49.4,49.5,48.25,48.75,48.699,307300.0,14965070000.0,0.0,0.0,-0.65,-0.65,-1.3158
BVH,2025-10-23,15:10:02,HOSE,STOCK,49.3,52.7,45.85,49.3,49.5,49.1,49.4,49.246,49.3,49.5,49.1,49.4,49.246,87900.0,4328725000.0,0.0,0.0,0.1,0.1,0.2028
BVH,2025-10-22,15:10:03,HOSE,STOCK,49.0,52.4,45.6,49.5,49.7,48.4,49.3,48.822,49.5,49.7,48.4,49.3,48.822,144300.0,7044980000.0,0.0,0.0,0.3,0.3,0.6122
BVH,2025-10-21,15:10:03,HOSE,STOCK,47.1,50.3,43.85,47.5,49.0,47.3,49.0,48.191,47.5,49.0,47.3,49.0,48.191,508400.0,24500435000.0,0.0,0.0,1.9,1.9,4.034
BVH,2025-10-20,15:10:03,HOSE,STOCK,50.5,54.0,47.0,50.4,50.7,47.1,47.1,48.926,50.4,50.7,47.1,47.1,48.926,635300.0,31082880000.0,0.0,0.0,-3.4,-3.4,-6.7327
BVH,2025-10-17,15:10:03,HOSE,STOCK,51.4,54.9,47.85,51.9,51.9,50.1,50.5,50.788,51.9,51.9,50.1,50.5,50.788,314400.0,15967850000.0,0.0,0.0,-0.9,-0.9,-1.751
BVH,2025-10-16,15:10:02,HOSE,STOCK,51.0,54.5,47.45,51.0,51.4,49.0,51.4,50.703,51.0,51.4,49.0,51.4,50.703,362900.0,18400185000.0,0.0,0.0,0.4,0.4,0.7843
BVH,2025-10-15,15:10:03,HOSE,STOCK,52.0,55.6,48.4,52.0,52.0,50.5,51.0,51.149,52.0,52.0,50.5,51.0,51.149,725100.0,37088080000.0,0.0,0.0,-1.0,-1.0,-1.9231
BVH,2025-10-14,15:10:03,HOSE,STOCK,52.8,56.4,49.15,53.1,53.6,51.7,52.0,52.244,53.1,53.6,51.7,52.0,52.244,817000.0,42683350000.0,0.0,0.0,-0.8,-0.8,-1.5152
BVH,2025-10-13,15:10:03,HOSE,STOCK,54.5,58.3,50.7,54.4,54.4,52.4,52.8,53.008,54.4,54.4,52.4,52.8,53.008,550400.0,29175580000.0,0.0,0.0,-1.7,-1.7,-3.1193
BVH,2025-10-10,15:10:03,HOSE,STOCK,55.1,58.9,51.3,55.2,55.2,54.0,54.5,54.463,55.2,55.2,54.0,54.5,54.463,396900.0,21616560000.0,0.0,0.0,-0.6,-0.6,-1.0889
BVH,2025-10-09,15:10:04,HOSE,STOCK,54.8,58.6,51.0,54.4,55.2,54.4,55.1,54.777,54.4,55.2,54.4,55.1,54.777,178600.0,9783090000.0,0.0,0.0,0.3,0.3,0.5474
BVH,2025-10-08,15:10:04,HOSE,STOCK,53.4,57.1,49.7,54.4,54.9,53.8,54.8,54.349,54.4,54.9,53.8,54.8,54.349,240900.0,13092780000.0,0.0,0.0,1.4,1.4,2.6217
BVH,2025-10-07,15:10:03,HOSE,STOCK,54.5,58.3,50.7,54.4,54.6,53.3,53.4,53.978,54.4,54.6,53.3,53.4,53.978,443700.0,23949960000.0,0.0,0.0,-1.1,-1.1,-2.0183
BVH,2025-10-06,15:10:04,HOSE,STOCK,53.0,56.7,49.3,53.8,54.5,53.5,54.5,53.981,53.8,54.5,53.5,54.5,53.981,248100.0,13392690000.0,0.0,0.0,1.5,1.5,2.8302
BVH,2025-10-03,15:10:03,HOSE,STOCK,54.1,57.8,50.4,53.7,54.1,52.9,53.0,53.258,53.7,54.1,52.9,53.0,53.258,236300.0,12584980000.0,0.0,0.0,-1.1,-1.1,-2.0333
BVH,2025-10-02,15:10:03,HOSE,STOCK,54.9,58.7,51.1,55.0,55.5,54.1,54.1,54.733,55.0,55.5,54.1,54.1,54.733,180500.0,9879350000.0,0.0,0.0,-0.8,-0.8,-1.4572
BVH,2025-10-01,15:10:02,HOSE,STOCK,55.3,59.1,51.5,55.3,55.5,54.9,54.9,55.052,55.3,55.5,54.9,54.9,55.052,164500.0,9056090000.0,0.0,0.0,-0.4,-0.4,-0.7233
BVH,2025-09-30,15:09:03,HOSE,STOCK,56.2,60.1,52.3,56.0,56.4,54.7,55.3,55.43,56.0,56.4,54.7,55.3,55.43,360700.0,19993520000.0,0.0,0.0,-0.9,-0.9,-1.6014
BVH,2025-09-29,15:09:03,HOSE,STOCK,56.5,60.4,52.6,56.7,56.7,55.6,56.2,56.082,56.7,56.7,55.6,56.2,56.082,208800.0,11709850000.0,0.0,0.0,-0.3,-0.3,-0.531
BVH,2025-09-26,15:09:03,HOSE,STOCK,56.5,60.4,52.6,56.5,57.2,56.3,56.5,56.631,56.5,57.2,56.3,56.5,56.631,263000.0,14893830000.0,0.0,0.0,0.0,0.0,0.0
BVH,2025-09-25,15:09:03,HOSE,STOCK,56.5,60.4,52.6,56.6,57.0,56.1,56.5,56.575,56.6,57.0,56.1,56.5,56.575,156000.0,8825670000.0,0.0,0.0,0.0,0.0,0.0
BVH,2025-09-24,15:09:03,HOSE,STOCK,56.0,59.9,52.1,56.0,56.7,55.0,56.5,55.687,56.0,56.7,55.0,56.5,55.687,319700.0,17803060000.0,0.0,0.0,0.5,0.5,0.8929
BVH,2025-09-23,15:09:03,HOSE,STOCK,56.5,60.4,52.6,56.5,56.9,56.0,56.0,56.415,56.5,56.9,56.0,56.0,56.415,167500.0,9449560000.0,0.0,0.0,-0.5,-0.5,-0.885
BVH,2025-09-22,15:09:03,HOSE,STOCK,57.9,61.9,53.9,57.5,57.7,56.2,56.5,56.781,57.5,57.7,56.2,56.5,56.781,351100.0,19935680000.0,0.0,0.0,-1.4,-1.4,-2.418
BVH,2025-09-19,15:09:03,HOSE,STOCK,58.7,62.8,54.6,59.2,59.2,57.9,57.9,58.14,59.2,59.2,57.9,57.9,58.14,400300.0,23273440000.0,0.0,0.0,-0.8,-0.8,-1.3629
BVH,2025-09-18,15:09:02,HOSE,STOCK,59.5,63.6,55.4,60.0,60.0,58.5,58.7,58.914,60.0,60.0,58.5,58.7,58.914,205500.0,12106740000.0,0.0,0.0,-0.8,-0.8,-1.3445
BVH,2025-09-17,15:09:03,HOSE,STOCK,58.4,62.4,54.4,58.1,60.9,58.1,59.5,59.915,58.1,60.9,58.1,59.5,59.915,830100.0,49735660000.0,0.0,0.0,1.1,1.1,1.8836
BVH,2025-09-16,15:09:03,HOSE,STOCK,59.3,63.4,55.2,59.5,59.5,58.2,58.4,58.772,59.5,59.5,58.2,58.4,58.772,344600.0,20252830000.0,0.0,0.0,-0.9,-0.9,-1.5177
BVH,2025-09-15,15:09:03,HOSE,STOCK,57.7,61.7,53.7,57.7,59.3,57.7,59.3,58.415,57.7,59.3,57.7,59.3,58.415,350600.0,20480380000.0,0.0,0.0,1.6,1.6,2.773
BVH,2025-09-12,15:09:02,HOSE,STOCK,57.7,61.7,53.7,58.2,58.6,57.5,57.7,58.012,58.2,58.6,57.5,57.7,58.012,319500.0,18534680000.0,0.0,0.0,0.0,0.0,0.0
BVH,2025-09-11,15:09:02,HOSE,STOCK,57.3,61.3,53.3,57.3,57.8,55.8,57.7,56.679,57.3,57.8,55.8,57.7,56.679,405400.0,22977750000.0,0.0,0.0,0.4,0.4,0.6981
BVH,2025-09-10,15:09:03,HOSE,STOCK,56.8,60.7,52.9,56.8,58.2,56.8,57.3,57.343,56.8,58.2,56.8,57.3,57.343,213400.0,12237000000.0,0.0,0.0,0.5,0.5,0.8803
BVH,2025-09-09,15:09:04,HOSE,STOCK,56.9,60.8,53.0,56.6,57.1,56.0,56.8,56.625,56.6,57.1,56.0,56.8,56.625,289300.0,16381720000.0,0.0,0.0,-0.1,-0.1,-0.1757
BVH,2025-09-08,15:09:03,HOSE,STOCK,58.5,62.5,54.5,58.8,58.8,56.9,56.9,57.65,58.8,58.8,56.9,56.9,57.65,689800.0,39766970000.0,0.0,0.0,-1.6,-1.6,-2.735
BVH,2025-09-05,15:09:02,HOSE,STOCK,60.5,64.7,56.3,61.1,61.1,58.5,58.5,59.853,61.1,61.1,58.5,58.5,59.853,743500.0,44500820000.0,0.0,0.0,-2.0,-2.0,-3.3058
BVH,2025-09-04,15:09:03,HOSE,STOCK,58.4,62.4,54.4,58.4,60.6,58.4,60.5,59.78,58.4,60.6,58.4,60.5,59.78,568700.0,33997060000.0,0.0,0.0,2.1,2.1,3.5959
BVH,2025-09-03,15:09:03,HOSE,STOCK,58.9,63.0,54.8,58.1,59.7,58.1,58.4,58.576,58.1,59.7,58.1,58.4,58.576,382300.0,22393790000.0,0.0,0.0,-0.5,-0.5,-0.8489
BVH,2025-08-29,15:08:03,HOSE,STOCK,60.5,64.7,56.3,61.2,61.2,57.5,58.9,59.8,61.2,61.2,57.5,58.9,59.8,724700.0,43337340000.0,0.0,0.0,-1.6,-1.6,-2.6446
BVH,2025-08-28,15:08:03,HOSE,STOCK,59.7,63.8,55.6,59.8,60.5,58.8,60.5,59.769,59.8,60.5,58.8,60.5,59.769,576300.0,34444940000.0,0.0,0.0,0.8,0.8,1.34
BVH,2025-08-27,15:08:03,HOSE,STOCK,60.5,64.7,56.3,60.0,60.7,59.1,59.7,59.832,60.0,60.7,59.1,59.7,59.832,594100.0,35546190000.0,0.0,0.0,-0.8,-0.8,-1.3223
BVH,2025-08-26,15:08:03,HOSE,STOCK,58.5,62.5,54.5,58.5,60.9,57.2,60.5,58.511,58.5,60.9,57.2,60.5,58.511,720100.0,42134110000.0,0.0,0.0,2.0,2.0,3.4188
BVH,2025-08-25,15:08:03,HOSE,STOCK,57.1,61.0,53.2,57.4,59.5,57.3,58.5,58.488,57.4,59.5,57.3,58.5,58.488,683400.0,39970550000.0,0.0,0.0,1.4,1.4,2.4518
BVH,2025-08-22,15:08:03,HOSE,STOCK,60.0,64.2,55.8,58.5,59.8,56.4,57.1,57.976,58.5,59.8,56.4,57.1,57.976,1207400.0,70000230000.0,0.0,0.0,-2.9,-2.9,-4.8333
BVH,2025-08-21,15:08:02,HOSE,STOCK,59.4,63.5,55.3,58.8,61.4,58.3,60.0,59.717,58.8,61.4,58.3,60.0,59.717,1371600.0,81907930000.0,0.0,0.0,0.6,0.6,1.0101
BVH,2025-08-20,15:08:02,HOSE,STOCK,61.2,65.4,57.0,61.5,61.7,58.2,59.4,59.939,61.5,61.7,58.2,59.4,59.939,1244700.0,74606580000.0,0.0,0.0,-1.8,-1.8,-2.9412
BVH,2025-08-19,15:08:03,HOSE,STOCK,62.8,67.1,58.5,62.9,62.9,61.0,61.2,61.639,62.9,62.9,61.0,61.2,61.639,1127000.0,69466900000.0,0.0,0.0,-1.6,-1.6,-2.5478
BVH,2025-08-18,15:08:03,HOSE,STOCK,61.8,66.1,57.5,62.5,65.5,59.8,62.8,63.832,62.5,65.5,59.8,62.8,63.832,1702200.0,108655230000.0,0.0,0.0,1.0,1.0,1.6181
BVH,2025-08-15,15:08:04,HOSE,STOCK,60.9,65.1,56.7,64.2,64.3,59.7,61.8,61.189,64.2,64.3,59.7,61.8,61.189,2216600.0,135630430000.0,0.0,0.0,0.9,0.9,1.4778
BVH,2025-08-14,15:08:03,HOSE,STOCK,57.1,61.0,53.2,60.8,61.0,59.5,60.9,60.483,60.8,61.0,59.5,60.9,60.483,2568100.0,155327370000.0,0.0,0.0,3.8,3.8,6.655
BVH,2025-08-13,15:08:04,HOSE,STOCK,53.4,57.1,49.7,53.9,57.1,53.9,57.1,56.301,53.9,57.1,53.9,57.1,56.301,2711000.0,152631720000.0,0.0,0.0,3.7,3.7,6.9288
BVH,2025-08-12,15:08:02,HOSE,STOCK,53.6,57.3,49.85,54.0,54.0,52.5,53.4,53.119,54.0,54.0,52.5,53.4,53.119,908000.0,48232480000.0,0.0,0.0,-0.2,-0.2,-0.3731
BVH,2025-08-11,15:08:03,HOSE,STOCK,52.0,55.6,48.4,52.1,54.3,52.1,53.6,53.311,52.1,54.3,52.1,53.6,53.311,1559900.0,83160330000.0,0.0,0.0,1.6,1.6,3.0769
BVH,2025-08-08,15:08:03,HOSE,STOCK,52.0,55.6,48.4,52.0,52.5,51.5,52.0,51.943,52.0,52.5,51.5,52.0,51.943,715500.0,37165230000.0,0.0,0.0,0.0,0.0,0.0
BVH,2025-08-07,15:08:03,HOSE,STOCK,51.2,54.7,47.65,51.5,52.0,51.1,52.0,51.525,51.5,52.0,51.1,52.0,51.525,818400.0,42168460000.0,0.0,0.0,0.8,0.8,1.5625
BVH,2025-08-06,15:08:03,HOSE,STOCK,49.8,53.2,46.35,50.0,51.2,49.8,51.2,50.337,50.0,51.2,49.8,51.2,50.337,653100.0,32875220000.0,0.0,0.0,1.4,1.4,2.8112
BVH,2025-08-05,15:08:03,HOSE,STOCK,50.0,53.5,46.5,50.2,51.0,49.8,49.8,50.449,50.2,51.0,49.8,49.8,50.449,1114000.0,56200680000.0,0.0,0.0,-0.2,-0.2,-0.4
BVH,2025-08-04,15:08:02,HOSE,STOCK,50.0,53.5,46.5,50.0,50.7,49.95,50.0,50.259,50.0,50.7,49.95,50.0,50.259,667400.0,33542955000.0,0.0,0.0,0.0,0.0,0.0
BVH,2025-08-01,15:08:02,HOSE,STOCK,49.25,52.6,45.85,49.5,50.0,49.25,50.0,49.781,49.5,50.0,49.25,50.0,49.781,849300.0,42279260000.0,0.0,0.0,0.75,0.75,1.5228
BVH,2025-07-31,15:07:03,HOSE,STOCK,49.55,53.0,46.1,50.2,50.3,49.05,49.25,49.686,50.2,50.3,49.05,49.25,49.686,1132800.0,56284425000.0,0.0,0.0,-0.3,-0.3,-0.6054
BVH,2025-07-30,15:07:03,HOSE,STOCK,49.6,53.0,46.15,49.2,50.1,49.2,49.55,49.663,49.2,50.1,49.2,49.55,49.663,553600.0,27493590000.0,0.0,0.0,-0.05,-0.05,-0.1008
BVH,2025-07-29,15:07:03,HOSE,STOCK,52.2,55.8,48.55,52.3,52.6,49.6,49.6,51.445,52.3,52.6,49.6,49.6,51.445,949800.0,48862390000.0,0.0,0.0,-2.6,-2.6,-4.9808
BVH,2025-07-28,15:07:03,HOSE,STOCK,52.0,55.6,48.4,52.0,53.1,51.9,52.2,52.265,52.0,53.1,51.9,52.2,52.265,750300.0,39214550000.0,0.0,0.0,0.2,0.2,0.3846
BVH,2025-07-25,15:07:03,HOSE,STOCK,52.2,55.8,48.55,52.3,52.7,51.9,52.0,52.135,52.3,52.7,51.9,52.0,52.135,698000.0,36390010000.0,0.0,0.0,-0.2,-0.2,-0.3831
BVH,2025-07-24,15:07:03,HOSE,STOCK,52.4,56.0,48.75,52.7,52.9,52.0,52.2,52.393,52.7,52.9,52.0,52.2,52.393,298800.0,15655150000.0,0.0,0.0,-0.2,-0.2,-0.3817
BVH,2025-07-23,15:07:03,HOSE,STOCK,52.5,56.1,48.85,52.7,53.2,52.3,52.4,52.58,52.7,53.2,52.3,52.4,52.58,366900.0,19291440000.0,0.0,0.0,-0.1,-0.1,-0.1905
BVH,2025-07-22,15:07:03,HOSE,STOCK,51.9,55.5,48.3,51.7,52.5,51.6,52.5,51.989,51.7,52.5,51.6,52.5,51.989,349300.0,18159710000.0,0.0,0.0,0.6,0.6,1.1561
BVH,2025-07-21,15:07:02,HOSE,STOCK,52.5,56.1,48.85,52.5,52.8,51.7,51.9,52.129,52.5,52.8,51.7,51.9,52.129,421600.0,21977460000.0,0.0,0.0,-0.6,-0.6,-1.1429
BVH,2025-07-18,15:07:02,HOSE,STOCK,53.5,57.2,49.8,53.3,53.4,52.4,52.5,52.843,53.3,53.4,52.4,52.5,52.843,593000.0,31335710000.0,0.0,0.0,-1.0,-1.0,-1.8692
BVH,2025-07-17,15:07:02,HOSE,STOCK,54.4,58.2,50.6,54.4,54.5,53.4,53.5,53.85,54.4,54.5,53.4,53.5,53.85,542500.0,29213640000.0,0.0,0.0,-0.9,-0.9,-1.6544
BVH,2025-07-16,15:07:02,HOSE,STOCK,53.8,57.5,50.1,53.8,54.4,53.3,54.4,53.684,53.8,54.4,53.3,54.4,53.684,291600.0,15654270000.0,0.0,0.0,0.6,0.6,1.1152
BVH,2025-07-15,15:07:02,HOSE,STOCK,53.9,57.6,50.2,54.3,54.8,53.5,53.8,54.256,54.3,54.8,53.5,53.8,54.256,652600.0,35407160000.0,0.0,0.0,-0.1,-0.1,-0.1855
BVH,2025-07-14,15:07:03,HOSE,STOCK,53.7,57.4,49.95,53.7,54.4,53.5,53.9,53.947,53.7,54.4,53.5,53.9,53.947,364700.0,19674450000.0,0.0,0.0,0.2,0.2,0.3724
BVH,2025-07-11,15:07:03,HOSE,STOCK,54.0,57.7,50.3,54.0,54.8,53.7,53.7,54.185,54.0,54.8,53.7,53.7,54.185,525900.0,28496080000.0,0.0,0.0,-0.3,-0.3,-0.5556
BVH,2025-07-10,15:07:03,HOSE,STOCK,53.9,57.6,50.2,53.9,54.3,53.1,54.0,53.597,53.9,54.3,53.1,54.0,53.597,455500.0,24413590000.0,0.0,0.0,0.1,0.1,0.1855
BVH,2025-07-09,15:07:02,HOSE,STOCK,53.9,57.6,50.2,54.3,55.0,53.8,53.9,54.297,54.3,55.0,53.8,53.9,54.297,811100.0,44040070000.0,0.0,0.0,0.0,0.0,0.0
BVH,2025-07-08,15:07:02,HOSE,STOCK,54.5,58.3,50.7,54.5,54.5,53.8,53.9,54.017,54.5,54.5,53.8,53.9,54.017,245400.0,13255720000.0,0.0,0.0,-0.6,-0.6,-1.1009
BVH,2025-07-07,15:07:03,HOSE,STOCK,54.9,58.7,51.1,54.2,54.9,53.8,54.5,54.141,54.2,54.9,53.8,54.5,54.141,303500.0,16431670000.0,0.0,0.0,-0.4,-0.4,-0.7286
BVH,2025-07-04,15:07:02,HOSE,STOCK,53.0,56.7,49.3,52.8,55.0,52.4,54.9,53.81,52.8,55.0,52.4,54.9,53.81,529900.0,28513690000.0,0.0,0.0,1.9,1.9,3.5849
BVH,2025-07-03,15:07:03,HOSE,STOCK,53.5,57.2,49.8,53.0,53.7,52.5,53.0,52.863,53.0,53.7,52.5,53.0,52.863,606200.0,32045520000.0,0.0,0.0,-0.5,-0.5,-0.9346
BVH,2025-07-02,15:07:04,HOSE,STOCK,53.6,57.3,49.85,53.3,54.4,53.3,53.5,53.839,53.3,54.4,53.3,53.5,53.839,515400.0,27748780000.0,0.0,0.0,-0.1,-0.1,-0.1866
BVH,2025-07-01,15:07:03,HOSE,STOCK,53.1,56.8,49.4,52.7,54.3,51.7,53.6,53.704,52.7,54.3,51.7,53.6,53.704,655500.0,35203260000.0,0.0,0.0,0.5,0.5,0.9416
BVH,2025-06-30,15:06:03,HOSE,STOCK,52.2,55.8,48.55,52.4,53.7,52.0,53.1,52.936,52.4,53.7,52.0,53.1,52.936,360400.0,19078130000.0,0.0,0.0,0.9,0.9,1.7241
BVH,2025-06-27,15:06:02,HOSE,STOCK,52.5,56.1,48.85,52.3,53.3,52.1,52.2,52.674,52.3,53.3,52.1,52.2,52.674,381300.0,20084600000.0,0.0,0.0,-0.3,-0.3,-0.5714
BVH,2025-06-26,15:06:03,HOSE,STOCK,52.7,56.3,49.05,53.4,53.4,52.4,52.5,52.625,53.4,53.4,52.4,52.5,52.625,181700.0,9562000000.0,0.0,0.0,-0.2,-0.2,-0.3795
BVH,2025-06-25,15:06:03,HOSE,STOCK,54.1,57.8,50.4,54.1,54.1,52.7,52.7,53.378,54.1,54.1,52.7,52.7,53.378,290000.0,15479590000.0,0.0,0.0,-1.4,-1.4,-2.5878
BVH,2025-06-24,15:06:02,HOSE,STOCK,51.2,54.7,47.65,51.5,54.1,51.5,54.1,53.16,51.5,54.1,51.5,54.1,53.16,987900.0,52516690000.0,0.0,0.0,2.9,2.9,5.6641
BVH,2025-06-23,15:06:02,HOSE,STOCK,50.6,54.1,47.1,50.6,51.8,50.0,51.2,50.849,50.6,51.8,50.0,51.2,50.849,266300.0,13541090000.0,20700.0,976005000.0,0.6,0.6,1.1858
BVH,2025-06-20,15:06:02,HOSE,STOCK,51.3,54.8,47.75,51.5,52.1,50.6,50.6,51.135,51.5,52.1,50.6,50.6,51.135,521800.0,26682360000.0,0.0,0.0,-0.7,-0.7,-1.3645
BVH,2025-06-19,15:06:03,HOSE,STOCK,51.9,55.5,48.3,52.1,52.2,51.3,51.3,51.658,52.1,52.2,51.3,51.3,51.658,232000.0,11984710000.0,0.0,0.0,-0.6,-0.6,-1.1561
BVH,2025-06-18,15:06:02,HOSE,STOCK,51.7,55.3,48.1,51.7,52.1,51.5,51.9,51.859,51.7,52.1,51.5,51.9,51.859,245700.0,12741830000.0,0.0,0.0,0.2,0.2,0.3868
BVH,2025-06-17,15:06:02,HOSE,STOCK,51.6,55.2,48.0,51.9,52.5,51.1,51.7,51.893,51.9,52.5,51.1,51.7,51.893,636200.0,33014260000.0,0.0,0.0,0.1,0.1,0.1938
BVH,2025-06-16,15:06:03,HOSE,STOCK,49.3,52.7,45.85,49.3,51.7,49.3,51.6,51.057,49.3,51.7,49.3,51.6,51.057,785100.0,40084985000.0,0.0,0.0,2.3,2.3,4.6653
BVH,2025-06-13,15:06:03,HOSE,STOCK,49.8,53.2,46.35,49.45,49.6,49.1,49.3,49.301,49.45,49.6,49.1,49.3,49.301,286900.0,14144415000.0,0.0,0.0,-0.5,-0.5,-1.004
BVH,2025-06-12,15:06:03,HOSE,STOCK,49.4,52.8,45.95,49.9,49.9,49.3,49.8,49.733,49.9,49.9,49.3,49.8,49.733,247900.0,12328890000.0,0.0,0.0,0.4,0.4,0.8097
BVH,2025-06-11,15:06:03,HOSE,STOCK,48.9,52.3,45.5,49.0,49.45,48.8,49.4,49.19,49.0,49.45,48.8,49.4,49.19,315500.0,15519480000.0,0.0,0.0,0.5,0.5,1.0225
BVH,2025-06-10,15:06:02,HOSE,STOCK,48.6,52.0,45.2,49.0,49.8,48.6,48.9,49.347,49.0,49.8,48.6,48.9,49.347,297000.0,14656195000.0,0.0,0.0,0.3,0.3,0.6173
BVH,2025-06-09,15:06:02,HOSE,STOCK,49.5,52.9,46.05,49.4,50.0,48.6,48.6,49.131,49.4,50.0,48.6,48.6,49.131,560400.0,27532840000.0,0.0,0.0,-0.9,-0.9,-1.8182
BVH,2025-06-06,15:06:02,HOSE,STOCK,50.4,53.9,46.9,50.0,50.5,49.5,49.5,50.065,50.0,50.5,49.5,49.5,50.065,445100.0,22283995000.0,0.0,0.0,-0.9,-0.9,-1.7857
BVH,2025-06-05,15:06:08,HOSE,STOCK,51.3,54.8,47.75,51.3,51.3,49.95,50.4,50.278,51.3,51.3,49.95,50.4,50.278,879500.0,44219865000.0,0.0,0.0,-0.9,-0.9,-1.7544
BVH,2025-06-04,15:06:03,HOSE,STOCK,51.4,54.9,47.85,51.7,51.7,50.7,51.3,51.226,51.7,51.7,50.7,51.3,51.226,269600.0,13810510000.0,0.0,0.0,-0.1,-0.1,-0.1946
BVH,2025-06-03,15:06:02,HOSE,STOCK,50.5,54.0,47.0,50.6,51.8,50.6,51.4,51.309,50.6,51.8,50.6,51.4,51.309,516000.0,26475680000.0,0.0,0.0,0.9,0.9,1.7822
BVH,2025-06-02,15:06:02,HOSE,STOCK,50.6,54.1,47.1,51.4,51.4,49.8,50.5,50.129,51.4,51.4,49.8,50.5,50.129,444300.0,22272385000.0,0.0,0.0,-0.1,-0.1,-0.1976
BVH,2025-05-30,15:05:02,HOSE,STOCK,51.6,55.2,48.0,51.4,51.5,50.5,50.6,51.008,51.4,51.5,50.5,50.6,51.008,460300.0,23478950000.0,0.0,0.0,-1.0,-1.0,-1.938
BVH,2025-05-29,15:05:03,HOSE,STOCK,52.4,56.0,48.75,52.2,52.3,51.4,51.6,51.874,52.2,52.3,51.4,51.6,51.874,307500.0,15951290000.0,0.0,0.0,-0.8,-0.8,-1.5267
BVH,2025-05-28,15:05:03,HOSE,STOCK,52.5,56.1,48.85,52.0,52.5,51.1,52.4,51.934,52.0,52.5,51.1,52.4,51.934,429300.0,22295240000.0,0.0,0.0,-0.1,-0.1,-0.1905
BVH,2025-05-27,15:05:01,HOSE,STOCK,51.4,54.9,47.85,51.7,52.7,51.2,52.5,51.977,51.7,52.7,51.2,52.5,51.977,936400.0,48671000000.0,0.0,0.0,1.1,1.1,2.1401
BVH,2025-05-26,15:05:04,HOSE,STOCK,49.65,53.1,46.2,49.7,51.4,49.3,51.4,50.865,49.7,51.4,49.3,51.4,50.865,1265300.0,64359820000.0,0.0,0.0,1.75,1.75,3.5247
BVH,2025-05-23,15:05:02,HOSE,STOCK,49.5,52.9,46.05,49.65,50.2,49.25,49.65,49.518,49.65,50.2,49.25,49.65,49.518,250000.0,12379500000.0,0.0,0.0,0.15,0.15,0.303
BVH,2025-05-22,15:05:02,HOSE,STOCK,50.3,53.8,46.8,49.15,50.6,49.15,49.5,50.05,49.15,50.6,49.15,49.5,50.05,413600.0,20700855000.0,0.0,0.0,-0.8,-0.8,-1.5905
BVH,2025-05-21,15:05:03,HOSE,STOCK,49.7,53.1,46.25,50.2,50.9,49.8,50.3,50.231,50.2,50.9,49.8,50.3,50.231,569700.0,28616580000.0,0.0,0.0,0.6,0.6,1.2072
BVH,2025-05-20,15:05:02,HOSE,STOCK,48.25,51.6,44.9,48.2,49.8,47.9,49.7,48.829,48.2,49.8,47.9,49.7,48.829,859200.0,41953990000.0,0.0,0.0,1.45,1.45,3.0052
BVH,2025-05-19,15:05:03,HOSE,STOCK,48.25,51.6,44.9,48.25,48.75,48.15,48.25,48.345,48.25,48.75,48.15,48.25,48.345,338200.0,16350205000.0,0.0,0.0,0.0,0.0,0.0
BVH,2025-05-16,15:05:03,HOSE,STOCK,49.6,53.0,46.15,49.65,49.8,48.25,48.25,49.067,49.65,49.8,48.25,48.25,49.067,291400.0,14297980000.0,0.0,0.0,-1.35,-1.35,-2.7218
BVH,2025-05-15,15:05:02,HOSE,STOCK,49.2,52.6,45.8,49.2,50.3,48.8,49.6,49.805,49.2,50.3,48.8,49.6,49.805,770100.0,38354535000.0,0.0,0.0,0.4,0.4,0.813
BVH,2025-05-14,15:05:03,HOSE,STOCK,49.1,52.5,45.7,49.45,49.45,48.5,49.2,48.87,49.45,49.45,48.5,49.2,48.87,392900.0,19200855000.0,0.0,0.0,0.1,0.1,0.2037
BVH,2025-05-13,15:05:02,HOSE,STOCK,48.8,52.2,45.4,49.8,49.8,48.8,49.1,49.259,49.8,49.8,48.8,49.1,49.259,479300.0,23609940000.0,0.0,0.0,0.3,0.3,0.6148
BVH,2025-05-12,15:05:04,HOSE,STOCK,48.2,51.5,44.85,48.2,48.85,47.85,48.8,48.496,48.2,48.85,47.85,48.8,48.496,496000.0,24054130000.0,0.0,0.0,0.6,0.6,1.2448
BVH,2025-05-09,15:05:03,HOSE,STOCK,48.9,52.3,45.5,48.75,49.85,48.15,48.2,48.51,48.75,49.85,48.15,48.2,48.51,582400.0,28252235000.0,0.0,0.0,-0.7,-0.7,-1.4315
BVH,2025-05-08,15:05:03,HOSE,STOCK,49.0,52.4,45.6,49.15,49.15,48.0,48.9,48.331,49.15,49.15,48.0,48.9,48.331,598200.0,28911800000.0,0.0,0.0,-0.1,-0.1,-0.2041
BVH,2025-05-07,15:05:26,HOSE,STOCK,47.5,50.8,44.2,47.1,49.3,47.1,49.0,48.652,47.1,49.3,47.1,49.0,48.652,1320500.0,64244730000.0,0.0,0.0,1.5,1.5,3.1579
BVH,2025-05-06,15:05:02,HOSE,STOCK,46.1,49.3,42.9,46.15,48.2,46.0,47.5,47.14,46.15,48.2,46.0,47.5,47.14,1032100.0,48653135000.0,0.0,0.0,1.4,1.4,3.0369
BVH,2025-05-05,16:05:57,HOSE,STOCK,45.95,49.15,42.75,46.6,46.9,45.55,46.1,45.914,46.6,46.9,45.55,46.1,45.914,300700.0,13806255000.0,0.0,0.0,0.15,0.15,0.3264
BVH,2025-04-29,15:04:17,HOSE,STOCK,46.0,49.2,42.8,46.2,46.65,45.5,45.95,46.037,46.2,46.65,45.5,45.95,46.037,296500.0,13650065000.0,0.0,0.0,-0.05,-0.05,-0.1087
BVH,2025-04-28,15:04:18,HOSE,STOCK,46.1,49.3,42.9,46.7,46.7,45.7,46.0,46.058,46.7,46.7,45.7,46.0,46.058,206200.0,9497185000.0,1750000.0,76779500000.0,-0.1,-0.1,-0.2169
BVH,2025-04-25,15:04:20,HOSE,STOCK,46.45,49.7,43.2,46.75,47.3,46.1,46.1,46.665,46.75,47.3,46.1,46.1,46.665,629400.0,29371170000.0,0.0,0.0,-0.35,-0.35,-0.7535
BVH,2025-04-24,15:04:17,HOSE,STOCK,44.0,47.05,40.95,44.1,46.6,44.1,46.45,45.829,44.1,46.6,44.1,46.45,45.829,1257700.0,57639115000.0,0.0,0.0,2.45,2.45,5.5682
BVH,2025-04-23,15:04:18,HOSE,STOCK,43.4,46.4,40.4,45.0,45.0,44.0,44.0,44.485,45.0,45.0,44.0,44.0,44.485,501600.0,22313470000.0,0.0,0.0,0.6,0.6,1.3825
BVH,2025-04-22,15:04:17,HOSE,STOCK,44.0,47.05,40.95,43.55,43.9,41.0,43.4,42.685,43.55,43.9,41.0,43.4,42.685,1658000.0,70771840000.0,32900.0,1402132200.0,-0.6,-0.6,-1.3636
BVH,2025-04-21,15:04:18,HOSE,STOCK,45.0,48.15,41.85,45.45,45.45,43.6,44.0,44.147,45.45,45.45,43.6,44.0,44.147,402800.0,17782485000.0,0.0,0.0,-1.0,-1.0,-2.2222
BVH,2025-04-18,15:04:21,HOSE,STOCK,45.35,48.5,42.2,45.65,45.9,45.0,45.0,45.366,45.65,45.9,45.0,45.0,45.366,536100.0,24320465000.0,0.0,0.0,-0.35,-0.35,-0.7718
BVH,2025-04-17,15:04:18,HOSE,STOCK,44.05,47.1,41.0,44.05,45.45,44.0,45.35,44.723,44.05,45.45,44.0,45.35,44.723,558500.0,24977765000.0,0.0,0.0,1.3,1.3,2.9512
BVH,2025-04-16,15:04:19,HOSE,STOCK,44.0,47.05,40.95,43.55,45.6,43.55,44.05,44.771,43.55,45.6,43.55,44.05,44.771,680400.0,30462285000.0,0.0,0.0,0.05,0.05,0.1136
BVH,2025-04-15,15:04:18,HOSE,STOCK,44.6,47.7,41.5,44.1,44.6,42.95,44.0,43.677,44.1,44.6,42.95,44.0,43.677,1029700.0,44974055000.0,0.0,0.0,-0.6,-0.6,-1.3453
BVH,2025-04-14,15:04:22,HOSE,STOCK,44.0,47.05,40.95,44.65,45.0,44.2,44.6,44.522,44.65,45.0,44.2,44.6,44.522,520300.0,23164790000.0,0.0,0.0,0.6,0.6,1.3636
BVH,2025-04-11,15:04:23,HOSE,STOCK,41.8,44.7,38.9,44.2,44.2,42.7,44.0,43.469,44.2,44.2,42.7,44.0,43.469,1115800.0,48502220000.0,0.0,0.0,2.2,2.2,5.2632
BVH,2025-04-10,15:04:19,HOSE,STOCK,39.1,41.8,36.4,41.8,41.8,41.8,41.8,41.8,41.8,41.8,41.8,41.8,41.8,56800.0,2374240000.0,0.0,0.0,2.7,2.7,6.9054
BVH,2025-04-09,15:04:25,HOSE,STOCK,42.0,44.9,39.1,39.1,42.0,39.1,39.1,39.677,39.1,42.0,39.1,39.1,39.677,1657300.0,65756955000.0,0.0,0.0,-2.9,-2.9,-6.9048
BVH,2025-04-08,15:04:27,HOSE,STOCK,45.15,48.3,42.0,43.6,45.0,42.0,42.0,42.426,43.6,45.0,42.0,42.0,42.426,784300.0,33274435000.0,0.0,0.0,-3.15,-3.15,-6.9767
BVH,2025-04-04,15:04:29,HOSE,STOCK,48.5,51.8,45.15,45.15,48.5,45.15,45.15,45.447,45.15,48.5,45.15,45.15,45.447,2125400.0,96592645000.0,0.0,0.0,-3.35,-3.35,-6.9072
BVH,2025-04-03,15:04:21,HOSE,STOCK,52.1,55.7,48.5,48.9,50.9,48.5,48.5,48.768,48.9,50.9,48.5,48.5,48.768,800900.0,39058160000.0,0.0,0.0,-3.6,-3.6,-6.9098
BVH,2025-04-02,15:04:20,HOSE,STOCK,52.7,56.3,49.05,53.0,53.4,52.0,52.1,52.52,53.0,53.4,52.0,52.1,52.52,563400.0,29589740000.0,0.0,0.0,-0.6,-0.6,-1.1385
BVH,2025-04-01,15:04:19,HOSE,STOCK,53.3,57.0,49.6,53.4,53.4,52.4,52.7,52.832,53.4,53.4,52.4,52.7,52.832,391000.0,20657160000.0,0.0,0.0,-0.6,-0.6,-1.1257
BVH,2025-03-31,15:03:25,HOSE,STOCK,53.5,57.2,49.8,53.8,54.5,53.2,53.3,53.707,53.8,54.5,53.2,53.3,53.707,602700.0,32369180000.0,0.0,0.0,-0.2,-0.2,-0.3738
BVH,2025-03-28,15:03:21,HOSE,STOCK,53.2,56.9,49.5,53.2,54.2,52.9,53.5,53.768,53.2,54.2,52.9,53.5,53.768,464100.0,24953600000.0,0.0,0.0,0.3,0.3,0.5639
BVH,2025-03-27,15:03:18,HOSE,STOCK,52.2,55.8,48.55,52.2,53.8,52.0,53.2,53.108,52.2,53.8,52.0,53.2,53.108,596900.0,31699870000.0,0.0,0.0,1.0,1.0,1.9157
BVH,2025-03-26,15:03:23,HOSE,STOCK,52.4,56.0,48.75,52.4,52.7,51.7,52.2,52.239,52.4,52.7,51.7,52.2,52.239,259900.0,13576790000.0,0.0,0.0,-0.2,-0.2,-0.3817
BVH,2025-03-25,15:03:19,HOSE,STOCK,52.2,55.8,48.55,52.2,52.9,52.2,52.4,52.578,52.2,52.9,52.2,52.4,52.578,237900.0,12508340000.0,0.0,0.0,0.2,0.2,0.3831
BVH,2025-03-24,15:03:26,HOSE,STOCK,52.5,56.1,48.85,52.5,52.8,51.6,52.2,52.055,52.5,52.8,51.6,52.2,52.055,523600.0,27255900000.0,0.0,0.0,-0.3,-0.3,-0.5714
BVH,2025-03-21,15:03:24,HOSE,STOCK,53.0,56.7,49.3,53.3,53.4,52.5,52.5,52.864,53.3,53.4,52.5,52.5,52.864,393800.0,20817800000.0,0.0,0.0,-0.5,-0.5,-0.9434
BVH,2025-03-20,15:03:21,HOSE,STOCK,53.4,57.1,49.7,53.0,53.7,52.8,53.0,53.203,53.0,53.7,52.8,53.0,53.203,475500.0,25297970000.0,0.0,0.0,-0.4,-0.4,-0.7491
BVH,2025-03-19,15:03:20,HOSE,STOCK,53.3,57.0,49.6,53.2,53.9,52.8,53.4,53.439,53.2,53.9,52.8,53.4,53.439,502100.0,26831780000.0,0.0,0.0,0.1,0.1,0.1876
BVH,2025-03-18,15:03:24,HOSE,STOCK,53.0,56.7,49.3,52.9,53.5,52.9,53.3,53.105,52.9,53.5,52.9,53.3,53.105,256500.0,13621510000.0,0.0,0.0,0.3,0.3,0.566
BVH,2025-03-17,15:03:18,HOSE,STOCK,53.6,57.3,49.85,53.7,54.4,51.6,53.0,53.009,53.7,54.4,51.6,53.0,53.009,669500.0,35489360000.0,0.0,0.0,-0.6,-0.6,-1.1194
BVH,2025-03-14,15:03:21,HOSE,STOCK,54.1,57.8,50.4,54.1,54.4,53.3,53.6,53.666,54.1,54.4,53.3,53.6,53.666,661300.0,35489170000.0,0.0,0.0,-0.5,-0.5,-0.9242
BVH,2025-03-13,15:03:19,HOSE,STOCK,55.0,58.8,51.2,55.0,55.6,54.0,54.1,54.455,55.0,55.6,54.0,54.1,54.455,695300.0,37862630000.0,0.0,0.0,-0.9,-0.9,-1.6364
BVH,2025-03-12,15:03:18,HOSE,STOCK,54.9,58.7,51.1,55.2,55.4,54.6,55.0,55.028,55.2,55.4,54.6,55.0,55.028,438400.0,24124390000.0,0.0,0.0,0.1,0.1,0.1821
BVH,2025-03-11,15:03:19,HOSE,STOCK,56.2,60.1,52.3,55.9,56.5,54.5,54.9,55.52,55.9,56.5,54.5,54.9,55.52,1174700.0,65218880000.0,0.0,0.0,-1.3,-1.3,-2.3132
BVH,2025-03-10,15:03:21,HOSE,STOCK,56.7,60.6,52.8,56.8,57.4,55.9,56.2,56.541,56.8,57.4,55.9,56.2,56.541,692500.0,39154730000.0,0.0,0.0,-0.5,-0.5,-0.8818
BVH,2025-03-07,15:03:22,HOSE,STOCK,57.7,61.7,53.7,57.7,58.1,56.7,56.7,57.315,57.7,58.1,56.7,56.7,57.315,692500.0,39690270000.0,0.0,0.0,-1.0,-1.0,-1.7331
BVH,2025-03-06,15:03:18,HOSE,STOCK,56.6,60.5,52.7,57.0,57.8,56.6,57.7,57.456,57.0,57.8,56.6,57.7,57.456,877200.0,50400040000.0,0.0,0.0,1.1,1.1,1.9435
BVH,2025-03-05,15:03:21,HOSE,STOCK,56.6,60.5,52.7,56.6,57.3,56.1,56.6,56.761,56.6,57.3,56.1,56.6,56.761,625900.0,35526610000.0,0.0,0.0,0.0,0.0,0.0
BVH,2025-03-04,15:03:19,HOSE,STOCK,56.9,60.8,53.0,56.9,56.9,55.7,56.6,56.161,56.9,56.9,55.7,56.6,56.161,677200.0,38032030000.0,0.0,0.0,-0.3,-0.3,-0.5272
BVH,2025-03-03,15:03:24,HOSE,STOCK,56.6,60.5,52.7,56.3,57.0,56.2,56.9,56.616,56.3,57.0,56.2,56.9,56.616,771500.0,43678930000.0,0.0,0.0,0.3,0.3,0.53
BVH,2025-02-28,15:02:23,HOSE,STOCK,57.8,61.8,53.8,57.8,57.8,56.6,56.6,57.108,57.8,57.8,56.6,56.6,57.108,767400.0,43824960000.0,0.0,0.0,-1.2,-1.2,-2.0761
BVH,2025-02-27,15:02:25,HOSE,STOCK,57.8,61.8,53.8,57.8,59.7,57.6,57.8,58.327,57.8,59.7,57.6,57.8,58.327,1158500.0,67571420000.0,0.0,0.0,0.0,0.0,0.0
BVH,2025-02-26,15:02:26,HOSE,STOCK,57.2,61.2,53.2,57.3,57.9,57.0,57.8,57.419,57.3,57.9,57.0,57.8,57.419,372300.0,21377090000.0,0.0,0.0,0.6,0.6,1.049
BVH,2025-02-25,15:02:21,HOSE,STOCK,58.7,62.8,54.6,58.0,58.7,56.8,57.2,57.748,58.0,58.7,56.8,57.2,57.748,529700.0,30589030000.0,0.0,0.0,-1.5,-1.5,-2.5554
BVH,2025-02-24,15:02:21,HOSE,STOCK,58.0,62.0,54.0,57.4,58.9,56.9,58.7,57.742,57.4,58.9,56.9,58.7,57.742,901200.0,52037480000.0,0.0,0.0,0.7,0.7,1.2069
BVH,2025-02-21,15:02:20,HOSE,STOCK,56.9,60.8,53.0,57.4,58.3,56.2,58.0,57.519,57.4,58.3,56.2,58.0,57.519,910500.0,52371350000.0,0.0,0.0,1.1,1.1,1.9332
BVH,2025-02-20,15:02:21,HOSE,STOCK,56.5,60.4,52.6,56.5,58.4,56.5,56.9,57.714,56.5,58.4,56.5,56.9,57.714,1048400.0,60507390000.0,0.0,0.0,0.4,0.4,0.708
BVH,2025-02-19,15:02:24,HOSE,STOCK,57.3,61.3,53.3,57.8,57.8,56.5,56.5,56.889,57.8,57.8,56.5,56.5,56.889,429100.0,24411230000.0,0.0,0.0,-0.8,-0.8,-1.3962
BVH,2025-02-18,15:02:18,HOSE,STOCK,53.6,57.3,49.85,53.7,57.3,53.2,57.3,55.91,53.7,57.3,53.2,57.3,55.91,2241900.0,125344110000.0,0.0,0.0,3.7,3.7,6.903
BVH,2025-02-17,15:02:18,HOSE,STOCK,54.4,58.2,50.6,54.4,55.0,53.6,53.6,54.519,54.4,55.0,53.6,53.6,54.519,804200.0,43844050000.0,0.0,0.0,-0.8,-0.8,-1.4706
BVH,2025-02-14,15:02:19,HOSE,STOCK,54.4,58.2,50.6,54.3,55.3,53.7,54.4,54.563,54.3,55.3,53.7,54.4,54.563,1080700.0,58965920000.0,0.0,0.0,0.0,0.0,0.0
BVH,2025-02-13,15:02:21,HOSE,STOCK,54.4,58.2,50.6,55.3,55.3,54.1,54.4,54.51,55.3,55.3,54.1,54.4,54.51,755200.0,41166150000.0,0.0,0.0,0.0,0.0,0.0
BVH,2025-02-12,15:02:20,HOSE,STOCK,52.7,56.3,49.05,52.9,55.0,52.5,54.4,53.824,52.9,55.0,52.5,54.4,53.824,1456500.0,78394770000.0,0.0,0.0,1.7,1.7,3.2258
BVH,2025-02-11,15:02:19,HOSE,STOCK,52.9,56.6,49.2,52.9,53.7,52.6,52.7,53.006,52.9,53.7,52.6,52.7,53.006,775700.0,41117070000.0,0.0,0.0,-0.2,-0.2,-0.3781
BVH,2025-02-10,15:02:21,HOSE,STOCK,52.1,55.7,48.5,52.1,53.4,51.6,52.9,52.396,52.1,53.4,51.6,52.9,52.396,968500.0,50745650000.0,35000.0,1842750000.0,0.8,0.8,1.5355
BVH,2025-02-07,15:02:20,HOSE,STOCK,51.2,54.7,47.65,51.2,53.4,51.1,52.1,52.613,51.2,53.4,51.1,52.1,52.613,1239500.0,65214350000.0,0.0,0.0,0.9,0.9,1.7578
BVH,2025-02-06,15:02:21,HOSE,STOCK,51.3,54.8,47.75,51.4,51.6,50.8,51.2,51.066,51.4,51.6,50.8,51.2,51.066,407500.0,20809430000.0,0.0,0.0,-0.1,-0.1,-0.1949
BVH,2025-02-05,15:02:21,HOSE,STOCK,51.4,54.9,47.85,51.4,51.9,50.7,51.3,51.141,51.4,51.9,50.7,51.3,51.141,415400.0,21244080000.0,0.0,0.0,-0.1,-0.1,-0.1946
BVH,2025-02-04,15:02:16,HOSE,STOCK,50.7,54.2,47.2,50.7,51.4,50.7,51.4,50.956,50.7,51.4,50.7,51.4,50.956,382600.0,19495760000.0,0.0,0.0,0.7,0.7,1.3807
BVH,2025-02-03,15:02:22,HOSE,STOCK,50.8,54.3,47.25,50.8,51.3,50.6,50.7,50.794,50.8,51.3,50.6,50.7,50.794,390000.0,19809530000.0,0.0,0.0,-0.1,-0.1,-0.1969
BVH,2025-01-24,15:01:16,HOSE,STOCK,50.7,54.2,47.2,50.8,51.2,50.3,50.8,50.782,50.8,51.2,50.3,50.8,50.782,389600.0,19784540000.0,0.0,0.0,0.1,0.1,0.1972
BVH,2025-01-23,15:01:13,HOSE,STOCK,50.7,54.2,47.2,50.8,51.4,50.5,50.7,50.746,50.8,51.4,50.5,50.7,50.746,563800.0,28610490000.0,0.0,0.0,0.0,0.0,0.0
BVH,2025-01-22,15:01:19,HOSE,STOCK,52.0,55.6,48.4,52.0,52.1,50.7,50.7,51.175,52.0,52.1,50.7,50.7,51.175,499500.0,25562090000.0,0.0,0.0,-1.3,-1.3,-2.5
BVH,2025-01-21,15:01:14,HOSE,STOCK,52.2,55.8,48.55,52.3,53.2,51.5,52.0,52.302,52.3,53.2,51.5,52.0,52.302,987200.0,51632770000.0,0.0,0.0,-0.2,-0.2,-0.3831
BVH,2025-01-20,15:01:20,HOSE,STOCK,52.2,55.8,48.55,51.9,52.4,51.6,52.2,52.01,51.9,52.4,51.6,52.2,52.01,443100.0,23045780000.0,0.0,0.0,0.0,0.0,0.0
BVH,2025-01-17,15:01:17,HOSE,STOCK,51.2,54.7,47.65,51.0,52.5,51.0,52.2,51.897,51.0,52.5,51.0,52.2,51.897,732800.0,38029990000.0,0.0,0.0,1.0,1.0,1.9531
BVH,2025-01-16,15:01:12,HOSE,STOCK,51.2,54.7,47.65,51.6,51.6,50.1,51.2,50.87,51.6,51.6,50.1,51.2,50.87,447200.0,22749010000.0,0.0,0.0,0.0,0.0,0.0
BVH,2025-01-15,15:01:15,HOSE,STOCK,50.8,54.3,47.25,50.9,51.7,50.4,51.2,51.041,50.9,51.7,50.4,51.2,51.041,770900.0,39347330000.0,0.0,0.0,0.4,0.4,0.7874
BVH,2025-01-14,15:01:16,HOSE,STOCK,49.5,52.9,46.05,49.5,50.8,49.5,50.8,50.283,49.5,50.8,49.5,50.8,50.283,693200.0,34856195000.0,0.0,0.0,1.3,1.3,2.6263
BVH,2025-01-13,15:01:16,HOSE,STOCK,49.5,52.9,46.05,49.0,49.5,48.95,49.5,49.241,49.0,49.5,48.95,49.5,49.241,332800.0,16387230000.0,0.0,0.0,0.0,0.0,0.0
BVH,2025-01-10,15:01:15,HOSE,STOCK,49.0,52.4,45.6,48.8,50.1,48.6,49.5,49.429,48.8,50.1,48.6,49.5,49.429,905500.0,44758175000.0,0.0,0.0,0.5,0.5,1.0204
BVH,2025-01-09,15:01:13,HOSE,STOCK,49.4,52.8,45.95,49.0,49.3,48.8,49.0,48.978,49.0,49.3,48.8,49.0,48.978,435700.0,21339865000.0,0.0,0.0,-0.4,-0.4,-0.8097
BVH,2025-01-08,15:01:19,HOSE,STOCK,48.8,52.2,45.4,48.25,49.8,48.25,49.4,49.106,48.25,49.8,48.25,49.4,49.106,539900.0,26512160000.0,50000.0,2300000000.0,0.6,0.6,1.2295
BVH,2025-01-07,15:01:15,HOSE,STOCK,48.5,51.8,45.15,48.5,49.3,48.05,48.8,48.747,48.5,49.3,48.05,48.8,48.747,712500.0,34732490000.0,0.0,0.0,0.3,0.3,0.6186
BVH,2025-01-06,15:01:17,HOSE,STOCK,49.75,53.2,46.3,49.5,49.95,48.5,48.5,49.044,49.5,49.95,48.5,48.5,49.044,1085100.0,53217925000.0,0.0,0.0,-1.25,-1.25,-2.5126
BVH,2025-01-03,15:01:17,HOSE,STOCK,51.5,55.1,47.9,51.3,51.4,49.75,49.75,50.258,51.3,51.4,49.75,49.75,50.258,1174600.0,59033190000.0,0.0,0.0,-1.75,-1.75,-3.3981
BVH,2025-01-02,15:01:20,HOSE,STOCK,50.7,54.2,47.2,51.2,52.0,50.8,51.5,51.485,51.2,52.0,50.8,51.5,51.485,614300.0,31627120000.0,0.0,0.0,0.8,0.8,1.5779
BVH,2024-12-31,15:12:14,HOSE,STOCK,52.0,55.6,48.4,52.0,52.1,50.7,50.7,51.266,52.0,52.1,50.7,50.7,51.266,786400.0,40315860000.0,0.0,0.0,-1.3,-1.3,-2.5
BVH,2024-12-30,15:12:15,HOSE,STOCK,52.3,55.9,48.65,51.7,53.0,51.6,52.0,52.072,51.7,53.0,51.6,52.0,52.072,360600.0,18777060000.0,0.0,0.0,-0.3,-0.3,-0.5736
BVH,2024-12-27,15:12:21,HOSE,STOCK,52.6,56.2,48.95,52.4,52.6,51.9,52.3,52.248,52.4,52.6,51.9,52.3,52.248,384900.0,20110110000.0,0.0,0.0,-0.3,-0.3,-0.5703
BVH,2024-12-26,15:12:17,HOSE,STOCK,53.6,57.3,49.85,53.2,53.4,52.5,52.6,52.791,53.2,53.4,52.5,52.6,52.791,653300.0,34488570000.0,0.0,0.0,-1.0,-1.0,-1.8657
BVH,2024-12-25,15:12:14,HOSE,STOCK,52.8,56.4,49.15,53.2,55.7,52.9,53.6,54.071,53.2,55.7,52.9,53.6,54.071,1431800.0,77419460000.0,0.0,0.0,0.8,0.8,1.5152
BVH,2024-12-24,15:12:13,HOSE,STOCK,53.1,56.8,49.4,53.4,53.4,52.1,52.8,52.754,53.4,53.4,52.1,52.8,52.754,558700.0,29473630000.0,0.0,0.0,-0.3,-0.3,-0.565
BVH,2024-12-23,15:12:16,HOSE,STOCK,51.2,54.7,47.65,51.4,53.3,51.4,53.1,52.507,51.4,53.3,51.4,53.1,52.507,714500.0,37515930000.0,0.0,0.0,1.9,1.9,3.7109
BVH,2024-12-20,15:12:13,HOSE,STOCK,52.4,56.0,48.75,52.0,52.8,51.1,51.2,51.662,52.0,52.8,51.1,51.2,51.662,1322900.0,68343540000.0,0.0,0.0,-1.2,-1.2,-2.2901
BVH,2024-12-19,15:12:14,HOSE,STOCK,52.2,55.8,48.55,52.0,53.3,51.6,52.4,52.591,52.0,53.3,51.6,52.4,52.591,892800.0,46952840000.0,0.0,0.0,0.2,0.2,0.3831
BVH,2024-12-18,15:12:12,HOSE,STOCK,52.1,55.7,48.5,51.9,53.0,51.7,52.2,52.101,51.9,53.0,51.7,52.2,52.101,495600.0,25821420000.0,0.0,0.0,0.1,0.1,0.1919
BVH,2024-12-17,15:12:12,HOSE,STOCK,52.3,55.9,48.65,52.2,53.0,52.1,52.1,52.359,52.2,53.0,52.1,52.1,52.359,538600.0,28200590000.0,0.0,0.0,-0.2,-0.2,-0.3824
BVH,2024-12-16,15:12:16,HOSE,STOCK,53.2,56.9,49.5,53.0,53.1,52.2,52.3,52.506,53.0,53.1,52.2,52.3,52.506,468800.0,24614800000.0,0.0,0.0,-0.9,-0.9,-1.6917
BVH,2024-12-13,15:12:15,HOSE,STOCK,52.9,56.6,49.2,52.7,54.8,52.2,53.2,53.774,52.7,54.8,52.2,53.2,53.774,1403200.0,75455110000.0,0.0,0.0,0.3,0.3,0.5671
BVH,2024-12-12,15:12:13,HOSE,STOCK,52.2,55.8,48.55,52.2,53.0,51.7,52.9,52.371,52.2,53.0,51.7,52.9,52.371,602100.0,31532700000.0,0.0,0.0,0.7,0.7,1.341
BVH,2024-12-11,15:12:14,HOSE,STOCK,52.6,56.2,48.95,53.0,53.0,51.4,52.2,51.873,53.0,53.0,51.4,52.2,51.873,523100.0,27134890000.0,0.0,0.0,-0.4,-0.4,-0.7605
BVH,2024-12-10,15:12:13,HOSE,STOCK,51.7,55.3,48.1,51.7,53.4,51.4,52.6,52.575,51.7,53.4,51.4,52.6,52.575,1119500.0,58857600000.0,0.0,0.0,0.9,0.9,1.7408
BVH,2024-12-09,15:12:14,HOSE,STOCK,52.0,55.6,48.4,51.8,51.9,50.9,51.7,51.385,51.8,51.9,50.9,51.7,51.385,862600.0,44324790000.0,0.0,0.0,-0.3,-0.3,-0.5769
BVH,2024-12-06,15:12:16,HOSE,STOCK,51.9,55.5,48.3,52.4,53.5,51.3,52.0,52.326,52.4,53.5,51.3,52.0,52.326,902800.0,47239570000.0,0.0,0.0,0.1,0.1,0.1927
BVH,2024-12-05,15:12:14,HOSE,STOCK,52.0,55.6,48.4,51.4,53.2,51.4,51.9,52.216,51.4,53.2,51.4,51.9,52.216,1252600.0,65405210000.0,20000.0,1060000000.0,-0.1,-0.1,-0.1923
BVH,2024-12-04,15:12:12,HOSE,STOCK,52.1,55.7,48.5,52.0,53.0,50.9,52.0,51.564,52.0,53.0,50.9,52.0,51.564,1114300.0,57457190000.0,0.0,0.0,-0.1,-0.1,-0.1919
BVH,2024-12-03,15:12:12,HOSE,STOCK,49.0,52.4,45.6,48.6,52.4,48.6,52.1,51.134,48.6,52.4,48.6,52.1,51.134,1834400.0,93800570000.0,0.0,0.0,3.1,3.1,6.3265
BVH,2024-12-02,15:12:13,HOSE,STOCK,47.5,50.8,44.2,48.5,49.2,48.0,49.0,48.776,48.5,49.2,48.0,49.0,48.776,1672300.0,81567240000.0,0.0,0.0,1.5,1.5,3.1579
BVH,2024-11-29,15:11:15,HOSE,STOCK,44.4,47.5,41.3,44.45,47.5,44.4,47.5,46.533,44.45,47.5,44.4,47.5,46.533,1959000.0,91157365000.0,0.0,0.0,3.1,3.1,6.982
BVH,2024-11-28,15:11:12,HOSE,STOCK,44.45,47.55,41.35,44.6,45.3,44.4,44.4,44.858,44.6,45.3,44.4,44.4,44.858,331200.0,14856940000.0,0.0,0.0,-0.05,-0.05,-0.1125
BVH,2024-11-27,15:11:11,HOSE,STOCK,44.25,47.3,41.2,44.0,44.55,43.95,44.45,44.202,44.0,44.55,43.95,44.45,44.202,271300.0,11991925000.0,0.0,0.0,0.2,0.2,0.452
BVH,2024-11-26,15:11:12,HOSE,STOCK,44.25,47.3,41.2,44.75,44.8,44.25,44.25,44.509,44.75,44.8,44.25,44.25,44.509,217400.0,9676310000.0,0.0,0.0,0.0,0.0,0.0
BVH,2024-11-25,15:11:12,HOSE,STOCK,44.2,47.25,41.15,44.25,45.1,44.2,44.25,44.689,44.25,45.1,44.2,44.25,44.689,462600.0,20673105000.0,0.0,0.0,0.05,0.05,0.1131
BVH,2024-11-22,15:11:12,HOSE,STOCK,44.2,47.25,41.15,44.25,44.3,43.5,44.2,43.96,44.25,44.3,43.5,44.2,43.96,282300.0,12410010000.0,0.0,0.0,0.0,0.0,0.0
BVH,2024-11-21,15:11:11,HOSE,STOCK,43.6,46.65,40.55,43.65,44.2,43.4,44.2,43.874,43.65,44.2,43.4,44.2,43.874,200900.0,8814195000.0,0.0,0.0,0.6,0.6,1.3761
BVH,2024-11-20,15:11:13,HOSE,STOCK,43.5,46.5,40.5,43.15,43.7,43.1,43.6,43.455,43.15,43.7,43.1,43.6,43.455,196600.0,8543185000.0,0.0,0.0,0.1,0.1,0.2299
BVH,2024-11-19,15:11:09,HOSE,STOCK,42.8,45.75,39.85,43.0,43.9,42.7,43.5,43.457,43.0,43.9,42.7,43.5,43.457,359900.0,15640210000.0,0.0,0.0,0.7,0.7,1.6355
BVH,2024-11-18,15:11:11,HOSE,STOCK,44.4,47.5,41.3,43.85,44.4,43.6,43.8,43.9,42.846,43.383,42.602,42.797,42.895,266100.0,11681875000.0,0.0,0.0,-0.6,-0.5863,-1.3514
BVH,2024-11-15,15:11:15,HOSE,STOCK,44.35,47.45,41.25,44.2,44.5,43.7,44.4,44.186,43.188,43.481,42.699,43.383,43.174,381300.0,16848200000.0,0.0,0.0,0.05,0.0489,0.1127
BVH,2024-11-14,15:11:11,HOSE,STOCK,45.2,48.35,42.05,45.0,45.2,44.35,44.35,44.778,43.97,44.165,43.334,43.334,43.753,209000.0,9358685000.0,0.0,0.0,-0.85,-0.8305,-1.8805
BVH,2024-11-13,15:11:12,HOSE,STOCK,45.2,48.35,42.05,45.5,45.5,44.35,45.2,44.801,44.458,44.458,43.334,44.165,43.775,304300.0,13633045000.0,0.0,0.0,0.0,0.0,0.0
BVH,2024-11-12,15:11:12,HOSE,STOCK,45.75,48.95,42.55,45.7,45.75,45.2,45.2,45.395,44.653,44.702,44.165,44.165,44.355,599100.0,27195975000.0,0.0,0.0,-0.55,-0.5374,-1.2022
BVH,2024-11-11,15:11:18,HOSE,STOCK,45.15,48.3,42.0,45.3,45.75,45.15,45.75,45.499,44.263,44.702,44.116,44.702,44.457,1017200.0,46281480000.0,0.0,0.0,0.6,0.5863,1.3289
BVH,2024-11-08,15:11:14,HOSE,STOCK,43.9,46.95,40.85,44.15,45.2,43.9,45.15,44.828,43.139,44.165,42.895,44.116,43.801,792700.0,35535365000.0,0.0,0.0,1.25,1.2214,2.8474
BVH,2024-11-07,15:11:13,HOSE,STOCK,44.15,47.2,41.1,44.2,44.25,43.65,43.9,44.039,43.188,43.237,42.65,42.895,43.031,249700.0,10996435000.0,0.0,0.0,-0.25,-0.2443,-0.5663
BVH,2024-11-06,15:11:11,HOSE,STOCK,44.0,47.05,40.95,44.05,44.15,43.85,44.15,44.034,43.041,43.139,42.846,43.139,43.026,199600.0,8789270000.0,0.0,0.0,0.15,0.1466,0.3409
BVH,2024-11-05,15:11:11,HOSE,STOCK,43.8,46.85,40.75,43.8,44.1,43.0,44.0,43.872,42.797,43.09,42.015,42.992,42.867,212100.0,9305255000.0,0.0,0.0,0.2,0.1954,0.4566
BVH,2024-11-04,15:11:11,HOSE,STOCK,43.6,46.65,40.55,43.65,44.4,43.6,43.8,43.885,42.65,43.383,42.602,42.797,42.88,321700.0,14117750000.0,0.0,0.0,0.2,0.1954,0.4587
BVH,2024-11-01,15:11:13,HOSE,STOCK,43.0,46.0,40.0,43.0,43.65,43.0,43.6,43.45,42.015,42.65,42.015,42.602,42.455,306800.0,13330490000.0,0.0,0.0,0.6,0.5863,1.3953
BVH,2024-10-31,15:10:12,HOSE,STOCK,42.95,45.95,39.95,43.0,43.35,43.0,43.0,43.092,42.015,42.357,42.015,42.015,42.105,197800.0,8523570000.0,0.0,0.0,0.05,0.0489,0.1164
BVH,2024-10-30,15:10:11,HOSE,STOCK,43.25,46.25,40.25,43.2,43.3,42.8,42.95,43.041,42.211,42.308,41.82,41.966,42.055,164900.0,7097405000.0,0.0,0.0,-0.3,-0.2931,-0.6936
BVH,2024-10-29,15:10:11,HOSE,STOCK,43.2,46.2,40.2,43.45,43.45,43.2,43.25,43.294,42.455,42.455,42.211,42.26,42.303,106400.0,4606480000.0,0.0,0.0,0.05,0.0489,0.1157
BVH,2024-10-28,15:10:12,HOSE,STOCK,43.35,46.35,40.35,43.05,43.35,43.0,43.2,43.202,42.064,42.357,42.015,42.211,42.213,69900.0,3019800000.0,0.0,0.0,-0.15,-0.1466,-0.346
BVH,2024-10-25,15:10:13,HOSE,STOCK,43.45,46.45,40.45,43.5,43.55,43.3,43.35,43.37,42.504,42.553,42.308,42.357,42.377,156000.0,6765645000.0,0.0,0.0,-0.1,-0.0977,-0.2301
BVH,2024-10-24,15:10:13,HOSE,STOCK,43.3,46.3,40.3,43.45,43.55,43.3,43.45,43.46,42.455,42.553,42.308,42.455,42.465,156000.0,6779750000.0,0.0,0.0,0.15,0.1466,0.3464
BVH,2024-10-23,15:10:13,HOSE,STOCK,43.2,46.2,40.2,43.2,43.35,43.1,43.3,43.221,42.211,42.357,42.113,42.308,42.231,228200.0,9863025000.0,0.0,0.0,0.1,0.0977,0.2315
BVH,2024-10-22,15:10:11,HOSE,STOCK,43.75,46.8,40.7,43.9,43.95,43.0,43.2,43.522,42.895,42.944,42.015,42.211,42.525,192100.0,8360530000.0,0.0,0.0,-0.55,-0.5374,-1.2571
BVH,2024-10-21,15:10:18,HOSE,STOCK,44.0,47.05,40.95,44.15,44.25,43.75,43.75,43.987,43.139,43.237,42.748,42.748,42.98,205500.0,9039370000.0,0.0,0.0,-0.25,-0.2443,-0.5682
BVH,2024-10-18,15:10:15,HOSE,STOCK,44.0,47.05,40.95,44.0,44.3,43.75,44.0,44.03,42.992,43.286,42.748,42.992,43.022,410500.0,18074210000.0,0.0,0.0,0.0,0.0,0.0
BVH,2024-10-17,15:10:13,HOSE,STOCK,43.8,46.85,40.75,43.75,44.0,43.5,44.0,43.709,42.748,42.992,42.504,42.992,42.708,217000.0,9484785000.0,0.0,0.0,0.2,0.1954,0.4566
BVH,2024-10-16,15:10:10,HOSE,STOCK,43.7,46.75,40.65,43.5,43.95,43.4,43.8,43.576,42.504,42.944,42.406,42.797,42.578,254200.0,11076965000.0,0.0,0.0,0.1,0.0977,0.2288
BVH,2024-10-15,15:10:10,HOSE,STOCK,44.0,47.05,40.95,43.6,44.05,43.6,43.7,43.81,42.602,43.041,42.602,42.699,42.807,259200.0,11355640000.0,0.0,0.0,-0.3,-0.2931,-0.6818
BVH,2024-10-14,15:10:11,HOSE,STOCK,44.1,47.15,41.05,44.1,44.5,43.9,44.0,44.068,43.09,43.481,42.895,42.992,43.059,293500.0,12933920000.0,0.0,0.0,-0.1,-0.0977,-0.2268
BVH,2024-10-11,15:10:12,HOSE,STOCK,43.9,46.95,40.85,44.0,44.45,43.85,44.1,44.121,42.992,43.432,42.846,43.09,43.111,576800.0,25448830000.0,0.0,0.0,0.2,0.1954,0.4556
BVH,2024-10-10,15:10:11,HOSE,STOCK,43.25,46.25,40.25,43.25,43.95,43.25,43.9,43.744,42.26,42.944,42.26,42.895,42.742,901300.0,39426310000.0,0.0,0.0,0.65,0.6351,1.5029
BVH,2024-10-09,15:10:14,HOSE,STOCK,42.95,45.95,39.95,43.0,43.25,42.85,43.25,43.018,42.015,42.26,41.869,42.26,42.033,314600.0,13533405000.0,0.0,0.0,0.3,0.2931,0.6985
BVH,2024-10-08,15:10:11,HOSE,STOCK,42.95,45.95,39.95,43.0,43.1,42.85,42.95,42.936,42.015,42.113,41.869,41.966,41.953,178300.0,7655400000.0,0.0,0.0,0.0,0.0,0.0
BVH,2024-10-07,15:10:12,HOSE,STOCK,42.85,45.8,39.9,42.9,43.15,42.85,42.95,42.982,41.918,42.162,41.869,41.966,41.998,236300.0,10156730000.0,0.0,0.0,0.1,0.0977,0.2334
BVH,2024-10-04,15:10:14,HOSE,STOCK,42.9,45.9,39.9,42.9,43.05,42.75,42.85,42.842,41.918,42.064,41.771,41.869,41.861,212100.0,9086810000.0,0.0,0.0,-0.05,-0.0489,-0.1166
BVH,2024-10-03,15:10:11,HOSE,STOCK,43.2,46.2,40.2,43.3,43.6,42.8,42.9,43.208,42.308,42.602,41.82,41.918,42.219,414200.0,17896605000.0,0.0,0.0,-0.3,-0.2931,-0.6944
BVH,2024-10-02,15:10:11,HOSE,STOCK,43.4,46.4,40.4,43.4,43.4,43.05,43.2,43.191,42.406,42.406,42.064,42.211,42.202,402400.0,17379855000.0,0.0,0.0,-0.2,-0.1954,-0.4608
BVH,2024-10-01,15:10:10,HOSE,STOCK,42.85,45.8,39.9,42.8,43.45,42.7,43.4,43.136,41.82,42.455,41.722,42.406,42.148,731900.0,31571230000.0,0.0,0.0,0.55,0.5374,1.2835
BVH,2024-09-30,15:09:14,HOSE,STOCK,43.3,46.3,40.3,43.3,43.3,42.85,42.85,42.949,42.308,42.308,41.869,41.869,41.965,298700.0,12828750000.0,0.0,0.0,-0.45,-0.4397,-1.0393
BVH,2024-09-27,15:09:13,HOSE,STOCK,43.3,46.3,40.3,43.35,43.5,43.2,43.3,43.307,42.357,42.504,42.211,42.308,42.315,232500.0,10068885000.0,0.0,0.0,0.0,0.0,0.0
BVH,2024-09-26,15:09:11,HOSE,STOCK,43.35,46.35,40.35,43.15,43.8,43.15,43.3,43.445,42.162,42.797,42.162,42.308,42.45,215300.0,9353640000.0,0.0,0.0,-0.05,-0.0489,-0.1153
BVH,2024-09-25,15:09:12,HOSE,STOCK,43.65,46.7,40.6,43.45,43.6,43.25,43.35,43.392,42.455,42.602,42.26,42.357,42.398,242200.0,10509620000.0,0.0,0.0,-0.3,-0.2931,-0.6873
BVH,2024-09-24,15:09:09,HOSE,STOCK,43.8,46.85,40.75,43.8,43.8,43.25,43.65,43.429,42.797,42.797,42.26,42.65,42.434,269100.0,11686700000.0,0.0,0.0,-0.15,-0.1466,-0.3425
BVH,2024-09-23,15:09:12,HOSE,STOCK,43.1,46.1,40.1,43.1,43.8,42.8,43.8,43.441,42.113,42.797,41.82,42.797,42.446,351200.0,15256610000.0,0.0,0.0,0.7,0.684,1.6241
BVH,2024-09-20,15:09:12,HOSE,STOCK,42.9,45.9,39.9,43.0,43.2,42.65,43.1,42.941,42.015,42.211,41.673,42.113,41.958,745600.0,32016755000.0,0.0,0.0,0.2,0.1954,0.4662
BVH,2024-09-19,15:09:12,HOSE,STOCK,42.85,45.8,39.9,43.15,43.15,42.85,42.9,42.968,42.162,42.162,41.869,41.918,41.984,124000.0,5328020000.0,0.0,0.0,0.05,0.0489,0.1167
BVH,2024-09-18,15:09:14,HOSE,STOCK,42.85,45.8,39.9,43.0,43.1,42.75,42.85,42.893,42.015,42.113,41.771,41.869,41.911,248300.0,10650250000.0,0.0,0.0,0.0,0.0,0.0
BVH,2024-09-17,15:09:13,HOSE,STOCK,42.7,45.65,39.75,42.65,42.85,42.45,42.85,42.611,41.673,41.869,41.478,41.869,41.635,189400.0,8070530000.0,0.0,0.0,0.15,0.1466,0.3513
BVH,2024-09-16,15:09:12,HOSE,STOCK,42.75,45.7,39.8,42.8,43.2,42.3,42.7,42.728,41.82,42.211,41.331,41.722,41.75,430500.0,18394220000.0,0.0,0.0,-0.05,-0.0489,-0.117
BVH,2024-09-13,15:09:15,HOSE,STOCK,42.85,45.8,39.9,42.65,43.35,42.5,42.75,42.857,41.673,42.357,41.527,41.771,41.876,560700.0,24030145000.0,0.0,0.0,-0.1,-0.0977,-0.2334
BVH,2024-09-12,15:09:10,HOSE,STOCK,43.1,46.1,40.1,43.1,43.4,42.8,42.85,43.051,42.113,42.406,41.82,41.869,42.065,411200.0,17702720000.0,0.0,0.0,-0.25,-0.2443,-0.58
BVH,2024-09-11,15:09:10,HOSE,STOCK,43.3,46.3,40.3,43.0,43.35,42.9,43.1,43.091,42.015,42.357,41.918,42.113,42.104,351100.0,15129125000.0,0.0,0.0,-0.2,-0.1954,-0.4619
BVH,2024-09-10,15:09:09,HOSE,STOCK,44.0,47.05,40.95,44.0,44.0,43.1,43.3,43.357,42.992,42.992,42.113,42.308,42.364,1194600.0,51793960000.0,0.0,0.0,-0.7,-0.684,-1.5909
BVH,2024-09-09,15:09:11,HOSE,STOCK,44.8,47.9,41.7,44.65,44.7,43.8,44.0,44.147,43.628,43.676,42.797,42.992,43.136,694600.0,30664530000.0,0.0,0.0,-0.8,-0.7817,-1.7857
BVH,2024-09-06,15:09:14,HOSE,STOCK,44.7,47.8,41.6,44.8,45.4,44.6,44.8,44.846,43.774,44.36,43.579,43.774,43.819,541100.0,24266230000.0,0.0,0.0,0.1,0.0977,0.2237
BVH,2024-09-05,15:09:10,HOSE,STOCK,44.7,47.8,41.6,44.7,44.85,44.5,44.7,44.677,43.676,43.823,43.481,43.676,43.654,489600.0,21873800000.0,0.0,0.0,0.0,0.0,0.0
BVH,2024-09-04,15:09:11,HOSE,STOCK,45.5,48.65,42.35,45.0,45.0,44.6,44.7,44.794,43.97,43.97,43.579,43.676,43.768,545800.0,24448505000.0,0.0,0.0,-0.8,-0.7817,-1.7582
BVH,2024-08-30,15:08:11,HOSE,STOCK,45.35,48.5,42.2,45.35,45.5,44.9,45.5,45.179,44.311,44.458,43.872,44.458,44.144,257300.0,11624645000.0,0.0,0.0,0.15,0.1466,0.3308
BVH,2024-08-29,15:08:11,HOSE,STOCK,45.2,48.35,42.05,45.0,45.7,45.0,45.35,45.277,43.97,44.653,43.97,44.311,44.24,357100.0,16168395000.0,0.0,0.0,0.15,0.1466,0.3319
BVH,2024-08-28,15:08:10,HOSE,STOCK,45.6,48.75,42.45,45.3,45.5,45.05,45.2,45.218,44.263,44.458,44.018,44.165,44.183,330300.0,14935455000.0,0.0,0.0,-0.4,-0.3908,-0.8772
BVH,2024-08-27,15:08:10,HOSE,STOCK,45.8,49.0,42.6,45.8,45.8,45.0,45.6,45.314,44.751,44.751,43.97,44.556,44.276,587800.0,26635285000.0,0.0,0.0,-0.2,-0.1954,-0.4367
BVH,2024-08-26,15:08:11,HOSE,STOCK,46.3,49.5,43.1,46.3,46.4,45.65,45.8,45.931,45.24,45.337,44.605,44.751,44.879,518600.0,23819955000.0,0.0,0.0,-0.5,-0.4885,-1.0799
BVH,2024-08-23,15:08:10,HOSE,STOCK,44.8,47.9,41.7,44.8,46.35,44.55,46.3,45.682,43.774,45.289,43.53,45.24,44.636,1830500.0,83620050000.0,0.0,0.0,1.5,1.4657,3.3482
BVH,2024-08-22,15:08:14,HOSE,STOCK,44.7,47.8,41.6,44.6,45.25,44.2,44.8,44.683,43.579,44.214,43.188,43.774,43.66,891500.0,39834555000.0,0.0,0.0,0.1,0.0977,0.2237
BVH,2024-08-21,15:08:14,HOSE,STOCK,44.5,47.6,41.4,44.5,45.2,44.3,44.7,44.603,43.481,44.165,43.286,43.676,43.582,441600.0,19696830000.0,0.0,0.0,0.2,0.1954,0.4494
BVH,2024-08-20,15:08:13,HOSE,STOCK,44.5,47.6,41.4,44.5,44.9,44.05,44.5,44.436,43.481,43.872,43.041,43.481,43.418,1079800.0,47981720000.0,0.0,0.0,0.0,0.0,0.0
BVH,2024-08-19,15:08:11,HOSE,STOCK,43.95,47.0,40.9,43.95,44.65,43.5,44.5,44.174,42.944,43.628,42.504,43.481,43.162,921600.0,40710465000.0,0.0,0.0,0.55,0.5374,1.2514
BVH,2024-08-16,15:08:12,HOSE,STOCK,42.75,45.7,39.8,43.2,44.0,42.75,43.95,43.604,42.211,42.992,41.771,42.944,42.605,835600.0,36435260000.0,0.0,0.0,1.2,1.1725,2.807
BVH,2024-08-15,15:08:12,HOSE,STOCK,43.3,46.3,40.3,43.3,43.4,42.7,42.75,42.86,42.308,42.406,41.722,41.771,41.879,285800.0,12249460000.0,0.0,0.0,-0.55,-0.5374,-1.2702
BVH,2024-08-14,15:08:09,HOSE,STOCK,42.8,45.75,39.85,42.85,43.3,42.7,43.3,42.967,41.869,42.308,41.722,42.308,41.983,495500.0,21289965000.0,0.0,0.0,0.5,0.4885,1.1682
BVH,2024-08-13,15:08:10,HOSE,STOCK,43.3,46.3,40.3,43.15,43.6,42.6,42.8,42.949,42.162,42.602,41.624,41.82,41.965,507200.0,21783645000.0,0.0,0.0,-0.5,-0.4886,-1.1547
BVH,2024-08-12,15:08:11,HOSE,STOCK,43.3,46.3,40.3,43.3,43.3,42.8,43.3,43.089,42.308,42.308,41.82,42.308,42.102,308100.0,13275715000.0,0.0,0.0,0.0,0.0,0.0
BVH,2024-08-09,15:08:10,HOSE,STOCK,42.6,45.55,39.65,42.65,43.3,42.15,43.3,42.825,41.673,42.308,41.185,42.308,41.844,463500.0,19849435000.0,0.0,0.0,0.7,0.684,1.6432
BVH,2024-08-08,15:08:09,HOSE,STOCK,42.3,45.25,39.35,42.05,42.95,42.05,42.6,42.63,41.087,41.966,41.087,41.624,41.654,427000.0,18202935000.0,0.0,0.0,0.3,0.2931,0.7092
BVH,2024-08-07,15:08:10,HOSE,STOCK,42.35,45.3,39.4,42.4,42.6,41.95,42.3,42.256,41.429,41.624,40.989,41.331,41.288,308200.0,13023385000.0,0.0,0.0,-0.05,-0.0489,-0.1181
BVH,2024-08-06,15:08:09,HOSE,STOCK,41.9,44.8,39.0,42.85,42.85,41.5,42.35,42.057,41.869,41.869,40.55,41.38,41.094,541300.0,22765360000.0,0.0,0.0,0.45,0.4397,1.074
BVH,2024-08-05,15:08:09,HOSE,STOCK,43.5,46.5,40.5,43.0,43.15,41.55,41.9,42.444,42.015,42.162,40.599,40.94,41.472,990500.0,42041040000.0,0.0,0.0,-1.6,-1.5633,-3.6782
BVH,2024-08-02,15:08:11,HOSE,STOCK,42.8,45.75,39.85,42.25,43.5,42.25,43.5,42.618,41.282,42.504,41.282,42.504,41.642,635300.0,27075375000.0,0.0,0.0,0.7,0.684,1.6355
BVH,2024-08-01,15:08:09,HOSE,STOCK,43.6,46.65,40.55,43.9,44.35,42.7,42.8,43.524,42.895,43.334,41.722,41.82,42.527,627000.0,27289235000.0,0.0,0.0,-0.8,-0.7817,-1.8349
BVH,2024-07-31,15:07:11,HOSE,STOCK,43.0,46.0,40.0,43.0,44.1,42.95,43.6,43.518,42.015,43.09,41.966,42.602,42.521,635800.0,27669000000.0,0.0,0.0,0.6,0.5863,1.3953
BVH,2024-07-30,15:07:09,HOSE,STOCK,43.35,46.35,40.35,43.2,43.2,42.8,43.0,42.944,42.211,42.211,41.82,42.015,41.961,427200.0,18345480000.0,0.0,0.0,-0.35,-0.342,-0.8074
BVH,2024-07-29,15:07:09,HOSE,STOCK,43.2,46.2,40.2,43.3,43.55,43.15,43.35,43.324,42.308,42.553,42.162,42.357,42.332,325000.0,14080400000.0,0.0,0.0,0.15,0.1466,0.3472
BVH,2024-07-26,21:07:59,HOSE,STOCK,43.2,46.2,40.2,43.0,43.2,42.7,43.2,42.917,42.015,42.211,41.722,42.211,41.934,430600.0,18480145000.0,0.0,0.0,0.0,0.0,0.0
BVH,2024-07-25,15:07:08,HOSE,STOCK,42.45,45.4,39.5,42.6,43.5,42.15,43.2,42.589,41.624,42.504,41.185,42.211,41.614,688500.0,29322750000.0,0.0,0.0,0.75,0.7328,1.7668
BVH,2024-07-24,15:07:09,HOSE,STOCK,43.5,46.5,40.5,43.35,43.75,42.1,42.45,42.576,42.357,42.748,41.136,41.478,41.601,1568100.0,66762700000.0,0.0,0.0,-1.05,-1.026,-2.4138
BVH,2024-07-23,15:07:11,HOSE,STOCK,44.75,47.85,41.65,44.75,44.95,43.5,43.5,44.345,43.725,43.921,42.504,42.504,43.329,778200.0,34509165000.0,0.0,0.0,-1.25,-1.2214,-2.7933
BVH,2024-07-22,15:07:09,HOSE,STOCK,45.75,48.95,42.55,45.4,45.8,44.05,44.75,44.773,44.36,44.751,43.041,43.725,43.748,879100.0,39360185000.0,0.0,0.0,-1.0,-0.9771,-2.1858
BVH,2024-07-19,15:07:09,HOSE,STOCK,47.0,50.2,43.75,47.0,47.0,45.75,45.75,46.266,45.924,45.924,44.702,44.702,45.207,802700.0,37137780000.0,0.0,0.0,-1.25,-1.2214,-2.6596
BVH,2024-07-18,15:07:10,HOSE,STOCK,46.4,49.6,43.2,46.15,47.0,45.1,47.0,46.102,45.093,45.924,44.067,45.924,45.046,581100.0,26790045000.0,0.0,0.0,0.6,0.5863,1.2931
BVH,2024-07-17,15:07:09,HOSE,STOCK,46.5,49.75,43.25,46.8,47.3,44.3,46.4,46.629,45.728,46.217,43.286,45.337,45.561,1426700.0,66526065000.0,0.0,0.0,-0.1,-0.0977,-0.2151
BVH,2024-07-16,15:07:09,HOSE,STOCK,46.05,49.25,42.85,46.45,46.8,46.2,46.5,46.482,45.386,45.728,45.142,45.435,45.418,741600.0,34470855000.0,0.0,0.0,0.45,0.4397,0.9772
BVH,2024-07-15,15:07:11,HOSE,STOCK,45.5,48.65,42.35,45.5,46.1,45.5,46.05,45.947,44.458,45.044,44.458,44.995,44.895,429700.0,19743210000.0,0.0,0.0,0.55,0.5374,1.2088
BVH,2024-07-12,15:07:09,HOSE,STOCK,46.1,49.3,42.9,46.45,46.45,45.5,45.5,45.946,45.386,45.386,44.458,44.458,44.894,582200.0,26749520000.0,0.0,0.0,-0.6,-0.5863,-1.3015
BVH,2024-07-11,15:07:09,HOSE,STOCK,46.6,49.85,43.35,46.9,47.0,46.1,46.1,46.545,45.826,45.924,45.044,45.044,45.479,584000.0,27182035000.0,0.0,0.0,-0.5,-0.4885,-1.073
BVH,2024-07-10,15:07:08,HOSE,STOCK,47.5,50.8,44.2,47.5,47.55,46.6,46.6,47.084,46.412,46.461,45.533,45.533,46.006,561200.0,26423685000.0,0.0,0.0,-0.9,-0.8794,-1.8947
BVH,2024-07-09,15:07:10,HOSE,STOCK,46.3,49.5,43.1,46.4,47.9,46.1,47.5,47.288,45.337,46.803,45.044,46.412,46.205,1139000.0,53860450000.0,0.0,0.0,1.2,1.1725,2.5918
BVH,2024-07-08,15:07:11,HOSE,STOCK,46.4,49.6,43.2,46.5,47.0,45.0,46.3,46.08,45.435,45.924,43.97,45.24,45.025,930700.0,42886725000.0,0.0,0.0,-0.1,-0.0977,-0.2155
BVH,2024-07-05,15:07:10,HOSE,STOCK,46.85,50.1,43.6,47.1,47.25,46.4,46.4,46.763,46.021,46.168,45.337,45.337,45.692,696700.0,32579575000.0,0.0,0.0,-0.45,-0.4397,-0.9605
BVH,2024-07-04,15:07:10,HOSE,STOCK,47.0,50.2,43.75,46.8,47.8,46.7,46.85,47.089,45.728,46.705,45.631,45.777,46.011,598800.0,28196850000.0,0.0,0.0,-0.15,-0.1466,-0.3191
BVH,2024-07-03,15:07:09,HOSE,STOCK,47.6,50.9,44.3,48.0,48.0,46.8,47.0,47.174,46.901,46.901,45.728,45.924,46.094,647400.0,30540560000.0,0.0,0.0,-0.6,-0.5863,-1.2605
BVH,2024-07-02,15:07:08,HOSE,STOCK,46.4,49.6,43.2,46.7,48.1,46.6,47.6,47.489,45.631,46.999,45.533,46.51,46.402,1653400.0,78518355000.0,0.0,0.0,1.2,1.1725,2.5862
BVH,2024-07-01,15:07:09,HOSE,STOCK,46.0,49.2,42.8,45.75,46.4,45.75,46.4,46.069,44.702,45.337,44.702,45.337,45.014,399000.0,18381545000.0,0.0,0.0,0.4,0.3908,0.8696
BVH,2024-06-28,15:06:10,HOSE,STOCK,46.0,49.2,42.8,46.7,46.7,45.3,46.0,46.065,45.631,45.631,44.263,44.947,45.01,1077100.0,49616570000.0,0.0,0.0,0.0,0.0,0.0
BVH,2024-06-27,15:06:08,HOSE,STOCK,44.75,47.85,41.65,44.75,47.45,44.35,46.0,46.489,43.725,46.363,43.334,44.947,45.424,2351900.0,109338415000.0,0.0,0.0,1.25,1.2214,2.7933
BVH,2024-06-26,15:06:09,HOSE,STOCK,44.8,47.9,41.7,44.5,44.8,44.0,44.75,44.524,43.481,43.774,42.992,43.725,43.504,279000.0,12422135000.0,0.0,0.0,-0.05,-0.0489,-0.1116
BVH,2024-06-25,15:06:09,HOSE,STOCK,44.5,47.6,41.4,44.5,44.8,44.1,44.8,44.522,43.481,43.774,43.09,43.774,43.502,358300.0,15952120000.0,0.0,0.0,0.3,0.2931,0.6742
BVH,2024-06-24,15:06:10,HOSE,STOCK,45.15,48.3,42.0,45.15,45.6,43.3,44.5,44.144,44.116,44.556,42.308,43.481,43.133,896400.0,39570880000.0,0.0,0.0,-0.65,-0.6351,-1.4396
BVH,2024-06-21,15:06:10,HOSE,STOCK,45.25,48.4,42.1,45.1,45.8,45.1,45.15,45.283,44.067,44.751,44.067,44.116,44.246,584900.0,26485845000.0,0.0,0.0,-0.1,-0.0977,-0.221
BVH,2024-06-20,15:06:08,HOSE,STOCK,45.8,49.0,42.6,45.8,46.2,45.0,45.25,45.554,44.751,45.142,43.97,44.214,44.511,726500.0,33095060000.0,0.0,0.0,-0.55,-0.5374,-1.2009
BVH,2024-06-19,15:06:10,HOSE,STOCK,45.4,48.55,42.25,45.5,46.0,45.2,45.8,45.648,44.458,44.947,44.165,44.751,44.603,503200.0,22970070000.0,0.0,0.0,0.4,0.3908,0.8811
BVH,2024-06-18,15:06:08,HOSE,STOCK,44.3,47.4,41.2,45.2,45.55,44.5,45.4,45.185,44.165,44.507,43.481,44.36,44.15,756500.0,34182670000.0,0.0,0.0,1.1,1.0748,2.4831
BVH,2024-06-17,15:06:08,HOSE,STOCK,44.5,47.6,41.4,44.5,44.9,44.1,44.3,44.454,43.481,43.872,43.09,43.286,43.436,601700.0,26748140000.0,0.0,0.0,-0.2,-0.1954,-0.4494
BVH,2024-06-14,15:06:09,HOSE,STOCK,45.75,48.95,42.55,45.7,46.25,44.5,44.5,45.601,44.653,45.191,43.481,43.481,44.557,707900.0,32281110000.0,0.0,0.0,-1.25,-1.2214,-2.7322
BVH,2024-06-13,15:06:08,HOSE,STOCK,46.2,49.4,43.0,46.25,46.4,45.45,45.75,45.701,45.191,45.337,44.409,44.702,44.654,1345200.0,61477080000.0,0.0,0.0,-0.45,-0.4397,-0.974
BVH,2024-06-12,15:06:08,HOSE,STOCK,45.65,48.8,42.5,45.25,46.5,45.2,46.2,45.698,44.214,45.435,44.165,45.142,44.652,559700.0,25577085000.0,0.0,0.0,0.55,0.5374,1.2048
BVH,2024-06-11,15:06:08,HOSE,STOCK,46.3,49.5,43.1,46.3,46.5,45.3,45.65,45.777,45.24,45.435,44.263,44.605,44.729,1025700.0,46953255000.0,0.0,0.0,-0.65,-0.6351,-1.4039
BVH,2024-06-10,15:06:09,HOSE,STOCK,46.4,49.6,43.2,46.75,47.1,46.25,46.3,46.762,45.679,46.021,45.191,45.24,45.691,1126800.0,52690880000.0,0.0,0.0,-0.1,-0.0977,-0.2155
BVH,2024-06-07,15:06:09,HOSE,STOCK,46.5,49.75,43.25,46.8,47.4,45.95,46.4,46.601,45.728,46.315,44.898,45.337,45.534,829000.0,38632305000.0,0.0,0.0,-0.1,-0.0977,-0.2151
BVH,2024-06-06,15:06:07,HOSE,STOCK,47.25,50.5,43.95,47.25,47.85,46.5,46.5,47.348,46.168,46.754,45.435,45.435,46.264,916400.0,43389705000.0,0.0,0.0,-0.75,-0.7328,-1.5873
BVH,2024-06-05,15:06:07,HOSE,STOCK,45.85,49.05,42.65,45.9,48.3,45.9,47.25,47.545,44.849,47.194,44.849,46.168,46.456,2402500.0,114225770000.0,0.0,0.0,1.4,1.3679,3.0534
BVH,2024-06-04,15:06:07,HOSE,STOCK,45.35,48.5,42.2,45.5,46.4,45.2,45.85,45.815,44.458,45.337,44.165,44.8,44.766,997300.0,45691035000.0,0.0,0.0,0.5,0.4885,1.1025
BVH,2024-06-03,15:06:07,HOSE,STOCK,44.85,47.95,41.75,45.6,46.3,45.0,45.35,45.555,44.556,45.24,43.97,44.311,44.512,659300.0,30034355000.0,0.0,0.0,0.5,0.4885,1.1148
BVH,2024-05-31,15:05:07,HOSE,STOCK,45.0,48.15,41.85,45.0,46.4,44.85,44.85,45.53,43.97,45.337,43.823,43.823,44.487,922900.0,42019540000.0,0.0,0.0,-0.15,-0.1466,-0.3333
BVH,2024-05-30,15:05:08,HOSE,STOCK,45.6,48.75,42.45,45.5,45.5,44.3,45.0,44.935,44.458,44.458,43.286,43.97,43.906,1906600.0,85673815000.0,0.0,0.0,-0.6,-0.5863,-1.3158
BVH,2024-05-29,15:05:07,HOSE,STOCK,47.0,50.2,43.75,47.2,47.2,45.5,45.6,46.193,46.119,46.119,44.458,44.556,45.135,1257800.0,58101615000.0,0.0,0.0,-1.4,-1.3679,-2.9787
BVH,2024-05-28,15:05:10,HOSE,STOCK,46.4,49.6,43.2,46.45,47.35,45.85,47.0,46.578,45.386,46.266,44.8,45.924,45.511,1528300.0,71185015000.0,0.0,0.0,0.6,0.5863,1.2931
BVH,2024-05-27,15:05:06,HOSE,STOCK,44.6,47.7,41.5,44.6,46.9,44.6,46.4,45.86,43.579,45.826,43.579,45.337,44.81,2540600.0,116510825000.0,0.0,0.0,1.8,1.7588,4.0359
BVH,2024-05-24,15:05:08,HOSE,STOCK,44.6,47.7,41.5,45.0,46.0,43.75,44.6,44.74,43.97,44.947,42.748,43.579,43.715,1772000.0,79279110000.0,0.0,0.0,0.0,0.0,0.0
BVH,2024-05-23,15:05:06,HOSE,STOCK,41.7,44.6,38.8,41.6,44.6,41.55,44.6,43.683,40.647,43.579,40.599,43.579,42.683,2686300.0,117344795000.0,0.0,0.0,2.9,2.8336,6.9544
BVH,2024-05-22,15:05:07,HOSE,STOCK,42.15,45.1,39.2,42.3,42.4,41.6,41.7,41.908,41.331,41.429,40.647,40.745,40.948,482800.0,20232925000.0,0.0,0.0,-0.45,-0.4397,-1.0676
BVH,2024-05-21,15:05:06,HOSE,STOCK,42.35,45.3,39.4,42.4,42.9,41.75,42.15,42.307,41.429,41.918,40.794,41.185,41.338,658000.0,27838140000.0,0.0,0.0,-0.2,-0.1954,-0.4723
BVH,2024-05-20,15:05:07,HOSE,STOCK,40.85,43.7,38.0,41.5,42.65,40.95,42.35,41.954,40.55,41.673,40.012,41.38,40.993,1061000.0,44512960000.0,0.0,0.0,1.5,1.4656,3.672
BVH,2024-05-17,15:05:07,HOSE,STOCK,40.8,43.65,37.95,40.8,40.9,40.55,40.85,40.732,39.866,39.963,39.621,39.915,39.799,286900.0,11685860000.0,0.0,0.0,0.05,0.0489,0.1225
BVH,2024-05-16,15:05:06,HOSE,STOCK,40.55,43.35,37.75,41.0,41.0,40.65,40.8,40.775,40.061,40.061,39.719,39.866,39.841,193900.0,7906200000.0,0.0,0.0,0.25,0.2443,0.6165
BVH,2024-05-15,15:05:05,HOSE,STOCK,40.4,43.2,37.6,40.35,40.7,40.35,40.55,40.515,39.426,39.768,39.426,39.621,39.587,185400.0,7511380000.0,0.0,0.0,0.15,0.1466,0.3713
BVH,2024-05-14,15:05:06,HOSE,STOCK,40.45,43.25,37.65,40.45,40.75,40.1,40.4,40.429,39.524,39.817,39.182,39.475,39.503,162600.0,6573775000.0,0.0,0.0,-0.05,-0.0489,-0.1236
BVH,2024-05-13,15:05:05,HOSE,STOCK,40.7,43.5,37.9,40.7,41.2,40.45,40.45,40.633,39.768,40.257,39.524,39.524,39.703,145900.0,5928380000.0,0.0,0.0,-0.25,-0.2443,-0.6143
BVH,2024-05-10,15:05:07,HOSE,STOCK,40.95,43.8,38.1,40.9,41.5,40.55,40.7,40.846,39.963,40.55,39.621,39.768,39.911,244000.0,9966355000.0,0.0,0.0,-0.25,-0.2443,-0.6105
BVH,2024-05-09,15:05:06,HOSE,STOCK,41.1,43.95,38.25,41.3,41.5,40.6,40.95,41.087,40.354,40.55,39.67,40.012,40.146,235600.0,9680190000.0,0.0,0.0,-0.15,-0.1466,-0.365
BVH,2024-05-08,15:05:06,HOSE,STOCK,41.4,44.25,38.55,40.95,41.55,40.8,41.1,41.111,40.012,40.599,39.866,40.159,40.17,332400.0,13665440000.0,0.0,0.0,-0.3,-0.2931,-0.7246
BVH,2024-05-07,15:05:06,HOSE,STOCK,40.55,43.35,37.75,40.55,41.55,40.55,41.4,40.985,39.621,40.599,39.621,40.452,40.046,596900.0,24464215000.0,0.0,0.0,0.85,0.8305,2.0962
BVH,2024-05-06,15:05:07,HOSE,STOCK,40.0,42.8,37.2,40.05,40.55,40.0,40.55,40.359,39.133,39.621,39.084,39.621,39.435,246300.0,9940335000.0,0.0,0.0,0.55,0.5374,1.375
BVH,2024-05-03,15:05:07,HOSE,STOCK,40.1,42.9,37.3,40.1,40.7,39.95,40.0,40.19,39.182,39.768,39.035,39.084,39.27,297400.0,11952615000.0,0.0,0.0,-0.1,-0.0977,-0.2494
BVH,2024-05-02,15:05:06,HOSE,STOCK,39.45,42.2,36.7,39.45,40.5,39.45,40.1,39.94,38.547,39.573,38.547,39.182,39.025,359200.0,14346335000.0,0.0,0.0,0.65,0.6351,1.6477
BVH,2024-04-26,15:04:06,HOSE,STOCK,39.3,42.05,36.55,39.2,39.45,38.9,39.45,39.193,38.302,38.547,38.009,38.547,38.295,303900.0,11910690000.0,0.0,0.0,0.15,0.1466,0.3817
BVH,2024-04-25,15:04:07,HOSE,STOCK,39.6,42.35,36.85,39.45,39.7,39.2,39.3,39.284,38.547,38.791,38.302,38.4,38.384,154300.0,6061535000.0,0.0,0.0,-0.3,-0.2931,-0.7576
BVH,2024-04-24,16:04:43,HOSE,STOCK,39.25,41.95,36.55,39.25,39.65,39.05,39.6,39.427,38.351,38.742,38.156,38.693,38.524,239800.0,9454465000.0,0.0,0.0,0.35,0.342,0.8917
BVH,2024-04-23,15:04:06,HOSE,STOCK,39.6,42.35,36.85,39.6,39.6,38.9,39.25,39.184,38.693,38.693,38.009,38.351,38.287,209900.0,8224730000.0,0.0,0.0,-0.35,-0.342,-0.8838
BVH,2024-04-22,15:04:08,HOSE,STOCK,38.5,41.15,35.85,39.5,40.05,38.55,39.6,39.6,38.595,39.133,37.667,38.693,38.693,446700.0,17689250000.0,0.0,0.0,1.1,1.0748,2.8571
BVH,2024-04-19,15:04:05,HOSE,STOCK,38.6,41.3,35.9,38.6,38.95,38.2,38.5,38.567,37.716,38.058,37.325,37.618,37.684,606400.0,23386925000.0,0.0,0.0,-0.1,-0.0977,-0.2591
BVH,2024-04-17,15:04:05,HOSE,STOCK,39.35,42.1,36.6,39.45,40.0,38.55,38.6,39.063,38.547,39.084,37.667,37.716,38.168,779300.0,30441960000.0,0.0,0.0,-0.75,-0.7328,-1.906
BVH,2024-04-16,15:04:06,HOSE,STOCK,39.7,42.45,36.95,39.9,40.0,39.2,39.35,39.536,38.986,39.084,38.302,38.449,38.631,618000.0,24433435000.0,0.0,0.0,-0.35,-0.342,-0.8816
BVH,2024-04-15,15:04:08,HOSE,STOCK,41.9,44.8,39.0,41.8,41.8,39.5,39.7,40.734,40.843,40.843,38.595,38.791,39.801,405000.0,16497405000.0,0.0,0.0,-2.2,-2.1496,-5.2506
BVH,2024-04-12,15:04:07,HOSE,STOCK,41.45,44.35,38.55,41.8,41.9,41.3,41.9,41.681,40.843,40.94,40.354,40.94,40.727,132400.0,5518605000.0,0.0,0.0,0.45,0.4397,1.0856
BVH,2024-04-11,15:04:05,HOSE,STOCK,41.55,44.45,38.65,41.55,41.55,41.25,41.45,41.376,40.599,40.599,40.305,40.501,40.428,173600.0,7182895000.0,0.0,0.0,-0.1,-0.0977,-0.2407
BVH,2024-04-10,15:04:05,HOSE,STOCK,41.55,44.45,38.65,41.55,41.85,41.5,41.55,41.623,40.599,40.892,40.55,40.599,40.67,233000.0,9698165000.0,0.0,0.0,0.0,0.0,0.0
BVH,2024-04-09,15:04:05,HOSE,STOCK,41.55,44.45,38.65,41.7,41.95,41.3,41.55,41.593,40.745,40.989,40.354,40.599,40.641,302900.0,12598600000.0,0.0,0.0,0.0,0.0,0.0
BVH,2024-04-08,15:04:05,HOSE,STOCK,41.7,44.6,38.8,41.7,42.0,41.45,41.55,41.626,40.745,41.038,40.501,40.599,40.673,323700.0,13474265000.0,0.0,0.0,-0.15,-0.1466,-0.3597
BVH,2024-04-05,15:04:05,HOSE,STOCK,42.1,45.0,39.2,41.9,42.0,41.7,41.7,41.801,40.94,41.038,40.745,40.745,40.844,274700.0,11482670000.0,0.0,0.0,-0.4,-0.3908,-0.9501
BVH,2024-04-04,15:04:05,HOSE,STOCK,42.3,45.25,39.35,42.35,42.6,42.0,42.1,42.203,41.38,41.624,41.038,41.136,41.237,199200.0,8406760000.0,0.0,0.0,-0.2,-0.1954,-0.4728
BVH,2024-04-03,15:04:05,HOSE,STOCK,42.4,45.35,39.45,42.4,42.95,42.0,42.3,42.523,41.429,41.966,41.038,41.331,41.549,273000.0,11608880000.0,0.0,0.0,-0.1,-0.0977,-0.2358
BVH,2024-04-02,15:04:04,HOSE,STOCK,42.4,45.35,39.45,42.4,42.4,41.9,42.4,42.081,41.429,41.429,40.94,41.429,41.117,486000.0,20451550000.0,0.0,0.0,0.0,0.0,0.0
BVH,2024-04-01,23:04:42,HOSE,STOCK,42.75,45.7,39.8,42.8,42.95,42.35,42.4,42.544,41.82,41.966,41.38,41.429,41.57,268000.0,11401820000.0,0.0,0.0,-0.35,-0.342,-0.8187
BVH,2024-03-29,14:04:36,HOSE,STOCK,43.3,46.3,40.3,43.4,43.4,42.65,42.75,42.869,42.406,42.406,41.673,41.771,41.887,526100.0,22553470000.0,0.0,0.0,-0.55,-0.5374,-1.2702
BVH,2024-03-28,14:04:10,HOSE,STOCK,43.3,46.3,40.3,43.3,43.55,43.2,43.3,43.295,42.308,42.553,42.211,42.308,42.304,389700.0,16871960000.0,0.0,0.0,0.0,0.0,0.0
BVH,2024-03-27,17:03:29,HOSE,STOCK,42.9,45.9,39.9,42.9,43.3,42.7,43.3,43.084,41.918,42.308,41.722,42.308,42.097,546900.0,23562580000.0,0.0,0.0,0.4,0.3908,0.9324
BVH,2024-03-26,17:03:23,HOSE,STOCK,42.8,45.75,39.85,43.05,43.05,42.65,42.9,42.797,42.064,42.064,41.673,41.918,41.817,297100.0,12714840000.0,0.0,0.0,0.1,0.0977,0.2336
BVH,2024-03-25,16:03:32,HOSE,STOCK,42.5,45.45,39.55,42.5,43.3,42.4,42.8,42.865,41.527,42.308,41.429,41.82,41.883,728400.0,31222925000.0,0.0,0.0,0.3,0.2931,0.7059
BVH,2024-03-22,15:03:08,HOSE,STOCK,42.8,45.75,39.85,42.95,42.95,42.35,42.5,42.62,41.966,41.966,41.38,41.527,41.644,439900.0,18747435000.0,0.0,0.0,-0.3,-0.2931,-0.7009
BVH,2024-03-21,15:03:07,HOSE,STOCK,42.25,45.2,39.3,42.55,42.9,42.45,42.8,42.66,41.576,41.918,41.478,41.82,41.683,492200.0,20999145000.0,0.0,0.0,0.55,0.5374,1.3018
BVH,2024-03-20,15:03:09,HOSE,STOCK,42.0,44.9,39.1,42.05,42.4,41.8,42.25,42.13,41.087,41.429,40.843,41.282,41.165,280700.0,11825315000.0,0.0,0.0,0.25,0.2443,0.5952
BVH,2024-03-19,15:03:07,HOSE,STOCK,42.0,44.9,39.1,42.0,42.35,41.9,42.0,42.09,41.038,41.38,40.94,41.038,41.126,195700.0,8237035000.0,0.0,0.0,0.0,0.0,0.0
BVH,2024-03-18,15:03:07,HOSE,STOCK,43.1,46.1,40.1,43.1,43.4,41.5,42.0,42.17,42.113,42.406,40.55,41.038,41.204,900900.0,37992575000.0,0.0,0.0,-1.1,-1.0748,-2.5522
BVH,2024-03-15,15:03:11,HOSE,STOCK,43.65,46.7,40.6,43.5,43.85,42.95,43.1,43.21,42.504,42.846,41.966,42.113,42.22,793000.0,34268680000.0,0.0,0.0,-0.55,-0.5374,-1.26
BVH,2024-03-14,15:03:08,HOSE,STOCK,44.0,47.05,40.95,44.0,44.0,43.55,43.65,43.72,42.992,42.992,42.553,42.65,42.719,582300.0,25458460000.0,0.0,0.0,-0.35,-0.342,-0.7955
BVH,2024-03-13,15:03:07,HOSE,STOCK,43.4,46.4,40.4,43.45,44.0,43.25,44.0,43.48,42.455,42.992,42.26,42.992,42.484,579300.0,25186940000.0,0.0,0.0,0.6,0.5863,1.3825
BVH,2024-03-12,15:03:07,HOSE,STOCK,43.35,46.35,40.35,43.35,43.5,43.0,43.4,43.27,42.357,42.504,42.015,42.406,42.279,889900.0,38504595000.0,0.0,0.0,0.05,0.0489,0.1153
BVH,2024-03-11,15:03:05,HOSE,STOCK,44.45,47.55,41.35,44.45,44.5,43.2,43.35,43.98,43.432,43.481,42.211,42.357,42.973,874200.0,38443710000.0,0.0,0.0,-1.1,-1.0748,-2.4747
BVH,2024-03-08,15:03:07,HOSE,STOCK,44.9,48.0,41.8,45.3,45.55,44.3,44.45,44.91,44.263,44.507,43.286,43.432,43.882,1514100.0,68002980000.0,0.0,0.0,-0.45,-0.4397,-1.0022
BVH,2024-03-07,15:03:07,HOSE,STOCK,43.3,46.3,40.3,43.35,44.9,43.25,44.9,44.18,42.357,43.872,42.26,43.872,43.168,1673700.0,73942910000.0,0.0,0.0,1.6,1.5634,3.6952
BVH,2024-03-06,15:03:06,HOSE,STOCK,43.3,46.3,40.3,43.6,44.2,42.9,43.3,43.6,42.602,43.188,41.918,42.308,42.602,769600.0,33555995000.0,0.0,0.0,0.0,0.0,0.0
BVH,2024-03-05,15:03:06,HOSE,STOCK,43.2,46.2,40.2,43.0,43.45,42.9,43.3,43.12,42.015,42.455,41.918,42.308,42.133,491900.0,21210710000.0,0.0,0.0,0.1,0.0977,0.2315
BVH,2024-03-04,15:03:06,HOSE,STOCK,42.8,45.75,39.85,42.75,43.35,42.75,43.2,43.12,41.771,42.357,41.771,42.211,42.133,804100.0,34671105000.0,0.0,0.0,0.4,0.3908,0.9346
BVH,2024-03-01,15:03:06,HOSE,STOCK,42.9,45.9,39.9,42.85,43.2,42.7,42.8,42.9,41.869,42.211,41.722,41.82,41.918,399700.0,17147655000.0,0.0,0.0,-0.1,-0.0977,-0.2331
BVH,2024-02-29,15:02:07,HOSE,STOCK,42.45,45.4,39.5,42.7,43.3,42.7,42.9,42.95,41.722,42.308,41.722,41.918,41.966,673800.0,28942525000.0,0.0,0.0,0.45,0.4397,1.0601
BVH,2024-02-28,15:02:06,HOSE,STOCK,42.45,45.4,39.5,42.45,42.55,42.15,42.45,42.34,41.478,41.576,41.185,41.478,41.37,390700.0,16543805000.0,0.0,0.0,0.0,0.0,0.0
BVH,2024-02-27,15:02:06,HOSE,STOCK,42.05,44.95,39.15,42.1,42.5,42.1,42.45,42.38,41.136,41.527,41.136,41.478,41.409,290100.0,12294345000.0,0.0,0.0,0.4,0.3908,0.9512
BVH,2024-02-26,15:02:08,HOSE,STOCK,41.95,44.85,39.05,41.95,42.25,41.9,42.05,42.02,40.989,41.282,40.94,41.087,41.058,353400.0,14850855000.0,0.0,0.0,0.1,0.0977,0.2384
BVH,2024-02-23,15:02:06,HOSE,STOCK,42.15,45.1,39.2,42.25,42.85,41.85,41.95,42.23,41.282,41.869,40.892,40.989,41.263,627200.0,26484385000.0,0.0,0.0,-0.2,-0.1954,-0.4745
BVH,2024-02-22,15:02:05,HOSE,STOCK,42.45,45.4,39.5,42.55,42.6,42.15,42.15,42.3,41.576,41.624,41.185,41.185,41.331,400600.0,16943675000.0,0.0,0.0,-0.3,-0.2931,-0.7067
BVH,2024-02-21,15:02:05,HOSE,STOCK,42.75,45.7,39.8,42.75,42.8,42.25,42.45,42.43,41.771,41.82,41.282,41.478,41.458,464100.0,19690765000.0,0.0,0.0,-0.3,-0.2931,-0.7018
BVH,2024-02-20,15:02:05,HOSE,STOCK,43.2,46.2,40.2,43.2,43.25,42.65,42.75,42.9,42.211,42.26,41.673,41.771,41.918,457400.0,19621770000.0,0.0,0.0,-0.45,-0.4397,-1.0417
BVH,2024-02-19,15:02:08,HOSE,STOCK,42.5,45.45,39.55,42.7,43.25,42.45,43.2,42.96,41.722,42.26,41.478,42.211,41.976,818800.0,35176205000.0,0.0,0.0,0.7,0.684,1.6471
BVH,2024-02-16,15:02:06,HOSE,STOCK,41.3,44.15,38.45,41.6,42.75,41.5,42.5,42.29,40.647,41.771,40.55,41.527,41.322,981500.0,41510700000.0,0.0,0.0,1.2,1.1725,2.9056
BVH,2024-02-15,15:02:04,HOSE,STOCK,41.2,44.05,38.35,41.2,41.7,41.2,41.3,41.43,40.257,40.745,40.257,40.354,40.481,359900.0,14910390000.0,0.0,0.0,0.1,0.0977,0.2427
BVH,2024-02-07,15:02:05,HOSE,STOCK,41.1,43.95,38.25,41.1,41.4,41.05,41.2,41.16,40.159,40.452,40.11,40.257,40.217,289900.0,11931250000.0,0.0,0.0,0.1,0.0977,0.2433
BVH,2024-02-06,15:02:04,HOSE,STOCK,41.05,43.9,38.2,41.1,41.35,41.0,41.1,41.11,40.159,40.403,40.061,40.159,40.169,221000.0,9086025000.0,0.0,0.0,0.05,0.0489,0.1218
BVH,2024-02-05,15:02:05,HOSE,STOCK,41.0,43.85,38.15,41.05,42.0,41.05,41.05,41.45,40.11,41.038,40.11,40.11,40.501,387700.0,16069840000.0,0.0,0.0,0.05,0.0489,0.122
BVH,2024-02-02,15:02:04,HOSE,STOCK,41.25,44.1,38.4,41.25,41.25,40.85,41.0,41.01,40.305,40.305,39.915,40.061,40.071,167900.0,6885935000.0,0.0,0.0,-0.25,-0.2443,-0.6061
BVH,2024-02-01,15:02:05,HOSE,STOCK,40.5,43.3,37.7,40.7,41.4,40.6,41.25,41.04,39.768,40.452,39.67,40.305,40.1,485100.0,19908005000.0,0.0,0.0,0.75,0.7328,1.8519
BVH,2024-01-31,15:01:04,HOSE,STOCK,41.0,43.85,38.15,41.3,41.3,40.5,40.5,40.74,40.354,40.354,39.573,39.573,39.807,336300.0,13700800000.0,0.0,0.0,-0.5,-0.4886,-1.2195
BVH,2024-01-30,15:01:04,HOSE,STOCK,41.2,44.05,38.35,41.3,41.45,40.95,41.0,41.1,40.354,40.501,40.012,40.061,40.159,143800.0,5910030000.0,0.0,0.0,-0.2,-0.1954,-0.4854
BVH,2024-01-29,15:01:05,HOSE,STOCK,40.85,43.7,38.0,40.95,41.45,40.7,41.2,41.18,40.012,40.501,39.768,40.257,40.237,266200.0,10963125000.0,0.0,0.0,0.35,0.342,0.8568
BVH,2024-01-26,15:01:04,HOSE,STOCK,40.7,43.5,37.9,40.7,40.85,40.7,40.85,40.75,39.768,39.915,39.768,39.915,39.817,140100.0,5709665000.0,0.0,0.0,0.15,0.1466,0.3686
BVH,2024-01-25,15:01:04,HOSE,STOCK,40.7,43.5,37.9,40.85,40.85,40.6,40.7,40.66,39.915,39.915,39.67,39.768,39.729,157900.0,6420600000.0,0.0,0.0,0.0,0.0,0.0
BVH,2024-01-24,15:01:04,HOSE,STOCK,40.8,43.65,37.95,40.8,40.95,40.6,40.7,40.71,39.866,40.012,39.67,39.768,39.778,334100.0,13600835000.0,0.0,0.0,-0.1,-0.0977,-0.2451
BVH,2024-01-23,15:01:04,HOSE,STOCK,41.2,44.05,38.35,41.2,41.2,40.7,40.8,40.93,40.257,40.257,39.768,39.866,39.993,449800.0,18409005000.0,0.0,0.0,-0.4,-0.3908,-0.9709
BVH,2024-01-22,15:01:03,HOSE,STOCK,41.25,44.1,38.4,41.45,41.5,41.15,41.2,41.26,40.501,40.55,40.208,40.257,40.315,234600.0,9680620000.0,0.0,0.0,-0.05,-0.0489,-0.1212
BVH,2024-01-19,15:01:03,HOSE,STOCK,41.15,44.0,38.3,41.15,41.45,41.15,41.25,41.26,40.208,40.501,40.208,40.305,40.315,250000.0,10315265000.0,0.0,0.0,0.1,0.0977,0.243
BVH,2024-01-18,15:01:04,HOSE,STOCK,41.15,44.0,38.3,41.0,41.45,41.0,41.15,41.24,40.061,40.501,40.061,40.208,40.296,289000.0,11918540000.0,0.0,0.0,0.0,0.0,0.0
BVH,2024-01-17,15:01:04,HOSE,STOCK,41.0,43.85,38.15,40.7,41.7,40.7,41.15,41.22,39.768,40.745,39.768,40.208,40.276,503300.0,20746550000.0,0.0,0.0,0.15,0.1466,0.3659
BVH,2024-01-16,15:01:03,HOSE,STOCK,41.0,43.85,38.15,41.0,41.05,40.6,41.0,40.8,40.061,40.11,39.67,40.061,39.866,553600.0,22587685000.0,0.0,0.0,0.0,0.0,0.0
BVH,2024-01-15,15:01:04,HOSE,STOCK,41.8,44.7,38.9,41.7,42.0,41.0,41.0,41.31,40.745,41.038,40.061,40.061,40.364,435500.0,17988540000.0,0.0,0.0,-0.8,-0.7817,-1.9139
BVH,2024-01-12,15:01:03,HOSE,STOCK,42.0,44.9,39.1,42.0,42.05,41.25,41.8,41.59,41.038,41.087,40.305,40.843,40.638,690800.0,28732970000.0,0.0,0.0,-0.2,-0.1954,-0.4762
BVH,2024-01-11,15:01:04,HOSE,STOCK,40.5,43.3,37.7,40.5,42.2,40.4,42.0,41.86,39.573,41.234,39.475,41.038,40.901,1196200.0,50069175000.0,0.0,0.0,1.5,1.4656,3.7037
BVH,2024-01-10,15:01:04,HOSE,STOCK,40.0,42.8,37.2,40.15,40.95,40.15,40.5,40.6,39.231,40.012,39.231,39.573,39.67,886900.0,36007965000.0,0.0,0.0,0.5,0.4886,1.25
BVH,2024-01-09,15:01:05,HOSE,STOCK,40.0,42.8,37.2,40.0,40.45,39.8,40.0,40.09,39.084,39.524,38.889,39.084,39.172,377300.0,15127700000.0,0.0,0.0,0.0,0.0,0.0
BVH,2024-01-08,15:01:04,HOSE,STOCK,40.0,42.8,37.2,40.05,40.35,39.95,40.0,40.07,39.133,39.426,39.035,39.084,39.152,301100.0,12064415000.0,0.0,0.0,0.0,0.0,0.0
BVH,2024-01-05,15:01:03,HOSE,STOCK,40.1,42.9,37.3,40.15,40.2,39.85,40.0,40.0,39.231,39.279,38.937,39.084,39.084,189300.0,7572925000.0,0.0,0.0,-0.1,-0.0977,-0.2494
BVH,2024-01-04,15:01:04,HOSE,STOCK,39.8,42.55,37.05,40.0,40.4,39.75,40.1,40.05,39.084,39.475,38.84,39.182,39.133,684000.0,27395090000.0,0.0,0.0,0.3,0.2931,0.7538
BVH,2024-01-03,15:01:03,HOSE,STOCK,39.6,42.35,36.85,39.5,39.8,39.5,39.8,39.62,38.595,38.889,38.595,38.889,38.713,148000.0,5863760000.0,0.0,0.0,0.2,0.1954,0.5051
BVH,2024-01-02,15:01:03,HOSE,STOCK,39.5,42.25,36.75,39.5,39.9,39.5,39.6,39.72,38.595,38.986,38.595,38.693,38.81,223400.0,8872585000.0,0.0,0.0,0.1,0.0977,0.2532
BVH,2023-12-29,15:12:01,HOSE,STOCK,39.6,42.35,36.85,39.6,39.75,39.5,39.5,39.62,38.693,38.84,38.595,38.595,38.713,270300.0,10709540000.0,0.0,0.0,-0.1,-0.0977,-0.2525
BVH,2023-12-28,15:12:03,HOSE,STOCK,39.55,42.3,36.8,39.6,39.7,39.5,39.6,39.59,38.693,38.791,38.595,38.693,38.683,168100.0,6655180000.0,0.0,0.0,0.05,0.0489,0.1264
BVH,2023-12-27,15:12:02,HOSE,STOCK,39.5,42.25,36.75,39.5,40.0,39.5,39.55,39.7,38.595,39.084,38.595,38.644,38.791,236700.0,9395985000.0,0.0,0.0,0.05,0.0489,0.1266
BVH,2023-12-26,15:12:01,HOSE,STOCK,39.3,42.05,36.55,39.15,39.65,39.15,39.5,39.47,38.253,38.742,38.253,38.595,38.566,240200.0,9481270000.0,0.0,0.0,0.2,0.1954,0.5089
BVH,2023-12-25,15:12:02,HOSE,STOCK,38.9,41.6,36.2,38.95,39.45,38.9,39.3,39.2,38.058,38.547,38.009,38.4,38.302,224200.0,8788215000.0,0.0,0.0,0.4,0.3908,1.0283
BVH,2023-12-22,15:12:02,HOSE,STOCK,39.35,42.1,36.6,39.35,39.35,38.9,38.9,39.09,38.449,38.449,38.009,38.009,38.195,359900.0,14069370000.0,0.0,0.0,-0.45,-0.4397,-1.1436
BVH,2023-12-21,15:12:02,HOSE,STOCK,39.35,42.1,36.6,39.35,39.45,39.2,39.35,39.32,38.449,38.547,38.302,38.449,38.42,132100.0,5194560000.0,0.0,0.0,0.0,0.0,0.0
BVH,2023-12-20,15:12:01,HOSE,STOCK,39.2,41.9,36.5,39.25,39.45,39.05,39.35,39.22,38.351,38.547,38.156,38.449,38.322,171000.0,6706620000.0,0.0,0.0,0.15,0.1466,0.3827
BVH,2023-12-19,15:12:02,HOSE,STOCK,39.05,41.75,36.35,39.05,39.4,39.0,39.2,39.11,38.156,38.498,38.107,38.302,38.214,143900.0,5627510000.0,0.0,0.0,0.15,0.1466,0.3841
BVH,2023-12-18,15:12:01,HOSE,STOCK,39.5,42.25,36.75,39.55,39.7,39.0,39.05,39.21,38.644,38.791,38.107,38.156,38.312,276400.0,10838100000.0,0.0,0.0,-0.45,-0.4397,-1.1392
BVH,2023-12-15,15:12:01,HOSE,STOCK,40.15,42.95,37.35,40.15,40.2,39.5,39.5,39.69,39.231,39.279,38.595,38.595,38.781,533600.0,21179155000.0,0.0,0.0,-0.65,-0.6351,-1.6189
BVH,2023-12-14,15:12:01,HOSE,STOCK,40.5,43.3,37.7,40.6,40.65,40.15,40.15,40.44,39.67,39.719,39.231,39.231,39.514,313000.0,12657860000.0,0.0,0.0,-0.35,-0.342,-0.8642
BVH,2023-12-13,15:12:03,HOSE,STOCK,40.1,42.9,37.3,40.1,41.05,40.1,40.5,40.6,39.182,40.11,39.182,39.573,39.67,900300.0,36556105000.0,0.0,0.0,0.4,0.3908,0.9975
BVH,2023-12-12,15:12:02,HOSE,STOCK,40.05,42.85,37.25,40.05,40.3,40.0,40.1,40.09,39.133,39.377,39.084,39.182,39.172,324200.0,12997930000.0,0.0,0.0,0.05,0.0489,0.1248
BVH,2023-12-11,15:12:02,HOSE,STOCK,39.55,42.3,36.8,39.6,40.1,39.55,40.05,39.87,38.693,39.182,38.644,39.133,38.957,396000.0,15787025000.0,0.0,0.0,0.5,0.4886,1.2642
BVH,2023-12-08,15:12:02,HOSE,STOCK,39.6,42.35,36.85,39.7,39.8,39.3,39.55,39.63,38.791,38.889,38.4,38.644,38.722,214400.0,8496915000.0,0.0,0.0,-0.05,-0.0489,-0.1263
BVH,2023-12-07,15:12:03,HOSE,STOCK,40.05,42.85,37.25,40.05,40.1,39.4,39.6,39.66,39.133,39.182,38.498,38.693,38.752,466800.0,18512945000.0,0.0,0.0,-0.45,-0.4397,-1.1236
BVH,2023-12-06,15:12:03,HOSE,STOCK,39.8,42.55,37.05,39.8,40.3,39.75,40.05,40.02,38.889,39.377,38.84,39.133,39.104,361300.0,14458500000.0,0.0,0.0,0.25,0.2443,0.6281
BVH,2023-12-05,15:12:03,HOSE,STOCK,40.0,42.8,37.2,40.2,40.2,39.65,39.8,39.89,39.279,39.279,38.742,38.889,38.977,292800.0,11678705000.0,0.0,0.0,-0.2,-0.1954,-0.5
BVH,2023-12-04,15:12:02,HOSE,STOCK,39.7,42.45,36.95,39.95,40.25,39.75,40.0,40.03,39.035,39.328,38.84,39.084,39.113,399700.0,15999630000.0,0.0,0.0,0.3,0.2931,0.7557
BVH,2023-12-01,15:12:02,HOSE,STOCK,39.0,41.7,36.3,39.65,40.0,39.35,39.7,39.59,38.742,39.084,38.449,38.791,38.683,211200.0,8360890000.0,0.0,0.0,0.7,0.684,1.7949
BVH,2023-11-30,15:11:03,HOSE,STOCK,39.7,42.45,36.95,39.6,40.15,39.0,39.0,39.65,38.693,39.231,38.107,38.107,38.742,386700.0,15330895000.0,0.0,0.0,-0.7,-0.684,-1.7632
BVH,2023-11-29,15:11:02,HOSE,STOCK,39.6,42.35,36.85,39.6,39.95,39.5,39.7,39.69,38.693,39.035,38.595,38.791,38.781,269200.0,10684085000.0,0.0,0.0,0.1,0.0977,0.2525
BVH,2023-11-28,15:11:01,HOSE,STOCK,38.85,41.55,36.15,38.85,39.6,38.85,39.6,39.14,37.96,38.693,37.96,38.693,38.244,248600.0,9730620000.0,0.0,0.0,0.75,0.7328,1.9305
BVH,2023-11-27,15:11:01,HOSE,STOCK,39.3,42.05,36.55,39.4,39.8,38.8,38.85,39.1,38.498,38.889,37.911,37.96,38.205,315000.0,12315510000.0,0.0,0.0,-0.45,-0.4397,-1.145
BVH,2023-11-24,15:11:03,HOSE,STOCK,40.5,43.3,37.7,40.5,40.65,39.8,40.25,40.07,38.635,38.778,37.967,38.396,38.224,413600.0,16573145000.0,0.0,0.0,-0.25,-0.2385,-0.6173
BVH,2023-11-23,15:11:02,HOSE,STOCK,40.85,43.7,38.0,41.0,41.15,40.5,40.5,40.87,39.112,39.255,38.635,38.635,38.988,292700.0,11964085000.0,0.0,0.0,-0.35,-0.3339,-0.8568
BVH,2023-11-22,15:11:03,HOSE,STOCK,40.8,43.65,37.95,40.8,40.95,40.5,40.85,40.72,38.921,39.064,38.635,38.969,38.845,242700.0,9883950000.0,0.0,0.0,0.05,0.0477,0.1225
BVH,2023-11-21,15:11:02,HOSE,STOCK,40.8,43.65,37.95,41.0,41.0,40.75,40.8,40.89,39.112,39.112,38.873,38.921,39.007,212000.0,8668075000.0,0.0,0.0,0.0,0.0,0.0
BVH,2023-11-20,15:11:02,HOSE,STOCK,40.85,43.7,38.0,40.4,41.05,40.4,40.8,40.69,38.539,39.159,38.539,38.921,38.816,246300.0,10022140000.0,0.0,0.0,-0.05,-0.0477,-0.1224
BVH,2023-11-17,15:11:01,HOSE,STOCK,41.3,44.15,38.45,41.7,41.85,40.85,40.85,41.18,39.779,39.923,38.969,38.969,39.283,407800.0,16791540000.0,0.0,0.0,-0.45,-0.4293,-1.0896
BVH,2023-11-16,15:11:01,HOSE,STOCK,40.9,43.75,38.05,40.9,41.7,40.9,41.3,41.41,39.016,39.779,39.016,39.398,39.503,483500.0,20020420000.0,0.0,0.0,0.4,0.3816,0.978
BVH,2023-11-15,15:11:01,HOSE,STOCK,40.8,43.65,37.95,41.35,41.5,40.8,40.9,41.16,39.446,39.589,38.921,39.016,39.264,556200.0,22894070000.0,0.0,0.0,0.1,0.0954,0.2451
BVH,2023-11-14,15:11:02,HOSE,STOCK,40.55,43.35,37.75,40.65,41.0,40.45,40.8,40.74,38.778,39.112,38.587,38.921,38.864,295800.0,12049680000.0,0.0,0.0,0.25,0.2385,0.6165
BVH,2023-11-13,15:11:01,HOSE,STOCK,40.6,43.4,37.8,40.6,40.8,40.4,40.55,40.56,38.73,38.921,38.539,38.682,38.692,143300.0,5812300000.0,0.0,0.0,-0.05,-0.0477,-0.1232
BVH,2023-11-10,15:11:02,HOSE,STOCK,41.0,43.85,38.15,40.9,40.95,40.6,40.6,40.7,39.016,39.064,38.73,38.73,38.825,247100.0,10057155000.0,0.0,0.0,-0.4,-0.3816,-0.9756
BVH,2023-11-09,15:11:02,HOSE,STOCK,41.0,43.85,38.15,41.05,41.5,41.0,41.0,41.2,39.159,39.589,39.112,39.112,39.302,394000.0,16231150000.0,0.0,0.0,0.0,0.0,0.0
BVH,2023-11-08,15:11:01,HOSE,STOCK,40.4,43.2,37.6,40.4,41.0,40.0,41.0,40.58,38.539,39.112,38.158,39.112,38.711,352500.0,14303785000.0,0.0,0.0,0.6,0.5724,1.4851
BVH,2023-11-07,15:11:01,HOSE,STOCK,40.7,43.5,37.9,40.6,40.65,40.3,40.4,40.48,38.73,38.778,38.444,38.539,38.616,162200.0,6565945000.0,0.0,0.0,-0.3,-0.2862,-0.7371
BVH,2023-11-06,15:11:01,HOSE,STOCK,40.4,43.2,37.6,40.5,40.85,40.4,40.7,40.59,38.635,38.969,38.539,38.825,38.721,191800.0,7785795000.0,0.0,0.0,0.3,0.2862,0.7426
BVH,2023-11-03,15:11:01,HOSE,STOCK,40.6,43.4,37.8,40.6,40.75,40.2,40.4,40.47,38.73,38.873,38.348,38.539,38.606,196600.0,7955900000.0,0.0,0.0,-0.2,-0.1908,-0.4926
BVH,2023-11-02,15:11:02,HOSE,STOCK,39.0,41.7,36.3,39.35,40.6,39.1,40.6,39.73,37.538,38.73,37.299,38.73,37.9,488100.0,19393255000.0,0.0,0.0,1.6,1.5263,4.1026
BVH,2023-11-01,15:11:02,HOSE,STOCK,38.9,41.6,36.2,39.0,39.5,38.6,39.0,39.02,37.204,37.681,36.822,37.204,37.223,255800.0,9980065000.0,0.0,0.0,0.1,0.0954,0.2571
BVH,2023-10-31,15:10:02,HOSE,STOCK,39.15,41.85,36.45,39.5,39.6,38.9,38.9,39.29,37.681,37.776,37.108,37.108,37.48,373700.0,14684300000.0,0.0,0.0,-0.25,-0.2385,-0.6386
BVH,2023-10-30,15:10:01,HOSE,STOCK,39.5,42.25,36.75,39.5,39.7,39.0,39.15,39.33,37.681,37.872,37.204,37.347,37.519,155400.0,6112085000.0,0.0,0.0,-0.35,-0.3339,-0.8861
BVH,2023-10-27,15:10:02,HOSE,STOCK,39.05,41.75,36.35,39.1,39.6,39.0,39.5,39.28,37.299,37.776,37.204,37.681,37.471,460800.0,18101605000.0,0.0,0.0,0.45,0.4293,1.1524
BVH,2023-10-26,15:10:02,HOSE,STOCK,40.85,43.7,38.0,40.3,40.5,38.8,39.05,39.57,38.444,38.635,37.013,37.251,37.748,646500.0,25584325000.0,0.0,0.0,-1.8,-1.7171,-4.4064
BVH,2023-10-25,15:10:02,HOSE,STOCK,40.75,43.6,37.9,40.75,41.1,40.75,40.85,40.85,38.873,39.207,38.873,38.969,38.969,154100.0,6294810000.0,0.0,0.0,0.1,0.0954,0.2454
BVH,2023-10-24,15:10:02,HOSE,STOCK,40.5,43.3,37.7,40.75,40.8,40.3,40.75,40.62,38.873,38.921,38.444,38.873,38.749,128500.0,5219560000.0,0.0,0.0,0.25,0.2385,0.6173
BVH,2023-10-23,15:10:02,HOSE,STOCK,41.0,43.85,38.15,41.0,41.0,40.3,40.5,40.55,39.112,39.112,38.444,38.635,38.682,202100.0,8194720000.0,0.0,0.0,-0.5,-0.477,-1.2195
BVH,2023-10-20,15:10:06,HOSE,STOCK,40.2,43.0,37.4,40.25,41.15,40.15,41.0,40.56,38.396,39.255,38.301,39.112,38.692,210800.0,8549875000.0,0.0,0.0,0.8,0.7632,1.99
BVH,2023-10-19,15:10:02,HOSE,STOCK,40.85,43.7,38.0,40.6,40.9,40.2,40.2,40.5,38.73,39.016,38.348,38.348,38.635,342300.0,13864800000.0,0.0,0.0,-0.65,-0.6201,-1.5912
BVH,2023-10-18,15:10:02,HOSE,STOCK,41.55,44.45,38.65,41.55,41.6,40.5,40.85,41.01,39.636,39.684,38.635,38.969,39.121,467100.0,19153445000.0,0.0,0.0,-0.7,-0.6678,-1.6847
BVH,2023-10-17,15:10:02,HOSE,STOCK,41.65,44.55,38.75,41.75,42.05,41.55,41.55,41.79,39.827,40.113,39.636,39.636,39.865,173600.0,7254430000.0,0.0,0.0,-0.1,-0.0954,-0.2401
BVH,2023-10-16,15:10:02,HOSE,STOCK,42.3,45.25,39.35,42.3,42.3,41.3,41.65,41.93,40.352,40.352,39.398,39.732,39.999,331200.0,13886150000.0,0.0,0.0,-0.65,-0.6201,-1.5366
BVH,2023-10-13,15:10:02,HOSE,STOCK,42.65,45.6,39.7,42.6,42.6,42.0,42.3,42.18,40.638,40.638,40.066,40.352,40.237,210400.0,8873790000.0,0.0,0.0,-0.35,-0.3339,-0.8206
BVH,2023-10-12,15:10:02,HOSE,STOCK,42.6,45.55,39.65,42.7,42.8,42.55,42.65,42.66,40.733,40.829,40.59,40.686,40.695,239800.0,10228780000.0,0.0,0.0,0.05,0.0477,0.1174
BVH,2023-10-11,15:10:02,HOSE,STOCK,42.55,45.5,39.6,42.4,42.7,42.4,42.6,42.51,40.447,40.733,40.447,40.638,40.552,121700.0,5173565000.0,0.0,0.0,0.05,0.0477,0.1175
BVH,2023-10-10,15:10:02,HOSE,STOCK,42.2,45.15,39.25,42.45,42.75,42.25,42.55,42.48,40.495,40.781,40.304,40.59,40.523,258600.0,10984440000.0,0.0,0.0,0.35,0.3339,0.8294
BVH,2023-10-09,15:10:02,HOSE,STOCK,41.9,44.8,39.0,42.0,42.3,41.85,42.2,42.05,40.066,40.352,39.923,40.256,40.113,222600.0,9359900000.0,0.0,0.0,0.3,0.2862,0.716
BVH,2023-10-06,15:10:01,HOSE,STOCK,41.9,44.8,39.0,41.9,42.15,41.5,41.9,41.8,39.97,40.209,39.589,39.97,39.875,245100.0,10245030000.0,0.0,0.0,0.0,0.0,0.0
BVH,2023-10-05,15:10:01,HOSE,STOCK,42.05,44.95,39.15,42.5,42.5,41.9,41.9,42.03,40.543,40.543,39.97,39.97,40.094,174800.0,7347190000.0,0.0,0.0,-0.15,-0.1431,-0.3567
BVH,2023-10-04,15:10:01,HOSE,STOCK,41.85,44.75,38.95,41.6,42.4,41.5,42.05,42.0,39.684,40.447,39.589,40.113,40.066,378300.0,15890235000.0,0.0,0.0,0.2,0.1908,0.4779
BVH,2023-10-03,15:10:02,HOSE,STOCK,42.25,45.2,39.3,42.05,42.35,41.8,41.85,41.96,40.113,40.399,39.875,39.923,40.027,647900.0,27182985000.0,0.0,0.0,-0.4,-0.3816,-0.9467
BVH,2023-10-02,15:10:01,HOSE,STOCK,42.15,45.1,39.2,42.55,42.55,42.1,42.25,42.32,40.59,40.59,40.161,40.304,40.371,223300.0,9449590000.0,0.0,0.0,0.1,0.0954,0.2372
BVH,2023-09-29,15:09:01,HOSE,STOCK,42.4,45.35,39.45,42.5,42.65,42.15,42.15,42.34,40.543,40.686,40.209,40.209,40.39,231800.0,9814955000.0,0.0,0.0,-0.25,-0.2385,-0.5896
BVH,2023-09-28,15:09:01,HOSE,STOCK,42.4,45.35,39.45,42.3,42.55,42.15,42.4,42.36,40.352,40.59,40.209,40.447,40.409,481200.0,20382640000.0,0.0,0.0,0.0,0.0,0.0
BVH,2023-09-27,15:09:01,HOSE,STOCK,42.0,44.9,39.1,42.0,42.4,41.9,42.4,42.04,40.066,40.447,39.97,40.447,40.104,461500.0,19403090000.0,0.0,0.0,0.4,0.3816,0.9524
BVH,2023-09-26,15:09:01,HOSE,STOCK,42.2,45.15,39.25,42.0,42.85,41.7,42.0,42.13,40.066,40.876,39.779,40.066,40.19,1153500.0,48601970000.0,0.0,0.0,-0.2,-0.1908,-0.4739
BVH,2023-09-25,15:09:01,HOSE,STOCK,43.6,46.65,40.55,43.7,44.0,42.2,42.2,43.16,41.687,41.973,40.256,40.256,41.172,748800.0,32319235000.0,0.0,0.0,-1.4,-1.3355,-3.211
BVH,2023-09-22,15:09:01,HOSE,STOCK,44.35,47.45,41.25,44.0,44.1,43.0,43.6,43.48,41.973,42.069,41.02,41.592,41.477,880900.0,38301310000.0,0.0,0.0,-0.75,-0.7155,-1.6911
BVH,2023-09-21,15:09:01,HOSE,STOCK,44.6,47.7,41.5,44.6,44.8,44.35,44.35,44.53,42.546,42.737,42.307,42.307,42.479,300600.0,13386750000.0,0.0,0.0,-0.25,-0.2385,-0.5605
BVH,2023-09-20,15:09:02,HOSE,STOCK,44.05,47.1,41.0,44.15,44.8,43.95,44.6,44.41,42.117,42.737,41.926,42.546,42.365,309700.0,13753760000.0,0.0,0.0,0.55,0.5247,1.2486
BVH,2023-09-19,15:09:01,HOSE,STOCK,44.8,47.9,41.7,44.85,44.9,43.75,44.05,44.15,42.784,42.832,41.735,42.021,42.117,1740500.0,76836265000.0,0.0,0.0,-0.75,-0.7155,-1.6741
BVH,2023-09-18,15:09:02,HOSE,STOCK,44.9,48.0,41.8,44.9,45.2,44.5,44.8,44.77,42.832,43.118,42.45,42.737,42.708,541800.0,24255035000.0,0.0,0.0,-0.1,-0.0954,-0.2227
BVH,2023-09-15,15:09:03,HOSE,STOCK,45.2,48.35,42.05,45.2,45.5,44.9,44.9,45.15,43.118,43.404,42.832,42.832,43.071,600500.0,27110075000.0,0.0,0.0,-0.3,-0.2862,-0.6637
BVH,2023-09-14,15:09:03,HOSE,STOCK,45.55,48.7,42.4,45.55,45.6,44.85,45.2,45.22,43.452,43.5,42.784,43.118,43.137,670400.0,30317870000.0,0.0,0.0,-0.35,-0.3339,-0.7684
BVH,2023-09-13,15:09:02,HOSE,STOCK,45.8,49.0,42.6,45.95,46.05,45.5,45.55,45.78,43.834,43.929,43.404,43.452,43.671,805400.0,36868325000.0,0.0,0.0,-0.25,-0.2385,-0.5459
BVH,2023-09-12,15:09:02,HOSE,STOCK,45.5,48.65,42.35,45.5,45.8,45.4,45.8,45.55,43.404,43.691,43.309,43.691,43.452,456800.0,20809000000.0,0.0,0.0,0.3,0.2862,0.6593
BVH,2023-09-11,15:09:02,HOSE,STOCK,45.65,48.8,42.5,45.7,46.4,45.5,45.5,45.86,43.595,44.263,43.404,43.404,43.748,921000.0,42240590000.0,0.0,0.0,-0.15,-0.1431,-0.3286
BVH,2023-09-08,15:09:03,HOSE,STOCK,45.75,48.95,42.55,45.75,46.0,45.55,45.65,45.73,43.643,43.881,43.452,43.547,43.624,437900.0,20026385000.0,0.0,0.0,-0.1,-0.0954,-0.2186
BVH,2023-09-07,15:09:01,HOSE,STOCK,45.65,48.8,42.5,45.8,46.0,45.5,45.75,45.69,43.691,43.881,43.404,43.643,43.586,1010400.0,46169015000.0,0.0,0.0,0.1,0.0954,0.2191
BVH,2023-09-06,15:09:03,HOSE,STOCK,45.45,48.6,42.3,45.7,45.75,45.35,45.65,45.56,43.595,43.643,43.261,43.547,43.462,580800.0,26462845000.0,0.0,0.0,0.2,0.1908,0.44
BVH,2023-09-05,15:09:04,HOSE,STOCK,45.2,48.35,42.05,45.3,45.9,45.3,45.45,45.57,43.214,43.786,43.214,43.357,43.471,731700.0,33342245000.0,0.0,0.0,0.25,0.2385,0.5531
BVH,2023-08-31,15:08:04,HOSE,STOCK,45.05,48.2,41.9,45.1,45.4,45.05,45.2,45.25,43.023,43.309,42.975,43.118,43.166,1098600.0,49709425000.0,0.0,0.0,0.15,0.1431,0.333
BVH,2023-08-30,15:08:02,HOSE,STOCK,44.8,47.9,41.7,45.0,45.2,44.85,45.05,45.09,42.927,43.118,42.784,42.975,43.013,453400.0,20445010000.0,0.0,0.0,0.25,0.2385,0.558
BVH,2023-08-29,15:08:02,HOSE,STOCK,44.9,48.0,41.8,44.95,45.45,44.8,44.8,45.15,42.88,43.357,42.737,42.737,43.071,737800.0,33308925000.0,0.0,0.0,-0.1,-0.0954,-0.2227
BVH,2023-08-28,15:08:02,HOSE,STOCK,44.9,48.0,41.8,44.9,45.1,44.65,44.9,44.85,42.832,43.023,42.594,42.832,42.784,591800.0,26540305000.0,0.0,0.0,0.0,0.0,0.0
BVH,2023-08-25,15:08:03,HOSE,STOCK,45.4,48.55,42.25,45.5,45.5,44.85,44.9,45.01,43.404,43.404,42.784,42.832,42.937,540700.0,24336010000.0,0.0,0.0,-0.5,-0.477,-1.1013
BVH,2023-08-24,15:08:02,HOSE,STOCK,45.5,48.65,42.35,45.05,45.5,45.05,45.4,45.35,42.975,43.404,42.975,43.309,43.261,361100.0,16375895000.0,0.0,0.0,-0.1,-0.0954,-0.2198
BVH,2023-08-23,15:08:01,HOSE,STOCK,45.4,48.55,42.25,45.5,45.6,44.95,45.5,45.25,43.404,43.5,42.88,43.404,43.166,455600.0,20614870000.0,0.0,0.0,0.1,0.0954,0.2203
BVH,2023-08-22,15:08:02,HOSE,STOCK,44.6,47.7,41.5,44.65,45.45,44.4,45.4,44.94,42.594,43.357,42.355,43.309,42.87,943900.0,42422495000.0,0.0,0.0,0.8,0.7632,1.7937
BVH,2023-08-21,15:08:02,HOSE,STOCK,44.2,47.25,41.15,44.2,45.05,43.95,44.6,44.49,42.164,42.975,41.926,42.546,42.441,1025700.0,45631305000.0,0.0,0.0,0.4,0.3816,0.905
BVH,2023-08-18,15:08:02,HOSE,STOCK,46.5,49.75,43.25,46.5,46.8,44.2,44.2,45.57,44.358,44.645,42.164,42.164,43.471,1903200.0,86727660000.0,0.0,0.0,-2.3,-2.1941,-4.9462
BVH,2023-08-17,15:08:02,HOSE,STOCK,46.9,50.1,43.65,46.85,46.9,46.5,46.5,46.67,44.692,44.74,44.358,44.358,44.521,676700.0,31579150000.0,0.0,0.0,-0.4,-0.3816,-0.8529
BVH,2023-08-16,15:08:02,HOSE,STOCK,47.2,50.5,43.9,47.05,47.2,46.8,46.9,46.98,44.883,45.026,44.645,44.74,44.816,530200.0,24909180000.0,0.0,0.0,-0.3,-0.2862,-0.6356
BVH,2023-08-15,15:08:02,HOSE,STOCK,46.9,50.1,43.65,46.9,48.0,46.8,47.2,47.27,44.74,45.789,44.645,45.026,45.093,524100.0,24776345000.0,0.0,0.0,0.3,0.2862,0.6397
BVH,2023-08-14,15:08:02,HOSE,STOCK,46.7,49.95,43.45,46.95,47.2,46.65,46.9,46.8,44.788,45.026,44.501,44.74,44.645,597700.0,27973995000.0,0.0,0.0,0.2,0.1908,0.4283
BVH,2023-08-11,15:08:02,HOSE,STOCK,47.0,50.2,43.75,47.05,47.15,46.45,46.7,46.72,44.883,44.978,44.311,44.549,44.568,1076900.0,50309250000.0,0.0,0.0,-0.3,-0.2862,-0.6383
BVH,2023-08-10,15:08:02,HOSE,STOCK,47.4,50.7,44.1,47.7,47.9,47.0,47.0,47.45,45.503,45.694,44.835,44.835,45.265,620000.0,29417145000.0,0.0,0.0,-0.4,-0.3816,-0.8439
BVH,2023-08-09,15:08:04,HOSE,STOCK,47.55,50.8,44.25,47.75,47.75,47.3,47.4,47.5,45.551,45.551,45.121,45.217,45.312,674700.0,32045060000.0,0.0,0.0,-0.15,-0.1431,-0.3155
BVH,2023-08-08,15:08:02,HOSE,STOCK,48.0,51.3,44.65,48.2,48.25,47.5,47.55,47.83,45.98,46.028,45.312,45.36,45.627,991500.0,47418565000.0,0.0,0.0,-0.45,-0.4293,-0.9375
BVH,2023-08-07,15:08:02,HOSE,STOCK,47.1,50.3,43.85,47.25,48.0,47.15,48.0,47.66,45.074,45.789,44.978,45.789,45.465,1313900.0,62616505000.0,0.0,0.0,0.9,0.8585,1.9108
BVH,2023-08-04,15:08:02,HOSE,STOCK,47.3,50.6,44.0,47.5,47.55,47.05,47.1,47.23,45.312,45.36,44.883,44.931,45.055,1064100.0,50260620000.0,0.0,0.0,-0.2,-0.1908,-0.4228
BVH,2023-08-03,15:08:02,HOSE,STOCK,47.85,51.1,44.55,47.85,48.0,47.2,47.3,47.46,45.646,45.789,45.026,45.121,45.274,861800.0,40897415000.0,0.0,0.0,-0.55,-0.5247,-1.1494
BVH,2023-08-02,15:08:01,HOSE,STOCK,47.25,50.5,43.95,47.3,48.15,46.9,47.85,47.49,45.121,45.932,44.74,45.646,45.303,1143800.0,54318920000.0,0.0,0.0,0.6,0.5724,1.2698
BVH,2023-08-01,15:08:02,HOSE,STOCK,48.15,51.5,44.8,48.35,48.4,47.25,47.25,48.0,46.123,46.171,45.074,45.074,45.789,1367100.0,65617570000.0,0.0,0.0,-0.9,-0.8586,-1.8692
BVH,2023-07-31,15:07:02,HOSE,STOCK,46.65,49.9,43.4,47.1,48.4,47.1,48.15,47.81,44.931,46.171,44.931,45.932,45.608,1958900.0,93651020000.0,0.0,0.0,1.5,1.4309,3.2154
BVH,2023-07-28,15:07:03,HOSE,STOCK,46.55,49.8,43.3,46.4,46.85,46.35,46.65,46.56,44.263,44.692,44.215,44.501,44.416,666900.0,31048890000.0,0.0,0.0,0.1,0.0954,0.2148
BVH,2023-07-27,15:07:03,HOSE,STOCK,46.65,49.9,43.4,46.7,47.1,46.4,46.55,46.62,44.549,44.931,44.263,44.406,44.473,874200.0,40756355000.0,0.0,0.0,-0.1,-0.0954,-0.2144
BVH,2023-07-26,15:07:02,HOSE,STOCK,46.9,50.1,43.65,46.9,47.15,46.6,46.65,46.72,44.74,44.978,44.454,44.501,44.568,844800.0,39467440000.0,0.0,0.0,-0.25,-0.2385,-0.533
BVH,2023-07-25,15:07:01,HOSE,STOCK,47.25,50.5,43.95,47.25,47.25,46.55,46.9,46.91,45.074,45.074,44.406,44.74,44.749,1215300.0,57013110000.0,0.0,0.0,-0.35,-0.3339,-0.7407
BVH,2023-07-24,15:07:02,HOSE,STOCK,47.5,50.8,44.2,47.7,47.85,47.1,47.25,47.38,45.503,45.646,44.931,45.074,45.198,878800.0,41641505000.0,0.0,0.0,-0.25,-0.2385,-0.5263
BVH,2023-07-21,15:07:02,HOSE,STOCK,46.8,50.0,43.55,46.95,48.0,46.85,47.5,47.48,44.788,45.789,44.692,45.312,45.293,1428700.0,67836775000.0,0.0,0.0,0.7,0.6678,1.4957
BVH,2023-07-20,15:07:02,HOSE,STOCK,46.9,50.1,43.65,46.7,47.0,46.55,46.8,46.72,44.549,44.835,44.406,44.645,44.568,574500.0,26839770000.0,0.0,0.0,-0.1,-0.0954,-0.2132
BVH,2023-07-19,15:07:02,HOSE,STOCK,47.05,50.3,43.8,47.05,47.2,46.75,46.9,46.96,44.883,45.026,44.597,44.74,44.797,789800.0,37088820000.0,0.0,0.0,-0.15,-0.1431,-0.3188
BVH,2023-07-18,15:07:01,HOSE,STOCK,47.3,50.6,44.0,47.3,47.8,47.0,47.05,47.38,45.121,45.598,44.835,44.883,45.198,776300.0,36779555000.0,0.0,0.0,-0.25,-0.2385,-0.5285
BVH,2023-07-17,15:07:01,HOSE,STOCK,46.8,50.0,43.55,47.0,47.3,46.45,47.3,46.76,44.835,45.121,44.311,45.121,44.606,977000.0,45679725000.0,0.0,0.0,0.5,0.477,1.0684
BVH,2023-07-14,15:07:03,HOSE,STOCK,47.0,50.2,43.75,47.05,47.2,46.3,46.8,46.7,44.883,45.026,44.168,44.645,44.549,1475500.0,68912030000.0,0.0,0.0,-0.2,-0.1908,-0.4255
BVH,2023-07-13,15:07:03,HOSE,STOCK,46.85,50.1,43.6,47.4,47.5,46.85,47.0,47.08,45.217,45.312,44.692,44.835,44.912,1043400.0,49127960000.0,0.0,0.0,0.15,0.1431,0.3202
BVH,2023-07-12,15:07:02,HOSE,STOCK,45.5,48.65,42.35,45.6,47.4,45.55,46.85,46.61,43.5,45.217,43.452,44.692,44.463,1971300.0,91881645000.0,0.0,0.0,1.35,1.2878,2.967
BVH,2023-07-11,15:07:02,HOSE,STOCK,45.6,48.75,42.45,45.8,45.8,45.35,45.5,45.56,43.691,43.691,43.261,43.404,43.462,1394000.0,63513310000.0,0.0,0.0,-0.1,-0.0954,-0.2193
BVH,2023-07-10,15:07:02,HOSE,STOCK,45.25,48.4,42.1,45.5,45.65,45.3,45.6,45.46,43.404,43.547,43.214,43.5,43.366,1178700.0,53584685000.0,0.0,0.0,0.35,0.3339,0.7735
BVH,2023-07-07,15:07:02,HOSE,STOCK,45.0,48.15,41.85,45.25,45.35,44.8,45.25,45.07,43.166,43.261,42.737,43.166,42.994,678800.0,30591670000.0,0.0,0.0,0.25,0.2385,0.5556
BVH,2023-07-06,15:07:01,HOSE,STOCK,44.8,47.9,41.7,44.8,45.6,44.8,45.0,45.31,42.737,43.5,42.737,42.927,43.223,1982700.0,89830665000.0,0.0,0.0,0.2,0.1908,0.4464
BVH,2023-07-05,15:07:02,HOSE,STOCK,45.05,48.2,41.9,45.05,45.1,44.8,44.8,44.95,42.975,43.023,42.737,42.737,42.88,533500.0,23982510000.0,0.0,0.0,-0.25,-0.2385,-0.5549
BVH,2023-07-04,15:07:04,HOSE,STOCK,44.5,47.6,41.4,44.6,45.05,44.45,45.05,44.87,42.546,42.975,42.403,42.975,42.803,878000.0,39399865000.0,0.0,0.0,0.55,0.5247,1.236
BVH,2023-07-03,15:07:24,HOSE,STOCK,44.1,47.15,41.05,44.4,44.7,44.2,44.5,44.4,42.355,42.641,42.164,42.45,42.355,498300.0,22123655000.0,0.0,0.0,0.4,0.3816,0.907
BVH,2023-06-30,15:06:02,HOSE,STOCK,44.3,47.4,41.2,44.4,44.4,44.05,44.1,44.2,42.355,42.355,42.021,42.069,42.164,788100.0,34833460000.0,0.0,0.0,-0.2,-0.1908,-0.4515
BVH,2023-06-29,15:06:02,HOSE,STOCK,45.15,48.3,42.0,45.25,45.25,44.3,44.3,44.85,43.166,43.166,42.26,42.26,42.784,1112400.0,49888690000.0,0.0,0.0,-0.85,-0.8109,-1.8826
BVH,2023-06-28,15:06:02,HOSE,STOCK,45.3,48.45,42.15,45.15,45.8,45.05,45.15,45.25,43.071,43.691,42.975,43.071,43.166,721800.0,32660355000.0,0.0,0.0,-0.15,-0.1431,-0.3311
BVH,2023-06-27,15:06:03,HOSE,STOCK,45.25,48.4,42.1,45.6,45.95,45.2,45.3,45.46,43.5,43.834,43.118,43.214,43.366,1275900.0,57996700000.0,0.0,0.0,0.05,0.0477,0.1105
BVH,2023-06-26,15:06:02,HOSE,STOCK,45.1,48.25,41.95,45.3,45.55,44.6,45.25,45.05,43.214,43.452,42.546,43.166,42.975,1300200.0,58578885000.0,0.0,0.0,0.15,0.1431,0.3326
BVH,2023-06-23,15:06:02,HOSE,STOCK,44.15,47.2,41.1,44.3,45.1,44.25,45.1,44.71,42.26,43.023,42.212,43.023,42.651,1823700.0,81533515000.0,0.0,0.0,0.95,0.9062,2.1518
BVH,2023-06-22,15:06:05,HOSE,STOCK,44.15,47.2,41.1,44.45,44.45,43.9,44.15,44.13,42.403,42.403,41.878,42.117,42.097,1121500.0,49496030000.0,0.0,0.0,0.0,0.0,0.0
BVH,2023-06-21,15:06:02,HOSE,STOCK,44.0,47.05,40.95,44.05,44.2,43.65,44.15,43.88,42.021,42.164,41.64,42.117,41.859,661500.0,29027255000.0,0.0,0.0,0.15,0.1431,0.3409
BVH,2023-06-20,15:06:01,HOSE,STOCK,43.7,46.75,40.65,43.7,44.0,43.5,44.0,43.68,41.687,41.973,41.497,41.973,41.668,644200.0,28139425000.0,0.0,0.0,0.3,0.2862,0.6865
BVH,2023-06-19,15:06:02,HOSE,STOCK,44.05,47.1,41.0,44.0,44.2,43.65,43.7,43.84,41.973,42.164,41.64,41.687,41.821,717400.0,31452260000.0,0.0,0.0,-0.35,-0.3339,-0.7946
BVH,2023-06-16,15:06:02,HOSE,STOCK,44.4,47.5,41.3,44.65,45.05,44.05,44.05,44.44,42.594,42.975,42.021,42.021,42.393,978600.0,43486455000.0,0.0,0.0,-0.35,-0.3339,-0.7883
BVH,2023-06-15,15:06:02,HOSE,STOCK,44.6,47.7,41.5,44.75,44.85,44.15,44.4,44.52,42.689,42.784,42.117,42.355,42.47,855600.0,38093760000.0,0.0,0.0,-0.2,-0.1908,-0.4484
BVH,2023-06-14,15:06:02,HOSE,STOCK,45.0,48.15,41.85,45.05,45.5,44.5,44.6,44.82,42.975,43.404,42.45,42.546,42.756,885500.0,39686855000.0,0.0,0.0,-0.4,-0.3816,-0.8889
BVH,2023-06-13,15:06:02,HOSE,STOCK,44.5,47.6,41.4,44.9,45.7,44.8,45.0,45.29,42.832,43.595,42.737,42.927,43.204,1766400.0,80000465000.0,0.0,0.0,0.5,0.477,1.1236
BVH,2023-06-12,15:06:02,HOSE,STOCK,43.8,46.85,40.75,43.7,44.5,43.7,44.5,43.98,41.687,42.45,41.687,42.45,41.954,926000.0,40726130000.0,0.0,0.0,0.7,0.6678,1.5982
BVH,2023-06-09,15:06:02,HOSE,STOCK,44.1,47.15,41.05,44.0,44.15,43.65,43.8,43.85,41.973,42.117,41.64,41.783,41.83,687400.0,30143260000.0,0.0,0.0,-0.3,-0.2862,-0.6803
BVH,2023-06-08,15:06:03,HOSE,STOCK,44.65,47.75,41.55,44.7,45.0,44.1,44.1,44.48,42.641,42.927,42.069,42.069,42.431,840200.0,37375880000.0,0.0,0.0,-0.55,-0.5247,-1.2318
BVH,2023-06-07,15:06:02,HOSE,STOCK,44.95,48.05,41.85,45.0,45.15,44.5,44.65,44.7,42.927,43.071,42.45,42.594,42.641,592800.0,26496840000.0,0.0,0.0,-0.3,-0.2862,-0.6674
BVH,2023-06-06,15:06:02,HOSE,STOCK,44.5,47.6,41.4,44.55,45.2,44.55,44.95,44.92,42.498,43.118,42.498,42.88,42.851,1196500.0,53742595000.0,0.0,0.0,0.45,0.4293,1.0112
BVH,2023-06-05,15:06:03,HOSE,STOCK,44.1,47.15,41.05,44.7,45.05,44.45,44.5,44.63,42.641,42.975,42.403,42.45,42.574,950500.0,42424695000.0,0.0,0.0,0.4,0.3816,0.907
BVH,2023-06-02,15:06:01,HOSE,STOCK,43.65,46.7,40.6,43.9,44.3,43.9,44.1,44.11,41.878,42.26,41.878,42.069,42.078,1094200.0,48264155000.0,0.0,0.0,0.45,0.4293,1.0309
BVH,2023-06-01,15:06:02,HOSE,STOCK,43.5,46.5,40.5,43.5,43.9,43.4,43.65,43.58,41.497,41.878,41.401,41.64,41.573,431900.0,18820350000.0,0.0,0.0,0.15,0.1431,0.3448
BVH,2023-05-31,15:05:03,HOSE,STOCK,43.8,46.85,40.75,43.8,43.95,43.5,43.5,43.69,41.783,41.926,41.497,41.497,41.678,674400.0,29463900000.0,0.0,0.0,-0.3,-0.2862,-0.6849
BVH,2023-05-30,15:05:02,HOSE,STOCK,43.95,47.0,40.9,44.1,44.4,43.7,43.8,43.99,42.069,42.355,41.687,41.783,41.964,570800.0,25107980000.0,0.0,0.0,-0.15,-0.1431,-0.3413
BVH,2023-05-29,15:05:02,HOSE,STOCK,43.55,46.55,40.55,43.85,44.15,43.5,43.95,43.86,41.83,42.117,41.497,41.926,41.84,552200.0,24216835000.0,0.0,0.0,0.4,0.3816,0.9185
BVH,2023-05-26,15:05:02,HOSE,STOCK,44.1,47.15,41.05,44.0,44.5,43.5,43.55,43.66,41.973,42.45,41.497,41.544,41.649,974300.0,42540875000.0,0.0,0.0,-0.55,-0.5247,-1.2472
BVH,2023-05-25,15:05:01,HOSE,STOCK,44.45,47.55,41.35,44.4,44.65,44.0,44.1,44.27,42.355,42.594,41.973,42.069,42.231,383500.0,16978050000.0,0.0,0.0,-0.35,-0.3339,-0.7874
BVH,2023-05-24,15:05:02,HOSE,STOCK,44.6,47.7,41.5,44.8,45.15,44.45,44.45,44.79,42.737,43.071,42.403,42.403,42.727,479800.0,21488150000.0,0.0,0.0,-0.15,-0.1431,-0.3363
BVH,2023-05-23,15:05:02,HOSE,STOCK,43.8,46.85,40.75,43.8,44.6,43.8,44.6,44.14,41.783,42.546,41.783,42.546,42.107,830100.0,36637580000.0,0.0,0.0,0.8,0.7632,1.8265
BVH,2023-05-22,15:05:02,HOSE,STOCK,44.3,47.4,41.2,44.3,44.5,43.8,43.8,43.92,42.26,42.45,41.783,41.783,41.897,1040500.0,45701250000.0,0.0,0.0,-0.5,-0.477,-1.1287
BVH,2023-05-19,15:05:02,HOSE,STOCK,44.8,47.9,41.7,44.95,45.4,44.3,44.3,44.71,42.88,43.309,42.26,42.26,42.651,640100.0,28621245000.0,0.0,0.0,-0.5,-0.477,-1.1161
BVH,2023-05-18,17:05:32,HOSE,STOCK,45.05,48.2,41.9,45.2,45.3,44.8,44.8,44.94,43.118,43.214,42.737,42.737,42.87,625800.0,28124135000.0,0.0,0.0,-0.25,-0.2385,-0.5549
BVH,2023-05-17,15:05:14,HOSE,STOCK,45.3,48.45,42.15,45.3,45.4,45.05,45.05,45.22,43.214,43.309,42.975,42.975,43.137,332100.0,15019110000.0,0.0,0.0,-0.25,-0.2385,-0.5519
BVH,2023-05-16,15:05:08,HOSE,STOCK,45.5,48.65,42.35,45.5,45.95,45.2,45.3,45.39,43.404,43.834,43.118,43.214,43.299,277600.0,12600000000.0,0.0,0.0,-0.2,-0.1908,-0.4396
BVH,2023-05-15,15:05:15,HOSE,STOCK,46.0,49.2,42.8,46.0,46.45,45.45,45.5,45.93,43.881,44.311,43.357,43.404,43.815,600100.0,27561895000.0,0.0,0.0,-0.5,-0.477,-1.087
BVH,2023-05-12,15:05:05,HOSE,STOCK,45.7,48.85,42.55,45.75,46.0,45.05,46.0,45.29,43.643,43.881,42.975,43.881,43.204,627500.0,28420800000.0,0.0,0.0,0.3,0.2862,0.6565
BVH,2023-05-11,15:05:03,HOSE,STOCK,45.95,49.15,42.75,46.0,46.25,45.6,45.7,45.83,43.881,44.12,43.5,43.595,43.719,469200.0,21503640000.0,0.0,0.0,-0.25,-0.2385,-0.5441
BVH,2023-05-10,15:05:03,HOSE,STOCK,46.0,49.2,42.8,46.25,46.25,45.8,45.95,45.94,44.12,44.12,43.691,43.834,43.824,319800.0,14690725000.0,0.0,0.0,-0.05,-0.0477,-0.1087
BVH,2023-05-09,15:05:05,HOSE,STOCK,46.0,49.2,42.8,46.35,46.35,45.95,46.0,46.07,44.215,44.215,43.834,43.881,43.948,224100.0,10323405000.0,0.0,0.0,0.0,0.0,0.0
BVH,2023-05-08,15:05:07,HOSE,STOCK,45.9,49.1,42.7,45.9,46.25,45.8,46.0,45.96,43.786,44.12,43.691,43.881,43.843,298000.0,13697130000.0,0.0,0.0,0.1,0.0954,0.2179
BVH,2023-05-05,15:05:04,HOSE,STOCK,45.25,48.4,42.1,45.25,46.25,45.25,45.9,45.89,43.166,44.12,43.166,43.786,43.776,309100.0,14184730000.0,0.0,0.0,0.65,0.6201,1.4365
BVH,2023-05-04,15:05:05,HOSE,STOCK,44.9,48.0,41.8,44.9,45.75,44.9,45.25,45.33,42.832,43.643,42.832,43.166,43.242,297700.0,13494560000.0,0.0,0.0,0.35,0.3339,0.7795
BVH,2023-04-28,15:04:02,HOSE,STOCK,44.85,47.95,41.75,44.9,45.45,44.85,44.9,45.02,42.832,43.357,42.784,42.832,42.947,267600.0,12048195000.0,0.0,0.0,0.05,0.0477,0.1115
BVH,2023-04-27,15:04:07,HOSE,STOCK,45.85,49.05,42.65,45.9,46.25,44.85,44.85,45.2,43.786,44.12,42.784,42.784,43.118,556400.0,25147705000.0,0.0,0.0,-1.0,-0.9539,-2.181
BVH,2023-04-26,15:04:02,HOSE,STOCK,45.6,48.75,42.45,45.6,45.9,45.0,45.85,45.48,43.5,43.786,42.927,43.738,43.385,362800.0,16501525000.0,0.0,0.0,0.25,0.2385,0.5482
BVH,2023-04-25,15:04:04,HOSE,STOCK,46.4,49.6,43.2,46.4,46.5,45.6,45.6,46.04,44.263,44.358,43.5,43.5,43.92,277300.0,12768120000.0,0.0,0.0,-0.8,-0.7632,-1.7241
BVH,2023-04-24,15:04:02,HOSE,STOCK,46.85,50.1,43.6,46.9,46.9,46.35,46.4,46.59,44.74,44.74,44.215,44.263,44.444,146100.0,6806225000.0,0.0,0.0,-0.45,-0.4293,-0.9605
BVH,2023-04-21,15:04:02,HOSE,STOCK,47.0,50.2,43.75,47.3,47.3,46.45,46.85,46.82,45.121,45.121,44.311,44.692,44.664,236500.0,11072910000.0,0.0,0.0,-0.15,-0.1431,-0.3191
BVH,2023-04-20,15:04:03,HOSE,STOCK,46.15,49.35,42.95,46.4,47.35,46.4,47.0,46.93,44.263,45.169,44.263,44.835,44.769,220500.0,10347105000.0,0.0,0.0,0.85,0.8108,1.8418
BVH,2023-04-19,15:04:02,HOSE,STOCK,47.0,50.2,43.75,47.1,47.1,46.15,46.15,46.6,44.931,44.931,44.024,44.024,44.454,365600.0,17038105000.0,0.0,0.0,-0.85,-0.8108,-1.8085
BVH,2023-04-18,15:04:04,HOSE,STOCK,47.2,50.5,43.9,48.0,48.0,46.9,47.0,47.18,45.789,45.789,44.74,44.835,45.007,235000.0,11086240000.0,0.0,0.0,-0.2,-0.1908,-0.4237
BVH,2023-04-17,15:04:02,HOSE,STOCK,48.0,51.3,44.65,48.1,48.15,47.2,47.2,47.55,45.885,45.932,45.026,45.026,45.36,439600.0,20904240000.0,0.0,0.0,-0.8,-0.7632,-1.6667
BVH,2023-04-14,15:04:01,HOSE,STOCK,48.4,51.7,45.05,48.5,48.55,48.0,48.0,48.2,46.266,46.314,45.789,45.789,45.98,358600.0,17284660000.0,0.0,0.0,-0.4,-0.3816,-0.8264
BVH,2023-04-13,15:04:02,HOSE,STOCK,48.5,51.8,45.15,48.5,48.6,48.4,48.4,48.49,46.266,46.362,46.171,46.171,46.257,222000.0,10765450000.0,0.0,0.0,-0.1,-0.0954,-0.2062
BVH,2023-04-12,15:04:04,HOSE,STOCK,49.15,52.5,45.75,49.25,49.25,48.5,48.5,48.99,46.982,46.982,46.266,46.266,46.734,260600.0,12765915000.0,0.0,0.0,-0.65,-0.6201,-1.3225
BVH,2023-04-11,15:04:02,HOSE,STOCK,48.9,52.3,45.5,48.7,49.15,48.55,49.15,48.89,46.457,46.886,46.314,46.886,46.638,155600.0,7606670000.0,0.0,0.0,0.25,0.2385,0.5112
BVH,2023-04-10,15:04:02,HOSE,STOCK,48.5,51.8,45.15,48.65,49.0,48.45,48.9,48.6,46.409,46.743,46.219,46.648,46.362,225700.0,10970010000.0,0.0,0.0,0.4,0.3816,0.8247
BVH,2023-04-07,15:04:02,HOSE,STOCK,48.5,51.8,45.15,48.5,48.65,48.35,48.5,48.49,46.266,46.409,46.123,46.266,46.257,192800.0,9348930000.0,0.0,0.0,0.0,0.0,0.0
BVH,2023-04-06,15:04:02,HOSE,STOCK,49.05,52.4,45.65,49.4,49.4,48.5,48.5,48.93,47.125,47.125,46.266,46.266,46.676,239000.0,11694950000.0,0.0,0.0,-0.55,-0.5247,-1.1213
BVH,2023-04-05,15:04:02,HOSE,STOCK,49.2,52.6,45.8,49.2,49.3,48.8,49.05,49.06,46.934,47.029,46.552,46.791,46.8,182500.0,8953775000.0,0.0,0.0,-0.15,-0.1431,-0.3049
BVH,2023-04-04,15:04:02,HOSE,STOCK,49.0,52.4,45.6,49.3,49.3,48.75,49.2,48.96,47.029,47.029,46.505,46.934,46.705,174800.0,8559015000.0,0.0,0.0,0.2,0.1908,0.4082
BVH,2023-04-03,15:04:02,HOSE,STOCK,48.45,51.8,45.1,48.6,49.0,48.6,49.0,48.76,46.362,46.743,46.362,46.743,46.514,275500.0,13432975000.0,0.0,0.0,0.55,0.5247,1.1352
BVH,2023-03-31,15:03:02,HOSE,STOCK,48.45,51.8,45.1,48.5,48.65,48.4,48.45,48.5,46.266,46.409,46.171,46.219,46.266,144100.0,6989070000.0,0.0,0.0,0.0,0.0,0.0
BVH,2023-03-30,15:03:01,HOSE,STOCK,48.3,51.6,44.95,48.3,48.6,48.3,48.45,48.4,46.075,46.362,46.075,46.219,46.171,114200.0,5526985000.0,0.0,0.0,0.15,0.1431,0.3106
BVH,2023-03-29,15:03:01,HOSE,STOCK,48.5,51.8,45.15,48.7,48.7,48.15,48.3,48.28,46.457,46.457,45.932,46.075,46.056,193800.0,9356225000.0,0.0,0.0,-0.2,-0.1908,-0.4124
BVH,2023-03-28,15:03:02,HOSE,STOCK,48.5,51.8,45.15,48.5,49.0,48.5,48.5,48.77,46.266,46.743,46.266,46.266,46.524,175600.0,8563870000.0,0.0,0.0,0.0,0.0,0.0
BVH,2023-03-27,15:03:01,HOSE,STOCK,48.5,51.8,45.15,48.5,48.7,48.25,48.5,48.45,46.266,46.457,46.028,46.266,46.219,278100.0,13474140000.0,0.0,0.0,0.0,0.0,0.0
BVH,2023-03-24,15:03:01,HOSE,STOCK,48.9,52.3,45.5,48.9,49.0,48.0,48.5,48.51,46.648,46.743,45.789,46.266,46.276,296600.0,14387470000.0,0.0,0.0,-0.4,-0.3816,-0.818
BVH,2023-03-23,15:03:01,HOSE,STOCK,49.0,52.4,45.6,48.8,49.0,48.5,48.9,48.66,46.552,46.743,46.266,46.648,46.419,199400.0,9703755000.0,0.0,0.0,-0.1,-0.0954,-0.2041
BVH,2023-03-22,15:03:01,HOSE,STOCK,49.0,52.4,45.6,49.35,49.35,48.75,49.0,48.9,47.077,47.077,46.505,46.743,46.648,193400.0,9457095000.0,0.0,0.0,0.0,0.0,0.0
BVH,2023-03-21,15:03:01,HOSE,STOCK,49.0,52.4,45.6,49.05,49.4,48.7,49.0,48.98,46.791,47.125,46.457,46.743,46.724,211800.0,10373750000.0,0.0,0.0,0.0,0.0,0.0
BVH,2023-03-20,15:03:01,HOSE,STOCK,50.0,53.5,46.5,50.0,50.0,48.9,49.0,49.49,47.697,47.697,46.648,46.743,47.211,323900.0,16029415000.0,0.0,0.0,-1.0,-0.9539,-2.0
BVH,2023-03-17,15:03:01,HOSE,STOCK,48.6,52.0,45.2,49.0,50.0,48.45,50.0,49.72,46.743,47.697,46.219,47.697,47.43,844700.0,41994415000.0,0.0,0.0,1.4,1.3355,2.8807
BVH,2023-03-16,15:03:01,HOSE,STOCK,49.3,52.7,45.85,49.25,49.3,48.5,48.6,48.77,46.982,47.029,46.266,46.362,46.524,117400.0,5725150000.0,0.0,0.0,-0.7,-0.6678,-1.4199
BVH,2023-03-15,15:03:01,HOSE,STOCK,48.7,52.1,45.3,49.5,49.5,48.8,49.3,49.03,47.22,47.22,46.552,47.029,46.772,338900.0,16617620000.0,0.0,0.0,0.6,0.5724,1.232
BVH,2023-03-14,15:03:02,HOSE,STOCK,49.5,52.9,46.05,49.3,49.4,48.7,48.7,48.94,47.029,47.125,46.457,46.457,46.686,160200.0,7839980000.0,0.0,0.0,-0.8,-0.7632,-1.6162
BVH,2023-03-13,15:03:02,HOSE,STOCK,49.2,52.6,45.8,49.0,49.7,48.4,49.5,49.29,46.743,47.411,46.171,47.22,47.02,489100.0,24105685000.0,0.0,0.0,0.3,0.2862,0.6098
BVH,2023-03-10,15:03:01,HOSE,STOCK,49.45,52.9,46.0,49.2,49.2,48.6,49.2,48.89,46.934,46.934,46.362,46.934,46.638,112400.0,5495750000.0,0.0,0.0,-0.25,-0.2385,-0.5056
BVH,2023-03-09,15:03:02,HOSE,STOCK,49.0,52.4,45.6,49.1,49.5,48.75,49.45,49.07,46.839,47.22,46.505,47.172,46.81,222500.0,10918150000.0,0.0,0.0,0.45,0.4293,0.9184
BVH,2023-03-08,15:03:01,HOSE,STOCK,48.3,51.6,44.95,48.3,49.0,48.15,49.0,48.55,46.075,46.743,45.932,46.743,46.314,155600.0,7555035000.0,0.0,0.0,0.7,0.6678,1.4493
BVH,2023-03-07,15:03:01,HOSE,STOCK,48.0,51.3,44.65,48.25,49.0,48.15,48.3,48.43,46.028,46.743,45.932,46.075,46.199,185900.0,9003330000.0,0.0,0.0,0.3,0.2862,0.625
BVH,2023-03-06,15:03:02,HOSE,STOCK,48.45,51.8,45.1,48.65,48.9,48.0,48.0,48.46,46.409,46.648,45.789,45.789,46.228,180300.0,8736800000.0,0.0,0.0,-0.45,-0.4293,-0.9288
BVH,2023-03-03,15:03:01,HOSE,STOCK,49.0,52.4,45.6,49.45,49.5,48.45,48.45,48.67,47.172,47.22,46.219,46.219,46.428,176000.0,8566095000.0,0.0,0.0,-0.55,-0.5247,-1.1224
BVH,2023-03-02,15:03:01,HOSE,STOCK,49.45,52.9,46.0,49.45,49.45,49.0,49.0,49.17,47.172,47.172,46.743,46.743,46.905,122200.0,6009145000.0,0.0,0.0,-0.45,-0.4293,-0.91
BVH,2023-03-01,15:03:02,HOSE,STOCK,48.5,51.8,45.15,48.55,49.5,48.2,49.45,48.97,46.314,47.22,45.98,47.172,46.715,243700.0,11934110000.0,0.0,0.0,0.95,0.9062,1.9588
BVH,2023-02-28,15:02:01,HOSE,STOCK,48.2,51.5,44.85,48.25,49.0,48.2,48.5,48.56,46.028,46.743,45.98,46.266,46.323,163900.0,7958165000.0,0.0,0.0,0.3,0.2862,0.6224
BVH,2023-02-27,15:02:01,HOSE,STOCK,48.9,52.3,45.5,48.85,48.85,48.1,48.2,48.36,46.6,46.6,45.885,45.98,46.133,392900.0,19001630000.0,0.0,0.0,-0.7,-0.6678,-1.4315
BVH,2023-02-24,15:02:01,HOSE,STOCK,49.6,53.0,46.15,49.8,49.8,48.9,48.9,49.12,47.506,47.506,46.648,46.648,46.858,240200.0,11798205000.0,0.0,0.0,-0.7,-0.6678,-1.4113
BVH,2023-02-23,15:02:02,HOSE,STOCK,50.0,53.5,46.5,50.0,50.0,49.0,49.6,49.36,47.697,47.697,46.743,47.316,47.087,463700.0,22888105000.0,0.0,0.0,-0.4,-0.3816,-0.8
BVH,2023-02-22,15:02:01,HOSE,STOCK,50.5,54.0,47.0,50.0,51.2,50.0,50.0,50.54,47.697,48.842,47.697,47.697,48.212,445900.0,22535400000.0,0.0,0.0,-0.5,-0.477,-0.9901
BVH,2023-02-21,15:02:01,HOSE,STOCK,51.2,54.7,47.65,51.4,51.4,50.4,50.5,50.78,49.033,49.033,48.079,48.174,48.441,375400.0,19061870000.0,0.0,0.0,-0.7,-0.6678,-1.3672
BVH,2023-02-20,15:02:01,HOSE,STOCK,50.4,53.9,46.9,51.0,51.2,50.5,51.2,50.89,48.651,48.842,48.174,48.842,48.546,569400.0,28978650000.0,0.0,0.0,0.8,0.7632,1.5873
BVH,2023-02-17,15:02:01,HOSE,STOCK,50.1,53.6,46.6,50.1,51.2,49.95,50.4,50.67,47.793,48.842,47.649,48.079,48.336,761500.0,38583415000.0,0.0,0.0,0.3,0.2862,0.5988
BVH,2023-02-16,15:02:02,HOSE,STOCK,49.4,52.8,45.95,49.6,50.4,49.3,50.1,50.02,47.316,48.079,47.029,47.793,47.716,402600.0,20137590000.0,0.0,0.0,0.7,0.6678,1.417
BVH,2023-02-15,15:02:01,HOSE,STOCK,49.1,52.5,45.7,49.1,49.75,49.0,49.4,49.4,46.839,47.459,46.743,47.125,47.125,162100.0,8008280000.0,0.0,0.0,0.3,0.2862,0.611
BVH,2023-02-14,15:02:02,HOSE,STOCK,48.5,51.8,45.15,49.2,49.4,48.8,49.1,49.08,46.934,47.125,46.552,46.839,46.82,181300.0,8897495000.0,0.0,0.0,0.6,0.5724,1.2371
BVH,2023-02-13,15:02:01,HOSE,STOCK,49.8,53.2,46.35,49.8,49.8,48.5,48.5,48.98,47.506,47.506,46.266,46.266,46.724,359400.0,17604870000.0,0.0,0.0,-1.3,-1.2401,-2.6104
BVH,2023-02-10,15:02:01,HOSE,STOCK,49.35,52.8,45.9,49.6,50.2,49.05,49.8,49.59,47.316,47.888,46.791,47.506,47.306,560400.0,27787935000.0,0.0,0.0,0.45,0.4293,0.9119
BVH,2023-02-09,15:02:01,HOSE,STOCK,49.25,52.6,45.85,49.5,50.0,49.25,49.35,49.46,47.22,47.697,46.982,47.077,47.182,153200.0,7576895000.0,0.0,0.0,0.1,0.0954,0.203
BVH,2023-02-08,15:02:02,HOSE,STOCK,49.2,52.6,45.8,49.25,50.1,49.1,49.25,49.5,46.982,47.793,46.839,46.982,47.22,481300.0,23825245000.0,0.0,0.0,0.05,0.0477,0.1016
BVH,2023-02-07,15:02:01,HOSE,STOCK,50.6,54.1,47.1,50.4,50.9,49.2,49.2,50.07,48.079,48.556,46.934,46.934,47.764,466700.0,23366285000.0,0.0,0.0,-1.4,-1.3355,-2.7668
BVH,2023-02-06,15:02:01,HOSE,STOCK,49.7,53.1,46.25,49.75,50.6,49.2,50.6,50.35,47.459,48.27,46.934,48.27,48.031,593700.0,29892455000.0,0.0,0.0,0.9,0.8586,1.8109
BVH,2023-02-03,15:02:02,HOSE,STOCK,49.95,53.4,46.5,50.0,50.5,49.1,49.7,49.59,47.697,48.174,46.839,47.411,47.306,471600.0,23387705000.0,0.0,0.0,-0.25,-0.2385,-0.5005
BVH,2023-02-02,15:02:01,HOSE,STOCK,50.0,53.5,46.5,50.5,50.6,48.9,49.95,49.97,48.174,48.27,46.648,47.649,47.669,414900.0,20730825000.0,0.0,0.0,-0.05,-0.0477,-0.1
BVH,2023-02-01,15:02:01,HOSE,STOCK,50.4,53.9,46.9,50.5,51.8,49.6,50.0,51.07,48.174,49.414,47.316,47.697,48.718,1368300.0,69876710000.0,0.0,0.0,-0.4,-0.3816,-0.7937
BVH,2023-01-31,15:01:02,HOSE,STOCK,50.5,54.0,47.0,50.5,50.5,49.6,50.4,50.06,48.174,48.174,47.316,48.079,47.754,669200.0,33499395000.0,0.0,0.0,-0.1,-0.0954,-0.198
BVH,2023-01-30,16:01:08,HOSE,STOCK,51.0,54.5,47.45,50.9,51.5,50.2,50.5,50.65,48.556,49.128,47.888,48.174,48.317,636800.0,32254620000.0,0.0,0.0,-0.5,-0.477,-0.9804
BVH,2023-01-27,15:01:02,HOSE,STOCK,49.9,53.3,46.45,49.95,51.6,49.95,51.0,50.97,47.649,49.223,47.649,48.651,48.622,711400.0,36261005000.0,0.0,0.0,1.1,1.0493,2.2044
BVH,2023-01-19,15:01:02,HOSE,STOCK,48.4,51.7,45.05,48.4,50.0,48.35,49.9,49.47,46.171,47.697,46.123,47.602,47.192,1090600.0,53954810000.0,0.0,0.0,1.5,1.4309,3.0992
BVH,2023-01-18,15:01:01,HOSE,STOCK,48.6,52.0,45.2,48.7,48.95,48.2,48.4,48.56,46.457,46.695,45.98,46.171,46.323,495300.0,24051285000.0,0.0,0.0,-0.2,-0.1908,-0.4115
BVH,2023-01-17,15:01:01,HOSE,STOCK,48.15,51.5,44.8,48.2,48.75,48.15,48.6,48.41,45.98,46.505,45.932,46.362,46.18,442500.0,21419850000.0,0.0,0.0,0.45,0.4293,0.9346
BVH,2023-01-16,15:01:01,HOSE,STOCK,48.9,52.3,45.5,48.9,49.1,48.15,48.15,48.41,46.648,46.839,45.932,45.932,46.18,282600.0,13680705000.0,0.0,0.0,-0.75,-0.7155,-1.5337
BVH,2023-01-13,15:01:01,HOSE,STOCK,49.1,52.5,45.7,49.3,49.5,48.85,48.9,49.16,47.029,47.22,46.6,46.648,46.896,293700.0,14439100000.0,0.0,0.0,-0.2,-0.1908,-0.4073
BVH,2023-01-12,15:01:02,HOSE,STOCK,48.6,52.0,45.2,48.9,49.4,48.6,49.1,49.04,46.648,47.125,46.362,46.839,46.781,457000.0,22409095000.0,0.0,0.0,0.5,0.477,1.0288
BVH,2023-01-11,15:01:01,HOSE,STOCK,48.0,51.3,44.65,48.4,48.8,48.0,48.6,48.58,46.171,46.552,45.789,46.362,46.343,523900.0,25453125000.0,0.0,0.0,0.6,0.5724,1.25
BVH,2023-01-10,15:01:02,HOSE,STOCK,47.9,51.2,44.55,48.0,48.1,47.5,48.0,47.81,45.789,45.885,45.312,45.789,45.608,274300.0,13113615000.0,0.0,0.0,0.1,0.0954,0.2088
BVH,2023-01-09,15:01:01,HOSE,STOCK,48.05,51.4,44.7,48.1,48.6,47.85,47.9,48.18,45.885,46.362,45.646,45.694,45.961,187700.0,9043965000.0,0.0,0.0,-0.15,-0.1431,-0.3122
BVH,2023-01-06,15:01:01,HOSE,STOCK,48.05,51.4,44.7,48.4,48.75,47.9,48.05,48.4,46.171,46.505,45.694,45.837,46.171,493200.0,23872745000.0,0.0,0.0,0.0,0.0,0.0
BVH,2023-01-05,15:01:01,HOSE,STOCK,47.7,51.0,44.4,48.0,48.4,47.85,48.05,48.11,45.789,46.171,45.646,45.837,45.894,285300.0,13727025000.0,0.0,0.0,0.35,0.3339,0.7338
BVH,2023-01-04,15:01:01,HOSE,STOCK,47.7,51.0,44.4,47.9,48.0,47.5,47.7,47.77,45.694,45.789,45.312,45.503,45.57,507200.0,24226680000.0,0.0,0.0,0.0,0.0,0.0
BVH,2023-01-03,15:01:01,HOSE,STOCK,46.6,49.85,43.35,46.65,47.75,46.5,47.7,47.21,44.501,45.551,44.358,45.503,45.036,270500.0,12771640000.0,0.0,0.0,1.1,1.0493,2.3605
BVH,2022-12-30,15:12:01,HOSE,STOCK,46.5,49.75,43.25,46.7,47.1,46.6,46.6,46.88,44.549,44.931,44.454,44.454,44.721,140300.0,6576695000.0,0.0,0.0,0.1,0.0954,0.2151
BVH,2022-12-29,15:12:01,HOSE,STOCK,46.7,49.95,43.45,46.7,47.35,46.5,46.5,46.93,44.549,45.169,44.358,44.358,44.769,457700.0,21477700000.0,0.0,0.0,-0.2,-0.1908,-0.4283
BVH,2022-12-28,15:12:01,HOSE,STOCK,46.5,49.75,43.25,47.05,47.05,46.0,46.7,46.57,44.883,44.883,43.881,44.549,44.425,147900.0,6887855000.0,0.0,0.0,0.2,0.1908,0.4301
BVH,2022-12-27,15:12:01,HOSE,STOCK,45.5,48.65,42.35,45.5,47.0,45.5,46.5,46.23,43.404,44.835,43.404,44.358,44.101,460000.0,21267955000.0,0.0,0.0,1.0,0.9539,2.1978
BVH,2022-12-26,15:12:01,HOSE,STOCK,47.9,51.2,44.55,47.8,48.0,45.5,45.5,47.19,45.598,45.789,43.404,43.404,45.017,494100.0,23314290000.0,0.0,0.0,-2.4,-2.2894,-5.0104
BVH,2022-12-23,15:12:01,HOSE,STOCK,48.2,51.5,44.85,47.8,48.2,47.5,47.9,47.82,45.598,45.98,45.312,45.694,45.618,493100.0,23577850000.0,0.0,0.0,-0.3,-0.2862,-0.6224
BVH,2022-12-22,15:12:02,HOSE,STOCK,48.0,51.3,44.65,48.2,48.6,47.55,48.2,48.01,45.98,46.362,45.36,45.98,45.799,309100.0,14841010000.0,0.0,0.0,0.2,0.1908,0.4167
BVH,2022-12-21,15:12:01,HOSE,STOCK,48.0,51.3,44.65,48.0,48.3,47.5,48.0,47.97,45.789,46.075,45.312,45.789,45.761,483600.0,23196410000.0,0.0,0.0,0.0,0.0,0.0
BVH,2022-12-20,15:12:01,HOSE,STOCK,48.2,51.5,44.85,48.0,49.1,46.5,48.0,47.55,45.789,46.839,44.358,45.789,45.36,1172700.0,55762215000.0,0.0,0.0,-0.2,-0.1908,-0.4149
BVH,2022-12-19,15:12:01,HOSE,STOCK,49.6,53.0,46.15,49.4,49.4,48.2,48.2,48.77,47.125,47.125,45.98,45.98,46.524,642200.0,31318470000.0,0.0,0.0,-1.4,-1.3355,-2.8226
BVH,2022-12-16,15:12:02,HOSE,STOCK,49.5,52.9,46.05,48.6,49.6,48.6,49.6,49.33,46.362,47.316,46.362,47.316,47.058,1031800.0,50899100000.0,0.0,0.0,0.1,0.0954,0.202
BVH,2022-12-15,15:12:01,HOSE,STOCK,49.75,53.2,46.3,49.75,50.0,49.25,49.5,49.54,47.459,47.697,46.982,47.22,47.258,652800.0,32339105000.0,0.0,0.0,-0.25,-0.2385,-0.5025
BVH,2022-12-14,18:12:45,HOSE,STOCK,49.9,53.3,46.45,50.5,50.8,49.2,49.75,50.001,48.174,48.46,46.934,47.459,47.698,691200.0,34561515000.0,0.0,0.0,-0.15,-0.1431,-0.3006
BVH,2022-12-13,15:12:02,HOSE,STOCK,48.5,51.8,45.15,48.55,49.9,48.0,49.9,49.21,46.314,47.602,45.789,47.602,46.944,1451100.0,71401735000.0,0.0,0.0,1.4,1.3355,2.8866
BVH,2022-12-12,15:12:01,HOSE,STOCK,47.9,51.2,44.55,47.8,49.0,47.65,48.5,48.49,45.598,46.743,45.455,46.266,46.257,760400.0,36874695000.0,0.0,0.0,0.6,0.5724,1.2526
BVH,2022-12-09,15:12:01,HOSE,STOCK,48.5,51.8,45.15,48.5,48.5,47.35,47.9,47.8,46.266,46.266,45.169,45.694,45.598,760300.0,36345220000.0,0.0,0.0,-0.6,-0.5724,-1.2371
BVH,2022-12-08,15:12:01,HOSE,STOCK,48.3,51.6,44.95,48.7,49.5,47.9,48.5,48.64,46.457,47.22,45.694,46.266,46.4,683400.0,33239445000.0,0.0,0.0,0.2,0.1908,0.4141
BVH,2022-12-07,15:12:01,HOSE,STOCK,48.0,51.3,44.65,47.9,48.6,47.8,48.3,48.18,45.694,46.362,45.598,46.075,45.961,620700.0,29907760000.0,0.0,0.0,0.3,0.2862,0.625
BVH,2022-12-06,15:12:01,HOSE,STOCK,50.5,54.0,47.0,50.2,50.2,48.0,48.0,49.1,47.888,47.888,45.789,45.789,46.839,913400.0,44844775000.0,0.0,0.0,-2.5,-2.3848,-4.9505
BVH,2022-12-05,15:12:01,HOSE,STOCK,48.2,51.5,44.85,48.6,50.5,48.6,50.5,49.73,46.362,48.174,46.362,48.174,47.44,1576300.0,78393160000.0,0.0,0.0,2.3,2.1941,4.7718
BVH,2022-12-02,15:12:01,HOSE,STOCK,47.8,51.1,44.5,47.1,48.4,47.0,48.2,47.65,44.931,46.171,44.835,45.98,45.455,836800.0,39869975000.0,0.0,0.0,0.4,0.3816,0.8368
BVH,2022-12-01,15:12:01,HOSE,STOCK,48.45,51.8,45.1,48.9,48.9,47.6,47.8,48.15,46.648,46.648,45.408,45.598,45.932,1091000.0,52535640000.0,0.0,0.0,-0.65,-0.6201,-1.3416
BVH,2022-11-30,15:11:01,HOSE,STOCK,47.2,50.5,43.9,47.8,48.95,46.8,48.45,48.17,45.598,46.695,44.645,46.219,45.951,1188400.0,57241790000.0,0.0,0.0,1.25,1.1924,2.6483
BVH,2022-11-29,15:11:02,HOSE,STOCK,46.8,50.0,43.55,46.5,47.9,46.4,47.2,47.05,44.358,45.694,44.263,45.026,44.883,781900.0,36785435000.0,0.0,0.0,0.4,0.3816,0.8547
BVH,2022-11-28,15:11:01,HOSE,STOCK,46.9,50.1,43.65,47.2,47.9,46.8,46.8,47.3,45.026,45.694,44.645,44.645,45.121,854600.0,40424485000.0,0.0,0.0,-0.1,-0.0954,-0.2132
BVH,2022-11-25,15:11:01,HOSE,STOCK,45.65,48.8,42.5,46.5,47.0,45.9,46.9,46.47,44.358,44.835,43.786,44.74,44.33,427400.0,19860770000.0,0.0,0.0,1.25,1.1924,2.7382
BVH,2022-11-24,15:11:01,HOSE,STOCK,48.65,52.0,45.25,48.9,48.9,48.35,48.7,48.66,43.751,43.751,43.259,43.572,43.536,502700.0,24460190000.0,0.0,0.0,0.05,0.0447,0.1028
BVH,2022-11-23,15:11:01,HOSE,STOCK,48.15,51.5,44.8,48.2,49.1,48.15,48.65,48.65,43.125,43.93,43.08,43.527,43.527,401300.0,19525020000.0,0.0,0.0,0.5,0.4473,1.0384
BVH,2022-11-22,15:11:02,HOSE,STOCK,47.7,51.0,44.4,47.95,49.2,47.7,48.15,48.53,42.901,44.019,42.677,43.08,43.42,618400.0,30012415000.0,0.0,0.0,0.45,0.4026,0.9434
BVH,2022-11-21,15:11:01,HOSE,STOCK,48.3,51.6,44.95,48.45,49.0,47.6,47.7,48.17,43.348,43.84,42.588,42.677,43.098,510100.0,24572040000.0,0.0,0.0,-0.6,-0.5368,-1.2422
BVH,2022-11-18,15:11:01,HOSE,STOCK,47.4,50.7,44.1,47.5,48.65,46.0,48.3,47.17,42.498,43.527,41.156,43.214,42.203,775500.0,36583155000.0,0.0,0.0,0.9,0.8052,1.8987
BVH,2022-11-17,15:11:01,HOSE,STOCK,47.3,50.6,44.0,47.7,48.55,47.3,47.4,47.78,42.677,43.438,42.319,42.409,42.749,610900.0,29187020000.0,0.0,0.0,0.1,0.0895,0.2114
BVH,2022-11-16,15:11:01,HOSE,STOCK,44.3,47.4,41.2,41.5,47.4,41.2,47.3,43.42,37.13,42.409,36.862,42.319,38.848,1764400.0,76617275000.0,0.0,0.0,3.0,2.6841,6.772
BVH,2022-11-15,15:11:02,HOSE,STOCK,47.6,50.9,44.3,47.7,47.7,44.3,44.3,44.68,42.677,42.677,39.635,39.635,39.975,2079100.0,92904210000.0,0.0,0.0,-3.3,-2.9525,-6.9328
BVH,2022-11-14,15:11:01,HOSE,STOCK,49.0,52.4,45.6,48.5,49.0,47.25,47.6,47.68,43.393,43.84,42.275,42.588,42.659,814000.0,38814735000.0,0.0,0.0,-1.4,-1.2526,-2.8571
BVH,2022-11-11,15:11:01,HOSE,STOCK,48.65,52.0,45.25,49.1,49.9,48.65,49.0,49.37,43.93,44.646,43.527,43.84,44.171,428000.0,21131620000.0,0.0,0.0,0.35,0.3131,0.7194
BVH,2022-11-10,15:11:01,HOSE,STOCK,51.3,54.8,47.75,51.0,51.2,47.85,48.65,49.4,45.63,45.809,42.812,43.527,44.198,1061100.0,52415600000.0,0.0,0.0,-2.65,-2.3709,-5.1657
BVH,2022-11-09,15:11:01,HOSE,STOCK,50.8,54.3,47.25,52.0,52.7,51.1,51.3,51.9,46.525,47.151,45.719,45.898,46.435,694500.0,36043120000.0,0.0,0.0,0.5,0.4473,0.9843
BVH,2022-11-08,15:11:01,HOSE,STOCK,48.9,52.3,45.5,48.7,50.9,48.2,50.8,49.77,43.572,45.54,43.125,45.451,44.529,636100.0,31657070000.0,0.0,0.0,1.9,1.6999,3.8855
BVH,2022-11-07,15:11:01,HOSE,STOCK,50.0,53.5,46.5,49.6,50.7,48.9,48.9,49.71,44.377,45.361,43.751,43.751,44.476,644400.0,32029980000.0,0.0,0.0,-1.1,-0.9842,-2.2
BVH,2022-11-04,15:11:01,HOSE,STOCK,52.4,56.0,48.75,51.9,52.0,49.1,50.0,50.36,46.435,46.525,43.93,44.735,45.057,898800.0,45266750000.0,0.0,0.0,-2.4,-2.1473,-4.5802
BVH,2022-11-03,15:11:01,HOSE,STOCK,52.0,55.6,48.4,51.2,52.5,51.2,52.4,51.83,45.809,46.972,45.809,46.882,46.372,493700.0,25589640000.0,0.0,0.0,0.4,0.3579,0.7692
BVH,2022-11-02,15:11:01,HOSE,STOCK,53.0,56.7,49.3,52.8,53.1,52.0,52.0,52.41,47.24,47.509,46.525,46.525,46.891,636300.0,33345820000.0,0.0,0.0,-1.0,-0.8947,-1.8868
BVH,2022-11-01,15:11:01,HOSE,STOCK,52.5,56.1,48.85,51.5,53.4,51.5,53.0,52.59,46.077,47.777,46.077,47.419,47.052,1036400.0,54500990000.0,0.0,0.0,0.5,0.4473,0.9524
BVH,2022-10-31,15:10:01,HOSE,STOCK,52.5,56.1,48.85,52.8,52.8,50.9,52.5,51.6,47.24,47.24,45.54,46.972,46.167,785800.0,40546800000.0,0.0,0.0,0.0,0.0,0.0
BVH,2022-10-28,15:10:01,HOSE,STOCK,53.0,56.7,49.3,53.5,53.7,51.7,52.5,52.63,47.867,48.046,46.256,46.972,47.088,825100.0,43423340000.0,0.0,0.0,-0.5,-0.4474,-0.9434
BVH,2022-10-27,15:10:02,HOSE,STOCK,51.2,54.7,47.65,51.2,53.0,51.2,53.0,52.26,45.809,47.419,45.809,47.419,46.757,866900.0,45308360000.0,0.0,0.0,1.8,1.6105,3.5156
BVH,2022-10-26,15:10:01,HOSE,STOCK,50.0,53.5,46.5,50.0,51.2,50.0,51.2,50.5,44.735,45.809,44.735,45.809,45.182,602700.0,30434250000.0,0.0,0.0,1.2,1.0736,2.4
BVH,2022-10-25,15:10:01,HOSE,STOCK,47.9,51.2,44.55,49.0,50.9,48.15,50.0,49.78,43.84,45.54,43.08,44.735,44.538,1136900.0,56590895000.0,0.0,0.0,2.1,1.8789,4.3841
BVH,2022-10-24,15:10:01,HOSE,STOCK,48.05,51.4,44.7,49.0,49.1,47.4,47.9,48.06,43.84,43.93,42.409,42.856,42.999,788600.0,37896900000.0,0.0,0.0,-0.15,-0.1342,-0.3122
BVH,2022-10-21,15:10:01,HOSE,STOCK,51.0,54.5,47.45,50.9,50.9,47.95,48.05,49.26,45.54,45.54,42.901,42.99,44.073,911700.0,44909080000.0,0.0,0.0,-2.95,-2.6393,-5.7843
BVH,2022-10-20,15:10:01,HOSE,STOCK,51.2,54.7,47.65,51.2,51.4,50.3,51.0,50.93,45.809,45.988,45.004,45.63,45.567,520100.0,26487020000.0,0.0,0.0,-0.2,-0.1789,-0.3906
BVH,2022-10-19,15:10:01,HOSE,STOCK,50.9,54.4,47.35,51.2,51.3,50.5,51.2,50.99,45.809,45.898,45.182,45.809,45.621,558800.0,28495630000.0,0.0,0.0,0.3,0.2684,0.5894
BVH,2022-10-18,15:10:02,HOSE,STOCK,50.7,54.2,47.2,51.5,51.6,50.7,50.9,51.07,46.077,46.167,45.361,45.54,45.692,582500.0,29747000000.0,0.0,0.0,0.2,0.1789,0.3945
BVH,2022-10-17,15:10:02,HOSE,STOCK,50.7,54.2,47.2,50.2,50.7,49.4,50.7,49.95,44.914,45.361,44.198,45.361,44.69,554300.0,27686940000.0,0.0,0.0,0.0,0.0,0.0
BVH,2022-10-14,15:10:02,HOSE,STOCK,49.25,52.6,45.85,50.1,50.8,49.5,50.7,50.35,44.825,45.451,44.288,45.361,45.048,1097800.0,55277065000.0,0.0,0.0,1.45,1.2973,2.9442
BVH,2022-10-13,15:10:02,HOSE,STOCK,48.55,51.9,45.2,48.5,49.5,48.3,49.25,48.92,43.393,44.288,43.214,44.064,43.769,707400.0,34603085000.0,0.0,0.0,0.7,0.6263,1.4418
BVH,2022-10-12,15:10:01,HOSE,STOCK,47.0,50.2,43.75,47.15,49.5,47.15,48.55,48.54,42.185,44.288,42.185,43.438,43.429,692400.0,33606470000.0,0.0,0.0,1.55,1.3868,3.2979
BVH,2022-10-11,15:10:01,HOSE,STOCK,50.0,53.5,46.5,50.0,50.0,47.0,47.0,48.42,44.735,44.735,42.051,42.051,43.322,1189900.0,57610685000.0,0.0,0.0,-3.0,-2.6841,-6.0
BVH,2022-10-10,15:10:02,HOSE,STOCK,48.2,51.5,44.85,47.5,50.6,47.5,50.0,49.3,42.498,45.272,42.498,44.735,44.109,1099700.0,54211645000.0,0.0,0.0,1.8,1.6105,3.7344
BVH,2022-10-07,15:10:01,HOSE,STOCK,48.9,52.3,45.5,48.6,48.7,46.6,48.2,47.64,43.483,43.572,41.693,43.125,42.624,1482200.0,70612235000.0,0.0,0.0,-0.7,-0.6263,-1.4315
BVH,2022-10-06,15:10:02,HOSE,STOCK,50.6,54.1,47.1,50.6,50.9,48.5,48.9,49.66,45.272,45.54,43.393,43.751,44.431,1088000.0,54030450000.0,0.0,0.0,-1.7,-1.521,-3.3597
BVH,2022-10-05,15:10:01,HOSE,STOCK,48.2,51.5,44.85,49.7,51.2,49.2,50.6,49.96,44.467,45.809,44.019,45.272,44.699,978300.0,48880550000.0,0.0,0.0,2.4,2.1473,4.9793
BVH,2022-10-04,15:10:01,HOSE,STOCK,49.8,53.2,46.35,51.1,51.3,48.2,48.2,49.57,45.719,45.898,43.125,43.125,44.35,1683600.0,83452685000.0,0.0,0.0,-1.6,-1.4315,-3.2129
BVH,2022-10-03,15:10:02,HOSE,STOCK,53.5,57.2,49.8,53.5,54.0,49.8,49.8,51.75,47.867,48.314,44.556,44.556,46.301,1381100.0,71473550000.0,0.0,0.0,-3.7,-3.3104,-6.9159
BVH,2022-09-30,15:09:02,HOSE,STOCK,53.5,57.2,49.8,53.5,54.4,51.6,53.5,53.04,47.867,48.672,46.167,47.867,47.455,1718500.0,91146860000.0,0.0,0.0,0.0,0.0,0.0
BVH,2022-09-29,15:09:01,HOSE,STOCK,56.0,59.9,52.1,56.5,56.9,53.5,53.5,55.36,50.551,50.909,47.867,47.867,49.531,1546800.0,85636880000.0,0.0,0.0,-2.5,-2.2368,-4.4643
BVH,2022-09-28,15:09:01,HOSE,STOCK,57.4,61.4,53.4,57.0,57.5,54.6,56.0,56.06,50.998,51.445,48.851,50.103,50.157,2186100.0,122553070000.0,0.0,0.0,-1.4,-1.2526,-2.439
BVH,2022-09-27,15:09:01,HOSE,STOCK,57.9,61.9,53.9,58.4,58.6,57.3,57.4,57.91,52.251,52.43,51.266,51.356,51.812,1002300.0,58044150000.0,0.0,0.0,-0.5,-0.4474,-0.8636
BVH,2022-09-26,15:09:02,HOSE,STOCK,58.4,62.4,54.4,58.2,59.5,56.6,57.9,57.87,52.072,53.235,50.64,51.803,51.776,2254800.0,130488760000.0,0.0,0.0,-0.5,-0.4473,-0.8562
BVH,2022-09-23,15:09:02,HOSE,STOCK,55.2,59.0,51.4,56.1,59.0,56.0,58.4,58.12,50.193,52.787,50.103,52.251,52.0,4405600.0,256072110000.0,0.0,0.0,3.2,2.8631,5.7971
BVH,2022-09-22,15:09:01,HOSE,STOCK,55.1,58.9,51.3,55.0,55.6,54.4,55.2,54.99,49.209,49.745,48.672,49.388,49.2,629500.0,34614250000.0,0.0,0.0,0.1,0.0895,0.1815
BVH,2022-09-21,15:09:02,HOSE,STOCK,54.4,58.2,50.6,53.5,55.1,53.1,55.1,54.08,47.867,49.298,47.509,49.298,48.386,743600.0,40211400000.0,0.0,0.0,0.7,0.6263,1.2868
BVH,2022-09-20,15:09:01,HOSE,STOCK,53.1,56.8,49.4,53.3,54.5,52.8,54.4,53.58,47.688,48.761,47.24,48.672,47.938,1060000.0,56793640000.0,0.0,0.0,1.3,1.1631,2.4482
BVH,2022-09-19,15:09:01,HOSE,STOCK,56.0,59.9,52.1,56.0,56.1,53.1,53.1,54.49,50.103,50.193,47.509,47.509,48.752,1977900.0,107774790000.0,0.0,0.0,-2.9,-2.5947,-5.1786
BVH,2022-09-16,15:09:02,HOSE,STOCK,56.6,60.5,52.7,56.6,56.8,55.9,56.0,56.22,50.64,50.819,50.014,50.103,50.3,952700.0,53561580000.0,0.0,0.0,-0.6,-0.5368,-1.0601
BVH,2022-09-15,15:09:01,HOSE,STOCK,56.4,60.3,52.5,56.5,57.0,56.5,56.6,56.66,50.551,50.998,50.551,50.64,50.694,550100.0,31168320000.0,0.0,0.0,0.2,0.1789,0.3546
BVH,2022-09-14,15:09:01,HOSE,STOCK,56.5,60.4,52.6,55.8,56.8,55.8,56.4,56.18,49.924,50.819,49.924,50.461,50.264,882500.0,49581060000.0,0.0,0.0,-0.1,-0.0895,-0.177
BVH,2022-09-13,15:09:02,HOSE,STOCK,56.6,60.5,52.7,56.8,57.0,56.2,56.5,56.65,50.819,50.998,50.282,50.551,50.685,576300.0,32646570000.0,0.0,0.0,-0.1,-0.0895,-0.1767
BVH,2022-09-12,15:09:01,HOSE,STOCK,56.6,60.5,52.7,57.0,57.3,56.5,56.6,56.79,50.998,51.266,50.551,50.64,50.81,827200.0,46980660000.0,0.0,0.0,0.0,0.0,0.0
BVH,2022-09-09,15:09:02,HOSE,STOCK,56.0,59.9,52.1,56.0,56.8,55.6,56.6,56.08,50.103,50.819,49.745,50.64,50.175,1529200.0,85750230000.0,0.0,0.0,0.6,0.5368,1.0714
BVH,2022-09-08,15:09:01,HOSE,STOCK,56.6,60.5,52.7,57.2,57.4,56.0,56.0,56.91,51.177,51.356,50.103,50.103,50.918,1498800.0,85294590000.0,0.0,0.0,-0.6,-0.5368,-1.0601
BVH,2022-09-07,15:09:02,HOSE,STOCK,59.1,63.2,55.0,59.0,59.5,56.6,56.6,57.95,52.787,53.235,50.64,50.64,51.848,2796400.0,162053710000.0,0.0,0.0,-2.5,-2.2367,-4.2301
BVH,2022-09-06,15:09:02,HOSE,STOCK,59.6,63.7,55.5,60.0,60.2,59.1,59.1,59.4,53.682,53.861,52.877,52.877,53.145,1440500.0,85566300000.0,0.0,0.0,-0.5,-0.4474,-0.8389
BVH,2022-09-05,15:09:02,HOSE,STOCK,58.5,62.5,54.5,58.6,60.3,58.6,59.6,59.67,52.43,53.951,52.43,53.324,53.387,2596700.0,154950090000.0,0.0,0.0,1.1,0.9842,1.8803
BVH,2022-08-31,15:08:01,HOSE,STOCK,57.4,61.4,53.4,57.4,59.5,57.4,58.5,58.73,51.356,53.235,51.356,52.34,52.546,2855900.0,167723450000.0,0.0,0.0,1.1,0.9842,1.9164
BVH,2022-08-30,15:08:01,HOSE,STOCK,57.3,61.3,53.3,57.5,58.0,57.2,57.4,57.53,51.445,51.893,51.177,51.356,51.472,917800.0,52803570000.0,0.0,0.0,0.1,0.0895,0.1745
BVH,2022-08-29,15:08:02,HOSE,STOCK,57.0,60.9,53.1,56.8,57.7,56.1,57.3,56.85,50.819,51.624,50.193,51.266,50.864,1383300.0,78637220000.0,0.0,0.0,0.3,0.2684,0.5263
BVH,2022-08-26,15:08:02,HOSE,STOCK,57.0,60.9,53.1,57.4,58.4,57.0,57.0,57.85,51.356,52.251,50.998,50.998,51.759,1554000.0,89900350000.0,0.0,0.0,0.0,0.0,0.0
BVH,2022-08-25,15:08:02,HOSE,STOCK,56.9,60.8,53.0,57.1,57.6,56.9,57.0,57.1,51.088,51.535,50.909,50.998,51.088,949200.0,54198330000.0,0.0,0.0,0.1,0.0895,0.1757
BVH,2022-08-24,15:08:03,HOSE,STOCK,56.8,60.7,52.9,57.0,57.6,56.7,56.9,57.13,50.998,51.535,50.73,50.909,51.114,1228000.0,70156670000.0,0.0,0.0,0.1,0.0895,0.1761
BVH,2022-08-23,15:08:02,HOSE,STOCK,57.0,60.9,53.1,56.9,57.1,56.6,56.8,56.88,50.909,51.088,50.64,50.819,50.891,761300.0,43299740000.0,0.0,0.0,-0.2,-0.1789,-0.3509
BVH,2022-08-22,15:08:01,HOSE,STOCK,55.8,59.7,51.9,55.8,57.5,55.7,57.0,56.65,49.924,51.445,49.835,50.998,50.685,899200.0,50936320000.0,0.0,0.0,1.2,1.0736,2.1505
BVH,2022-08-19,15:08:02,HOSE,STOCK,56.5,60.4,52.6,56.4,57.3,55.7,55.8,56.45,50.461,51.266,49.835,49.924,50.506,1142700.0,64506030000.0,0.0,0.0,-0.7,-0.6263,-1.2389
BVH,2022-08-18,15:08:03,HOSE,STOCK,56.8,60.7,52.9,56.8,57.5,56.0,56.5,56.67,50.819,51.445,50.103,50.551,50.703,1061000.0,60125540000.0,0.0,0.0,-0.3,-0.2684,-0.5282
BVH,2022-08-17,15:08:02,HOSE,STOCK,57.5,61.5,53.5,57.6,58.0,56.7,56.8,57.28,51.535,51.893,50.73,50.819,51.249,974000.0,55788810000.0,0.0,0.0,-0.7,-0.6263,-1.2174
BVH,2022-08-16,15:08:03,HOSE,STOCK,57.9,61.9,53.9,57.9,58.2,57.5,57.5,57.79,51.803,52.072,51.445,51.445,51.705,612400.0,35391080000.0,0.0,0.0,-0.4,-0.3579,-0.6908
BVH,2022-08-15,15:08:02,HOSE,STOCK,58.2,62.2,54.2,58.5,58.5,57.6,57.9,58.1,52.34,52.34,51.535,51.803,51.982,766900.0,44554210000.0,0.0,0.0,-0.3,-0.2684,-0.5155
BVH,2022-08-12,15:08:02,HOSE,STOCK,56.7,60.6,52.8,56.7,58.2,56.6,58.2,57.2,50.73,52.072,50.64,52.072,51.177,750100.0,42904350000.0,0.0,0.0,1.5,1.3421,2.6455
BVH,2022-08-11,15:08:02,HOSE,STOCK,57.5,61.5,53.5,57.7,58.0,56.7,56.7,57.34,51.624,51.893,50.73,50.73,51.302,1022100.0,58609860000.0,0.0,0.0,-0.8,-0.7158,-1.3913
BVH,2022-08-10,15:08:03,HOSE,STOCK,58.3,62.3,54.3,58.3,58.6,57.2,57.5,57.73,52.161,52.43,51.177,51.445,51.651,1532300.0,88466780000.0,0.0,0.0,-0.8,-0.7158,-1.3722
BVH,2022-08-09,15:08:02,HOSE,STOCK,58.7,62.8,54.6,58.4,59.2,58.0,58.3,58.52,52.251,52.966,51.893,52.161,52.358,1249600.0,73123310000.0,0.0,0.0,-0.4,-0.3579,-0.6814
BVH,2022-08-08,15:08:02,HOSE,STOCK,58.8,62.9,54.7,59.0,60.3,58.3,58.7,59.31,52.787,53.951,52.161,52.519,53.065,1456500.0,86387140000.0,0.0,0.0,-0.1,-0.0895,-0.1701
BVH,2022-08-05,15:08:01,HOSE,STOCK,58.4,62.4,54.4,58.4,58.8,58.0,58.8,58.49,52.251,52.609,51.893,52.609,52.331,625800.0,36605240000.0,0.0,0.0,0.4,0.3579,0.6849
BVH,2022-08-04,15:08:03,HOSE,STOCK,58.4,62.4,54.4,58.9,60.2,58.4,58.4,59.18,52.698,53.861,52.251,52.251,52.949,1850800.0,109539340000.0,0.0,0.0,0.0,0.0,0.0
BVH,2022-08-03,15:08:01,HOSE,STOCK,58.9,63.0,54.8,58.0,58.9,58.0,58.4,58.45,51.893,52.698,51.893,52.251,52.295,1039100.0,60734620000.0,0.0,0.0,-0.5,-0.4474,-0.8489
BVH,2022-08-02,15:08:01,HOSE,STOCK,59.2,63.3,55.1,59.0,59.3,58.3,58.9,58.68,52.787,53.056,52.161,52.698,52.501,1050700.0,61656320000.0,0.0,0.0,-0.3,-0.2684,-0.5068
BVH,2022-08-01,15:08:02,HOSE,STOCK,57.8,61.8,53.8,57.7,59.7,57.1,59.2,58.74,51.624,53.414,51.088,52.966,52.555,2168600.0,127382470000.0,0.0,0.0,1.4,1.2526,2.4221
BVH,2022-07-29,15:07:02,HOSE,STOCK,56.6,60.5,52.7,57.0,58.5,56.8,57.8,57.87,50.998,52.34,50.819,51.714,51.776,1564700.0,90547660000.0,0.0,0.0,1.2,1.0736,2.1201
BVH,2022-07-28,15:07:03,HOSE,STOCK,57.2,61.2,53.2,57.5,57.6,56.6,56.6,57.13,51.445,51.535,50.64,50.64,51.114,784800.0,44833630000.0,0.0,0.0,-0.6,-0.5368,-1.049
BVH,2022-07-27,15:07:03,HOSE,STOCK,54.4,58.2,50.6,54.2,57.2,53.5,57.2,54.95,48.493,51.177,47.867,51.177,49.164,1513000.0,83146600000.0,0.0,0.0,2.8,2.5052,5.1471
BVH,2022-07-26,15:07:03,HOSE,STOCK,55.4,59.2,51.6,55.5,55.9,54.4,54.4,55.16,49.656,50.014,48.672,48.672,49.352,955600.0,52706450000.0,0.0,0.0,-1.0,-0.8947,-1.8051
BVH,2022-07-25,15:07:02,HOSE,STOCK,56.3,60.2,52.4,56.5,56.5,54.7,55.4,55.42,50.551,50.551,48.94,49.567,49.584,1292000.0,71605130000.0,0.0,0.0,-0.9,-0.8052,-1.5986
BVH,2022-07-22,15:07:03,HOSE,STOCK,56.7,60.6,52.8,57.0,57.5,56.1,56.3,56.7,50.998,51.445,50.193,50.372,50.73,1005800.0,57027350000.0,0.0,0.0,-0.4,-0.3579,-0.7055
BVH,2022-07-21,15:07:02,HOSE,STOCK,57.5,61.5,53.5,57.2,57.4,56.7,56.7,56.98,51.177,51.356,50.73,50.73,50.98,701800.0,39991320000.0,0.0,0.0,-0.8,-0.7158,-1.3913
BVH,2022-07-20,15:07:03,HOSE,STOCK,57.1,61.0,53.2,57.3,58.6,57.1,57.5,57.85,51.266,52.43,51.088,51.445,51.759,1477400.0,85464140000.0,0.0,0.0,0.4,0.3579,0.7005
BVH,2022-07-19,15:07:03,HOSE,STOCK,57.3,61.3,53.3,57.4,57.4,56.2,57.1,56.76,51.356,51.356,50.282,51.088,50.783,574000.0,32580950000.0,0.0,0.0,-0.2,-0.1789,-0.349
BVH,2022-07-18,15:07:03,HOSE,STOCK,56.5,60.4,52.6,56.7,57.9,55.4,57.3,56.37,50.73,51.803,49.567,51.266,50.434,1542600.0,86955260000.0,0.0,0.0,0.8,0.7158,1.4159
BVH,2022-07-15,15:07:03,HOSE,STOCK,57.9,61.9,53.9,57.9,57.9,56.5,56.5,57.09,51.803,51.803,50.551,50.551,51.079,1162000.0,66332870000.0,0.0,0.0,-1.4,-1.2526,-2.418
BVH,2022-07-14,15:07:02,HOSE,STOCK,58.0,62.0,54.0,57.8,58.0,57.2,57.9,57.62,51.714,51.893,51.177,51.803,51.553,740200.0,42653290000.0,0.0,0.0,-0.1,-0.0895,-0.1724
BVH,2022-07-13,15:07:03,HOSE,STOCK,55.9,59.8,52.0,56.1,58.5,56.0,58.0,57.9,50.193,52.34,50.103,51.893,51.803,2132000.0,123445100000.0,0.0,0.0,2.1,1.8789,3.7567
BVH,2022-07-12,15:07:03,HOSE,STOCK,54.6,58.4,50.8,55.2,56.5,54.3,55.9,55.38,49.388,50.551,48.582,50.014,49.549,1108000.0,61356420000.0,0.0,0.0,1.3,1.1631,2.381
BVH,2022-07-11,15:07:04,HOSE,STOCK,54.6,58.4,50.8,54.4,55.5,54.2,54.6,54.79,48.672,49.656,48.493,48.851,49.021,995400.0,54539070000.0,0.0,0.0,0.0,0.0,0.0
BVH,2022-07-08,15:07:03,HOSE,STOCK,55.0,58.8,51.2,55.2,55.8,54.6,54.6,55.04,49.388,49.924,48.851,48.851,49.244,954700.0,52542380000.0,0.0,0.0,-0.4,-0.3579,-0.7273
BVH,2022-07-07,15:07:02,HOSE,STOCK,53.0,56.7,49.3,53.4,55.6,53.2,55.0,54.59,47.777,49.745,47.598,49.209,48.842,1661700.0,90705740000.0,0.0,0.0,2.0,1.7894,3.7736
BVH,2022-07-06,15:07:02,HOSE,STOCK,52.8,56.4,49.15,52.6,54.7,52.5,53.0,53.62,47.061,48.94,46.972,47.419,47.974,1496500.0,80243550000.0,0.0,0.0,0.2,0.1789,0.3788
BVH,2022-07-05,15:07:02,HOSE,STOCK,53.7,57.4,49.95,54.0,54.8,52.7,52.8,53.77,48.314,49.03,47.151,47.24,48.108,1103800.0,59353190000.0,0.0,0.0,-0.9,-0.8052,-1.676
BVH,2022-07-04,15:07:03,HOSE,STOCK,53.1,56.8,49.4,53.5,54.2,53.5,53.7,53.91,47.867,48.493,47.867,48.046,48.233,591100.0,31863830000.0,0.0,0.0,0.6,0.5368,1.1299
BVH,2022-07-01,15:07:02,HOSE,STOCK,52.5,56.1,48.85,52.2,54.5,52.2,53.1,53.11,46.703,48.761,46.703,47.509,47.518,960000.0,50980980000.0,0.0,0.0,0.6,0.5368,1.1429
BVH,2022-06-30,15:06:03,HOSE,STOCK,55.0,58.8,51.2,55.0,55.4,52.5,52.5,53.88,49.209,49.567,46.972,46.972,48.207,1386600.0,74715450000.0,0.0,0.0,-2.5,-2.2368,-4.5455
BVH,2022-06-29,15:06:02,HOSE,STOCK,56.3,60.2,52.4,55.6,56.1,54.7,55.0,55.28,49.745,50.193,48.94,49.209,49.459,1006400.0,55637350000.0,0.0,0.0,-1.3,-1.1631,-2.3091
BVH,2022-06-28,15:06:02,HOSE,STOCK,55.1,58.9,51.3,55.0,56.5,54.7,56.3,56.04,49.209,50.551,48.94,50.372,50.139,1981100.0,111021850000.0,0.0,0.0,1.2,1.0736,2.1779
BVH,2022-06-27,15:06:04,HOSE,STOCK,54.8,58.6,51.0,55.2,55.4,54.5,55.1,54.9,49.388,49.567,48.761,49.298,49.119,881200.0,48375940000.0,0.0,0.0,0.3,0.2684,0.5474
BVH,2022-06-24,15:06:03,HOSE,STOCK,52.7,56.3,49.05,52.9,55.5,52.7,54.8,54.38,47.33,49.656,47.151,49.03,48.654,2319800.0,126140780000.0,0.0,0.0,2.1,1.8789,3.9848
BVH,2022-06-23,15:06:02,HOSE,STOCK,51.1,54.6,47.55,51.0,52.9,51.0,52.7,52.13,45.63,47.33,45.63,47.151,46.641,1029700.0,53679860000.0,0.0,0.0,1.6,1.4315,3.1311
BVH,2022-06-22,15:06:04,HOSE,STOCK,51.5,55.1,47.9,52.0,52.5,50.8,51.1,51.44,46.525,46.972,45.451,45.719,46.024,845200.0,43479460000.0,0.0,0.0,-0.4,-0.3579,-0.7767
BVH,2022-06-21,15:06:02,HOSE,STOCK,50.4,53.9,46.9,50.7,52.2,50.4,51.5,51.43,45.361,46.703,45.093,46.077,46.015,1282400.0,65955820000.0,0.0,0.0,1.1,0.9842,2.1825
BVH,2022-06-20,15:06:02,HOSE,STOCK,51.5,55.1,47.9,51.2,52.4,50.3,50.4,51.22,45.809,46.882,45.004,45.093,45.827,1055700.0,54070520000.0,0.0,0.0,-1.1,-0.9842,-2.1359
BVH,2022-06-17,15:06:04,HOSE,STOCK,52.4,56.0,48.75,51.5,52.4,50.7,51.5,51.57,46.077,46.882,45.361,46.077,46.14,1231100.0,63487400000.0,0.0,0.0,-0.9,-0.8052,-1.7176
BVH,2022-06-16,15:06:04,HOSE,STOCK,51.4,54.9,47.85,52.0,53.5,51.9,52.4,52.79,46.525,47.867,46.435,46.882,47.231,2262900.0,119456470000.0,0.0,0.0,1.0,0.8947,1.9455
BVH,2022-06-15,15:06:05,HOSE,STOCK,51.4,54.9,47.85,50.6,51.8,49.5,51.4,50.88,45.272,46.346,44.288,45.988,45.522,1126300.0,57309845000.0,0.0,0.0,0.0,0.0,0.0
BVH,2022-06-14,15:06:04,HOSE,STOCK,50.1,53.6,46.6,50.0,51.4,49.5,51.4,50.56,44.735,45.988,44.288,45.988,45.236,1253100.0,63361640000.0,0.0,0.0,1.3,1.1631,2.5948
BVH,2022-06-13,15:06:04,HOSE,STOCK,53.8,57.5,50.1,52.3,53.4,50.1,50.1,51.68,46.793,47.777,44.825,44.825,46.238,2739800.0,141583180000.0,0.0,0.0,-3.7,-3.3104,-6.8773
BVH,2022-06-10,15:06:03,HOSE,STOCK,55.0,58.8,51.2,54.5,56.2,53.8,53.8,55.12,48.761,50.282,48.135,48.135,49.316,2205200.0,121557390000.0,0.0,0.0,-1.2,-1.0736,-2.1818
BVH,2022-06-09,15:06:02,HOSE,STOCK,55.4,59.2,51.6,54.8,55.7,54.7,55.0,55.15,49.03,49.835,48.94,49.209,49.343,723400.0,39897100000.0,0.0,0.0,-0.4,-0.3579,-0.722
BVH,2022-06-08,15:06:04,HOSE,STOCK,56.1,60.0,52.2,56.2,56.8,55.3,55.4,56.16,50.282,50.819,49.477,49.567,50.247,1562000.0,87722940000.0,0.0,0.0,-0.7,-0.6263,-1.2478
BVH,2022-06-07,15:06:03,HOSE,STOCK,54.1,57.8,50.4,54.0,56.8,52.1,56.1,54.14,48.314,50.819,46.614,50.193,48.439,3214100.0,174015950000.0,0.0,0.0,2.0,1.7894,3.6969
BVH,2022-06-06,15:06:03,HOSE,STOCK,54.2,57.9,50.5,54.0,55.6,53.9,54.1,54.82,48.314,49.745,48.224,48.403,49.048,1799800.0,98662140000.0,0.0,0.0,-0.1,-0.0895,-0.1845
BVH,2022-06-03,15:06:05,HOSE,STOCK,54.1,57.8,50.4,54.1,54.5,53.6,54.2,54.05,48.403,48.761,47.956,48.493,48.359,1013700.0,54794870000.0,0.0,0.0,0.1,0.0895,0.1848
BVH,2022-06-02,15:06:03,HOSE,STOCK,52.9,56.6,49.2,52.9,55.4,52.7,54.1,54.35,47.33,49.567,47.151,48.403,48.627,2407700.0,130867210000.0,0.0,0.0,1.2,1.0736,2.2684
BVH,2022-06-01,15:06:04,HOSE,STOCK,52.6,56.2,48.95,52.6,53.4,52.0,52.9,52.47,47.061,47.777,46.525,47.33,46.945,1111900.0,58342440000.0,0.0,0.0,0.3,0.2684,0.5703
BVH,2022-05-31,15:05:03,HOSE,STOCK,53.5,57.2,49.8,53.5,53.5,51.9,52.6,52.53,47.867,47.867,46.435,47.061,46.999,1959400.0,102922440000.0,0.0,0.0,-0.9,-0.8052,-1.6822
BVH,2022-05-30,15:05:03,HOSE,STOCK,53.6,57.3,49.85,53.6,54.5,53.2,53.5,53.8,47.956,48.761,47.598,47.867,48.135,1193800.0,64229780000.0,0.0,0.0,-0.1,-0.0895,-0.1866
BVH,2022-05-27,15:05:03,HOSE,STOCK,53.5,57.2,49.8,53.7,54.2,53.3,53.6,53.66,48.046,48.493,47.688,47.956,48.01,1158300.0,62153810000.0,0.0,0.0,0.1,0.0895,0.1869
BVH,2022-05-26,15:05:04,HOSE,STOCK,52.8,56.4,49.15,52.9,53.9,52.1,53.5,52.98,47.33,48.224,46.614,47.867,47.401,1449900.0,76821020000.0,0.0,0.0,0.7,0.6263,1.3258
BVH,2022-05-25,15:05:03,HOSE,STOCK,50.9,54.4,47.35,50.8,53.4,50.8,52.8,52.23,45.451,47.777,45.451,47.24,46.73,1860300.0,97166420000.0,0.0,0.0,1.9,1.6999,3.7328
BVH,2022-05-24,15:05:02,HOSE,STOCK,50.8,54.3,47.25,50.9,51.3,48.95,50.9,50.14,45.54,45.898,43.796,45.54,44.86,1102000.0,55249850000.0,0.0,0.0,0.1,0.0895,0.1969
BVH,2022-05-23,15:05:03,HOSE,STOCK,50.2,53.7,46.7,51.0,51.9,49.45,50.8,50.6,45.63,46.435,44.243,45.451,45.272,1398000.0,70740475000.0,0.0,0.0,0.6,0.5368,1.1952
BVH,2022-05-20,15:05:02,HOSE,STOCK,50.1,53.6,46.6,50.0,51.5,49.85,50.2,50.61,44.735,46.077,44.601,44.914,45.281,1463400.0,74060880000.0,0.0,0.0,0.1,0.0895,0.1996
BVH,2022-05-19,15:05:05,HOSE,STOCK,50.7,54.2,47.2,49.2,50.9,49.15,50.1,49.78,44.019,45.54,43.975,44.825,44.538,1582900.0,78801815000.0,0.0,0.0,-0.6,-0.5368,-1.1834
BVH,2022-05-18,15:05:01,HOSE,STOCK,51.2,54.7,47.65,51.9,52.5,50.5,50.7,51.47,46.435,46.972,45.182,45.361,46.05,1289600.0,66377490000.0,0.0,0.0,-0.5,-0.4473,-0.9766
BVH,2022-05-17,15:05:02,HOSE,STOCK,47.9,51.2,44.55,47.0,51.2,47.0,51.2,49.3,42.051,45.809,42.051,45.809,44.109,1824800.0,89966175000.0,0.0,0.0,3.3,2.9525,6.8894
BVH,2022-05-16,15:05:02,HOSE,STOCK,50.7,54.2,47.2,52.0,54.0,47.9,47.9,50.95,46.525,48.314,42.856,42.856,45.585,1700500.0,86633875000.0,0.0,0.0,-2.8,-2.5052,-5.5227
BVH,2022-05-13,15:05:03,HOSE,STOCK,54.5,58.3,50.7,54.3,54.7,50.7,50.7,51.63,48.582,48.94,45.361,45.361,46.194,3115600.0,160853980000.0,0.0,0.0,-3.8,-3.3998,-6.9725
BVH,2022-05-12,15:05:04,HOSE,STOCK,58.5,62.5,54.5,57.4,58.4,54.5,54.5,55.44,51.356,52.251,48.761,48.761,49.602,3026900.0,167798220000.0,0.0,0.0,-4.0,-3.5788,-6.8376
BVH,2022-05-11,15:05:03,HOSE,STOCK,60.0,64.2,55.8,59.4,59.8,57.7,58.5,58.663,53.145,53.503,51.624,52.34,52.486,1574900.0,92388550000.0,0.0,0.0,-1.5,-1.3421,-2.5
BVH,2022-05-10,15:05:03,HOSE,STOCK,59.4,63.5,55.3,57.0,60.0,56.1,60.0,58.06,50.998,53.682,50.193,53.682,51.946,1831600.0,106336110000.0,0.0,0.0,0.6,0.5368,1.0101
BVH,2022-05-09,15:05:02,HOSE,STOCK,63.8,68.2,59.4,63.6,63.6,59.4,59.4,61.02,56.903,56.903,53.145,53.145,54.595,2433000.0,148463310000.0,0.0,0.0,-4.4,-3.9367,-6.8966
BVH,2022-05-06,15:05:04,HOSE,STOCK,64.0,68.4,59.6,62.9,66.2,62.5,63.8,64.82,56.277,59.229,55.919,57.082,57.995,3122600.0,202421270000.0,0.0,0.0,-0.2,-0.1789,-0.3125
BVH,2022-05-05,15:05:03,HOSE,STOCK,63.0,67.4,58.6,64.0,64.9,62.5,64.0,63.76,57.261,58.066,55.919,57.261,57.046,1707000.0,108836840000.0,0.0,0.0,1.0,0.8947,1.5873
BVH,2022-05-04,15:05:03,HOSE,STOCK,62.1,66.4,57.8,61.9,64.9,61.2,63.0,62.94,55.382,58.066,54.756,56.366,56.313,1951400.0,122814750000.0,0.0,0.0,0.9,0.8052,1.4493
BVH,2022-04-29,15:04:02,HOSE,STOCK,60.0,64.2,55.8,59.3,62.5,59.3,62.1,61.49,53.056,55.919,53.056,55.561,55.015,1652200.0,101595060000.0,0.0,0.0,2.1,1.8789,3.5
BVH,2022-04-28,15:04:02,HOSE,STOCK,61.5,65.8,57.2,61.5,62.2,60.0,60.0,60.74,55.024,55.651,53.682,53.682,54.344,977400.0,59363820000.0,0.0,0.0,-1.5,-1.3421,-2.439
BVH,2022-04-27,15:04:04,HOSE,STOCK,61.9,66.2,57.6,61.0,61.5,59.1,61.5,60.54,54.577,55.024,52.877,55.024,54.165,1138200.0,68904320000.0,0.0,0.0,-0.4,-0.3579,-0.6462
BVH,2022-04-26,15:04:03,HOSE,STOCK,58.6,62.7,54.5,55.4,62.0,54.6,61.9,57.83,49.567,55.472,48.851,55.382,51.741,2891900.0,167237820000.0,0.0,0.0,3.3,2.9525,5.6314
BVH,2022-04-25,15:04:03,HOSE,STOCK,63.0,67.4,58.6,63.0,63.5,58.6,58.6,59.91,56.366,56.814,52.43,52.43,53.602,2724200.0,163201700000.0,0.0,0.0,-4.4,-3.9367,-6.9841
BVH,2022-04-22,15:04:04,HOSE,STOCK,66.5,71.1,61.9,67.0,68.2,61.9,63.0,64.67,59.945,61.019,55.382,56.366,57.86,3200800.0,206998520000.0,0.0,0.0,-3.5,-3.1314,-5.2632
BVH,2022-04-21,15:04:02,HOSE,STOCK,64.0,68.4,59.6,63.0,68.4,61.0,66.5,65.28,56.366,61.198,54.577,59.498,58.406,3570900.0,233095390000.0,0.0,0.0,2.5,2.2368,3.9063
BVH,2022-04-20,15:04:02,HOSE,STOCK,65.7,70.2,61.2,65.0,66.9,64.0,64.0,65.51,58.156,59.856,57.261,57.261,58.612,2744400.0,179788280000.0,0.0,0.0,-1.7,-1.521,-2.5875
BVH,2022-04-19,15:04:03,HOSE,STOCK,66.8,71.4,62.2,67.1,70.0,65.7,65.7,67.68,60.035,62.629,58.782,58.782,60.553,2632100.0,178139990000.0,0.0,0.0,-1.1,-0.9842,-1.6467
BVH,2022-04-18,15:04:03,HOSE,STOCK,66.8,71.4,62.2,67.5,68.5,66.5,66.8,67.31,60.392,61.287,59.498,59.766,60.222,3846200.0,258882430000.0,0.0,0.0,0.0,0.0,0.0
BVH,2022-04-15,15:04:02,HOSE,STOCK,62.5,66.8,58.2,62.4,66.8,62.3,66.8,65.63,55.829,59.766,55.74,59.766,58.719,3373000.0,221372770000.0,0.0,0.0,4.3,3.8472,6.88
BVH,2022-04-14,15:04:02,HOSE,STOCK,63.3,67.7,58.9,63.8,64.6,62.5,62.5,63.44,57.082,57.798,55.919,55.919,56.76,1343300.0,85216260000.0,0.0,0.0,-0.8,-0.7158,-1.2638
BVH,2022-04-13,15:04:02,HOSE,STOCK,60.0,64.2,55.8,61.0,63.6,59.5,63.3,61.2,54.577,56.903,53.235,56.635,54.756,1698200.0,103923810000.0,0.0,0.0,3.3,2.9525,5.5
BVH,2022-04-12,15:04:02,HOSE,STOCK,63.5,67.9,59.1,63.5,63.9,60.0,60.0,61.79,56.814,57.172,53.682,53.682,55.284,1935300.0,119582770000.0,0.0,0.0,-3.5,-3.1315,-5.5118
BVH,2022-04-08,15:04:02,HOSE,STOCK,64.4,68.9,59.9,64.3,65.5,63.5,63.5,64.32,57.529,58.603,56.814,56.814,57.547,1314000.0,84515600000.0,0.0,0.0,-0.9,-0.8052,-1.3975
BVH,2022-04-07,15:04:01,HOSE,STOCK,65.2,69.7,60.7,65.5,66.4,64.4,64.4,65.69,58.603,59.408,57.619,57.619,58.773,2039800.0,133997540000.0,0.0,0.0,-0.8,-0.7158,-1.227
BVH,2022-04-06,15:04:02,HOSE,STOCK,63.8,68.2,59.4,63.0,65.4,63.0,65.2,64.65,56.366,58.514,56.366,58.335,57.843,2574400.0,166432780000.0,0.0,0.0,1.4,1.2526,2.1944
BVH,2022-04-05,15:04:02,HOSE,STOCK,63.6,68.0,59.2,63.2,63.9,62.9,63.8,63.49,56.545,57.172,56.277,57.082,56.805,1520600.0,96547580000.0,0.0,0.0,0.2,0.1789,0.3145
BVH,2022-04-04,15:04:02,HOSE,STOCK,63.4,67.8,59.0,63.9,65.2,63.5,63.6,64.33,57.172,58.335,56.814,56.903,57.556,2376500.0,152883760000.0,0.0,0.0,0.2,0.1789,0.3155
BVH,2022-04-01,15:04:01,HOSE,STOCK,61.5,65.8,57.2,61.0,64.4,61.0,63.4,63.03,54.577,57.619,54.577,56.724,56.393,3758200.0,236881150000.0,0.0,0.0,1.9,1.6999,3.0894
BVH,2022-03-31,15:03:04,HOSE,STOCK,61.7,66.0,57.4,61.7,62.4,61.5,61.5,61.88,55.203,55.829,55.024,55.024,55.364,1150200.0,71168770000.0,0.0,0.0,-0.2,-0.1789,-0.3241
BVH,2022-03-30,15:03:02,HOSE,STOCK,61.4,65.6,57.2,61.0,62.8,60.8,61.7,61.77,54.577,56.187,54.398,55.203,55.266,1899300.0,117323680000.0,0.0,0.0,0.3,0.2684,0.4886
BVH,2022-03-29,15:03:03,HOSE,STOCK,58.5,62.5,54.5,58.6,61.5,58.5,61.4,60.31,52.43,55.024,52.34,54.935,53.96,2592800.0,156360390000.0,0.0,0.0,2.9,2.5946,4.9573
BVH,2022-03-28,15:03:04,HOSE,STOCK,58.5,62.5,54.5,58.5,58.5,57.8,58.5,58.15,52.34,52.34,51.714,52.34,52.027,912400.0,53052130000.0,0.0,0.0,0.0,0.0,0.0
BVH,2022-03-25,15:03:03,HOSE,STOCK,58.8,62.9,54.7,59.0,59.2,58.0,58.5,58.7,52.787,52.966,51.893,52.34,52.519,608300.0,35706440000.0,0.0,0.0,-0.3,-0.2684,-0.5102
BVH,2022-03-24,15:03:03,HOSE,STOCK,59.0,63.1,54.9,58.9,59.7,58.5,58.8,58.95,52.698,53.414,52.34,52.609,52.743,681200.0,40158060000.0,0.0,0.0,-0.2,-0.1789,-0.339
BVH,2022-03-23,15:03:02,HOSE,STOCK,58.5,62.5,54.5,58.5,59.8,58.1,59.0,58.95,52.34,53.503,51.982,52.787,52.743,1281500.0,75546930000.0,0.0,0.0,0.5,0.4473,0.8547
BVH,2022-03-22,15:03:03,HOSE,STOCK,58.5,62.5,54.5,58.8,59.3,58.0,58.5,58.52,52.609,53.056,51.893,52.34,52.358,899900.0,52666210000.0,0.0,0.0,0.0,0.0,0.0
BVH,2022-03-21,15:03:02,HOSE,STOCK,56.1,60.0,52.2,56.9,58.6,56.2,58.5,57.74,50.909,52.43,50.282,52.34,51.66,1400800.0,80882410000.0,0.0,0.0,2.4,2.1473,4.2781
BVH,2022-03-18,15:03:02,HOSE,STOCK,56.2,60.1,52.3,56.1,56.4,55.8,56.1,56.09,50.193,50.461,49.924,50.193,50.184,820100.0,46000890000.0,0.0,0.0,-0.1,-0.0895,-0.1779
BVH,2022-03-17,15:03:02,HOSE,STOCK,56.2,60.1,52.3,56.5,56.9,55.8,56.2,56.29,50.551,50.909,49.924,50.282,50.363,346800.0,19522310000.0,0.0,0.0,0.0,0.0,0.0
BVH,2022-03-16,15:03:04,HOSE,STOCK,55.1,58.9,51.3,55.5,56.3,55.3,56.2,55.78,49.656,50.372,49.477,50.282,49.907,420700.0,23468210000.0,0.0,0.0,1.1,0.9842,1.9964
BVH,2022-03-15,15:03:03,HOSE,STOCK,55.1,58.9,51.3,54.9,55.2,54.6,55.1,54.99,49.119,49.388,48.851,49.298,49.2,762100.0,41905210000.0,0.0,0.0,0.0,0.0,0.0
BVH,2022-03-14,15:03:04,HOSE,STOCK,57.0,60.9,53.1,56.1,57.0,55.0,55.1,55.85,50.193,50.998,49.209,49.298,49.969,895400.0,50011340000.0,0.0,0.0,-1.9,-1.6999,-3.3333
BVH,2022-03-11,15:03:03,HOSE,STOCK,57.4,61.4,53.4,57.1,58.3,56.8,57.0,57.29,51.088,52.161,50.819,50.998,51.258,646000.0,37006500000.0,0.0,0.0,-0.4,-0.3579,-0.6969
BVH,2022-03-10,15:03:03,HOSE,STOCK,56.4,60.3,52.5,57.5,57.5,56.5,57.4,57.01,51.445,51.445,50.551,51.356,51.007,704500.0,40166260000.0,0.0,0.0,1.0,0.8947,1.773
BVH,2022-03-09,15:03:03,HOSE,STOCK,58.4,62.4,54.4,58.3,58.7,56.4,56.4,57.05,52.161,52.519,50.461,50.461,51.043,1797100.0,102516740000.0,0.0,0.0,-2.0,-1.7894,-3.4247
BVH,2022-03-08,15:03:02,HOSE,STOCK,58.9,63.0,54.8,58.2,59.5,58.2,58.4,58.76,52.072,53.235,52.072,52.251,52.573,647600.0,38054450000.0,0.0,0.0,-0.5,-0.4474,-0.8489
BVH,2022-03-07,15:03:03,HOSE,STOCK,59.7,63.8,55.6,60.2,60.2,58.8,58.9,59.41,53.861,53.861,52.609,52.698,53.154,868700.0,51609090000.0,0.0,0.0,-0.8,-0.7158,-1.34
BVH,2022-03-04,15:03:03,HOSE,STOCK,59.0,63.1,54.9,58.5,60.2,58.4,59.7,59.16,52.34,53.861,52.251,53.414,52.931,1259200.0,74495990000.0,0.0,0.0,0.7,0.6263,1.1864
BVH,2022-03-03,15:03:04,HOSE,STOCK,59.0,63.1,54.9,59.1,59.7,58.3,59.0,58.8,52.877,53.414,52.161,52.787,52.609,928600.0,54601910000.0,0.0,0.0,0.0,0.0,0.0
BVH,2022-03-02,15:03:03,HOSE,STOCK,59.8,63.9,55.7,59.7,60.4,59.0,59.0,59.64,53.414,54.04,52.787,52.787,53.36,1103800.0,65826040000.0,0.0,0.0,-0.8,-0.7158,-1.3378
BVH,2022-03-01,15:03:04,HOSE,STOCK,59.1,63.2,55.0,59.3,61.0,59.2,59.8,60.12,53.056,54.577,52.966,53.503,53.79,1582400.0,95139130000.0,0.0,0.0,0.7,0.6263,1.1844
BVH,2022-02-28,15:02:03,HOSE,STOCK,59.0,63.1,54.9,58.8,59.5,58.3,59.1,58.93,52.609,53.235,52.161,52.877,52.725,712800.0,42008860000.0,0.0,0.0,0.1,0.0895,0.1695
BVH,2022-02-25,15:02:04,HOSE,STOCK,59.0,63.1,54.9,59.0,60.1,58.7,59.0,59.37,52.787,53.772,52.519,52.787,53.119,1061100.0,62994250000.0,0.0,0.0,0.0,0.0,0.0
BVH,2022-02-24,15:02:03,HOSE,STOCK,57.6,61.6,53.6,57.6,59.4,57.3,59.0,58.44,51.535,53.145,51.266,52.787,52.286,2656100.0,155229780000.0,0.0,0.0,1.4,1.2526,2.4306
BVH,2022-02-23,15:02:03,HOSE,STOCK,56.3,60.2,52.4,56.3,57.9,56.3,57.6,57.37,50.372,51.803,50.372,51.535,51.329,970800.0,55694810000.0,0.0,0.0,1.3,1.1631,2.3091
BVH,2022-02-22,15:02:02,HOSE,STOCK,57.2,61.2,53.2,56.9,57.1,55.9,56.3,56.45,50.909,51.088,50.014,50.372,50.506,1150700.0,64952990000.0,0.0,0.0,-0.9,-0.8052,-1.5734
BVH,2022-02-21,15:02:03,HOSE,STOCK,57.3,61.3,53.3,57.3,57.5,56.8,57.2,57.13,51.266,51.445,50.819,51.177,51.114,625700.0,35744810000.0,0.0,0.0,-0.1,-0.0895,-0.1745
BVH,2022-02-18,15:02:03,HOSE,STOCK,56.9,60.8,53.0,56.8,58.0,56.4,57.3,57.34,50.819,51.893,50.461,51.266,51.302,860800.0,49355690000.0,0.0,0.0,0.4,0.3579,0.703
BVH,2022-02-17,15:02:03,HOSE,STOCK,57.4,61.4,53.4,57.7,57.8,56.8,56.9,57.22,51.624,51.714,50.819,50.909,51.195,712300.0,40756160000.0,0.0,0.0,-0.5,-0.4474,-0.8711
BVH,2022-02-16,15:02:03,HOSE,STOCK,54.8,58.6,51.0,55.4,57.4,54.8,57.4,56.41,49.567,51.356,49.03,51.356,50.47,1909900.0,107745040000.0,0.0,0.0,2.6,2.3262,4.7445
BVH,2022-02-15,15:02:03,HOSE,STOCK,54.2,57.9,50.5,54.3,54.9,54.0,54.8,54.27,48.582,49.119,48.314,49.03,48.556,450500.0,24450640000.0,0.0,0.0,0.6,0.5368,1.107
BVH,2022-02-14,15:02:02,HOSE,STOCK,55.1,58.9,51.3,54.2,55.3,53.8,54.2,54.62,48.493,49.477,48.135,48.493,48.869,682400.0,37272590000.0,0.0,0.0,-0.9,-0.8052,-1.6334
BVH,2022-02-11,15:02:05,HOSE,STOCK,55.4,59.2,51.6,55.3,55.5,54.8,55.1,55.15,49.477,49.656,49.03,49.298,49.343,410200.0,22624040000.0,0.0,0.0,-0.3,-0.2684,-0.5415
BVH,2022-02-10,15:02:04,HOSE,STOCK,55.9,59.8,52.0,55.9,56.0,55.0,55.4,55.32,50.014,50.103,49.209,49.567,49.495,582900.0,32248930000.0,0.0,0.0,-0.5,-0.4474,-0.8945
BVH,2022-02-09,15:02:03,HOSE,STOCK,55.4,59.2,51.6,55.4,56.5,55.2,55.9,55.81,49.567,50.551,49.388,50.014,49.933,893700.0,49878110000.0,0.0,0.0,0.5,0.4474,0.9025
BVH,2022-02-08,15:02:03,HOSE,STOCK,55.5,59.3,51.7,55.5,55.9,54.7,55.4,55.35,49.656,50.014,48.94,49.567,49.522,755700.0,41828630000.0,0.0,0.0,-0.1,-0.0895,-0.1802
BVH,2022-02-07,15:02:03,HOSE,STOCK,54.4,58.2,50.6,55.5,56.0,54.8,55.5,55.56,49.656,50.103,49.03,49.656,49.71,882500.0,49033750000.0,0.0,0.0,1.1,0.9842,2.0221
BVH,2022-01-28,15:01:03,HOSE,STOCK,53.8,57.5,50.1,53.9,54.7,53.8,54.4,54.31,48.224,48.94,48.135,48.672,48.591,528100.0,28683240000.0,0.0,0.0,0.6,0.5368,1.1152
BVH,2022-01-27,15:01:04,HOSE,STOCK,53.0,56.7,49.3,52.9,54.6,52.3,53.8,53.79,47.33,48.851,46.793,48.135,48.126,722200.0,38848610000.0,0.0,0.0,0.8,0.7158,1.5094
BVH,2022-01-26,15:01:03,HOSE,STOCK,51.6,55.2,48.0,52.2,53.3,51.0,53.0,52.13,46.703,47.688,45.63,47.419,46.641,790000.0,41180700000.0,0.0,0.0,1.4,1.2526,2.7132
BVH,2022-01-25,15:01:03,HOSE,STOCK,51.1,54.6,47.55,50.8,51.8,50.4,51.6,50.8,45.451,46.346,45.093,46.167,45.451,457200.0,23227250000.0,0.0,0.0,0.5,0.4474,0.9785
BVH,2022-01-24,15:01:03,HOSE,STOCK,52.5,56.1,48.85,52.2,52.5,51.0,51.1,51.71,46.703,46.972,45.63,45.719,46.265,664500.0,34359590000.0,0.0,0.0,-1.4,-1.2526,-2.6667
BVH,2022-01-21,15:01:02,HOSE,STOCK,52.3,55.9,48.65,52.2,52.9,52.1,52.5,52.51,46.703,47.33,46.614,46.972,46.981,484000.0,25416210000.0,0.0,0.0,0.2,0.1789,0.3824
BVH,2022-01-20,15:01:03,HOSE,STOCK,51.9,55.5,48.3,52.4,52.7,51.7,52.3,52.16,46.882,47.151,46.256,46.793,46.668,432700.0,22570960000.0,0.0,0.0,0.4,0.3579,0.7707
BVH,2022-01-19,15:01:02,HOSE,STOCK,51.6,55.2,48.0,51.6,52.4,51.4,51.9,51.72,46.167,46.882,45.988,46.435,46.274,459700.0,23774340000.0,0.0,0.0,0.3,0.2684,0.5814
BVH,2022-01-18,15:01:03,HOSE,STOCK,52.7,56.3,49.05,52.7,53.2,51.2,51.6,51.93,47.151,47.598,45.809,46.167,46.462,849500.0,44113210000.0,0.0,0.0,-1.1,-0.9842,-2.0873
BVH,2022-01-17,15:01:03,HOSE,STOCK,54.2,57.9,50.5,54.9,54.9,52.6,52.7,53.49,49.119,49.119,47.061,47.151,47.858,646600.0,34585900000.0,0.0,0.0,-1.5,-1.3421,-2.7675
BVH,2022-01-14,15:01:03,HOSE,STOCK,54.0,57.7,50.3,53.5,55.0,53.5,54.2,54.19,47.867,49.209,47.867,48.493,48.484,542700.0,29410570000.0,0.0,0.0,0.2,0.1789,0.3704
BVH,2022-01-13,15:01:02,HOSE,STOCK,54.0,57.7,50.3,54.6,55.9,54.0,54.0,54.73,48.851,50.014,48.314,48.314,48.967,987400.0,54035780000.0,0.0,0.0,0.0,0.0,0.0
BVH,2022-01-12,15:01:03,HOSE,STOCK,53.8,57.5,50.1,54.0,54.7,52.5,54.0,53.56,48.314,48.94,46.972,48.314,47.92,833500.0,44638970000.0,0.0,0.0,0.2,0.1789,0.3717
BVH,2022-01-11,15:01:02,HOSE,STOCK,54.7,58.5,50.9,54.7,55.0,52.8,53.8,54.06,48.94,49.209,47.24,48.135,48.368,783600.0,42362370000.0,0.0,0.0,-0.9,-0.8052,-1.6453
BVH,2022-01-10,15:01:03,HOSE,STOCK,55.6,59.4,51.8,55.6,55.8,54.7,54.7,55.12,49.745,49.924,48.94,48.94,49.316,889000.0,49004340000.0,0.0,0.0,-0.9,-0.8052,-1.6187
BVH,2022-01-07,15:01:02,HOSE,STOCK,56.2,60.1,52.3,56.5,56.9,55.1,55.6,55.65,50.551,50.909,49.298,49.745,49.79,1011700.0,56302900000.0,0.0,0.0,-0.6,-0.5368,-1.0676
BVH,2022-01-06,15:01:03,HOSE,STOCK,56.6,60.5,52.7,56.6,56.7,55.9,56.2,56.18,50.64,50.73,50.014,50.282,50.264,700800.0,39373610000.0,0.0,0.0,-0.4,-0.3579,-0.7067
BVH,2022-01-05,15:01:03,HOSE,STOCK,56.9,60.8,53.0,57.0,57.5,56.4,56.6,56.81,50.998,51.445,50.461,50.64,50.828,825200.0,46880030000.0,0.0,0.0,-0.3,-0.2684,-0.5272
BVH,2022-01-04,15:01:02,HOSE,STOCK,56.0,59.9,52.1,56.0,57.4,56.0,56.9,56.81,50.103,51.356,50.103,50.909,50.828,623000.0,35393530000.0,0.0,0.0,0.9,0.8052,1.6071
BVH,2021-12-31,15:12:02,HOSE,STOCK,55.1,58.9,51.3,55.2,56.2,55.2,56.0,55.88,49.388,50.282,49.388,50.103,49.996,815800.0,45586470000.0,0.0,0.0,0.9,0.8052,1.6334
BVH,2021-12-30,15:12:03,HOSE,STOCK,55.2,59.0,51.4,55.4,55.6,55.0,55.1,55.2,49.567,49.745,49.209,49.298,49.388,675800.0,37301550000.0,0.0,0.0,-0.1,-0.0895,-0.1812
BVH,2021-12-29,15:12:02,HOSE,STOCK,55.7,59.5,51.9,55.8,55.9,55.0,55.2,55.31,49.924,50.014,49.209,49.388,49.486,830900.0,45953390000.0,0.0,0.0,-0.5,-0.4474,-0.8977
BVH,2021-12-28,15:12:02,HOSE,STOCK,56.1,60.0,52.2,56.0,56.1,55.5,55.7,55.81,50.103,50.193,49.656,49.835,49.933,663000.0,36999890000.0,0.0,0.0,-0.4,-0.3579,-0.713
BVH,2021-12-27,15:12:02,HOSE,STOCK,56.0,59.9,52.1,56.5,56.6,55.5,56.1,56.22,50.551,50.64,49.656,50.193,50.3,557000.0,31311890000.0,0.0,0.0,0.1,0.0895,0.1786
BVH,2021-12-24,15:12:02,HOSE,STOCK,54.9,58.7,51.1,55.2,56.2,54.7,56.0,55.15,49.388,50.282,48.94,50.103,49.343,898700.0,49563200000.0,0.0,0.0,1.1,0.9842,2.0036
BVH,2021-12-23,15:12:04,HOSE,STOCK,56.5,60.4,52.6,56.5,56.7,54.9,54.9,55.48,50.551,50.73,49.119,49.119,49.638,1201300.0,66643980000.0,0.0,0.0,-1.6,-1.4315,-2.8319
BVH,2021-12-22,15:12:02,HOSE,STOCK,57.0,60.9,53.1,57.0,57.6,56.1,56.5,56.69,50.998,51.535,50.193,50.551,50.721,884600.0,50144670000.0,0.0,0.0,-0.5,-0.4474,-0.8772
BVH,2021-12-21,15:12:02,HOSE,STOCK,56.6,60.5,52.7,56.3,57.6,55.9,57.0,56.91,50.372,51.535,50.014,50.998,50.918,1416400.0,80602580000.0,0.0,0.0,0.4,0.3579,0.7067
BVH,2021-12-20,15:12:02,HOSE,STOCK,57.6,61.6,53.6,57.8,58.1,56.0,56.6,56.85,51.714,51.982,50.103,50.64,50.864,1114200.0,63339700000.0,0.0,0.0,-1.0,-0.8947,-1.7361
BVH,2021-12-17,15:12:03,HOSE,STOCK,58.0,62.0,54.0,58.0,58.5,57.5,57.6,57.89,51.893,52.34,51.445,51.535,51.794,739300.0,42796500000.0,0.0,0.0,-0.4,-0.3579,-0.6897
BVH,2021-12-16,15:12:03,HOSE,STOCK,58.2,62.2,54.2,59.0,59.0,57.9,58.0,58.16,52.787,52.787,51.803,51.893,52.036,413600.0,24053610000.0,0.0,0.0,-0.2,-0.1789,-0.3436
BVH,2021-12-15,15:12:03,HOSE,STOCK,58.5,62.5,54.5,58.5,58.6,57.5,58.2,58.13,52.34,52.43,51.445,52.072,52.009,630000.0,36620750000.0,0.0,0.0,-0.3,-0.2684,-0.5128
BVH,2021-12-14,15:12:03,HOSE,STOCK,59.2,63.3,55.1,59.0,59.0,58.0,58.5,58.65,52.787,52.787,51.893,52.34,52.474,562100.0,32964720000.0,0.0,0.0,-0.7,-0.6263,-1.1824
BVH,2021-12-13,15:12:02,HOSE,STOCK,58.8,62.9,54.7,59.2,59.7,58.6,59.2,59.05,52.966,53.414,52.43,52.966,52.832,655500.0,38707110000.0,0.0,0.0,0.4,0.3579,0.6803
BVH,2021-12-10,15:12:03,HOSE,STOCK,57.8,61.8,53.8,58.0,59.3,57.9,58.8,58.53,51.893,53.056,51.803,52.609,52.367,639500.0,37430260000.0,0.0,0.0,1.0,0.8947,1.7301
BVH,2021-12-09,15:12:03,HOSE,STOCK,57.7,61.7,53.7,57.7,58.1,57.3,57.8,57.71,51.624,51.982,51.266,51.714,51.633,741800.0,42812210000.0,0.0,0.0,0.1,0.0895,0.1733
BVH,2021-12-08,15:12:01,HOSE,STOCK,58.4,62.4,54.4,58.4,58.6,57.6,57.7,58.02,52.251,52.43,51.535,51.624,51.911,581500.0,33741250000.0,0.0,0.0,-0.7,-0.6263,-1.1986
BVH,2021-12-07,15:12:03,HOSE,STOCK,57.5,61.5,53.5,57.8,58.5,57.5,58.4,58.03,51.714,52.34,51.445,52.251,51.92,665900.0,38641420000.0,0.0,0.0,0.9,0.8052,1.5652
BVH,2021-12-06,15:12:02,HOSE,STOCK,57.8,61.8,53.8,57.8,58.4,55.3,57.5,57.66,51.714,52.251,49.477,51.445,51.589,1623800.0,93623560000.0,0.0,0.0,-0.3,-0.2684,-0.519
BVH,2021-12-03,15:12:06,HOSE,STOCK,60.6,64.8,56.4,61.1,61.1,57.8,57.8,59.43,54.666,54.666,51.714,51.714,53.172,1675000.0,99545630000.0,0.0,0.0,-2.8,-2.5052,-4.6205
BVH,2021-12-02,15:12:03,HOSE,STOCK,61.1,65.3,56.9,61.1,61.5,60.6,60.6,60.96,54.666,55.024,54.219,54.219,54.541,611300.0,37264210000.0,0.0,0.0,-0.5,-0.4474,-0.8183
BVH,2021-12-01,15:12:03,HOSE,STOCK,61.0,65.2,56.8,61.2,61.5,60.2,61.1,60.74,54.756,55.024,53.861,54.666,54.344,1262900.0,76705750000.0,0.0,0.0,0.1,0.0895,0.1639
BVH,2021-11-30,15:11:03,HOSE,STOCK,62.0,66.3,57.7,62.4,62.8,60.5,61.0,61.52,55.829,56.187,54.13,54.577,55.042,1345100.0,82757040000.0,0.0,0.0,-1.0,-0.8947,-1.6129
BVH,2021-11-29,15:11:03,HOSE,STOCK,62.2,66.5,57.9,61.3,62.8,61.0,62.0,61.97,54.845,56.187,54.577,55.472,55.445,938200.0,58142070000.0,0.0,0.0,-0.2,-0.1789,-0.3215
BVH,2021-11-26,15:11:03,HOSE,STOCK,63.1,67.5,58.7,63.5,63.5,61.5,62.2,62.52,56.814,56.814,55.024,55.651,55.937,1086700.0,67945710000.0,0.0,0.0,-0.9,-0.8052,-1.4263
BVH,2021-11-25,15:11:02,HOSE,STOCK,62.8,67.1,58.5,62.9,64.4,62.9,63.1,63.54,56.277,57.619,56.277,56.456,56.849,1301100.0,82666990000.0,0.0,0.0,0.3,0.2684,0.4777
BVH,2021-11-24,15:11:03,HOSE,STOCK,62.4,66.7,58.1,62.5,62.8,61.8,62.8,62.33,55.919,56.187,55.293,56.187,55.767,1037500.0,64663220000.0,0.0,0.0,0.4,0.3579,0.641
BVH,2021-11-23,15:11:04,HOSE,STOCK,60.2,64.4,56.0,59.8,62.4,59.8,62.4,61.28,53.503,55.829,53.503,55.829,54.827,1080800.0,66226580000.0,0.0,0.0,2.2,1.9683,3.6545
BVH,2021-11-22,15:11:04,HOSE,STOCK,61.1,65.3,56.9,60.6,61.5,59.0,60.2,60.67,54.219,55.024,52.787,53.861,54.282,1678800.0,101856840000.0,0.0,0.0,-0.9,-0.8052,-1.473
BVH,2021-11-19,15:11:05,HOSE,STOCK,64.2,68.6,59.8,63.9,64.2,59.8,61.1,62.14,57.172,57.44,53.503,54.666,55.597,3553500.0,220827680000.0,0.0,0.0,-3.1,-2.7736,-4.8287
BVH,2021-11-18,15:11:03,HOSE,STOCK,64.2,68.6,59.8,64.3,64.7,63.5,64.2,64.02,57.529,57.887,56.814,57.44,57.279,1075800.0,68877160000.0,0.0,0.0,0.0,0.0,0.0
BVH,2021-11-17,15:11:04,HOSE,STOCK,64.6,69.1,60.1,65.3,65.5,64.2,64.2,64.7,58.424,58.603,57.44,57.44,57.887,963200.0,62318090000.0,0.0,0.0,-0.4,-0.3579,-0.6192
BVH,2021-11-16,15:11:02,HOSE,STOCK,62.7,67.0,58.4,63.0,66.2,62.8,64.6,64.61,56.366,59.229,56.187,57.798,57.807,2630200.0,169931820000.0,0.0,0.0,1.9,1.6999,3.0303
BVH,2021-11-15,15:11:02,HOSE,STOCK,62.8,67.1,58.5,64.4,64.4,62.5,62.7,63.36,57.619,57.619,55.919,56.098,56.688,1172200.0,74265490000.0,0.0,0.0,-0.1,-0.0895,-0.1592
BVH,2021-11-12,15:11:03,HOSE,STOCK,63.2,67.6,58.8,63.0,63.4,62.2,62.8,62.81,56.366,56.724,55.651,56.187,56.196,1434700.0,90107030000.0,0.0,0.0,-0.4,-0.3579,-0.6329
BVH,2021-11-11,15:11:04,HOSE,STOCK,64.5,69.0,60.0,64.3,64.5,62.6,63.2,63.54,57.529,57.708,56.008,56.545,56.849,1274000.0,80949800000.0,0.0,0.0,-1.3,-1.1631,-2.0155
BVH,2021-11-10,15:11:02,HOSE,STOCK,64.8,69.3,60.3,64.7,65.1,63.8,64.5,64.5,57.887,58.245,57.082,57.708,57.708,1093400.0,70527190000.0,0.0,0.0,-0.3,-0.2684,-0.463
BVH,2021-11-09,15:11:05,HOSE,STOCK,63.5,67.9,59.1,63.6,66.2,63.6,64.8,65.17,56.903,59.229,56.903,57.977,58.308,2081700.0,135664100000.0,0.0,0.0,1.3,1.1631,2.0472
BVH,2021-11-08,15:11:03,HOSE,STOCK,63.2,67.5,58.7,64.0,64.3,63.1,63.5,63.64,57.261,57.529,56.456,56.814,56.939,868700.0,55286320000.0,0.0,0.0,0.3,0.2684,0.4747
BVH,2021-11-05,15:11:11,HOSE,STOCK,63.5,67.9,59.1,63.7,64.5,63.5,64.0,63.88,56.195,56.9,56.018,56.459,56.353,993300.0,63447700000.0,0.0,0.0,0.5,0.4411,0.7874
BVH,2021-11-04,15:11:03,HOSE,STOCK,63.5,67.9,59.1,64.0,64.7,63.5,63.5,64.01,56.459,57.077,56.018,56.018,56.468,992700.0,63539060000.0,0.0,0.0,0.0,0.0,0.0
BVH,2021-11-03,15:11:01,HOSE,STOCK,64.8,69.3,60.3,64.8,65.4,63.5,63.5,64.23,57.165,57.694,56.018,56.018,56.662,1823100.0,117093350000.0,0.0,0.0,-1.3,-1.1468,-2.0062
BVH,2021-11-02,15:11:03,HOSE,STOCK,64.1,68.5,59.7,64.1,64.8,63.8,64.8,64.16,56.548,57.165,56.283,57.165,56.6,1515700.0,97254800000.0,0.0,0.0,0.7,0.6175,1.092
BVH,2021-11-01,15:11:03,HOSE,STOCK,64.7,69.2,60.2,64.7,65.8,64.0,64.1,64.91,57.077,58.047,56.459,56.548,57.262,1777400.0,115379220000.0,0.0,0.0,-0.6,-0.5293,-0.9274
BVH,2021-10-29,15:10:03,HOSE,STOCK,65.6,70.1,61.1,65.9,66.0,64.6,64.7,65.12,58.135,58.224,56.989,57.077,57.447,1712800.0,111535590000.0,0.0,0.0,-0.9,-0.794,-1.372
BVH,2021-10-28,15:10:03,HOSE,STOCK,64.9,69.4,60.4,64.9,66.1,64.0,65.6,65.29,57.253,58.312,56.459,57.871,57.597,2031200.0,132621930000.0,0.0,0.0,0.7,0.6175,1.0786
BVH,2021-10-27,15:10:03,HOSE,STOCK,64.3,68.8,59.8,64.3,65.6,63.9,64.9,64.74,56.724,57.871,56.371,57.253,57.112,1389800.0,89972570000.0,0.0,0.0,0.6,0.5293,0.9331
BVH,2021-10-26,15:10:02,HOSE,STOCK,64.5,69.0,60.0,65.4,66.5,64.0,64.3,65.13,57.694,58.665,56.459,56.724,57.456,2025500.0,131924000000.0,0.0,0.0,-0.2,-0.1764,-0.3101
BVH,2021-10-25,15:10:02,HOSE,STOCK,60.3,64.5,56.1,62.2,64.5,62.0,64.5,63.74,54.871,56.9,54.695,56.9,56.23,4464000.0,284516450000.0,0.0,0.0,4.2,3.7051,6.9652
BVH,2021-10-22,15:10:02,HOSE,STOCK,60.0,64.2,55.8,60.0,60.8,59.7,60.3,60.24,52.931,53.636,52.666,53.195,53.142,921200.0,55495420000.0,0.0,0.0,0.3,0.2647,0.5
BVH,2021-10-21,15:10:03,HOSE,STOCK,60.5,64.7,56.3,60.5,60.9,59.7,60.0,60.09,53.372,53.725,52.666,52.931,53.01,746000.0,44824980000.0,0.0,0.0,-0.5,-0.4411,-0.8264
BVH,2021-10-20,15:10:02,HOSE,STOCK,61.4,65.6,57.2,61.4,61.8,59.7,60.5,60.77,54.166,54.519,52.666,53.372,53.61,1080800.0,65681860000.0,0.0,0.0,-0.9,-0.794,-1.4658
BVH,2021-10-19,15:10:03,HOSE,STOCK,59.6,63.7,55.5,60.0,61.7,59.2,61.4,60.95,52.931,54.43,52.225,54.166,53.769,2026200.0,123490430000.0,0.0,0.0,1.8,1.5879,3.0201
BVH,2021-10-18,15:10:02,HOSE,STOCK,59.8,63.9,55.7,59.7,60.8,59.0,59.6,59.76,52.666,53.636,52.048,52.578,52.719,1436700.0,85854530000.0,0.0,0.0,-0.2,-0.1764,-0.3344
BVH,2021-10-15,15:10:03,HOSE,STOCK,59.9,64.0,55.8,60.1,60.5,59.5,59.8,59.94,53.019,53.372,52.49,52.754,52.878,1329600.0,79693400000.0,0.0,0.0,-0.1,-0.0882,-0.1669
BVH,2021-10-14,15:10:02,HOSE,STOCK,60.0,64.2,55.8,60.1,60.7,59.9,59.9,60.23,53.019,53.548,52.842,52.842,53.134,1616100.0,97342510000.0,0.0,0.0,-0.1,-0.0882,-0.1667
BVH,2021-10-13,15:10:02,HOSE,STOCK,61.9,66.2,57.6,61.6,61.9,60.0,60.0,60.85,54.342,54.607,52.931,52.931,53.68,1563600.0,95148390000.0,0.0,0.0,-1.9,-1.6761,-3.0695
BVH,2021-10-12,15:10:02,HOSE,STOCK,62.0,66.3,57.7,62.2,62.4,60.8,61.9,61.43,54.871,55.048,53.636,54.607,54.192,1317300.0,80925650000.0,0.0,0.0,-0.1,-0.0882,-0.1613
BVH,2021-10-11,15:10:02,HOSE,STOCK,61.2,65.4,57.0,61.5,62.0,60.5,62.0,61.39,54.254,54.695,53.372,54.695,54.157,1537400.0,94384870000.0,0.0,0.0,0.8,0.7057,1.3072
BVH,2021-10-08,15:10:03,HOSE,STOCK,61.9,66.2,57.6,62.0,62.8,60.8,61.2,61.53,54.695,55.401,53.636,53.989,54.28,1688100.0,103869980000.0,0.0,0.0,-0.7,-0.6175,-1.1309
BVH,2021-10-07,15:10:02,HOSE,STOCK,61.0,65.2,56.8,60.6,62.5,60.6,61.9,61.54,53.46,55.136,53.46,54.607,54.289,2304900.0,141834670000.0,0.0,0.0,0.9,0.794,1.4754
BVH,2021-10-06,15:10:03,HOSE,STOCK,59.9,64.0,55.8,60.1,61.5,60.0,61.0,60.88,53.019,54.254,52.931,53.813,53.707,1659500.0,101027660000.0,0.0,0.0,1.1,0.9704,1.8364
BVH,2021-10-05,15:10:02,HOSE,STOCK,59.5,63.6,55.4,59.7,60.4,59.4,59.9,59.89,52.666,53.283,52.401,52.842,52.834,1146900.0,68682360000.0,0.0,0.0,0.4,0.3529,0.6723
BVH,2021-10-04,15:10:01,HOSE,STOCK,57.9,61.9,53.9,58.0,60.6,58.0,59.5,59.51,51.166,53.46,51.166,52.49,52.498,3168000.0,188527850000.0,0.0,0.0,1.6,1.4115,2.7634
BVH,2021-10-01,15:10:02,HOSE,STOCK,58.4,62.4,54.4,58.0,58.5,57.4,57.9,58.09,51.166,51.607,50.637,51.078,51.246,1245400.0,72339480000.0,0.0,0.0,-0.5,-0.4411,-0.8562
BVH,2021-09-30,15:09:01,HOSE,STOCK,58.0,62.0,54.0,58.7,59.5,58.4,58.4,58.94,51.784,52.49,51.519,51.519,51.996,1585700.0,93460330000.0,0.0,0.0,0.4,0.3529,0.6897
BVH,2021-09-29,15:09:01,HOSE,STOCK,58.7,62.8,54.6,58.4,59.0,57.6,58.0,58.23,51.519,52.048,50.813,51.166,51.369,1067500.0,62159830000.0,0.0,0.0,-0.7,-0.6175,-1.1925
BVH,2021-09-28,15:09:02,HOSE,STOCK,56.5,60.4,52.6,56.5,58.9,55.7,58.7,57.42,49.843,51.96,49.137,51.784,50.655,1677700.0,96331550000.0,0.0,0.0,2.2,1.9408,3.8938
BVH,2021-09-27,15:09:03,HOSE,STOCK,58.8,62.9,54.7,58.1,58.8,56.5,56.5,57.43,51.254,51.872,49.843,49.843,50.663,2063500.0,118516620000.0,0.0,0.0,-2.3,-2.029,-3.9116
BVH,2021-09-24,15:09:03,HOSE,STOCK,57.8,61.8,53.8,58.0,59.4,57.6,58.8,58.55,51.166,52.401,50.813,51.872,51.651,1588700.0,93026250000.0,0.0,0.0,1.0,0.8822,1.7301
BVH,2021-09-23,15:09:03,HOSE,STOCK,59.0,63.1,54.9,59.5,59.5,57.7,57.8,58.31,52.49,52.49,50.902,50.99,51.44,1954900.0,113986680000.0,0.0,0.0,-1.2,-1.0586,-2.0339
BVH,2021-09-22,15:09:02,HOSE,STOCK,55.7,59.5,51.9,56.0,59.1,56.0,59.0,57.96,49.402,52.137,49.402,52.048,51.131,4575300.0,265201060000.0,0.0,0.0,3.3,2.9112,5.9246
BVH,2021-09-21,15:09:02,HOSE,STOCK,53.9,57.6,50.2,53.2,55.8,53.2,55.7,54.69,46.932,49.225,46.932,49.137,48.246,1973900.0,107947680000.0,0.0,0.0,1.8,1.5879,3.3395
BVH,2021-09-20,15:09:02,HOSE,STOCK,53.6,57.3,49.85,54.5,54.7,53.6,53.9,54.23,48.079,48.255,47.285,47.549,47.84,898700.0,48739290000.0,0.0,0.0,0.3,0.2647,0.5597
BVH,2021-09-17,15:09:02,HOSE,STOCK,54.5,58.3,50.7,54.1,55.7,53.6,53.6,54.03,47.726,49.137,47.285,47.285,47.664,2249200.0,121520150000.0,0.0,0.0,-0.9,-0.794,-1.6514
BVH,2021-09-16,15:09:02,HOSE,STOCK,54.1,57.8,50.4,54.2,54.9,54.0,54.5,54.27,47.814,48.432,47.638,48.079,47.876,499100.0,27086850000.0,0.0,0.0,0.4,0.3529,0.7394
BVH,2021-09-15,15:09:03,HOSE,STOCK,54.0,57.7,50.3,54.0,54.1,53.0,54.1,53.66,47.638,47.726,46.755,47.726,47.338,829000.0,44481150000.0,0.0,0.0,0.1,0.0882,0.1852
BVH,2021-09-14,15:09:01,HOSE,STOCK,54.6,58.4,50.8,54.6,55.0,53.8,54.0,54.31,48.167,48.52,47.461,47.638,47.911,755300.0,41016730000.0,0.0,0.0,-0.6,-0.5293,-1.0989
BVH,2021-09-13,15:09:02,HOSE,STOCK,56.0,59.9,52.1,56.0,56.0,54.6,54.6,55.0,49.402,49.402,48.167,48.167,48.52,950400.0,52269370000.0,0.0,0.0,-1.4,-1.2351,-2.5
BVH,2021-09-10,15:09:03,HOSE,STOCK,54.9,58.7,51.1,54.9,56.2,54.5,56.0,55.56,48.432,49.578,48.079,49.402,49.014,921400.0,51192680000.0,0.0,0.0,1.1,0.9704,2.0036
BVH,2021-09-09,15:09:02,HOSE,STOCK,54.2,57.9,50.5,54.5,55.4,54.0,54.9,54.77,48.079,48.873,47.638,48.432,48.317,586800.0,32140970000.0,0.0,0.0,0.7,0.6175,1.2915
BVH,2021-09-08,15:09:03,HOSE,STOCK,55.3,59.1,51.5,55.3,55.4,54.0,54.2,54.73,48.784,48.873,47.638,47.814,48.282,1200700.0,65708900000.0,0.0,0.0,-1.1,-0.9704,-1.9892
BVH,2021-09-07,15:09:05,HOSE,STOCK,56.4,60.3,52.5,56.1,56.5,55.1,55.3,55.74,49.49,49.843,48.608,48.784,49.173,1459500.0,81359710000.0,0.0,0.0,-1.1,-0.9704,-1.9504
BVH,2021-09-06,15:09:02,HOSE,STOCK,56.8,60.7,52.9,56.9,57.2,56.3,56.4,56.64,50.196,50.461,49.667,49.755,49.967,845100.0,47862530000.0,0.0,0.0,-0.4,-0.3529,-0.7042
BVH,2021-09-01,15:09:03,HOSE,STOCK,57.0,60.9,53.1,57.3,57.3,56.5,56.8,56.94,50.549,50.549,49.843,50.108,50.231,1249800.0,71163160000.0,0.0,0.0,-0.2,-0.1764,-0.3509
BVH,2021-08-31,15:08:02,HOSE,STOCK,55.0,58.8,51.2,56.0,57.5,55.9,57.0,56.87,49.402,50.725,49.314,50.284,50.169,2580900.0,146777690000.0,0.0,0.0,2.0,1.7644,3.6364
BVH,2021-08-30,15:08:04,HOSE,STOCK,53.4,57.1,49.7,53.6,55.0,53.6,55.0,54.62,47.285,48.52,47.285,48.52,48.185,1461400.0,79825650000.0,0.0,0.0,1.6,1.4115,2.9963
BVH,2021-08-27,15:08:03,HOSE,STOCK,52.6,56.2,48.95,52.1,53.6,52.0,53.4,52.95,45.961,47.285,45.873,47.108,46.711,656900.0,34781470000.0,0.0,0.0,0.8,0.7057,1.5209
BVH,2021-08-26,15:08:03,HOSE,STOCK,52.7,56.3,49.05,52.9,53.8,52.5,52.6,53.07,46.667,47.461,46.314,46.403,46.817,591400.0,31385110000.0,0.0,0.0,-0.1,-0.0882,-0.1898
BVH,2021-08-25,15:08:03,HOSE,STOCK,52.6,56.2,48.95,52.6,53.0,52.1,52.7,52.41,46.403,46.755,45.961,46.491,46.235,336100.0,17615290000.0,0.0,0.0,0.1,0.0882,0.1901
BVH,2021-08-24,15:08:02,HOSE,STOCK,52.0,55.6,48.4,52.0,52.6,51.6,52.6,52.0,45.873,46.403,45.52,46.403,45.873,765100.0,39786150000.0,0.0,0.0,0.6,0.5293,1.1538
BVH,2021-08-23,15:08:03,HOSE,STOCK,53.4,57.1,49.7,53.2,53.2,52.0,52.0,52.5,46.932,46.932,45.873,45.873,46.314,1178300.0,61860310000.0,0.0,0.0,-1.4,-1.235,-2.6217
BVH,2021-08-20,15:08:01,HOSE,STOCK,55.0,58.8,51.2,55.0,55.3,51.9,53.4,54.04,48.52,48.784,45.785,47.108,47.673,1584200.0,85605000000.0,0.0,0.0,-1.6,-1.4115,-2.9091
BVH,2021-08-19,15:08:01,HOSE,STOCK,54.7,58.5,50.9,54.9,55.2,54.5,55.0,54.85,48.432,48.696,48.079,48.52,48.387,779400.0,42751820000.0,0.0,0.0,0.3,0.2647,0.5484
BVH,2021-08-18,15:08:01,HOSE,STOCK,53.6,57.3,49.85,54.0,55.3,53.9,54.7,54.91,47.638,48.784,47.549,48.255,48.44,1304200.0,71607830000.0,0.0,0.0,1.1,0.9704,2.0522
BVH,2021-08-17,15:08:02,HOSE,STOCK,54.2,57.9,50.5,54.2,54.3,53.6,53.6,53.89,47.814,47.902,47.285,47.285,47.541,884100.0,47644710000.0,0.0,0.0,-0.6,-0.5293,-1.107
BVH,2021-08-16,15:08:01,HOSE,STOCK,54.4,58.2,50.6,54.5,54.9,53.9,54.2,54.31,48.079,48.432,47.549,47.814,47.911,1051700.0,57121150000.0,0.0,0.0,-0.2,-0.1764,-0.3676
BVH,2021-08-13,15:08:01,HOSE,STOCK,55.3,59.1,51.5,55.2,55.2,53.9,54.4,54.56,48.696,48.696,47.549,47.99,48.132,828900.0,45226950000.0,0.0,0.0,-0.9,-0.794,-1.6275
BVH,2021-08-12,15:08:02,HOSE,STOCK,54.2,57.9,50.5,54.2,55.5,54.2,55.3,55.03,47.814,48.961,47.814,48.784,48.546,1430300.0,78708040000.0,0.0,0.0,1.1,0.9704,2.0295
BVH,2021-08-11,15:08:02,HOSE,STOCK,53.4,57.1,49.7,53.6,54.8,53.4,54.2,54.2,47.285,48.343,47.108,47.814,47.814,1348500.0,73093720000.0,0.0,0.0,0.8,0.7057,1.4981
BVH,2021-08-10,15:08:03,HOSE,STOCK,53.9,57.6,50.2,54.0,54.4,53.2,53.4,53.73,47.638,47.99,46.932,47.108,47.399,694400.0,37306650000.0,0.0,0.0,-0.5,-0.4411,-0.9276
BVH,2021-08-09,15:08:02,HOSE,STOCK,53.8,57.5,50.1,53.2,54.2,53.1,53.9,53.69,46.932,47.814,46.844,47.549,47.364,736800.0,39561310000.0,0.0,0.0,0.1,0.0882,0.1859
BVH,2021-08-06,15:08:04,HOSE,STOCK,53.6,57.3,49.85,53.5,54.0,52.7,53.8,53.21,47.196,47.638,46.491,47.461,46.941,1125800.0,59899920000.0,0.0,0.0,0.2,0.1764,0.3731
BVH,2021-08-05,15:08:05,HOSE,STOCK,53.8,57.5,50.1,53.4,53.7,53.1,53.6,53.44,47.108,47.373,46.844,47.285,47.144,659800.0,35262810000.0,0.0,0.0,-0.2,-0.1764,-0.3717
BVH,2021-08-04,15:08:03,HOSE,STOCK,52.7,56.3,49.05,53.0,54.0,52.7,53.8,53.46,46.755,47.638,46.491,47.461,47.161,1162100.0,62130910000.0,0.0,0.0,1.1,0.9704,2.0873
BVH,2021-08-03,15:08:02,HOSE,STOCK,52.3,55.9,48.65,52.6,53.5,52.5,52.7,52.89,46.403,47.196,46.314,46.491,46.658,711900.0,37653280000.0,0.0,0.0,0.4,0.3529,0.7648
BVH,2021-08-02,15:08:02,HOSE,STOCK,51.1,54.6,47.55,51.7,52.9,51.2,52.3,52.37,45.609,46.667,45.167,46.138,46.2,981300.0,51393710000.0,0.0,0.0,1.2,1.0586,2.3483
BVH,2021-07-30,15:07:01,HOSE,STOCK,50.4,53.9,46.9,50.4,51.5,50.4,51.1,50.9,44.462,45.432,44.462,45.079,44.903,960300.0,48882040000.0,0.0,0.0,0.7,0.6175,1.3889
BVH,2021-07-29,15:07:03,HOSE,STOCK,50.2,53.7,46.7,50.5,50.7,50.2,50.4,50.423,44.55,44.726,44.285,44.462,44.482,427200.0,21540560000.0,0.0,0.0,0.2,0.1764,0.3984
BVH,2021-07-28,15:07:03,HOSE,STOCK,50.5,54.0,47.0,50.0,51.0,50.0,50.2,50.32,44.109,44.991,44.109,44.285,44.391,320800.0,16143420000.0,0.0,0.0,-0.3,-0.2647,-0.5941
BVH,2021-07-27,15:07:02,HOSE,STOCK,50.6,54.1,47.1,51.3,51.4,50.3,50.5,50.81,45.256,45.344,44.374,44.55,44.823,656700.0,33366670000.0,0.0,0.0,-0.1,-0.0882,-0.1976
BVH,2021-07-26,15:07:03,HOSE,STOCK,50.4,53.9,46.9,49.6,50.9,49.5,50.6,50.084,43.756,44.903,43.668,44.638,44.183,488800.0,24481175000.0,0.0,0.0,0.2,0.1764,0.3968
BVH,2021-07-23,15:07:02,HOSE,STOCK,50.8,54.3,47.25,50.6,51.5,50.4,50.4,50.73,44.638,45.432,44.462,44.462,44.753,1060900.0,53816990000.0,0.0,0.0,-0.4,-0.3529,-0.7874
BVH,2021-07-22,15:07:02,HOSE,STOCK,49.5,52.9,46.05,49.6,51.0,49.4,50.8,50.51,43.756,44.991,43.58,44.815,44.559,621400.0,31384735000.0,0.0,0.0,1.3,1.1468,2.6263
BVH,2021-07-21,15:07:01,HOSE,STOCK,49.9,53.3,46.45,49.9,50.0,49.25,49.5,49.54,44.021,44.109,43.447,43.668,43.703,372300.0,18444740000.0,0.0,0.0,-0.4,-0.3529,-0.8016
BVH,2021-07-20,15:07:02,HOSE,STOCK,48.0,51.3,44.65,48.0,49.9,47.0,49.9,48.326,42.344,44.021,41.462,44.021,42.632,803900.0,38849220000.0,0.0,0.0,1.9,1.6762,3.9583
BVH,2021-07-19,15:07:02,HOSE,STOCK,51.0,54.5,47.45,49.9,50.3,48.0,48.0,48.98,44.021,44.374,42.344,42.344,43.209,1039700.0,50919535000.0,0.0,0.0,-3.0,-2.6465,-5.8824
BVH,2021-07-16,15:07:02,HOSE,STOCK,50.5,54.0,47.0,51.0,51.9,50.7,51.0,51.17,44.991,45.785,44.726,44.991,45.141,1521200.0,77846320000.0,0.0,0.0,0.5,0.4411,0.9901
BVH,2021-07-15,15:07:01,HOSE,STOCK,50.0,53.5,46.5,49.5,50.5,49.5,50.5,49.99,43.668,44.55,43.668,44.55,44.1,886900.0,44335380000.0,0.0,0.0,0.5,0.4411,1.0
BVH,2021-07-14,15:07:02,HOSE,STOCK,50.7,54.2,47.2,50.8,51.2,49.0,50.0,50.01,44.815,45.167,43.227,44.109,44.118,793300.0,39675320000.0,0.0,0.0,-0.7,-0.6175,-1.3807
BVH,2021-07-13,15:07:02,HOSE,STOCK,50.3,53.8,46.8,50.8,51.4,49.5,50.7,50.43,44.815,45.344,43.668,44.726,44.488,914200.0,46106835000.0,0.0,0.0,0.4,0.3529,0.7952
BVH,2021-07-12,15:07:01,HOSE,STOCK,53.1,56.8,49.4,52.3,53.0,49.4,50.3,50.48,46.138,46.755,43.58,44.374,44.532,1807900.0,91271735000.0,0.0,0.0,-2.8,-2.4701,-5.2731
BVH,2021-07-09,15:07:02,HOSE,STOCK,54.9,58.7,51.1,54.8,55.4,53.1,53.1,54.16,48.343,48.873,46.844,46.844,47.779,1000800.0,54208300000.0,0.0,0.0,-1.8,-1.5879,-3.2787
BVH,2021-07-08,15:07:02,HOSE,STOCK,54.5,58.3,50.7,54.6,56.3,54.4,54.9,54.97,48.167,49.667,47.99,48.432,48.493,1036200.0,56961630000.0,0.0,0.0,0.4,0.3529,0.7339
BVH,2021-07-07,15:07:01,HOSE,STOCK,55.9,59.8,52.0,55.9,55.9,53.7,54.5,54.32,49.314,49.314,47.373,48.079,47.92,2063400.0,112077780000.0,0.0,0.0,-1.4,-1.2351,-2.5045
BVH,2021-07-06,15:07:02,HOSE,STOCK,58.3,62.3,54.3,58.1,58.8,55.9,55.9,56.86,51.254,51.872,49.314,49.314,50.161,2888400.0,164233460000.0,0.0,0.0,-2.4,-2.1172,-4.1166
BVH,2021-07-05,15:07:01,HOSE,STOCK,59.1,63.2,55.0,59.1,59.1,57.7,58.3,58.24,52.137,52.137,50.902,51.431,51.378,1030100.0,59998090000.0,0.0,0.0,-0.8,-0.7057,-1.3536
BVH,2021-07-02,15:07:02,HOSE,STOCK,59.0,63.1,54.9,59.5,59.9,58.6,59.1,59.07,52.49,52.842,51.696,52.137,52.11,959500.0,56675650000.0,0.0,0.0,0.1,0.0882,0.1695
BVH,2021-07-01,15:07:01,HOSE,STOCK,58.4,62.4,54.4,58.9,59.3,58.0,59.0,58.64,51.96,52.313,51.166,52.048,51.731,1073300.0,62934190000.0,0.0,0.0,0.6,0.5293,1.0274
BVH,2021-06-30,15:06:02,HOSE,STOCK,59.1,63.2,55.0,59.1,59.4,58.4,58.4,58.67,52.137,52.401,51.519,51.519,51.757,804400.0,47195290000.0,0.0,0.0,-0.7,-0.6175,-1.1844
BVH,2021-06-29,15:06:01,HOSE,STOCK,60.0,64.2,55.8,60.0,60.2,58.9,59.1,59.51,52.931,53.107,51.96,52.137,52.498,930900.0,55402060000.0,0.0,0.0,-0.9,-0.794,-1.5
BVH,2021-06-28,15:06:02,HOSE,STOCK,58.3,62.3,54.3,59.0,60.3,58.4,60.0,59.4,52.048,53.195,51.519,52.931,52.401,1030400.0,61206220000.0,0.0,0.0,1.7,1.4997,2.916
BVH,2021-06-25,15:06:02,HOSE,STOCK,58.0,62.0,54.0,58.0,58.5,57.1,58.3,57.88,51.166,51.607,50.372,51.431,51.06,1040900.0,60250350000.0,0.0,0.0,0.3,0.2647,0.5172
BVH,2021-06-24,15:06:02,HOSE,STOCK,58.8,62.9,54.7,58.5,59.8,57.9,58.0,58.21,51.607,52.754,51.078,51.166,51.352,1278900.0,74446720000.0,0.0,0.0,-0.8,-0.7057,-1.3605
BVH,2021-06-23,15:06:02,HOSE,STOCK,59.9,64.0,55.8,60.5,60.5,58.0,58.8,58.95,53.372,53.372,51.166,51.872,52.004,1583600.0,93354170000.0,0.0,0.0,-1.1,-0.9704,-1.8364
BVH,2021-06-22,15:06:01,HOSE,STOCK,59.7,63.8,55.6,60.5,61.0,59.8,59.9,60.42,53.372,53.813,52.754,52.842,53.301,1477500.0,89277480000.0,0.0,0.0,0.2,0.1764,0.335
BVH,2021-06-21,15:06:02,HOSE,STOCK,61.0,65.2,56.8,61.0,61.0,59.2,59.7,60.13,53.813,53.813,52.225,52.666,53.045,1610800.0,96853600000.0,0.0,0.0,-1.3,-1.1468,-2.1311
BVH,2021-06-18,15:06:02,HOSE,STOCK,62.0,66.3,57.7,62.0,62.3,61.0,61.0,61.76,54.695,54.96,53.813,53.813,54.483,1363900.0,84233770000.0,0.0,0.0,-1.0,-0.8822,-1.6129
BVH,2021-06-17,15:06:01,HOSE,STOCK,60.3,64.5,56.1,59.3,62.0,59.1,62.0,60.42,52.313,54.695,52.137,54.695,53.301,1926300.0,116390350000.0,0.0,0.0,1.7,1.4997,2.8192
BVH,2021-06-16,15:06:03,HOSE,STOCK,61.2,65.4,57.0,61.0,61.5,60.0,60.3,60.85,53.813,54.254,52.931,53.195,53.68,1462800.0,89007650000.0,0.0,0.0,-0.9,-0.794,-1.4706
BVH,2021-06-15,15:06:02,HOSE,STOCK,60.0,64.2,55.8,60.0,61.5,59.7,61.2,60.55,52.931,54.254,52.666,53.989,53.416,2252500.0,136384100000.0,0.0,0.0,1.2,1.0586,2.0
BVH,2021-06-14,15:06:03,HOSE,STOCK,57.3,61.3,53.3,58.5,60.7,58.0,60.0,59.68,51.607,53.548,51.166,52.931,52.648,3394700.0,202588410000.0,0.0,0.0,2.7,2.3819,4.712
BVH,2021-06-11,15:06:02,HOSE,STOCK,55.5,59.3,51.7,56.0,57.6,55.9,57.3,57.06,49.402,50.813,49.314,50.549,50.337,1430200.0,81605310000.0,0.0,0.0,1.8,1.5879,3.2432
BVH,2021-06-10,15:06:03,HOSE,STOCK,56.4,60.3,52.5,56.4,56.4,55.2,55.5,55.74,49.755,49.755,48.696,48.961,49.173,1007100.0,56134820000.0,0.0,0.0,-0.9,-0.794,-1.5957
BVH,2021-06-09,15:06:02,HOSE,STOCK,57.0,60.9,53.1,56.6,56.7,55.0,56.4,55.82,49.931,50.019,48.52,49.755,49.243,1088500.0,60761580000.0,0.0,0.0,-0.6,-0.5293,-1.0526
BVH,2021-06-08,15:06:01,HOSE,STOCK,58.5,62.5,54.5,58.5,59.5,56.3,57.0,58.3,51.607,52.49,49.667,50.284,51.431,1326600.0,77334290000.0,0.0,0.0,-1.5,-1.3233,-2.5641
BVH,2021-06-07,15:06:03,HOSE,STOCK,57.1,61.0,53.2,57.5,59.5,57.2,58.5,58.43,50.725,52.49,50.461,51.607,51.546,2320700.0,135597480000.0,0.0,0.0,1.4,1.235,2.4518
BVH,2021-06-04,15:06:02,HOSE,STOCK,57.1,61.0,53.2,55.0,57.5,55.0,57.1,56.68,48.52,50.725,48.52,50.372,50.002,2013000.0,114102860000.0,0.0,0.0,0.0,0.0,0.0
BVH,2021-06-03,15:06:01,HOSE,STOCK,53.6,57.3,49.85,54.0,55.5,53.8,54.9,54.62,47.638,48.961,47.461,48.432,48.185,823800.0,44992080000.0,0.0,0.0,1.3,1.1468,2.4254
BVH,2021-06-02,15:06:04,HOSE,STOCK,53.6,57.3,49.85,53.6,53.7,53.1,53.6,53.39,47.285,47.373,46.844,47.285,47.099,658100.0,35138990000.0,0.0,0.0,0.0,0.0,0.0
BVH,2021-06-01,15:06:03,HOSE,STOCK,54.1,57.8,50.4,54.1,54.5,53.4,53.6,53.86,47.726,48.079,47.108,47.285,47.514,680900.0,36675970000.0,0.0,0.0,-0.5,-0.4411,-0.9242
BVH,2021-05-31,15:05:01,HOSE,STOCK,55.5,59.3,51.7,55.0,55.4,54.0,54.1,54.3,48.52,48.873,47.638,47.726,47.902,653800.0,35498740000.0,0.0,0.0,-1.4,-1.2351,-2.5225
BVH,2021-05-28,15:05:02,HOSE,STOCK,56.1,60.0,52.2,56.1,56.1,55.2,55.5,55.62,49.49,49.49,48.696,48.961,49.067,499300.0,27768870000.0,0.0,0.0,-0.6,-0.5293,-1.0695
BVH,2021-05-27,15:05:02,HOSE,STOCK,55.5,59.3,51.7,55.4,56.8,51.7,56.1,55.52,48.873,50.108,45.609,49.49,48.978,1109600.0,61600050000.0,0.0,0.0,0.6,0.5293,1.0811
BVH,2021-05-26,15:05:02,HOSE,STOCK,55.2,59.0,51.4,55.3,56.2,55.2,55.5,55.66,48.784,49.578,48.696,48.961,49.102,925900.0,51538150000.0,0.0,0.0,0.3,0.2647,0.5435
BVH,2021-05-25,15:05:03,HOSE,STOCK,54.3,58.1,50.5,54.3,55.8,54.2,55.2,55.1,47.902,49.225,47.814,48.696,48.608,939400.0,51760300000.0,0.0,0.0,0.9,0.794,1.6575
BVH,2021-05-24,15:05:02,HOSE,STOCK,53.3,57.0,49.6,54.7,54.8,54.0,54.3,54.36,48.255,48.343,47.638,47.902,47.955,461100.0,25064160000.0,0.0,0.0,1.0,0.8822,1.8762
BVH,2021-05-21,15:05:02,HOSE,STOCK,52.8,56.4,49.15,52.7,54.9,52.1,53.3,53.57,46.491,48.432,45.961,47.02,47.258,826800.0,44289580000.0,0.0,0.0,0.5,0.4411,0.947
BVH,2021-05-20,15:05:02,HOSE,STOCK,53.2,56.9,49.5,53.2,53.4,52.0,52.8,52.55,46.932,47.108,45.873,46.579,46.358,1023200.0,53767710000.0,0.0,0.0,-0.4,-0.3529,-0.7519
BVH,2021-05-19,15:05:03,HOSE,STOCK,54.0,57.7,50.3,54.0,54.0,53.2,53.2,53.49,47.638,47.638,46.932,46.932,47.188,596100.0,31887250000.0,0.0,0.0,-0.8,-0.7057,-1.4815
BVH,2021-05-18,15:05:03,HOSE,STOCK,54.6,58.4,50.8,54.6,54.8,53.8,54.0,54.12,48.167,48.343,47.461,47.638,47.743,663200.0,35894840000.0,0.0,0.0,-0.6,-0.5293,-1.0989
BVH,2021-05-17,15:05:03,HOSE,STOCK,55.8,59.7,51.9,55.8,56.0,54.4,54.6,54.91,49.225,49.402,47.99,48.167,48.44,661300.0,36313110000.0,0.0,0.0,-1.2,-1.0586,-2.1505
BVH,2021-05-14,15:05:02,HOSE,STOCK,55.6,59.4,51.8,55.9,56.4,55.4,55.8,55.93,49.314,49.755,48.873,49.225,49.34,947900.0,53015660000.0,0.0,0.0,0.2,0.1764,0.3597
BVH,2021-05-13,15:05:02,HOSE,STOCK,56.8,60.7,52.9,56.0,56.5,55.4,55.6,55.9,49.402,49.843,48.873,49.049,49.314,828000.0,46282100000.0,0.0,0.0,-1.2,-1.0586,-2.1127
BVH,2021-05-12,15:05:02,HOSE,STOCK,56.0,59.9,52.1,55.9,56.9,55.5,56.8,55.98,49.314,50.196,48.961,50.108,49.384,915400.0,51246920000.0,0.0,0.0,0.8,0.7057,1.4286
BVH,2021-05-11,15:05:02,HOSE,STOCK,56.1,60.0,52.2,56.6,57.1,55.6,56.0,56.5,49.931,50.372,49.049,49.402,49.843,1034700.0,58463230000.0,0.0,0.0,-0.1,-0.0882,-0.1783
BVH,2021-05-10,15:05:02,HOSE,STOCK,54.2,57.9,50.5,54.0,56.3,52.8,56.1,54.48,47.638,49.667,46.579,49.49,48.061,1265100.0,68917470000.0,0.0,0.0,1.9,1.6761,3.5055
BVH,2021-05-07,15:05:03,HOSE,STOCK,56.0,59.9,52.1,55.7,56.0,54.1,54.2,54.79,49.137,49.402,47.726,47.814,48.334,1177400.0,64513540000.0,0.0,0.0,-1.8,-1.5879,-3.2143
BVH,2021-05-06,15:05:02,HOSE,STOCK,56.3,60.2,52.4,56.3,57.5,55.6,56.0,56.34,49.667,50.725,49.049,49.402,49.702,719300.0,40523580000.0,0.0,0.0,-0.3,-0.2647,-0.5329
BVH,2021-05-05,15:05:02,HOSE,STOCK,55.6,59.4,51.8,56.0,57.0,55.7,56.3,56.37,49.402,50.284,49.137,49.667,49.728,824900.0,46497000000.0,0.0,0.0,0.7,0.6175,1.259
BVH,2021-05-04,15:05:02,HOSE,STOCK,57.3,61.3,53.3,56.0,56.3,55.1,55.6,55.82,49.402,49.667,48.608,49.049,49.243,1157300.0,64596220000.0,0.0,0.0,-1.7,-1.4997,-2.9668
BVH,2021-04-29,15:04:05,HOSE,STOCK,57.4,61.4,53.4,57.4,57.9,56.9,57.3,57.28,50.637,51.078,50.196,50.549,50.531,393800.0,22555840000.0,0.0,0.0,-0.1,-0.0882,-0.1742
BVH,2021-04-28,15:04:02,HOSE,STOCK,56.9,60.8,53.0,57.1,57.4,56.6,57.4,56.96,50.372,50.637,49.931,50.637,50.249,553200.0,31510830000.0,0.0,0.0,0.5,0.4411,0.8787
BVH,2021-04-27,15:04:02,HOSE,STOCK,57.4,61.4,53.4,57.4,57.5,56.5,56.9,57.02,50.637,50.725,49.843,50.196,50.302,590900.0,33693800000.0,0.0,0.0,-0.5,-0.4411,-0.8711
BVH,2021-04-26,15:04:04,HOSE,STOCK,59.0,63.1,54.9,59.1,59.1,57.0,57.4,57.89,52.137,52.137,50.284,50.637,51.069,895000.0,51815220000.0,0.0,0.0,-1.6,-1.4115,-2.7119
BVH,2021-04-23,15:04:04,HOSE,STOCK,58.0,62.0,54.0,58.0,59.0,57.4,59.0,58.0,51.166,52.048,50.637,52.048,51.166,779100.0,45191280000.0,0.0,0.0,1.0,0.8822,1.7241
BVH,2021-04-22,15:04:01,HOSE,STOCK,60.0,64.2,55.8,60.0,60.5,58.0,58.0,59.62,52.931,53.372,51.166,51.166,52.595,1053600.0,62817070000.0,0.0,0.0,-2.0,-1.7643,-3.3333
BVH,2021-04-20,15:04:03,HOSE,STOCK,59.5,63.6,55.4,59.7,61.0,59.3,60.0,59.98,52.666,53.813,52.313,52.931,52.913,1224900.0,73472610000.0,0.0,0.0,0.5,0.4411,0.8403
BVH,2021-04-19,15:04:03,HOSE,STOCK,57.9,61.9,53.9,58.6,59.7,57.7,59.5,58.45,51.696,52.666,50.902,52.49,51.563,711700.0,41599300000.0,0.0,0.0,1.6,1.4115,2.7634
BVH,2021-04-16,15:04:02,HOSE,STOCK,59.5,63.6,55.4,59.0,60.0,57.5,57.9,58.44,52.048,52.931,50.725,51.078,51.554,1365000.0,79772230000.0,0.0,0.0,-1.6,-1.4115,-2.6891
BVH,2021-04-15,15:04:02,HOSE,STOCK,60.7,64.9,56.5,61.2,61.4,59.5,59.5,60.02,53.989,54.166,52.49,52.49,52.948,1388500.0,83331270000.0,0.0,0.0,-1.2,-1.0586,-1.9769
BVH,2021-04-14,15:04:03,HOSE,STOCK,60.8,65.0,56.6,60.1,60.7,59.7,60.7,60.06,53.019,53.548,52.666,53.548,52.984,1345100.0,80786520000.0,0.0,0.0,-0.1,-0.0882,-0.1645
BVH,2021-04-13,15:04:04,HOSE,STOCK,62.4,66.7,58.1,62.5,62.5,60.3,60.8,61.33,55.136,55.136,53.195,53.636,54.104,1533800.0,94070430000.0,0.0,0.0,-1.6,-1.4115,-2.5641
BVH,2021-04-12,15:04:03,HOSE,STOCK,62.4,66.7,58.1,62.8,62.8,61.5,62.4,61.87,55.401,55.401,54.254,55.048,54.58,1036800.0,64145380000.0,0.0,0.0,0.0,0.0,0.0
BVH,2021-04-09,15:04:03,HOSE,STOCK,62.4,66.7,58.1,62.0,63.0,61.8,62.4,62.34,54.695,55.577,54.519,55.048,54.995,551500.0,34381190000.0,0.0,0.0,0.0,0.0,0.0
BVH,2021-04-08,15:04:03,HOSE,STOCK,63.4,67.8,59.0,63.6,63.7,62.0,62.4,62.95,56.106,56.195,54.695,55.048,55.533,713300.0,44898740000.0,0.0,0.0,-1.0,-0.8822,-1.5773
BVH,2021-04-07,15:04:03,HOSE,STOCK,61.6,65.9,57.3,61.6,63.8,61.6,63.4,62.87,54.342,56.283,54.342,55.93,55.462,2403200.0,151080800000.0,0.0,0.0,1.8,1.5879,2.9221
BVH,2021-04-06,15:04:03,HOSE,STOCK,60.7,64.9,56.5,60.5,62.0,60.3,61.6,61.29,53.372,54.695,53.195,54.342,54.069,938700.0,57532030000.0,0.0,0.0,0.9,0.794,1.4827
BVH,2021-04-05,15:04:03,HOSE,STOCK,61.8,66.1,57.5,63.0,63.0,60.7,60.7,61.48,55.577,55.577,53.548,53.548,54.236,1021500.0,62804960000.0,0.0,0.0,-1.1,-0.9704,-1.7799
BVH,2021-04-02,15:04:02,HOSE,STOCK,60.9,65.1,56.7,61.5,62.6,61.2,61.8,61.83,54.254,55.224,53.989,54.519,54.545,1382400.0,85470940000.0,0.0,0.0,0.9,0.794,1.4778
BVH,2021-04-01,15:04:03,HOSE,STOCK,59.6,63.7,55.5,59.9,61.0,59.5,60.9,60.19,52.842,53.813,52.49,53.725,53.098,1192800.0,71797590000.0,0.0,0.0,1.3,1.1468,2.1812
BVH,2021-03-31,15:03:01,HOSE,STOCK,60.0,64.2,55.8,59.8,60.1,59.1,59.6,59.61,52.754,53.019,52.137,52.578,52.587,571200.0,34047740000.0,0.0,0.0,-0.4,-0.3529,-0.6667
BVH,2021-03-30,15:03:03,HOSE,STOCK,59.2,63.3,55.1,60.0,60.5,59.4,60.0,60.06,52.931,53.372,52.401,52.931,52.984,882200.0,52987180000.0,0.0,0.0,0.8,0.7057,1.3514
BVH,2021-03-29,15:03:03,HOSE,STOCK,58.4,62.4,54.4,59.0,59.3,58.5,59.2,58.96,52.048,52.313,51.607,52.225,52.013,522800.0,30823540000.0,0.0,0.0,0.8,0.7057,1.3699
BVH,2021-03-26,15:03:01,HOSE,STOCK,59.4,63.5,55.3,59.2,59.5,57.0,58.4,58.31,52.225,52.49,50.284,51.519,51.44,788600.0,45984010000.0,0.0,0.0,-1.0,-0.8822,-1.6835
BVH,2021-03-25,15:03:03,HOSE,STOCK,59.5,63.6,55.4,59.7,59.9,59.0,59.4,59.47,52.666,52.842,52.048,52.401,52.463,615600.0,36609620000.0,0.0,0.0,-0.1,-0.0882,-0.1681
BVH,2021-03-24,15:03:02,HOSE,STOCK,61.7,66.0,57.4,60.3,61.2,58.8,59.5,60.21,53.195,53.989,51.872,52.49,53.116,1152100.0,69364540000.0,0.0,0.0,-2.2,-1.9408,-3.5656
BVH,2021-03-23,15:03:02,HOSE,STOCK,62.2,66.5,57.9,62.2,62.4,61.1,61.7,61.68,54.871,55.048,53.901,54.43,54.413,868900.0,53591780000.0,0.0,0.0,-0.5,-0.4411,-0.8039
BVH,2021-03-22,15:03:02,HOSE,STOCK,61.0,65.2,56.8,63.0,63.1,62.1,62.2,62.64,55.577,55.665,54.783,54.871,55.26,1133700.0,71019990000.0,0.0,0.0,1.2,1.0586,1.9672
BVH,2021-03-19,15:03:02,HOSE,STOCK,60.7,64.9,56.5,60.7,63.7,60.7,61.0,62.17,53.548,56.195,53.548,53.813,54.845,3085100.0,191793950000.0,0.0,0.0,0.3,0.2647,0.4942
BVH,2021-03-18,15:03:02,HOSE,STOCK,59.6,63.7,55.5,60.5,60.8,59.9,60.7,60.45,53.372,53.636,52.842,53.548,53.328,958800.0,57964210000.0,0.0,0.0,1.1,0.9704,1.8456
BVH,2021-03-17,15:03:03,HOSE,STOCK,59.6,63.7,55.5,59.8,59.8,59.2,59.6,59.5,52.754,52.754,52.225,52.578,52.49,391200.0,23275120000.0,0.0,0.0,0.0,0.0,0.0
BVH,2021-03-16,15:03:02,HOSE,STOCK,60.1,64.3,55.9,60.1,60.4,59.2,59.6,59.75,53.019,53.283,52.225,52.578,52.71,379700.0,22688690000.0,0.0,0.0,-0.5,-0.4411,-0.8319
BVH,2021-03-15,15:03:03,HOSE,STOCK,60.5,64.7,56.3,60.5,60.6,60.0,60.1,60.27,53.372,53.46,52.931,53.019,53.169,393400.0,23709110000.0,0.0,0.0,-0.4,-0.3529,-0.6612
BVH,2021-03-12,15:03:03,HOSE,STOCK,60.5,64.7,56.3,60.8,61.4,60.0,60.5,60.62,53.636,54.166,52.931,53.372,53.478,675600.0,40956930000.0,0.0,0.0,0.0,0.0,0.0
BVH,2021-03-11,15:03:03,HOSE,STOCK,59.6,63.7,55.5,60.5,60.7,60.1,60.5,60.49,53.372,53.548,53.019,53.372,53.363,561200.0,33948150000.0,0.0,0.0,0.9,0.794,1.5101
BVH,2021-03-10,15:03:03,HOSE,STOCK,58.9,63.0,54.8,59.0,60.0,58.5,59.6,59.23,52.048,52.931,51.607,52.578,52.251,464200.0,27496590000.0,0.0,0.0,0.7,0.6175,1.1885
BVH,2021-03-09,15:03:03,HOSE,STOCK,59.1,63.2,55.0,59.0,59.1,57.9,58.9,58.57,52.048,52.137,51.078,51.96,51.669,570700.0,33426670000.0,0.0,0.0,-0.2,-0.1764,-0.3384
BVH,2021-03-08,15:03:02,HOSE,STOCK,59.0,63.1,54.9,59.0,60.1,59.0,59.1,59.35,52.048,53.019,52.048,52.137,52.357,784000.0,46532850000.0,0.0,0.0,0.1,0.0882,0.1695
BVH,2021-03-05,15:03:03,HOSE,STOCK,60.0,64.2,55.8,59.8,59.8,58.5,59.0,59.15,52.754,52.754,51.607,52.048,52.181,744100.0,44016060000.0,0.0,0.0,-1.0,-0.8822,-1.6667
BVH,2021-03-04,15:03:03,HOSE,STOCK,61.3,65.5,57.1,61.9,61.9,59.5,60.0,60.81,54.607,54.607,52.49,52.931,53.645,491000.0,29856330000.0,0.0,0.0,-1.3,-1.1468,-2.1207
BVH,2021-03-03,15:03:03,HOSE,STOCK,61.8,66.1,57.5,61.9,62.0,61.2,61.3,61.62,54.607,54.695,53.989,54.077,54.36,489900.0,30187430000.0,0.0,0.0,-0.5,-0.4411,-0.8091
BVH,2021-03-02,15:03:03,HOSE,STOCK,61.8,66.1,57.5,63.0,63.0,61.5,61.8,62.37,55.577,55.577,54.254,54.519,55.021,996300.0,62141590000.0,0.0,0.0,0.0,0.0,0.0
BVH,2021-03-01,15:03:01,HOSE,STOCK,59.1,63.2,55.0,59.7,62.0,59.4,61.8,60.83,52.666,54.695,52.401,54.519,53.663,941100.0,57250520000.0,0.0,0.0,2.7,2.3819,4.5685
BVH,2021-02-26,15:02:03,HOSE,STOCK,59.6,63.7,55.5,58.9,59.6,58.8,59.1,59.04,51.96,52.578,51.872,52.137,52.084,556000.0,32828170000.0,0.0,0.0,-0.5,-0.4411,-0.8389
BVH,2021-02-25,15:02:03,HOSE,STOCK,59.7,63.8,55.6,60.0,60.5,59.0,59.6,59.48,52.931,53.372,52.048,52.578,52.472,676100.0,40215500000.0,0.0,0.0,-0.1,-0.0882,-0.1675
BVH,2021-02-24,15:02:03,HOSE,STOCK,60.5,64.7,56.3,60.9,61.2,59.3,59.7,60.31,53.725,53.989,52.313,52.666,53.204,603300.0,36386300000.0,0.0,0.0,-0.8,-0.7057,-1.3223
BVH,2021-02-23,15:02:02,HOSE,STOCK,61.1,65.3,56.9,60.5,60.9,59.7,60.5,60.32,53.372,53.725,52.666,53.372,53.213,954000.0,57541140000.0,0.0,0.0,-0.6,-0.5293,-0.982
BVH,2021-02-22,15:02:02,HOSE,STOCK,61.5,65.8,57.2,61.5,61.7,60.5,61.1,61.27,54.254,54.43,53.372,53.901,54.051,585300.0,35862880000.0,0.0,0.0,-0.4,-0.3529,-0.6504
BVH,2021-02-19,15:02:03,HOSE,STOCK,61.9,66.2,57.6,61.0,61.9,60.9,61.5,61.36,53.813,54.607,53.725,54.254,54.13,424400.0,26041080000.0,0.0,0.0,-0.4,-0.3529,-0.6462
BVH,2021-02-18,15:02:03,HOSE,STOCK,61.9,66.2,57.6,62.1,62.1,60.5,61.9,61.6,54.783,54.783,53.372,54.607,54.342,803300.0,49480790000.0,0.0,0.0,0.0,0.0,0.0
BVH,2021-02-17,15:02:03,HOSE,STOCK,59.9,64.0,55.8,60.5,61.9,60.0,61.9,60.97,53.372,54.607,52.931,54.607,53.786,872100.0,53170560000.0,0.0,0.0,2.0,1.7644,3.3389
BVH,2021-02-09,15:02:03,HOSE,STOCK,57.4,61.4,53.4,57.4,59.9,57.0,59.9,58.71,50.637,52.842,50.284,52.842,51.793,743300.0,43639240000.0,0.0,0.0,2.5,2.2054,4.3554
BVH,2021-02-08,15:02:02,HOSE,STOCK,60.0,64.2,55.8,61.0,61.0,56.1,57.4,58.48,53.813,53.813,49.49,50.637,51.59,914200.0,53465240000.0,0.0,0.0,-2.6,-2.2937,-4.3333
BVH,2021-02-05,15:02:03,HOSE,STOCK,58.1,62.1,54.1,59.0,60.2,58.5,60.0,59.28,52.048,53.107,51.607,52.931,52.295,588100.0,34863350000.0,0.0,0.0,1.9,1.6761,3.2702
BVH,2021-02-04,15:02:02,HOSE,STOCK,58.5,62.5,54.5,59.9,59.9,58.1,58.1,58.92,52.842,52.842,51.254,51.254,51.978,922900.0,54373060000.0,0.0,0.0,-0.4,-0.3529,-0.6838
BVH,2021-02-03,15:02:02,HOSE,STOCK,54.7,58.5,50.9,56.0,58.5,56.0,58.5,57.66,49.402,51.607,49.402,51.607,50.866,810900.0,46755110000.0,0.0,0.0,3.8,3.3522,6.947
BVH,2021-02-02,15:02:02,HOSE,STOCK,53.5,57.2,49.8,54.3,55.5,52.3,54.7,54.47,47.902,48.961,46.138,48.255,48.052,573400.0,31230950000.0,0.0,0.0,1.2,1.0586,2.243
BVH,2021-02-01,15:02:02,HOSE,STOCK,56.5,60.4,52.6,56.9,57.5,53.4,53.5,55.34,50.196,50.725,47.108,47.196,48.82,1216900.0,67342110000.0,0.0,0.0,-3.0,-2.6465,-5.3097
BVH,2021-01-29,15:01:03,HOSE,STOCK,54.0,57.7,50.3,51.0,57.2,51.0,56.5,55.15,44.991,50.461,44.991,49.843,48.652,1069500.0,58978830000.0,0.0,0.0,2.5,2.2054,4.6296
BVH,2021-01-28,15:01:02,HOSE,STOCK,58.0,62.0,54.0,54.5,57.0,54.0,54.0,54.4,48.079,50.284,47.638,47.638,47.99,1256500.0,68352920000.0,0.0,0.0,-4.0,-3.5287,-6.8966
BVH,2021-01-27,15:01:03,HOSE,STOCK,60.5,64.7,56.3,59.2,60.8,57.2,58.0,59.19,52.225,53.636,50.461,51.166,52.216,931000.0,55110500000.0,0.0,0.0,-2.5,-2.2054,-4.1322
BVH,2021-01-26,15:01:02,HOSE,STOCK,64.0,68.4,59.6,63.8,64.0,60.0,60.5,61.78,56.283,56.459,52.931,53.372,54.501,1166900.0,72096760000.0,0.0,0.0,-3.5,-3.0876,-5.4688
BVH,2021-01-25,15:01:03,HOSE,STOCK,64.7,69.2,60.2,64.6,64.7,64.0,64.0,64.27,56.989,57.077,56.459,56.459,56.698,695400.0,44692590000.0,0.0,0.0,-0.7,-0.6175,-1.0819
BVH,2021-01-22,15:01:03,HOSE,STOCK,65.7,70.2,61.2,66.0,66.2,64.0,64.7,65.27,58.224,58.4,56.459,57.077,57.58,685900.0,44771850000.0,0.0,0.0,-1.0,-0.8822,-1.5221
BVH,2021-01-21,15:01:03,HOSE,STOCK,64.3,68.8,59.8,64.3,66.0,64.1,65.7,64.94,56.724,58.224,56.548,57.959,57.289,638500.0,41464070000.0,0.0,0.0,1.4,1.235,2.1773
BVH,2021-01-20,15:01:03,HOSE,STOCK,65.0,69.5,60.5,64.0,65.2,60.6,64.3,62.99,56.459,57.518,53.46,56.724,55.568,1133400.0,71396490000.0,0.0,0.0,-0.7,-0.6175,-1.0769
BVH,2021-01-19,15:01:02,HOSE,STOCK,68.6,73.4,63.8,68.6,69.0,63.8,65.0,66.29,60.517,60.87,56.283,57.342,58.48,1798900.0,119246730000.0,0.0,0.0,-3.6,-3.1759,-5.2478
BVH,2021-01-18,15:01:03,HOSE,STOCK,69.4,74.2,64.6,69.4,69.7,68.2,68.6,68.8,61.223,61.488,60.164,60.517,60.694,1008300.0,69371990000.0,0.0,0.0,-0.8,-0.7057,-1.1527
BVH,2021-01-15,15:01:03,HOSE,STOCK,70.0,74.9,65.1,70.2,70.2,68.9,69.4,69.36,61.929,61.929,60.782,61.223,61.188,1399200.0,97055500000.0,0.0,0.0,-0.6,-0.5293,-0.8571
BVH,2021-01-14,15:01:03,HOSE,STOCK,70.4,75.3,65.5,70.4,70.8,68.2,70.0,69.81,62.105,62.458,60.164,61.752,61.585,710400.0,49592730000.0,0.0,0.0,-0.4,-0.3529,-0.5682
BVH,2021-01-13,15:01:02,HOSE,STOCK,68.2,72.9,63.5,69.0,71.2,68.5,70.4,69.78,60.87,62.811,60.429,62.105,61.558,1738600.0,121315500000.0,0.0,0.0,2.2,1.9408,3.2258
BVH,2021-01-12,15:01:03,HOSE,STOCK,68.1,72.8,63.4,67.8,68.4,67.1,68.2,67.86,59.812,60.341,59.194,60.164,59.865,641100.0,43503380000.0,0.0,0.0,0.1,0.0882,0.1468
BVH,2021-01-11,15:01:02,HOSE,STOCK,68.3,73.0,63.6,69.3,69.3,66.9,68.1,68.04,61.135,61.135,59.018,60.076,60.023,1106000.0,75252160000.0,0.0,0.0,-0.2,-0.1764,-0.2928
BVH,2021-01-08,15:01:03,HOSE,STOCK,67.0,71.6,62.4,67.8,69.0,67.6,68.3,68.41,59.812,60.87,59.635,60.253,60.35,1639800.0,112178840000.0,0.0,0.0,1.3,1.1468,1.9403
BVH,2021-01-07,15:01:03,HOSE,STOCK,66.5,71.1,61.9,66.5,67.4,66.5,67.0,66.98,58.665,59.459,58.665,59.106,59.088,898000.0,60149100000.0,0.0,0.0,0.5,0.4411,0.7519
BVH,2021-01-06,15:01:01,HOSE,STOCK,66.0,70.6,61.4,66.5,67.8,66.0,66.5,66.95,58.665,59.812,58.224,58.665,59.062,1472400.0,98582680000.0,0.0,0.0,0.5,0.4411,0.7576
BVH,2021-01-05,15:01:03,HOSE,STOCK,66.3,70.9,61.7,65.5,66.3,65.4,66.0,65.89,57.783,58.488,57.694,58.224,58.127,1018200.0,67088580000.0,0.0,0.0,-0.3,-0.2647,-0.4525
BVH,2021-01-04,15:01:01,HOSE,STOCK,66.0,70.6,61.4,67.0,67.5,65.6,66.3,66.56,59.106,59.547,57.871,58.488,58.718,1192300.0,79359770000.0,0.0,0.0,0.3,0.2647,0.4545
BVH,2020-12-31,15:12:03,HOSE,STOCK,65.0,69.5,60.5,65.0,66.8,64.0,66.0,65.22,57.342,58.929,56.459,58.224,57.536,1317310.0,85915134000.0,0.0,0.0,1.0,0.8822,1.5385
BVH,2020-12-30,15:12:02,HOSE,STOCK,67.0,71.6,62.4,66.8,67.8,64.5,65.0,66.29,58.929,59.812,56.9,57.342,58.48,1719280.0,113962858000.0,0.0,0.0,-2.0,-1.7644,-2.9851
BVH,2020-12-29,15:12:03,HOSE,STOCK,64.0,68.4,59.6,63.2,67.0,63.2,67.0,65.48,55.754,59.106,55.754,59.106,57.765,1342220.0,87882891000.0,0.0,0.0,3.0,2.6465,4.6875
BVH,2020-12-28,15:12:02,HOSE,STOCK,61.9,66.2,57.6,62.0,65.2,61.9,64.0,63.71,54.695,57.518,54.607,56.459,56.203,2393040.0,152454974000.0,0.0,0.0,2.1,1.8526,3.3926
BVH,2020-12-25,15:12:01,HOSE,STOCK,58.4,62.4,54.4,58.9,62.4,58.3,61.9,60.61,51.96,55.048,51.431,54.607,53.469,2812050.0,170428398000.0,0.0,0.0,3.5,3.0876,5.9932
BVH,2020-12-24,15:12:03,HOSE,STOCK,58.6,62.7,54.5,59.0,59.6,57.0,58.4,57.9,52.048,52.578,50.284,51.519,51.078,1191350.0,68983853000.0,0.0,0.0,-0.2,-0.1764,-0.3413
BVH,2020-12-23,15:12:01,HOSE,STOCK,56.9,60.8,53.0,57.3,60.0,56.9,58.6,58.61,50.549,52.931,50.196,51.696,51.704,1934620.0,113382122000.0,0.0,0.0,1.7,1.4997,2.9877
BVH,2020-12-22,15:12:02,HOSE,STOCK,57.1,61.0,53.2,57.1,57.4,56.8,56.9,56.96,50.372,50.637,50.108,50.196,50.249,871000.0,49613595000.0,0.0,0.0,-0.2,-0.1764,-0.3503
BVH,2020-12-21,15:12:02,HOSE,STOCK,57.1,61.0,53.2,57.6,57.8,56.9,57.1,57.29,50.813,50.99,50.196,50.372,50.54,1266240.0,72542727000.0,0.0,0.0,0.0,0.0,0.0
BVH,2020-12-18,15:12:04,HOSE,STOCK,57.0,60.9,53.1,57.0,57.7,56.6,57.1,57.14,50.284,50.902,49.931,50.372,50.408,1271560.0,72659225000.0,0.0,0.0,0.1,0.0882,0.1754
BVH,2020-12-17,15:12:02,HOSE,STOCK,58.6,62.7,54.5,58.4,58.6,57.0,57.0,57.75,51.519,51.696,50.284,50.284,50.946,1212490.0,70017531000.0,0.0,0.0,-1.6,-1.4115,-2.7304
BVH,2020-12-16,15:12:02,HOSE,STOCK,58.2,62.2,54.2,58.4,58.6,57.8,58.6,58.22,51.519,51.696,50.99,51.696,51.36,937270.0,54567968000.0,0.0,0.0,0.4,0.3529,0.6873
BVH,2020-12-15,15:12:02,HOSE,STOCK,58.6,62.7,54.5,58.6,59.4,58.0,58.2,58.75,51.696,52.401,51.166,51.343,51.828,1522230.0,89428376000.0,0.0,0.0,-0.4,-0.3529,-0.6826
BVH,2020-12-14,15:12:02,HOSE,STOCK,57.5,61.5,53.5,58.0,59.4,57.3,58.6,58.3,51.166,52.401,50.549,51.696,51.431,1530650.0,89244116000.0,0.0,0.0,1.1,0.9704,1.913
BVH,2020-12-11,15:12:03,HOSE,STOCK,56.7,60.6,52.8,56.7,57.5,56.0,57.5,56.56,50.019,50.725,49.402,50.725,49.896,1161870.0,65715613000.0,0.0,0.0,0.8,0.7057,1.4109
BVH,2020-12-10,15:12:02,HOSE,STOCK,57.9,61.9,53.9,57.9,58.0,56.5,56.7,57.2,51.078,51.166,49.843,50.019,50.461,1116050.0,63837515000.0,0.0,0.0,-1.2,-1.0586,-2.0725
BVH,2020-12-09,15:12:02,HOSE,STOCK,57.6,61.6,53.6,57.6,58.5,57.3,57.9,57.85,50.813,51.607,50.549,51.078,51.034,1283610.0,74258766000.0,0.0,0.0,0.3,0.2647,0.5208
BVH,2020-12-08,15:12:02,HOSE,STOCK,56.0,59.9,52.1,56.5,58.2,56.4,57.6,57.33,49.843,51.343,49.755,50.813,50.575,1601980.0,91843832000.0,0.0,0.0,1.6,1.4115,2.8571
BVH,2020-12-07,15:12:02,HOSE,STOCK,55.4,59.2,51.6,55.5,56.3,55.3,56.0,55.88,48.961,49.667,48.784,49.402,49.296,565990.0,31627645000.0,0.0,0.0,0.6,0.5293,1.083
BVH,2020-12-04,15:12:02,HOSE,STOCK,56.4,60.3,52.5,56.6,56.8,55.3,55.4,55.9,49.931,50.108,48.784,48.873,49.314,545990.0,30521825000.0,0.0,0.0,-1.0,-0.8822,-1.773
BVH,2020-12-03,15:12:02,HOSE,STOCK,55.8,59.7,51.9,56.0,56.8,56.0,56.4,56.36,49.402,50.108,49.402,49.755,49.719,639210.0,36028301000.0,0.0,0.0,0.6,0.5293,1.0753
BVH,2020-12-02,15:12:02,HOSE,STOCK,55.2,59.0,51.4,55.2,55.8,54.9,55.8,55.44,48.696,49.225,48.432,49.225,48.908,686600.0,38068057000.0,0.0,0.0,0.6,0.5293,1.087
BVH,2020-12-01,15:12:02,HOSE,STOCK,55.0,58.8,51.2,53.7,55.5,53.7,55.2,54.73,47.373,48.961,47.373,48.696,48.282,992550.0,54322593000.0,0.0,0.0,0.2,0.1764,0.3636
BVH,2020-11-30,15:11:02,HOSE,STOCK,55.8,59.7,51.9,55.9,56.5,55.0,55.0,55.53,49.314,49.843,48.52,48.52,48.987,974780.0,54133560000.0,0.0,0.0,-0.8,-0.7057,-1.4337
BVH,2020-11-27,15:11:03,HOSE,STOCK,54.6,58.4,50.8,54.9,55.8,54.8,55.8,55.1,48.432,49.225,48.343,49.225,48.608,747250.0,41170110000.0,0.0,0.0,1.2,1.0586,2.1978
BVH,2020-11-26,15:11:02,HOSE,STOCK,55.2,59.0,51.4,55.1,55.3,54.4,54.6,54.77,48.608,48.784,47.99,48.167,48.317,892770.0,48900644000.0,0.0,0.0,-0.6,-0.5293,-1.087
BVH,2020-11-25,15:11:02,HOSE,STOCK,55.8,59.7,51.9,55.9,56.5,55.0,55.2,55.58,49.314,49.843,48.52,48.696,49.031,844330.0,46927027000.0,0.0,0.0,-0.6,-0.5293,-1.0753
BVH,2020-11-24,15:11:02,HOSE,STOCK,56.8,60.7,52.9,57.0,58.0,54.0,55.8,56.43,50.284,51.166,47.638,49.225,49.781,1569950.0,88587217000.0,0.0,0.0,-1.0,-0.8822,-1.7606
BVH,2020-11-23,15:11:02,HOSE,STOCK,56.8,60.7,52.9,56.7,56.9,56.0,56.8,56.4,50.019,50.196,49.402,50.108,49.755,859800.0,48490822000.0,0.0,0.0,0.0,0.0,0.0
BVH,2020-11-20,15:11:02,HOSE,STOCK,56.9,60.8,53.0,57.2,57.3,56.6,56.8,56.87,50.461,50.549,49.931,50.108,50.169,460010.0,26158523000.0,0.0,0.0,-0.1,-0.0882,-0.1757
BVH,2020-11-19,15:11:03,HOSE,STOCK,55.3,59.1,51.5,55.1,57.5,55.0,56.9,56.48,48.608,50.725,48.52,50.196,49.825,1615620.0,91251021000.0,0.0,0.0,1.6,1.4115,2.8933
BVH,2020-11-18,15:11:02,HOSE,STOCK,54.7,58.5,50.9,54.7,55.7,54.4,55.3,55.19,48.255,49.137,47.99,48.784,48.687,1049940.0,57943325000.0,0.0,0.0,0.6,0.5293,1.0969
BVH,2020-11-17,15:11:02,HOSE,STOCK,54.0,57.7,50.3,54.3,54.9,53.7,54.7,54.1,47.902,48.432,47.373,48.255,47.726,590000.0,31921510000.0,0.0,0.0,0.7,0.6175,1.2963
BVH,2020-11-16,15:11:02,HOSE,STOCK,55.2,59.0,51.4,55.5,55.5,53.9,54.0,54.49,48.961,48.961,47.549,47.638,48.07,1160320.0,63230841000.0,0.0,0.0,-1.2,-1.0586,-2.1739
BVH,2020-11-13,15:11:02,HOSE,STOCK,54.0,57.7,50.3,54.0,55.6,54.0,55.2,54.92,47.638,49.049,47.638,48.696,48.449,1229580.0,67532790000.0,0.0,0.0,1.2,1.0586,2.2222
BVH,2020-11-12,15:11:02,HOSE,STOCK,53.3,57.0,49.6,53.5,54.0,53.1,54.0,53.57,47.196,47.638,46.844,47.638,47.258,621470.0,33289462000.0,0.0,0.0,0.7,0.6175,1.3133
BVH,2020-11-11,15:11:02,HOSE,STOCK,53.5,57.2,49.8,53.5,54.1,52.8,53.3,53.56,47.196,47.726,46.579,47.02,47.249,725960.0,38879039000.0,0.0,0.0,-0.2,-0.1764,-0.3738
BVH,2020-11-10,15:11:02,HOSE,STOCK,52.9,56.6,49.2,53.9,53.9,53.1,53.5,53.41,47.549,47.549,46.844,47.196,47.117,992420.0,53006894000.0,0.0,0.0,0.6,0.5293,1.1342
BVH,2020-11-09,15:11:02,HOSE,STOCK,52.0,55.6,48.4,52.4,53.2,52.0,52.9,52.65,46.226,46.932,45.873,46.667,46.447,947000.0,49856469000.0,0.0,0.0,0.9,0.794,1.7308
BVH,2020-11-06,15:11:02,HOSE,STOCK,52.2,55.8,48.55,52.2,52.4,51.5,52.0,51.96,46.05,46.226,45.432,45.873,45.838,423060.0,21981421000.0,0.0,0.0,-0.2,-0.1764,-0.3831
BVH,2020-11-05,15:11:02,HOSE,STOCK,52.6,56.2,48.95,52.6,53.3,52.2,52.2,52.67,46.403,47.02,46.05,46.05,46.464,477620.0,25154426000.0,0.0,0.0,-0.4,-0.3529,-0.7605
BVH,2020-11-04,15:11:02,HOSE,STOCK,52.0,55.6,48.4,52.0,53.0,51.4,52.6,52.44,45.873,46.755,45.344,46.403,46.261,691310.0,36254779000.0,0.0,0.0,0.6,0.5293,1.1538
BVH,2020-11-03,15:11:02,HOSE,STOCK,51.0,54.5,47.45,51.5,52.2,51.2,52.0,51.79,45.432,46.05,45.167,45.873,45.688,759870.0,39356188000.0,0.0,0.0,1.0,0.8822,1.9608
BVH,2020-11-02,15:11:01,HOSE,STOCK,50.5,54.0,47.0,50.5,51.2,49.1,51.0,50.82,44.55,45.167,43.315,44.991,44.832,404520.0,20557436000.0,0.0,0.0,0.5,0.4411,0.9901
BVH,2020-10-30,15:10:03,HOSE,STOCK,50.2,53.7,46.7,50.8,50.8,49.45,50.5,50.02,44.815,44.815,43.624,44.55,44.126,737940.0,36912283000.0,0.0,0.0,0.3,0.2647,0.5976
BVH,2020-10-29,15:10:01,HOSE,STOCK,49.5,52.9,46.05,49.0,50.8,48.7,50.2,49.58,43.227,44.815,42.962,44.285,43.738,1239150.0,61441308500.0,0.0,0.0,0.7,0.6175,1.4141
BVH,2020-10-28,15:10:02,HOSE,STOCK,53.0,56.7,49.3,52.5,53.0,49.5,49.5,51.32,46.314,46.755,43.668,43.668,45.273,1554490.0,79778413000.0,0.0,0.0,-3.5,-3.0876,-6.6038
BVH,2020-10-27,15:10:03,HOSE,STOCK,53.9,57.6,50.2,53.5,54.2,52.6,53.0,53.44,47.196,47.814,46.403,46.755,47.144,960170.0,51313701000.0,0.0,0.0,-0.9,-0.794,-1.6698
BVH,2020-10-26,15:10:02,HOSE,STOCK,55.5,59.3,51.7,55.8,56.5,53.9,53.9,55.48,49.225,49.843,47.549,47.549,48.943,1570570.0,87127624000.0,0.0,0.0,-1.6,-1.4115,-2.8829
BVH,2020-10-23,15:10:03,HOSE,STOCK,54.3,58.1,50.5,54.7,55.9,54.3,55.5,55.37,48.255,49.314,47.902,48.961,48.846,1487560.0,82363456000.0,0.0,0.0,1.2,1.0586,2.2099
BVH,2020-10-22,15:10:02,HOSE,STOCK,52.0,55.6,48.4,51.4,54.4,51.0,54.3,52.54,45.344,47.99,44.991,47.902,46.35,1581840.0,83108620000.0,0.0,0.0,2.3,2.029,4.4231
BVH,2020-10-21,15:10:02,HOSE,STOCK,54.0,57.7,50.3,54.0,54.0,52.0,52.0,53.07,47.638,47.638,45.873,45.873,46.817,1321570.0,70141671000.0,0.0,0.0,-2.0,-1.7643,-3.7037
BVH,2020-10-20,15:10:02,HOSE,STOCK,54.7,58.5,50.9,54.7,55.3,52.9,54.0,54.265,48.255,48.784,46.667,47.638,47.871,980240.0,53192904000.0,0.0,0.0,-0.7,-0.6175,-1.2797
BVH,2020-10-19,15:10:03,HOSE,STOCK,53.9,57.6,50.2,55.1,56.0,55.1,55.5,55.49,47.908,48.691,47.908,48.256,48.247,1599020.0,88736640000.0,0.0,0.0,1.6,1.3912,2.9685
BVH,2020-10-16,15:10:02,HOSE,STOCK,54.0,57.7,50.3,53.9,53.9,52.6,53.9,53.19,46.865,46.865,45.734,46.865,46.247,1483160.0,78890165000.0,0.0,0.0,-0.1,-0.0869,-0.1852
BVH,2020-10-15,15:10:01,HOSE,STOCK,54.4,58.2,50.6,54.0,54.8,53.2,54.0,53.95,46.952,47.647,46.256,46.952,46.908,1663940.0,89776404000.0,0.0,0.0,-0.4,-0.3478,-0.7353
BVH,2020-10-14,15:10:03,HOSE,STOCK,53.7,57.4,49.95,54.0,54.7,54.0,54.4,54.251,46.952,47.56,46.952,47.299,47.17,1146350.0,62190903000.0,0.0,0.0,0.7,0.6086,1.3035
BVH,2020-10-13,15:10:02,HOSE,STOCK,52.9,56.6,49.2,53.5,54.7,53.0,53.7,54.033,46.517,47.56,46.082,46.691,46.98,2057180.0,111155399000.0,0.0,0.0,0.8,0.6956,1.5123
BVH,2020-10-12,15:10:02,HOSE,STOCK,49.8,53.2,46.35,50.1,53.0,50.1,52.9,51.97,43.561,46.082,43.561,45.995,45.187,3903200.0,202856087000.0,0.0,0.0,3.1,2.6954,6.2249
BVH,2020-10-09,15:10:02,HOSE,STOCK,49.85,53.3,46.4,49.65,50.2,49.3,49.8,49.78,43.169,43.648,42.865,43.3,43.282,440560.0,21929886500.0,0.0,0.0,-0.05,-0.0435,-0.1003
BVH,2020-10-08,15:10:02,HOSE,STOCK,49.85,53.3,46.4,50.3,50.8,49.6,49.85,50.14,43.735,44.169,43.126,43.343,43.595,686840.0,34439663500.0,0.0,0.0,0.0,0.0,0.0
BVH,2020-10-07,15:10:02,HOSE,STOCK,48.65,52.0,45.25,48.65,50.2,48.2,49.85,49.44,42.3,43.648,41.909,43.343,42.987,1472800.0,72816866000.0,0.0,0.0,1.2,1.0434,2.4666
BVH,2020-10-06,15:10:02,HOSE,STOCK,48.0,51.3,44.65,48.5,48.95,48.2,48.65,48.54,42.169,42.561,41.909,42.3,42.204,731120.0,35486349000.0,0.0,0.0,0.65,0.5652,1.3542
BVH,2020-10-05,15:10:03,HOSE,STOCK,48.5,51.8,45.15,48.4,48.55,48.0,48.0,48.18,42.083,42.213,41.735,41.735,41.891,926830.0,44650896500.0,0.0,0.0,-0.5,-0.4347,-1.0309
BVH,2020-10-02,15:10:02,HOSE,STOCK,48.85,52.2,45.45,49.1,49.1,47.2,48.5,48.31,42.691,42.691,41.039,42.169,42.004,657470.0,31760699000.0,0.0,0.0,-0.35,-0.3043,-0.7165
BVH,2020-10-01,15:10:02,HOSE,STOCK,48.7,52.1,45.3,48.7,49.05,48.7,48.85,48.89,42.343,42.648,42.343,42.474,42.509,254320.0,12434074500.0,0.0,0.0,0.15,0.1304,0.308
BVH,2020-09-30,15:09:02,HOSE,STOCK,48.0,51.3,44.65,48.0,48.8,47.8,48.7,48.24,41.735,42.43,41.561,42.343,41.943,471690.0,22755577000.0,0.0,0.0,0.7,0.6086,1.4583
BVH,2020-09-29,15:09:03,HOSE,STOCK,49.7,53.1,46.25,49.75,49.85,48.0,48.0,48.74,43.256,43.343,41.735,41.735,42.378,1113070.0,54246886000.0,0.0,0.0,-1.7,-1.4781,-3.4205
BVH,2020-09-28,15:09:02,HOSE,STOCK,49.5,52.9,46.05,49.8,50.3,49.3,49.7,49.63,43.3,43.735,42.865,43.213,43.152,538880.0,26744798000.0,0.0,0.0,0.2,0.1739,0.404
BVH,2020-09-25,15:09:02,HOSE,STOCK,49.3,52.7,45.85,49.3,49.6,49.0,49.5,49.37,42.865,43.126,42.604,43.039,42.926,538610.0,26593439000.0,0.0,0.0,0.2,0.1739,0.4057
BVH,2020-09-24,15:09:03,HOSE,STOCK,49.85,53.3,46.4,49.5,49.6,49.0,49.3,49.39,43.039,43.126,42.604,42.865,42.943,613090.0,30281040000.0,0.0,0.0,-0.55,-0.4782,-1.1033
BVH,2020-09-23,15:09:03,HOSE,STOCK,49.9,53.3,46.45,49.9,50.4,49.7,49.85,49.99,43.387,43.821,43.213,43.343,43.465,651310.0,32560940000.0,0.0,0.0,-0.05,-0.0435,-0.1002
BVH,2020-09-22,15:09:05,HOSE,STOCK,49.45,52.9,46.0,49.05,50.3,49.0,49.9,49.68,42.648,43.735,42.604,43.387,43.195,880580.0,43745609500.0,0.0,0.0,0.45,0.3913,0.91
BVH,2020-09-21,15:09:03,HOSE,STOCK,48.7,52.1,45.3,48.95,49.9,48.8,49.45,49.3,42.561,43.387,42.43,42.995,42.865,980320.0,48331859000.0,0.0,0.0,0.75,0.6521,1.54
BVH,2020-09-18,15:09:02,HOSE,STOCK,48.4,51.7,45.05,48.65,49.2,48.6,48.7,48.77,42.3,42.778,42.256,42.343,42.404,950600.0,46358037500.0,0.0,0.0,0.3,0.2608,0.6198
BVH,2020-09-17,15:09:03,HOSE,STOCK,48.15,51.5,44.8,48.0,48.4,48.0,48.4,48.14,41.735,42.083,41.735,42.083,41.856,521720.0,25114787000.0,0.0,0.0,0.25,0.2174,0.5192
BVH,2020-09-16,15:09:03,HOSE,STOCK,48.05,51.4,44.7,48.0,48.2,47.95,48.15,48.05,41.735,41.909,41.691,41.865,41.778,362290.0,17407013500.0,0.0,0.0,0.1,0.0869,0.2081
BVH,2020-09-15,15:09:03,HOSE,STOCK,48.6,52.0,45.2,48.6,48.8,48.0,48.05,48.21,42.256,42.43,41.735,41.778,41.917,517470.0,24946045000.0,0.0,0.0,-0.55,-0.4782,-1.1317
BVH,2020-09-14,15:09:02,HOSE,STOCK,47.65,50.9,44.35,47.7,49.5,47.7,48.6,48.67,41.474,43.039,41.474,42.256,42.317,546410.0,26592915500.0,0.0,0.0,0.95,0.826,1.9937
BVH,2020-09-11,15:09:05,HOSE,STOCK,48.3,51.6,44.95,47.3,48.0,47.3,47.65,47.59,41.126,41.735,41.126,41.43,41.378,1033830.0,49201520500.0,0.0,0.0,-0.65,-0.5652,-1.3458
BVH,2020-09-10,15:09:03,HOSE,STOCK,49.3,52.7,45.85,49.5,50.0,48.2,48.3,48.78,43.039,43.474,41.909,41.996,42.413,1823420.0,88942028500.0,0.0,0.0,-1.0,-0.8695,-2.0284
BVH,2020-09-09,15:09:01,HOSE,STOCK,49.9,53.3,46.45,49.0,49.8,48.8,49.3,49.17,42.604,43.3,42.43,42.865,42.752,684210.0,33640300000.0,0.0,0.0,-0.6,-0.5217,-1.2024
BVH,2020-09-08,15:09:05,HOSE,STOCK,49.05,52.4,45.65,49.5,50.0,48.85,49.9,49.55,43.039,43.474,42.474,43.387,43.082,996740.0,49392985500.0,0.0,0.0,0.85,0.7391,1.7329
BVH,2020-09-07,15:09:02,HOSE,STOCK,51.3,54.8,47.75,51.5,51.9,49.05,49.05,50.33,44.778,45.126,42.648,42.648,43.761,1640520.0,82559823000.0,0.0,0.0,-2.25,-1.9563,-4.386
BVH,2020-09-04,15:09:03,HOSE,STOCK,51.7,55.3,48.1,50.5,51.4,50.1,51.3,50.85,43.908,44.691,43.561,44.604,44.213,1202750.0,61162027000.0,0.0,0.0,-0.4,-0.3478,-0.7737
BVH,2020-09-03,15:09:02,HOSE,STOCK,51.5,55.1,47.9,51.5,52.1,51.2,51.7,51.63,44.778,45.3,44.517,44.952,44.891,1133940.0,58546580000.0,0.0,0.0,0.2,0.1739,0.3883
BVH,2020-09-01,15:09:02,HOSE,STOCK,49.9,53.3,46.45,49.8,51.6,49.6,51.5,50.82,43.3,44.865,43.126,44.778,44.187,1763210.0,89611635500.0,0.0,0.0,1.6,1.3912,3.2064
BVH,2020-08-31,15:08:04,HOSE,STOCK,48.05,51.4,44.7,48.25,50.3,48.25,49.9,49.48,41.952,43.735,41.952,43.387,43.022,2226020.0,110138937500.0,0.0,0.0,1.85,1.6085,3.8502
BVH,2020-08-28,15:08:03,HOSE,STOCK,47.6,50.9,44.3,47.7,48.4,47.25,48.05,47.98,41.474,42.083,41.083,41.778,41.717,1183880.0,56803369500.0,0.0,0.0,0.45,0.3913,0.9454
BVH,2020-08-27,15:08:04,HOSE,STOCK,47.6,50.9,44.3,47.6,47.8,47.2,47.6,47.52,41.387,41.561,41.039,41.387,41.317,585730.0,27831901500.0,0.0,0.0,0.0,0.0,0.0
BVH,2020-08-26,15:08:04,HOSE,STOCK,47.4,50.7,44.1,47.4,47.9,47.2,47.6,47.53,41.213,41.648,41.039,41.387,41.326,548640.0,26078134000.0,0.0,0.0,0.2,0.1739,0.4219
BVH,2020-08-25,15:08:03,HOSE,STOCK,46.9,50.1,43.65,47.5,48.2,47.35,47.4,47.72,41.3,41.909,41.17,41.213,41.491,1069560.0,51041721000.0,0.0,0.0,0.5,0.4347,1.0661
BVH,2020-08-24,15:08:03,HOSE,STOCK,45.85,49.05,42.65,46.5,47.1,46.05,46.9,46.49,40.431,40.952,40.039,40.778,40.422,948780.0,44108476000.0,0.0,0.0,1.05,0.9129,2.2901
BVH,2020-08-21,15:08:03,HOSE,STOCK,45.3,48.45,42.15,45.3,45.95,45.3,45.85,45.63,39.387,39.952,39.387,39.865,39.674,438610.0,20015548500.0,0.0,0.0,0.55,0.4782,1.2141
BVH,2020-08-20,15:08:03,HOSE,STOCK,45.3,48.45,42.15,45.5,45.8,44.75,45.3,45.17,39.561,39.822,38.909,39.387,39.274,378780.0,17111138000.0,0.0,0.0,0.0,0.0,0.0
BVH,2020-08-19,15:08:02,HOSE,STOCK,44.6,47.7,41.5,44.6,45.4,44.6,45.3,45.11,38.779,39.474,38.779,39.387,39.222,348070.0,15700896500.0,0.0,0.0,0.7,0.6086,1.5695
BVH,2020-08-18,15:08:03,HOSE,STOCK,45.5,48.65,42.35,45.5,45.7,44.5,44.6,45.01,39.561,39.735,38.692,38.779,39.135,762020.0,34300346000.0,0.0,0.0,-0.9,-0.7825,-1.978
BVH,2020-08-17,15:08:02,HOSE,STOCK,45.85,49.05,42.65,45.8,45.8,45.2,45.5,45.52,39.822,39.822,39.3,39.561,39.578,230300.0,10483801000.0,0.0,0.0,-0.35,-0.3043,-0.7634
BVH,2020-08-14,15:08:02,HOSE,STOCK,46.95,50.2,43.7,46.95,47.0,45.75,45.85,46.33,40.822,40.865,39.778,39.865,40.283,584630.0,27088054500.0,0.0,0.0,-1.1,-0.9564,-2.3429
BVH,2020-08-13,15:08:02,HOSE,STOCK,45.45,48.6,42.3,45.5,47.6,45.5,46.95,46.37,39.561,41.387,39.561,40.822,40.317,920670.0,42694043500.0,0.0,0.0,1.5,1.3042,3.3003
BVH,2020-08-12,15:08:03,HOSE,STOCK,45.25,48.4,42.1,45.4,45.75,45.0,45.45,45.4,39.474,39.778,39.126,39.518,39.474,333050.0,15119343500.0,0.0,0.0,0.2,0.1739,0.442
BVH,2020-08-11,15:08:03,HOSE,STOCK,45.4,48.55,42.25,45.5,45.65,45.2,45.25,45.39,39.561,39.691,39.3,39.344,39.465,216390.0,9821976000.0,0.0,0.0,-0.15,-0.1304,-0.3304
BVH,2020-08-10,15:08:02,HOSE,STOCK,44.9,48.0,41.8,45.0,45.7,45.0,45.4,45.44,39.126,39.735,39.126,39.474,39.509,364040.0,16541485500.0,0.0,0.0,0.5,0.4347,1.1136
BVH,2020-08-07,15:08:02,HOSE,STOCK,45.35,48.5,42.2,45.5,45.5,44.65,44.9,44.96,39.561,39.561,38.822,39.039,39.092,478820.0,21526227500.0,0.0,0.0,-0.45,-0.3913,-0.9923
BVH,2020-08-06,15:08:02,HOSE,STOCK,46.0,49.2,42.8,45.95,45.95,45.15,45.35,45.48,39.952,39.952,39.257,39.431,39.544,446440.0,20306308500.0,0.0,0.0,-0.65,-0.5652,-1.413
BVH,2020-08-05,15:08:01,HOSE,STOCK,45.3,48.45,42.15,45.3,46.2,44.5,46.0,45.79,39.387,40.17,38.692,39.996,39.813,848700.0,38857980500.0,0.0,0.0,0.7,0.6086,1.5453
BVH,2020-08-04,15:08:03,HOSE,STOCK,43.2,46.2,40.2,44.4,46.0,44.1,45.3,45.07,38.605,39.996,38.344,39.387,39.187,741900.0,33435886500.0,0.0,0.0,2.1,1.8259,4.8611
BVH,2020-08-03,15:08:03,HOSE,STOCK,40.4,43.2,37.6,40.4,43.2,40.4,43.2,42.2,35.127,37.561,35.127,37.561,36.692,766120.0,32327352500.0,0.0,0.0,2.8,2.4345,6.9307
BVH,2020-07-31,15:07:04,HOSE,STOCK,40.6,43.4,37.8,39.5,41.1,39.2,40.4,40.38,34.344,35.735,34.083,35.127,35.109,875290.0,35348221000.0,0.0,0.0,-0.2,-0.1739,-0.4926
BVH,2020-07-30,15:07:02,HOSE,STOCK,40.1,42.9,37.3,40.8,41.0,40.4,40.6,40.66,35.475,35.648,35.127,35.301,35.353,413760.0,16821469000.0,0.0,0.0,0.5,0.4347,1.2469
BVH,2020-07-29,15:07:02,HOSE,STOCK,41.9,44.8,39.0,40.5,41.8,39.6,40.1,40.08,35.214,36.344,34.431,34.866,34.849,595950.0,23884706000.0,0.0,0.0,-1.8,-1.5651,-4.2959
BVH,2020-07-28,15:07:03,HOSE,STOCK,40.55,43.35,37.75,40.5,42.3,40.5,41.9,41.164,35.214,36.779,35.214,36.431,35.791,731010.0,30091522500.0,0.0,0.0,1.35,1.1738,3.3292
BVH,2020-07-27,15:07:01,HOSE,STOCK,43.6,46.65,40.55,40.6,42.45,40.55,40.55,40.93,35.301,36.909,35.257,35.257,35.588,1074090.0,43959989500.0,0.0,0.0,-3.05,-2.6519,-6.9954
BVH,2020-07-24,15:07:02,HOSE,STOCK,45.9,49.1,42.7,45.8,46.0,42.8,43.6,44.42,39.822,39.996,37.213,37.909,38.622,822340.0,36527007000.0,0.0,0.0,-2.3,-1.9998,-5.0109
BVH,2020-07-23,15:07:01,HOSE,STOCK,46.0,49.2,42.8,46.0,46.3,45.5,45.9,45.84,39.996,40.257,39.561,39.909,39.857,394690.0,18094502500.0,0.0,0.0,-0.1,-0.0869,-0.2174
BVH,2020-07-22,15:07:02,HOSE,STOCK,46.7,49.95,43.45,46.7,47.2,45.95,46.0,46.42,40.604,41.039,39.952,39.996,40.361,641900.0,29797219500.0,0.0,0.0,-0.7,-0.6086,-1.4989
BVH,2020-07-21,15:07:02,HOSE,STOCK,47.1,50.3,43.85,47.2,47.2,46.6,46.7,46.81,41.039,41.039,40.517,40.604,40.7,529300.0,24777660000.0,0.0,0.0,-0.4,-0.3478,-0.8493
BVH,2020-07-20,15:07:02,HOSE,STOCK,48.35,51.7,45.0,48.4,48.4,47.1,47.1,47.49,42.083,42.083,40.952,40.952,41.291,499110.0,23702120000.0,0.0,0.0,-1.25,-1.0868,-2.5853
BVH,2020-07-17,15:07:02,HOSE,STOCK,48.0,51.3,44.65,48.0,48.9,47.65,48.35,48.32,41.735,42.517,41.43,42.039,42.013,641980.0,31018672500.0,0.0,0.0,0.35,0.3043,0.7292
BVH,2020-07-16,15:07:03,HOSE,STOCK,47.85,51.1,44.55,47.95,48.05,47.5,48.0,47.91,41.691,41.778,41.3,41.735,41.656,361820.0,17335686500.0,0.0,0.0,0.15,0.1304,0.3135
BVH,2020-07-15,15:07:02,HOSE,STOCK,47.55,50.8,44.25,47.8,48.1,47.6,47.85,47.87,41.561,41.822,41.387,41.604,41.622,611470.0,29268524000.0,0.0,0.0,0.3,0.2608,0.6309
BVH,2020-07-14,15:07:02,HOSE,STOCK,47.5,50.8,44.2,47.4,47.7,47.05,47.55,47.351,41.213,41.474,40.909,41.343,41.17,352890.0,16709537000.0,0.0,0.0,0.05,0.0435,0.1053
BVH,2020-07-13,15:07:02,HOSE,STOCK,47.9,51.2,44.55,48.0,48.35,47.5,47.5,47.9,41.735,42.039,41.3,41.3,41.648,435230.0,20845552000.0,0.0,0.0,-0.4,-0.3478,-0.8351
BVH,2020-07-10,15:07:02,HOSE,STOCK,47.75,51.0,44.45,47.5,48.65,47.4,47.9,48.09,41.3,42.3,41.213,41.648,41.813,561640.0,27007403500.0,0.0,0.0,0.15,0.1304,0.3141
BVH,2020-07-09,15:07:02,HOSE,STOCK,47.2,50.5,43.9,47.4,47.9,47.2,47.75,47.51,41.213,41.648,41.039,41.517,41.309,444710.0,21126816500.0,0.0,0.0,0.55,0.4782,1.1653
BVH,2020-07-08,15:07:02,HOSE,STOCK,47.2,50.5,43.9,47.1,47.45,46.85,47.2,47.14,40.952,41.257,40.735,41.039,40.987,225550.0,10633173000.0,0.0,0.0,0.0,0.0,0.0
BVH,2020-07-07,15:07:02,HOSE,STOCK,47.0,50.2,43.75,47.2,47.9,47.1,47.2,47.44,41.039,41.648,40.952,41.039,41.248,548920.0,26040830000.0,0.0,0.0,0.2,0.1739,0.4255
BVH,2020-07-06,15:07:03,HOSE,STOCK,46.5,49.75,43.25,46.5,47.5,46.3,47.0,46.69,40.431,41.3,40.257,40.865,40.596,435550.0,20337419000.0,0.0,0.0,0.5,0.4347,1.0753
BVH,2020-07-03,15:07:02,HOSE,STOCK,46.9,50.1,43.65,46.6,47.0,45.0,46.5,46.52,40.517,40.865,39.126,40.431,40.448,323340.0,15040839500.0,0.0,0.0,-0.4,-0.3478,-0.8529
BVH,2020-07-02,15:07:02,HOSE,STOCK,45.95,49.15,42.75,45.95,47.5,45.85,46.9,46.77,39.952,41.3,39.865,40.778,40.665,474710.0,22200315000.0,0.0,0.0,0.95,0.826,2.0675
BVH,2020-07-01,15:07:02,HOSE,STOCK,45.5,48.65,42.35,46.0,46.0,45.2,45.95,45.62,39.996,39.996,39.3,39.952,39.665,538190.0,24549923000.0,0.0,0.0,0.45,0.3913,0.989
BVH,2020-06-30,15:06:02,HOSE,STOCK,45.75,48.95,42.55,46.35,46.55,45.0,45.5,45.86,40.3,40.474,39.126,39.561,39.874,422070.0,19355869000.0,0.0,0.0,-0.25,-0.2174,-0.5464
BVH,2020-06-29,15:06:02,HOSE,STOCK,47.5,50.8,44.2,46.0,47.0,45.6,45.75,46.12,39.996,40.865,39.648,39.778,40.1,810560.0,37379736500.0,0.0,0.0,-1.75,-1.5216,-3.6842
BVH,2020-06-26,15:06:02,HOSE,STOCK,48.0,51.3,44.65,48.0,48.3,47.5,47.5,47.71,41.735,41.996,41.3,41.3,41.483,272160.0,12984808000.0,0.0,0.0,-0.5,-0.4347,-1.0417
BVH,2020-06-25,15:06:02,HOSE,STOCK,48.0,51.3,44.65,47.5,48.0,47.4,48.0,47.71,41.3,41.735,41.213,41.735,41.483,434930.0,20751359000.0,0.0,0.0,0.0,0.0,0.0
BVH,2020-06-24,15:06:02,HOSE,STOCK,48.6,52.0,45.2,48.6,48.9,48.0,48.0,48.41,42.256,42.517,41.735,41.735,42.091,515830.0,24969675000.0,0.0,0.0,-0.6,-0.5217,-1.2346
BVH,2020-06-23,15:06:02,HOSE,STOCK,49.0,52.4,45.6,49.0,49.4,48.1,48.6,48.97,42.604,42.952,41.822,42.256,42.578,526810.0,25797145000.0,0.0,0.0,-0.4,-0.3478,-0.8163
BVH,2020-06-22,15:06:02,HOSE,STOCK,49.5,52.9,46.05,49.5,49.8,48.5,49.0,48.99,43.039,43.3,42.169,42.604,42.596,570410.0,27945352000.0,0.0,0.0,-0.5,-0.4347,-1.0101
BVH,2020-06-19,15:06:02,HOSE,STOCK,48.0,51.3,44.65,48.0,49.5,48.0,49.5,49.05,41.735,43.039,41.735,43.039,42.648,1296450.0,63596557000.0,0.0,0.0,1.5,1.3042,3.125
BVH,2020-06-18,15:06:02,HOSE,STOCK,48.0,51.3,44.65,47.8,48.35,47.3,48.0,47.88,41.561,42.039,41.126,41.735,41.63,274450.0,13139521500.0,0.0,0.0,0.0,0.0,0.0
BVH,2020-06-17,15:06:02,HOSE,STOCK,49.2,52.6,45.8,49.2,49.2,48.0,48.0,48.41,42.778,42.778,41.735,41.735,42.091,487610.0,23603447000.0,0.0,0.0,-1.2,-1.0434,-2.439
BVH,2020-06-16,15:06:02,HOSE,STOCK,47.2,50.5,43.9,48.0,49.2,47.6,49.2,48.24,41.735,42.778,41.387,42.778,41.943,641350.0,30941184500.0,0.0,0.0,2.0,1.7389,4.2373
BVH,2020-06-15,15:06:02,HOSE,STOCK,48.3,51.6,44.95,48.5,49.45,46.0,47.2,48.17,42.169,42.995,39.996,41.039,41.883,1240270.0,59745261000.0,0.0,0.0,-1.1,-0.9564,-2.2774
BVH,2020-06-12,15:06:02,HOSE,STOCK,49.2,52.6,45.8,48.8,49.0,46.5,48.3,47.83,42.43,42.604,40.431,41.996,41.587,1764620.0,84403558000.0,0.0,0.0,-0.9,-0.7825,-1.8293
BVH,2020-06-11,15:06:02,HOSE,STOCK,52.8,56.4,49.15,52.5,52.7,49.2,49.2,51.27,45.647,45.821,42.778,42.778,44.578,1531870.0,78532650000.0,0.0,0.0,-3.6,-3.1301,-6.8182
BVH,2020-06-10,15:06:02,HOSE,STOCK,52.4,56.0,48.75,52.6,53.0,51.4,52.8,52.27,45.734,46.082,44.691,45.908,45.447,1128810.0,59003455000.0,0.0,0.0,0.4,0.3478,0.7634
BVH,2020-06-09,15:06:03,HOSE,STOCK,50.6,54.1,47.1,51.0,53.0,50.9,52.4,52.14,44.343,46.082,44.256,45.56,45.334,2255000.0,117584996000.0,0.0,0.0,1.8,1.565,3.5573
BVH,2020-06-08,15:06:03,HOSE,STOCK,49.75,53.2,46.3,50.2,51.5,50.1,50.6,50.82,43.648,44.778,43.561,43.995,44.187,1401870.0,71245901000.0,0.0,0.0,0.85,0.739,1.7085
BVH,2020-06-05,15:06:03,HOSE,STOCK,49.85,53.3,46.4,49.85,49.85,49.1,49.75,49.48,43.343,43.343,42.691,43.256,43.022,669340.0,33121644500.0,0.0,0.0,-0.1,-0.0869,-0.2006
BVH,2020-06-04,15:06:04,HOSE,STOCK,49.9,53.3,46.45,50.0,50.7,49.75,49.85,50.02,43.474,44.082,43.256,43.343,43.491,690490.0,34535043000.0,0.0,0.0,-0.05,-0.0435,-0.1002
BVH,2020-06-03,15:06:02,HOSE,STOCK,49.9,53.3,46.45,50.0,50.3,49.4,49.9,49.7,43.474,43.735,42.952,43.387,43.213,1059760.0,52673423500.0,0.0,0.0,0.0,0.0,0.0
BVH,2020-06-02,15:06:03,HOSE,STOCK,50.7,54.2,47.2,51.0,51.1,49.9,49.9,50.56,44.343,44.43,43.387,43.387,43.961,1122590.0,56756912000.0,0.0,0.0,-0.8,-0.6956,-1.5779
BVH,2020-06-01,15:06:04,HOSE,STOCK,49.95,53.4,46.5,50.1,51.2,50.1,50.7,50.7,43.561,44.517,43.561,44.082,44.082,710180.0,36008504000.0,0.0,0.0,0.75,0.6521,1.5015
BVH,2020-05-29,15:05:02,HOSE,STOCK,50.4,53.9,46.9,50.2,50.4,49.7,49.95,49.93,43.648,43.821,43.213,43.43,43.413,865840.0,43229775500.0,0.0,0.0,-0.45,-0.3913,-0.8929
BVH,2020-05-28,15:05:03,HOSE,STOCK,50.5,54.0,47.0,50.5,51.1,49.8,50.4,50.51,43.908,44.43,43.3,43.821,43.917,771840.0,38983194000.0,0.0,0.0,-0.1,-0.0869,-0.198
BVH,2020-05-27,15:05:03,HOSE,STOCK,52.0,55.6,48.4,52.5,53.2,50.5,50.5,52.08,45.647,46.256,43.908,43.908,45.282,1804210.0,93960769000.0,0.0,0.0,-1.5,-1.3042,-2.8846
BVH,2020-05-26,15:05:03,HOSE,STOCK,49.5,52.9,46.05,49.4,52.4,49.25,52.0,50.99,42.952,45.56,42.822,45.213,44.334,2157490.0,110010373500.0,0.0,0.0,2.5,2.1737,5.0505
BVH,2020-05-25,15:05:03,HOSE,STOCK,49.15,52.5,45.75,49.2,49.75,49.0,49.5,49.35,42.778,43.256,42.604,43.039,42.909,618230.0,30511256000.0,0.0,0.0,0.35,0.3043,0.7121
BVH,2020-05-22,15:05:02,HOSE,STOCK,50.1,53.6,46.6,49.7,50.4,49.1,49.15,49.79,43.213,43.821,42.691,42.735,43.291,891980.0,44413536000.0,0.0,0.0,-0.95,-0.826,-1.8962
BVH,2020-05-21,15:05:02,HOSE,STOCK,49.5,52.9,46.05,49.9,51.0,49.5,50.1,50.28,43.387,44.343,43.039,43.561,43.717,1347860.0,67775407500.0,0.0,0.0,0.6,0.5217,1.2121
BVH,2020-05-20,15:05:03,HOSE,STOCK,48.6,52.0,45.2,48.55,50.0,48.3,49.5,49.32,42.213,43.474,41.996,43.039,42.882,873620.0,43086090500.0,0.0,0.0,0.9,0.7825,1.8519
BVH,2020-05-19,15:05:02,HOSE,STOCK,48.8,52.2,45.4,50.1,50.1,48.5,48.6,49.24,43.561,43.561,42.169,42.256,42.813,999630.0,49225213000.0,0.0,0.0,-0.2,-0.1739,-0.4098
BVH,2020-05-18,15:05:02,HOSE,STOCK,48.25,51.6,44.9,48.5,49.2,48.0,48.8,48.53,42.169,42.778,41.735,42.43,42.196,619780.0,30078620000.0,0.0,0.0,0.55,0.4782,1.1399
BVH,2020-05-15,15:05:02,HOSE,STOCK,49.7,53.1,46.25,49.9,50.3,48.2,48.25,48.9,43.387,43.735,41.909,41.952,42.517,932240.0,45588895000.0,0.0,0.0,-1.45,-1.2607,-2.9175
BVH,2020-05-14,15:05:02,HOSE,STOCK,50.5,54.0,47.0,49.5,51.0,49.5,49.7,50.08,43.039,44.343,43.039,43.213,43.543,963990.0,48273606500.0,0.0,0.0,-0.8,-0.6956,-1.5842
BVH,2020-05-13,15:05:02,HOSE,STOCK,49.8,53.2,46.35,49.7,52.5,48.55,50.5,50.6,43.213,45.647,42.213,43.908,43.995,1085990.0,54947632500.0,0.0,0.0,0.7,0.6086,1.4056
BVH,2020-05-12,15:05:02,HOSE,STOCK,48.15,51.5,44.8,47.9,50.0,47.5,49.8,49.05,41.648,43.474,41.3,43.3,42.648,1471180.0,72165009500.0,0.0,0.0,1.65,1.4346,3.4268
BVH,2020-05-11,15:05:02,HOSE,STOCK,47.9,51.2,44.55,48.45,48.8,48.0,48.15,48.31,42.126,42.43,41.735,41.865,42.004,917750.0,44334810000.0,0.0,0.0,0.25,0.2174,0.5219
BVH,2020-05-08,15:05:01,HOSE,STOCK,46.95,50.2,43.7,47.0,49.4,47.0,47.9,48.24,40.865,42.952,40.865,41.648,41.943,1646520.0,79430276000.0,0.0,0.0,0.95,0.826,2.0234
BVH,2020-05-07,15:05:02,HOSE,STOCK,46.5,49.75,43.25,46.5,47.5,46.0,46.95,46.87,40.431,41.3,39.996,40.822,40.752,874170.0,40975175500.0,0.0,0.0,0.45,0.3913,0.9677
BVH,2020-05-06,15:05:02,HOSE,STOCK,45.0,48.15,41.85,45.2,46.5,44.5,46.5,45.15,39.3,40.431,38.692,40.431,39.257,587550.0,26527445000.0,0.0,0.0,1.5,1.3042,3.3333
BVH,2020-05-05,15:05:02,HOSE,STOCK,44.1,47.15,41.05,44.0,45.0,44.0,45.0,44.56,38.257,39.126,38.257,39.126,38.744,361060.0,16089692000.0,0.0,0.0,0.9,0.7825,2.0408
BVH,2020-05-04,15:05:02,HOSE,STOCK,46.2,49.4,43.0,46.0,46.45,44.1,44.1,45.51,39.996,40.387,38.344,38.344,39.57,449700.0,20467879500.0,0.0,0.0,-2.1,-1.8259,-4.5455
BVH,2020-04-29,15:04:03,HOSE,STOCK,46.1,49.3,42.9,45.6,46.5,45.6,46.2,46.24,39.648,40.431,39.648,40.17,40.204,312690.0,14458654000.0,0.0,0.0,0.1,0.0869,0.2169
BVH,2020-04-28,15:04:02,HOSE,STOCK,46.45,49.7,43.2,46.3,46.9,45.1,46.1,45.9,40.257,40.778,39.213,40.083,39.909,433680.0,19904385000.0,0.0,0.0,-0.35,-0.3043,-0.7535
BVH,2020-04-27,15:04:03,HOSE,STOCK,47.0,50.2,43.75,48.0,48.0,46.45,46.45,46.98,41.735,41.735,40.387,40.387,40.848,287510.0,13506548500.0,0.0,0.0,-0.55,-0.4782,-1.1702
BVH,2020-04-24,15:04:02,HOSE,STOCK,47.3,50.6,44.0,47.5,47.5,46.4,47.0,46.7,41.3,41.3,40.344,40.865,40.604,307960.0,14381536500.0,0.0,0.0,-0.3,-0.2608,-0.6342
BVH,2020-04-23,15:04:02,HOSE,STOCK,47.0,50.2,43.75,47.9,48.35,47.0,47.3,47.75,41.648,42.039,40.865,41.126,41.517,607220.0,28994497500.0,0.0,0.0,0.3,0.2608,0.6383
BVH,2020-04-22,15:04:02,HOSE,STOCK,45.6,48.75,42.45,44.1,48.0,44.1,47.0,45.73,38.344,41.735,38.344,40.865,39.761,398660.0,18231531000.0,0.0,0.0,1.4,1.2173,3.0702
BVH,2020-04-21,15:04:02,HOSE,STOCK,47.85,51.1,44.55,47.0,47.6,45.6,45.6,46.45,40.865,41.387,39.648,39.648,40.387,608330.0,28256428000.0,0.0,0.0,-2.25,-1.9563,-4.7022
BVH,2020-04-20,15:04:03,HOSE,STOCK,48.45,51.8,45.1,48.1,48.45,47.2,47.85,47.89,41.822,42.126,41.039,41.604,41.639,893750.0,42798245000.0,0.0,0.0,-0.6,-0.5217,-1.2384
BVH,2020-04-17,15:04:01,HOSE,STOCK,48.25,51.6,44.9,49.0,49.0,47.5,48.45,48.17,42.604,42.604,41.3,42.126,41.883,758580.0,36542461500.0,0.0,0.0,0.2,0.1739,0.4145
BVH,2020-04-16,15:04:02,HOSE,STOCK,48.6,52.0,45.2,48.5,48.6,47.2,48.25,48.18,42.169,42.256,41.039,41.952,41.891,448560.0,21610333000.0,0.0,0.0,-0.35,-0.3043,-0.7202
BVH,2020-04-15,15:04:02,HOSE,STOCK,46.2,49.4,43.0,47.0,49.1,46.9,48.6,48.41,40.865,42.691,40.778,42.256,42.091,699600.0,33868761500.0,0.0,0.0,2.4,2.0867,5.1948
BVH,2020-04-14,15:04:02,HOSE,STOCK,46.25,49.45,43.05,46.25,46.6,45.2,46.2,46.0,40.213,40.517,39.3,40.17,39.996,558310.0,25681526500.0,0.0,0.0,-0.05,-0.0435,-0.1081
BVH,2020-04-13,15:04:03,HOSE,STOCK,46.0,49.2,42.8,47.0,47.6,45.9,46.25,46.68,40.865,41.387,39.909,40.213,40.587,688640.0,32144496000.0,0.0,0.0,0.25,0.2174,0.5435
BVH,2020-04-10,15:04:01,HOSE,STOCK,47.2,50.5,43.9,47.0,48.1,45.55,46.0,46.77,40.865,41.822,39.605,39.996,40.665,750810.0,35114340500.0,0.0,0.0,-1.2,-1.0434,-2.5424
BVH,2020-04-09,15:04:02,HOSE,STOCK,47.8,51.1,44.5,47.8,49.6,47.0,47.2,48.5,41.561,43.126,40.865,41.039,42.169,803850.0,38990682000.0,0.0,0.0,-0.6,-0.5217,-1.2552
BVH,2020-04-08,15:04:02,HOSE,STOCK,47.8,51.1,44.5,46.0,49.5,44.8,47.8,46.18,39.996,43.039,38.952,41.561,40.152,993810.0,45890967000.0,0.0,0.0,0.0,0.0,0.0
BVH,2020-04-07,15:04:02,HOSE,STOCK,45.25,48.4,42.1,45.5,47.9,44.7,47.8,45.81,39.561,41.648,38.865,41.561,39.831,851500.0,39009390500.0,0.0,0.0,2.55,2.2172,5.6354
BVH,2020-04-06,15:04:02,HOSE,STOCK,42.3,45.25,39.35,42.4,45.25,42.35,45.25,44.07,36.866,39.344,36.822,39.344,38.318,1131900.0,49883619000.0,0.0,0.0,2.95,2.565,6.974
BVH,2020-04-03,15:04:02,HOSE,STOCK,39.55,42.3,36.8,40.5,42.3,40.5,42.3,41.7,35.214,36.779,35.214,36.779,36.257,1120910.0,46738414000.0,0.0,0.0,2.75,2.3911,6.9532
BVH,2020-04-01,15:04:02,HOSE,STOCK,37.0,39.55,34.45,37.0,39.55,36.9,39.55,39.28,32.171,34.388,32.084,34.388,34.153,640300.0,25153366500.0,0.0,0.0,2.55,2.2172,6.8919
BVH,2020-03-31,15:03:03,HOSE,STOCK,36.0,38.5,33.5,36.0,37.7,35.7,37.0,36.97,31.301,32.779,31.04,32.171,32.144,805060.0,29763708000.0,0.0,0.0,1.0,0.8695,2.7778
BVH,2020-03-30,15:03:02,HOSE,STOCK,38.0,40.65,35.35,35.7,37.8,35.35,36.0,35.76,31.04,32.866,30.736,31.301,31.092,539450.0,19292334000.0,0.0,0.0,-2.0,-1.7389,-5.2632
BVH,2020-03-27,15:03:02,HOSE,STOCK,39.5,42.25,36.75,40.0,40.8,38.0,38.0,38.96,34.779,35.475,33.04,33.04,33.875,891510.0,34733205500.0,0.0,0.0,-1.5,-1.3042,-3.7975
BVH,2020-03-26,15:03:02,HOSE,STOCK,36.95,39.5,34.4,37.8,39.5,37.5,39.5,39.03,32.866,34.344,32.605,34.344,33.936,1358190.0,53016615000.0,0.0,0.0,2.55,2.2171,6.9012
BVH,2020-03-25,15:03:02,HOSE,STOCK,34.55,36.95,32.15,36.45,36.95,36.2,36.95,36.77,31.692,32.127,31.475,32.127,31.971,572360.0,21043986000.0,0.0,0.0,2.4,2.0867,6.9465
BVH,2020-03-24,15:03:02,HOSE,STOCK,32.3,34.55,30.05,33.0,34.55,32.5,34.55,34.17,28.693,30.04,28.258,30.04,29.71,656590.0,22434711000.0,0.0,0.0,2.25,1.9563,6.9659
BVH,2020-03-23,15:03:02,HOSE,STOCK,34.7,37.1,32.3,35.0,35.0,32.3,32.3,32.95,30.432,30.432,28.084,28.084,28.649,719140.0,23698608000.0,0.0,0.0,-2.4,-2.0867,-6.9164
BVH,2020-03-20,15:03:02,HOSE,STOCK,37.1,39.65,34.55,37.1,37.8,34.7,34.7,35.74,32.257,32.866,30.171,30.171,31.075,1738250.0,62133670000.0,0.0,0.0,-2.4,-2.0868,-6.469
BVH,2020-03-19,15:03:02,HOSE,STOCK,39.0,41.7,36.3,38.8,38.8,36.8,37.1,37.26,33.736,33.736,31.997,32.257,32.397,410470.0,15295597500.0,0.0,0.0,-1.9,-1.652,-4.8718
BVH,2020-03-18,15:03:02,HOSE,STOCK,39.0,41.7,36.3,39.7,40.2,39.0,39.0,39.43,34.518,34.953,33.909,33.909,34.283,359810.0,14185963000.0,0.0,0.0,0.0,0.0,0.0
BVH,2020-03-17,15:03:02,HOSE,STOCK,38.5,41.15,35.85,38.0,40.0,36.5,39.0,37.66,33.04,34.779,31.736,33.909,32.744,259670.0,9778973500.0,0.0,0.0,0.5,0.4347,1.2987
BVH,2020-03-16,15:03:03,HOSE,STOCK,40.45,43.25,37.65,40.5,41.0,38.5,38.5,39.81,35.214,35.648,33.475,33.475,34.614,256330.0,10204611500.0,0.0,0.0,-1.95,-1.6955,-4.8208
BVH,2020-03-13,15:03:03,HOSE,STOCK,42.45,45.4,39.5,39.5,42.0,39.5,40.45,39.62,34.344,36.518,34.344,35.17,34.449,771590.0,30573912500.0,0.0,0.0,-2.0,-1.7389,-4.7114
BVH,2020-03-12,15:03:07,HOSE,STOCK,45.6,48.75,42.45,42.8,45.0,42.45,42.45,42.54,37.213,39.126,36.909,36.909,36.987,333240.0,14177375000.0,0.0,0.0,-3.15,-2.7388,-6.9079
BVH,2020-03-11,15:03:03,HOSE,STOCK,48.7,52.1,45.3,48.7,50.6,45.3,45.6,46.86,42.343,43.995,39.387,39.648,40.744,333320.0,15620574500.0,0.0,0.0,-3.1,-2.6954,-6.3655
BVH,2020-03-10,15:03:03,HOSE,STOCK,51.3,54.8,47.75,48.3,52.0,47.75,48.7,48.68,41.996,45.213,41.517,42.343,42.326,379820.0,18491450500.0,0.0,0.0,-2.6,-2.2606,-5.0682
BVH,2020-03-09,15:03:02,HOSE,STOCK,55.1,58.9,51.3,51.5,52.0,51.3,51.3,51.39,44.778,45.213,44.604,44.604,44.682,223930.0,11508007000.0,0.0,0.0,-3.8,-3.304,-6.8966
BVH,2020-03-06,15:03:04,HOSE,STOCK,55.2,59.0,51.4,55.0,55.5,54.6,55.1,54.89,47.821,48.256,47.473,47.908,47.725,140150.0,7692476000.0,0.0,0.0,-0.1,-0.0869,-0.1812
BVH,2020-03-05,15:03:04,HOSE,STOCK,55.7,59.5,51.9,56.2,56.2,55.1,55.2,55.64,48.864,48.864,47.908,47.995,48.378,180900.0,10065816000.0,0.0,0.0,-0.5,-0.4347,-0.8977
BVH,2020-03-04,15:03:02,HOSE,STOCK,55.7,59.5,51.9,55.7,55.7,55.0,55.7,55.36,48.43,48.43,47.821,48.43,48.134,98150.0,5433411000.0,0.0,0.0,0.0,0.0,0.0
BVH,2020-03-03,15:03:03,HOSE,STOCK,54.7,58.5,50.9,55.5,55.8,54.9,55.7,55.31,48.256,48.517,47.734,48.43,48.091,134260.0,7425350000.0,0.0,0.0,1.0,0.8695,1.8282
BVH,2020-03-02,15:03:04,HOSE,STOCK,54.9,58.7,51.1,54.9,55.5,54.7,54.7,55.17,47.734,48.256,47.56,47.56,47.969,150220.0,8287391000.0,0.0,0.0,-0.2,-0.1739,-0.3643
BVH,2020-02-28,15:02:02,HOSE,STOCK,56.4,60.3,52.5,55.0,55.5,54.5,54.9,54.85,47.821,48.256,47.386,47.734,47.691,225310.0,12357956000.0,0.0,0.0,-1.5,-1.3042,-2.6596
BVH,2020-02-27,15:02:02,HOSE,STOCK,55.5,59.3,51.7,55.6,56.4,54.6,56.4,55.25,48.343,49.038,47.473,49.038,48.038,240770.0,13303132000.0,0.0,0.0,0.9,0.7825,1.6216
BVH,2020-02-26,15:02:03,HOSE,STOCK,56.9,60.8,53.0,55.7,56.6,55.5,55.5,55.85,48.43,49.212,48.256,48.256,48.56,258550.0,14439239000.0,0.0,0.0,-1.4,-1.2173,-2.4605
BVH,2020-02-25,15:02:02,HOSE,STOCK,56.0,59.9,52.1,55.5,56.9,55.5,56.9,55.88,48.256,49.473,48.256,49.473,48.586,98010.0,5477089000.0,0.0,0.0,0.9,0.7825,1.6071
BVH,2020-02-24,15:02:03,HOSE,STOCK,58.5,62.5,54.5,54.5,57.5,54.5,56.0,56.14,47.386,49.995,47.386,48.691,48.812,211810.0,11891248000.0,0.0,0.0,-2.5,-2.1737,-4.2735
BVH,2020-02-21,15:02:02,HOSE,STOCK,57.5,61.5,53.5,57.5,59.8,57.5,58.5,58.68,49.995,51.995,49.995,50.864,51.021,369290.0,21668689000.0,0.0,0.0,1.0,0.8695,1.7391
BVH,2020-02-20,15:02:03,HOSE,STOCK,56.4,60.3,52.5,56.4,58.0,56.4,57.5,57.0,49.038,50.429,49.038,49.995,49.56,281140.0,16025262000.0,0.0,0.0,1.1,0.9564,1.9504
BVH,2020-02-19,15:02:02,HOSE,STOCK,56.1,60.0,52.2,56.1,57.0,55.5,56.4,56.18,48.777,49.56,48.256,49.038,48.847,159970.0,8987490000.0,0.0,0.0,0.3,0.2608,0.5348
BVH,2020-02-18,15:02:04,HOSE,STOCK,56.4,60.3,52.5,57.3,57.3,56.0,56.1,56.19,49.821,49.821,48.691,48.777,48.856,313670.0,17624155000.0,0.0,0.0,-0.3,-0.2608,-0.5319
BVH,2020-02-17,15:02:03,HOSE,STOCK,57.0,60.9,53.1,57.0,57.5,56.4,56.4,56.71,49.56,49.995,49.038,49.038,49.308,178000.0,10094043000.0,0.0,0.0,-0.6,-0.5217,-1.0526
BVH,2020-02-14,15:02:03,HOSE,STOCK,57.5,61.5,53.5,57.5,57.7,57.0,57.0,57.24,49.995,50.169,49.56,49.56,49.769,215320.0,12324699000.0,0.0,0.0,-0.5,-0.4347,-0.8696
BVH,2020-02-13,15:02:03,HOSE,STOCK,57.5,61.5,53.5,58.3,58.3,57.3,57.5,57.55,50.69,50.69,49.821,49.995,50.038,145610.0,8379628000.0,0.0,0.0,0.0,0.0,0.0
BVH,2020-02-12,15:02:02,HOSE,STOCK,57.8,61.8,53.8,59.3,59.3,57.4,57.5,58.05,51.56,51.56,49.908,49.995,50.473,192330.0,11165061000.0,0.0,0.0,-0.3,-0.2608,-0.519
BVH,2020-02-11,15:02:04,HOSE,STOCK,57.5,61.5,53.5,57.5,58.0,57.3,57.8,57.65,49.995,50.429,49.821,50.256,50.125,210080.0,12111098000.0,0.0,0.0,0.3,0.2608,0.5217
BVH,2020-02-10,15:02:02,HOSE,STOCK,59.8,63.9,55.7,59.7,59.7,57.2,57.5,57.91,51.908,51.908,49.734,49.995,50.351,208410.0,12068252000.0,0.0,0.0,-2.3,-1.9998,-3.8462
BVH,2020-02-07,15:02:03,HOSE,STOCK,58.4,62.4,54.4,59.6,59.8,58.6,59.8,59.54,51.821,51.995,50.951,51.995,51.768,158980.0,9465720000.0,0.0,0.0,1.4,1.2173,2.3973
BVH,2020-02-06,15:02:03,HOSE,STOCK,56.8,60.7,52.9,58.0,58.4,57.1,58.4,57.93,50.429,50.777,49.647,50.777,50.369,176570.0,10229362000.0,0.0,0.0,1.6,1.3912,2.8169
BVH,2020-02-05,15:02:02,HOSE,STOCK,55.7,59.5,51.9,55.9,57.1,55.8,56.8,56.63,48.604,49.647,48.517,49.386,49.238,298760.0,16917885000.0,0.0,0.0,1.1,0.9564,1.9749
BVH,2020-02-04,15:02:02,HOSE,STOCK,55.6,59.4,51.8,55.1,57.0,55.1,55.7,55.86,47.908,49.56,47.908,48.43,48.569,312880.0,17478714000.0,0.0,0.0,0.1,0.0869,0.1799
BVH,2020-02-03,15:02:03,HOSE,STOCK,58.8,62.9,54.7,55.0,58.2,54.7,55.6,55.08,47.821,50.603,47.56,48.343,47.891,270730.0,14912464000.0,0.0,0.0,-3.2,-2.7823,-5.4422
BVH,2020-01-31,15:01:02,HOSE,STOCK,63.1,67.5,58.7,63.1,64.6,58.8,58.8,62.19,54.864,56.168,51.125,51.125,54.073,176570.0,10981521000.0,0.0,0.0,-4.3,-3.7387,-6.8146
BVH,2020-01-30,15:01:01,HOSE,STOCK,67.0,71.6,62.4,65.9,66.0,62.5,63.1,64.19,57.298,57.385,54.342,54.864,55.812,335430.0,21530203000.0,0.0,0.0,-3.9,-3.391,-5.8209
BVH,2020-01-22,15:01:02,HOSE,STOCK,65.9,70.5,61.3,65.3,67.0,65.2,67.0,65.96,56.777,58.255,56.69,58.255,57.35,156250.0,10305499000.0,0.0,0.0,1.1,0.9564,1.6692
BVH,2020-01-21,15:01:03,HOSE,STOCK,65.4,69.9,60.9,65.8,65.9,65.2,65.9,65.5,57.211,57.298,56.69,57.298,56.951,119020.0,7796268000.0,0.0,0.0,0.5,0.4347,0.7645
BVH,2020-01-20,15:01:02,HOSE,STOCK,65.9,70.5,61.3,65.9,66.2,65.1,65.4,65.75,57.298,57.559,56.603,56.864,57.168,107680.0,7079705000.0,0.0,0.0,-0.5,-0.4347,-0.7587
BVH,2020-01-17,15:01:02,HOSE,STOCK,66.0,70.6,61.4,66.1,66.1,65.7,65.9,65.85,57.472,57.472,57.124,57.298,57.255,131930.0,8687147000.0,0.0,0.0,-0.1,-0.0869,-0.1515
BVH,2020-01-16,15:01:01,HOSE,STOCK,65.9,70.5,61.3,65.8,66.3,65.8,66.0,66.01,57.211,57.646,57.211,57.385,57.394,157100.0,10369726000.0,0.0,0.0,0.1,0.0869,0.1517
BVH,2020-01-15,15:01:02,HOSE,STOCK,66.0,70.6,61.4,66.4,66.4,65.3,65.9,65.86,57.733,57.733,56.777,57.298,57.264,92440.0,6088136000.0,0.0,0.0,-0.1,-0.0869,-0.1515
BVH,2020-01-14,15:01:02,HOSE,STOCK,66.7,71.3,62.1,66.5,67.0,65.0,66.0,65.6,57.82,58.255,56.516,57.385,57.037,171640.0,11259811000.0,0.0,0.0,-0.7,-0.6086,-1.0495
BVH,2020-01-13,15:01:03,HOSE,STOCK,67.0,71.6,62.4,66.9,67.0,66.5,66.7,66.72,58.168,58.255,57.82,57.994,58.011,63230.0,4218705000.0,0.0,0.0,-0.3,-0.2608,-0.4478
BVH,2020-01-10,15:01:03,HOSE,STOCK,65.1,69.6,60.6,66.0,67.3,65.0,67.0,66.32,57.385,58.516,56.516,58.255,57.663,136260.0,9036406000.0,0.0,0.0,1.9,1.652,2.9186
BVH,2020-01-09,15:01:03,HOSE,STOCK,66.0,70.6,61.4,67.2,67.2,65.1,65.1,66.32,58.429,58.429,56.603,56.603,57.663,157250.0,10429408000.0,0.0,0.0,-0.9,-0.7825,-1.3636
BVH,2020-01-08,15:01:02,HOSE,STOCK,67.5,72.2,62.8,66.9,66.9,65.7,66.0,66.13,58.168,58.168,57.124,57.385,57.498,163230.0,10793634000.0,0.0,0.0,-1.5,-1.3042,-2.2222
BVH,2020-01-07,15:01:02,HOSE,STOCK,67.6,72.3,62.9,67.9,68.0,67.4,67.5,67.59,59.037,59.124,58.603,58.689,58.768,67160.0,4539174000.0,0.0,0.0,-0.1,-0.0869,-0.1479
BVH,2020-01-06,15:01:02,HOSE,STOCK,68.6,73.4,63.8,68.3,68.5,67.6,67.6,67.96,59.385,59.559,58.776,58.776,59.089,129160.0,8777685000.0,0.0,0.0,-1.0,-0.8695,-1.4577
BVH,2020-01-03,15:01:03,HOSE,STOCK,69.0,73.8,64.2,69.4,69.4,68.5,68.6,68.68,60.341,60.341,59.559,59.646,59.715,59290.0,4072307000.0,0.0,0.0,-0.4,-0.3478,-0.5797
BVH,2020-01-02,15:01:02,HOSE,STOCK,68.6,73.4,63.8,68.6,69.5,68.6,69.0,69.2,59.646,60.428,59.646,59.994,60.168,87010.0,6021351000.0,0.0,0.0,0.4,0.3478,0.5831
BVH,2019-12-31,15:12:01,HOSE,STOCK,69.4,74.2,64.6,69.1,70.5,68.6,68.6,69.24,60.081,61.298,59.646,59.646,60.202,85290.0,5905296000.0,0.0,0.0,-0.8,-0.6956,-1.1527
BVH,2019-12-30,15:12:02,HOSE,STOCK,68.8,73.6,64.0,69.0,69.5,68.5,69.4,69.09,59.994,60.428,59.559,60.341,60.072,137330.0,9488190000.0,0.0,0.0,0.6,0.5217,0.8721
BVH,2019-12-27,15:12:02,HOSE,STOCK,68.0,72.7,63.3,67.9,69.9,67.9,68.8,68.31,59.037,60.776,59.037,59.82,59.394,126510.0,8642065000.0,0.0,0.0,0.8,0.6956,1.1765
BVH,2019-12-26,15:12:03,HOSE,STOCK,68.7,73.5,63.9,68.6,68.7,67.5,68.0,68.02,59.646,59.733,58.689,59.124,59.142,182140.0,12389403000.0,0.0,0.0,-0.7,-0.6086,-1.0189
BVH,2019-12-25,15:12:01,HOSE,STOCK,69.6,74.4,64.8,69.6,70.2,68.7,68.7,69.39,60.515,61.037,59.733,59.733,60.333,165220.0,11464954000.0,0.0,0.0,-0.9,-0.7825,-1.2931
BVH,2019-12-24,15:12:03,HOSE,STOCK,72.0,77.0,67.0,72.0,72.5,69.4,69.6,70.12,62.602,63.037,60.341,60.515,60.967,185890.0,13034766000.0,0.0,0.0,-2.4,-2.0867,-3.3333
BVH,2019-12-23,15:12:01,HOSE,STOCK,72.5,77.5,67.5,72.5,73.3,72.0,72.0,72.58,63.037,63.732,62.602,62.602,63.106,325140.0,23598822000.0,0.0,0.0,-0.5,-0.4347,-0.6897
BVH,2019-12-20,15:12:02,HOSE,STOCK,71.5,76.5,66.5,71.5,73.6,71.5,72.5,72.73,62.167,63.993,62.167,63.037,63.237,957620.0,69646581000.0,0.0,0.0,1.0,0.8695,1.3986
BVH,2019-12-19,15:12:02,HOSE,STOCK,73.0,78.1,67.9,73.0,74.4,71.5,71.5,72.65,63.472,64.689,62.167,62.167,63.167,193310.0,14043367000.0,0.0,0.0,-1.5,-1.3042,-2.0548
BVH,2019-12-18,15:12:02,HOSE,STOCK,72.2,77.2,67.2,72.2,74.6,71.6,73.0,72.59,62.776,64.863,62.254,63.472,63.115,292770.0,21251609000.0,0.0,0.0,0.8,0.6956,1.108
BVH,2019-12-17,15:12:01,HOSE,STOCK,72.7,77.7,67.7,73.5,74.4,72.2,72.2,73.63,63.906,64.689,62.776,62.776,64.019,378650.0,27880429000.0,0.0,0.0,-0.5,-0.4347,-0.6878
BVH,2019-12-16,15:12:02,HOSE,STOCK,68.0,72.7,63.3,68.6,72.7,68.0,72.7,70.97,59.646,63.211,59.124,63.211,61.707,434040.0,30803132000.0,0.0,0.0,4.7,4.0865,6.9118
BVH,2019-12-13,15:12:01,HOSE,STOCK,68.0,72.7,63.3,68.0,68.3,67.0,68.0,67.86,59.124,59.385,58.255,59.124,59.002,137540.0,9333781000.0,0.0,0.0,0.0,0.0,0.0
BVH,2019-12-12,15:12:02,HOSE,STOCK,68.0,72.7,63.3,67.7,68.4,67.6,68.0,67.92,58.863,59.472,58.776,59.124,59.055,169360.0,11503243000.0,0.0,0.0,0.0,0.0,0.0
BVH,2019-12-11,15:12:02,HOSE,STOCK,67.7,72.4,63.0,68.1,68.5,67.5,68.0,67.82,59.211,59.559,58.689,59.124,58.968,91410.0,6199688000.0,0.0,0.0,0.3,0.2608,0.4431
BVH,2019-12-10,15:12:04,HOSE,STOCK,65.7,70.2,61.2,66.0,68.9,66.0,67.7,67.97,57.385,59.907,57.385,58.863,59.098,267860.0,18206606000.0,0.0,0.0,2.0,1.7389,3.0441
BVH,2019-12-09,15:12:02,HOSE,STOCK,65.8,70.4,61.2,66.0,66.0,65.4,65.7,65.71,57.385,57.385,56.864,57.124,57.133,120840.0,7939893000.0,0.0,0.0,-0.1,-0.0869,-0.152
BVH,2019-12-06,15:12:02,HOSE,STOCK,66.2,70.8,61.6,66.2,66.2,65.0,65.8,65.55,57.559,57.559,56.516,57.211,56.994,108190.0,7091868000.0,0.0,0.0,-0.4,-0.3478,-0.6042
BVH,2019-12-05,15:12:02,HOSE,STOCK,66.8,71.4,62.2,66.8,67.7,66.0,66.2,67.02,58.081,58.863,57.385,57.559,58.272,105160.0,7047678000.0,0.0,0.0,-0.6,-0.5217,-0.8982
BVH,2019-12-04,15:12:02,HOSE,STOCK,66.7,71.3,62.1,66.7,67.1,65.1,66.8,65.67,57.994,58.342,56.603,58.081,57.098,130450.0,8566776000.0,0.0,0.0,0.1,0.0869,0.1499
BVH,2019-12-03,15:12:03,HOSE,STOCK,68.5,73.2,63.8,68.1,68.8,66.5,66.7,67.62,59.211,59.82,57.82,57.994,58.794,199420.0,13485162000.0,0.0,0.0,-1.8,-1.5651,-2.6277
BVH,2019-12-02,15:12:02,HOSE,STOCK,70.3,75.2,65.4,70.9,70.9,68.5,68.5,69.62,61.646,61.646,59.559,59.559,60.533,88870.0,6187196000.0,0.0,0.0,-1.8,-1.5651,-2.5605
BVH,2019-11-29,15:11:02,HOSE,STOCK,70.1,75.0,65.2,70.1,70.4,69.8,70.3,70.04,60.95,61.211,60.689,61.124,60.898,67070.0,4697820000.0,0.0,0.0,0.2,0.1739,0.2853
BVH,2019-11-28,15:11:04,HOSE,STOCK,71.0,75.9,66.1,70.8,71.5,69.9,70.1,70.34,61.559,62.167,60.776,60.95,61.159,114250.0,8036364000.0,0.0,0.0,-0.9,-0.7825,-1.2676
BVH,2019-11-27,15:11:03,HOSE,STOCK,71.4,76.3,66.5,71.4,71.9,71.0,71.0,71.23,62.08,62.515,61.733,61.733,61.933,108940.0,7760322000.0,0.0,0.0,-0.4,-0.3478,-0.5602
BVH,2019-11-26,15:11:02,HOSE,STOCK,72.1,77.1,67.1,71.9,72.4,71.4,71.4,71.74,62.515,62.95,62.08,62.08,62.376,121720.0,8732660000.0,0.0,0.0,-0.7,-0.6086,-0.9709
BVH,2019-11-25,15:11:03,HOSE,STOCK,70.9,75.8,66.0,71.0,72.2,70.9,72.1,71.77,61.733,62.776,61.646,62.689,62.402,112070.0,8043217000.0,0.0,0.0,1.2,1.0434,1.6925
BVH,2019-11-22,15:11:02,HOSE,STOCK,70.5,75.4,65.6,71.0,71.7,70.4,70.9,70.92,61.733,62.341,61.211,61.646,61.663,135120.0,9582536000.0,0.0,0.0,0.4,0.3478,0.5674
BVH,2019-11-21,15:11:04,HOSE,STOCK,72.1,77.1,67.1,71.6,72.0,70.5,70.5,71.04,62.254,62.602,61.298,61.298,61.767,195650.0,13899000000.0,0.0,0.0,-1.6,-1.3912,-2.2191
BVH,2019-11-20,15:11:04,HOSE,STOCK,72.5,77.5,67.5,72.2,72.3,71.9,72.1,72.06,62.776,62.863,62.515,62.689,62.654,118680.0,8552066000.0,0.0,0.0,-0.4,-0.3478,-0.5517
BVH,2019-11-19,15:11:04,HOSE,STOCK,73.0,78.1,67.9,73.0,73.0,72.4,72.5,72.54,63.472,63.472,62.95,63.037,63.072,179930.0,13052729000.0,0.0,0.0,-0.5,-0.4347,-0.6849
BVH,2019-11-18,15:11:02,HOSE,STOCK,73.2,78.3,68.1,73.0,73.5,72.9,73.0,73.11,63.472,63.906,63.385,63.472,63.567,110590.0,8085651000.0,0.0,0.0,-0.2,-0.1739,-0.2732
BVH,2019-11-15,15:11:02,HOSE,STOCK,72.5,77.5,67.5,73.0,73.9,72.7,73.2,73.49,63.472,64.254,63.211,63.645,63.898,118990.0,8744832000.0,0.0,0.0,0.7,0.6086,0.9655
BVH,2019-11-14,15:11:02,HOSE,STOCK,73.0,78.1,67.9,72.6,73.6,72.6,73.5,73.29,62.265,63.123,62.265,63.037,62.857,105870.0,7758687000.0,0.0,0.0,0.5,0.4288,0.6849
BVH,2019-11-13,15:11:05,HOSE,STOCK,73.8,78.9,68.7,74.0,74.0,72.6,73.0,73.22,63.466,63.466,62.265,62.608,62.797,194320.0,14228474000.0,0.0,0.0,-0.8,-0.6861,-1.084
BVH,2019-11-12,15:11:03,HOSE,STOCK,73.6,78.7,68.5,73.6,74.0,73.0,73.8,73.58,63.123,63.466,62.608,63.294,63.106,136550.0,10047447000.0,0.0,0.0,0.2,0.1715,0.2717
BVH,2019-11-11,15:11:02,HOSE,STOCK,73.6,78.7,68.5,73.6,74.3,73.2,73.6,73.89,63.123,63.723,62.78,63.123,63.372,135680.0,10024959000.0,0.0,0.0,0.0,0.0,0.0
BVH,2019-11-08,15:11:01,HOSE,STOCK,74.1,79.2,69.0,74.4,74.5,73.5,73.6,73.92,63.809,63.895,63.037,63.123,63.397,164590.0,12166850000.0,0.0,0.0,-0.5,-0.4288,-0.6748
BVH,2019-11-07,15:11:02,HOSE,STOCK,75.1,80.3,69.9,75.1,75.1,74.0,74.1,74.28,64.409,64.409,63.466,63.552,63.706,192310.0,14285217000.0,0.0,0.0,-1.0,-0.8577,-1.3316
BVH,2019-11-06,15:11:01,HOSE,STOCK,75.2,80.4,70.0,75.4,75.4,74.7,75.1,75.11,64.667,64.667,64.066,64.409,64.418,201360.0,15125048000.0,0.0,0.0,-0.1,-0.0858,-0.133
BVH,2019-11-05,15:11:03,HOSE,STOCK,74.0,79.1,68.9,74.0,75.5,73.8,75.2,74.81,63.466,64.752,63.294,64.495,64.161,365140.0,27316982000.0,0.0,0.0,1.2,1.0292,1.6216
BVH,2019-11-04,15:11:03,HOSE,STOCK,74.0,79.1,68.9,74.6,74.7,73.6,74.0,74.39,63.981,64.066,63.123,63.466,63.8,232940.0,17327538000.0,0.0,0.0,0.0,0.0,0.0
BVH,2019-11-01,15:11:03,HOSE,STOCK,72.1,77.1,67.1,72.1,74.1,72.1,74.0,73.56,61.836,63.552,61.836,63.466,63.089,410880.0,30226167000.0,0.0,0.0,1.9,1.6295,2.6352
BVH,2019-10-31,15:10:04,HOSE,STOCK,70.8,75.7,65.9,71.5,72.9,71.4,72.1,72.1,61.322,62.523,61.236,61.836,61.836,318850.0,22987937000.0,0.0,0.0,1.3,1.1149,1.8362
BVH,2019-10-30,15:10:04,HOSE,STOCK,70.9,75.8,66.0,70.9,71.7,70.7,70.8,71.14,60.807,61.493,60.636,60.722,61.013,146510.0,10422554000.0,0.0,0.0,-0.1,-0.0858,-0.141
BVH,2019-10-29,15:10:01,HOSE,STOCK,71.0,75.9,66.1,70.8,71.2,70.8,70.9,70.95,60.722,61.065,60.722,60.807,60.85,99310.0,7046437000.0,0.0,0.0,-0.1,-0.0858,-0.1408
BVH,2019-10-28,15:10:03,HOSE,STOCK,71.5,76.5,66.5,71.4,71.4,70.6,71.0,70.88,61.236,61.236,60.55,60.893,60.79,216540.0,15348212000.0,0.0,0.0,-0.5,-0.4288,-0.6993
BVH,2019-10-25,15:10:01,HOSE,STOCK,70.7,75.6,65.8,70.7,71.6,70.7,71.5,71.14,60.636,61.408,60.636,61.322,61.013,73560.0,5233177000.0,0.0,0.0,0.8,0.6861,1.1315
BVH,2019-10-24,15:10:01,HOSE,STOCK,70.8,75.7,65.9,71.0,71.0,70.5,70.7,70.67,60.893,60.893,60.464,60.636,60.61,84560.0,5975742000.0,0.0,0.0,-0.1,-0.0858,-0.1412
BVH,2019-10-23,15:10:03,HOSE,STOCK,70.5,75.4,65.6,70.4,71.4,70.4,70.8,70.91,60.378,61.236,60.378,60.722,60.816,76080.0,5394829000.0,0.0,0.0,0.3,0.2573,0.4255
BVH,2019-10-22,15:10:02,HOSE,STOCK,70.8,75.7,65.9,70.4,70.8,70.2,70.5,70.51,60.378,60.722,60.207,60.464,60.473,124850.0,8803479000.0,0.0,0.0,-0.3,-0.2573,-0.4237
BVH,2019-10-21,15:10:03,HOSE,STOCK,71.4,76.3,66.5,71.6,71.6,70.5,70.8,71.23,61.408,61.408,60.464,60.722,61.09,101280.0,7214303000.0,0.0,0.0,-0.6,-0.5146,-0.8403
BVH,2019-10-18,15:10:05,HOSE,STOCK,71.3,76.2,66.4,71.3,71.6,71.3,71.4,71.44,61.15,61.408,61.15,61.236,61.27,61890.0,4421165000.0,0.0,0.0,0.1,0.0858,0.1403
BVH,2019-10-17,15:10:02,HOSE,STOCK,71.8,76.8,66.8,71.6,71.8,71.3,71.3,71.47,61.408,61.579,61.15,61.15,61.296,135060.0,9652554000.0,0.0,0.0,-0.5,-0.4288,-0.6964
BVH,2019-10-16,15:10:03,HOSE,STOCK,71.6,76.6,66.6,71.9,72.0,71.5,71.8,71.75,61.665,61.751,61.322,61.579,61.536,104680.0,7511280000.0,0.0,0.0,0.2,0.1715,0.2793
BVH,2019-10-15,15:10:02,HOSE,STOCK,72.0,77.0,67.0,72.0,72.2,71.5,71.6,71.66,61.751,61.922,61.322,61.408,61.459,106480.0,7629961000.0,0.0,0.0,-0.4,-0.3431,-0.5556
BVH,2019-10-14,15:10:02,HOSE,STOCK,72.1,77.1,67.1,72.3,72.3,72.0,72.0,72.15,62.008,62.008,61.751,61.751,61.879,101310.0,7309712000.0,0.0,0.0,-0.1,-0.0858,-0.1387
BVH,2019-10-11,15:10:03,HOSE,STOCK,71.5,76.5,66.5,71.5,73.0,71.5,72.1,72.33,61.322,62.608,61.322,61.836,62.034,69830.0,5050715000.0,0.0,0.0,0.6,0.5146,0.8392
BVH,2019-10-10,15:10:03,HOSE,STOCK,71.2,76.1,66.3,71.0,71.8,71.0,71.5,71.49,60.893,61.579,60.893,61.322,61.313,119930.0,8573886000.0,0.0,0.0,0.3,0.2573,0.4213
BVH,2019-10-09,15:10:01,HOSE,STOCK,71.9,76.9,66.9,71.9,71.9,70.8,71.2,71.16,61.665,61.665,60.722,61.065,61.03,108940.0,7751838000.0,0.0,0.0,-0.7,-0.6004,-0.9736
BVH,2019-10-08,15:10:02,HOSE,STOCK,70.7,75.6,65.8,71.0,72.0,71.0,71.9,71.51,60.893,61.751,60.893,61.665,61.33,133110.0,9519146000.0,0.0,0.0,1.2,1.0292,1.6973
BVH,2019-10-07,15:10:02,HOSE,STOCK,72.8,77.8,67.8,72.5,73.0,70.7,70.7,71.87,62.18,62.608,60.636,60.636,61.639,377380.0,27122191000.0,0.0,0.0,-2.1,-1.8011,-2.8846
BVH,2019-10-04,15:10:04,HOSE,STOCK,74.5,79.7,69.3,74.8,74.8,72.8,72.8,73.42,64.152,64.152,62.437,62.437,62.969,236400.0,17357108000.0,0.0,0.0,-1.7,-1.458,-2.2819
BVH,2019-10-03,15:10:02,HOSE,STOCK,74.8,80.0,69.6,73.2,74.5,73.1,74.5,73.9,62.78,63.895,62.694,63.895,63.38,145590.0,10759605000.0,0.0,0.0,-0.3,-0.2573,-0.4011
BVH,2019-10-02,15:10:03,HOSE,STOCK,75.7,80.9,70.5,75.5,76.0,74.7,74.8,75.13,64.752,65.181,64.066,64.152,64.435,140250.0,10536450000.0,0.0,0.0,-0.9,-0.7719,-1.1889
BVH,2019-10-01,15:10:03,HOSE,STOCK,74.8,80.0,69.6,74.8,76.4,74.8,75.7,75.92,64.152,65.524,64.152,64.924,65.113,223610.0,16976135000.0,0.0,0.0,0.9,0.7719,1.2032
BVH,2019-09-30,15:09:03,HOSE,STOCK,73.3,78.4,68.2,73.5,75.9,73.5,74.8,75.0,63.037,65.096,63.037,64.152,64.324,538970.0,40420269000.0,0.0,0.0,1.5,1.2865,2.0464
BVH,2019-09-27,15:09:09,HOSE,STOCK,72.3,77.3,67.3,72.5,73.7,72.1,73.3,73.0,62.18,63.209,61.836,62.866,62.608,312160.0,22786697000.0,0.0,0.0,1.0,0.8577,1.3831
BVH,2019-09-26,15:09:02,HOSE,STOCK,72.1,77.1,67.1,72.3,72.8,71.8,72.3,72.19,62.008,62.437,61.579,62.008,61.914,216600.0,15637396000.0,0.0,0.0,0.2,0.1715,0.2774
BVH,2019-09-25,15:09:03,HOSE,STOCK,73.2,78.3,68.1,73.0,73.0,72.1,72.1,72.4,62.608,62.608,61.836,61.836,62.094,285900.0,20698397000.0,0.0,0.0,-1.1,-0.9434,-1.5027
BVH,2019-09-24,15:09:04,HOSE,STOCK,73.1,78.2,68.0,73.1,73.6,72.7,73.2,73.32,62.694,63.123,62.351,62.78,62.883,82690.0,6062745000.0,0.0,0.0,0.1,0.0858,0.1368
BVH,2019-09-23,15:09:02,HOSE,STOCK,72.0,77.0,67.0,72.7,73.5,72.7,73.1,73.16,62.351,63.037,62.351,62.694,62.746,106260.0,7774341000.0,0.0,0.0,1.1,0.9434,1.5278
BVH,2019-09-20,15:09:03,HOSE,STOCK,73.7,78.8,68.6,73.3,73.5,72.0,72.0,72.25,62.866,63.037,61.751,61.751,61.965,1437250.0,103839145000.0,0.0,0.0,-1.7,-1.458,-2.3066
BVH,2019-09-19,15:09:04,HOSE,STOCK,73.7,78.8,68.6,73.8,74.0,73.2,73.7,73.56,63.294,63.466,62.78,63.209,63.089,115760.0,8514851000.0,0.0,0.0,0.0,0.0,0.0
BVH,2019-09-18,15:09:02,HOSE,STOCK,73.3,78.4,68.2,73.3,73.9,73.3,73.7,73.72,62.866,63.38,62.866,63.209,63.226,79090.0,5830804000.0,0.0,0.0,0.4,0.3431,0.5457
BVH,2019-09-17,15:09:02,HOSE,STOCK,73.8,78.9,68.7,73.8,73.9,73.3,73.3,73.57,63.294,63.38,62.866,62.866,63.097,99630.0,7329652000.0,0.0,0.0,-0.5,-0.4288,-0.6775
BVH,2019-09-16,15:09:03,HOSE,STOCK,74.3,79.5,69.1,74.5,74.5,73.5,73.8,73.87,63.895,63.895,63.037,63.294,63.355,82100.0,6065111000.0,0.0,0.0,-0.5,-0.4288,-0.6729
BVH,2019-09-13,15:09:03,HOSE,STOCK,73.9,79.0,68.8,74.6,74.6,73.3,74.3,73.86,63.981,63.981,62.866,63.723,63.346,95610.0,7062087000.0,0.0,0.0,0.4,0.3431,0.5413
BVH,2019-09-12,15:09:03,HOSE,STOCK,72.2,77.2,67.2,72.2,74.5,72.2,73.9,73.93,61.922,63.895,61.922,63.38,63.406,86800.0,6417367000.0,0.0,0.0,1.7,1.458,2.3546
BVH,2019-09-11,15:09:02,HOSE,STOCK,72.3,77.3,67.3,72.0,72.9,71.9,72.2,72.08,61.751,62.523,61.665,61.922,61.819,142170.0,10248055000.0,0.0,0.0,-0.1,-0.0858,-0.1383
BVH,2019-09-10,15:09:02,HOSE,STOCK,75.0,80.2,69.8,75.0,75.0,72.1,72.3,73.5,64.324,64.324,61.836,62.008,63.037,226180.0,16625117000.0,0.0,0.0,-2.7,-2.3157,-3.6
BVH,2019-09-09,15:09:06,HOSE,STOCK,75.5,80.7,70.3,75.0,75.5,74.7,75.0,74.98,64.324,64.752,64.066,64.324,64.307,54720.0,4102643000.0,0.0,0.0,-0.5,-0.4288,-0.6623
BVH,2019-09-06,15:09:03,HOSE,STOCK,76.0,81.3,70.7,76.0,76.5,75.5,75.5,75.76,65.181,65.61,64.752,64.752,64.975,41090.0,3112905000.0,0.0,0.0,-0.5,-0.4288,-0.6579
BVH,2019-09-05,15:09:04,HOSE,STOCK,76.0,81.3,70.7,75.9,76.3,75.7,76.0,76.06,65.096,65.439,64.924,65.181,65.233,49380.0,3755806000.0,0.0,0.0,0.0,0.0,0.0
BVH,2019-09-04,15:09:04,HOSE,STOCK,75.5,80.7,70.3,75.3,76.5,75.0,76.0,75.78,64.581,65.61,64.324,65.181,64.993,127710.0,9678031000.0,0.0,0.0,0.5,0.4288,0.6623
BVH,2019-09-03,15:09:04,HOSE,STOCK,76.0,81.3,70.7,76.8,76.8,75.5,75.5,75.74,65.867,65.867,64.752,64.752,64.958,78770.0,5966056000.0,0.0,0.0,-0.5,-0.4288,-0.6579
BVH,2019-08-30,15:08:01,HOSE,STOCK,76.0,81.3,70.7,77.0,77.0,76.0,76.0,76.19,66.039,66.039,65.181,65.181,65.344,64770.0,4934958000.0,0.0,0.0,0.0,0.0,0.0
BVH,2019-08-29,15:08:03,HOSE,STOCK,77.2,82.6,71.8,76.6,76.6,76.0,76.0,76.16,65.696,65.696,65.181,65.181,65.319,166240.0,12660224000.0,0.0,0.0,-1.2,-1.0292,-1.5544
BVH,2019-08-28,15:08:07,HOSE,STOCK,77.0,82.3,71.7,77.0,77.5,76.5,77.2,76.85,66.039,66.468,65.61,66.21,65.91,89400.0,6870247000.0,0.0,0.0,0.2,0.1715,0.2597
BVH,2019-08-27,15:08:02,HOSE,STOCK,77.8,83.2,72.4,77.3,77.8,77.0,77.0,77.28,66.296,66.725,66.039,66.039,66.279,107890.0,8337680000.0,0.0,0.0,-0.8,-0.6861,-1.0283
BVH,2019-08-26,15:08:02,HOSE,STOCK,78.5,83.9,73.1,77.3,78.0,77.1,77.8,77.53,66.296,66.897,66.125,66.725,66.494,85800.0,6651735000.0,0.0,0.0,-0.7,-0.6004,-0.8917
BVH,2019-08-23,15:08:08,HOSE,STOCK,78.7,84.2,73.2,78.8,78.8,77.5,78.5,78.25,67.583,67.583,66.468,67.325,67.111,91040.0,7123466000.0,0.0,0.0,-0.2,-0.1715,-0.2541
BVH,2019-08-22,15:08:03,HOSE,STOCK,77.8,83.2,72.4,78.0,79.8,78.0,78.7,79.09,66.897,68.44,66.897,67.497,67.831,144600.0,11436485000.0,0.0,0.0,0.9,0.7719,1.1568
BVH,2019-08-21,15:08:03,HOSE,STOCK,77.0,82.3,71.7,77.0,77.8,76.9,77.8,77.45,66.039,66.725,65.953,66.725,66.425,85620.0,6631428000.0,0.0,0.0,0.8,0.6861,1.039
BVH,2019-08-20,15:08:03,HOSE,STOCK,77.7,83.1,72.3,77.9,77.9,76.5,77.0,77.11,66.811,66.811,65.61,66.039,66.133,128690.0,9923029000.0,0.0,0.0,-0.7,-0.6004,-0.9009
BVH,2019-08-19,15:08:03,HOSE,STOCK,77.1,82.4,71.8,77.9,77.9,76.8,77.7,77.42,66.811,66.811,65.867,66.639,66.399,42400.0,3282422000.0,0.0,0.0,0.6,0.5146,0.7782
BVH,2019-08-16,15:08:04,HOSE,STOCK,78.4,83.8,73.0,78.0,78.0,77.0,77.1,77.32,66.897,66.897,66.039,66.125,66.313,144210.0,11150906000.0,0.0,0.0,-1.3,-1.1149,-1.6582
BVH,2019-08-15,15:08:02,HOSE,STOCK,78.5,83.9,73.1,77.5,78.4,76.8,78.4,77.49,66.468,67.24,65.867,67.24,66.459,92830.0,7193333000.0,0.0,0.0,-0.1,-0.0858,-0.1274
BVH,2019-08-14,15:08:03,HOSE,STOCK,77.3,82.7,71.9,77.6,78.9,77.6,78.5,78.66,66.554,67.668,66.554,67.325,67.463,88740.0,6979944000.0,0.0,0.0,1.2,1.0292,1.5524
BVH,2019-08-13,15:08:02,HOSE,STOCK,78.0,83.4,72.6,78.0,78.0,77.1,77.3,77.54,66.897,66.897,66.125,66.296,66.502,158390.0,12282082000.0,0.0,0.0,-0.7,-0.6004,-0.8974
BVH,2019-08-12,15:08:03,HOSE,STOCK,78.0,83.4,72.6,78.0,78.3,78.0,78.0,78.05,66.897,67.154,66.897,66.897,66.939,38810.0,3029111000.0,0.0,0.0,0.0,0.0,0.0
BVH,2019-08-09,15:08:04,HOSE,STOCK,79.9,85.4,74.4,79.6,79.9,78.0,78.0,79.17,68.269,68.526,66.897,66.897,67.9,105190.0,8328409000.0,0.0,0.0,-1.9,-1.6295,-2.378
BVH,2019-08-08,15:08:04,HOSE,STOCK,75.5,80.7,70.3,75.5,80.0,75.5,79.9,78.56,64.752,68.612,64.752,68.526,67.377,193150.0,15174797000.0,0.0,0.0,4.4,3.7736,5.8278
BVH,2019-08-07,15:08:02,HOSE,STOCK,77.0,82.3,71.7,77.0,78.3,75.1,75.5,76.44,66.039,67.154,64.409,64.752,65.559,100880.0,7711665000.0,0.0,0.0,-1.5,-1.2865,-1.9481
BVH,2019-08-06,15:08:03,HOSE,STOCK,78.6,84.1,73.1,78.0,78.5,77.0,77.0,77.45,66.897,67.325,66.039,66.039,66.425,173600.0,13444495000.0,0.0,0.0,-1.6,-1.3722,-2.0356
BVH,2019-08-05,15:08:03,HOSE,STOCK,83.0,88.8,77.2,82.5,83.0,78.2,78.6,80.13,70.756,71.185,67.068,67.411,68.723,359980.0,28843736000.0,0.0,0.0,-4.4,-3.7736,-5.3012
BVH,2019-08-02,15:08:03,HOSE,STOCK,84.2,90.0,78.4,84.2,84.2,83.0,83.0,83.37,72.214,72.214,71.185,71.185,71.502,268720.0,22402735000.0,0.0,0.0,-1.2,-1.0292,-1.4252
BVH,2019-08-01,15:08:03,HOSE,STOCK,84.0,89.8,78.2,84.0,85.0,83.6,84.2,84.17,72.043,72.9,71.699,72.214,72.188,147320.0,12399384000.0,0.0,0.0,0.2,0.1715,0.2381
BVH,2019-07-31,15:07:03,HOSE,STOCK,85.3,91.2,79.4,85.1,85.3,83.9,84.0,84.39,72.986,73.157,71.957,72.043,72.377,117780.0,9939763000.0,0.0,0.0,-1.3,-1.115,-1.524
BVH,2019-07-30,15:07:04,HOSE,STOCK,85.5,91.4,79.6,85.0,85.6,84.7,85.3,85.31,72.9,73.415,72.643,73.157,73.166,153390.0,13086379000.0,0.0,0.0,-0.2,-0.1715,-0.2339
BVH,2019-07-29,15:07:03,HOSE,STOCK,85.4,91.3,79.5,85.2,85.8,84.5,85.5,85.21,73.072,73.586,72.471,73.329,73.08,151520.0,12910826000.0,0.0,0.0,0.1,0.0858,0.1171
BVH,2019-07-26,15:07:04,HOSE,STOCK,84.8,90.7,78.9,84.6,85.7,84.6,85.4,85.53,72.557,73.501,72.557,73.243,73.355,225070.0,19249342000.0,0.0,0.0,0.6,0.5146,0.7075
BVH,2019-07-25,15:07:02,HOSE,STOCK,85.2,91.1,79.3,84.6,85.2,84.2,84.8,84.79,72.557,73.072,72.214,72.729,72.72,170270.0,14437830000.0,0.0,0.0,-0.4,-0.3431,-0.4695
BVH,2019-07-24,15:07:01,HOSE,STOCK,84.2,90.0,78.4,84.3,85.2,83.9,85.2,84.48,72.3,73.072,71.957,73.072,72.454,127290.0,10752836000.0,0.0,0.0,1.0,0.8577,1.1876
BVH,2019-07-23,15:07:13,HOSE,STOCK,85.8,91.8,79.8,85.0,86.0,84.2,84.2,84.69,72.9,73.758,72.214,72.214,72.634,157410.0,13331295000.0,0.0,0.0,-1.6,-1.3722,-1.8648
BVH,2019-07-22,15:07:02,HOSE,STOCK,84.5,90.4,78.6,84.3,85.8,83.6,85.8,85.08,72.3,73.586,71.699,73.586,72.969,71060.0,6045946000.0,0.0,0.0,1.3,1.1149,1.5385
BVH,2019-07-19,15:07:03,HOSE,STOCK,85.8,91.8,79.8,85.9,85.9,83.9,84.5,84.6,73.672,73.672,71.957,72.471,72.557,338310.0,28621904000.0,0.0,0.0,-1.3,-1.1149,-1.5152
BVH,2019-07-18,15:07:01,HOSE,STOCK,88.0,94.1,81.9,87.0,87.8,85.8,85.8,86.52,74.615,75.302,73.586,73.586,74.204,372910.0,32263433000.0,0.0,0.0,-2.2,-1.8868,-2.5
BVH,2019-07-17,15:07:02,HOSE,STOCK,86.4,92.4,80.4,86.2,88.6,85.7,88.0,87.58,73.929,75.988,73.501,75.473,75.113,441090.0,38629559000.0,0.0,0.0,1.6,1.3722,1.8519
BVH,2019-07-16,15:07:02,HOSE,STOCK,84.3,90.2,78.4,83.5,86.4,83.5,86.4,85.31,71.614,74.101,71.614,74.101,73.166,204330.0,17431052000.0,0.0,0.0,2.1,1.8011,2.4911
BVH,2019-07-15,15:07:02,HOSE,STOCK,84.9,90.8,79.0,84.8,85.1,83.0,84.3,84.5,72.729,72.986,71.185,72.3,72.471,163750.0,13836737000.0,0.0,0.0,-0.6,-0.5146,-0.7067
BVH,2019-07-12,15:07:02,HOSE,STOCK,84.9,90.8,79.0,84.9,85.6,84.9,84.9,85.3,72.814,73.415,72.814,72.814,73.157,192430.0,16414535000.0,0.0,0.0,0.0,0.0,0.0
BVH,2019-07-11,15:07:01,HOSE,STOCK,84.6,90.5,78.7,84.6,84.9,84.6,84.9,84.82,72.557,72.814,72.557,72.814,72.746,143890.0,12204185000.0,0.0,0.0,0.3,0.2573,0.3546
BVH,2019-07-10,15:07:02,HOSE,STOCK,83.4,89.2,77.6,83.4,84.7,83.3,84.6,84.06,71.528,72.643,71.442,72.557,72.094,284930.0,23951569000.0,0.0,0.0,1.2,1.0292,1.4388
BVH,2019-07-09,15:07:02,HOSE,STOCK,82.9,88.7,77.1,82.9,83.4,82.8,83.4,83.07,71.099,71.528,71.013,71.528,71.245,188400.0,15649838000.0,0.0,0.0,0.5,0.4288,0.6031
BVH,2019-07-08,15:07:05,HOSE,STOCK,82.9,88.7,77.1,83.0,83.2,82.5,82.9,82.94,71.185,71.356,70.756,71.099,71.133,199930.0,16582549000.0,0.0,0.0,0.0,0.0,0.0
BVH,2019-07-05,15:07:02,HOSE,STOCK,82.7,88.4,77.0,83.0,83.2,82.0,82.9,82.92,71.185,71.356,70.327,71.099,71.116,106450.0,8827001000.0,0.0,0.0,0.2,0.1715,0.2418
BVH,2019-07-04,15:07:03,HOSE,STOCK,82.7,88.4,77.0,82.7,83.2,82.2,82.7,82.9,70.928,71.356,70.499,70.928,71.099,167950.0,13922615000.0,0.0,0.0,0.0,0.0,0.0
BVH,2019-07-03,15:07:03,HOSE,STOCK,81.3,86.9,75.7,81.3,82.7,81.0,82.7,82.07,69.727,70.928,69.47,70.928,70.387,440630.0,36162787000.0,0.0,0.0,1.4,1.2007,1.722
BVH,2019-07-02,15:07:02,HOSE,STOCK,81.1,86.7,75.5,80.8,81.4,80.8,81.3,81.13,69.298,69.813,69.298,69.727,69.581,168710.0,13687876000.0,0.0,0.0,0.2,0.1715,0.2466
BVH,2019-07-01,15:07:01,HOSE,STOCK,80.8,86.4,75.2,80.6,81.2,80.3,81.1,80.88,69.126,69.641,68.869,69.555,69.367,188730.0,15265137000.0,0.0,0.0,0.3,0.2573,0.3713
BVH,2019-06-28,15:06:02,HOSE,STOCK,80.9,86.5,75.3,80.3,81.0,80.3,80.8,80.77,68.869,69.47,68.869,69.298,69.272,130010.0,10501284000.0,0.0,0.0,-0.1,-0.0858,-0.1236
BVH,2019-06-27,15:06:02,HOSE,STOCK,80.8,86.4,75.2,80.8,81.9,80.6,80.9,81.15,69.298,70.241,69.126,69.384,69.598,251800.0,20433511000.0,0.0,0.0,0.1,0.0858,0.1238
BVH,2019-06-26,15:06:01,HOSE,STOCK,80.1,85.7,74.5,80.0,80.8,79.5,80.8,80.4,68.612,69.298,68.183,69.298,68.955,481930.0,38746018000.0,0.0,0.0,0.7,0.6004,0.8739
BVH,2019-06-25,15:06:01,HOSE,STOCK,80.3,85.9,74.7,80.1,80.4,79.9,80.1,80.23,68.698,68.955,68.526,68.698,68.809,261160.0,20952447000.0,0.0,0.0,-0.2,-0.1715,-0.2491
BVH,2019-06-24,15:06:02,HOSE,STOCK,79.5,85.0,74.0,79.3,80.5,78.5,80.3,80.05,68.012,69.041,67.325,68.869,68.655,566940.0,45385083000.0,0.0,0.0,0.8,0.6861,1.0063
BVH,2019-06-21,15:06:02,HOSE,STOCK,80.4,86.0,74.8,80.2,80.3,79.5,79.5,79.59,68.783,68.869,68.183,68.183,68.26,483210.0,38459464000.0,0.0,0.0,-0.9,-0.7719,-1.1194
BVH,2019-06-20,15:06:05,HOSE,STOCK,79.8,85.3,74.3,80.0,80.4,79.5,80.4,80.06,68.612,68.955,68.183,68.955,68.663,389260.0,31163563000.0,0.0,0.0,0.6,0.5146,0.7519
BVH,2019-06-19,15:06:02,HOSE,STOCK,80.5,86.1,74.9,80.2,80.5,79.5,79.8,80.02,68.783,69.041,68.183,68.44,68.629,180940.0,14479234000.0,0.0,0.0,-0.7,-0.6004,-0.8696
BVH,2019-06-18,15:06:03,HOSE,STOCK,80.5,86.1,74.9,80.0,80.6,79.5,80.5,80.17,68.612,69.126,68.183,69.041,68.758,378680.0,30360625000.0,0.0,0.0,0.0,0.0,0.0
BVH,2019-06-17,15:06:02,HOSE,STOCK,80.0,85.6,74.4,80.0,80.5,79.0,80.5,80.05,68.612,69.041,67.754,69.041,68.655,259530.0,20775038000.0,0.0,0.0,0.5,0.4288,0.625
BVH,2019-06-14,15:06:03,HOSE,STOCK,80.0,85.6,74.4,79.6,80.9,79.6,80.0,80.4,68.269,69.384,68.269,68.612,68.955,431440.0,34687444000.0,0.0,0.0,0.0,0.0,0.0
BVH,2019-06-13,15:06:02,HOSE,STOCK,80.3,85.9,74.7,80.0,80.1,79.4,80.0,79.91,68.612,68.698,68.097,68.612,68.535,218690.0,17475607000.0,0.0,0.0,-0.3,-0.2573,-0.3736
BVH,2019-06-12,15:06:02,HOSE,STOCK,79.8,85.3,74.3,79.9,80.9,79.0,80.3,80.44,68.526,69.384,67.754,68.869,68.989,578310.0,46517613000.0,0.0,0.0,0.5,0.4288,0.6266
BVH,2019-06-11,15:06:01,HOSE,STOCK,79.0,84.5,73.5,79.0,79.9,78.3,79.8,79.25,67.754,68.526,67.154,68.44,67.969,394630.0,31276094000.0,0.0,0.0,0.8,0.6861,1.0127
BVH,2019-06-10,15:06:01,HOSE,STOCK,78.3,83.7,72.9,78.6,79.5,78.6,79.0,78.99,67.411,68.183,67.411,67.754,67.746,370010.0,29228498000.0,0.0,0.0,0.7,0.6004,0.894
BVH,2019-06-07,15:06:01,HOSE,STOCK,77.8,83.2,72.4,77.6,78.5,77.6,78.3,78.15,66.554,67.325,66.554,67.154,67.025,305770.0,23894416000.0,0.0,0.0,0.5,0.4288,0.6427
BVH,2019-06-06,15:06:02,HOSE,STOCK,77.8,83.2,72.4,77.1,77.8,77.1,77.8,77.43,66.125,66.725,66.125,66.725,66.408,163610.0,12668015000.0,0.0,0.0,0.0,0.0,0.0
BVH,2019-06-05,15:06:01,HOSE,STOCK,77.8,83.2,72.4,77.8,78.0,77.7,77.8,77.91,66.725,66.897,66.639,66.725,66.819,318460.0,24810612000.0,0.0,0.0,0.0,0.0,0.0
BVH,2019-06-04,15:06:01,HOSE,STOCK,77.3,82.7,71.9,77.0,77.9,76.9,77.8,77.52,66.039,66.811,65.953,66.725,66.485,325360.0,25222909000.0,0.0,0.0,0.5,0.4288,0.6468
BVH,2019-06-03,15:06:01,HOSE,STOCK,76.8,82.1,71.5,75.0,77.5,75.0,77.3,76.8,64.324,66.468,64.324,66.296,65.867,384090.0,29499566000.0,0.0,0.0,0.5,0.4288,0.651
BVH,2019-05-31,15:05:02,HOSE,STOCK,77.5,82.9,72.1,76.3,77.5,76.3,76.8,76.97,65.439,66.468,65.439,65.867,66.013,320170.0,24642051000.0,0.0,0.0,-0.7,-0.6004,-0.9032
BVH,2019-05-30,15:05:01,HOSE,STOCK,77.1,82.4,71.8,77.6,77.9,77.0,77.5,77.46,66.554,66.811,66.039,66.468,66.433,289570.0,22429402000.0,0.0,0.0,0.4,0.3431,0.5188
BVH,2019-05-29,15:05:02,HOSE,STOCK,76.3,81.6,71.0,76.1,77.1,76.0,77.1,76.52,65.267,66.125,65.181,66.125,65.627,183860.0,14068142000.0,0.0,0.0,0.8,0.6861,1.0485
BVH,2019-05-28,15:05:02,HOSE,STOCK,76.3,81.6,71.0,76.3,77.0,75.3,76.3,75.83,65.439,66.039,64.581,65.439,65.036,278150.0,21092655000.0,0.0,0.0,0.0,0.0,0.0
BVH,2019-05-27,15:05:01,HOSE,STOCK,77.2,82.6,71.8,77.2,77.5,76.3,76.3,76.85,66.21,66.468,65.439,65.439,65.91,195810.0,15047601000.0,0.0,0.0,-0.9,-0.7719,-1.1658
BVH,2019-05-24,15:05:01,HOSE,STOCK,78.6,84.1,73.1,78.0,78.4,76.0,77.2,77.25,66.897,67.24,65.181,66.21,66.253,452390.0,34947215000.0,0.0,0.0,-1.4,-1.2007,-1.7812
BVH,2019-05-23,15:05:01,HOSE,STOCK,78.3,83.7,72.9,78.0,78.7,77.9,78.6,78.19,66.897,67.497,66.811,67.411,67.06,238050.0,18613878000.0,0.0,0.0,0.3,0.2573,0.3831
BVH,2019-05-22,15:05:01,HOSE,STOCK,79.2,84.7,73.7,79.0,79.7,78.1,78.3,78.86,67.754,68.355,66.982,67.154,67.634,341030.0,26892336000.0,0.0,0.0,-0.9,-0.7719,-1.1364
BVH,2019-05-21,15:05:01,HOSE,STOCK,78.6,84.1,73.1,78.7,79.8,78.7,79.2,79.24,67.497,68.44,67.497,67.926,67.96,439050.0,34792287000.0,0.0,0.0,0.6,0.5146,0.7634
BVH,2019-05-20,15:05:01,HOSE,STOCK,78.4,83.8,73.0,78.0,78.9,77.9,78.6,78.42,66.897,67.668,66.811,67.411,67.257,393580.0,30862728000.0,0.0,0.0,0.2,0.1715,0.2551
BVH,2019-05-17,15:05:01,HOSE,STOCK,78.0,83.4,72.6,77.9,79.0,77.9,78.4,78.46,66.811,67.754,66.811,67.24,67.291,455930.0,35771801000.0,0.0,0.0,0.4,0.3431,0.5128
BVH,2019-05-16,15:05:01,HOSE,STOCK,79.0,84.5,73.5,79.0,79.5,77.8,78.0,78.58,67.754,68.183,66.725,66.897,67.394,523210.0,41112417000.0,0.0,0.0,-1.0,-0.8577,-1.2658
BVH,2019-05-15,15:05:01,HOSE,STOCK,77.8,83.2,72.4,78.0,79.2,78.0,79.0,78.73,66.897,67.926,66.897,67.754,67.523,571120.0,44965835000.0,0.0,0.0,1.2,1.0292,1.5424
BVH,2019-05-14,15:05:02,HOSE,STOCK,76.1,81.4,70.8,74.8,78.0,74.8,77.8,77.02,64.152,66.897,64.152,66.725,66.056,826240.0,63634569000.0,0.0,0.0,1.7,1.458,2.2339
BVH,2019-05-13,15:05:01,HOSE,STOCK,73.3,78.4,68.2,73.3,76.8,73.3,76.1,75.61,62.866,65.867,62.866,65.267,64.847,724890.0,54811688000.0,0.0,0.0,2.8,2.4014,3.8199
BVH,2019-05-10,15:05:01,HOSE,STOCK,72.8,77.8,67.8,73.0,74.0,72.3,73.3,73.22,62.608,63.466,62.008,62.866,62.797,470440.0,34444443000.0,0.0,0.0,0.5,0.4288,0.6868
BVH,2019-05-09,15:05:02,HOSE,STOCK,75.0,80.2,69.8,73.5,74.5,72.0,72.8,73.24,63.037,63.895,61.751,62.437,62.814,1060210.0,77648050000.0,0.0,0.0,-2.2,-1.8868,-2.9333
BVH,2019-05-08,15:05:01,HOSE,STOCK,77.0,82.3,71.7,77.0,77.5,74.7,75.0,76.63,66.039,66.468,64.066,64.324,65.722,518130.0,39705099000.0,0.0,0.0,-2.0,-1.7153,-2.5974
BVH,2019-05-07,15:05:02,HOSE,STOCK,72.9,78.0,67.8,73.0,77.0,72.9,77.0,75.82,62.608,66.039,62.523,66.039,65.027,855180.0,64836464000.0,0.0,0.0,4.1,3.5164,5.6241
BVH,2019-05-06,15:05:01,HOSE,STOCK,76.7,82.0,71.4,71.4,76.0,71.4,72.9,72.21,61.236,65.181,61.236,62.523,61.931,1977550.0,142794512000.0,0.0,0.0,-3.8,-3.2591,-4.9544
BVH,2019-05-03,15:05:03,HOSE,STOCK,82.4,88.1,76.7,76.7,76.7,76.7,76.7,76.7,65.782,65.782,65.782,65.782,65.782,86250.0,6615375000.0,0.0,0.0,-5.7,-4.8886,-6.9175
BVH,2019-05-02,15:05:04,HOSE,STOCK,88.6,94.8,82.4,82.4,82.4,82.4,82.4,82.4,70.67,70.67,70.67,70.67,70.67,164290.0,13537496000.0,0.0,0.0,-6.2,-5.3174,-6.9977
BVH,2019-04-26,15:04:02,HOSE,STOCK,89.4,95.6,83.2,89.4,89.4,87.4,88.6,88.22,76.674,76.674,74.959,75.988,75.662,90340.0,7969826000.0,0.0,0.0,-0.8,-0.6861,-0.8949
BVH,2019-04-25,15:04:02,HOSE,STOCK,90.9,97.2,84.6,90.6,92.0,89.4,89.4,90.33,77.703,78.904,76.674,76.674,77.471,102270.0,9237714000.0,0.0,0.0,-1.5,-1.2865,-1.6502
BVH,2019-04-24,15:04:02,HOSE,STOCK,91.8,98.2,85.4,91.0,92.0,90.9,90.9,91.38,78.046,78.904,77.96,77.96,78.372,16560.0,1513185000.0,0.0,0.0,-0.9,-0.7719,-0.9804
BVH,2019-04-23,15:04:01,HOSE,STOCK,90.3,96.6,84.0,89.0,91.8,89.0,91.8,90.71,76.331,78.732,76.331,78.732,77.797,30600.0,2775745000.0,0.0,0.0,1.5,1.2865,1.6611
BVH,2019-04-22,15:04:02,HOSE,STOCK,91.5,97.9,85.1,91.5,91.5,90.0,90.3,90.3,78.475,78.475,77.188,77.446,77.446,22920.0,2069562000.0,0.0,0.0,-1.2,-1.0292,-1.3115
BVH,2019-04-19,15:04:02,HOSE,STOCK,91.0,97.3,84.7,91.0,92.1,91.0,91.5,91.78,78.046,78.989,78.046,78.475,78.715,14560.0,1336314000.0,0.0,0.0,0.5,0.4288,0.5495
BVH,2019-04-18,15:04:01,HOSE,STOCK,91.2,97.5,84.9,92.0,92.0,90.8,91.0,91.5,78.904,78.904,77.875,78.046,78.475,45450.0,4158831000.0,0.0,0.0,-0.2,-0.1715,-0.2193
BVH,2019-04-17,15:04:01,HOSE,STOCK,91.3,97.6,85.0,90.5,92.9,90.4,91.2,91.38,77.617,79.676,77.531,78.218,78.372,95820.0,8755962000.0,0.0,0.0,-0.1,-0.0858,-0.1095
BVH,2019-04-16,15:04:01,HOSE,STOCK,92.3,98.7,85.9,92.3,92.3,90.0,91.3,91.29,79.161,79.161,77.188,78.303,78.295,40520.0,3699013000.0,0.0,0.0,-1.0,-0.8576,-1.0834
BVH,2019-04-12,15:04:01,HOSE,STOCK,93.9,100.4,87.4,94.0,94.0,92.3,92.3,93.16,80.619,80.619,79.161,79.161,79.899,115230.0,10735338000.0,0.0,0.0,-1.6,-1.3722,-1.7039
BVH,2019-04-11,15:04:01,HOSE,STOCK,94.5,101.1,87.9,93.9,94.5,93.6,93.9,93.87,80.533,81.048,80.276,80.533,80.507,46900.0,4402510000.0,0.0,0.0,-0.6,-0.5146,-0.6349
BVH,2019-04-10,15:04:01,HOSE,STOCK,95.0,101.6,88.4,94.5,94.9,93.0,94.5,94.38,81.048,81.391,79.761,81.048,80.945,36060.0,3403227000.0,0.0,0.0,-0.5,-0.4288,-0.5263
BVH,2019-04-09,15:04:01,HOSE,STOCK,94.1,100.6,87.6,95.0,95.0,94.1,95.0,94.81,81.477,81.477,80.705,81.477,81.314,141630.0,13427325000.0,0.0,0.0,0.9,0.7719,0.9564
BVH,2019-04-08,15:04:02,HOSE,STOCK,93.7,100.2,87.2,94.0,94.4,93.9,94.1,94.17,80.619,80.962,80.533,80.705,80.765,67060.0,6314710000.0,0.0,0.0,0.4,0.3431,0.4269
BVH,2019-04-05,15:04:01,HOSE,STOCK,94.0,100.5,87.5,94.0,94.1,93.7,93.7,93.9,80.619,80.705,80.362,80.362,80.533,21140.0,1985120000.0,0.0,0.0,-0.3,-0.2573,-0.3191
BVH,2019-04-04,15:04:01,HOSE,STOCK,93.0,99.5,86.5,93.5,94.1,93.0,94.0,93.64,80.19,80.705,79.761,80.619,80.31,48150.0,4508803000.0,0.0,0.0,1.0,0.8576,1.0753
BVH,2019-04-03,15:04:01,HOSE,STOCK,94.3,100.9,87.7,94.0,94.9,92.5,93.0,93.14,80.619,81.391,79.333,79.761,79.881,109810.0,10227560000.0,0.0,0.0,-1.3,-1.1149,-1.3786
BVH,2019-04-02,15:04:01,HOSE,STOCK,95.0,101.6,88.4,95.0,96.2,93.6,94.3,94.64,81.477,82.506,80.276,80.876,81.168,71220.0,6740191000.0,0.0,0.0,-0.7,-0.6004,-0.7368
BVH,2019-04-01,15:04:01,HOSE,STOCK,95.0,101.6,88.4,96.0,96.0,94.0,95.0,94.56,82.334,82.334,80.619,81.477,81.099,75410.0,7130836000.0,0.0,0.0,0.0,0.0,0.0
BVH,2019-03-29,15:03:01,HOSE,STOCK,96.0,102.7,89.3,96.0,97.4,95.0,95.0,96.12,82.334,83.535,81.477,81.477,82.437,148060.0,14231652000.0,0.0,0.0,-1.0,-0.8577,-1.0417
BVH,2019-03-28,15:03:02,HOSE,STOCK,95.7,102.3,89.1,96.0,96.4,93.0,96.0,95.66,82.334,82.677,79.761,82.334,82.043,39030.0,3733422000.0,0.0,0.0,0.3,0.2573,0.3135
BVH,2019-03-27,15:03:01,HOSE,STOCK,94.6,101.2,88.0,95.5,96.5,94.8,95.7,96.07,81.905,82.763,81.305,82.077,82.394,47500.0,4563099000.0,0.0,0.0,1.1,0.9434,1.1628
BVH,2019-03-26,15:03:02,HOSE,STOCK,95.5,102.1,88.9,95.5,95.8,94.6,94.6,95.25,81.905,82.163,81.134,81.134,81.691,75260.0,7168249000.0,0.0,0.0,-0.9,-0.7719,-0.9424
BVH,2019-03-25,15:03:02,HOSE,STOCK,96.1,102.8,89.4,96.1,96.1,95.5,95.5,95.75,82.42,82.42,81.905,81.905,82.12,76750.0,7348808000.0,0.0,0.0,-0.6,-0.5146,-0.6243
BVH,2019-03-22,15:03:01,HOSE,STOCK,96.0,102.7,89.3,95.6,96.5,95.6,96.1,96.1,81.991,82.763,81.991,82.42,82.42,72660.0,6982854000.0,0.0,0.0,0.1,0.0858,0.1042
BVH,2019-03-21,15:03:02,HOSE,STOCK,97.6,104.4,90.8,97.0,98.2,96.0,96.0,97.17,83.192,84.221,82.334,82.334,83.338,81670.0,7935559000.0,0.0,0.0,-1.6,-1.3722,-1.6393
BVH,2019-03-20,15:03:02,HOSE,STOCK,95.3,101.9,88.7,95.3,97.9,95.3,97.6,96.62,81.734,83.964,81.734,83.707,82.866,219060.0,21164811000.0,0.0,0.0,2.3,1.9726,2.4134
BVH,2019-03-19,15:03:02,HOSE,STOCK,95.0,101.6,88.4,96.0,96.0,94.7,95.3,95.16,82.334,82.334,81.219,81.734,81.614,203310.0,19346670000.0,0.0,0.0,0.3,0.2573,0.3158
BVH,2019-03-18,15:03:02,HOSE,STOCK,96.3,103.0,89.6,96.3,97.0,95.0,95.0,95.83,82.592,83.192,81.477,81.477,82.188,122480.0,11737792000.0,0.0,0.0,-1.3,-1.1149,-1.3499
BVH,2019-03-15,15:03:02,HOSE,STOCK,95.8,102.5,89.1,96.0,97.1,96.0,96.3,96.52,82.334,83.278,82.334,82.592,82.78,485910.0,46899114000.0,0.0,0.0,0.5,0.4288,0.5219
BVH,2019-03-14,15:03:02,HOSE,STOCK,96.0,102.7,89.3,96.0,97.5,95.8,95.8,96.6,82.334,83.621,82.163,82.163,82.849,105300.0,10172361000.0,0.0,0.0,-0.2,-0.1715,-0.2083
BVH,2019-03-13,15:03:02,HOSE,STOCK,95.8,102.5,89.1,96.5,97.0,95.9,96.0,96.13,82.763,83.192,82.249,82.334,82.446,158480.0,15234072000.0,0.0,0.0,0.2,0.1715,0.2088
BVH,2019-03-12,15:03:03,HOSE,STOCK,95.6,102.2,89.0,95.8,96.7,95.7,95.8,95.93,82.163,82.935,82.077,82.163,82.274,199160.0,19105649000.0,0.0,0.0,0.2,0.1715,0.2092
BVH,2019-03-11,15:03:02,HOSE,STOCK,95.4,102.0,88.8,96.1,96.1,95.4,95.6,95.57,82.42,82.42,81.82,81.991,81.966,92780.0,8866646000.0,0.0,0.0,0.2,0.1715,0.2096
BVH,2019-03-08,15:03:01,HOSE,STOCK,96.6,103.3,89.9,95.5,96.0,95.0,95.4,95.35,81.905,82.334,81.477,81.82,81.777,49270.0,4697693000.0,0.0,0.0,-1.2,-1.0292,-1.2422
BVH,2019-03-07,15:03:03,HOSE,STOCK,98.0,104.8,91.2,98.2,98.5,96.5,96.6,97.68,84.221,84.478,82.763,82.849,83.775,92910.0,9075359000.0,0.0,0.0,-1.4,-1.2007,-1.4286
BVH,2019-03-06,15:03:01,HOSE,STOCK,98.3,105.1,91.5,98.3,98.5,97.3,98.0,98.02,84.307,84.478,83.449,84.05,84.067,73310.0,7185694000.0,0.0,0.0,-0.3,-0.2573,-0.3052
BVH,2019-03-05,15:03:02,HOSE,STOCK,96.5,103.2,89.8,95.1,98.4,95.1,98.3,97.9,81.562,84.393,81.562,84.307,83.964,300850.0,29453377000.0,0.0,0.0,1.8,1.5438,1.8653
BVH,2019-03-04,15:03:01,HOSE,STOCK,93.7,100.2,87.2,93.7,96.8,93.7,96.5,95.87,80.362,83.02,80.362,82.763,82.223,119450.0,11451098000.0,0.0,0.0,2.8,2.4014,2.9883
BVH,2019-03-01,15:03:01,HOSE,STOCK,94.0,100.5,87.5,94.5,94.5,93.3,93.7,93.71,81.048,81.048,80.019,80.362,80.37,56320.0,5277991000.0,0.0,0.0,-0.3,-0.2573,-0.3191
BVH,2019-02-28,15:02:02,HOSE,STOCK,95.2,101.8,88.6,95.2,95.8,93.6,94.0,94.64,81.648,82.163,80.276,80.619,81.168,153040.0,14483557000.0,0.0,0.0,-1.2,-1.0292,-1.2605
BVH,2019-02-27,15:02:02,HOSE,STOCK,93.2,99.7,86.7,94.0,95.5,93.3,95.2,94.76,80.619,81.905,80.019,81.648,81.271,74070.0,7018619000.0,0.0,0.0,2.0,1.7153,2.1459
BVH,2019-02-26,15:02:01,HOSE,STOCK,94.9,101.5,88.3,94.9,95.9,93.0,93.2,94.45,81.391,82.249,79.761,79.933,81.005,114570.0,10820990000.0,0.0,0.0,-1.7,-1.458,-1.7914
BVH,2019-02-25,15:02:02,HOSE,STOCK,96.5,103.2,89.8,96.5,97.4,94.6,94.9,95.62,82.763,83.535,81.134,81.391,82.008,180880.0,17295519000.0,0.0,0.0,-1.6,-1.3722,-1.658
BVH,2019-02-22,15:02:01,HOSE,STOCK,95.4,102.0,88.8,96.0,97.9,95.0,96.5,96.71,82.334,83.964,81.477,82.763,82.943,147330.0,14248481000.0,0.0,0.0,1.1,0.9434,1.153
BVH,2019-02-21,15:02:01,HOSE,STOCK,96.0,102.7,89.3,96.0,96.0,95.2,95.4,95.43,82.334,82.334,81.648,81.82,81.845,114100.0,10888566000.0,0.0,0.0,-0.6,-0.5146,-0.625
BVH,2019-02-20,15:02:01,HOSE,STOCK,94.2,100.7,87.7,94.2,96.5,94.0,96.0,95.75,80.791,82.763,80.619,82.334,82.12,88130.0,8438696000.0,0.0,0.0,1.8,1.5438,1.9108
BVH,2019-02-19,15:02:01,HOSE,STOCK,93.0,99.5,86.5,93.5,94.9,93.1,94.2,94.05,80.19,81.391,79.847,80.791,80.662,30770.0,2893919000.0,0.0,0.0,1.2,1.0292,1.2903
BVH,2019-02-18,15:02:01,HOSE,STOCK,95.5,102.1,88.9,95.5,96.8,92.2,93.0,93.72,81.905,83.02,79.075,79.761,80.379,91670.0,8590965000.0,0.0,0.0,-2.5,-2.1441,-2.6178
BVH,2019-02-15,15:02:01,HOSE,STOCK,96.3,103.0,89.6,97.0,97.7,95.0,95.5,96.42,83.192,83.792,81.477,81.905,82.695,88230.0,8507191000.0,0.0,0.0,-0.8,-0.6861,-0.8307
BVH,2019-02-14,15:02:01,HOSE,STOCK,96.5,103.2,89.8,97.0,98.5,96.3,96.3,97.53,83.192,84.478,82.592,82.592,83.646,122040.0,11902898000.0,0.0,0.0,-0.2,-0.1715,-0.2073
BVH,2019-02-13,15:02:02,HOSE,STOCK,95.1,101.7,88.5,95.5,98.0,94.5,96.5,95.37,81.905,84.05,81.048,82.763,81.794,111960.0,10677562000.0,0.0,0.0,1.4,1.2007,1.4721
BVH,2019-02-12,15:02:02,HOSE,STOCK,95.5,102.1,88.9,95.5,95.5,95.0,95.1,95.17,81.905,81.905,81.477,81.562,81.622,77860.0,7409795000.0,0.0,0.0,-0.4,-0.3431,-0.4188
BVH,2019-02-11,15:02:02,HOSE,STOCK,95.7,102.3,89.1,95.0,95.7,95.0,95.5,95.39,81.477,82.077,81.477,81.905,81.811,64480.0,6150621000.0,0.0,0.0,-0.2,-0.1715,-0.209
BVH,2019-02-01,15:02:01,HOSE,STOCK,92.2,98.6,85.8,96.0,96.0,93.3,95.7,93.9,82.334,82.334,80.019,82.077,80.533,54770.0,5143015000.0,0.0,0.0,3.5,3.0018,3.7961
BVH,2019-01-31,15:01:02,HOSE,STOCK,96.5,103.2,89.8,97.0,97.0,92.2,92.2,94.73,83.192,83.192,79.075,79.075,81.245,79540.0,7534537000.0,0.0,0.0,-4.3,-3.6879,-4.456
BVH,2019-01-30,15:01:01,HOSE,STOCK,94.4,101.0,87.8,90.6,96.8,90.6,96.5,93.59,77.703,83.02,77.703,82.763,80.267,125610.0,11755623000.0,0.0,0.0,2.1,1.8011,2.2246
BVH,2019-01-29,15:01:01,HOSE,STOCK,93.1,99.6,86.6,93.5,94.4,92.1,94.4,93.75,80.19,80.962,78.989,80.962,80.405,51580.0,4835661000.0,0.0,0.0,1.3,1.1149,1.3963
BVH,2019-01-28,15:01:01,HOSE,STOCK,91.9,98.3,85.5,93.9,93.9,92.0,93.1,92.79,80.533,80.533,78.904,79.847,79.581,39180.0,3635697000.0,0.0,0.0,1.2,1.0292,1.3058
BVH,2019-01-25,15:01:01,HOSE,STOCK,90.3,96.6,84.0,90.3,92.0,90.3,91.9,91.52,77.446,78.904,77.446,78.818,78.492,21490.0,1966697000.0,0.0,0.0,1.6,1.3722,1.7719
BVH,2019-01-24,15:01:01,HOSE,STOCK,90.3,96.6,84.0,91.0,91.5,90.0,90.3,90.64,78.046,78.475,77.188,77.446,77.737,33490.0,3035614000.0,0.0,0.0,0.0,0.0,0.0
BVH,2019-01-23,15:01:01,HOSE,STOCK,90.0,96.3,83.7,91.9,91.9,90.0,90.3,90.66,78.818,78.818,77.188,77.446,77.754,47870.0,4340121000.0,0.0,0.0,0.3,0.2573,0.3333
BVH,2019-01-22,15:01:02,HOSE,STOCK,92.0,98.4,85.6,92.4,92.4,90.0,90.0,91.22,79.247,79.247,77.188,77.188,78.235,57790.0,5271493000.0,0.0,0.0,-2.0,-1.7153,-2.1739
BVH,2019-01-21,15:01:01,HOSE,STOCK,91.9,98.3,85.5,92.0,92.5,91.0,92.0,91.76,78.904,79.333,78.046,78.904,78.698,22660.0,2079347000.0,0.0,0.0,0.1,0.0858,0.1088
BVH,2019-01-18,15:01:01,HOSE,STOCK,91.9,98.3,85.5,90.1,92.0,90.1,91.9,91.54,77.274,78.904,77.274,78.818,78.509,38310.0,3507064000.0,0.0,0.0,0.0,0.0,0.0
BVH,2019-01-17,15:01:01,HOSE,STOCK,90.0,96.3,83.7,90.0,92.4,90.0,91.9,91.75,77.188,79.247,77.188,78.818,78.689,51470.0,4722392000.0,0.0,0.0,1.9,1.6295,2.1111
BVH,2019-01-16,15:01:01,HOSE,STOCK,88.7,94.9,82.5,89.9,90.0,88.8,90.0,89.71,77.103,77.188,76.159,77.188,76.94,41990.0,3766783000.0,0.0,0.0,1.3,1.1149,1.4656
BVH,2019-01-15,15:01:01,HOSE,STOCK,88.5,94.6,82.4,88.5,89.4,88.1,88.7,88.87,75.902,76.674,75.559,76.073,76.219,42400.0,3767904000.0,0.0,0.0,0.2,0.1715,0.226
BVH,2019-01-14,15:01:01,HOSE,STOCK,90.4,96.7,84.1,90.3,90.3,88.0,88.5,88.74,77.446,77.446,75.473,75.902,76.108,26560.0,2356918000.0,0.0,0.0,-1.9,-1.6295,-2.1018
BVH,2019-01-11,15:01:01,HOSE,STOCK,89.5,95.7,83.3,90.4,90.9,89.5,90.4,90.46,77.531,77.96,76.76,77.531,77.583,32020.0,2896661000.0,0.0,0.0,0.9,0.7719,1.0056
BVH,2019-01-10,15:01:01,HOSE,STOCK,89.0,95.2,82.8,88.1,90.1,88.1,89.5,89.07,75.559,77.274,75.559,76.76,76.391,49800.0,4435462000.0,0.0,0.0,0.5,0.4288,0.5618
BVH,2019-01-09,15:01:02,HOSE,STOCK,88.2,94.3,82.1,86.0,90.0,86.0,89.0,88.48,73.758,77.188,73.758,76.331,75.885,100610.0,8901696000.0,0.0,0.0,0.8,0.6861,0.907
BVH,2019-01-08,15:01:01,HOSE,STOCK,88.6,94.8,82.4,88.6,88.6,88.0,88.2,88.51,75.988,75.988,75.473,75.645,75.911,36610.0,3240271000.0,0.0,0.0,-0.4,-0.3431,-0.4515
BVH,2019-01-07,15:01:01,HOSE,STOCK,88.6,94.8,82.4,89.5,90.8,87.7,88.6,88.81,76.76,77.875,75.216,75.988,76.168,92970.0,8256879000.0,0.0,0.0,0.0,0.0,0.0
BVH,2019-01-04,15:01:01,HOSE,STOCK,89.2,95.4,83.0,89.2,89.2,86.0,88.6,87.06,76.502,76.502,73.758,75.988,74.667,96940.0,8439581000.0,0.0,0.0,-0.6,-0.5146,-0.6726
BVH,2019-01-03,15:01:01,HOSE,STOCK,89.0,95.2,82.8,90.5,91.0,88.4,89.2,89.0,77.617,78.046,75.816,76.502,76.331,55310.0,4922348000.0,0.0,0.0,0.2,0.1715,0.2247
BVH,2019-01-02,15:01:01,HOSE,STOCK,0.0,0.0,0.0,90.9,90.9,89.0,89.0,89.93,77.96,77.96,76.331,76.331,77.128,87080.0,7831379000.0,0.0,0.0,0.0,0.0,0.0
BVH,2018-12-28,15:12:01,HOSE,STOCK,92.3,98.7,85.9,92.5,93.0,89.0,89.0,90.56,79.333,79.761,76.331,76.331,77.669,58390.0,5287970000.0,0.0,0.0,-3.3,-2.8303,-3.5753
BVH,2018-12-27,15:12:02,HOSE,STOCK,90.7,97.0,84.4,92.0,93.5,92.0,92.3,92.75,78.904,80.19,78.904,79.161,79.547,22060.0,2045959000.0,0.0,0.0,1.6,1.3722,1.7641
BVH,2018-12-26,15:12:01,HOSE,STOCK,92.0,98.4,85.6,92.0,92.0,90.2,90.7,90.86,78.904,78.904,77.36,77.789,77.926,86530.0,7862491000.0,0.0,0.0,-1.3,-1.1149,-1.413
BVH,2018-12-25,15:12:01,HOSE,STOCK,92.0,98.4,85.6,92.0,92.7,89.3,92.0,90.73,78.904,79.504,76.588,78.904,77.814,38890.0,3528484000.0,0.0,0.0,0.0,0.0,0.0
BVH,2018-12-24,15:12:01,HOSE,STOCK,95.2,101.8,88.6,95.2,95.2,92.0,92.0,92.59,81.648,81.648,78.904,78.904,79.41,60340.0,5586780000.0,0.0,0.0,-3.2,-2.7445,-3.3613
BVH,2018-12-21,15:12:01,HOSE,STOCK,93.3,99.8,86.8,94.5,95.2,92.0,95.2,94.19,81.048,81.648,78.904,81.648,80.782,120930.0,11390732000.0,0.0,0.0,1.9,1.6295,2.0364
BVH,2018-12-20,15:12:01,HOSE,STOCK,91.0,97.3,84.7,91.0,94.0,91.0,93.3,92.74,78.046,80.619,78.046,80.019,79.538,76800.0,7122052000.0,0.0,0.0,2.3,1.9726,2.5275
BVH,2018-12-19,15:12:01,HOSE,STOCK,94.0,100.5,87.5,94.0,94.9,91.0,91.0,93.03,80.619,81.391,78.046,78.046,79.787,148480.0,13812681000.0,0.0,0.0,-3.0,-2.5729,-3.1915
BVH,2018-12-18,15:12:01,HOSE,STOCK,98.6,105.5,91.7,98.6,98.6,93.2,94.0,94.86,84.564,84.564,79.933,80.619,81.357,140910.0,13367373000.0,0.0,0.0,-4.6,-3.9452,-4.6653
BVH,2018-12-17,15:12:02,HOSE,STOCK,99.4,106.3,92.5,99.8,100.0,97.5,98.6,99.45,85.593,85.765,83.621,84.564,85.293,50810.0,5053017000.0,0.0,0.0,-0.8,-0.6861,-0.8048
BVH,2018-12-14,15:12:01,HOSE,STOCK,101.0,108.0,94.0,100.1,100.9,99.4,99.4,99.94,85.851,86.537,85.25,85.25,85.713,87660.0,8760627000.0,0.0,0.0,-1.6,-1.3722,-1.5842
BVH,2018-12-13,15:12:02,HOSE,STOCK,102.0,109.1,94.9,102.0,102.0,101.0,101.0,101.33,87.48,87.48,86.623,86.623,86.906,76620.0,7763732000.0,0.0,0.0,-1.0,-0.8577,-0.9804
BVH,2018-12-12,15:12:01,HOSE,STOCK,100.3,107.3,93.3,102.0,104.0,101.1,102.0,102.41,87.48,89.195,86.708,87.48,87.832,106070.0,10862911000.0,0.0,0.0,1.7,1.458,1.6949
BVH,2018-12-11,15:12:02,HOSE,STOCK,101.8,108.9,94.7,101.8,101.8,99.5,100.3,100.34,87.309,87.309,85.336,86.022,86.056,72940.0,7318644000.0,0.0,0.0,-1.5,-1.2865,-1.4735
BVH,2018-12-10,15:12:01,HOSE,STOCK,102.4,109.5,95.3,103.0,103.0,100.0,101.8,101.25,88.338,88.338,85.765,87.309,86.837,41210.0,4172617000.0,0.0,0.0,-0.6,-0.5146,-0.5859
BVH,2018-12-07,15:12:02,HOSE,STOCK,101.8,108.9,94.7,100.5,103.0,100.5,102.4,102.23,86.194,88.338,86.194,87.823,87.677,90430.0,9244827000.0,0.0,0.0,0.6,0.5146,0.5894
BVH,2018-12-06,15:12:01,HOSE,STOCK,102.5,109.6,95.4,102.5,102.5,100.8,101.8,101.71,87.909,87.909,86.451,87.309,87.231,70600.0,7180540000.0,0.0,0.0,-0.7,-0.6004,-0.6829
BVH,2018-12-05,15:12:01,HOSE,STOCK,98.2,105.0,91.4,97.0,102.5,97.0,102.5,100.79,83.192,87.909,83.192,87.909,86.442,190820.0,19233198000.0,0.0,0.0,4.3,3.6879,4.3788
BVH,2018-12-04,15:12:01,HOSE,STOCK,97.3,104.1,90.5,97.5,98.6,97.4,98.2,97.88,83.621,84.564,83.535,84.221,83.947,62390.0,6106617000.0,0.0,0.0,0.9,0.7719,0.925
BVH,2018-12-03,15:12:01,HOSE,STOCK,95.8,102.5,89.1,97.0,99.0,96.8,97.3,97.33,83.192,84.907,83.02,83.449,83.475,60370.0,5875968000.0,0.0,0.0,1.5,1.2865,1.5658
BVH,2018-11-30,15:11:01,HOSE,STOCK,95.0,101.6,88.4,95.0,101.6,95.0,95.8,97.73,81.477,87.137,81.477,82.163,83.818,257850.0,25199839000.0,0.0,0.0,0.8,0.6861,0.8421
BVH,2018-11-29,15:11:01,HOSE,STOCK,97.3,104.1,90.5,96.0,96.3,95.0,95.0,95.57,82.334,82.592,81.477,81.477,81.966,58130.0,5555286000.0,0.0,0.0,-2.3,-1.9726,-2.3638
BVH,2018-11-28,15:11:02,HOSE,STOCK,97.6,104.4,90.8,97.6,97.6,96.0,97.3,97.11,83.707,83.707,82.334,83.449,83.286,34180.0,3319050000.0,0.0,0.0,-0.3,-0.2573,-0.3074
BVH,2018-11-27,15:11:01,HOSE,STOCK,97.9,104.7,91.1,97.9,97.9,96.2,97.6,97.49,83.964,83.964,82.506,83.707,83.612,72990.0,7115447000.0,0.0,0.0,-0.3,-0.2573,-0.3064
BVH,2018-11-26,15:11:01,HOSE,STOCK,97.9,104.7,91.1,97.9,97.9,97.1,97.9,97.44,83.964,83.964,83.278,83.964,83.569,138330.0,13479150000.0,0.0,0.0,0.0,0.0,0.0
BVH,2018-11-23,15:11:01,HOSE,STOCK,96.2,102.9,89.5,95.9,97.9,95.9,97.9,97.01,82.249,83.964,82.249,83.964,83.201,74860.0,7262476000.0,0.0,0.0,1.7,1.458,1.7672
BVH,2018-11-22,15:11:01,HOSE,STOCK,94.0,100.5,87.5,95.9,96.2,93.6,96.2,95.45,82.249,82.506,80.276,82.506,81.863,62530.0,5968363000.0,0.0,0.0,2.2,1.8868,2.3404
BVH,2018-11-21,15:11:01,HOSE,STOCK,94.7,101.3,88.1,93.0,94.5,93.0,94.0,93.47,79.761,81.048,79.761,80.619,80.164,40110.0,3749066000.0,0.0,0.0,-0.7,-0.6004,-0.7392
BVH,2018-11-20,15:11:01,HOSE,STOCK,95.0,101.6,88.4,94.9,95.1,93.0,94.7,93.6,81.391,81.562,79.761,81.219,80.276,53000.0,4960766000.0,0.0,0.0,-0.3,-0.2573,-0.3158
BVH,2018-11-19,15:11:01,HOSE,STOCK,94.8,101.4,88.2,94.7,95.0,93.0,95.0,93.74,81.219,81.477,79.761,81.477,80.396,63740.0,5975190000.0,0.0,0.0,0.2,0.1715,0.211
BVH,2018-11-16,15:11:02,HOSE,STOCK,94.0,100.5,87.5,95.0,95.9,94.0,94.8,94.34,81.477,82.249,80.619,81.305,80.911,41790.0,3942564000.0,0.0,0.0,0.8,0.6861,0.8511
BVH,2018-11-15,15:11:01,HOSE,STOCK,98.0,104.8,91.2,96.2,96.5,94.0,94.0,94.94,82.506,82.763,80.619,80.619,81.425,81850.0,7770566000.0,0.0,0.0,-4.0,-3.4306,-4.0816
BVH,2018-11-14,15:11:01,HOSE,STOCK,99.0,105.9,92.1,99.0,99.0,97.0,98.0,97.98,84.907,84.907,83.192,84.05,84.032,89250.0,8744907000.0,0.0,0.0,-1.0,-0.8577,-1.0101
BVH,2018-11-13,15:11:01,HOSE,STOCK,97.6,104.4,90.8,97.0,99.0,96.0,99.0,97.41,83.192,84.907,82.334,84.907,83.544,60710.0,5914011000.0,0.0,0.0,1.4,1.2007,1.4344
BVH,2018-11-12,15:11:01,HOSE,STOCK,95.7,102.3,89.1,95.0,98.2,95.0,97.6,96.99,81.477,84.221,81.477,83.707,83.183,88770.0,8609995000.0,0.0,0.0,1.9,1.6295,1.9854
BVH,2018-11-09,15:11:01,HOSE,STOCK,94.2,100.7,87.7,94.0,96.0,94.0,95.7,95.06,80.619,82.334,80.619,82.077,81.528,51740.0,4918650000.0,0.0,0.0,1.5,1.2865,1.5924
BVH,2018-11-08,15:11:01,HOSE,STOCK,94.3,100.9,87.7,90.1,95.5,90.1,94.2,94.51,77.274,81.905,77.274,80.791,81.056,105260.0,9948574000.0,0.0,0.0,-0.1,-0.0858,-0.106
BVH,2018-11-07,15:11:02,HOSE,STOCK,93.5,100.0,87.0,95.9,95.9,92.6,94.3,94.27,82.249,82.249,79.418,80.876,80.851,11550.0,1088763000.0,0.0,0.0,0.8,0.6861,0.8556
BVH,2018-11-06,15:11:02,HOSE,STOCK,92.9,99.4,86.4,92.6,94.0,92.6,93.5,93.16,79.418,80.619,79.418,80.19,79.899,44440.0,4140098000.0,0.0,0.0,0.6,0.5146,0.6459
BVH,2018-11-05,15:11:02,HOSE,STOCK,95.8,102.5,89.1,95.5,95.7,92.5,92.9,93.7,81.905,82.077,79.333,79.676,80.362,86550.0,8110119000.0,0.0,0.0,-2.9,-2.4872,-3.0271
BVH,2018-11-02,15:11:02,HOSE,STOCK,98.5,105.3,91.7,98.9,98.9,95.5,95.8,96.42,84.821,84.821,81.905,82.163,82.695,94690.0,9130410000.0,0.0,0.0,-2.7,-2.3157,-2.7411
BVH,2018-11-01,15:11:01,HOSE,STOCK,98.1,104.9,91.3,98.1,98.6,97.7,98.5,98.4,84.135,84.564,83.792,84.478,84.393,277060.0,27262650000.0,0.0,0.0,0.4,0.3431,0.4077
BVH,2018-10-31,15:10:02,HOSE,STOCK,96.4,103.1,89.7,96.4,99.0,96.0,98.1,97.94,82.677,84.907,82.334,84.135,83.998,273050.0,26742656000.0,0.0,0.0,1.7,1.458,1.7635
BVH,2018-10-30,15:10:01,HOSE,STOCK,94.7,101.3,88.1,91.5,96.5,91.5,96.4,95.17,78.475,82.763,78.475,82.677,81.622,229710.0,21861248000.0,0.0,0.0,1.7,1.458,1.7951
BVH,2018-10-29,15:10:01,HOSE,STOCK,93.5,100.0,87.0,92.0,94.7,92.0,94.7,93.99,78.904,81.219,78.904,81.219,80.61,144560.0,13587663000.0,0.0,0.0,1.2,1.0292,1.2834
BVH,2018-10-26,15:10:02,HOSE,STOCK,92.9,99.4,86.4,92.9,93.5,89.9,93.5,91.74,79.676,80.19,77.103,80.19,78.681,141820.0,13010252000.0,0.0,0.0,0.6,0.5146,0.6459
BVH,2018-10-25,15:10:01,HOSE,STOCK,93.0,99.5,86.5,87.1,92.9,87.1,92.9,91.39,74.701,79.676,74.701,79.676,78.381,139280.0,12729247000.0,0.0,0.0,-0.1,-0.0858,-0.1075
BVH,2018-10-24,15:10:01,HOSE,STOCK,92.0,98.4,85.6,89.5,93.0,89.5,93.0,92.32,76.76,79.761,76.76,79.761,79.178,84930.0,7840768000.0,0.0,0.0,1.0,0.8576,1.087
BVH,2018-10-23,15:10:01,HOSE,STOCK,91.8,98.2,85.4,91.8,92.0,90.6,92.0,90.94,78.732,78.904,77.703,78.904,77.995,67890.0,6173854000.0,0.0,0.0,0.2,0.1715,0.2179
BVH,2018-10-22,15:10:02,HOSE,STOCK,92.0,98.4,85.6,92.0,92.9,91.4,91.8,91.99,78.904,79.676,78.389,78.732,78.895,29130.0,2679573000.0,0.0,0.0,-0.2,-0.1715,-0.2174
BVH,2018-10-19,15:10:01,HOSE,STOCK,92.2,98.6,85.8,90.8,92.6,90.5,92.0,91.49,77.875,79.418,77.617,78.904,78.466,67550.0,6180258000.0,0.0,0.0,-0.2,-0.1715,-0.2169
BVH,2018-10-18,15:10:01,HOSE,STOCK,89.5,95.7,83.3,89.5,92.5,89.3,92.2,90.7,76.76,79.333,76.588,79.075,77.789,64260.0,5828286000.0,0.0,0.0,2.7,2.3156,3.0168
BVH,2018-10-17,15:10:01,HOSE,STOCK,89.4,95.6,83.2,90.0,90.4,89.4,89.5,89.93,77.188,77.531,76.674,76.76,77.128,44560.0,4007424000.0,0.0,0.0,0.1,0.0858,0.1119
BVH,2018-10-16,15:10:01,HOSE,STOCK,90.0,96.3,83.7,88.1,90.0,88.1,89.4,89.3,75.559,77.188,75.559,76.674,76.588,57750.0,5157127000.0,0.0,0.0,-0.6,-0.5146,-0.6667
BVH,2018-10-15,15:10:01,HOSE,STOCK,91.0,97.3,84.7,91.0,91.0,86.1,90.0,89.47,78.046,78.046,73.844,77.188,76.734,69370.0,6206431000.0,0.0,0.0,-1.0,-0.8576,-1.0989
BVH,2018-10-12,15:10:01,HOSE,STOCK,87.6,93.7,81.5,84.7,91.0,84.7,91.0,86.94,72.643,78.046,72.643,78.046,74.564,137360.0,11942273000.0,0.0,0.0,3.4,2.916,3.8813
BVH,2018-10-11,15:10:01,HOSE,STOCK,92.0,98.4,85.6,89.0,89.1,85.6,87.6,86.65,76.331,76.417,73.415,75.13,74.315,193090.0,16730661000.0,0.0,0.0,-4.4,-3.7737,-4.7826
BVH,2018-10-10,15:10:01,HOSE,STOCK,92.6,99.0,86.2,92.6,93.0,91.0,92.0,91.52,79.418,79.761,78.046,78.904,78.492,121780.0,11145337000.0,0.0,0.0,-0.6,-0.5146,-0.6479
BVH,2018-10-09,15:10:01,HOSE,STOCK,93.1,99.6,86.6,95.5,95.5,92.6,92.6,93.03,81.905,81.905,79.418,79.418,79.787,20800.0,1935112000.0,0.0,0.0,-0.5,-0.4288,-0.5371
BVH,2018-10-08,15:10:02,HOSE,STOCK,96.0,102.7,89.3,96.0,96.0,92.5,93.1,93.64,82.334,82.334,79.333,79.847,80.31,82280.0,7705068000.0,0.0,0.0,-2.9,-2.4872,-3.0208
BVH,2018-10-05,15:10:01,HOSE,STOCK,95.5,102.1,88.9,96.0,97.0,95.4,96.0,95.77,82.334,83.192,81.82,82.334,82.137,26760.0,2562833000.0,0.0,0.0,0.5,0.4288,0.5236
BVH,2018-10-04,15:10:01,HOSE,STOCK,96.0,102.7,89.3,95.1,96.0,94.0,95.5,95.47,81.562,82.334,80.619,81.905,81.88,38220.0,3648840000.0,0.0,0.0,-0.5,-0.4288,-0.5208
BVH,2018-10-03,15:10:01,HOSE,STOCK,96.0,102.7,89.3,95.2,97.5,95.2,96.0,96.2,81.648,83.621,81.648,82.334,82.506,10110.0,972598000.0,0.0,0.0,0.0,0.0,0.0
BVH,2018-10-02,15:10:01,HOSE,STOCK,97.0,103.7,90.3,97.0,98.0,96.0,96.0,96.71,83.192,84.05,82.334,82.334,82.943,69440.0,6715839000.0,0.0,0.0,-1.0,-0.8576,-1.0309
BVH,2018-10-01,15:10:01,HOSE,STOCK,98.0,104.8,91.2,98.0,98.0,96.8,97.0,97.34,84.05,84.05,83.02,83.192,83.484,60200.0,5859630000.0,0.0,0.0,-1.0,-0.8576,-1.0204
BVH,2018-09-28,15:09:01,HOSE,STOCK,98.4,105.2,91.6,99.0,99.3,97.4,98.0,98.47,84.907,85.165,83.535,84.05,84.453,45070.0,4438100000.0,0.0,0.0,-0.4,-0.3431,-0.4065
BVH,2018-09-27,15:09:01,HOSE,STOCK,95.0,101.6,88.4,95.0,98.4,95.0,98.4,97.35,81.477,84.393,81.477,84.393,83.492,101430.0,9873742000.0,0.0,0.0,3.4,2.916,3.5789
BVH,2018-09-26,15:09:01,HOSE,STOCK,97.0,103.7,90.3,97.0,97.0,95.0,95.0,95.91,83.192,83.192,81.477,81.477,82.257,49360.0,4734302000.0,0.0,0.0,-2.0,-1.7153,-2.0619
BVH,2018-09-25,15:09:02,HOSE,STOCK,97.7,104.5,90.9,97.3,97.7,94.0,97.0,96.82,83.449,83.792,80.619,83.192,83.038,24830.0,2404058000.0,0.0,0.0,-0.7,-0.6004,-0.7165
BVH,2018-09-24,15:09:01,HOSE,STOCK,97.7,104.5,90.9,98.5,98.5,97.0,97.7,97.75,84.478,84.478,83.192,83.792,83.835,11960.0,1169067000.0,0.0,0.0,0.0,0.0,0.0
BVH,2018-09-21,15:09:01,HOSE,STOCK,98.0,104.8,91.2,98.0,99.0,96.5,97.7,97.76,84.05,84.907,82.763,83.792,83.844,266280.0,26031384000.0,0.0,0.0,-0.3,-0.2573,-0.3061
BVH,2018-09-20,15:09:02,HOSE,STOCK,97.5,104.3,90.7,97.5,98.0,94.6,98.0,97.27,83.621,84.05,81.134,84.05,83.424,44550.0,4333188000.0,0.0,0.0,0.5,0.4288,0.5128
BVH,2018-09-19,15:09:01,HOSE,STOCK,97.0,103.7,90.3,97.0,98.0,93.0,97.5,97.02,83.192,84.05,79.761,83.621,83.209,89870.0,8719081000.0,0.0,0.0,0.5,0.4288,0.5155
BVH,2018-09-18,15:09:02,HOSE,STOCK,94.0,100.5,87.5,93.0,97.0,93.0,97.0,96.04,79.761,83.192,79.761,83.192,82.369,91820.0,8818650000.0,0.0,0.0,3.0,2.5729,3.1915
BVH,2018-09-17,15:09:01,HOSE,STOCK,97.7,104.5,90.9,97.0,97.0,93.2,94.0,95.17,83.192,83.192,79.933,80.619,81.622,70650.0,6723716000.0,0.0,0.0,-3.7,-3.1733,-3.7871
BVH,2018-09-14,15:09:02,HOSE,STOCK,99.0,105.9,92.1,99.0,99.0,97.4,97.7,98.05,84.907,84.907,83.535,83.792,84.092,59810.0,5864263000.0,0.0,0.0,-1.3,-1.1149,-1.3131
BVH,2018-09-13,15:09:01,HOSE,STOCK,95.0,101.6,88.4,94.1,101.0,94.1,99.0,97.48,80.705,86.623,80.705,84.907,83.604,260180.0,25361712000.0,0.0,0.0,4.0,3.4306,4.2105
BVH,2018-09-12,15:09:02,HOSE,STOCK,95.7,102.3,89.1,96.0,96.0,94.0,95.0,94.92,82.334,82.334,80.619,81.477,81.408,215930.0,20495323000.0,0.0,0.0,-0.7,-0.6004,-0.7315
BVH,2018-09-11,15:09:01,HOSE,STOCK,89.5,95.7,83.3,89.5,95.7,89.5,95.7,92.08,76.76,82.077,76.76,82.077,78.972,165280.0,15218330000.0,0.0,0.0,6.2,5.3174,6.9274
BVH,2018-09-10,15:09:01,HOSE,STOCK,88.4,94.5,82.3,88.5,90.9,88.5,89.5,90.01,75.902,77.96,75.902,76.76,77.197,41160.0,3704740000.0,0.0,0.0,1.1,0.9434,1.2443
BVH,2018-09-07,15:09:01,HOSE,STOCK,86.0,92.0,80.0,86.0,89.5,86.0,88.4,87.94,73.758,76.76,73.758,75.816,75.422,44030.0,3872090000.0,0.0,0.0,2.4,2.0584,2.7907
BVH,2018-09-06,15:09:01,HOSE,STOCK,88.5,94.6,82.4,88.5,88.6,85.9,86.0,87.25,75.902,75.988,73.672,73.758,74.83,142290.0,12414112000.0,0.0,0.0,-2.5,-2.1441,-2.8249
BVH,2018-09-05,15:09:01,HOSE,STOCK,90.3,96.6,84.0,88.3,91.0,87.5,88.5,89.3,75.73,78.046,75.044,75.902,76.588,59550.0,5318015000.0,0.0,0.0,-1.8,-1.5438,-1.9934
BVH,2018-09-04,15:09:02,HOSE,STOCK,92.5,98.9,86.1,92.0,92.9,89.7,90.3,91.56,78.904,79.676,76.931,77.446,78.526,90260.0,8264086000.0,0.0,0.0,-2.2,-1.8868,-2.3784
BVH,2018-08-31,15:08:02,HOSE,STOCK,91.6,98.0,85.2,91.6,93.4,91.6,92.5,92.45,78.561,80.104,78.561,79.333,79.29,115500.0,10677570000.0,0.0,0.0,0.9,0.7719,0.9825
BVH,2018-08-30,15:08:16,HOSE,STOCK,91.1,97.4,84.8,92.0,92.0,91.0,91.6,91.6,78.904,78.904,78.046,78.561,78.561,23980.0,2196451000.0,0.0,0.0,0.5,0.4288,0.5488
BVH,2018-08-29,15:08:02,HOSE,STOCK,90.9,97.2,84.6,90.2,91.5,90.2,91.1,91.1,77.36,78.475,77.36,78.132,78.132,86860.0,7913003000.0,0.0,0.0,0.2,0.1715,0.22
BVH,2018-08-28,15:08:02,HOSE,STOCK,90.9,97.2,84.6,90.9,91.3,90.0,90.9,90.62,77.96,78.303,77.188,77.96,77.72,63100.0,5718337000.0,0.0,0.0,0.0,0.0,0.0
BVH,2018-08-27,15:08:01,HOSE,STOCK,88.1,94.2,82.0,90.0,90.9,88.2,90.9,89.94,77.188,77.96,75.645,77.96,77.137,121260.0,10906623000.0,0.0,0.0,2.8,2.4014,3.1782
BVH,2018-08-24,15:08:01,HOSE,STOCK,91.0,97.3,84.7,90.0,91.5,88.1,88.1,89.87,77.188,78.475,75.559,75.559,77.077,163000.0,14648961000.0,0.0,0.0,-2.9,-2.4872,-3.1868
BVH,2018-08-23,15:08:01,HOSE,STOCK,87.5,93.6,81.4,88.5,91.6,86.5,91.0,88.81,75.902,78.561,74.187,78.046,76.168,219700.0,19511070000.0,0.0,0.0,3.5,3.0018,4.0
BVH,2018-08-22,15:08:01,HOSE,STOCK,83.5,89.3,77.7,84.5,87.5,84.0,87.5,86.23,72.471,75.044,72.043,75.044,73.955,216960.0,18709235000.0,0.0,0.0,4.0,3.4306,4.7904
BVH,2018-08-21,15:08:01,HOSE,STOCK,84.0,89.8,78.2,84.0,84.0,82.7,83.5,83.69,72.043,72.043,70.928,71.614,71.777,44010.0,3683261000.0,0.0,0.0,-0.5,-0.4288,-0.5952
BVH,2018-08-20,15:08:01,HOSE,STOCK,84.2,90.0,78.4,84.4,84.4,83.2,84.0,84.04,72.386,72.386,71.356,72.043,72.077,100990.0,8487282000.0,0.0,0.0,-0.2,-0.1715,-0.2375
BVH,2018-08-17,15:08:01,HOSE,STOCK,81.9,87.6,76.2,81.6,84.5,81.6,84.2,83.77,69.984,72.471,69.984,72.214,71.845,156220.0,13086515000.0,0.0,0.0,2.3,1.9726,2.8083
BVH,2018-08-16,15:08:01,HOSE,STOCK,80.6,86.2,75.0,78.5,81.9,78.5,81.9,80.22,67.325,70.241,67.325,70.241,68.801,90740.0,7279410000.0,0.0,0.0,1.3,1.1149,1.6129
BVH,2018-08-15,15:08:01,HOSE,STOCK,82.7,88.4,77.0,83.7,83.7,80.0,80.6,81.26,71.785,71.785,68.612,69.126,69.693,80900.0,6574205000.0,0.0,0.0,-2.1,-1.801,-2.5393
BVH,2018-08-14,15:08:01,HOSE,STOCK,83.0,88.8,77.2,82.5,83.9,82.5,82.7,83.08,70.756,71.957,70.756,70.928,71.253,42550.0,3534880000.0,0.0,0.0,-0.3,-0.2573,-0.3614
BVH,2018-08-13,15:08:01,HOSE,STOCK,84.5,90.4,78.6,84.5,84.5,81.5,83.0,82.81,72.471,72.471,69.898,71.185,71.022,127080.0,10523488000.0,0.0,0.0,-1.5,-1.2865,-1.7751
BVH,2018-08-10,15:08:01,HOSE,STOCK,82.0,87.7,76.3,82.0,84.5,82.0,84.5,83.17,70.327,72.471,70.327,72.471,71.331,195740.0,16279845000.0,0.0,0.0,2.5,2.1441,3.0488
BVH,2018-08-09,15:08:01,HOSE,STOCK,79.5,85.0,74.0,80.0,82.7,80.0,82.0,82.09,68.612,70.928,68.612,70.327,70.404,173410.0,14234846000.0,0.0,0.0,2.5,2.1441,3.1447
BVH,2018-08-08,15:08:01,HOSE,STOCK,0.0,0.0,0.0,78.4,80.0,77.3,79.5,79.32,67.24,68.612,66.296,68.183,68.029,148230.0,11757897000.0,0.0,0.0,0.0,0.0,0.0
BVH,2018-08-07,15:08:01,HOSE,STOCK,0.0,0.0,0.0,76.0,80.0,75.4,77.1,76.03,65.181,68.612,64.667,66.125,65.207,268970.0,20449321000.0,0.0,0.0,0.0,0.0,0.0
BVH,2018-08-06,17:08:42,HOSE,STOCK,0.0,0.0,0.0,78.6,78.6,76.0,76.0,77.37,67.411,67.411,65.181,65.181,66.356,119440.0,9240713000.0,0.0,0.0,0.0,0.0,0.0
BVH,2018-08-03,15:08:02,HOSE,STOCK,76.0,81.3,70.7,76.9,78.4,76.0,78.0,77.52,65.953,67.24,65.181,66.897,66.485,139050.0,10778987000.0,0.0,0.0,2.0,1.7153,2.6316
BVH,2018-08-02,15:08:01,HOSE,STOCK,77.0,82.3,71.7,77.0,77.0,75.2,76.0,75.96,66.039,66.039,64.495,65.181,65.147,53630.0,4073477000.0,0.0,0.0,-1.0,-0.8576,-1.2987
BVH,2018-08-01,15:08:02,HOSE,STOCK,78.1,83.5,72.7,77.8,79.1,77.0,78.0,78.2,65.871,66.972,65.194,66.04,66.21,98080.0,7669564000.0,0.0,0.0,-0.1,-0.0847,-0.128
BVH,2018-07-31,15:07:01,HOSE,STOCK,75.0,80.2,69.8,75.0,79.0,75.0,78.1,77.25,63.5,66.887,63.5,66.125,65.405,200730.0,15506679000.0,0.0,0.0,3.1,2.6247,4.1333
BVH,2018-07-30,15:07:01,HOSE,STOCK,73.9,79.0,68.8,74.3,75.9,74.2,75.0,75.26,62.908,64.262,62.823,63.5,63.72,101720.0,7655839000.0,0.0,0.0,1.1,0.9313,1.4885
BVH,2018-07-27,15:07:11,HOSE,STOCK,74.0,79.1,68.9,75.0,75.0,73.3,73.9,74.07,63.5,63.5,62.061,62.569,62.713,47650.0,3529544000.0,0.0,0.0,-0.1,-0.0847,-0.1351
BVH,2018-07-26,15:07:02,HOSE,STOCK,75.0,80.2,69.8,74.9,75.0,73.5,74.0,73.97,63.416,63.5,62.23,62.654,62.628,70180.0,5191444000.0,0.0,0.0,-1.0,-0.8467,-1.3333
BVH,2018-07-25,15:07:01,HOSE,STOCK,74.0,79.1,68.9,74.0,75.8,73.5,75.0,74.52,62.654,64.178,62.23,63.5,63.094,212940.0,15867418000.0,0.0,0.0,1.0,0.8467,1.3514
BVH,2018-07-24,15:07:02,HOSE,STOCK,73.7,78.8,68.6,73.6,74.9,73.2,74.0,73.99,62.315,63.416,61.976,62.654,62.645,94220.0,6971127000.0,0.0,0.0,0.3,0.254,0.4071
BVH,2018-07-23,15:07:02,HOSE,STOCK,71.0,75.9,66.1,74.0,75.0,73.0,73.7,73.8,62.654,63.5,61.807,62.4,62.484,115550.0,8527832000.0,0.0,0.0,2.7,2.286,3.8028
BVH,2018-07-20,15:07:02,HOSE,STOCK,75.5,80.7,70.3,76.5,77.0,71.0,71.0,72.51,64.77,65.194,60.114,60.114,61.392,374000.0,27118169000.0,0.0,0.0,-4.5,-3.81,-5.9603
BVH,2018-07-19,15:07:01,HOSE,STOCK,73.9,79.0,68.8,73.6,78.0,73.6,75.5,75.83,62.315,66.04,62.315,63.924,64.203,211380.0,16029443000.0,0.0,0.0,1.6,1.3547,2.1651
BVH,2018-07-18,15:07:01,HOSE,STOCK,73.0,78.1,67.9,73.0,74.2,72.5,73.9,73.57,61.807,62.823,61.384,62.569,62.29,133560.0,9825832000.0,0.0,0.0,0.9,0.762,1.2329
BVH,2018-07-17,15:07:02,HOSE,STOCK,75.6,80.8,70.4,75.0,75.0,72.5,73.0,73.15,63.5,63.5,61.384,61.807,61.934,133930.0,9797621000.0,0.0,0.0,-2.6,-2.2013,-3.4392
BVH,2018-07-16,15:07:02,HOSE,STOCK,74.3,79.5,69.1,75.5,76.0,73.5,75.6,74.98,63.924,64.347,62.23,64.008,63.483,84450.0,6331820000.0,0.0,0.0,1.3,1.1007,1.7497
BVH,2018-07-13,15:07:02,HOSE,STOCK,72.5,77.5,67.5,72.8,74.8,72.1,74.3,73.81,61.638,63.331,61.045,62.908,62.493,91850.0,6779344000.0,0.0,0.0,1.8,1.524,2.4828
BVH,2018-07-12,15:07:01,HOSE,STOCK,71.5,76.5,66.5,71.5,73.0,69.0,72.5,71.75,60.537,61.807,58.42,61.384,60.749,170830.0,12257186000.0,0.0,0.0,1.0,0.8467,1.3986
BVH,2018-07-11,15:07:01,HOSE,STOCK,72.0,77.0,67.0,71.5,73.5,70.6,71.5,71.63,60.537,62.23,59.775,60.537,60.647,150480.0,10779490000.0,0.0,0.0,-0.5,-0.4233,-0.6944
BVH,2018-07-10,15:07:01,HOSE,STOCK,74.2,79.3,69.1,74.3,75.9,72.0,72.0,73.7,62.908,64.262,60.96,60.96,62.4,94660.0,6976208000.0,0.0,0.0,-2.2,-1.8627,-2.965
BVH,2018-07-09,15:07:01,HOSE,STOCK,75.0,80.2,69.8,74.0,77.0,74.0,74.2,75.18,62.654,65.194,62.654,62.823,63.653,45850.0,3446863000.0,0.0,0.0,-0.8,-0.6773,-1.0667
BVH,2018-07-06,15:07:01,HOSE,STOCK,70.2,75.1,65.3,70.3,75.1,70.3,75.0,72.77,59.521,63.585,59.521,63.5,61.612,111800.0,8135275000.0,0.0,0.0,4.8,4.064,6.8376
BVH,2018-07-05,15:07:01,HOSE,STOCK,71.0,75.9,66.1,70.1,72.0,70.0,70.2,71.37,59.352,60.96,59.267,59.436,60.427,103070.0,7355593000.0,0.0,0.0,-0.8,-0.6773,-1.1268
BVH,2018-07-04,15:07:02,HOSE,STOCK,73.5,78.6,68.4,73.5,73.6,70.5,71.0,71.69,62.23,62.315,59.69,60.114,60.698,246150.0,17645503000.0,0.0,0.0,-2.5,-2.1167,-3.4014
BVH,2018-07-03,15:07:01,HOSE,STOCK,77.0,82.3,71.7,77.9,78.1,73.5,73.5,75.61,65.956,66.125,62.23,62.23,64.017,122740.0,9280716000.0,0.0,0.0,-3.5,-2.9633,-4.5455
BVH,2018-07-02,15:07:02,HOSE,STOCK,81.3,86.9,75.7,79.2,82.9,76.0,77.0,77.84,67.056,70.189,64.347,65.194,65.905,128870.0,10031679000.0,0.0,0.0,-4.3,-3.6407,-5.2891
BVH,2018-06-29,15:06:01,HOSE,STOCK,81.7,87.4,76.0,79.5,82.5,79.5,81.3,81.58,67.31,69.85,67.31,68.834,69.071,61050.0,4980536000.0,0.0,0.0,-0.4,-0.3387,-0.4896
BVH,2018-06-28,15:06:01,HOSE,STOCK,83.3,89.1,77.5,83.3,83.9,81.7,81.7,82.35,70.528,71.036,69.173,69.173,69.723,65050.0,5356845000.0,0.0,0.0,-1.6,-1.3547,-1.9208
BVH,2018-06-27,15:06:01,HOSE,STOCK,84.0,89.8,78.2,85.2,85.5,82.5,83.3,83.79,72.136,72.39,69.85,70.528,70.943,58030.0,4862121000.0,0.0,0.0,-0.7,-0.5927,-0.8333
BVH,2018-06-26,15:06:01,HOSE,STOCK,86.7,92.7,80.7,86.0,86.0,82.1,84.0,83.72,72.814,72.814,69.512,71.12,70.883,56020.0,4690075000.0,0.0,0.0,-2.7,-2.286,-3.1142
BVH,2018-06-25,15:06:02,HOSE,STOCK,85.0,90.9,79.1,88.7,88.7,85.2,86.7,86.22,75.1,75.1,72.136,73.406,73.0,51420.0,4433475000.0,0.0,0.0,1.7,1.4393,2.0
BVH,2018-06-22,15:06:01,HOSE,STOCK,85.0,90.9,79.1,79.1,85.0,79.1,85.0,82.79,66.972,71.967,66.972,71.967,70.096,97890.0,8103899000.0,0.0,0.0,0.0,0.0,0.0
BVH,2018-06-21,15:06:02,HOSE,STOCK,83.0,88.8,77.2,83.0,84.0,81.0,81.0,82.5,70.274,71.12,68.58,68.58,69.85,279010.0,23016932000.0,0.0,0.0,-2.0,-1.6933,-2.4096
BVH,2018-06-20,15:06:02,HOSE,STOCK,82.0,87.7,76.3,82.5,84.9,80.0,83.0,82.6,69.85,71.882,67.734,70.274,69.935,167530.0,13837488000.0,0.0,0.0,1.0,0.8467,1.2195
BVH,2018-06-19,15:06:01,HOSE,STOCK,86.0,92.0,80.0,85.0,86.0,80.0,82.0,83.05,71.967,72.814,67.734,69.427,70.316,368890.0,30637519000.0,0.0,0.0,-4.0,-3.3867,-4.6512
BVH,2018-06-18,15:06:01,HOSE,STOCK,85.5,91.4,79.6,86.8,88.0,85.7,86.0,86.48,73.491,74.507,72.56,72.814,73.22,113900.0,9850365000.0,0.0,0.0,0.5,0.4233,0.5848
BVH,2018-06-15,15:06:02,HOSE,STOCK,87.0,93.0,81.0,87.0,90.0,85.5,85.5,86.43,73.66,76.2,72.39,72.39,73.178,266020.0,22992568000.0,0.0,0.0,-1.5,-1.27,-1.7241
BVH,2018-06-14,15:06:01,HOSE,STOCK,92.5,98.9,86.1,92.4,93.5,87.0,87.0,90.05,78.232,79.164,73.66,73.66,76.243,161270.0,14522498000.0,0.0,0.0,-5.5,-4.6567,-5.9459
BVH,2018-06-13,15:06:02,HOSE,STOCK,93.4,99.9,86.9,93.3,94.0,91.5,92.5,92.35,78.994,79.587,77.47,78.317,78.19,51520.0,4757771000.0,0.0,0.0,-0.9,-0.762,-0.9636
BVH,2018-06-12,15:06:01,HOSE,STOCK,95.9,102.6,89.2,94.5,96.1,90.0,93.4,93.1,80.01,81.365,76.2,79.079,78.825,107080.0,9969203000.0,0.0,0.0,-2.5,-2.1167,-2.6069
BVH,2018-06-11,15:06:02,HOSE,STOCK,95.9,102.6,89.2,95.8,96.2,94.5,95.9,95.32,81.111,81.45,80.01,81.196,80.705,129690.0,12362541000.0,0.0,0.0,0.0,0.0,0.0
BVH,2018-06-08,15:06:01,HOSE,STOCK,95.9,102.6,89.2,94.3,96.1,94.0,95.9,95.38,79.841,81.365,79.587,81.196,80.755,151200.0,14420793000.0,0.0,0.0,0.0,0.0,0.0
BVH,2018-06-07,15:06:02,HOSE,STOCK,95.1,101.7,88.5,96.0,96.0,94.5,95.9,95.48,81.28,81.28,80.01,81.196,80.84,144280.0,13775551000.0,0.0,0.0,0.8,0.6773,0.8412
BVH,2018-06-06,15:06:01,HOSE,STOCK,94.9,101.5,88.3,93.0,96.0,93.0,95.1,94.54,78.74,81.28,78.74,80.518,80.044,64750.0,6121151000.0,0.0,0.0,0.2,0.1693,0.2107
BVH,2018-06-05,15:06:02,HOSE,STOCK,94.9,101.5,88.3,94.9,95.3,93.1,94.9,94.29,80.349,80.688,78.825,80.349,79.833,167290.0,15773293000.0,0.0,0.0,0.0,0.0,0.0
BVH,2018-06-04,15:06:02,HOSE,STOCK,90.7,97.0,84.4,90.7,95.0,90.7,94.9,93.16,76.793,80.434,76.793,80.349,78.876,111900.0,10424104000.0,0.0,0.0,4.2,3.556,4.6307
BVH,2018-06-01,15:06:02,HOSE,STOCK,86.5,92.5,80.5,86.5,90.9,86.0,90.7,89.14,73.237,76.962,72.814,76.793,75.472,119650.0,10665645000.0,0.0,0.0,4.2,3.556,4.8555
BVH,2018-05-31,15:05:02,HOSE,STOCK,84.9,90.8,79.0,84.0,88.5,84.0,86.5,87.09,71.12,74.93,71.12,73.237,73.737,129490.0,11277248000.0,0.0,0.0,1.6,1.3547,1.8846
BVH,2018-05-30,15:05:02,HOSE,STOCK,83.4,89.2,77.6,86.0,86.0,83.4,84.9,84.48,72.814,72.814,70.612,71.882,71.527,97520.0,8238689000.0,0.0,0.0,1.5,1.27,1.7986
BVH,2018-05-29,15:05:01,HOSE,STOCK,82.0,87.7,76.3,83.0,85.2,81.0,83.4,82.78,70.274,72.136,68.58,70.612,70.087,136660.0,11313229000.0,0.0,0.0,1.4,1.1853,1.7073
BVH,2018-05-28,15:05:01,HOSE,STOCK,86.0,92.0,80.0,86.0,87.0,81.2,82.0,84.37,72.814,73.66,68.75,69.427,71.434,180550.0,15233605000.0,0.0,0.0,-4.0,-3.3867,-4.6512
BVH,2018-05-25,15:05:02,HOSE,STOCK,86.0,92.0,80.0,88.0,88.3,85.5,86.0,87.15,74.507,74.761,72.39,72.814,73.787,216540.0,18870422000.0,0.0,0.0,0.0,0.0,0.0
BVH,2018-05-24,15:05:02,HOSE,STOCK,87.0,93.0,81.0,87.5,90.0,85.0,86.0,88.19,74.084,76.2,71.967,72.814,74.668,230600.0,20336624000.0,0.0,0.0,-1.0,-0.8467,-1.1494
BVH,2018-05-23,15:05:02,HOSE,STOCK,84.0,89.8,78.2,84.0,87.0,84.0,87.0,85.12,71.12,73.66,71.12,73.66,72.069,213130.0,18141081000.0,0.0,0.0,3.0,2.54,3.5714
BVH,2018-05-22,15:05:01,HOSE,STOCK,90.3,96.6,84.0,85.5,90.3,84.0,84.0,85.23,72.39,76.454,71.12,71.12,72.162,194180.0,16549819000.0,0.0,0.0,-6.3,-5.334,-6.9767
BVH,2018-05-21,15:05:02,HOSE,STOCK,97.0,103.7,90.3,94.0,97.0,90.3,90.3,93.55,79.587,82.127,76.454,76.454,79.206,260300.0,24350504000.0,0.0,0.0,-6.7,-5.6727,-6.9072
BVH,2018-05-18,15:05:49,HOSE,STOCK,93.9,100.4,87.4,95.0,97.0,90.9,97.0,93.58,80.434,82.127,76.962,82.127,79.231,174980.0,16374394000.0,0.0,0.0,3.1,2.6247,3.3014
BVH,2018-05-17,15:05:01,HOSE,STOCK,98.3,105.1,91.5,102.0,102.0,93.9,93.9,97.74,86.36,86.36,79.502,79.502,82.754,136410.0,13333105000.0,0.0,0.0,-4.4,-3.7253,-4.4761
BVH,2018-05-16,15:05:02,HOSE,STOCK,102.0,109.1,94.9,100.0,100.7,96.1,98.3,98.8,84.667,85.26,81.365,83.228,83.651,170840.0,16879449000.0,0.0,0.0,-3.7,-3.1327,-3.6275
BVH,2018-05-15,15:05:02,HOSE,STOCK,95.9,102.6,89.2,97.0,102.6,97.0,102.0,100.26,82.127,86.868,82.127,86.36,84.887,245240.0,24588706000.0,0.0,0.0,6.1,5.1647,6.3608
BVH,2018-05-14,15:05:02,HOSE,STOCK,94.0,100.5,87.5,94.1,96.0,93.8,95.9,94.58,79.672,81.28,79.418,81.196,80.078,168220.0,15909793000.0,0.0,0.0,1.9,1.6087,2.0213
BVH,2018-05-11,15:05:01,HOSE,STOCK,95.4,102.0,88.8,95.5,95.5,92.5,94.0,93.71,80.857,80.857,78.317,79.587,79.342,136910.0,12829232000.0,0.0,0.0,-1.4,-1.1853,-1.4675
BVH,2018-05-10,15:05:01,HOSE,STOCK,94.0,100.5,87.5,94.6,96.5,94.0,95.4,95.51,80.095,81.704,79.587,80.772,80.866,238180.0,22749098000.0,0.0,0.0,1.4,1.1853,1.4894
BVH,2018-05-09,15:05:01,HOSE,STOCK,96.5,103.2,89.8,96.5,96.6,93.5,94.0,95.54,81.704,81.788,79.164,79.587,80.891,237490.0,22690564000.0,0.0,0.0,-2.5,-2.1167,-2.5907
BVH,2018-05-08,15:05:02,HOSE,STOCK,92.0,98.4,85.6,90.5,97.0,90.5,96.5,94.78,76.624,82.127,76.624,81.704,80.247,163840.0,15528842000.0,0.0,0.0,4.5,3.81,4.8913
BVH,2018-05-07,15:05:01,HOSE,STOCK,87.1,93.1,81.1,88.0,92.0,87.0,92.0,89.16,74.507,77.894,73.66,77.894,75.489,68590.0,6115408000.0,0.0,0.0,4.9,4.1487,5.6257
BVH,2018-05-04,15:05:02,HOSE,STOCK,89.8,96.0,83.6,90.0,92.5,87.1,87.1,91.0,76.2,78.317,73.745,73.745,77.047,143370.0,13046635000.0,0.0,0.0,-2.7,-2.286,-3.0067
BVH,2018-05-03,15:05:01,HOSE,STOCK,87.0,93.0,81.0,83.1,91.0,83.1,89.8,87.84,70.358,77.047,70.358,76.031,74.372,268660.0,23600049000.0,0.0,0.0,2.8,2.3707,3.2184
BVH,2018-05-02,15:05:01,HOSE,STOCK,92.0,98.4,85.6,98.3,98.3,85.6,87.0,89.39,83.228,83.228,72.475,73.66,75.684,271870.0,24302613000.0,0.0,0.0,-5.0,-4.2333,-5.4348
BVH,2018-04-27,15:04:01,HOSE,STOCK,93.0,99.5,86.5,95.0,97.0,92.0,92.0,95.19,80.434,82.127,77.894,77.894,80.595,595330.0,56669405000.0,0.0,0.0,-1.0,-0.8467,-1.0753
BVH,2018-04-26,15:04:02,HOSE,STOCK,100.0,107.0,93.0,100.0,101.0,93.0,93.0,94.67,84.667,85.514,78.74,78.74,80.154,643400.0,60911858000.0,0.0,0.0,-7.0,-5.9267,-7.0
BVH,2018-04-24,15:04:01,HOSE,STOCK,96.0,102.7,89.3,94.0,102.7,94.0,100.0,98.38,79.587,86.953,79.587,84.667,83.295,254570.0,25043523000.0,0.0,0.0,4.0,3.3867,4.1667
BVH,2018-04-23,15:04:01,HOSE,STOCK,99.0,105.9,92.1,100.0,103.0,96.0,96.0,101.31,84.667,87.207,81.28,81.28,85.776,213290.0,21609260000.0,0.0,0.0,-3.0,-2.54,-3.0303
BVH,2018-04-20,15:04:02,HOSE,STOCK,95.0,101.6,88.4,96.8,100.0,95.0,99.0,98.13,81.958,84.667,80.434,83.82,83.084,430600.0,42253426000.0,0.0,0.0,4.0,3.3867,4.2105
BVH,2018-04-19,15:04:02,HOSE,STOCK,102.0,109.1,94.9,102.0,103.8,95.0,95.0,101.01,86.36,87.884,80.434,80.434,85.522,398040.0,40207254000.0,0.0,0.0,-7.0,-5.9267,-6.8627
BVH,2018-04-18,15:04:02,HOSE,STOCK,107.0,114.4,99.6,107.0,108.4,102.0,102.0,106.26,90.594,91.779,86.36,86.36,89.967,390540.0,41499767000.0,0.0,0.0,-5.0,-4.2333,-4.6729
BVH,2018-04-17,15:04:02,HOSE,STOCK,103.4,110.6,96.2,103.4,107.0,103.4,107.0,105.36,87.546,90.594,87.546,90.594,89.205,286490.0,30184916000.0,0.0,0.0,3.6,3.048,3.4816
BVH,2018-04-16,15:04:01,HOSE,STOCK,104.2,111.4,97.0,104.2,105.0,101.1,103.4,103.17,88.223,88.9,85.598,87.546,87.351,193250.0,19937930000.0,0.0,0.0,-0.8,-0.6773,-0.7678
BVH,2018-04-13,15:04:02,HOSE,STOCK,106.6,114.0,99.2,106.6,106.6,104.2,104.2,105.83,90.255,90.255,88.223,88.223,89.603,198750.0,21033477000.0,0.0,0.0,-2.4,-2.032,-2.2514
BVH,2018-04-12,15:04:02,HOSE,STOCK,106.8,114.2,99.4,105.5,106.6,101.1,106.6,103.64,89.324,90.255,85.598,90.255,87.749,501420.0,51969429000.0,0.0,0.0,-0.2,-0.1693,-0.1873
BVH,2018-04-11,15:04:01,HOSE,STOCK,107.9,115.4,100.4,109.4,111.0,106.8,106.8,108.98,92.626,93.98,90.424,90.424,92.27,515170.0,56143694000.0,0.0,0.0,-1.1,-0.9313,-1.0195
BVH,2018-04-10,15:04:01,HOSE,STOCK,105.5,112.8,98.2,105.5,109.5,105.5,107.9,107.76,89.324,92.71,89.324,91.356,91.237,301690.0,32509211000.0,0.0,0.0,2.4,2.032,2.2749
BVH,2018-04-09,15:04:02,HOSE,STOCK,107.5,115.0,100.0,107.5,108.0,105.0,105.5,106.04,91.017,91.44,88.9,89.324,89.781,432470.0,45857950000.0,0.0,0.0,-2.0,-1.6933,-1.8605
BVH,2018-04-06,15:04:01,HOSE,STOCK,107.2,114.7,99.7,107.2,109.9,107.0,107.5,108.87,90.763,93.049,90.594,91.017,92.177,417700.0,45476110000.0,0.0,0.0,0.3,0.254,0.2799
BVH,2018-04-05,15:04:01,HOSE,STOCK,101.0,108.0,94.0,101.0,108.0,101.0,107.2,105.82,85.514,91.44,85.514,90.763,89.595,503350.0,53265410000.0,0.0,0.0,6.2,5.2494,6.1386
BVH,2018-04-04,15:04:02,HOSE,STOCK,100.5,107.5,93.5,100.5,105.0,100.5,101.0,102.59,85.09,88.9,85.09,85.514,86.86,355890.0,36510477000.0,0.0,0.0,0.5,0.4233,0.4975
BVH,2018-04-03,15:04:01,HOSE,STOCK,97.1,103.8,90.4,102.9,102.9,98.0,100.5,101.2,87.122,87.122,82.974,85.09,85.683,577200.0,58411876000.0,0.0,0.0,3.4,2.8787,3.5015
BVH,2018-04-02,15:04:01,HOSE,STOCK,94.5,101.1,87.9,98.0,100.0,95.0,97.1,97.22,82.974,84.667,80.434,82.212,82.313,330990.0,32180280000.0,0.0,0.0,2.6,2.2014,2.7513
BVH,2018-03-30,15:03:01,HOSE,STOCK,93.0,99.5,86.5,93.0,95.0,90.8,94.5,93.22,78.74,80.434,76.878,80.01,78.927,324360.0,30236950000.0,0.0,0.0,1.5,1.27,1.6129
BVH,2018-03-29,00:03:00,HOSE,STOCK,94.0,100.5,87.5,94.0,96.1,93.0,93.0,94.53,79.587,81.365,78.74,78.74,80.036,343480.0,32467921000.0,0.0,0.0,-1.0,-0.8467,-1.0638
BVH,2018-03-28,15:03:02,HOSE,STOCK,93.0,99.5,86.5,93.0,94.8,91.0,94.0,93.49,78.74,80.264,77.047,79.587,79.155,366680.0,34282636000.0,0.0,0.0,1.0,0.8467,1.0753
BVH,2018-03-27,15:03:02,HOSE,STOCK,93.0,99.5,86.5,94.0,97.9,92.0,93.0,95.41,79.587,82.889,77.894,78.74,80.781,751940.0,71741687000.0,0.0,0.0,0.0,0.0,0.0
BVH,2018-03-26,15:03:01,HOSE,STOCK,87.7,93.8,81.6,87.7,93.8,87.7,93.0,91.45,74.253,79.418,74.253,78.74,77.428,533200.0,48761852000.0,0.0,0.0,5.3,4.4873,6.0433
BVH,2018-03-23,15:03:02,HOSE,STOCK,92.0,98.4,85.6,89.0,90.0,85.6,87.7,87.65,75.354,76.2,72.475,74.253,74.211,471720.0,41346815000.0,0.0,0.0,-4.3,-3.6407,-4.6739
BVH,2018-03-22,15:03:01,HOSE,STOCK,90.0,96.3,83.7,91.0,92.5,90.0,92.0,91.48,77.047,78.317,76.2,77.894,77.453,511740.0,46811623000.0,0.0,0.0,2.0,1.6933,2.2222
BVH,2018-03-21,15:03:01,HOSE,STOCK,86.1,92.1,80.1,86.6,90.0,86.6,90.0,88.4,73.322,76.2,73.322,76.2,74.846,585540.0,51760382000.0,0.0,0.0,3.9,3.302,4.5296
BVH,2018-03-20,15:03:01,HOSE,STOCK,87.0,93.0,81.0,87.0,88.3,86.1,86.1,87.41,73.66,74.761,72.898,72.898,74.008,279880.0,24465298000.0,0.0,0.0,-0.9,-0.762,-1.0345
BVH,2018-03-19,15:03:01,HOSE,STOCK,83.0,88.8,77.2,83.0,87.0,83.0,87.0,85.76,70.274,73.66,70.274,73.66,72.611,359640.0,30841332000.0,0.0,0.0,4.0,3.3867,4.8193
BVH,2018-03-16,15:03:02,HOSE,STOCK,83.0,88.8,77.2,84.0,84.9,83.0,83.0,83.78,71.12,71.882,70.274,70.274,70.934,253720.0,21256534000.0,0.0,0.0,0.0,0.0,0.0
BVH,2018-03-15,15:03:02,HOSE,STOCK,84.2,90.0,78.4,83.0,85.0,82.8,83.0,84.45,70.274,71.967,70.104,70.274,71.501,150100.0,12676075000.0,0.0,0.0,-1.2,-1.016,-1.4252
BVH,2018-03-14,15:03:03,HOSE,STOCK,83.8,89.6,78.0,83.0,85.3,83.0,84.2,84.2,70.274,72.221,70.274,71.29,71.29,364050.0,30654440000.0,0.0,0.0,0.4,0.3387,0.4773
BVH,2018-03-13,15:03:01,HOSE,STOCK,84.6,90.5,78.7,85.0,85.1,83.2,83.8,84.48,71.967,72.052,70.443,70.951,71.527,169620.0,14329810000.0,0.0,0.0,-0.8,-0.6773,-0.9456
BVH,2018-03-12,15:03:01,HOSE,STOCK,83.9,89.7,78.1,83.9,85.8,83.9,84.6,84.76,71.036,72.644,71.036,71.628,71.764,257030.0,21785119000.0,0.0,0.0,0.7,0.5927,0.8343
BVH,2018-03-09,15:03:01,HOSE,STOCK,81.0,86.6,75.4,83.5,84.0,81.5,83.9,83.24,70.697,71.12,69.004,71.036,70.477,374750.0,31194492000.0,0.0,0.0,2.9,2.4554,3.5802
BVH,2018-03-08,15:03:02,HOSE,STOCK,78.9,84.4,73.4,78.9,81.4,78.9,81.0,80.51,66.802,68.919,66.802,68.58,68.165,229500.0,18478095000.0,0.0,0.0,2.1,1.778,2.6616
BVH,2018-03-07,15:03:01,HOSE,STOCK,83.0,88.8,77.2,83.5,84.9,78.0,78.9,81.16,70.697,71.882,66.04,66.802,68.716,474280.0,38490715000.0,0.0,0.0,-4.1,-3.4713,-4.9398
BVH,2018-03-06,15:03:02,HOSE,STOCK,84.0,89.8,78.2,84.0,85.0,82.0,83.0,83.26,71.12,71.967,69.427,70.274,70.494,223650.0,18620022000.0,0.0,0.0,-1.0,-0.8467,-1.1905
BVH,2018-03-05,15:03:01,HOSE,STOCK,82.4,88.1,76.7,83.9,86.0,83.0,84.0,85.01,71.036,72.814,70.274,71.12,71.975,349010.0,29668282000.0,0.0,0.0,1.6,1.3547,1.9417
BVH,2018-03-02,15:03:02,HOSE,STOCK,82.5,88.2,76.8,80.0,83.5,80.0,82.4,82.01,67.734,70.697,67.734,69.766,69.435,346050.0,28379218000.0,0.0,0.0,-0.1,-0.0847,-0.1212
BVH,2018-03-01,15:03:02,HOSE,STOCK,83.7,89.5,77.9,83.7,83.8,82.1,82.5,83.05,70.866,70.951,69.512,69.85,70.316,305660.0,25385261000.0,0.0,0.0,-1.2,-1.016,-1.4337
BVH,2018-02-28,15:02:02,HOSE,STOCK,86.2,92.2,80.2,83.9,86.0,83.0,83.7,84.33,71.036,72.814,70.274,70.866,71.4,506890.0,42746438000.0,0.0,0.0,-2.5,-2.1167,-2.9002
BVH,2018-02-27,15:02:02,HOSE,STOCK,86.0,92.0,80.0,87.0,88.0,85.0,86.2,86.3,73.66,74.507,71.967,72.983,73.068,200020.0,17262210000.0,0.0,0.0,0.2,0.1693,0.2326
BVH,2018-02-26,15:02:01,HOSE,STOCK,84.8,90.7,78.9,86.0,88.1,84.8,86.0,86.89,72.814,74.592,71.798,72.814,73.567,387790.0,33693795000.0,0.0,0.0,1.2,1.016,1.4151
BVH,2018-02-23,15:02:02,HOSE,STOCK,80.0,85.6,74.4,81.0,84.8,80.5,84.8,83.14,68.58,71.798,68.157,71.798,70.392,622650.0,51764576000.0,0.0,0.0,4.8,4.064,6.0
BVH,2018-02-22,15:02:01,HOSE,STOCK,80.2,85.8,74.6,80.2,83.5,79.5,80.0,82.11,67.903,70.697,67.31,67.734,69.52,628510.0,51605179000.0,0.0,0.0,-0.2,-0.1693,-0.2494
BVH,2018-02-21,15:02:02,HOSE,STOCK,75.0,80.2,69.8,75.0,80.2,75.0,80.2,79.15,63.5,67.903,63.5,67.903,67.014,844340.0,66826131000.0,0.0,0.0,5.2,4.4027,6.9333
BVH,2018-02-13,15:02:01,HOSE,STOCK,73.5,78.6,68.4,74.9,76.5,74.5,75.0,75.47,63.416,64.77,63.077,63.5,63.898,263970.0,19922453000.0,0.0,0.0,1.5,1.27,2.0408
BVH,2018-02-12,15:02:02,HOSE,STOCK,71.6,76.6,66.6,72.0,73.5,71.0,73.5,72.01,60.96,62.23,60.114,62.23,60.969,297370.0,21413819000.0,0.0,0.0,1.9,1.6087,2.6536
BVH,2018-02-09,15:02:01,HOSE,STOCK,73.4,78.5,68.3,69.5,72.8,68.5,71.6,70.21,58.844,61.638,57.997,60.622,59.445,361850.0,25406498000.0,0.0,0.0,-1.8,-1.524,-2.4523
BVH,2018-02-08,15:02:02,HOSE,STOCK,71.3,76.2,66.4,69.5,75.0,69.5,73.4,72.48,58.844,63.5,58.844,62.146,61.367,217690.0,15777418000.0,0.0,0.0,2.1,1.778,2.9453
BVH,2018-02-07,15:02:02,HOSE,STOCK,69.5,74.3,64.7,73.0,73.0,68.0,71.3,71.04,61.807,61.807,57.574,60.368,60.148,502280.0,35683617000.0,0.0,0.0,1.8,1.524,2.5899
BVH,2018-02-06,15:02:01,HOSE,STOCK,74.7,79.9,69.5,69.5,70.0,69.5,69.5,69.57,58.844,59.267,58.844,58.844,58.903,835960.0,58155934000.0,0.0,0.0,-5.2,-4.4027,-6.9612
BVH,2018-02-05,15:02:01,HOSE,STOCK,80.3,85.9,74.7,79.0,79.0,74.7,74.7,76.58,66.887,66.887,63.246,63.246,64.838,688330.0,52711179000.0,0.0,0.0,-5.6,-4.7413,-6.9738
BVH,2018-02-02,15:02:02,HOSE,STOCK,78.5,83.9,73.1,79.8,81.0,76.3,80.3,78.64,67.564,68.58,64.601,67.988,66.582,466310.0,36670500000.0,0.0,0.0,1.8,1.524,2.293
BVH,2018-02-01,15:02:02,HOSE,STOCK,82.0,87.7,76.3,82.5,84.0,77.1,78.5,81.11,69.85,71.12,65.278,66.464,68.673,550700.0,44666349000.0,0.0,0.0,-3.5,-2.9634,-4.2683
BVH,2018-01-31,15:01:01,HOSE,STOCK,85.7,91.6,79.8,85.7,87.5,82.0,82.0,85.1,72.56,74.084,69.427,69.427,72.052,458860.0,39047783000.0,0.0,0.0,-3.7,-3.1327,-4.3174
BVH,2018-01-30,15:01:01,HOSE,STOCK,81.2,86.8,75.6,80.0,85.7,80.0,85.7,82.69,67.734,72.56,67.734,72.56,70.011,470270.0,38886205000.0,0.0,0.0,4.5,3.81,5.5419
BVH,2018-01-29,15:01:02,HOSE,STOCK,83.5,89.3,77.7,83.0,86.0,81.0,81.2,83.36,70.274,72.814,68.58,68.75,70.578,699600.0,58322061000.0,0.0,0.0,-2.3,-1.9474,-2.7545
BVH,2018-01-26,15:01:02,HOSE,STOCK,80.0,85.6,74.4,79.5,85.0,79.0,83.5,81.62,67.31,71.967,66.887,70.697,69.105,545350.0,44510182000.0,0.0,0.0,3.5,2.9633,4.375
BVH,2018-01-25,15:01:01,HOSE,STOCK,78.7,84.2,73.2,79.3,81.0,78.0,80.0,79.82,67.141,68.58,66.04,67.734,67.581,703250.0,56129986000.0,0.0,0.0,1.3,1.1007,1.6518
BVH,2018-01-22,15:01:01,HOSE,STOCK,75.4,80.6,70.2,75.4,79.4,75.4,78.7,78.0,63.839,67.226,63.839,66.633,66.04,710280.0,55400825000.0,0.0,0.0,3.3,2.794,4.3767
BVH,2018-01-19,15:01:02,HOSE,STOCK,72.0,77.0,67.0,72.5,75.5,71.7,75.4,74.06,61.384,63.924,60.706,63.839,62.704,898460.0,66535847000.0,0.0,0.0,3.4,2.8787,4.7222
BVH,2018-01-18,15:01:02,HOSE,STOCK,70.0,74.9,65.1,70.2,72.0,68.6,72.0,69.93,59.436,60.96,58.082,60.96,59.208,889040.0,62168237000.0,0.0,0.0,2.0,1.6933,2.8571
BVH,2018-01-17,15:01:01,HOSE,STOCK,72.0,77.0,67.0,72.0,73.2,70.0,70.0,72.16,60.96,61.976,59.267,59.267,61.096,600300.0,43318495000.0,0.0,0.0,-2.0,-1.6933,-2.7778
BVH,2018-01-16,15:01:01,HOSE,STOCK,73.0,78.1,67.9,73.0,73.5,71.0,72.0,72.08,61.807,62.23,60.114,60.96,61.028,367440.0,26485477000.0,0.0,0.0,-1.0,-0.8467,-1.3699
BVH,2018-01-15,15:01:01,HOSE,STOCK,69.2,74.0,64.4,69.4,73.6,69.3,73.0,71.48,58.759,62.315,58.674,61.807,60.52,1010500.0,72227384000.0,0.0,0.0,3.8,3.2174,5.4913
BVH,2018-01-12,15:01:02,HOSE,STOCK,70.5,75.4,65.6,70.5,72.0,69.2,69.2,70.37,59.69,60.96,58.59,58.59,59.58,896960.0,63120575000.0,0.0,0.0,-1.3,-1.1007,-1.844
BVH,2018-01-11,15:01:01,HOSE,STOCK,70.4,75.3,65.5,70.1,71.0,69.0,70.5,70.05,59.352,60.114,58.42,59.69,59.309,647510.0,45360836000.0,0.0,0.0,0.1,0.0847,0.142
BVH,2018-01-10,15:01:01,HOSE,STOCK,71.3,76.2,66.4,71.0,72.5,70.0,70.4,71.24,60.114,61.384,59.267,59.606,60.317,679730.0,48426200000.0,0.0,0.0,-0.9,-0.762,-1.2623
BVH,2018-01-09,15:01:01,HOSE,STOCK,67.4,72.1,62.7,67.6,71.3,67.1,71.3,69.52,57.235,60.368,56.812,60.368,58.861,1452300.0,100961829000.0,0.0,0.0,3.9,3.302,5.7864
BVH,2018-01-08,15:01:02,HOSE,STOCK,66.2,70.8,61.6,66.2,67.7,65.9,67.4,66.71,56.05,57.32,55.796,57.066,56.481,531590.0,35462745000.0,0.0,0.0,1.2,1.016,1.8127
BVH,2018-01-05,15:01:01,HOSE,STOCK,67.7,72.4,63.0,67.8,68.0,65.9,66.2,66.7,57.404,57.574,55.796,56.05,56.473,881940.0,58829177000.0,0.0,0.0,-1.5,-1.27,-2.2157
BVH,2018-01-04,15:01:01,HOSE,STOCK,67.0,71.6,62.4,67.0,68.5,66.6,67.7,67.53,56.727,57.997,56.388,57.32,57.176,428800.0,28957349000.0,0.0,0.0,0.7,0.5927,1.0448
BVH,2018-01-03,15:01:01,HOSE,STOCK,68.2,72.9,63.5,68.6,68.6,66.7,67.0,67.55,58.082,58.082,56.473,56.727,57.193,463220.0,31288240000.0,0.0,0.0,-1.2,-1.016,-1.7595
BVH,2018-01-02,15:01:02,HOSE,STOCK,65.3,69.8,60.8,65.2,68.6,65.1,68.2,67.13,55.203,58.082,55.118,57.743,56.837,786420.0,52794286000.0,0.0,0.0,2.9,2.4553,4.441
BVH,2017-12-29,15:12:01,HOSE,STOCK,67.8,72.5,63.1,67.8,67.8,65.3,65.3,66.49,57.404,57.404,55.288,55.288,56.295,742300.0,49352900000.0,0.0,0.0,-2.5,-2.1167,-3.6873
BVH,2017-12-28,15:12:01,HOSE,STOCK,66.4,71.0,61.8,66.4,68.0,65.0,67.8,66.76,56.219,57.574,55.034,57.404,56.524,603660.0,40299488000.0,0.0,0.0,1.4,1.1853,2.1084
BVH,2017-12-27,15:12:01,HOSE,STOCK,66.0,70.6,61.4,66.0,66.8,64.1,66.4,65.79,55.88,56.558,54.272,56.219,55.702,680940.0,44799386000.0,0.0,0.0,0.4,0.3387,0.6061
BVH,2017-12-26,15:12:01,HOSE,STOCK,65.5,70.0,61.0,65.5,66.3,64.7,66.0,65.53,55.457,56.134,54.78,55.88,55.482,774890.0,50780828000.0,0.0,0.0,0.5,0.4233,0.7634
BVH,2017-12-25,15:12:01,HOSE,STOCK,61.7,66.0,57.4,61.7,65.5,61.7,65.5,63.73,52.24,55.457,52.24,55.457,53.958,1288690.0,82123229000.0,0.0,0.0,3.8,3.2174,6.1588
BVH,2017-12-22,15:12:02,HOSE,STOCK,60.5,64.7,56.3,60.8,61.8,60.5,61.7,61.33,51.478,52.324,51.224,52.24,51.926,667430.0,40930626000.0,0.0,0.0,1.2,1.016,1.9835
BVH,2017-12-21,15:12:01,HOSE,STOCK,59.8,63.9,55.7,59.8,61.4,59.4,60.5,60.75,50.631,51.986,50.292,51.224,51.435,855470.0,51969359000.0,0.0,0.0,0.7,0.5927,1.1706
BVH,2017-12-20,15:12:02,HOSE,STOCK,60.1,64.3,55.9,60.1,61.7,59.7,59.8,60.52,50.885,52.24,50.546,50.631,51.241,500250.0,30275491000.0,0.0,0.0,-0.3,-0.254,-0.4992
BVH,2017-12-19,15:12:01,HOSE,STOCK,58.4,62.4,54.4,59.0,60.8,58.9,60.1,59.97,49.954,51.478,49.869,50.885,50.775,735270.0,44093535000.0,0.0,0.0,1.7,1.4393,2.911
BVH,2017-12-18,15:12:02,HOSE,STOCK,57.0,60.9,53.1,58.0,59.0,57.5,58.4,58.23,49.107,49.954,48.684,49.446,49.302,505920.0,29457582000.0,0.0,0.0,1.4,1.1853,2.4561
BVH,2017-12-15,15:12:01,HOSE,STOCK,57.2,61.2,53.2,57.0,58.0,56.6,57.0,57.22,48.26,49.107,47.922,48.26,48.447,468940.0,26831851000.0,0.0,0.0,-0.2,-0.1693,-0.3497
BVH,2017-12-14,15:12:01,HOSE,STOCK,57.5,61.5,53.5,57.5,58.1,57.1,57.2,57.44,48.684,49.192,48.345,48.43,48.633,317830.0,18257419000.0,0.0,0.0,-0.3,-0.254,-0.5217
BVH,2017-12-13,15:12:01,HOSE,STOCK,57.5,61.5,53.5,57.3,57.8,56.0,57.5,56.87,48.514,48.938,47.414,48.684,48.15,353770.0,20118949000.0,0.0,0.0,0.0,0.0,0.0
BVH,2017-12-12,15:12:01,HOSE,STOCK,58.5,62.5,54.5,58.5,59.3,54.5,57.5,56.76,49.53,50.208,46.144,48.684,48.057,1239200.0,70336881000.0,0.0,0.0,-1.0,-0.8467,-1.7094
BVH,2017-12-11,15:12:01,HOSE,STOCK,62.1,66.4,57.8,61.0,62.0,58.5,58.5,60.6,51.647,52.494,49.53,49.53,51.308,675050.0,40906441000.0,0.0,0.0,-3.6,-3.048,-5.7971
BVH,2017-12-08,15:12:02,HOSE,STOCK,61.0,65.2,56.8,60.6,62.8,60.6,62.1,62.04,51.308,53.171,51.308,52.578,52.527,898990.0,55776787000.0,0.0,0.0,1.1,0.9313,1.8033
BVH,2017-12-07,15:12:01,HOSE,STOCK,59.9,64.0,55.8,61.0,61.0,59.8,61.0,60.43,51.647,51.647,50.631,51.647,51.164,758160.0,45819291000.0,0.0,0.0,1.1,0.9313,1.8364
BVH,2017-12-06,15:12:01,HOSE,STOCK,58.0,62.0,54.0,58.0,59.9,57.0,59.9,58.61,49.107,50.716,48.26,50.716,49.623,671070.0,39329156000.0,0.0,0.0,1.9,1.6087,3.2759
BVH,2017-12-05,15:12:02,HOSE,STOCK,60.5,64.7,56.3,60.5,61.0,58.0,58.0,59.81,51.224,51.647,49.107,49.107,50.639,770650.0,46088995000.0,0.0,0.0,-2.5,-2.1167,-4.1322
BVH,2017-12-04,15:12:01,HOSE,STOCK,60.7,64.9,56.5,61.0,61.9,60.5,60.5,61.17,51.647,52.409,51.224,51.224,51.791,498910.0,30516310000.0,0.0,0.0,-0.2,-0.1693,-0.3295
BVH,2017-12-01,15:12:02,HOSE,STOCK,59.9,64.0,55.8,59.6,61.0,59.2,60.7,60.38,50.462,51.647,50.123,51.393,51.122,532630.0,32158668000.0,0.0,0.0,0.8,0.6773,1.3356
BVH,2017-11-30,15:11:01,HOSE,STOCK,61.0,65.2,56.8,61.9,62.0,59.9,59.9,60.85,52.409,52.494,50.716,50.716,51.52,509460.0,31002444000.0,0.0,0.0,-1.1,-0.9313,-1.8033
BVH,2017-11-29,15:11:01,HOSE,STOCK,57.5,61.5,53.5,58.0,61.0,57.3,61.0,59.12,49.107,51.647,48.514,51.647,50.055,1050070.0,62081197000.0,0.0,0.0,3.5,2.9634,6.087
BVH,2017-11-28,15:11:02,HOSE,STOCK,58.4,62.4,54.4,58.4,59.0,57.2,57.5,57.89,49.446,49.954,48.43,48.684,49.014,491610.0,28460634000.0,0.0,0.0,-0.9,-0.762,-1.5411
BVH,2017-11-27,15:11:01,HOSE,STOCK,57.6,61.6,53.6,58.0,59.3,57.7,58.4,58.73,49.107,50.208,48.853,49.446,49.725,747450.0,43895010000.0,0.0,0.0,0.8,0.6773,1.3889
BVH,2017-11-24,15:11:02,HOSE,STOCK,57.2,61.2,53.2,56.7,57.6,56.2,57.6,56.97,48.006,48.768,47.583,48.768,48.235,877510.0,49991244000.0,0.0,0.0,0.4,0.3387,0.6993
BVH,2017-11-23,15:11:01,HOSE,STOCK,57.4,61.4,53.4,58.0,58.2,56.6,57.2,57.47,49.107,49.276,47.922,48.43,48.658,911190.0,52363467000.0,0.0,0.0,-0.2,-0.1693,-0.3484
BVH,2017-11-22,15:11:01,HOSE,STOCK,55.0,58.8,51.2,55.4,57.4,55.4,57.4,56.91,46.906,48.599,46.906,48.599,48.184,1478030.0,84115547000.0,0.0,0.0,2.4,2.032,4.3636
BVH,2017-11-21,15:11:02,HOSE,STOCK,0.0,0.0,0.0,52.6,56.0,52.5,55.0,54.91,44.535,47.414,44.45,46.567,46.491,1679200.0,92202327000.0,0.0,0.0,0.0,0.0,0.0
BVH,2017-11-20,15:11:02,HOSE,STOCK,52.5,56.1,48.85,53.0,53.0,52.0,52.4,52.48,44.874,44.874,44.027,44.366,44.433,322050.0,16901530000.0,0.0,0.0,-0.1,-0.0847,-0.1905
BVH,2017-11-17,15:11:02,HOSE,STOCK,52.2,55.8,48.55,52.2,53.9,52.2,52.5,52.9,44.196,45.636,44.196,44.45,44.789,622640.0,32937350000.0,0.0,0.0,0.3,0.254,0.5747
BVH,2017-11-16,15:11:01,HOSE,STOCK,52.5,56.1,48.85,52.5,52.6,51.7,52.2,52.07,44.45,44.535,43.773,44.196,44.086,386170.0,20109669000.0,0.0,0.0,-0.3,-0.254,-0.5714
BVH,2017-11-15,15:11:01,HOSE,STOCK,53.1,56.8,49.4,53.0,53.0,52.4,52.5,52.69,44.874,44.874,44.366,44.45,44.611,269160.0,14180877000.0,0.0,0.0,-0.6,-0.508,-1.1299
BVH,2017-11-14,15:11:02,HOSE,STOCK,52.9,56.6,49.2,53.5,53.6,52.8,53.1,53.11,45.297,45.382,44.704,44.958,44.967,307850.0,16348533000.0,0.0,0.0,0.2,0.1693,0.3781
BVH,2017-11-13,15:11:01,HOSE,STOCK,52.0,55.6,48.4,52.0,53.5,52.0,52.9,52.8,44.027,45.297,44.027,44.789,44.704,514670.0,27175994000.0,0.0,0.0,0.9,0.762,1.7308
BVH,2017-11-10,15:11:01,HOSE,STOCK,51.6,55.2,48.0,51.5,52.7,51.5,52.0,51.97,43.604,44.62,43.604,44.027,44.001,398450.0,20706421000.0,0.0,0.0,0.4,0.3387,0.7752
BVH,2017-11-09,15:11:02,HOSE,STOCK,51.5,55.1,47.9,51.5,52.9,51.5,51.6,52.0,43.604,44.789,43.604,43.688,44.027,317590.0,16513541000.0,0.0,0.0,0.1,0.0847,0.1942
BVH,2017-11-08,15:11:01,HOSE,STOCK,51.3,54.8,47.75,51.3,51.8,51.3,51.5,51.56,43.434,43.858,43.434,43.604,43.654,287410.0,14819856000.0,0.0,0.0,0.2,0.1693,0.3899
BVH,2017-11-07,15:11:02,HOSE,STOCK,51.1,54.6,47.55,51.1,51.8,51.1,51.3,51.38,43.265,43.858,43.265,43.434,43.502,193570.0,9946492000.0,0.0,0.0,0.2,0.1693,0.3914
BVH,2017-11-06,15:11:02,HOSE,STOCK,50.4,53.9,46.9,50.4,51.9,50.0,51.1,51.15,42.672,43.942,42.334,43.265,43.307,218720.0,11186786000.0,0.0,0.0,0.7,0.5927,1.3889
BVH,2017-11-03,15:11:01,HOSE,STOCK,49.5,52.9,46.05,49.1,50.4,49.0,50.4,49.49,41.572,42.672,41.487,42.672,41.902,147110.0,7280604500.0,0.0,0.0,0.9,0.762,1.8182
BVH,2017-11-02,15:11:01,HOSE,STOCK,50.6,54.1,47.1,50.1,50.6,49.5,49.5,49.98,42.418,42.842,41.91,41.91,42.317,136270.0,6811016000.0,0.0,0.0,-1.1,-0.9313,-2.1739
BVH,2017-11-01,15:11:01,HOSE,STOCK,50.0,53.5,46.5,49.7,50.9,49.4,50.6,50.16,42.08,43.096,41.826,42.842,42.469,305020.0,15298716000.0,0.0,0.0,0.6,0.508,1.2
BVH,2017-10-31,15:10:01,HOSE,STOCK,51.7,55.3,48.1,51.7,51.7,49.6,50.0,50.53,43.773,43.773,41.995,42.334,42.782,645780.0,32631354000.0,0.0,0.0,-1.7,-1.4394,-3.2882
BVH,2017-10-30,15:10:03,HOSE,STOCK,53.0,56.7,49.3,53.7,54.3,51.7,51.7,52.73,45.466,45.974,43.773,43.773,44.645,322400.0,17001053000.0,0.0,0.0,-1.3,-1.1007,-2.4528
BVH,2017-10-27,15:10:01,HOSE,STOCK,54.5,58.3,50.7,54.5,54.5,53.0,53.0,53.51,46.144,46.144,44.874,44.874,45.305,220320.0,11788892000.0,0.0,0.0,-1.5,-1.27,-2.7523
BVH,2017-10-26,15:10:01,HOSE,STOCK,54.4,58.2,50.6,54.8,54.8,53.8,54.5,54.29,46.398,46.398,45.551,46.144,45.966,183450.0,9959807000.0,0.0,0.0,0.1,0.0847,0.1838
BVH,2017-10-25,15:10:01,HOSE,STOCK,53.7,57.4,49.95,53.7,54.6,53.7,54.4,54.2,45.466,46.228,45.466,46.059,45.89,122460.0,6636937000.0,0.0,0.0,0.7,0.5927,1.3035
BVH,2017-10-24,15:10:02,HOSE,STOCK,54.0,57.7,50.3,54.0,55.0,53.6,53.7,53.95,45.72,46.567,45.382,45.466,45.678,166020.0,8956793000.0,0.0,0.0,-0.3,-0.254,-0.5556
BVH,2017-10-23,15:10:01,HOSE,STOCK,55.0,58.8,51.2,55.0,55.0,53.8,54.0,54.2,46.567,46.567,45.551,45.72,45.89,306530.0,16612963000.0,0.0,0.0,-1.0,-0.8467,-1.8182
BVH,2017-10-20,15:10:01,HOSE,STOCK,56.1,60.0,52.2,56.1,56.1,54.8,55.0,55.27,47.498,47.498,46.398,46.567,46.796,388740.0,21485469000.0,0.0,0.0,-1.1,-0.9313,-1.9608
BVH,2017-10-19,15:10:01,HOSE,STOCK,56.1,60.0,52.2,56.1,57.0,56.1,56.1,56.56,47.498,48.26,47.498,47.498,47.888,216520.0,12246790000.0,0.0,0.0,0.0,0.0,0.0
BVH,2017-10-18,15:10:01,HOSE,STOCK,55.7,59.5,51.9,56.0,56.5,55.7,56.1,56.18,47.414,47.837,47.16,47.498,47.566,334570.0,18797126000.0,0.0,0.0,0.4,0.3387,0.7181
BVH,2017-10-17,15:10:01,HOSE,STOCK,55.6,59.4,51.8,55.6,56.3,55.6,55.7,55.98,47.075,47.668,47.075,47.16,47.397,169220.0,9472664000.0,0.0,0.0,0.1,0.0847,0.1799
BVH,2017-10-16,15:10:02,HOSE,STOCK,55.2,59.0,51.4,55.1,56.3,55.1,55.6,55.97,46.652,47.668,46.652,47.075,47.388,500640.0,28019874000.0,0.0,0.0,0.4,0.3387,0.7246
BVH,2017-10-13,15:10:01,HOSE,STOCK,55.5,59.3,51.7,55.5,56.1,55.0,55.2,55.69,46.99,47.498,46.567,46.736,47.151,243870.0,13580355000.0,0.0,0.0,-0.3,-0.254,-0.5405
BVH,2017-10-12,15:10:02,HOSE,STOCK,53.6,57.3,49.85,53.6,55.7,53.5,55.5,54.74,45.382,47.16,45.297,46.99,46.347,700040.0,38318979000.0,0.0,0.0,1.9,1.6087,3.5448
BVH,2017-10-11,15:10:01,HOSE,STOCK,53.3,57.0,49.6,53.3,53.9,53.3,53.6,53.67,45.128,45.636,45.128,45.382,45.441,185600.0,9960691000.0,0.0,0.0,0.3,0.254,0.5629
BVH,2017-10-10,15:10:02,HOSE,STOCK,53.1,56.8,49.4,53.5,53.7,53.0,53.3,53.28,45.297,45.466,44.874,45.128,45.111,133130.0,7093371000.0,0.0,0.0,0.2,0.1693,0.3766
BVH,2017-10-09,15:10:01,HOSE,STOCK,54.1,57.8,50.4,54.5,54.5,52.9,53.1,53.49,46.144,46.144,44.789,44.958,45.288,472570.0,25275804000.0,0.0,0.0,-1.0,-0.8467,-1.8484
BVH,2017-10-06,15:10:02,HOSE,STOCK,53.6,57.3,49.85,53.5,54.4,53.5,54.1,53.95,45.297,46.059,45.297,45.805,45.678,103980.0,5609659000.0,0.0,0.0,0.5,0.4233,0.9328
BVH,2017-10-05,15:10:01,HOSE,STOCK,53.9,57.6,50.2,54.0,54.0,53.5,53.6,53.66,45.72,45.72,45.297,45.382,45.432,194950.0,10461125000.0,0.0,0.0,-0.3,-0.254,-0.5566
BVH,2017-10-04,15:10:01,HOSE,STOCK,53.9,57.6,50.2,53.5,53.9,53.3,53.9,53.71,45.297,45.636,45.128,45.636,45.475,100900.0,5418848000.0,0.0,0.0,0.0,0.0,0.0
BVH,2017-10-03,16:10:51,HOSE,STOCK,53.9,57.6,50.2,54.1,54.1,52.8,53.9,53.2,45.805,45.805,44.704,45.636,45.043,221400.0,11778782000.0,0.0,0.0,0.0,0.0,0.0
BVH,2017-10-02,15:10:01,HOSE,STOCK,55.0,58.8,51.2,55.0,55.4,53.2,53.5,53.94,46.567,46.906,45.043,45.297,45.669,237690.0,12820331000.0,0.0,0.0,-1.5,-1.27,-2.7273
BVH,2017-09-29,15:09:01,HOSE,STOCK,55.0,58.8,51.2,55.0,55.5,54.6,55.0,54.97,46.567,46.99,46.228,46.567,46.542,74740.0,4108284000.0,0.0,0.0,0.0,0.0,0.0
BVH,2017-09-28,15:09:02,HOSE,STOCK,55.7,59.5,51.9,55.7,55.7,55.0,55.0,55.31,47.16,47.16,46.567,46.567,46.829,221310.0,12240658000.0,0.0,0.0,-0.7,-0.5927,-1.2567
BVH,2017-09-27,15:09:01,HOSE,STOCK,55.8,59.7,51.9,55.5,55.9,55.3,55.7,55.55,46.99,47.329,46.821,47.16,47.033,197990.0,10998034000.0,0.0,0.0,-0.1,-0.0847,-0.1792
BVH,2017-09-26,15:09:01,HOSE,STOCK,56.3,60.2,52.4,56.1,56.3,55.6,55.8,55.79,47.498,47.668,47.075,47.244,47.236,263350.0,14692881000.0,0.0,0.0,-0.5,-0.4233,-0.8881
BVH,2017-09-25,15:09:01,HOSE,STOCK,57.0,60.9,53.1,57.0,57.0,56.2,56.3,56.43,48.26,48.26,47.583,47.668,47.778,195030.0,11005664000.0,0.0,0.0,-0.7,-0.5927,-1.2281
BVH,2017-09-22,15:09:06,HOSE,STOCK,56.9,60.8,53.0,56.9,57.0,56.7,57.0,56.84,48.176,48.26,48.006,48.26,48.125,73620.0,4184442000.0,0.0,0.0,0.1,0.0847,0.1757
BVH,2017-09-21,15:09:02,HOSE,STOCK,56.5,60.4,52.6,56.6,57.3,56.5,56.9,56.98,47.922,48.514,47.837,48.176,48.243,436530.0,24872518000.0,0.0,0.0,0.4,0.3387,0.708
BVH,2017-09-20,15:09:01,HOSE,STOCK,56.2,60.1,52.3,56.2,56.6,56.0,56.5,56.21,47.583,47.922,47.414,47.837,47.591,206900.0,11630566000.0,0.0,0.0,0.3,0.254,0.5338
BVH,2017-09-19,15:09:01,HOSE,STOCK,56.0,59.9,52.1,56.0,56.9,56.0,56.2,56.46,47.414,48.176,47.414,47.583,47.803,178600.0,10083476000.0,0.0,0.0,0.2,0.1693,0.3571
BVH,2017-09-18,15:09:01,HOSE,STOCK,56.6,60.5,52.7,56.4,56.4,56.0,56.0,56.09,47.752,47.752,47.414,47.414,47.49,215360.0,12079782000.0,0.0,0.0,-0.6,-0.508,-1.0601
BVH,2017-09-15,15:09:02,HOSE,STOCK,56.0,59.9,52.1,56.0,56.6,55.9,56.6,56.34,47.414,47.922,47.329,47.922,47.701,222110.0,12513339000.0,0.0,0.0,0.6,0.508,1.0714
BVH,2017-09-14,15:09:01,HOSE,STOCK,56.4,60.3,52.5,56.4,56.5,55.9,56.0,56.08,47.752,47.837,47.329,47.414,47.481,215670.0,12095596000.0,0.0,0.0,-0.4,-0.3387,-0.7092
BVH,2017-09-13,15:09:01,HOSE,STOCK,56.6,60.5,52.7,56.6,56.7,56.0,56.4,56.34,47.922,48.006,47.414,47.752,47.701,148220.0,8351055000.0,0.0,0.0,-0.2,-0.1693,-0.3534
BVH,2017-09-12,15:09:02,HOSE,STOCK,56.1,60.0,52.2,56.2,56.8,56.2,56.6,56.44,47.583,48.091,47.583,47.922,47.786,296330.0,16726267000.0,0.0,0.0,0.5,0.4233,0.8913
BVH,2017-09-11,15:09:01,HOSE,STOCK,55.1,58.9,51.3,55.8,57.2,55.1,56.1,56.69,47.244,48.43,46.652,47.498,47.998,730550.0,41412803000.0,0.0,0.0,1.0,0.8467,1.8149
BVH,2017-09-08,15:09:02,HOSE,STOCK,54.5,58.3,50.7,54.5,55.4,54.5,55.1,55.15,46.144,46.906,46.144,46.652,46.694,300590.0,16577984000.0,0.0,0.0,0.6,0.508,1.1009
BVH,2017-09-07,15:09:01,HOSE,STOCK,54.5,58.3,50.7,54.5,54.8,54.4,54.5,54.52,46.144,46.398,46.059,46.144,46.161,154830.0,8442037000.0,0.0,0.0,0.0,0.0,0.0
BVH,2017-09-06,15:09:02,HOSE,STOCK,54.7,58.5,50.9,54.8,55.0,54.5,54.5,54.64,46.398,46.567,46.144,46.144,46.262,177080.0,9676433000.0,0.0,0.0,-0.2,-0.1693,-0.3656
BVH,2017-09-05,15:09:01,HOSE,STOCK,54.6,58.4,50.8,54.6,55.4,54.2,54.7,54.71,46.228,46.906,45.89,46.313,46.321,112390.0,6148416000.0,0.0,0.0,0.1,0.0847,0.1832
BVH,2017-09-01,15:09:02,HOSE,STOCK,53.9,57.6,50.2,54.1,54.9,54.1,54.6,54.55,45.805,46.482,45.805,46.228,46.186,227080.0,12386812000.0,0.0,0.0,0.7,0.5927,1.2987
BVH,2017-08-31,15:08:01,HOSE,STOCK,53.8,57.5,50.1,53.8,54.6,53.7,53.9,54.03,45.551,46.228,45.466,45.636,45.746,213280.0,11523328000.0,0.0,0.0,0.1,0.0847,0.1859
BVH,2017-08-30,15:08:01,HOSE,STOCK,54.0,57.7,50.3,53.0,54.2,53.0,53.8,53.81,44.874,45.89,44.874,45.551,45.559,155700.0,8378812000.0,0.0,0.0,-0.2,-0.1693,-0.3704
BVH,2017-08-29,15:08:01,HOSE,STOCK,54.1,57.8,50.4,54.0,54.7,53.9,54.0,54.11,45.72,46.313,45.636,45.72,45.813,348250.0,18844259000.0,0.0,0.0,-0.1,-0.0847,-0.1848
BVH,2017-08-28,15:08:02,HOSE,STOCK,53.7,57.4,49.95,54.0,54.4,53.9,54.1,54.12,45.72,46.059,45.636,45.805,45.822,85150.0,4608490000.0,0.0,0.0,0.4,0.3387,0.7449
BVH,2017-08-25,15:08:49,HOSE,STOCK,53.5,57.2,49.8,53.5,53.9,53.4,53.7,53.58,45.297,45.636,45.212,45.466,45.365,127820.0,6848142000.0,0.0,0.0,0.2,0.1693,0.3738
BVH,2017-08-24,15:08:02,HOSE,STOCK,53.9,57.6,50.2,53.9,54.4,53.5,53.5,53.97,45.636,46.059,45.297,45.297,45.695,157990.0,8526913000.0,0.0,0.0,-0.4,-0.3387,-0.7421
BVH,2017-08-23,15:08:01,HOSE,STOCK,53.8,57.5,50.1,53.8,54.6,53.8,53.9,54.07,45.551,46.228,45.551,45.636,45.779,284170.0,15365753000.0,0.0,0.0,0.1,0.0847,0.1859
BVH,2017-08-22,15:08:02,HOSE,STOCK,55.0,58.8,51.2,54.5,55.1,53.8,53.8,54.13,46.144,46.652,45.551,45.551,45.83,212560.0,11506539000.0,0.0,0.0,-1.2,-1.016,-2.1818
BVH,2017-08-21,15:08:02,HOSE,STOCK,56.1,60.0,52.2,56.1,56.1,54.7,55.0,55.19,47.498,47.498,46.313,46.567,46.728,368370.0,20331331000.0,0.0,0.0,-1.1,-0.9313,-1.9608
BVH,2017-08-18,15:08:02,HOSE,STOCK,56.2,60.1,52.3,56.2,56.3,55.9,56.1,56.05,47.583,47.668,47.329,47.498,47.456,195000.0,10930319000.0,0.0,0.0,-0.1,-0.0847,-0.1779
BVH,2017-08-17,15:08:01,HOSE,STOCK,56.6,60.5,52.7,56.7,56.7,56.0,56.2,56.27,48.006,48.006,47.414,47.583,47.642,197450.0,11109926000.0,0.0,0.0,-0.4,-0.3387,-0.7067
BVH,2017-08-16,15:08:02,HOSE,STOCK,56.5,60.4,52.6,56.3,56.6,56.0,56.6,56.31,47.668,47.922,47.414,47.922,47.676,237440.0,13369387000.0,0.0,0.0,0.1,0.0847,0.177
BVH,2017-08-15,15:08:01,HOSE,STOCK,56.5,60.4,52.6,56.6,56.9,56.5,56.5,56.57,47.922,48.176,47.837,47.837,47.896,222280.0,12575336000.0,0.0,0.0,0.0,0.0,0.0
BVH,2017-08-14,15:08:01,HOSE,STOCK,56.0,59.9,52.1,56.0,56.5,56.0,56.5,56.22,47.414,47.837,47.414,47.837,47.6,245140.0,13781010000.0,0.0,0.0,0.5,0.4233,0.8929
BVH,2017-08-11,15:08:01,HOSE,STOCK,56.5,60.4,52.6,56.4,56.7,56.0,56.0,56.14,47.752,48.006,47.414,47.414,47.532,162960.0,9148555000.0,0.0,0.0,-0.5,-0.4233,-0.885
BVH,2017-08-10,00:08:00,HOSE,STOCK,56.1,60.0,52.2,56.0,56.7,56.0,56.5,56.32,47.414,48.006,47.414,47.837,47.685,205180.0,11554820000.0,0.0,0.0,0.4,0.3387,0.713
BVH,2017-08-09,15:08:01,HOSE,STOCK,57.3,61.3,53.3,57.3,57.3,56.0,56.1,56.46,48.514,48.514,47.414,47.498,47.803,492840.0,27823343000.0,0.0,0.0,-1.2,-1.016,-2.0942
BVH,2017-08-08,15:08:01,HOSE,STOCK,57.7,61.7,53.7,57.8,58.0,57.0,57.3,57.41,48.938,49.107,48.26,48.514,48.607,365140.0,20961069000.0,0.0,0.0,-0.4,-0.3387,-0.6932
BVH,2017-08-07,15:08:01,HOSE,STOCK,57.3,61.3,53.3,57.4,58.3,57.4,57.7,57.96,48.599,49.361,48.599,48.853,49.073,233170.0,13515159000.0,0.0,0.0,0.4,0.3387,0.6981
BVH,2017-08-04,15:08:02,HOSE,STOCK,57.4,61.4,53.4,57.3,57.9,57.1,57.3,57.28,48.514,49.022,48.345,48.514,48.497,283330.0,16227970000.0,0.0,0.0,-0.1,-0.0847,-0.1742
BVH,2017-08-03,15:08:01,HOSE,STOCK,58.2,62.2,54.2,58.1,58.2,57.3,57.4,57.75,49.192,49.276,48.514,48.599,48.895,302900.0,17493746000.0,0.0,0.0,-0.8,-0.6773,-1.3746
BVH,2017-08-02,15:08:01,HOSE,STOCK,57.8,61.8,53.8,58.6,58.7,57.8,58.2,58.25,49.615,49.7,48.938,49.276,49.319,351760.0,20489224000.0,0.0,0.0,0.4,0.3387,0.692
BVH,2017-08-01,15:08:02,HOSE,STOCK,59.1,63.2,55.0,59.4,59.8,58.6,58.8,59.24,49.437,49.77,48.771,48.938,49.304,267790.0,15864452000.0,0.0,0.0,-0.3,-0.2497,-0.5076
BVH,2017-07-31,15:07:01,HOSE,STOCK,57.6,61.6,53.6,58.9,59.4,58.6,59.1,59.07,49.021,49.437,48.771,49.188,49.163,1029790.0,60828581000.0,0.0,0.0,1.5,1.2484,2.6042
BVH,2017-07-28,15:07:01,HOSE,STOCK,57.2,61.2,53.2,57.1,57.6,57.1,57.6,57.36,47.523,47.939,47.523,47.939,47.739,238460.0,13677083000.0,0.0,0.0,0.4,0.3329,0.6993
BVH,2017-07-27,15:07:01,HOSE,STOCK,57.5,61.5,53.5,57.6,57.8,57.2,57.2,57.46,47.939,48.106,47.606,47.606,47.823,207590.0,11929106000.0,0.0,0.0,-0.3,-0.2497,-0.5217
BVH,2017-07-26,15:07:01,HOSE,STOCK,57.2,61.2,53.2,57.2,57.7,57.2,57.5,57.4,47.606,48.022,47.606,47.856,47.773,355020.0,20377995000.0,0.0,0.0,0.3,0.2497,0.5245
BVH,2017-07-25,15:07:01,HOSE,STOCK,57.3,61.3,53.3,57.0,57.5,56.8,57.2,57.13,47.44,47.856,47.273,47.606,47.548,197620.0,11289175000.0,0.0,0.0,-0.1,-0.0832,-0.1745
BVH,2017-07-24,15:07:01,HOSE,STOCK,57.1,61.0,53.2,57.0,57.4,56.0,57.3,56.9,47.44,47.773,46.608,47.69,47.357,277340.0,15780497000.0,0.0,0.0,0.2,0.1665,0.3503
BVH,2017-07-21,15:07:02,HOSE,STOCK,57.2,61.2,53.2,57.3,57.7,56.9,57.1,57.17,47.69,48.022,47.357,47.523,47.581,494030.0,28243153000.0,0.0,0.0,-0.1,-0.0832,-0.1748
BVH,2017-07-20,15:07:01,HOSE,STOCK,57.3,61.3,53.3,57.3,57.8,57.0,57.2,57.34,47.69,48.106,47.44,47.606,47.723,230930.0,13240807000.0,0.0,0.0,-0.1,-0.0832,-0.1745
BVH,2017-07-19,15:07:01,HOSE,STOCK,58.1,62.1,54.1,58.1,58.6,57.2,57.3,57.59,48.355,48.771,47.606,47.69,47.931,820160.0,47236082000.0,0.0,0.0,-0.8,-0.6658,-1.3769
BVH,2017-07-18,15:07:01,HOSE,STOCK,58.9,63.0,54.8,58.6,58.9,58.0,58.1,58.31,48.771,49.021,48.272,48.355,48.53,256930.0,14982647000.0,0.0,0.0,-0.8,-0.6658,-1.3582
BVH,2017-07-17,15:07:01,HOSE,STOCK,60.3,64.5,56.1,60.5,60.5,58.5,58.9,59.58,50.353,50.353,48.688,49.021,49.587,520880.0,31032372000.0,0.0,0.0,-1.4,-1.1652,-2.3217
BVH,2017-07-14,15:07:01,HOSE,STOCK,60.0,64.2,55.8,60.3,60.6,59.7,60.3,60.3,50.186,50.436,49.687,50.186,50.186,624160.0,37636365000.0,0.0,0.0,0.3,0.2497,0.5
BVH,2017-07-13,15:07:01,HOSE,STOCK,59.3,63.4,55.2,59.5,60.4,59.0,60.0,59.85,49.521,50.27,49.104,49.937,49.812,855300.0,51188175000.0,0.0,0.0,0.7,0.5826,1.1804
BVH,2017-07-12,15:07:01,HOSE,STOCK,58.6,62.7,54.5,58.6,60.0,58.3,59.3,59.27,48.771,49.937,48.522,49.354,49.329,576740.0,34181522000.0,0.0,0.0,0.7,0.5826,1.1945
BVH,2017-07-11,15:07:01,HOSE,STOCK,58.3,62.3,54.3,58.1,58.8,57.9,58.6,58.4,48.355,48.938,48.189,48.771,48.605,272460.0,15911249000.0,0.0,0.0,0.3,0.2497,0.5146
BVH,2017-07-10,15:07:02,HOSE,STOCK,58.5,62.5,54.5,58.5,58.8,58.0,58.3,58.28,48.688,48.938,48.272,48.522,48.505,219100.0,12769860000.0,0.0,0.0,-0.2,-0.1665,-0.3419
BVH,2017-07-07,15:07:01,HOSE,STOCK,58.0,62.0,54.0,58.0,59.5,57.9,58.5,58.87,48.272,49.521,48.189,48.688,48.996,573330.0,33752855000.0,0.0,0.0,0.5,0.4161,0.8621
BVH,2017-07-06,15:07:01,HOSE,STOCK,58.0,62.0,54.0,58.0,58.2,57.8,58.0,57.99,48.272,48.439,48.106,48.272,48.264,248030.0,14383269000.0,0.0,0.0,0.0,0.0,0.0
BVH,2017-07-05,15:07:01,HOSE,STOCK,57.6,61.6,53.6,57.6,58.0,57.6,58.0,57.82,47.939,48.272,47.939,48.272,48.122,154730.0,8946576000.0,0.0,0.0,0.4,0.3329,0.6944
BVH,2017-07-04,15:07:01,HOSE,STOCK,58.1,62.1,54.1,58.3,58.3,57.5,57.6,57.83,48.522,48.522,47.856,47.939,48.131,102910.0,5951509000.0,0.0,0.0,-0.5,-0.4161,-0.8606
BVH,2017-07-03,15:07:01,HOSE,STOCK,57.5,61.5,53.5,57.5,58.6,57.5,58.1,58.25,47.856,48.771,47.856,48.355,48.48,388500.0,22629163000.0,0.0,0.0,0.6,0.4994,1.0435
BVH,2017-06-30,15:06:01,HOSE,STOCK,57.6,61.6,53.6,57.6,57.9,57.4,57.5,57.57,47.939,48.189,47.773,47.856,47.914,102560.0,5904848000.0,0.0,0.0,-0.1,-0.0832,-0.1736
BVH,2017-06-29,15:06:02,HOSE,STOCK,57.6,61.6,53.6,57.9,57.9,57.3,57.6,57.5,48.189,48.189,47.69,47.939,47.856,241630.0,13892532000.0,0.0,0.0,0.0,0.0,0.0
BVH,2017-06-28,15:06:01,HOSE,STOCK,57.3,61.3,53.3,57.3,57.6,57.2,57.6,57.31,47.69,47.939,47.606,47.939,47.698,222040.0,12724832000.0,0.0,0.0,0.3,0.2497,0.5236
BVH,2017-06-27,15:06:01,HOSE,STOCK,57.9,61.9,53.9,58.0,58.0,57.3,57.3,57.52,48.272,48.272,47.69,47.69,47.873,405630.0,23329931000.0,0.0,0.0,-0.6,-0.4994,-1.0363
BVH,2017-06-26,15:06:01,HOSE,STOCK,58.1,62.1,54.1,57.9,58.2,57.8,57.9,57.95,48.189,48.439,48.106,48.189,48.23,150090.0,8697217000.0,0.0,0.0,-0.2,-0.1665,-0.3442
BVH,2017-06-23,15:06:01,HOSE,STOCK,57.8,61.8,53.8,57.8,58.1,57.4,58.1,57.71,48.106,48.355,47.773,48.355,48.031,315170.0,18188887000.0,0.0,0.0,0.3,0.2497,0.519
BVH,2017-06-22,15:06:01,HOSE,STOCK,58.0,62.0,54.0,57.9,58.7,57.8,57.8,58.19,48.189,48.855,48.106,48.106,48.43,205030.0,11930819000.0,0.0,0.0,-0.2,-0.1665,-0.3448
BVH,2017-06-21,15:06:01,HOSE,STOCK,58.6,62.7,54.5,58.3,58.5,57.8,58.0,58.06,48.522,48.688,48.106,48.272,48.322,473280.0,27480486000.0,0.0,0.0,-0.6,-0.4994,-1.0239
BVH,2017-06-20,15:06:01,HOSE,STOCK,59.0,63.1,54.9,59.4,59.4,58.6,58.6,58.9,49.437,49.437,48.771,48.771,49.021,149560.0,8808902000.0,0.0,0.0,-0.4,-0.3329,-0.678
BVH,2017-06-19,15:06:02,HOSE,STOCK,58.1,62.1,54.1,58.9,59.2,58.6,59.0,58.91,49.021,49.271,48.771,49.104,49.029,316550.0,18646524000.0,0.0,0.0,0.9,0.749,1.5491
BVH,2017-06-16,15:06:01,HOSE,STOCK,58.6,62.7,54.5,58.3,58.7,58.1,58.1,58.15,48.522,48.855,48.355,48.355,48.397,2053690.0,119420899000.0,0.0,0.0,-0.5,-0.4161,-0.8532
BVH,2017-06-15,15:06:02,HOSE,STOCK,59.2,63.3,55.1,59.0,59.2,58.5,58.6,58.87,49.104,49.271,48.688,48.771,48.996,339540.0,19989414000.0,0.0,0.0,-0.6,-0.4994,-1.0135
BVH,2017-06-14,15:06:01,HOSE,STOCK,57.7,61.7,53.7,57.6,59.3,57.6,59.2,58.86,47.939,49.354,47.939,49.271,48.988,519510.0,30576682000.0,0.0,0.0,1.5,1.2484,2.5997
BVH,2017-06-13,15:06:01,HOSE,STOCK,57.2,61.2,53.2,57.2,57.7,57.0,57.7,57.44,47.606,48.022,47.44,48.022,47.806,140310.0,8059300000.0,0.0,0.0,0.5,0.4161,0.8741
BVH,2017-06-12,15:06:01,HOSE,STOCK,57.8,61.8,53.8,57.8,58.0,57.1,57.2,57.37,48.106,48.272,47.523,47.606,47.748,249260.0,14299161000.0,0.0,0.0,-0.6,-0.4994,-1.0381
BVH,2017-06-09,15:06:01,HOSE,STOCK,58.0,62.0,54.0,58.1,58.1,57.6,57.8,57.79,48.355,48.355,47.939,48.106,48.097,343170.0,19832808000.0,0.0,0.0,-0.2,-0.1665,-0.3448
BVH,2017-06-08,15:06:02,HOSE,STOCK,58.3,62.3,54.3,58.3,58.3,57.7,58.0,57.96,48.522,48.522,48.022,48.272,48.239,360020.0,20868235000.0,0.0,0.0,-0.3,-0.2497,-0.5146
BVH,2017-06-07,15:06:01,HOSE,STOCK,58.1,62.1,54.1,58.5,58.6,57.8,58.3,58.22,48.688,48.771,48.106,48.522,48.455,241510.0,14059802000.0,0.0,0.0,0.2,0.1665,0.3442
BVH,2017-06-06,15:06:01,HOSE,STOCK,58.0,62.0,54.0,57.7,58.2,57.5,58.1,57.93,48.022,48.439,47.856,48.355,48.214,184850.0,10709063000.0,0.0,0.0,0.1,0.0832,0.1724
BVH,2017-06-05,15:06:01,HOSE,STOCK,58.0,62.0,54.0,57.5,58.2,57.5,58.0,57.95,47.856,48.439,47.856,48.272,48.23,264830.0,15347212000.0,0.0,0.0,0.0,0.0,0.0
BVH,2017-06-02,15:06:01,HOSE,STOCK,58.2,62.2,54.2,58.4,58.4,57.5,58.0,57.64,48.605,48.605,47.856,48.272,47.972,175430.0,10111470000.0,0.0,0.0,-0.2,-0.1665,-0.3436
BVH,2017-06-01,15:06:01,HOSE,STOCK,57.6,61.6,53.6,57.3,58.5,57.3,58.2,57.9,47.69,48.688,47.69,48.439,48.189,133770.0,7745114000.0,0.0,0.0,0.6,0.4994,1.0417
BVH,2017-05-31,15:05:02,HOSE,STOCK,58.0,62.0,54.0,57.6,58.4,57.4,57.6,57.67,47.939,48.605,47.773,47.939,47.997,369500.0,21309977000.0,0.0,0.0,-0.4,-0.3329,-0.6897
BVH,2017-05-30,15:05:01,HOSE,STOCK,59.5,63.6,55.4,59.2,59.4,58.0,58.0,58.48,49.271,49.437,48.272,48.272,48.672,504320.0,29493275000.0,0.0,0.0,-1.5,-1.2484,-2.521
BVH,2017-05-29,15:05:01,HOSE,STOCK,60.0,64.2,55.8,60.3,60.7,59.0,59.5,59.78,50.186,50.519,49.104,49.521,49.754,301650.0,18032230000.0,0.0,0.0,-0.5,-0.4161,-0.8333
BVH,2017-05-26,15:05:02,HOSE,STOCK,58.3,62.3,54.3,58.4,60.9,58.4,60.0,60.06,48.605,50.686,48.605,49.937,49.987,776220.0,46619991000.0,0.0,0.0,1.7,1.4149,2.916
BVH,2017-05-25,15:05:01,HOSE,STOCK,57.5,61.5,53.5,57.9,58.7,57.4,58.3,58.04,48.189,48.855,47.773,48.522,48.305,543640.0,31551705000.0,0.0,0.0,0.8,0.6658,1.3913
BVH,2017-05-24,15:05:01,HOSE,STOCK,57.9,61.9,53.9,57.9,58.0,57.2,57.5,57.493,48.189,48.272,47.606,47.856,47.85,298300.0,17150266000.0,0.0,0.0,-0.4,-0.3329,-0.6908
BVH,2017-05-23,15:05:01,HOSE,STOCK,58.3,62.3,54.3,58.0,58.5,57.5,57.9,58.1,48.272,48.688,47.856,48.189,48.355,330680.0,19213630000.0,0.0,0.0,-0.4,-0.3329,-0.6861
BVH,2017-05-22,15:05:01,HOSE,STOCK,57.3,61.3,53.3,57.4,58.8,57.4,58.3,58.03,47.773,48.938,47.773,48.522,48.297,498320.0,28918743000.0,0.0,0.0,1.0,0.8323,1.7452
BVH,2017-05-19,15:05:01,HOSE,STOCK,57.3,61.3,53.3,57.1,57.6,57.0,57.3,57.29,47.523,47.939,47.44,47.69,47.681,287870.0,16491183000.0,0.0,0.0,0.0,0.0,0.0
BVH,2017-05-18,15:05:01,HOSE,STOCK,57.5,61.5,53.5,57.5,57.6,57.0,57.3,57.27,47.856,47.939,47.44,47.69,47.665,184040.0,10539850000.0,0.0,0.0,-0.2,-0.1665,-0.3478
BVH,2017-05-17,15:05:01,HOSE,STOCK,57.0,60.9,53.1,56.9,57.7,56.8,57.5,57.22,47.357,48.022,47.273,47.856,47.623,297460.0,17019710000.0,0.0,0.0,0.5,0.4161,0.8772
BVH,2017-05-16,15:05:01,HOSE,STOCK,57.4,61.4,53.4,57.3,57.4,56.8,57.0,57.07,47.69,47.773,47.273,47.44,47.498,336850.0,19222979000.0,0.0,0.0,-0.4,-0.3329,-0.6969
BVH,2017-05-15,15:05:02,HOSE,STOCK,57.6,61.6,53.6,58.0,58.1,57.3,57.4,57.56,48.272,48.355,47.69,47.773,47.906,212020.0,12203980000.0,0.0,0.0,-0.2,-0.1665,-0.3472
BVH,2017-05-12,15:05:02,HOSE,STOCK,57.3,61.3,53.3,57.5,58.4,57.3,57.6,57.94,47.856,48.605,47.69,47.939,48.222,200610.0,11622628000.0,0.0,0.0,0.3,0.2497,0.5236
BVH,2017-05-11,15:05:02,HOSE,STOCK,57.3,61.3,53.3,57.3,57.7,57.2,57.3,57.37,47.69,48.022,47.606,47.69,47.748,152220.0,8732794000.0,0.0,0.0,0.0,0.0,0.0
BVH,2017-05-10,15:05:01,HOSE,STOCK,57.5,61.5,53.5,57.3,57.5,57.2,57.3,57.35,47.69,47.856,47.606,47.69,47.731,310570.0,17809757000.0,0.0,0.0,-0.2,-0.1665,-0.3478
BVH,2017-05-09,15:05:01,HOSE,STOCK,57.5,61.5,53.5,57.2,57.6,57.2,57.5,57.4,47.606,47.939,47.606,47.856,47.773,215210.0,12352605000.0,0.0,0.0,0.0,0.0,0.0
BVH,2017-05-08,15:05:01,HOSE,STOCK,58.0,62.0,54.0,58.0,58.0,57.5,57.5,57.59,48.272,48.272,47.856,47.856,47.931,208270.0,11995153000.0,0.0,0.0,-0.5,-0.4161,-0.8621
BVH,2017-05-05,15:05:01,HOSE,STOCK,57.8,61.8,53.8,57.8,58.1,57.6,58.0,57.87,48.106,48.355,47.939,48.272,48.164,106640.0,6171641000.0,0.0,0.0,0.2,0.1665,0.346
BVH,2017-05-04,15:05:01,HOSE,STOCK,58.5,62.5,54.5,58.5,58.6,57.7,57.8,58.23,48.688,48.771,48.022,48.106,48.464,189760.0,11049647000.0,0.0,0.0,-0.7,-0.5826,-1.1966
BVH,2017-05-03,15:05:01,HOSE,STOCK,57.3,61.3,53.3,57.3,58.9,57.3,58.5,58.14,47.69,49.021,47.69,48.688,48.389,257860.0,14992590000.0,0.0,0.0,1.2,0.9987,2.0942
BVH,2017-04-28,15:04:02,HOSE,STOCK,57.3,61.3,53.3,57.0,57.3,56.9,57.3,57.09,47.44,47.69,47.357,47.69,47.515,167390.0,9555829000.0,0.0,0.0,0.0,0.0,0.0
BVH,2017-04-27,15:04:01,HOSE,STOCK,57.3,61.3,53.3,57.3,57.5,57.2,57.3,57.38,47.69,47.856,47.606,47.69,47.756,87540.0,5023480000.0,0.0,0.0,0.0,0.0,0.0
BVH,2017-04-26,15:04:01,HOSE,STOCK,57.3,61.3,53.3,57.5,57.5,57.0,57.3,57.22,47.856,47.856,47.44,47.69,47.623,121030.0,6925126000.0,0.0,0.0,0.0,0.0,0.0
BVH,2017-04-25,15:04:01,HOSE,STOCK,57.0,60.9,53.1,57.0,57.3,56.9,57.3,57.09,47.44,47.69,47.357,47.69,47.515,193290.0,11034760000.0,0.0,0.0,0.3,0.2497,0.5263
BVH,2017-04-24,15:04:02,HOSE,STOCK,57.3,61.3,53.3,57.8,57.8,56.9,57.0,57.13,48.106,48.106,47.357,47.44,47.548,151560.0,8657920000.0,0.0,0.0,-0.3,-0.2497,-0.5236
BVH,2017-04-21,15:04:01,HOSE,STOCK,57.4,61.4,53.4,57.4,57.9,57.2,57.3,57.36,47.773,48.189,47.606,47.69,47.739,232070.0,13310703000.0,0.0,0.0,-0.1,-0.0832,-0.1742
BVH,2017-04-20,15:04:01,HOSE,STOCK,58.5,62.5,54.5,58.5,58.5,57.4,57.4,57.62,48.688,48.688,47.773,47.773,47.956,322070.0,18557104000.0,0.0,0.0,-1.1,-0.9155,-1.8803
BVH,2017-04-19,15:04:01,HOSE,STOCK,58.4,62.4,54.4,57.6,58.5,57.6,58.5,58.21,47.939,48.688,47.939,48.688,48.447,128940.0,7505321000.0,0.0,0.0,0.1,0.0832,0.1712
BVH,2017-04-18,15:04:01,HOSE,STOCK,57.6,61.6,53.6,57.6,58.4,57.0,58.4,57.74,47.939,48.605,47.44,48.605,48.056,235550.0,13601081000.0,0.0,0.0,0.8,0.6658,1.3889
BVH,2017-04-17,15:04:01,HOSE,STOCK,58.3,62.3,54.3,58.1,58.4,57.0,57.6,57.75,48.355,48.605,47.44,47.939,48.064,216280.0,12489825000.0,0.0,0.0,-0.7,-0.5826,-1.2007
BVH,2017-04-14,15:04:02,HOSE,STOCK,58.9,63.0,54.8,58.3,58.8,57.9,58.3,58.2,48.522,48.938,48.189,48.522,48.439,236910.0,13787529000.0,0.0,0.0,-0.6,-0.4994,-1.0187
BVH,2017-04-13,15:04:02,HOSE,STOCK,58.8,62.9,54.7,58.6,59.5,58.5,58.9,58.84,48.771,49.521,48.688,49.021,48.971,307040.0,18066161000.0,0.0,0.0,0.1,0.0832,0.1701
BVH,2017-04-12,15:04:01,HOSE,STOCK,58.9,63.0,54.8,58.6,59.0,58.5,58.8,58.69,48.771,49.104,48.688,48.938,48.846,221560.0,13002580000.0,0.0,0.0,-0.1,-0.0832,-0.1698
BVH,2017-04-11,15:04:01,HOSE,STOCK,59.5,63.6,55.4,59.5,59.9,58.8,58.9,59.22,49.521,49.853,48.938,49.021,49.287,147670.0,8745483000.0,0.0,0.0,-0.6,-0.4994,-1.0084
BVH,2017-04-10,15:04:01,HOSE,STOCK,58.3,62.3,54.3,58.3,60.2,58.0,59.5,59.27,48.522,50.103,48.272,49.521,49.329,375080.0,22231601000.0,0.0,0.0,1.2,0.9987,2.0583
BVH,2017-04-07,15:04:01,HOSE,STOCK,58.3,62.3,54.3,58.2,58.5,57.8,58.3,58.12,48.439,48.688,48.106,48.522,48.372,320210.0,18611630000.0,0.0,0.0,0.0,0.0,0.0
BVH,2017-04-05,15:04:01,HOSE,STOCK,59.1,63.2,55.0,59.1,59.1,58.1,58.3,58.48,49.188,49.188,48.355,48.522,48.672,331140.0,19364448000.0,0.0,0.0,-0.8,-0.6658,-1.3536
BVH,2017-04-04,15:04:01,HOSE,STOCK,58.7,62.8,54.6,58.4,59.3,58.4,59.1,59.0,48.605,49.354,48.605,49.188,49.104,207610.0,12248443000.0,0.0,0.0,0.4,0.3329,0.6814
BVH,2017-04-03,15:04:01,HOSE,STOCK,59.2,63.3,55.1,59.2,59.5,58.3,58.7,58.72,49.271,49.521,48.522,48.855,48.871,514410.0,30208360000.0,0.0,0.0,-0.5,-0.4161,-0.8446
BVH,2017-03-31,15:03:01,HOSE,STOCK,60.3,64.5,56.1,60.8,60.8,59.1,59.2,59.51,50.602,50.602,49.188,49.271,49.529,760020.0,45229793000.0,0.0,0.0,-1.1,-0.9155,-1.8242
BVH,2017-03-30,15:03:01,HOSE,STOCK,61.5,65.8,57.2,61.8,62.3,60.2,60.3,61.2,51.435,51.851,50.103,50.186,50.935,454690.0,27827803000.0,0.0,0.0,-1.2,-0.9987,-1.9512
BVH,2017-03-29,15:03:01,HOSE,STOCK,61.2,65.4,57.0,61.4,61.9,61.1,61.5,61.58,51.102,51.518,50.852,51.185,51.252,364420.0,22439612000.0,0.0,0.0,0.3,0.2497,0.4902
BVH,2017-03-28,15:03:01,HOSE,STOCK,61.1,65.3,56.9,61.1,62.1,61.0,61.2,61.61,50.852,51.684,50.769,50.935,51.277,292670.0,18031403000.0,0.0,0.0,0.1,0.0832,0.1637
BVH,2017-03-27,15:03:01,HOSE,STOCK,60.6,64.8,56.4,60.6,61.3,60.1,61.1,60.9,50.436,51.019,50.02,50.852,50.686,361050.0,21987064000.0,0.0,0.0,0.5,0.4161,0.8251
BVH,2017-03-24,15:03:01,HOSE,STOCK,60.2,64.4,56.0,60.9,61.3,60.6,60.6,61.04,50.686,51.019,50.436,50.436,50.802,337960.0,20630241000.0,0.0,0.0,0.4,0.3329,0.6645
BVH,2017-03-23,15:03:01,HOSE,STOCK,59.5,63.6,55.4,59.5,61.0,59.4,60.2,60.17,49.521,50.769,49.437,50.103,50.078,351700.0,21162266000.0,0.0,0.0,0.7,0.5826,1.1765
BVH,2017-03-22,15:03:01,HOSE,STOCK,60.1,64.3,55.9,60.0,60.7,59.2,59.5,59.92,49.937,50.519,49.271,49.521,49.87,608420.0,36458007000.0,0.0,0.0,-0.6,-0.4994,-0.9983
BVH,2017-03-21,15:03:01,HOSE,STOCK,61.0,65.2,56.8,61.4,61.4,60.0,60.1,60.52,51.102,51.102,49.937,50.02,50.369,262430.0,15882125000.0,0.0,0.0,-0.9,-0.7491,-1.4754
BVH,2017-03-20,15:03:02,HOSE,STOCK,59.0,63.1,54.9,59.8,61.3,59.8,61.0,60.71,49.77,51.019,49.77,50.769,50.528,318680.0,19348047000.0,0.0,0.0,2.0,1.6646,3.3898
BVH,2017-03-17,15:03:01,HOSE,STOCK,58.9,63.0,54.8,59.0,59.5,58.8,59.0,59.04,49.104,49.521,48.938,49.104,49.138,1668510.0,98510667000.0,0.0,0.0,0.1,0.0832,0.1698
BVH,2017-03-16,15:03:01,HOSE,STOCK,59.0,63.1,54.9,59.0,59.3,58.9,58.9,59.12,49.104,49.354,49.021,49.021,49.204,277890.0,16429360000.0,0.0,0.0,-0.1,-0.0832,-0.1695
BVH,2017-03-15,15:03:02,HOSE,STOCK,58.9,63.0,54.8,58.9,59.0,58.7,59.0,58.85,49.021,49.104,48.855,49.104,48.98,217720.0,12813057000.0,0.0,0.0,0.1,0.0832,0.1698
BVH,2017-03-14,15:03:01,HOSE,STOCK,58.8,62.9,54.7,58.8,59.3,58.8,58.9,59.06,48.938,49.354,48.938,49.021,49.154,271930.0,16059531000.0,0.0,0.0,0.1,0.0832,0.1701
BVH,2017-03-13,15:03:01,HOSE,STOCK,59.1,63.2,55.0,59.0,59.2,58.6,58.8,58.95,49.104,49.271,48.771,48.938,49.063,251860.0,14846817000.0,0.0,0.0,-0.3,-0.2497,-0.5076
BVH,2017-03-10,15:03:01,HOSE,STOCK,59.1,63.2,55.0,59.1,59.8,59.1,59.1,59.28,49.188,49.77,49.188,49.188,49.337,169060.0,10021851000.0,0.0,0.0,0.0,0.0,0.0
BVH,2017-03-09,15:03:01,HOSE,STOCK,59.2,63.3,55.1,59.2,59.5,59.0,59.1,59.2,49.271,49.521,49.104,49.188,49.271,88430.0,5234667000.0,0.0,0.0,-0.1,-0.0832,-0.1689
BVH,2017-03-08,15:03:01,HOSE,STOCK,59.5,63.6,55.4,59.9,59.9,59.0,59.2,59.2,49.853,49.853,49.104,49.271,49.271,177030.0,10480231000.0,0.0,0.0,-0.3,-0.2497,-0.5042
BVH,2017-03-07,15:03:01,HOSE,STOCK,59.2,63.3,55.1,59.2,60.0,58.8,59.5,59.36,49.271,49.937,48.938,49.521,49.404,87190.0,5175779000.0,0.0,0.0,0.3,0.2497,0.5068
BVH,2017-03-06,15:03:01,HOSE,STOCK,59.2,63.3,55.1,59.2,59.6,58.5,59.2,59.21,49.271,49.604,48.688,49.271,49.279,126510.0,7490914000.0,0.0,0.0,0.0,0.0,0.0
BVH,2017-03-03,15:03:01,HOSE,STOCK,58.0,62.0,54.0,58.0,59.6,58.0,59.2,58.89,48.272,49.604,48.272,49.271,49.013,222970.0,13130031000.0,0.0,0.0,1.2,0.9987,2.069
BVH,2017-03-02,15:03:01,HOSE,STOCK,58.4,62.4,54.4,58.6,59.2,58.0,58.0,58.59,48.771,49.271,48.272,48.272,48.763,217560.0,12745832000.0,0.0,0.0,-0.4,-0.3329,-0.6849
BVH,2017-03-01,15:03:01,HOSE,STOCK,59.5,63.6,55.4,59.5,59.8,58.0,58.4,58.48,49.521,49.77,48.272,48.605,48.672,319300.0,18671128000.0,0.0,0.0,-1.1,-0.9155,-1.8487
BVH,2017-02-28,15:02:02,HOSE,STOCK,59.5,63.6,55.4,60.5,60.5,59.5,59.5,59.8,50.353,50.353,49.521,49.521,49.77,136630.0,8170404000.0,0.0,0.0,0.0,0.0,0.0
BVH,2017-02-27,15:02:01,HOSE,STOCK,59.6,63.7,55.5,59.7,60.3,59.3,59.5,59.66,49.687,50.186,49.354,49.521,49.654,200340.0,11952535000.0,0.0,0.0,-0.1,-0.0832,-0.1678
BVH,2017-02-24,15:02:01,HOSE,STOCK,60.5,64.7,56.3,60.2,60.8,59.4,59.6,59.92,50.103,50.602,49.437,49.604,49.87,379040.0,22713050000.0,0.0,0.0,-0.9,-0.7491,-1.4876
BVH,2017-02-23,15:02:01,HOSE,STOCK,61.8,66.1,57.5,61.8,61.8,60.3,60.5,60.78,51.435,51.435,50.186,50.353,50.586,288270.0,17521508000.0,0.0,0.0,-1.3,-1.082,-2.1036
BVH,2017-02-22,15:02:01,HOSE,STOCK,62.5,66.8,58.2,62.7,62.7,61.0,61.8,61.7,52.184,52.184,50.769,51.435,51.352,375730.0,23181413000.0,0.0,0.0,-0.7,-0.5826,-1.12
BVH,2017-02-21,15:02:01,HOSE,STOCK,63.0,67.4,58.6,63.0,63.3,62.5,62.5,62.79,52.433,52.683,52.017,52.017,52.259,261090.0,16394044000.0,0.0,0.0,-0.5,-0.4161,-0.7937
BVH,2017-02-20,15:02:01,HOSE,STOCK,63.0,67.4,58.6,63.0,63.5,62.1,63.0,62.99,52.433,52.85,51.684,52.433,52.425,273660.0,17238341000.0,0.0,0.0,0.0,0.0,0.0
BVH,2017-02-17,15:02:01,HOSE,STOCK,63.4,67.8,59.0,63.4,63.4,62.3,63.0,62.79,52.766,52.766,51.851,52.433,52.259,299950.0,18832369000.0,0.0,0.0,-0.4,-0.3329,-0.6309
BVH,2017-02-16,15:02:01,HOSE,STOCK,63.7,68.1,59.3,64.0,64.8,63.4,63.4,64.11,53.266,53.932,52.766,52.766,53.357,380870.0,24418567000.0,0.0,0.0,-0.3,-0.2497,-0.471
BVH,2017-02-15,15:02:01,HOSE,STOCK,63.0,67.4,58.6,63.0,63.8,62.5,63.7,63.43,52.433,53.099,52.017,53.016,52.791,204370.0,12963026000.0,0.0,0.0,0.7,0.5826,1.1111
BVH,2017-02-14,15:02:01,HOSE,STOCK,64.5,69.0,60.0,64.5,65.0,63.0,63.0,63.83,53.682,54.098,52.433,52.433,53.124,232650.0,14850072000.0,0.0,0.0,-1.5,-1.2484,-2.3256
BVH,2017-02-13,15:02:01,HOSE,STOCK,63.4,67.8,59.0,63.4,64.5,63.4,64.5,64.07,52.766,53.682,52.766,53.682,53.324,224330.0,14372424000.0,0.0,0.0,1.1,0.9155,1.735
BVH,2017-02-10,15:02:02,HOSE,STOCK,62.8,67.1,58.5,63.0,63.5,62.8,63.4,63.22,52.433,52.85,52.267,52.766,52.617,272250.0,17211656000.0,0.0,0.0,0.6,0.4994,0.9554
BVH,2017-02-09,15:02:01,HOSE,STOCK,63.2,67.6,58.8,63.2,63.2,62.8,62.8,62.96,52.6,52.6,52.267,52.267,52.4,256980.0,16180731000.0,0.0,0.0,-0.4,-0.3329,-0.6329
BVH,2017-02-08,15:02:01,HOSE,STOCK,63.1,67.5,58.7,63.2,63.4,62.7,63.2,63.05,52.6,52.766,52.184,52.6,52.475,182800.0,11525273000.0,0.0,0.0,0.1,0.0832,0.1585
BVH,2017-02-07,15:02:01,HOSE,STOCK,63.2,67.6,58.8,63.5,63.5,62.7,63.1,63.11,52.85,52.85,52.184,52.517,52.525,310920.0,19621094000.0,0.0,0.0,-0.1,-0.0832,-0.1582
BVH,2017-02-06,15:02:01,HOSE,STOCK,63.4,67.8,59.0,64.0,64.0,63.2,63.2,63.6,53.266,53.266,52.6,52.6,52.933,258460.0,16437049000.0,0.0,0.0,-0.2,-0.1665,-0.3155
BVH,2017-02-03,15:02:01,HOSE,STOCK,62.5,66.8,58.2,62.6,63.9,62.5,63.4,63.43,52.101,53.183,52.017,52.766,52.791,468770.0,29734896000.0,0.0,0.0,0.9,0.749,1.44
BVH,2017-02-02,15:02:02,HOSE,STOCK,61.1,65.3,56.9,61.1,62.5,61.1,62.5,62.22,50.852,52.017,50.852,52.017,51.784,273290.0,17003418000.0,0.0,0.0,1.4,1.1652,2.2913
BVH,2017-01-25,15:01:01,HOSE,STOCK,60.9,65.1,56.7,60.9,61.9,60.9,61.1,61.43,50.686,51.518,50.686,50.852,51.127,135190.0,8304598000.0,0.0,0.0,0.2,0.1665,0.3284
BVH,2017-01-24,15:01:01,HOSE,STOCK,60.9,65.1,56.7,60.5,61.7,60.4,60.9,61.09,50.353,51.352,50.27,50.686,50.844,94590.0,5778538000.0,0.0,0.0,0.0,0.0,0.0
BVH,2017-01-23,15:01:01,HOSE,STOCK,60.9,65.1,56.7,60.6,61.7,60.3,60.9,60.75,50.436,51.352,50.186,50.686,50.561,50370.0,3059742000.0,0.0,0.0,0.0,0.0,0.0
BVH,2017-01-20,15:01:01,HOSE,STOCK,60.8,65.0,56.6,60.8,61.5,60.7,60.9,60.99,50.602,51.185,50.519,50.686,50.761,109880.0,6701589000.0,0.0,0.0,0.1,0.0832,0.1645
BVH,2017-01-19,15:01:01,HOSE,STOCK,60.8,65.0,56.6,60.3,61.7,60.3,60.8,60.9,50.186,51.352,50.186,50.602,50.686,129450.0,7883745000.0,0.0,0.0,0.0,0.0,0.0
BVH,2017-01-18,15:01:01,HOSE,STOCK,62.0,66.3,57.7,62.3,62.3,60.8,60.8,61.54,51.851,51.851,50.602,50.602,51.218,164310.0,10111666000.0,0.0,0.0,-1.2,-0.9987,-1.9355
BVH,2017-01-17,15:01:02,HOSE,STOCK,61.6,65.9,57.3,61.4,62.1,61.4,62.0,61.8,51.102,51.684,51.102,51.601,51.435,232640.0,14378021000.0,0.0,0.0,0.4,0.3329,0.6494
BVH,2017-01-16,15:01:02,HOSE,STOCK,62.0,66.3,57.7,61.8,62.0,61.2,61.6,61.54,51.435,51.601,50.935,51.268,51.218,168550.0,10371874000.0,0.0,0.0,-0.4,-0.3329,-0.6452
BVH,2017-01-13,15:01:01,HOSE,STOCK,62.5,66.8,58.2,62.5,63.5,61.6,62.0,62.74,52.017,52.85,51.268,51.601,52.217,189500.0,11888571000.0,0.0,0.0,-0.5,-0.4161,-0.8
BVH,2017-01-12,15:01:01,HOSE,STOCK,60.9,65.1,56.7,60.9,62.5,60.7,62.5,61.72,50.686,52.017,50.519,52.017,51.368,424200.0,26181230000.0,0.0,0.0,1.6,1.3316,2.6273
BVH,2017-01-11,15:01:01,HOSE,STOCK,60.8,65.0,56.6,60.6,61.6,60.5,60.9,60.91,50.436,51.268,50.353,50.686,50.694,244620.0,14899913000.0,0.0,0.0,0.1,0.0832,0.1645
BVH,2017-01-10,15:01:01,HOSE,STOCK,61.6,65.9,57.3,61.7,61.7,60.7,60.8,61.19,51.352,51.352,50.519,50.602,50.927,292960.0,17926885000.0,0.0,0.0,-0.8,-0.6658,-1.2987
BVH,2017-01-09,15:01:01,HOSE,STOCK,61.4,65.6,57.2,61.4,62.5,61.1,61.6,61.87,51.102,52.017,50.852,51.268,51.493,339830.0,21026313000.0,0.0,0.0,0.2,0.1665,0.3257
BVH,2017-01-06,15:01:02,HOSE,STOCK,61.1,65.3,56.9,61.1,62.3,61.1,61.4,61.77,50.852,51.851,50.852,51.102,51.41,376830.0,23277743000.0,0.0,0.0,0.3,0.2497,0.491
BVH,2017-01-05,15:01:01,HOSE,STOCK,60.1,64.3,55.9,60.0,61.8,59.8,61.1,60.98,49.937,51.435,49.77,50.852,50.752,420990.0,25671386000.0,0.0,0.0,1.0,0.8323,1.6639
BVH,2017-01-04,15:01:01,HOSE,STOCK,59.3,63.4,55.2,59.3,60.6,59.3,60.1,60.1,49.354,50.436,49.354,50.02,50.02,364510.0,21906435000.0,0.0,0.0,0.8,0.6658,1.3491
BVH,2017-01-03,15:01:01,HOSE,STOCK,58.2,62.2,54.2,58.2,60.2,57.7,59.3,59.1,48.439,50.103,48.022,49.354,49.188,370020.0,21868552000.0,0.0,0.0,1.1,0.9155,1.89
BVH,2016-12-30,15:12:01,HOSE,STOCK,58.6,62.7,54.5,58.6,58.8,58.2,58.2,58.5,48.771,48.938,48.439,48.439,48.688,164630.0,9631496000.0,0.0,0.0,-0.4,-0.3329,-0.6826
BVH,2016-12-29,15:12:01,HOSE,STOCK,58.5,62.5,54.5,58.5,59.0,58.5,58.6,58.7,48.688,49.104,48.688,48.771,48.855,195940.0,11502597000.0,0.0,0.0,0.1,0.0832,0.1709
BVH,2016-12-28,15:12:01,HOSE,STOCK,59.3,63.4,55.2,59.3,59.5,58.3,58.5,58.83,49.354,49.521,48.522,48.688,48.963,282240.0,16604992000.0,0.0,0.0,-0.8,-0.6658,-1.3491
BVH,2016-12-27,15:12:01,HOSE,STOCK,59.2,63.3,55.1,59.2,59.8,59.1,59.3,59.38,49.271,49.77,49.188,49.354,49.421,148290.0,8805060000.0,0.0,0.0,0.1,0.0832,0.1689
BVH,2016-12-26,15:12:01,HOSE,STOCK,59.6,63.7,55.5,59.6,60.2,59.2,59.2,59.59,49.604,50.103,49.271,49.271,49.595,183790.0,10952342000.0,0.0,0.0,-0.4,-0.3329,-0.6711
BVH,2016-12-23,15:12:02,HOSE,STOCK,59.1,63.2,55.0,59.0,59.8,58.6,59.6,59.06,49.104,49.77,48.771,49.604,49.154,302150.0,17843503000.0,0.0,0.0,0.5,0.4161,0.846
BVH,2016-12-22,15:12:02,HOSE,STOCK,60.1,64.3,55.9,60.1,60.6,59.0,59.1,59.45,50.02,50.436,49.104,49.188,49.479,320770.0,19070015000.0,0.0,0.0,-1.0,-0.8323,-1.6639
BVH,2016-12-21,15:12:01,HOSE,STOCK,59.1,63.2,55.0,58.8,60.5,58.6,60.1,59.49,48.938,50.353,48.771,50.02,49.512,518200.0,30826740000.0,0.0,0.0,1.0,0.8323,1.692
BVH,2016-12-20,15:12:02,HOSE,STOCK,61.3,65.5,57.1,61.4,61.4,58.5,59.1,60.14,51.102,51.102,48.688,49.188,50.053,239350.0,14393986000.0,0.0,0.0,-2.2,-1.831,-3.5889
BVH,2016-12-19,15:12:01,HOSE,STOCK,58.6,62.7,54.5,59.3,61.4,59.3,61.3,60.76,49.354,51.102,49.354,51.019,50.569,292590.0,17777274000.0,0.0,0.0,2.7,2.2472,4.6075
BVH,2016-12-16,15:12:01,HOSE,STOCK,58.0,62.0,54.0,58.0,59.0,57.9,58.6,58.5,48.272,49.104,48.189,48.771,48.688,1888300.0,110461031000.0,0.0,0.0,0.6,0.4994,1.0345
BVH,2016-12-15,15:12:01,HOSE,STOCK,58.0,62.0,54.0,58.0,58.7,57.9,58.0,58.19,48.272,48.855,48.189,48.272,48.43,276630.0,16097575000.0,0.0,0.0,0.0,0.0,0.0
BVH,2016-12-14,15:12:01,HOSE,STOCK,56.9,60.8,53.0,56.7,58.0,56.7,58.0,57.49,47.19,48.272,47.19,48.272,47.848,228350.0,13126884000.0,0.0,0.0,1.1,0.9155,1.9332
BVH,2016-12-13,15:12:01,HOSE,STOCK,57.4,61.4,53.4,57.4,57.4,56.7,56.9,56.9,47.773,47.773,47.19,47.357,47.357,164590.0,9364854000.0,0.0,0.0,-0.5,-0.4161,-0.8711
BVH,2016-12-12,15:12:01,HOSE,STOCK,58.7,62.8,54.6,58.0,58.4,57.4,57.4,57.65,48.272,48.605,47.773,47.773,47.981,193550.0,11157593000.0,0.0,0.0,-1.3,-1.082,-2.2147
BVH,2016-12-09,15:12:02,HOSE,STOCK,58.1,62.1,54.1,58.1,58.8,58.0,58.7,58.39,48.355,48.938,48.272,48.855,48.597,211700.0,12361707000.0,0.0,0.0,0.6,0.4994,1.0327
BVH,2016-12-08,15:12:01,HOSE,STOCK,58.0,62.0,54.0,58.0,58.1,57.6,58.1,57.92,48.272,48.355,47.939,48.355,48.206,165760.0,9600854000.0,0.0,0.0,0.1,0.0832,0.1724
BVH,2016-12-07,15:12:01,HOSE,STOCK,57.7,61.7,53.7,58.5,58.8,56.5,58.0,57.81,48.688,48.938,47.024,48.272,48.114,92830.0,5366119000.0,0.0,0.0,0.3,0.2497,0.5199
BVH,2016-12-06,15:12:01,HOSE,STOCK,57.6,61.6,53.6,57.5,58.5,57.4,57.7,57.74,47.856,48.688,47.773,48.022,48.056,185170.0,10691506000.0,0.0,0.0,0.1,0.0832,0.1736
BVH,2016-12-05,15:12:02,HOSE,STOCK,58.5,62.5,54.5,57.8,58.2,56.8,57.6,57.5,48.106,48.439,47.273,47.939,47.856,171550.0,9864839000.0,0.0,0.0,-0.9,-0.749,-1.5385
BVH,2016-12-02,15:12:02,HOSE,STOCK,59.4,63.5,55.3,59.4,59.8,58.5,58.5,59.05,49.437,49.77,48.688,48.688,49.146,73400.0,4333910000.0,0.0,0.0,-0.9,-0.749,-1.5152
BVH,2016-12-01,15:12:01,HOSE,STOCK,58.8,62.9,54.7,60.0,60.0,59.0,59.4,59.51,49.937,49.937,49.104,49.437,49.529,190430.0,11332908000.0,0.0,0.0,0.6,0.4994,1.0204
BVH,2016-11-30,15:11:01,HOSE,STOCK,58.4,62.4,54.4,58.5,60.0,58.2,58.8,58.73,48.688,49.937,48.439,48.938,48.88,505370.0,29679753000.0,0.0,0.0,0.4,0.3329,0.6849
BVH,2016-11-29,15:11:01,HOSE,STOCK,59.6,63.7,55.5,60.7,61.0,57.9,58.4,58.66,50.519,50.769,48.189,48.605,48.821,484200.0,28404828000.0,0.0,0.0,-1.2,-0.9987,-2.0134
BVH,2016-11-28,15:11:02,HOSE,STOCK,62.1,66.4,57.8,61.5,61.5,59.6,59.6,60.21,51.185,51.185,49.604,49.604,50.111,348810.0,21001023000.0,0.0,0.0,-2.5,-2.0807,-4.0258
BVH,2016-11-25,15:11:01,HOSE,STOCK,62.5,66.8,58.2,62.0,62.5,62.0,62.1,62.09,51.601,52.017,51.601,51.684,51.676,191060.0,11863121000.0,0.0,0.0,-0.4,-0.3329,-0.64
BVH,2016-11-24,15:11:01,HOSE,STOCK,62.5,66.8,58.2,62.8,62.8,62.0,62.5,62.3,52.267,52.267,51.601,52.017,51.851,83010.0,5171171000.0,0.0,0.0,0.0,0.0,0.0
BVH,2016-11-23,15:11:02,HOSE,STOCK,61.5,65.8,57.2,61.5,62.9,61.3,62.5,62.52,51.185,52.35,51.019,52.017,52.034,575610.0,35987134000.0,0.0,0.0,1.0,0.8323,1.626
BVH,2016-11-22,15:11:01,HOSE,STOCK,60.4,64.6,56.2,60.5,62.0,60.4,61.5,61.15,50.353,51.601,50.27,51.185,50.894,431630.0,26394288000.0,0.0,0.0,1.1,0.9155,1.8212
BVH,2016-11-21,15:11:01,HOSE,STOCK,61.5,65.8,57.2,61.5,61.5,60.3,60.4,60.76,51.185,51.185,50.186,50.27,50.569,129320.0,7857848000.0,0.0,0.0,-1.1,-0.9155,-1.7886
BVH,2016-11-18,15:11:02,HOSE,STOCK,61.2,65.4,57.0,61.2,61.9,60.6,61.5,61.13,50.935,51.518,50.436,51.185,50.877,132140.0,8077496000.0,0.0,0.0,0.3,0.2497,0.4902
BVH,2016-11-17,15:11:02,HOSE,STOCK,62.8,67.1,58.5,62.8,62.9,61.1,61.2,61.82,52.267,52.35,50.852,50.935,51.451,191790.0,11856423000.0,0.0,0.0,-1.6,-1.3316,-2.5478
BVH,2016-11-16,15:11:01,HOSE,STOCK,62.6,66.9,58.3,63.0,63.0,62.7,62.8,62.97,52.433,52.433,52.184,52.267,52.409,132330.0,8333090000.0,0.0,0.0,0.2,0.1665,0.3195
BVH,2016-11-15,15:11:01,HOSE,STOCK,62.4,66.7,58.1,62.9,63.3,62.4,62.6,62.84,52.35,52.683,51.934,52.101,52.3,35780.0,2248294000.0,0.0,0.0,0.2,0.1665,0.3205
BVH,2016-11-14,15:11:01,HOSE,STOCK,64.0,68.4,59.6,63.0,63.5,62.4,62.4,62.8,52.433,52.85,51.934,51.934,52.267,227070.0,14260635000.0,0.0,0.0,-1.6,-1.3316,-2.5
BVH,2016-11-11,15:11:01,HOSE,STOCK,64.5,69.0,60.0,65.0,65.0,64.0,64.0,64.68,54.098,54.098,53.266,53.266,53.832,125130.0,8093986000.0,0.0,0.0,-0.5,-0.4161,-0.7752
BVH,2016-11-10,15:11:01,HOSE,STOCK,64.8,69.3,60.3,64.8,66.8,63.5,64.5,64.82,53.932,55.596,52.85,53.682,53.948,220260.0,14277960000.0,0.0,0.0,-0.3,-0.2497,-0.463
BVH,2016-11-09,15:11:01,HOSE,STOCK,65.5,70.0,61.0,65.5,65.5,62.0,64.8,64.18,54.514,54.514,51.601,53.932,53.416,304290.0,19529523000.0,0.0,0.0,-0.7,-0.5826,-1.0687
BVH,2016-11-08,15:11:01,HOSE,STOCK,64.9,69.4,60.4,64.9,65.5,64.8,65.5,65.13,54.015,54.514,53.932,54.514,54.206,129950.0,8463538000.0,0.0,0.0,0.6,0.4994,0.9245
BVH,2016-11-07,15:11:02,HOSE,STOCK,62.5,66.8,58.2,62.5,65.5,62.5,64.9,64.25,52.017,54.514,52.017,54.015,53.474,153950.0,9891321000.0,0.0,0.0,2.4,1.9975,3.84
BVH,2016-11-04,15:11:02,HOSE,STOCK,62.5,66.8,58.2,62.5,62.6,62.0,62.5,62.3,52.017,52.101,51.601,52.017,51.851,87790.0,5469101000.0,0.0,0.0,0.0,0.0,0.0
BVH,2016-11-03,15:11:01,HOSE,STOCK,64.0,68.4,59.6,64.3,64.3,62.5,62.5,62.77,53.515,53.515,52.017,52.017,52.242,125930.0,7904781000.0,0.0,0.0,-1.5,-1.2484,-2.3438
BVH,2016-11-02,15:11:01,HOSE,STOCK,65.5,70.0,61.0,65.0,65.5,64.0,64.0,64.66,54.098,54.514,53.266,53.266,53.815,112850.0,7296450000.0,0.0,0.0,-1.5,-1.2484,-2.2901
BVH,2016-11-01,15:11:01,HOSE,STOCK,64.0,68.4,59.6,66.0,66.0,64.7,65.5,65.4,54.93,54.93,53.848,54.514,54.431,64540.0,4220956000.0,0.0,0.0,1.5,1.2484,2.3438
BVH,2016-10-31,15:10:01,HOSE,STOCK,67.0,71.6,62.4,66.9,66.9,64.0,64.0,64.37,55.679,55.679,53.266,53.266,53.574,277560.0,17866714000.0,0.0,0.0,-3.0,-2.4968,-4.4776
BVH,2016-10-28,15:10:01,HOSE,STOCK,67.0,71.6,62.4,67.0,68.2,66.9,67.0,67.1,55.763,56.761,55.679,55.763,55.846,54910.0,3684604000.0,0.0,0.0,0.0,0.0,0.0
BVH,2016-10-27,15:10:02,HOSE,STOCK,67.4,72.1,62.7,67.3,68.0,67.0,67.0,67.32,56.012,56.595,55.763,55.763,56.029,168630.0,11351571000.0,0.0,0.0,-0.4,-0.3329,-0.5935
BVH,2016-10-26,15:10:01,HOSE,STOCK,68.2,72.9,63.5,67.8,68.2,67.3,67.4,67.5,56.428,56.761,56.012,56.096,56.179,32840.0,2216717000.0,0.0,0.0,-0.8,-0.6658,-1.173
BVH,2016-10-25,15:10:01,HOSE,STOCK,68.0,72.7,63.3,67.5,68.5,67.2,68.2,67.93,56.179,57.011,55.929,56.761,56.537,47670.0,3238047000.0,0.0,0.0,0.2,0.1665,0.2941
BVH,2016-10-24,15:10:01,HOSE,STOCK,68.2,72.9,63.5,67.6,68.5,67.0,68.0,67.64,56.262,57.011,55.763,56.595,56.295,43780.0,2961250000.0,0.0,0.0,-0.2,-0.1665,-0.2933
BVH,2016-10-21,15:10:01,HOSE,STOCK,67.6,72.3,62.9,67.0,68.2,67.0,68.2,67.77,55.763,56.761,55.763,56.761,56.403,74080.0,5020068000.0,0.0,0.0,0.6,0.4994,0.8876
BVH,2016-10-20,15:10:02,HOSE,STOCK,69.0,73.8,64.2,67.0,68.5,67.0,67.6,67.69,55.763,57.011,55.763,56.262,56.337,49840.0,3373778000.0,0.0,0.0,-1.4,-1.1652,-2.029
BVH,2016-10-19,15:10:02,HOSE,STOCK,68.0,72.7,63.3,68.0,69.0,67.5,69.0,67.93,56.595,57.427,56.179,57.427,56.537,89190.0,6059057000.0,0.0,0.0,1.0,0.8323,1.4706
BVH,2016-10-18,15:10:01,HOSE,STOCK,66.5,71.1,61.9,66.6,69.5,66.5,68.0,67.98,55.43,57.843,55.346,56.595,56.578,136380.0,9270914000.0,0.0,0.0,1.5,1.2484,2.2556
BVH,2016-10-17,15:10:02,HOSE,STOCK,71.0,75.9,66.1,70.1,70.1,66.5,66.5,67.99,58.343,58.343,55.346,55.346,56.587,249700.0,16976817000.0,0.0,0.0,-4.5,-3.7452,-6.338
BVH,2016-10-14,15:10:01,HOSE,STOCK,71.9,76.9,66.9,70.0,71.5,70.0,71.0,70.72,58.259,59.508,58.259,59.092,58.859,55820.0,3947706000.0,0.0,0.0,-0.9,-0.7491,-1.2517
BVH,2016-10-13,15:10:01,HOSE,STOCK,71.9,76.9,66.9,70.5,71.9,70.0,71.9,70.98,58.676,59.841,58.259,59.841,59.075,52920.0,3756168000.0,0.0,0.0,0.0,0.0,0.0
BVH,2016-10-12,15:10:02,HOSE,STOCK,72.0,77.0,67.0,72.0,73.5,70.7,71.9,71.585,59.924,61.172,58.842,59.841,59.579,42930.0,3073143000.0,0.0,0.0,-0.1,-0.0832,-0.1389
BVH,2016-10-11,15:10:02,HOSE,STOCK,71.7,76.7,66.7,71.2,73.4,71.2,72.0,72.34,59.258,61.089,59.258,59.924,60.207,179110.0,12956836000.0,0.0,0.0,0.3,0.2497,0.4184
BVH,2016-10-10,15:10:01,HOSE,STOCK,71.5,76.5,66.5,71.5,73.0,70.9,71.7,72.13,59.508,60.756,59.008,59.674,60.032,137110.0,9889950000.0,0.0,0.0,0.2,0.1665,0.2797
BVH,2016-10-07,15:10:01,HOSE,STOCK,72.0,77.0,67.0,73.5,73.5,69.5,71.5,71.13,61.172,61.172,57.843,59.508,59.2,298560.0,21237989000.0,0.0,0.0,-0.5,-0.4161,-0.6944
BVH,2016-10-06,15:10:01,HOSE,STOCK,72.9,78.0,67.8,74.0,74.0,72.0,72.0,73.16,61.589,61.589,59.924,59.924,60.889,166450.0,12177667000.0,0.0,0.0,-0.9,-0.7491,-1.2346
BVH,2016-10-05,15:10:01,HOSE,STOCK,72.2,77.2,67.2,72.2,74.2,72.2,72.9,72.8,60.09,61.755,60.09,60.673,60.59,318930.0,23218090000.0,0.0,0.0,0.7,0.5826,0.9695
BVH,2016-10-04,15:10:01,HOSE,STOCK,69.5,74.3,64.7,68.2,74.3,68.2,72.2,72.12,56.761,61.838,56.761,60.09,60.024,261890.0,18887804000.0,0.0,0.0,2.7,2.2471,3.8849
BVH,2016-10-03,15:10:01,HOSE,STOCK,70.9,75.8,66.0,71.0,71.1,69.5,69.5,70.34,59.092,59.175,57.843,57.843,58.542,141360.0,9943743000.0,0.0,0.0,-1.4,-1.1652,-1.9746
BVH,2016-09-30,15:09:01,HOSE,STOCK,70.0,74.9,65.1,70.0,72.5,69.5,70.9,70.6,58.259,60.34,57.843,59.008,58.759,451920.0,31903870000.0,0.0,0.0,0.9,0.749,1.2857
BVH,2016-09-29,15:09:01,HOSE,STOCK,71.5,76.5,66.5,70.0,72.2,69.5,70.0,71.1,58.259,60.09,57.843,58.259,59.175,291730.0,20742468000.0,0.0,0.0,-1.5,-1.2484,-2.0979
BVH,2016-09-28,15:09:01,HOSE,STOCK,70.4,75.3,65.5,70.0,71.8,69.2,71.5,70.37,58.259,59.758,57.594,59.508,58.567,280330.0,19727089000.0,0.0,0.0,1.1,0.9155,1.5625
BVH,2016-09-27,15:09:01,HOSE,STOCK,68.0,72.7,63.3,68.0,70.4,68.0,70.4,69.21,56.595,58.592,56.595,58.592,57.602,469520.0,32493559000.0,0.0,0.0,2.4,1.9975,3.5294
BVH,2016-09-26,15:09:01,HOSE,STOCK,65.4,69.9,60.9,65.4,68.0,65.0,68.0,66.39,54.431,56.595,54.098,56.595,55.255,519810.0,34507895000.0,0.0,0.0,2.6,2.1639,3.9755
BVH,2016-09-23,15:09:01,HOSE,STOCK,65.3,69.8,60.8,65.9,65.9,65.0,65.4,65.26,54.847,54.847,54.098,54.431,54.314,151090.0,9860171000.0,0.0,0.0,0.1,0.0832,0.1531
BVH,2016-09-22,15:09:01,HOSE,STOCK,63.0,67.4,58.6,63.5,65.8,63.5,65.3,65.04,52.85,54.764,52.85,54.348,54.131,516140.0,33568614000.0,0.0,0.0,2.3,1.9142,3.6508
BVH,2016-09-21,15:09:01,HOSE,STOCK,61.3,65.5,57.1,61.3,63.1,60.5,63.0,62.04,51.019,52.517,50.353,52.433,51.634,448600.0,27830514000.0,0.0,0.0,1.7,1.4149,2.7732
BVH,2016-09-20,15:09:01,HOSE,STOCK,61.3,65.5,57.1,61.3,62.0,60.5,61.3,61.25,51.019,51.601,50.353,51.019,50.977,157990.0,9677436000.0,0.0,0.0,0.0,0.0,0.0
BVH,2016-09-19,15:09:02,HOSE,STOCK,58.5,62.5,54.5,59.5,61.5,59.5,61.3,60.59,49.521,51.185,49.521,51.019,50.428,138650.0,8400909000.0,0.0,0.0,2.8,2.3304,4.7863
BVH,2016-09-16,15:09:01,HOSE,STOCK,60.8,65.0,56.6,60.4,61.1,58.5,58.5,58.76,50.27,50.852,48.688,48.688,48.905,818180.0,48075861000.0,0.0,0.0,-2.3,-1.9142,-3.7829
BVH,2016-09-15,15:09:01,HOSE,STOCK,61.0,65.2,56.8,61.0,61.0,60.5,60.8,60.86,50.769,50.769,50.353,50.602,50.652,50060.0,3046613000.0,0.0,0.0,-0.2,-0.1665,-0.3279
BVH,2016-09-14,15:09:01,HOSE,STOCK,61.7,66.0,57.4,61.5,62.1,61.0,61.0,61.49,51.185,51.684,50.769,50.769,51.177,87100.0,5355810000.0,0.0,0.0,-0.7,-0.5826,-1.1345
BVH,2016-09-13,15:09:01,HOSE,STOCK,61.0,65.2,56.8,61.0,62.5,60.0,61.7,61.4,50.769,52.017,49.937,51.352,51.102,154890.0,9509705000.0,0.0,0.0,0.7,0.5826,1.1475
BVH,2016-09-12,15:09:01,HOSE,STOCK,60.0,64.2,55.8,59.0,61.0,59.0,61.0,60.21,49.104,50.769,49.104,50.769,50.111,136060.0,8191672000.0,0.0,0.0,1.0,0.8323,1.6667
BVH,2016-09-09,15:09:01,HOSE,STOCK,60.0,64.0,56.0,60.5,61.0,60.0,60.0,60.57,50.353,50.769,49.937,49.937,50.411,186500.0,11296675000.0,0.0,0.0,0.0,0.0,0.0
BVH,2016-09-08,15:09:01,HOSE,STOCK,60.0,64.0,56.0,59.0,61.0,59.0,60.0,59.94,49.104,50.769,49.104,49.937,49.887,225450.0,13512970000.0,0.0,0.0,0.0,0.0,0.0
BVH,2016-09-07,15:09:01,HOSE,STOCK,59.5,63.5,55.5,60.0,60.0,59.0,60.0,59.26,49.937,49.937,49.104,49.937,49.321,132630.0,7859830000.0,0.0,0.0,0.5,0.4161,0.8403
BVH,2016-09-06,15:09:01,HOSE,STOCK,60.0,64.0,56.0,59.5,60.5,59.5,59.5,59.91,49.521,50.353,49.521,49.521,49.862,217330.0,13021190000.0,0.0,0.0,-0.5,-0.4161,-0.8333
BVH,2016-09-05,15:09:01,HOSE,STOCK,61.5,65.5,57.5,60.5,61.0,60.0,60.0,60.55,50.353,50.769,49.937,49.937,50.394,175230.0,10610530000.0,0.0,0.0,-1.5,-1.2484,-2.439
BVH,2016-09-01,15:09:01,HOSE,STOCK,62.0,66.0,58.0,62.0,62.5,61.5,61.5,61.76,51.601,52.017,51.185,51.185,51.401,160190.0,9894095000.0,0.0,0.0,-0.5,-0.4161,-0.8065
BVH,2016-08-31,15:08:02,HOSE,STOCK,62.5,66.5,58.5,62.5,63.0,61.5,62.0,62.16,52.017,52.433,51.185,51.601,51.734,199960.0,12429035000.0,0.0,0.0,-0.5,-0.4161,-0.8
BVH,2016-08-30,15:08:01,HOSE,STOCK,61.0,65.0,57.0,60.5,62.5,60.5,62.5,61.84,50.353,52.017,50.353,52.017,51.468,272470.0,16850740000.0,0.0,0.0,1.5,1.2484,2.459
BVH,2016-08-29,15:08:01,HOSE,STOCK,60.0,64.0,56.0,60.5,62.5,60.0,61.0,61.46,50.353,52.017,49.937,50.769,51.152,474480.0,29159415000.0,0.0,0.0,1.0,0.8323,1.6667
BVH,2016-08-26,15:08:01,HOSE,STOCK,59.0,63.0,55.0,59.5,60.0,58.5,60.0,59.32,49.521,49.937,48.688,49.937,49.371,240640.0,14274875000.0,0.0,0.0,1.0,0.8323,1.6949
BVH,2016-08-25,15:08:02,HOSE,STOCK,59.0,63.0,55.0,59.0,59.0,58.5,59.0,58.64,49.104,49.104,48.688,49.104,48.805,101260.0,5937750000.0,0.0,0.0,0.0,0.0,0.0
BVH,2016-08-24,15:08:02,HOSE,STOCK,59.5,63.5,55.5,59.5,59.5,59.0,59.0,59.21,49.521,49.521,49.104,49.104,49.279,112450.0,6658570000.0,0.0,0.0,-0.5,-0.4161,-0.8403
BVH,2016-08-23,15:08:01,HOSE,STOCK,59.5,63.5,55.5,59.0,60.0,59.0,59.5,59.49,49.104,49.937,49.104,49.521,49.512,84580.0,5031440000.0,0.0,0.0,0.0,0.0,0.0
BVH,2016-08-22,15:08:02,HOSE,STOCK,60.0,64.0,56.0,60.0,60.5,59.5,59.5,60.05,49.937,50.353,49.521,49.521,49.978,77830.0,4674045000.0,0.0,0.0,-0.5,-0.4161,-0.8333
BVH,2016-08-19,15:08:01,HOSE,STOCK,58.5,62.5,54.5,59.0,61.5,58.5,60.0,59.96,49.104,51.185,48.688,49.937,49.903,276320.0,16568125000.0,0.0,0.0,1.5,1.2484,2.5641
BVH,2016-08-18,15:08:01,HOSE,STOCK,59.0,63.0,55.0,59.0,59.5,58.5,58.5,58.94,49.104,49.521,48.688,48.688,49.054,79130.0,4663540000.0,0.0,0.0,-0.5,-0.4161,-0.8475
BVH,2016-08-17,15:08:01,HOSE,STOCK,59.0,63.0,55.0,59.0,60.0,58.5,59.0,59.01,49.104,49.937,48.688,49.104,49.113,202860.0,11971555000.0,0.0,0.0,0.0,0.0,0.0
BVH,2016-08-16,15:08:02,HOSE,STOCK,59.5,63.5,55.5,59.0,60.0,59.0,59.0,59.49,49.104,49.937,49.104,49.104,49.512,189260.0,11258440000.0,0.0,0.0,-0.5,-0.4161,-0.8403
BVH,2016-08-15,15:08:01,HOSE,STOCK,59.5,63.5,55.5,59.5,60.0,59.5,59.5,59.71,49.521,49.937,49.521,49.521,49.695,76590.0,4573295000.0,0.0,0.0,0.0,0.0,0.0
BVH,2016-08-12,15:08:01,HOSE,STOCK,61.0,65.0,57.0,61.0,61.0,59.5,59.5,60.15,50.769,50.769,49.521,49.521,50.061,177990.0,10706890000.0,0.0,0.0,-1.5,-1.2484,-2.459
BVH,2016-08-11,15:08:01,HOSE,STOCK,60.0,64.0,56.0,60.0,61.0,59.5,61.0,60.2,49.937,50.769,49.521,50.769,50.103,267670.0,16112865000.0,0.0,0.0,1.0,0.8323,1.6667
BVH,2016-08-10,15:08:02,HOSE,STOCK,58.5,62.5,54.5,58.0,60.0,58.0,60.0,59.24,48.272,49.937,48.272,49.937,49.304,188960.0,11193335000.0,0.0,0.0,1.5,1.2484,2.5641
BVH,2016-08-09,15:08:01,HOSE,STOCK,57.5,61.5,53.5,57.0,58.5,57.0,58.5,58.03,47.44,48.688,47.44,48.688,48.297,121590.0,7056410000.0,0.0,0.0,1.0,0.8323,1.7391
BVH,2016-08-08,15:08:01,HOSE,STOCK,58.0,62.0,54.0,57.5,58.5,57.0,57.5,57.27,47.856,48.688,47.44,47.856,47.665,136670.0,7827645000.0,0.0,0.0,-0.5,-0.4161,-0.8621
BVH,2016-08-05,15:08:01,HOSE,STOCK,57.5,61.5,53.5,57.0,58.5,57.0,58.0,57.38,47.44,48.688,47.44,48.272,47.756,158880.0,9115980000.0,0.0,0.0,0.5,0.4161,0.8696
BVH,2016-08-04,15:08:01,HOSE,STOCK,57.0,60.5,53.5,57.0,59.0,56.5,57.5,57.57,47.44,49.104,47.024,47.856,47.914,339080.0,19520245000.0,0.0,0.0,0.5,0.4161,0.8772
BVH,2016-08-03,15:08:01,HOSE,STOCK,58.5,62.5,54.5,58.0,58.5,57.0,57.0,57.53,48.272,48.688,47.44,47.44,47.881,240570.0,13840955000.0,0.0,0.0,-1.5,-1.2484,-2.5641
BVH,2016-08-02,15:08:01,HOSE,STOCK,58.5,62.5,54.5,59.0,59.5,58.0,58.5,58.48,49.104,49.521,48.272,48.688,48.672,326130.0,19072450000.0,0.0,0.0,0.0,0.0,0.0
BVH,2016-08-01,15:08:01,HOSE,STOCK,59.0,63.0,55.0,59.5,59.5,58.5,58.5,59.13,49.521,49.521,48.688,48.688,49.213,133060.0,7867400000.0,0.0,0.0,-0.5,-0.4161,-0.8475
BVH,2016-07-29,15:07:01,HOSE,STOCK,59.5,63.5,55.5,59.5,60.5,59.0,59.0,59.72,49.521,50.353,49.104,49.104,49.704,148750.0,8883080000.0,0.0,0.0,-0.5,-0.4161,-0.8403
BVH,2016-07-28,15:07:01,HOSE,STOCK,60.0,64.0,56.0,60.0,60.0,58.5,59.5,59.36,49.937,49.937,48.688,49.521,49.404,296000.0,17570675000.0,0.0,0.0,-0.5,-0.4161,-0.8333
BVH,2016-07-27,15:07:01,HOSE,STOCK,59.0,63.0,55.0,58.5,60.0,58.0,60.0,59.55,48.688,49.937,48.272,49.937,49.562,188990.0,11253655000.0,0.0,0.0,1.0,0.8323,1.6949
BVH,2016-07-26,15:07:01,HOSE,STOCK,59.0,63.0,55.0,58.0,59.5,57.5,59.0,58.48,48.272,49.521,47.856,49.104,48.672,299770.0,17530975000.0,0.0,0.0,0.0,0.0,0.0
BVH,2016-07-25,15:07:01,HOSE,STOCK,60.0,64.0,56.0,60.0,60.0,58.5,59.0,59.29,49.937,49.937,48.688,49.104,49.346,122910.0,7286745000.0,0.0,0.0,-1.0,-0.8323,-1.6667
BVH,2016-07-22,15:07:01,HOSE,STOCK,60.5,64.5,56.5,60.0,60.0,57.0,60.0,58.48,49.937,49.937,47.44,49.937,48.672,545100.0,31877205000.0,0.0,0.0,-0.5,-0.4161,-0.8264
BVH,2016-07-21,15:07:01,HOSE,STOCK,61.5,65.5,57.5,61.5,62.5,60.5,60.5,61.27,51.185,52.017,50.353,50.353,50.994,318580.0,19518030000.0,0.0,0.0,-1.0,-0.8323,-1.626
BVH,2016-07-20,15:07:01,HOSE,STOCK,64.0,68.0,60.0,64.0,64.5,61.5,61.5,62.41,53.266,53.682,51.185,51.185,51.942,342030.0,21345100000.0,0.0,0.0,-2.5,-2.0807,-3.9063
BVH,2016-07-19,15:07:01,HOSE,STOCK,64.0,68.0,60.0,64.5,66.5,62.0,64.0,64.88,53.682,55.346,51.601,53.266,53.998,714450.0,46356280000.0,0.0,0.0,0.0,0.0,0.0
BVH,2016-07-18,15:07:02,HOSE,STOCK,62.5,66.5,58.5,62.5,64.5,62.5,64.0,63.65,52.017,53.682,52.017,53.266,52.974,203710.0,12965505000.0,0.0,0.0,1.5,1.2484,2.4
BVH,2016-07-15,15:07:01,HOSE,STOCK,62.5,66.5,58.5,62.5,64.0,62.5,62.5,62.78,52.017,53.266,52.017,52.017,52.25,229040.0,14379580000.0,0.0,0.0,0.0,0.0,0.0
BVH,2016-07-14,15:07:01,HOSE,STOCK,62.0,66.0,58.0,62.0,66.0,62.0,62.5,64.44,51.601,54.93,51.601,52.017,53.632,1057970.0,68176405000.0,0.0,0.0,0.5,0.4161,0.8065
BVH,2016-07-13,15:07:02,HOSE,STOCK,61.0,65.0,57.0,61.5,63.0,61.0,62.0,61.76,51.185,52.433,50.769,51.601,51.401,669280.0,41333030000.0,0.0,0.0,1.0,0.8323,1.6393
BVH,2016-07-12,15:07:01,HOSE,STOCK,59.5,63.5,55.5,60.0,61.0,59.0,61.0,59.78,49.937,50.769,49.104,50.769,49.754,150350.0,8988165000.0,0.0,0.0,1.5,1.2484,2.521
BVH,2016-07-11,15:07:02,HOSE,STOCK,61.0,65.0,57.0,61.5,62.0,59.5,59.5,60.71,51.185,51.601,49.521,49.521,50.528,241850.0,14681805000.0,0.0,0.0,-1.5,-1.2484,-2.459
BVH,2016-07-08,15:07:01,HOSE,STOCK,63.0,67.0,59.0,63.0,63.0,61.0,61.0,61.91,52.433,52.433,50.769,50.769,51.526,235920.0,14606085000.0,0.0,0.0,-2.0,-1.6646,-3.1746
BVH,2016-07-07,15:07:01,HOSE,STOCK,62.5,66.5,58.5,62.5,63.0,61.5,63.0,62.26,52.017,52.433,51.185,52.433,51.818,273960.0,17056460000.0,0.0,0.0,0.5,0.4161,0.8
BVH,2016-07-06,15:07:01,HOSE,STOCK,62.5,66.5,58.5,61.5,63.0,61.5,62.5,62.32,51.185,52.433,51.185,52.017,51.868,197040.0,12280265000.0,0.0,0.0,0.0,0.0,0.0
BVH,2016-07-05,15:07:01,HOSE,STOCK,60.5,64.5,56.5,61.0,63.5,61.0,62.5,62.25,50.769,52.85,50.769,52.017,51.809,576180.0,35869510000.0,0.0,0.0,2.0,1.6645,3.3058
BVH,2016-07-04,15:07:01,HOSE,STOCK,60.0,64.0,56.0,60.5,61.0,60.0,60.5,60.42,50.353,50.769,49.937,50.353,50.286,254200.0,15359615000.0,0.0,0.0,0.5,0.4161,0.8333
BVH,2016-07-01,15:07:01,HOSE,STOCK,59.0,63.0,55.0,59.0,60.5,59.0,60.0,59.81,49.104,50.353,49.104,49.937,49.779,159280.0,9526650000.0,0.0,0.0,1.0,0.8323,1.6949
BVH,2016-06-30,15:06:01,HOSE,STOCK,59.5,63.5,55.5,59.5,60.0,59.0,59.0,59.82,49.521,49.937,49.104,49.104,49.787,219070.0,13104475000.0,0.0,0.0,-0.5,-0.4161,-0.8403
BVH,2016-06-29,15:06:01,HOSE,STOCK,58.5,62.5,54.5,58.5,59.5,58.5,59.5,59.09,48.688,49.521,48.688,49.521,49.179,213390.0,12608270000.0,0.0,0.0,1.0,0.8323,1.7094
BVH,2016-06-28,15:06:01,HOSE,STOCK,58.7,62.5,55.0,58.5,59.0,57.5,58.5,58.34,48.688,49.104,47.856,48.688,48.555,90610.0,5286265000.0,0.0,0.0,-0.2,-0.1665,-0.3407
BVH,2016-06-27,15:06:01,HOSE,STOCK,58.5,62.5,54.5,56.5,59.5,56.5,59.5,57.99,46.394,48.857,46.394,48.857,47.617,130370.0,7560225000.0,0.0,0.0,1.0,0.8211,1.7094
BVH,2016-06-24,15:06:01,HOSE,STOCK,60.5,64.5,56.5,60.5,60.5,56.5,58.5,57.69,49.678,49.678,46.394,48.036,47.371,853710.0,49249700000.0,0.0,0.0,-2.0,-1.6423,-3.3058
BVH,2016-06-23,15:06:01,HOSE,STOCK,60.0,64.0,56.0,59.5,60.5,59.5,60.5,60.29,48.857,49.678,48.857,49.678,49.506,158340.0,9546870000.0,0.0,0.0,0.5,0.4106,0.8333
BVH,2016-06-22,15:06:01,HOSE,STOCK,60.5,64.5,56.5,60.5,61.0,60.0,60.0,60.17,49.678,50.089,49.268,49.268,49.407,211900.0,12750380000.0,0.0,0.0,-0.5,-0.4106,-0.8264
BVH,2016-06-21,15:06:02,HOSE,STOCK,60.0,64.0,56.0,60.0,61.5,60.0,60.5,60.68,49.268,50.499,49.268,49.678,49.826,150610.0,9138565000.0,0.0,0.0,0.5,0.4106,0.8333
BVH,2016-06-20,15:06:01,HOSE,STOCK,59.0,63.0,55.0,59.5,60.5,59.5,60.0,59.82,48.857,49.678,48.857,49.268,49.12,189730.0,11349575000.0,0.0,0.0,1.0,0.8211,1.6949
BVH,2016-06-17,15:06:01,HOSE,STOCK,62.0,66.0,58.0,62.0,62.0,59.0,59.0,59.74,50.91,50.91,48.446,48.446,49.054,683100.0,40811270000.0,0.0,0.0,-3.0,-2.4634,-4.8387
BVH,2016-06-16,15:06:02,HOSE,STOCK,62.5,66.5,58.5,62.5,63.5,62.0,62.0,62.58,51.32,52.141,50.91,50.91,51.386,146940.0,9194820000.0,0.0,0.0,-0.5,-0.4106,-0.8
BVH,2016-06-15,15:06:01,HOSE,STOCK,62.5,66.5,58.5,62.5,62.5,61.5,62.5,61.78,51.32,51.32,50.499,51.32,50.729,166950.0,10313670000.0,0.0,0.0,0.0,0.0,0.0
BVH,2016-06-14,15:06:02,HOSE,STOCK,62.5,66.5,58.5,61.5,63.0,61.5,62.5,62.41,50.499,51.731,50.499,51.32,51.246,220970.0,13791205000.0,0.0,0.0,0.0,0.0,0.0
BVH,2016-06-13,15:06:01,HOSE,STOCK,64.5,69.0,60.0,64.0,64.0,61.5,62.5,62.39,52.552,52.552,50.499,51.32,51.23,311490.0,19433205000.0,0.0,0.0,-2.0,-1.6422,-3.1008
BVH,2016-06-10,15:06:01,HOSE,STOCK,63.0,67.0,59.0,63.0,64.5,62.5,64.5,63.88,51.731,52.963,51.32,52.963,52.453,566080.0,36160365000.0,0.0,0.0,1.5,1.2317,2.381
BVH,2016-06-09,15:06:01,HOSE,STOCK,63.0,67.0,59.0,63.0,63.5,62.0,63.0,62.8,51.731,52.141,50.91,51.731,51.567,66230.0,4159290000.0,0.0,0.0,0.0,0.0,0.0
BVH,2016-06-08,15:06:02,HOSE,STOCK,61.0,65.0,57.0,61.0,64.5,60.5,63.0,63.06,50.089,52.963,49.678,51.731,51.78,808120.0,50961600000.0,0.0,0.0,2.0,1.6423,3.2787
BVH,2016-06-07,15:06:01,HOSE,STOCK,61.0,65.0,57.0,61.0,62.0,60.5,61.0,61.12,50.089,50.91,49.678,50.089,50.187,243090.0,14858755000.0,0.0,0.0,0.0,0.0,0.0
BVH,2016-06-06,15:06:01,HOSE,STOCK,59.5,63.5,55.5,60.0,61.0,59.5,61.0,60.04,49.268,50.089,48.857,50.089,49.3,276020.0,16571795000.0,0.0,0.0,1.5,1.2317,2.521
BVH,2016-06-03,15:06:01,HOSE,STOCK,60.0,64.0,56.0,60.0,60.5,59.5,59.5,59.66,49.268,49.678,48.857,48.857,48.988,207240.0,12363130000.0,0.0,0.0,-0.5,-0.4106,-0.8333
BVH,2016-06-02,15:06:01,HOSE,STOCK,60.0,64.0,56.0,60.0,60.5,59.5,60.0,60.0,49.268,49.678,48.857,49.268,49.268,178510.0,10710350000.0,0.0,0.0,0.0,0.0,0.0
BVH,2016-06-01,15:06:01,HOSE,STOCK,60.0,64.0,56.0,59.5,61.0,59.5,60.0,60.11,48.857,50.089,48.857,49.268,49.358,188800.0,11348120000.0,0.0,0.0,0.0,0.0,0.0
BVH,2016-05-31,15:05:01,HOSE,STOCK,58.5,62.5,54.5,59.0,60.5,58.5,60.0,60.02,48.446,49.678,48.036,49.268,49.284,152120.0,9130225000.0,0.0,0.0,1.5,1.2317,2.5641
BVH,2016-05-30,15:05:01,HOSE,STOCK,58.0,62.0,54.0,58.0,59.0,58.0,58.5,58.27,47.625,48.446,47.625,48.036,47.847,182950.0,10660355000.0,0.0,0.0,0.5,0.4106,0.8621
BVH,2016-05-27,15:05:01,HOSE,STOCK,58.0,62.0,54.0,58.0,59.0,57.5,58.0,58.1,47.625,48.446,47.215,47.625,47.707,168990.0,9818940000.0,0.0,0.0,0.0,0.0,0.0
BVH,2016-05-26,15:05:02,HOSE,STOCK,59.5,63.5,55.5,59.5,60.0,58.0,58.0,58.43,48.857,49.268,47.625,47.625,47.978,318530.0,18610925000.0,0.0,0.0,-1.5,-1.2317,-2.521
BVH,2016-05-25,15:05:01,HOSE,STOCK,60.0,64.0,56.0,60.0,60.5,59.5,59.5,59.83,49.268,49.678,48.857,48.857,49.128,248820.0,14887790000.0,0.0,0.0,-0.5,-0.4106,-0.8333
BVH,2016-05-24,15:05:01,HOSE,STOCK,59.5,63.5,55.5,59.5,60.5,58.5,60.0,59.44,48.857,49.678,48.036,49.268,48.808,241520.0,14356360000.0,0.0,0.0,0.5,0.4106,0.8403
BVH,2016-05-23,15:05:01,HOSE,STOCK,59.5,63.5,55.5,60.0,60.5,59.5,59.5,59.62,49.268,49.678,48.857,48.857,48.955,209330.0,12480700000.0,0.0,0.0,0.0,0.0,0.0
BVH,2016-05-20,15:05:02,HOSE,STOCK,61.5,65.5,57.5,61.0,61.0,59.5,59.5,60.12,50.089,50.089,48.857,48.857,49.366,361110.0,21708200000.0,0.0,0.0,-2.0,-1.6423,-3.252
BVH,2016-05-19,15:05:01,HOSE,STOCK,61.5,65.5,57.5,61.0,62.0,60.5,61.5,61.26,50.089,50.91,49.678,50.499,50.302,225420.0,13808295000.0,0.0,0.0,0.0,0.0,0.0
BVH,2016-05-18,15:05:02,HOSE,STOCK,63.0,67.0,59.0,63.5,63.5,61.5,61.5,62.29,52.141,52.141,50.499,50.499,51.148,308140.0,19194920000.0,0.0,0.0,-1.5,-1.2317,-2.381
BVH,2016-05-17,15:05:01,HOSE,STOCK,59.0,63.0,55.0,59.0,63.0,59.0,63.0,60.8,48.446,51.731,48.446,51.731,49.924,900810.0,54769970000.0,0.0,0.0,4.0,3.2845,6.7797
BVH,2016-05-16,15:05:01,HOSE,STOCK,58.5,62.5,54.5,58.0,59.0,57.5,59.0,57.96,47.625,48.446,47.215,48.446,47.592,213810.0,12393150000.0,0.0,0.0,0.5,0.4106,0.8547
BVH,2016-05-13,15:05:01,HOSE,STOCK,60.0,64.0,56.0,59.0,60.0,58.0,58.5,58.8,48.446,49.268,47.625,48.036,48.282,290870.0,17102140000.0,0.0,0.0,-1.5,-1.2317,-2.5
BVH,2016-05-12,15:05:01,HOSE,STOCK,60.0,64.0,56.0,60.0,61.0,59.5,60.0,60.22,49.268,50.089,48.857,49.268,49.448,178840.0,10769880000.0,0.0,0.0,0.0,0.0,0.0
BVH,2016-05-11,15:05:01,HOSE,STOCK,58.0,62.0,54.0,59.0,60.5,58.5,60.0,59.61,48.446,49.678,48.036,49.268,48.947,330510.0,19701765000.0,0.0,0.0,2.0,1.6423,3.4483
BVH,2016-05-10,15:05:01,HOSE,STOCK,57.0,60.5,53.5,56.5,58.5,56.5,58.0,57.0,46.394,48.036,46.394,47.625,46.804,497730.0,28369860000.0,0.0,0.0,1.0,0.8211,1.7544
BVH,2016-05-09,15:05:02,HOSE,STOCK,59.5,63.5,55.5,60.0,60.5,57.0,57.0,58.8,49.268,49.678,46.804,46.804,48.282,208600.0,12265670000.0,0.0,0.0,-2.5,-2.0528,-4.2017
BVH,2016-05-06,15:05:01,HOSE,STOCK,59.5,63.5,55.5,59.5,60.0,59.0,59.5,59.27,48.857,49.268,48.446,48.857,48.668,256850.0,15222700000.0,0.0,0.0,0.0,0.0,0.0
BVH,2016-05-05,15:05:01,HOSE,STOCK,61.5,65.5,57.5,61.0,62.0,59.5,59.5,60.58,50.089,50.91,48.857,48.857,49.744,190130.0,11518510000.0,0.0,0.0,-2.0,-1.6423,-3.252
BVH,2016-05-04,15:05:02,HOSE,STOCK,61.0,65.0,57.0,60.0,61.5,59.0,61.5,60.34,49.268,50.499,48.446,50.499,49.547,249260.0,15039325000.0,0.0,0.0,0.5,0.4106,0.8197
BVH,2016-04-29,15:04:02,HOSE,STOCK,58.0,62.0,54.0,56.5,62.0,56.0,61.0,60.14,46.394,50.91,45.983,50.089,49.382,1029680.0,61921250000.0,0.0,0.0,3.0,2.4634,5.1724
BVH,2016-04-28,15:04:01,HOSE,STOCK,58.0,62.0,54.0,58.0,58.5,56.0,58.0,57.44,47.625,48.036,45.983,47.625,47.165,307390.0,17656105000.0,0.0,0.0,0.0,0.0,0.0
BVH,2016-04-27,15:04:01,HOSE,STOCK,59.5,63.5,55.5,59.5,59.5,57.0,58.0,57.87,48.857,48.857,46.804,47.625,47.519,212530.0,12299450000.0,0.0,0.0,-1.5,-1.2317,-2.521
BVH,2016-04-26,15:04:01,HOSE,STOCK,56.0,59.5,52.5,55.0,59.5,55.0,59.5,57.8,45.162,48.857,45.162,48.857,47.461,600730.0,34725000000.0,0.0,0.0,3.5,2.8739,6.25
BVH,2016-04-25,15:04:01,HOSE,STOCK,55.5,59.0,52.0,56.5,57.0,55.5,56.0,56.31,46.394,46.804,45.572,45.983,46.238,551990.0,31082865000.0,0.0,0.0,0.5,0.4106,0.9009
BVH,2016-04-22,15:04:02,HOSE,STOCK,53.0,56.5,49.3,52.5,56.0,52.5,55.5,54.92,43.109,45.983,43.109,45.572,45.096,972560.0,53411230000.0,0.0,0.0,2.5,2.0528,4.717
BVH,2016-04-21,15:04:01,HOSE,STOCK,51.5,55.0,47.9,51.0,54.5,51.0,53.0,53.17,41.877,44.751,41.877,43.52,43.659,512950.0,27272500000.0,0.0,0.0,1.5,1.2317,2.9126
BVH,2016-04-20,15:04:01,HOSE,STOCK,51.0,54.5,47.5,51.0,51.5,50.5,51.5,51.0,41.877,42.288,41.467,42.288,41.877,303900.0,15500130000.0,0.0,0.0,0.5,0.4106,0.9804
BVH,2016-04-19,15:04:02,HOSE,STOCK,52.5,56.0,48.9,52.5,52.5,51.0,51.0,51.72,43.109,43.109,41.877,41.877,42.469,253910.0,13132585000.0,0.0,0.0,-1.5,-1.2317,-2.8571
BVH,2016-04-15,15:04:01,HOSE,STOCK,52.5,56.0,48.9,52.0,53.5,52.0,52.5,52.7,42.699,43.93,42.699,43.109,43.273,336620.0,17738765000.0,0.0,0.0,0.0,0.0,0.0
BVH,2016-04-14,15:04:02,HOSE,STOCK,52.5,56.0,48.9,52.0,53.0,52.0,52.5,52.54,42.699,43.52,42.699,43.109,43.142,187250.0,9838675000.0,0.0,0.0,0.0,0.0,0.0
BVH,2016-04-13,15:04:02,HOSE,STOCK,53.0,56.5,49.3,53.5,54.0,52.0,52.5,53.18,43.93,44.341,42.699,43.109,43.667,206720.0,10993035000.0,0.0,0.0,-0.5,-0.4106,-0.9434
BVH,2016-04-12,15:04:01,HOSE,STOCK,53.0,56.5,49.3,53.5,53.5,52.5,53.0,52.87,43.93,43.93,43.109,43.52,43.413,287100.0,15178640000.0,0.0,0.0,0.0,0.0,0.0
BVH,2016-04-11,15:04:01,HOSE,STOCK,50.5,54.0,47.0,51.0,54.0,51.0,53.0,52.66,41.877,44.341,41.877,43.52,43.24,696240.0,36662665000.0,0.0,0.0,2.5,2.0528,4.9505
BVH,2016-04-08,15:04:01,HOSE,STOCK,51.5,55.0,47.9,50.5,51.5,50.5,50.5,50.82,41.467,42.288,41.467,41.467,41.73,220790.0,11220235000.0,0.0,0.0,-1.0,-0.8211,-1.9417
BVH,2016-04-07,15:04:02,HOSE,STOCK,51.0,54.5,47.5,51.5,52.0,50.5,51.5,51.32,42.288,42.699,41.467,42.288,42.14,295870.0,15183990000.0,0.0,0.0,0.5,0.4106,0.9804
BVH,2016-04-06,15:04:01,HOSE,STOCK,50.5,54.0,47.0,50.5,51.5,50.0,51.0,50.85,41.467,42.288,41.056,41.877,41.754,239380.0,12171870000.0,0.0,0.0,0.5,0.4106,0.9901
BVH,2016-04-05,15:04:02,HOSE,STOCK,49.3,52.5,45.9,49.7,50.5,49.4,50.5,49.77,40.81,41.467,40.564,41.467,40.867,154900.0,7709676000.0,0.0,0.0,1.2,0.9854,2.4341
BVH,2016-04-04,15:04:01,HOSE,STOCK,49.2,52.5,45.8,49.2,50.0,49.2,49.3,49.537,40.399,41.056,40.399,40.481,40.676,268770.0,13314000000.0,0.0,0.0,0.1,0.0821,0.2033
BVH,2016-04-01,15:04:02,HOSE,STOCK,50.0,53.5,46.5,50.0,50.5,49.0,49.2,49.46,41.056,41.467,40.235,40.399,40.613,451340.0,22322906000.0,0.0,0.0,-0.8,-0.6569,-1.6
BVH,2016-03-31,15:03:01,HOSE,STOCK,51.5,55.0,47.9,51.5,52.0,50.0,50.0,50.86,42.288,42.699,41.056,41.056,41.762,411350.0,20922490000.0,0.0,0.0,-1.5,-1.2317,-2.9126
BVH,2016-03-30,15:03:02,HOSE,STOCK,52.0,55.5,48.4,51.5,52.5,51.5,51.5,51.92,42.288,43.109,42.288,42.288,42.633,482800.0,25066945000.0,0.0,0.0,-0.5,-0.4106,-0.9615
BVH,2016-03-29,15:03:01,HOSE,STOCK,53.0,56.5,49.3,53.0,53.5,52.0,52.0,52.66,43.52,43.93,42.699,42.699,43.24,434180.0,22862805000.0,0.0,0.0,-1.0,-0.8211,-1.8868
BVH,2016-03-28,15:03:01,HOSE,STOCK,52.5,56.0,48.9,52.5,53.5,52.5,53.0,53.11,43.109,43.93,43.109,43.52,43.61,352460.0,18719125000.0,0.0,0.0,0.5,0.4106,0.9524
BVH,2016-03-25,15:03:01,HOSE,STOCK,52.5,56.0,48.9,52.5,53.0,51.5,52.5,52.22,43.109,43.52,42.288,43.109,42.879,364710.0,19045020000.0,0.0,0.0,0.0,0.0,0.0
BVH,2016-03-24,15:03:01,HOSE,STOCK,53.5,57.0,49.8,53.5,54.0,52.5,52.5,53.01,43.93,44.341,43.109,43.109,43.528,527980.0,27990650000.0,0.0,0.0,-1.0,-0.8211,-1.8692
BVH,2016-03-23,15:03:01,HOSE,STOCK,53.5,57.0,49.8,53.0,53.5,52.0,53.5,52.86,43.52,43.93,42.699,43.93,43.405,573570.0,30320380000.0,0.0,0.0,0.0,0.0,0.0
BVH,2016-03-22,15:03:01,HOSE,STOCK,53.0,56.5,49.3,53.0,53.5,52.0,53.5,52.88,43.52,43.93,42.699,43.93,43.421,364970.0,19300745000.0,0.0,0.0,0.5,0.4106,0.9434
BVH,2016-03-21,15:03:02,HOSE,STOCK,53.5,57.0,49.8,53.5,54.5,53.0,53.0,53.58,43.93,44.751,43.52,43.52,43.996,438280.0,23482340000.0,0.0,0.0,-0.5,-0.4106,-0.9346
BVH,2016-03-18,15:03:01,HOSE,STOCK,54.0,57.5,50.5,54.0,54.5,53.0,53.5,53.5,44.341,44.751,43.52,43.93,43.93,1087460.0,58175915000.0,0.0,0.0,-0.5,-0.4106,-0.9259
BVH,2016-03-17,15:03:02,HOSE,STOCK,53.5,57.0,49.8,54.5,55.5,54.0,54.0,54.67,44.751,45.572,44.341,44.341,44.891,555230.0,30356970000.0,0.0,0.0,0.5,0.4106,0.9346
BVH,2016-03-16,15:03:01,HOSE,STOCK,53.0,56.5,49.3,53.0,54.5,52.5,53.5,53.4,43.52,44.751,43.109,43.93,43.848,554590.0,29614995000.0,0.0,0.0,0.5,0.4106,0.9434
BVH,2016-03-15,15:03:02,HOSE,STOCK,53.0,56.5,49.3,53.0,54.0,52.0,53.0,52.99,43.52,44.341,42.699,43.52,43.511,926820.0,49116105000.0,0.0,0.0,0.0,0.0,0.0
BVH,2016-03-14,15:03:02,HOSE,STOCK,53.5,57.0,49.8,54.0,54.0,53.0,53.0,53.51,44.341,44.341,43.52,43.52,43.938,595360.0,31860595000.0,0.0,0.0,-0.5,-0.4106,-0.9346
BVH,2016-03-11,15:03:01,HOSE,STOCK,53.5,57.0,49.8,53.5,55.0,53.0,53.5,54.01,43.93,45.162,43.52,43.93,44.349,435990.0,23547230000.0,0.0,0.0,0.0,0.0,0.0
BVH,2016-03-10,15:03:01,HOSE,STOCK,53.0,56.5,49.3,53.0,54.0,52.5,53.5,53.39,43.52,44.341,43.109,43.93,43.84,544550.0,29071755000.0,0.0,0.0,0.5,0.4106,0.9434
BVH,2016-03-09,15:03:01,HOSE,STOCK,54.5,58.0,51.0,54.0,54.5,52.0,53.0,53.35,44.341,44.751,42.699,43.52,43.807,795400.0,42436105000.0,0.0,0.0,-1.5,-1.2317,-2.7523
BVH,2016-03-08,15:03:01,HOSE,STOCK,55.0,58.5,51.5,55.0,55.0,54.0,54.5,54.62,45.162,45.162,44.341,44.751,44.85,569320.0,31095940000.0,0.0,0.0,-0.5,-0.4106,-0.9091
BVH,2016-03-07,15:03:01,HOSE,STOCK,55.0,58.5,51.5,55.5,57.0,55.0,55.0,55.75,45.572,46.804,45.162,45.162,45.778,704530.0,39277280000.0,0.0,0.0,0.0,0.0,0.0
BVH,2016-03-04,15:03:02,HOSE,STOCK,55.0,58.5,51.5,55.0,56.5,54.5,55.0,55.51,45.162,46.394,44.751,45.162,45.581,503820.0,27967490000.0,0.0,0.0,0.0,0.0,0.0
BVH,2016-03-03,15:03:02,HOSE,STOCK,55.5,59.0,52.0,56.5,57.5,55.0,55.0,55.75,46.394,47.215,45.162,45.162,45.778,548370.0,30569055000.0,0.0,0.0,-0.5,-0.4106,-0.9009
BVH,2016-03-02,15:03:02,HOSE,STOCK,52.0,55.5,48.4,52.5,55.5,52.0,55.5,54.04,43.109,45.572,42.699,45.572,44.374,1304180.0,70477805000.0,0.0,0.0,3.5,2.8739,6.7308
BVH,2016-03-01,15:03:02,HOSE,STOCK,52.0,55.5,48.4,51.5,53.0,51.5,52.0,52.03,42.288,43.52,42.288,42.699,42.723,347610.0,18087500000.0,0.0,0.0,0.0,0.0,0.0
BVH,2016-02-29,15:02:02,HOSE,STOCK,52.0,55.5,48.4,52.5,52.5,51.5,52.0,51.86,43.109,43.109,42.288,42.699,42.584,258710.0,13417645000.0,0.0,0.0,0.0,0.0,0.0
BVH,2016-02-26,15:02:02,HOSE,STOCK,51.5,55.0,47.9,52.0,53.0,51.0,52.0,52.1,42.699,43.52,41.877,42.699,42.781,342560.0,17846090000.0,0.0,0.0,0.5,0.4106,0.9709
BVH,2016-02-25,15:02:02,HOSE,STOCK,53.0,56.5,49.3,53.5,54.0,51.5,51.5,52.36,43.93,44.341,42.288,42.288,42.994,449010.0,23511605000.0,0.0,0.0,-1.5,-1.2317,-2.8302
BVH,2016-02-24,15:02:01,HOSE,STOCK,52.0,55.5,48.4,51.5,53.0,51.0,53.0,52.24,42.288,43.52,41.877,43.52,42.896,619360.0,32357560000.0,0.0,0.0,1.0,0.8211,1.9231
BVH,2016-02-23,15:02:01,HOSE,STOCK,51.5,55.0,47.9,52.0,53.5,51.5,52.0,52.29,42.699,43.93,42.288,42.699,42.937,505410.0,26430355000.0,0.0,0.0,0.5,0.4106,0.9709
BVH,2016-02-22,15:02:02,HOSE,STOCK,50.0,53.5,46.5,51.0,52.0,49.9,51.5,50.41,41.877,42.699,40.974,42.288,41.393,674870.0,34391314000.0,0.0,0.0,1.5,1.2317,3.0
BVH,2016-02-19,15:02:02,HOSE,STOCK,49.7,53.0,46.3,49.7,51.5,49.7,50.0,50.41,40.81,42.288,40.81,41.056,41.393,1177350.0,59348499000.0,0.0,0.0,0.3,0.2463,0.6036
BVH,2016-02-18,15:02:02,HOSE,STOCK,49.5,52.5,46.1,49.9,50.0,49.6,49.7,49.86,40.974,41.056,40.728,40.81,40.941,197540.0,9849836000.0,0.0,0.0,0.2,0.1642,0.404
BVH,2016-02-17,15:02:02,HOSE,STOCK,49.6,53.0,46.2,49.9,51.0,49.5,49.5,49.92,40.974,41.877,40.646,40.646,40.991,400440.0,19987997000.0,0.0,0.0,-0.1,-0.0821,-0.2016
BVH,2016-02-16,15:02:02,HOSE,STOCK,49.5,52.5,46.1,50.0,50.0,49.3,49.6,49.72,41.056,41.056,40.481,40.728,40.826,212390.0,10561043000.0,0.0,0.0,0.1,0.0821,0.202
BVH,2016-02-15,15:02:02,HOSE,STOCK,49.9,53.0,46.5,49.5,49.7,49.2,49.5,49.47,40.646,40.81,40.399,40.646,40.621,159780.0,7904243000.0,0.0,0.0,-0.4,-0.3285,-0.8016
BVH,2016-02-05,15:02:01,HOSE,STOCK,49.7,53.0,46.3,49.7,50.0,49.7,49.9,49.88,40.81,41.056,40.81,40.974,40.958,90510.0,4514953000.0,0.0,0.0,0.2,0.1642,0.4024
BVH,2016-02-04,15:02:02,HOSE,STOCK,49.3,52.5,45.9,50.0,51.0,49.7,49.7,50.19,41.056,41.877,40.81,40.81,41.212,181150.0,9091477000.0,0.0,0.0,0.4,0.3285,0.8114
BVH,2016-02-03,15:02:02,HOSE,STOCK,49.8,53.0,46.4,49.5,49.8,49.2,49.3,49.41,40.646,40.892,40.399,40.481,40.572,177620.0,8775618000.0,0.0,0.0,-0.5,-0.4106,-1.004
BVH,2016-02-02,15:02:02,HOSE,STOCK,50.0,53.5,46.5,49.7,51.0,49.7,49.8,50.03,40.81,41.877,40.81,40.892,41.081,240570.0,12034654000.0,0.0,0.0,-0.2,-0.1642,-0.4
BVH,2016-02-01,15:02:02,HOSE,STOCK,51.0,54.5,47.5,51.0,52.0,50.0,50.0,51.28,41.877,42.699,41.056,41.056,42.107,555480.0,28485705000.0,0.0,0.0,-1.0,-0.8211,-1.9608
BVH,2016-01-29,15:01:02,HOSE,STOCK,49.6,53.0,46.2,49.5,51.0,49.0,51.0,50.06,40.646,41.877,40.235,41.877,41.106,453880.0,22722514000.0,0.0,0.0,1.4,1.1496,2.8226
BVH,2016-01-28,15:01:02,HOSE,STOCK,50.0,53.5,46.5,50.0,50.0,49.4,49.6,49.64,41.056,41.056,40.564,40.728,40.761,302350.0,15008185000.0,0.0,0.0,-0.4,-0.3285,-0.8
BVH,2016-01-27,15:01:02,HOSE,STOCK,49.0,52.0,45.6,49.5,50.0,49.3,50.0,49.7,40.646,41.056,40.481,41.056,40.81,360250.0,17906101000.0,0.0,0.0,1.0,0.8211,2.0408
BVH,2016-01-26,15:01:02,HOSE,STOCK,50.0,53.5,46.5,49.0,49.9,48.5,49.0,49.17,40.235,40.974,39.825,40.235,40.375,550260.0,27054566000.0,0.0,0.0,-1.0,-0.8211,-2.0
BVH,2016-01-25,15:01:01,HOSE,STOCK,46.9,50.0,43.7,47.5,50.0,47.5,50.0,49.25,39.003,41.056,39.003,41.056,40.44,608840.0,29982658000.0,0.0,0.0,3.1,2.5455,6.6098
BVH,2016-01-22,15:01:01,HOSE,STOCK,46.4,49.6,43.2,47.1,47.5,46.0,46.9,46.64,38.675,39.003,37.772,38.511,38.297,409980.0,19119641000.0,0.0,0.0,0.5,0.4106,1.0776
BVH,2016-01-21,15:01:02,HOSE,STOCK,47.1,50.0,43.9,47.1,47.7,46.1,46.4,46.9,38.675,39.168,37.854,38.1,38.511,356990.0,16743856000.0,0.0,0.0,-0.7,-0.5748,-1.4862
BVH,2016-01-20,15:01:01,HOSE,STOCK,47.9,51.0,44.6,47.5,48.7,47.0,47.1,47.69,39.003,39.989,38.593,38.675,39.159,402390.0,19189063000.0,0.0,0.0,-0.8,-0.6569,-1.6701
BVH,2016-01-19,15:01:02,HOSE,STOCK,45.6,48.7,42.5,45.8,47.9,45.8,47.9,46.91,37.608,39.332,37.608,39.332,38.519,587970.0,27580865000.0,0.0,0.0,2.3,1.8886,5.0439
BVH,2016-01-18,15:01:02,HOSE,STOCK,47.3,50.5,44.0,46.9,46.9,44.4,45.6,45.61,38.511,38.511,36.458,37.443,37.452,558430.0,25469277000.0,0.0,0.0,-1.7,-1.3959,-3.5941
BVH,2016-01-15,15:01:01,HOSE,STOCK,49.0,52.0,45.6,49.0,49.4,47.0,47.3,47.95,40.235,40.564,38.593,38.839,39.373,615810.0,29527919000.0,0.0,0.0,-1.7,-1.3959,-3.4694
BVH,2016-01-14,15:01:16,HOSE,STOCK,51.0,52.0,45.6,50.0,50.0,48.3,49.0,49.31,41.056,41.056,39.66,40.235,40.49,794680.0,39183053000.0,0.0,0.0,-2.0,-1.6422,-3.9216
BVH,2016-01-13,15:01:11,HOSE,STOCK,51.5,54.5,47.5,52.0,52.0,51.0,51.0,51.34,42.699,42.699,41.877,41.877,42.157,161710.0,8302690000.0,0.0,0.0,-0.5,-0.4106,-0.9709
BVH,2016-01-12,15:01:18,HOSE,STOCK,50.5,55.0,47.9,51.0,51.5,50.5,51.5,50.9,41.877,42.288,41.467,42.288,41.795,409830.0,20858380000.0,0.0,0.0,1.0,0.8211,1.9802
BVH,2016-01-11,15:01:11,HOSE,STOCK,52.0,54.0,47.0,51.0,52.0,50.5,50.5,51.33,41.877,42.699,41.467,41.467,42.148,449450.0,23071890000.0,0.0,0.0,-1.5,-1.2317,-2.8846
BVH,2016-01-08,15:01:14,HOSE,STOCK,52.0,55.5,48.4,51.0,52.5,50.5,52.0,51.46,41.877,43.109,41.467,42.699,42.255,475240.0,24457655000.0,0.0,0.0,0.0,0.0,0.0
BVH,2016-01-07,15:01:10,HOSE,STOCK,53.5,55.5,48.4,53.0,53.5,51.5,52.0,52.26,43.52,43.93,42.288,42.699,42.912,660450.0,34515805000.0,0.0,0.0,-1.5,-1.2317,-2.8037
BVH,2016-01-06,16:01:51,HOSE,STOCK,52.0,57.0,49.8,52.5,54.0,52.5,53.5,53.05,43.109,44.341,43.109,43.93,43.561,382260.0,20280510000.0,0.0,0.0,1.5,1.2317,2.8846
BVH,2016-01-05,15:01:15,HOSE,STOCK,53.0,55.5,48.4,52.5,54.0,52.0,52.0,52.98,43.109,44.341,42.699,42.699,43.503,580200.0,30737000000.0,0.0,0.0,-1.0,-0.8211,-1.8868
BVH,2016-01-04,15:01:14,HOSE,STOCK,53.0,56.5,49.3,53.0,54.0,52.0,53.0,52.86,43.52,44.341,42.699,43.52,43.405,316600.0,16734905000.0,0.0,0.0,0.0,0.0,0.0
BVH,2015-12-31,15:12:16,HOSE,STOCK,53.0,56.5,49.3,53.5,54.5,53.0,53.0,54.66,43.93,44.751,43.52,43.52,44.883,265720.0,14195510000.0,0.0,0.0,0.0,0.0,0.0
BVH,2015-12-30,16:12:20,HOSE,STOCK,54.0,57.5,50.5,55.0,56.0,53.5,54.0,54.66,45.162,45.983,43.93,44.341,44.883,615410.0,33637215000.0,0.0,0.0,0.0,0.0,0.0
BVH,2015-12-29,15:12:11,HOSE,STOCK,52.0,57.5,50.5,51.5,54.5,51.5,54.0,53.44,42.288,44.751,42.288,44.341,43.881,690020.0,36871705000.0,0.0,0.0,2.0,1.6423,3.8462
BVH,2015-12-28,15:12:10,HOSE,STOCK,52.5,55.5,48.4,53.0,53.5,52.0,52.0,52.67,43.52,43.93,42.699,42.699,43.249,426420.0,22460975000.0,0.0,0.0,-0.5,-0.4106,-0.9524
BVH,2015-12-25,15:12:10,HOSE,STOCK,51.5,56.0,48.9,51.5,54.0,51.5,52.5,52.68,42.288,44.341,42.288,43.109,43.257,685430.0,36108020000.0,0.0,0.0,1.0,0.8211,1.9417
BVH,2015-12-24,15:12:13,HOSE,STOCK,51.0,55.0,47.9,51.5,52.0,51.0,51.5,51.35,42.288,42.699,41.877,42.288,42.165,325930.0,16734925000.0,0.0,0.0,0.5,0.4106,0.9804
BVH,2015-12-23,15:12:14,HOSE,STOCK,51.0,54.5,47.5,50.5,51.5,50.5,51.0,51.12,41.467,42.288,41.467,41.877,41.976,654650.0,33468140000.0,0.0,0.0,0.0,0.0,0.0
BVH,2015-12-22,15:12:25,HOSE,STOCK,51.5,54.5,47.5,52.0,52.0,50.5,51.0,51.29,42.699,42.699,41.467,41.877,42.116,342860.0,17586080000.0,0.0,0.0,-0.5,-0.4106,-0.9709
BVH,2015-12-21,16:12:41,HOSE,STOCK,50.0,55.0,47.9,52.0,52.5,51.0,51.5,51.92,42.699,43.109,41.877,42.288,42.633,496190.0,25760845000.0,0.0,0.0,1.5,1.2317,3.0
BVH,2015-12-18,15:12:19,HOSE,STOCK,53.0,53.5,46.5,53.0,55.5,50.0,50.0,50.71,43.52,45.572,41.056,41.056,41.639,2504980.0,127026070000.0,0.0,0.0,-3.0,-2.4634,-5.6604
BVH,2015-12-17,15:12:54,HOSE,STOCK,49.8,56.5,49.3,50.5,53.0,50.5,53.0,52.13,41.467,43.52,41.467,43.52,42.805,954210.0,49742385000.0,0.0,0.0,3.2,2.6276,6.4257
BVH,2015-12-16,15:12:08,HOSE,STOCK,49.8,53.0,46.4,50.0,51.0,49.8,49.8,50.16,41.056,41.877,40.892,40.892,41.188,999170.0,50120213000.0,0.0,0.0,0.0,0.0,0.0
BVH,2015-12-15,15:12:14,HOSE,STOCK,49.4,53.0,46.4,49.5,51.0,49.4,49.8,49.97,40.646,41.877,40.564,40.892,41.032,293900.0,14687458000.0,0.0,0.0,0.4,0.3284,0.8097
BVH,2015-12-14,15:12:09,HOSE,STOCK,51.0,52.5,46.0,51.0,52.0,49.4,49.4,50.38,41.877,42.699,40.564,40.564,41.368,305650.0,15398221000.0,0.0,0.0,-1.6,-1.3138,-3.1373
BVH,2015-12-11,15:12:08,HOSE,STOCK,50.5,54.5,47.5,50.5,53.5,49.5,51.0,51.75,41.467,43.93,40.646,41.877,42.493,217590.0,11261085000.0,0.0,0.0,0.5,0.4106,0.9901
BVH,2015-12-10,15:12:28,HOSE,STOCK,52.0,54.0,47.0,52.5,53.0,50.5,50.5,51.51,43.109,43.52,41.467,41.467,42.296,161970.0,8342905000.0,0.0,0.0,-1.5,-1.2317,-2.8846
BVH,2015-12-09,15:12:59,HOSE,STOCK,51.0,55.5,48.4,52.5,54.5,52.0,52.0,53.1,43.109,44.751,42.699,42.699,43.602,598300.0,31769785000.0,0.0,0.0,1.0,0.8211,1.9608
BVH,2015-12-08,15:12:09,HOSE,STOCK,48.0,54.5,47.5,48.0,51.0,47.1,51.0,49.42,39.414,41.877,38.675,41.877,40.58,285040.0,14087529000.0,0.0,0.0,3.0,2.4634,6.25
BVH,2015-12-07,15:12:51,HOSE,STOCK,49.5,51.0,44.7,49.5,49.5,48.0,48.0,48.3,40.646,40.646,39.414,39.414,39.66,229240.0,11073256000.0,0.0,0.0,-1.5,-1.2317,-3.0303
BVH,2015-12-04,15:12:07,HOSE,STOCK,50.0,52.5,46.1,50.0,50.0,49.0,49.5,49.31,41.056,41.056,40.235,40.646,40.49,181600.0,8954350000.0,0.0,0.0,-0.5,-0.4106,-1.0
BVH,2015-12-03,15:12:10,HOSE,STOCK,50.5,53.5,46.5,50.5,51.5,50.0,50.0,50.63,41.467,42.288,41.056,41.056,41.574,201520.0,10202160000.0,0.0,0.0,-0.5,-0.4106,-0.9901
BVH,2015-12-02,15:12:07,HOSE,STOCK,52.0,54.0,47.0,53.5,53.5,50.0,50.5,51.36,43.93,43.93,41.056,41.467,42.173,370080.0,19007885000.0,0.0,0.0,-1.5,-1.2317,-2.8846
BVH,2015-12-01,15:12:32,HOSE,STOCK,54.0,55.5,48.4,54.5,55.5,52.0,52.0,53.66,44.751,45.572,42.699,42.699,44.062,356110.0,19107515000.0,0.0,0.0,-2.0,-1.6423,-3.7037
BVH,2015-11-30,15:11:07,HOSE,STOCK,55.0,57.5,50.5,55.0,56.5,54.0,54.0,54.84,45.162,46.394,44.341,44.341,45.03,255200.0,13995015000.0,0.0,0.0,-1.0,-0.8211,-1.8182
BVH,2015-11-27,15:11:08,HOSE,STOCK,57.5,58.5,51.5,57.5,58.0,55.0,55.0,56.17,47.215,47.625,45.162,45.162,46.123,215390.0,12097695000.0,0.0,0.0,-2.5,-2.0528,-4.3478
BVH,2015-11-26,15:11:08,HOSE,STOCK,57.0,61.5,53.5,57.0,58.5,56.5,57.5,57.48,46.804,48.036,46.394,47.215,47.198,138150.0,7941510000.0,0.0,0.0,0.5,0.4106,0.8772
BVH,2015-11-25,15:11:10,HOSE,STOCK,57.0,60.5,53.5,57.0,58.0,56.0,57.0,56.98,46.804,47.625,45.983,46.804,46.788,192780.0,10983955000.0,0.0,0.0,0.0,0.0,0.0
BVH,2015-11-24,15:11:08,HOSE,STOCK,58.0,60.5,53.5,57.5,58.0,56.0,57.0,57.17,47.215,47.625,45.983,46.804,46.944,217940.0,12459795000.0,0.0,0.0,-1.0,-0.8211,-1.7241
BVH,2015-11-23,15:11:19,HOSE,STOCK,59.0,62.0,54.0,59.0,59.5,58.0,58.0,58.74,48.446,48.857,47.625,47.625,48.233,141470.0,8310410000.0,0.0,0.0,-1.0,-0.8211,-1.6949
BVH,2015-11-20,15:11:08,HOSE,STOCK,57.5,63.0,55.0,58.5,59.0,58.0,59.0,58.55,48.036,48.446,47.625,48.446,48.077,121190.0,7095400000.0,0.0,0.0,1.5,1.2317,2.6087
BVH,2015-11-19,15:11:08,HOSE,STOCK,57.0,61.5,53.5,56.0,59.0,56.0,57.5,57.88,45.983,48.446,45.983,47.215,47.527,117410.0,6795425000.0,0.0,0.0,0.5,0.4106,0.8772
BVH,2015-11-18,15:11:08,HOSE,STOCK,57.0,60.5,53.5,57.5,57.5,56.5,57.0,57.06,47.215,47.215,46.394,46.804,46.853,164370.0,9378150000.0,0.0,0.0,0.0,0.0,0.0
BVH,2015-11-17,15:11:14,HOSE,STOCK,58.0,60.5,53.5,58.5,58.5,57.0,57.0,57.76,48.036,48.036,46.804,46.804,47.428,199300.0,11511660000.0,0.0,0.0,-1.0,-0.8211,-1.7241
BVH,2015-11-16,15:11:08,HOSE,STOCK,59.0,62.0,54.0,58.5,59.5,57.5,58.0,58.19,48.036,48.857,47.215,47.625,47.781,163180.0,9495570000.0,0.0,0.0,-1.0,-0.8211,-1.6949
BVH,2015-11-13,15:11:35,HOSE,STOCK,58.5,63.0,55.0,58.0,60.0,58.0,59.0,59.11,47.625,49.268,47.625,48.446,48.537,143900.0,8505545000.0,0.0,0.0,0.5,0.4106,0.8547
BVH,2015-11-12,16:11:10,HOSE,STOCK,57.5,62.5,54.5,57.5,59.5,57.0,58.5,58.09,47.215,48.857,46.804,48.036,47.699,255640.0,14850115000.0,0.0,0.0,1.0,0.8211,1.7391
BVH,2015-11-11,16:11:04,HOSE,STOCK,58.0,61.5,53.5,58.0,59.5,57.5,57.5,58.19,47.625,48.857,47.215,47.215,47.781,233990.0,13616500000.0,0.0,0.0,-0.5,-0.4106,-0.8621
BVH,2015-11-10,15:11:07,HOSE,STOCK,60.0,62.0,54.0,60.0,61.5,58.0,58.0,59.27,49.268,50.499,47.625,47.625,48.668,218530.0,12951605000.0,0.0,0.0,-2.0,-1.6422,-3.3333
BVH,2015-11-09,15:11:54,HOSE,STOCK,62.0,64.0,56.0,62.0,62.5,60.0,60.0,61.26,50.91,51.32,49.268,49.268,50.302,296270.0,18149005000.0,0.0,0.0,-2.0,-1.6423,-3.2258
BVH,2015-11-06,15:11:08,HOSE,STOCK,65.0,66.0,58.0,65.0,65.0,61.5,62.0,62.82,53.373,53.373,50.499,50.91,51.583,151160.0,9495755000.0,0.0,0.0,-3.0,-2.4634,-4.6154
BVH,2015-11-05,15:11:23,HOSE,STOCK,63.0,69.5,60.5,61.5,65.5,61.0,65.0,63.39,50.499,53.784,50.089,53.373,52.051,293140.0,18583335000.0,0.0,0.0,2.0,1.6422,3.1746
BVH,2015-11-04,15:11:08,HOSE,STOCK,63.0,67.0,59.0,64.5,64.5,62.0,63.0,63.5,52.963,52.963,50.91,51.731,52.141,207830.0,13196795000.0,0.0,0.0,0.0,0.0,0.0
BVH,2015-11-03,15:11:09,HOSE,STOCK,59.0,67.0,59.0,59.0,63.0,58.5,63.0,60.95,48.446,51.731,48.036,51.731,50.048,378700.0,23081275000.0,0.0,0.0,4.0,3.2845,6.7797
BVH,2015-11-02,15:11:09,HOSE,STOCK,61.0,63.0,55.0,61.5,62.0,59.0,59.0,60.58,50.499,50.91,48.446,48.446,49.744,155960.0,9448760000.0,0.0,0.0,-2.0,-1.6422,-3.2787
BVH,2015-10-30,15:10:09,HOSE,STOCK,60.0,65.0,57.0,60.0,62.0,59.0,61.0,60.79,49.268,50.91,48.446,50.089,49.916,468240.0,28462125000.0,0.0,0.0,1.0,0.8211,1.6667
BVH,2015-10-29,15:10:08,HOSE,STOCK,57.5,64.0,56.0,58.5,60.0,57.5,60.0,58.67,48.036,49.268,47.215,49.268,48.175,196080.0,11503240000.0,0.0,0.0,2.5,2.0528,4.3478
BVH,2015-10-28,15:10:08,HOSE,STOCK,59.0,61.5,53.5,59.0,59.5,57.5,57.5,58.49,48.446,48.857,47.215,47.215,48.028,225540.0,13191795000.0,0.0,0.0,-1.5,-1.2317,-2.5424
BVH,2015-10-27,15:10:45,HOSE,STOCK,60.0,63.0,55.0,59.0,60.0,58.0,59.0,58.97,48.446,49.268,47.625,48.446,48.422,275490.0,16244685000.0,0.0,0.0,-1.0,-0.8211,-1.6667
BVH,2015-10-26,15:10:10,HOSE,STOCK,59.5,64.0,56.0,61.0,62.0,59.5,60.0,60.58,50.089,50.91,48.857,49.268,49.744,506040.0,30653720000.0,0.0,0.0,0.5,0.4106,0.8403
BVH,2015-10-23,15:10:10,HOSE,STOCK,57.5,63.5,55.5,59.0,61.0,58.5,59.5,59.79,48.446,50.089,48.036,48.857,49.095,501140.0,29965090000.0,0.0,0.0,2.0,1.6423,3.4783
BVH,2015-10-22,15:10:08,HOSE,STOCK,57.0,61.5,53.5,57.0,58.0,56.0,57.5,57.19,46.804,47.625,45.983,47.215,46.96,323980.0,18527905000.0,0.0,0.0,0.5,0.4106,0.8772
BVH,2015-10-21,15:10:08,HOSE,STOCK,56.0,60.5,53.5,57.0,58.0,56.5,57.0,57.27,46.804,47.625,46.394,46.804,47.026,276230.0,15819585000.0,0.0,0.0,1.0,0.8211,1.7857
BVH,2015-10-20,15:10:07,HOSE,STOCK,54.5,59.5,52.5,54.0,57.0,53.0,56.0,55.19,44.341,46.804,43.52,45.983,45.318,760360.0,41963475000.0,0.0,0.0,1.5,1.2317,2.7523
BVH,2015-10-19,15:10:08,HOSE,STOCK,57.0,58.0,51.0,57.0,58.0,54.5,54.5,56.39,46.804,47.625,44.751,44.751,46.303,500060.0,28196945000.0,0.0,0.0,-2.5,-2.0528,-4.386
BVH,2015-10-16,15:10:34,HOSE,STOCK,60.0,64.0,56.0,61.0,63.5,57.0,57.0,61.08,50.089,52.141,46.804,46.804,50.154,402380.0,24576125000.0,0.0,0.0,-3.0,-2.4634,-5.0
BVH,2015-10-15,15:10:02,HOSE,STOCK,57.5,64.0,56.0,57.5,61.0,57.5,60.0,58.98,47.215,50.089,47.215,49.268,48.43,490490.0,28928525000.0,0.0,0.0,2.5,2.0528,4.3478
BVH,2015-10-14,15:10:02,HOSE,STOCK,60.0,64.0,56.0,58.0,59.0,56.0,57.5,57.64,47.625,48.446,45.983,47.215,47.33,736760.0,42463895000.0,0.0,0.0,-2.5,-2.0528,-4.1667
BVH,2015-10-13,15:10:02,HOSE,STOCK,60.0,64.0,56.0,58.0,60.0,58.0,60.0,58.91,47.625,49.268,47.625,49.268,48.372,525530.0,30960335000.0,0.0,0.0,0.0,0.0,0.0
BVH,2015-10-12,15:10:03,HOSE,STOCK,56.5,64.0,56.0,57.0,60.0,55.5,60.0,58.11,46.804,49.268,45.572,49.268,47.716,1175170.0,68292005000.0,0.0,0.0,3.5,2.874,6.1947
BVH,2015-10-09,15:10:03,HOSE,STOCK,54.0,60.0,53.0,55.5,57.0,54.5,56.5,55.67,45.572,46.804,44.751,46.394,45.712,638270.0,35533810000.0,0.0,0.0,2.5,2.0528,4.6296
BVH,2015-10-08,15:10:03,HOSE,STOCK,51.0,57.5,50.5,52.5,54.5,52.0,54.0,53.96,43.109,44.751,42.699,44.341,44.308,941380.0,50800075000.0,0.0,0.0,3.0,2.4634,5.8824
BVH,2015-10-07,15:10:02,HOSE,STOCK,51.0,54.5,47.5,51.5,54.0,51.0,51.0,52.8,42.288,44.341,41.877,41.877,43.355,1057710.0,55845465000.0,0.0,0.0,0.0,0.0,0.0
BVH,2015-10-06,15:10:03,HOSE,STOCK,48.0,54.5,47.5,49.3,51.0,49.1,51.0,50.12,40.481,41.877,40.317,41.877,41.155,465970.0,23356473000.0,0.0,0.0,3.0,2.4634,6.25
BVH,2015-10-05,15:10:02,HOSE,STOCK,46.0,51.0,44.7,46.3,48.0,46.3,48.0,47.34,38.018,39.414,38.018,39.414,38.872,370370.0,17534884000.0,0.0,0.0,2.0,1.6423,4.3478
BVH,2015-10-02,15:10:03,HOSE,STOCK,46.3,49.2,42.8,46.1,46.5,45.9,46.0,46.08,37.854,38.182,37.69,37.772,37.837,270260.0,12453514000.0,0.0,0.0,-0.3,-0.2463,-0.6479
BVH,2015-10-01,15:10:03,HOSE,STOCK,46.5,49.5,43.1,47.0,47.0,46.0,46.3,46.51,38.593,38.593,37.772,38.018,38.191,148500.0,6906347000.0,0.0,0.0,-0.2,-0.1642,-0.4301
BVH,2015-09-30,15:09:03,HOSE,STOCK,46.5,49.7,43.3,46.9,47.4,46.5,46.5,47.0,38.511,38.921,38.182,38.182,38.593,151440.0,7118387000.0,0.0,0.0,0.0,0.0,0.0
BVH,2015-09-29,15:09:02,HOSE,STOCK,46.5,49.7,43.3,46.2,46.5,45.6,46.5,46.02,37.936,38.182,37.443,38.182,37.788,241010.0,11091442000.0,0.0,0.0,0.0,0.0,0.0
BVH,2015-09-28,15:09:02,HOSE,STOCK,47.0,49.7,43.3,47.7,47.7,46.5,46.5,47.01,39.168,39.168,38.182,38.182,38.601,293490.0,13797173000.0,0.0,0.0,-0.5,-0.4106,-1.0638
BVH,2015-09-25,15:09:03,HOSE,STOCK,48.0,50.0,43.8,48.1,48.3,47.0,47.0,47.43,39.496,39.66,38.593,38.593,38.946,418880.0,19866750000.0,0.0,0.0,-1.0,-0.8211,-2.0833
BVH,2015-09-24,15:09:02,HOSE,STOCK,49.0,51.0,44.7,49.4,49.4,48.0,48.0,48.68,40.564,40.564,39.414,39.414,39.972,320430.0,15599821000.0,0.0,0.0,-1.0,-0.8211,-2.0408
BVH,2015-09-23,15:09:03,HOSE,STOCK,48.1,52.0,45.6,47.5,49.1,47.0,49.0,48.4,39.003,40.317,38.593,40.235,39.742,628780.0,30430352000.0,0.0,0.0,0.9,0.739,1.8711
BVH,2015-09-22,15:09:03,HOSE,STOCK,47.4,51.0,44.8,48.0,48.9,47.8,48.1,48.21,39.414,40.153,39.25,39.496,39.586,404690.0,19511408000.0,0.0,0.0,0.7,0.5748,1.4768
BVH,2015-09-21,15:09:02,HOSE,STOCK,45.3,50.5,44.1,46.0,47.5,45.8,47.4,46.71,37.772,39.003,37.608,38.921,38.355,555890.0,25963165000.0,0.0,0.0,2.1,1.7243,4.6358
BVH,2015-09-18,15:09:03,HOSE,STOCK,44.5,48.4,42.2,45.0,46.8,45.0,45.3,45.58,36.951,38.429,36.951,37.197,37.427,1517610.0,69167184000.0,0.0,0.0,0.8,0.6569,1.7978
BVH,2015-09-17,15:09:03,HOSE,STOCK,44.8,47.6,41.4,44.9,45.3,44.5,44.5,44.95,36.869,37.197,36.54,36.54,36.91,179980.0,8090821000.0,0.0,0.0,-0.3,-0.2463,-0.6696
BVH,2015-09-16,15:09:02,HOSE,STOCK,44.3,47.9,41.7,44.5,45.1,44.2,44.8,44.48,36.54,37.033,36.294,36.786,36.524,641970.0,28552579000.0,0.0,0.0,0.5,0.4106,1.1287
BVH,2015-09-15,15:09:03,HOSE,STOCK,44.1,47.4,41.2,44.1,44.6,43.9,44.3,44.22,36.212,36.622,36.047,36.376,36.31,391320.0,17304076000.0,0.0,0.0,0.2,0.1642,0.4535
BVH,2015-09-14,15:09:03,HOSE,STOCK,46.6,47.1,41.1,46.0,46.4,44.1,44.1,45.16,37.772,38.1,36.212,36.212,37.082,347810.0,15707881000.0,0.0,0.0,-2.5,-2.0528,-5.3648
BVH,2015-09-11,15:09:02,HOSE,STOCK,46.8,49.8,43.4,47.0,47.7,46.5,46.6,47.13,38.593,39.168,38.182,38.264,38.7,316260.0,14905307000.0,0.0,0.0,-0.2,-0.1642,-0.4274
BVH,2015-09-10,15:09:02,HOSE,STOCK,46.5,50.0,43.6,45.9,48.0,45.9,46.8,46.87,37.69,39.414,37.69,38.429,38.486,354080.0,16594371000.0,0.0,0.0,0.3,0.2463,0.6452
BVH,2015-09-09,15:09:02,HOSE,STOCK,45.7,49.7,43.3,47.0,47.1,46.2,46.5,46.68,38.593,38.675,37.936,38.182,38.33,351190.0,16393148000.0,0.0,0.0,0.8,0.6569,1.7505
BVH,2015-09-08,15:09:02,HOSE,STOCK,44.6,48.8,42.6,44.1,46.0,44.0,45.7,44.95,36.212,37.772,36.13,37.525,36.91,322440.0,14493753000.0,0.0,0.0,1.1,0.9032,2.4664
BVH,2015-09-07,15:09:02,HOSE,STOCK,44.6,47.7,41.5,44.5,45.4,44.5,44.6,44.85,36.54,37.279,36.54,36.622,36.827,115340.0,5172880000.0,0.0,0.0,0.0,0.0,0.0
BVH,2015-09-04,15:09:02,HOSE,STOCK,43.8,47.7,41.5,43.8,44.8,43.8,44.6,44.48,35.965,36.786,35.965,36.622,36.524,212620.0,9457474000.0,0.0,0.0,0.8,0.6569,1.8265
BVH,2015-09-03,15:09:03,HOSE,STOCK,45.8,46.8,40.8,45.8,45.8,43.8,43.8,44.56,37.608,37.608,35.965,35.965,36.589,442860.0,19735797000.0,0.0,0.0,-2.0,-1.6422,-4.3668
BVH,2015-09-01,15:09:03,HOSE,STOCK,45.8,49.0,42.6,46.5,47.2,45.5,45.8,46.39,38.182,38.757,37.361,37.608,38.092,288660.0,13389886000.0,0.0,0.0,0.0,0.0,0.0
BVH,2015-08-31,15:08:03,HOSE,STOCK,48.0,49.7,43.3,48.0,48.0,46.5,46.5,47.25,39.414,39.414,38.182,38.182,38.798,442430.0,20905738000.0,0.0,0.0,-1.5,-1.2317,-3.125
BVH,2015-08-28,15:08:03,HOSE,STOCK,45.0,51.0,44.7,45.0,48.0,44.9,48.0,46.76,36.951,39.414,36.869,39.414,38.396,584800.0,27347308000.0,0.0,0.0,3.0,2.4634,6.6667
BVH,2015-08-27,15:08:03,HOSE,STOCK,44.1,48.1,41.9,45.0,47.0,44.5,45.0,45.25,36.951,38.593,36.54,36.951,37.156,480220.0,21730250000.0,0.0,0.0,0.9,0.739,2.0408
BVH,2015-08-26,15:08:03,HOSE,STOCK,44.9,47.1,41.1,44.6,45.7,43.1,44.1,44.46,36.622,37.525,35.39,36.212,36.507,536880.0,23869939000.0,0.0,0.0,-0.8,-0.6569,-1.7817
BVH,2015-08-25,15:08:03,HOSE,STOCK,43.8,48.0,41.8,41.5,45.5,41.1,44.9,42.88,34.077,37.361,33.748,36.869,35.21,464100.0,19901579000.0,0.0,0.0,1.1,0.9032,2.5114
BVH,2015-08-24,15:08:03,HOSE,STOCK,47.0,46.8,40.8,46.0,46.2,43.8,43.8,44.59,37.772,37.936,35.965,35.965,36.614,639640.0,28523908000.0,0.0,0.0,-3.2,-2.6276,-6.8085
BVH,2015-08-21,15:08:02,HOSE,STOCK,48.4,50.0,43.8,47.8,48.0,45.9,47.0,47.28,39.25,39.414,37.69,38.593,38.823,511390.0,24176649000.0,0.0,0.0,-1.4,-1.1496,-2.8926
BVH,2015-08-20,15:08:02,HOSE,STOCK,49.5,51.5,45.1,49.5,51.0,48.4,48.4,49.51,40.646,41.877,39.742,39.742,40.654,370520.0,18344082000.0,0.0,0.0,-1.1,-0.9032,-2.2222
BVH,2015-08-19,15:08:03,HOSE,STOCK,49.5,52.5,46.1,49.5,51.0,48.3,49.5,49.35,40.646,41.877,39.66,40.646,40.523,246540.0,12166313000.0,0.0,0.0,0.0,0.0,0.0
BVH,2015-08-18,15:08:03,HOSE,STOCK,47.0,52.5,46.1,47.0,49.5,47.0,49.5,48.12,38.593,40.646,38.593,40.646,39.513,258110.0,12419583000.0,0.0,0.0,2.5,2.0528,5.3191
BVH,2015-08-17,15:08:02,HOSE,STOCK,48.8,50.0,43.8,49.3,49.7,47.0,47.0,48.16,40.481,40.81,38.593,38.593,39.545,243650.0,11735294000.0,0.0,0.0,-1.8,-1.478,-3.6885
BVH,2015-08-14,15:08:03,HOSE,STOCK,48.0,51.0,44.7,48.0,49.1,48.0,48.8,48.49,39.414,40.317,39.414,40.071,39.816,369900.0,17935557000.0,0.0,0.0,0.8,0.6569,1.6667
BVH,2015-08-13,15:08:02,HOSE,STOCK,51.0,51.0,44.7,51.0,51.0,47.6,48.0,49.18,41.877,41.877,39.086,39.414,40.383,447190.0,21994533000.0,0.0,0.0,-3.0,-2.4634,-5.8824
BVH,2015-08-12,15:08:02,HOSE,STOCK,52.0,54.5,47.5,50.5,53.5,49.7,51.0,51.21,41.467,43.93,40.81,41.877,42.05,580100.0,29708532000.0,0.0,0.0,-1.0,-0.8211,-1.9231
BVH,2015-08-11,15:08:03,HOSE,STOCK,50.0,53.5,46.5,52.0,53.5,51.5,52.0,52.34,42.699,43.93,42.288,42.699,42.978,511600.0,26779325000.0,0.0,0.0,2.0,1.6423,4.0
BVH,2015-08-10,15:08:03,HOSE,STOCK,47.1,53.5,46.5,47.1,50.0,47.1,50.0,49.11,38.675,41.056,38.675,41.056,40.325,478940.0,23519074000.0,0.0,0.0,2.9,2.3812,6.1571
BVH,2015-08-07,15:08:02,HOSE,STOCK,46.8,50.0,43.9,46.8,47.2,46.0,47.1,46.71,38.429,38.757,37.772,38.675,38.355,160890.0,7515503000.0,0.0,0.0,0.3,0.2463,0.641
BVH,2015-08-06,15:08:02,HOSE,STOCK,48.0,50.0,43.6,48.0,48.9,46.0,46.8,47.19,39.414,40.153,37.772,38.429,38.749,259670.0,12252752000.0,0.0,0.0,-1.2,-0.9854,-2.5
BVH,2015-08-05,15:08:03,HOSE,STOCK,46.0,51.0,44.7,46.0,48.9,46.0,48.0,47.38,37.772,40.153,37.772,39.414,38.905,244240.0,11570877000.0,0.0,0.0,2.0,1.6423,4.3478
BVH,2015-08-04,15:08:02,HOSE,STOCK,48.9,49.2,42.8,47.6,48.0,46.0,46.0,46.92,39.086,39.414,37.772,37.772,38.527,505740.0,23728638000.0,0.0,0.0,-2.9,-2.3813,-5.9305
BVH,2015-08-03,15:08:02,HOSE,STOCK,52.5,52.0,45.5,50.5,51.0,48.9,48.9,49.26,41.467,41.877,40.153,40.153,40.449,683500.0,33666260000.0,0.0,0.0,-3.6,-2.956,-6.8571
BVH,2015-07-31,15:07:03,HOSE,STOCK,55.0,56.0,48.9,55.5,55.5,52.5,52.5,53.95,45.572,45.572,43.109,43.109,44.3,235220.0,12690570000.0,0.0,0.0,-2.5,-2.0528,-4.5455
BVH,2015-07-30,15:07:02,HOSE,STOCK,52.0,58.5,51.5,52.0,55.0,52.0,55.0,53.58,42.699,45.162,42.699,45.162,43.996,396160.0,21226045000.0,0.0,0.0,3.0,2.4634,5.7692
BVH,2015-07-29,15:07:03,HOSE,STOCK,52.0,55.5,48.4,52.0,55.0,51.5,52.0,52.79,42.699,45.162,42.288,42.699,43.347,287000.0,15151125000.0,0.0,0.0,0.0,0.0,0.0
BVH,2015-07-28,15:07:03,HOSE,STOCK,54.0,55.5,48.4,54.5,55.0,52.0,52.0,53.3,44.751,45.162,42.699,42.699,43.766,543030.0,28941560000.0,0.0,0.0,-2.0,-1.6423,-3.7037
BVH,2015-07-27,15:07:02,HOSE,STOCK,56.0,57.5,50.5,54.0,55.0,52.5,54.0,53.66,44.341,45.162,43.109,44.341,44.062,749480.0,40214785000.0,0.0,0.0,-2.0,-1.6423,-3.5714
BVH,2015-07-24,15:07:03,HOSE,STOCK,57.5,59.5,52.5,58.0,58.5,55.5,56.0,56.67,47.625,48.036,45.572,45.983,46.533,171600.0,9724970000.0,0.0,0.0,-1.5,-1.2317,-2.6087
BVH,2015-07-23,15:07:03,HOSE,STOCK,54.0,61.5,53.5,55.5,57.5,55.5,57.5,57.09,45.572,47.215,45.572,47.215,46.878,297960.0,17010995000.0,0.0,0.0,3.5,2.874,6.4815
BVH,2015-07-22,15:07:03,HOSE,STOCK,57.0,57.5,50.5,54.5,56.0,53.5,54.0,53.79,44.751,45.983,43.93,44.341,44.168,1291590.0,69472825000.0,0.0,0.0,-3.0,-2.4634,-5.2632
BVH,2015-07-21,15:07:02,HOSE,STOCK,61.0,60.5,53.5,59.0,60.0,57.0,57.0,58.07,48.446,49.268,46.804,46.804,47.683,301790.0,17524690000.0,0.0,0.0,-4.0,-3.2845,-6.5574
BVH,2015-07-20,15:07:02,HOSE,STOCK,64.5,65.0,57.0,65.0,65.0,60.5,61.0,61.61,53.373,53.373,49.678,50.089,50.59,198630.0,12237325000.0,0.0,0.0,-3.5,-2.874,-5.4264
BVH,2015-07-17,15:07:02,HOSE,STOCK,63.0,69.0,60.0,63.0,65.5,62.5,64.5,64.07,51.731,53.784,51.32,52.963,52.609,351520.0,22521430000.0,0.0,0.0,1.5,1.2317,2.381
BVH,2015-07-16,15:07:02,HOSE,STOCK,62.0,67.0,59.0,59.5,65.5,59.5,63.0,62.08,48.857,53.784,48.857,51.731,50.975,483980.0,30045390000.0,0.0,0.0,1.0,0.8211,1.6129
BVH,2015-07-15,15:07:02,HOSE,STOCK,66.0,66.0,58.0,67.5,67.5,62.0,62.0,64.99,55.426,55.426,50.91,50.91,53.365,586290.0,38102010000.0,0.0,0.0,-4.0,-3.2845,-6.0606
BVH,2015-07-14,15:07:03,HOSE,STOCK,62.0,70.5,61.5,66.0,66.0,62.0,66.0,65.71,54.194,54.194,50.91,54.194,53.956,706390.0,46420145000.0,0.0,0.0,4.0,3.2845,6.4516
BVH,2015-07-13,00:07:00,HOSE,STOCK,58.0,62.0,54.0,61.0,62.0,61.0,62.0,62.0,50.089,50.91,50.089,50.91,50.91,198890.0,12282000000.0,0.0,0.0,4.0,3.2845,6.8966
BVH,2015-07-10,15:07:03,HOSE,STOCK,54.5,62.0,54.0,55.0,58.0,54.5,58.0,57.09,45.162,47.625,44.751,47.625,46.878,579560.0,33086105000.0,0.0,0.0,3.5,2.8739,6.422
BVH,2015-07-09,15:07:03,HOSE,STOCK,55.0,58.0,51.0,52.0,58.0,51.5,54.5,55.38,42.699,47.625,42.288,44.751,45.474,634710.0,35149575000.0,0.0,0.0,-0.5,-0.4106,-0.9091
BVH,2015-07-08,15:07:03,HOSE,STOCK,52.0,55.5,48.4,55.0,55.5,54.0,55.0,55.28,45.162,45.572,44.341,45.162,45.392,1248330.0,69005615000.0,0.0,0.0,3.0,2.4634,5.7692
BVH,2015-07-07,15:07:02,HOSE,STOCK,48.6,55.5,48.4,48.2,52.0,48.2,52.0,51.57,39.578,42.699,39.578,42.699,42.345,487240.0,25127350000.0,0.0,0.0,3.4,2.7919,6.9959
BVH,2015-07-06,15:07:03,HOSE,STOCK,45.5,52.0,45.2,46.3,48.6,46.0,48.6,47.79,38.018,39.907,37.772,39.907,39.242,600310.0,28691408000.0,0.0,0.0,3.1,2.5455,6.8132
BVH,2015-07-03,15:07:02,HOSE,STOCK,43.0,48.6,42.4,43.4,45.5,43.2,45.5,44.43,35.637,37.361,35.473,37.361,36.483,520190.0,23111990000.0,0.0,0.0,2.5,2.0528,5.814
BVH,2015-07-02,15:07:04,HOSE,STOCK,40.5,46.0,40.0,40.0,43.0,40.0,43.0,41.32,32.845,35.308,32.845,35.308,33.929,347680.0,14366081000.0,0.0,0.0,2.5,2.0528,6.1728
BVH,2015-07-01,15:07:03,HOSE,STOCK,41.0,43.3,37.7,40.5,41.0,40.1,40.5,40.51,33.256,33.666,32.927,33.256,33.264,333440.0,13507350000.0,0.0,0.0,-0.5,-0.4106,-1.2195
BVH,2015-06-30,15:06:02,HOSE,STOCK,39.4,43.8,38.2,39.5,41.5,39.4,41.0,40.82,32.434,34.077,32.352,33.666,33.518,1017730.0,41545967000.0,0.0,0.0,1.6,1.3138,4.0609
BVH,2015-06-29,15:06:02,HOSE,STOCK,38.0,42.1,36.7,38.3,39.8,38.0,39.4,39.37,31.449,32.681,31.203,32.352,32.328,388770.0,15307200000.0,0.0,0.0,1.4,1.1496,3.6842
BVH,2015-06-26,15:06:03,HOSE,STOCK,38.4,40.6,35.4,38.4,38.4,37.1,38.0,38.11,31.531,31.531,30.464,31.203,31.293,195050.0,7432668000.0,0.0,0.0,-0.4,-0.3285,-1.0417
BVH,2015-06-25,15:06:03,HOSE,STOCK,38.9,41.0,35.8,39.0,39.0,38.3,38.4,38.47,32.024,32.024,31.449,31.531,31.589,80090.0,3081325000.0,0.0,0.0,-0.5,-0.4106,-1.2853
BVH,2015-06-24,15:06:02,HOSE,STOCK,39.1,41.8,36.4,39.1,39.2,38.5,38.9,38.85,32.106,32.188,31.613,31.942,31.901,100320.0,3897150000.0,0.0,0.0,-0.2,-0.1642,-0.5115
BVH,2015-06-23,15:06:03,HOSE,STOCK,38.5,41.8,36.4,38.5,39.3,38.5,39.1,38.9,31.613,32.27,31.613,32.106,31.942,330820.0,12869097000.0,0.0,0.0,0.6,0.4927,1.5584
BVH,2015-06-22,15:06:03,HOSE,STOCK,39.0,41.1,35.9,38.9,38.9,38.2,38.5,38.33,31.942,31.942,31.367,31.613,31.474,272630.0,10450165000.0,0.0,0.0,-0.5,-0.4106,-1.2821
BVH,2015-06-19,15:06:02,HOSE,STOCK,38.0,41.7,36.3,38.9,39.0,38.3,39.0,38.92,31.942,32.024,31.449,32.024,31.958,1166020.0,45381405000.0,0.0,0.0,1.0,0.8211,2.6316
BVH,2015-06-18,15:06:03,HOSE,STOCK,37.0,39.5,34.5,37.4,38.0,37.0,38.0,37.71,30.71,31.203,30.382,31.203,30.965,457990.0,17271035000.0,0.0,0.0,1.0,0.8211,2.7027
BVH,2015-06-17,15:06:03,HOSE,STOCK,36.5,39.5,34.5,36.5,38.0,36.3,37.0,36.97,29.971,31.203,29.807,30.382,30.357,389660.0,14404924000.0,0.0,0.0,0.5,0.4106,1.3699
BVH,2015-06-16,15:06:03,HOSE,STOCK,37.0,39.0,34.0,37.0,37.1,36.5,36.5,36.7,30.382,30.464,29.971,29.971,30.135,192990.0,7082413000.0,0.0,0.0,-0.5,-0.4106,-1.3514
BVH,2015-06-15,15:06:06,HOSE,STOCK,36.8,39.5,34.5,37.2,37.2,36.6,37.0,36.92,30.546,30.546,30.053,30.382,30.316,166440.0,6144421000.0,0.0,0.0,0.2,0.1642,0.5435
BVH,2015-06-12,15:06:02,HOSE,STOCK,36.2,39.3,34.3,36.9,36.9,36.3,36.8,36.6,30.3,30.3,29.807,30.217,30.053,201810.0,7385280000.0,0.0,0.0,0.6,0.4927,1.6575
BVH,2015-06-11,15:06:02,HOSE,STOCK,35.1,38.7,33.7,34.9,36.2,34.9,36.2,35.84,28.657,29.725,28.657,29.725,29.429,297000.0,10644915000.0,0.0,0.0,1.1,0.9032,3.1339
BVH,2015-06-10,15:06:02,HOSE,STOCK,35.3,37.5,32.7,35.0,35.4,34.9,35.1,35.09,28.739,29.068,28.657,28.821,28.813,239690.0,8411538000.0,0.0,0.0,-0.2,-0.1642,-0.5666
BVH,2015-06-09,15:06:02,HOSE,STOCK,35.3,37.7,32.9,35.0,35.3,35.0,35.3,35.07,28.739,28.986,28.739,28.986,28.797,178690.0,6266136000.0,0.0,0.0,0.0,0.0,0.0
BVH,2015-06-08,15:06:03,HOSE,STOCK,35.9,37.7,32.9,36.0,36.0,35.2,35.3,35.47,29.561,29.561,28.904,28.986,29.125,325320.0,11539756000.0,0.0,0.0,-0.6,-0.4927,-1.6713
BVH,2015-06-05,15:06:18,HOSE,STOCK,35.4,38.4,33.4,35.4,35.9,35.0,35.9,35.45,29.068,29.478,28.739,29.478,29.109,78830.0,2794697000.0,0.0,0.0,0.5,0.4106,1.4124
BVH,2015-06-04,16:06:21,HOSE,STOCK,35.0,37.4,32.6,35.0,35.5,35.0,35.4,35.28,28.739,29.15,28.739,29.068,28.969,136560.0,4817428000.0,0.0,0.0,0.4,0.3285,1.1429
BVH,2015-06-03,16:06:29,HOSE,STOCK,35.4,37.4,32.6,35.3,35.4,34.8,35.0,35.11,28.986,29.068,28.575,28.739,28.83,261280.0,9173426000.0,0.0,0.0,-0.4,-0.3284,-1.1299
BVH,2015-06-02,15:06:17,HOSE,STOCK,35.6,37.8,33.0,36.0,36.4,35.4,35.4,35.94,29.561,29.889,29.068,29.068,29.511,87020.0,3127886000.0,0.0,0.0,-0.2,-0.1642,-0.5618
BVH,2015-06-01,16:06:11,HOSE,STOCK,36.7,38.0,33.2,36.9,36.9,35.2,35.6,36.08,30.3,30.3,28.904,29.232,29.626,169750.0,6125307000.0,0.0,0.0,-1.1,-0.9032,-2.9973
BVH,2015-05-29,15:05:11,HOSE,STOCK,37.0,39.2,34.2,37.2,37.2,36.1,36.7,36.67,30.546,30.546,29.643,30.135,30.111,321610.0,11792017000.0,0.0,0.0,-0.3,-0.2463,-0.8108
BVH,2015-05-28,15:05:23,HOSE,STOCK,36.5,39.5,34.5,36.4,37.4,36.3,37.0,36.91,29.889,30.71,29.807,30.382,30.308,291760.0,10767615000.0,0.0,0.0,0.5,0.4106,1.3699
BVH,2015-05-27,15:05:15,HOSE,STOCK,36.4,39.0,34.0,36.4,36.8,36.0,36.5,36.54,29.889,30.217,29.561,29.971,30.004,236330.0,8636048000.0,0.0,0.0,0.1,0.0821,0.2747
BVH,2015-05-26,15:05:15,HOSE,STOCK,34.8,38.9,33.9,35.5,36.6,35.0,36.4,36.02,29.15,30.053,28.739,29.889,29.577,499030.0,17975438000.0,0.0,0.0,1.6,1.3138,4.5977
BVH,2015-05-25,16:05:10,HOSE,STOCK,35.6,37.2,32.4,35.2,36.0,34.8,34.8,35.4,28.904,29.561,28.575,28.575,29.068,98730.0,3494723000.0,0.0,0.0,-0.8,-0.6569,-2.2472
BVH,2015-05-22,15:05:09,HOSE,STOCK,34.8,38.0,33.2,34.8,35.6,34.1,35.6,35.07,28.575,29.232,28.0,29.232,28.797,257630.0,9035980000.0,0.0,0.0,0.8,0.6569,2.2989
BVH,2015-05-21,15:05:13,HOSE,STOCK,34.3,37.2,32.4,34.3,34.8,33.5,34.8,34.19,28.165,28.575,27.508,28.575,28.074,224020.0,7658191000.0,0.0,0.0,0.5,0.4106,1.4577
BVH,2015-05-20,15:05:11,HOSE,STOCK,33.3,35.6,31.0,32.9,34.4,32.9,34.3,33.88,26.226,27.422,26.226,27.342,27.007,125760.0,4261115000.0,0.0,0.0,1.0,0.7971,3.003
BVH,2015-05-19,15:05:10,HOSE,STOCK,32.6,35.6,31.0,33.5,33.5,32.6,33.3,33.19,26.704,26.704,25.987,26.545,26.457,104260.0,3460718000.0,0.0,0.0,0.7,0.558,2.1472
BVH,2015-05-18,16:05:09,HOSE,STOCK,33.2,34.8,30.4,33.2,33.2,32.6,32.6,32.83,26.465,26.465,25.987,25.987,26.17,86030.0,2824476000.0,0.0,0.0,-0.6,-0.4783,-1.8072
BVH,2015-05-15,15:05:09,HOSE,STOCK,33.4,35.5,30.9,33.5,33.9,33.2,33.2,33.45,26.704,27.023,26.465,26.465,26.665,69290.0,2317642000.0,0.0,0.0,-0.2,-0.1594,-0.5988
BVH,2015-05-14,15:05:10,HOSE,STOCK,33.5,35.7,31.1,33.5,33.6,33.4,33.4,33.5,26.704,26.784,26.625,26.625,26.704,93570.0,3134379000.0,0.0,0.0,-0.1,-0.0797,-0.2985
BVH,2015-05-13,16:05:43,HOSE,STOCK,33.5,35.8,31.2,34.0,34.0,33.3,33.5,33.67,27.103,27.103,26.545,26.704,26.84,117160.0,3944687000.0,0.0,0.0,0.0,0.0,0.0
BVH,2015-05-12,15:05:13,HOSE,STOCK,34.3,35.8,31.2,34.0,34.6,33.5,33.5,33.72,27.103,27.581,26.704,26.704,26.88,150660.0,5079877000.0,0.0,0.0,-0.8,-0.6377,-2.3324
BVH,2015-05-11,15:05:11,HOSE,STOCK,34.4,36.7,31.9,34.5,34.6,34.2,34.3,34.48,27.502,27.581,27.262,27.342,27.486,150430.0,5187357000.0,0.0,0.0,-0.1,-0.0797,-0.2907
BVH,2015-05-08,15:05:18,HOSE,STOCK,34.0,36.8,32.0,34.0,34.8,34.0,34.4,34.45,27.103,27.741,27.103,27.422,27.462,102210.0,3521320000.0,0.0,0.0,0.4,0.3189,1.1765
BVH,2015-05-07,16:05:08,HOSE,STOCK,34.0,36.3,31.7,33.8,34.2,33.8,34.0,34.04,26.944,27.262,26.944,27.103,27.135,68840.0,2342976000.0,0.0,0.0,0.0,0.0,0.0
BVH,2015-05-06,15:05:14,HOSE,STOCK,34.9,36.3,31.7,34.9,34.9,34.0,34.0,34.17,27.82,27.82,27.103,27.103,27.239,81060.0,2769879000.0,0.0,0.0,-0.9,-0.7174,-2.5788
BVH,2015-05-05,15:05:12,HOSE,STOCK,33.9,37.3,32.5,33.9,34.9,33.5,34.9,34.42,27.023,27.82,26.704,27.82,27.438,188470.0,6487717000.0,0.0,0.0,1.0,0.7971,2.9499
BVH,2015-05-04,15:05:15,HOSE,STOCK,35.4,37.8,33.0,35.0,35.1,33.9,33.9,34.52,27.9,27.98,27.023,27.023,27.518,341150.0,11776284000.0,0.0,0.0,-1.5,-1.1957,-4.2373
BVH,2015-04-27,15:04:13,HOSE,STOCK,35.4,37.8,33.0,35.6,35.6,35.1,35.4,35.35,28.378,28.378,27.98,28.219,28.179,188490.0,6663971000.0,0.0,0.0,0.0,0.0,0.0
BVH,2015-04-24,15:04:24,HOSE,STOCK,35.4,37.7,32.9,35.5,35.6,35.1,35.3,35.44,28.299,28.378,27.98,28.139,28.251,183630.0,6508327000.0,0.0,0.0,-0.1,-0.0797,-0.2825
BVH,2015-04-23,15:04:10,HOSE,STOCK,35.0,37.8,33.0,35.0,35.8,35.0,35.4,35.4,27.9,28.538,27.9,28.219,28.219,185840.0,6579007000.0,0.0,0.0,0.4,0.3189,1.1429
BVH,2015-04-22,15:04:12,HOSE,STOCK,35.1,37.4,32.6,35.1,35.2,34.9,35.0,35.01,27.98,28.06,27.82,27.9,27.908,152340.0,5333305000.0,0.0,0.0,-0.1,-0.0797,-0.2849
BVH,2015-04-21,15:04:12,HOSE,STOCK,35.3,37.5,32.7,35.1,35.4,35.1,35.1,35.23,27.98,28.219,27.98,27.98,28.084,126900.0,4470887000.0,0.0,0.0,-0.2,-0.1594,-0.5666
BVH,2015-04-20,15:04:14,HOSE,STOCK,35.3,37.7,32.9,35.0,35.4,34.9,35.3,35.14,27.9,28.219,27.82,28.139,28.012,168960.0,5938095000.0,0.0,0.0,0.0,0.0,0.0
BVH,2015-04-17,15:04:26,HOSE,STOCK,35.6,38.0,33.2,35.6,35.7,35.3,35.3,35.5,28.378,28.458,28.139,28.139,28.299,160200.0,5687618000.0,0.0,0.0,-0.3,-0.2391,-0.8427
BVH,2015-04-16,15:04:16,HOSE,STOCK,35.0,38.0,33.2,35.7,36.0,35.5,35.6,35.7,28.458,28.697,28.299,28.378,28.458,387680.0,13841411000.0,0.0,0.0,0.6,0.4783,1.7143
BVH,2015-04-15,15:04:17,HOSE,STOCK,34.5,37.4,32.6,34.4,35.1,34.3,35.0,34.71,27.422,27.98,27.342,27.9,27.669,253170.0,8786778000.0,0.0,0.0,0.5,0.3986,1.4493
BVH,2015-04-14,15:04:13,HOSE,STOCK,34.6,36.9,32.1,34.7,34.9,34.5,34.5,34.7,27.661,27.82,27.502,27.502,27.661,201460.0,6990565000.0,0.0,0.0,-0.1,-0.0797,-0.289
BVH,2015-04-13,15:04:09,HOSE,STOCK,34.1,37.0,32.2,34.2,34.9,34.1,34.6,34.52,27.262,27.82,27.183,27.581,27.518,186700.0,6444688000.0,0.0,0.0,0.5,0.3986,1.4663
BVH,2015-04-10,15:04:05,HOSE,STOCK,33.9,36.4,31.8,34.2,34.8,34.0,34.1,34.36,27.262,27.741,27.103,27.183,27.39,276310.0,9494220000.0,0.0,0.0,0.2,0.1594,0.59
BVH,2015-04-09,15:04:26,HOSE,STOCK,33.5,35.8,31.2,33.2,34.2,33.2,33.9,33.86,26.465,27.262,26.465,27.023,26.991,139500.0,4723243000.0,0.0,0.0,0.4,0.3189,1.194
BVH,2015-04-08,15:04:14,HOSE,STOCK,34.0,35.8,31.2,34.0,34.1,33.4,33.5,33.65,27.103,27.183,26.625,26.704,26.824,271160.0,9124273000.0,0.0,0.0,-0.5,-0.3986,-1.4706
BVH,2015-04-07,15:04:10,HOSE,STOCK,33.6,36.3,31.7,33.6,34.2,33.3,34.0,33.68,26.784,27.262,26.545,27.103,26.848,268570.0,9044595000.0,0.0,0.0,0.4,0.3189,1.1905
BVH,2015-04-06,15:04:09,HOSE,STOCK,34.5,35.9,31.3,34.5,34.6,33.6,33.6,34.04,27.502,27.581,26.784,26.784,27.135,146010.0,4969723000.0,0.0,0.0,-0.9,-0.7174,-2.6087
BVH,2015-04-03,15:04:10,HOSE,STOCK,35.3,36.9,32.1,35.0,35.7,34.5,34.5,34.94,27.9,28.458,27.502,27.502,27.852,209320.0,7313043000.0,0.0,0.0,-0.8,-0.6377,-2.2663
BVH,2015-04-02,15:04:14,HOSE,STOCK,33.0,37.7,32.9,33.0,35.3,33.0,35.3,34.28,26.306,28.139,26.306,28.139,27.326,296050.0,10149604000.0,0.0,0.0,2.3,1.8334,6.9697
BVH,2015-04-01,15:04:12,HOSE,STOCK,34.2,35.3,30.7,34.2,34.2,33.0,33.0,33.35,27.262,27.262,26.306,26.306,26.585,177010.0,5903596000.0,0.0,0.0,-1.2,-0.9566,-3.5088
BVH,2015-03-31,16:03:18,HOSE,STOCK,33.2,36.5,31.9,33.3,34.7,33.2,34.2,33.75,26.545,27.661,26.465,27.262,26.904,270420.0,9126886000.0,0.0,0.0,1.0,0.7971,3.012
BVH,2015-03-30,15:03:14,HOSE,STOCK,34.4,35.5,30.9,34.1,34.7,33.1,33.2,33.77,27.183,27.661,26.386,26.465,26.92,320810.0,10834213000.0,0.0,0.0,-1.2,-0.9566,-3.4884
BVH,2015-03-27,15:03:09,HOSE,STOCK,35.6,36.8,32.0,35.7,35.7,33.8,34.4,34.6,28.458,28.458,26.944,27.422,27.581,368540.0,12751416000.0,0.0,0.0,-1.2,-0.9566,-3.3708
BVH,2015-03-26,15:03:22,HOSE,STOCK,36.1,38.0,33.2,36.0,36.1,35.2,35.6,35.69,28.697,28.777,28.06,28.378,28.45,408590.0,14582251000.0,0.0,0.0,-0.5,-0.3986,-1.385
BVH,2015-03-25,15:03:08,HOSE,STOCK,36.6,38.6,33.6,36.5,36.8,36.1,36.1,36.57,29.096,29.335,28.777,28.777,29.152,303370.0,11095212000.0,0.0,0.0,-0.5,-0.3986,-1.3661
BVH,2015-03-24,15:03:15,HOSE,STOCK,36.8,39.1,34.1,36.2,36.7,36.0,36.6,36.32,28.857,29.255,28.697,29.176,28.952,417380.0,15158333000.0,0.0,0.0,-0.2,-0.1594,-0.5435
BVH,2015-03-23,15:03:26,HOSE,STOCK,37.5,39.3,34.3,36.7,37.1,36.7,36.8,36.88,29.255,29.574,29.255,29.335,29.399,378160.0,13948375000.0,0.0,0.0,-0.7,-0.558,-1.8667
BVH,2015-03-20,15:03:11,HOSE,STOCK,36.2,40.1,34.9,36.1,37.5,35.9,37.5,37.11,28.777,29.893,28.618,29.893,29.582,351100.0,13030757000.0,0.0,0.0,1.3,1.0363,3.5912
BVH,2015-03-19,15:03:12,HOSE,STOCK,37.1,38.7,33.7,37.0,37.0,36.1,36.2,36.38,29.494,29.494,28.777,28.857,29.0,351630.0,12792692000.0,0.0,0.0,-0.9,-0.7174,-2.4259
BVH,2015-03-18,15:03:09,HOSE,STOCK,37.2,39.6,34.6,37.2,37.3,36.7,37.1,37.12,29.654,29.734,29.255,29.574,29.59,112960.0,4193025000.0,0.0,0.0,-0.1,-0.0797,-0.2688
BVH,2015-03-17,15:03:11,HOSE,STOCK,37.0,39.8,34.6,36.8,37.3,36.8,37.2,37.05,29.335,29.734,29.335,29.654,29.534,308710.0,11437441000.0,0.0,0.0,0.2,0.1594,0.5405
BVH,2015-03-16,15:03:41,HOSE,STOCK,37.5,39.5,34.5,37.0,37.3,36.9,37.0,37.03,29.494,29.734,29.415,29.494,29.518,181410.0,6716911000.0,0.0,0.0,-0.5,-0.3986,-1.3333
BVH,2015-03-13,15:03:11,HOSE,STOCK,37.8,40.1,34.9,38.0,38.0,37.4,37.5,37.68,30.292,30.292,29.813,29.893,30.037,140960.0,5311901000.0,0.0,0.0,-0.3,-0.2391,-0.7937
BVH,2015-03-12,15:03:11,HOSE,STOCK,37.3,40.4,35.2,37.2,37.8,37.0,37.8,37.39,29.654,30.132,29.494,30.132,29.805,403030.0,15070210000.0,0.0,0.0,0.5,0.3986,1.3405
BVH,2015-03-11,15:03:11,HOSE,STOCK,37.1,39.6,34.6,37.1,37.7,36.8,37.3,37.22,29.574,30.052,29.335,29.734,29.67,279140.0,10388349000.0,0.0,0.0,0.2,0.1594,0.5391
BVH,2015-03-10,15:03:12,HOSE,STOCK,37.1,39.6,34.6,37.0,37.2,36.7,37.1,36.94,29.494,29.654,29.255,29.574,29.447,129430.0,4780503000.0,0.0,0.0,0.0,0.0,0.0
BVH,2015-03-09,15:03:10,HOSE,STOCK,37.7,39.6,34.6,37.6,37.6,36.7,37.1,37.1,29.973,29.973,29.255,29.574,29.574,518330.0,19229088000.0,0.0,0.0,-0.6,-0.4783,-1.5915
BVH,2015-03-06,15:03:15,HOSE,STOCK,38.1,40.3,35.1,38.0,38.1,37.6,37.7,37.73,30.292,30.371,29.973,30.052,30.076,387680.0,14625816000.0,0.0,0.0,-0.4,-0.3189,-1.0499
BVH,2015-03-05,15:03:10,HOSE,STOCK,38.7,40.7,35.5,38.8,38.8,38.1,38.1,38.39,30.929,30.929,30.371,30.371,30.603,471590.0,18102141000.0,0.0,0.0,-0.6,-0.4783,-1.5504
BVH,2015-03-04,15:03:14,HOSE,STOCK,38.5,41.4,36.0,38.5,38.8,38.4,38.7,38.53,30.69,30.929,30.61,30.85,30.714,244110.0,9404657000.0,0.0,0.0,0.2,0.1594,0.5195
BVH,2015-03-03,15:03:08,HOSE,STOCK,37.6,40.2,35.0,38.0,38.5,37.9,38.5,38.1,30.292,30.69,30.212,30.69,30.371,255270.0,9726989000.0,0.0,0.0,0.9,0.7174,2.3936
BVH,2015-03-02,15:03:12,HOSE,STOCK,37.5,40.2,35.0,37.5,38.1,37.4,37.6,37.74,29.893,30.371,29.813,29.973,30.084,290980.0,10981900000.0,0.0,0.0,0.1,0.0797,0.2667
BVH,2015-02-27,15:02:08,HOSE,STOCK,38.1,40.1,34.9,38.0,38.9,37.5,37.5,37.83,30.292,31.009,29.893,29.893,30.156,346060.0,13090860000.0,0.0,0.0,-0.6,-0.4783,-1.5748
BVH,2015-02-26,15:02:08,HOSE,STOCK,38.6,40.7,35.5,38.6,38.7,37.8,38.1,38.32,30.77,30.85,30.132,30.371,30.547,216360.0,8291931000.0,0.0,0.0,-0.5,-0.3986,-1.2953
BVH,2015-02-25,15:02:13,HOSE,STOCK,39.8,41.3,35.9,39.8,40.4,38.6,38.6,39.76,31.726,32.205,30.77,30.77,31.695,259560.0,10320885000.0,0.0,0.0,-1.2,-0.9566,-3.0151
BVH,2015-02-24,15:02:10,HOSE,STOCK,39.7,42.5,37.1,39.7,40.0,39.3,39.8,39.75,31.647,31.886,31.328,31.726,31.687,292860.0,11641575000.0,0.0,0.0,0.1,0.0797,0.2519
BVH,2015-02-13,15:02:09,HOSE,STOCK,39.7,42.4,37.0,39.7,40.3,39.6,39.7,39.92,31.647,32.125,31.567,31.647,31.822,571660.0,22819716000.0,0.0,0.0,0.0,0.0,0.0
BVH,2015-02-12,15:02:10,HOSE,STOCK,39.0,42.2,36.8,39.1,39.7,38.9,39.5,39.26,31.168,31.647,31.009,31.487,31.296,334530.0,13133867000.0,0.0,0.0,0.5,0.3986,1.2821
BVH,2015-02-11,15:02:11,HOSE,STOCK,38.5,41.7,36.3,38.8,39.2,38.5,39.0,38.98,30.929,31.248,30.69,31.089,31.073,172030.0,6705664000.0,0.0,0.0,0.5,0.3986,1.2987
BVH,2015-02-10,15:02:08,HOSE,STOCK,37.9,41.1,35.9,37.9,38.7,37.5,38.5,38.29,30.212,30.85,29.893,30.69,30.523,624020.0,23891055000.0,0.0,0.0,0.6,0.4783,1.5831
BVH,2015-02-09,15:02:09,HOSE,STOCK,37.7,40.5,35.3,37.8,38.1,37.5,37.9,37.84,30.132,30.371,29.893,30.212,30.164,840030.0,31784845000.0,0.0,0.0,0.2,0.1594,0.5305
BVH,2015-02-06,15:02:07,HOSE,STOCK,36.8,40.3,35.1,36.8,37.9,36.8,37.7,37.44,29.335,30.212,29.335,30.052,29.845,331920.0,12428311000.0,0.0,0.0,0.9,0.7174,2.4457
BVH,2015-02-05,15:02:03,HOSE,STOCK,36.0,39.3,34.3,36.0,37.5,36.0,36.8,36.91,28.697,29.893,28.697,29.335,29.423,919350.0,33935517000.0,0.0,0.0,0.8,0.6377,2.2222
BVH,2015-02-04,15:02:12,HOSE,STOCK,34.5,38.5,33.5,34.3,36.2,34.2,36.0,35.34,27.342,28.857,27.262,28.697,28.171,956310.0,33798887000.0,0.0,0.0,1.5,1.1957,4.3478
BVH,2015-02-03,15:02:09,HOSE,STOCK,34.1,36.9,32.1,34.6,35.0,34.1,34.5,34.44,27.581,27.9,27.183,27.502,27.454,538860.0,18558925000.0,0.0,0.0,0.4,0.3189,1.173
BVH,2015-02-02,15:02:09,HOSE,STOCK,34.5,36.4,31.8,34.6,35.2,34.1,34.1,34.52,27.581,28.06,27.183,27.183,27.518,425460.0,14687425000.0,0.0,0.0,-0.4,-0.3189,-1.1594
BVH,2015-01-30,15:01:09,HOSE,STOCK,35.0,36.9,32.1,35.6,35.6,34.5,34.5,35.21,28.378,28.378,27.502,27.502,28.068,284910.0,10031728000.0,0.0,0.0,-0.5,-0.3986,-1.4286
BVH,2015-01-29,15:01:05,HOSE,STOCK,35.8,38.3,33.3,35.6,35.8,35.0,35.0,35.34,28.378,28.538,27.9,27.9,28.171,160820.0,5683854000.0,0.0,0.0,-0.8,-0.6377,-2.2346
BVH,2015-01-28,15:01:05,HOSE,STOCK,34.6,38.3,33.3,34.8,36.3,34.8,35.8,35.56,27.741,28.936,27.741,28.538,28.347,735140.0,26138328000.0,0.0,0.0,1.2,0.9566,3.4682
BVH,2015-01-27,15:01:12,HOSE,STOCK,34.8,37.0,32.2,34.9,35.2,34.5,34.6,34.93,27.82,28.06,27.502,27.581,27.844,600110.0,20960927000.0,0.0,0.0,-0.2,-0.1594,-0.5747
BVH,2015-01-26,15:01:32,HOSE,STOCK,35.2,37.2,32.4,35.2,35.3,34.8,34.8,35.07,28.06,28.139,27.741,27.741,27.956,292390.0,10255140000.0,0.0,0.0,-0.4,-0.3189,-1.1364
BVH,2015-01-23,15:01:13,HOSE,STOCK,35.2,37.6,32.8,35.2,35.4,34.8,35.2,35.08,28.06,28.219,27.741,28.06,27.964,510760.0,17915859000.0,0.0,0.0,0.0,0.0,0.0
BVH,2015-01-22,15:01:16,HOSE,STOCK,35.1,37.6,32.8,35.1,35.4,34.7,35.2,35.05,27.98,28.219,27.661,28.06,27.94,532030.0,18648267000.0,0.0,0.0,0.1,0.0797,0.2849
BVH,2015-01-21,15:01:05,HOSE,STOCK,35.0,37.5,32.7,35.0,35.3,34.9,35.1,35.13,27.9,28.139,27.82,27.98,28.004,590070.0,20727411000.0,0.0,0.0,0.1,0.0797,0.2857
BVH,2015-01-20,15:01:06,HOSE,STOCK,34.8,37.4,32.6,34.5,35.2,34.5,35.0,34.95,27.502,28.06,27.502,27.9,27.86,564360.0,19725840000.0,0.0,0.0,0.2,0.1594,0.5747
BVH,2015-01-19,15:01:09,HOSE,STOCK,35.0,37.2,32.4,35.0,35.7,34.5,34.8,35.22,27.9,28.458,27.502,27.741,28.076,501550.0,17665386000.0,0.0,0.0,-0.2,-0.1594,-0.5714
BVH,2015-01-16,15:01:05,HOSE,STOCK,34.0,37.4,32.6,34.2,35.3,34.0,35.0,34.76,27.262,28.139,27.103,27.9,27.709,721060.0,25061748000.0,0.0,0.0,1.0,0.7971,2.9412
BVH,2015-01-15,15:01:28,HOSE,STOCK,34.6,36.3,31.7,34.5,34.7,33.7,34.0,34.05,27.502,27.661,26.864,27.103,27.143,683540.0,23271775000.0,0.0,0.0,-0.6,-0.4783,-1.7341
BVH,2015-01-14,15:01:19,HOSE,STOCK,35.2,37.0,32.2,35.1,35.4,34.3,34.6,34.79,27.98,28.219,27.342,27.581,27.733,465980.0,16209545000.0,0.0,0.0,-0.6,-0.4783,-1.7045
BVH,2015-01-13,15:01:09,HOSE,STOCK,35.7,37.6,32.8,35.2,35.7,35.0,35.2,35.31,28.06,28.458,27.9,28.06,28.147,828990.0,29269322000.0,0.0,0.0,-0.5,-0.3986,-1.4006
BVH,2015-01-12,16:01:02,HOSE,STOCK,35.0,38.1,33.3,35.2,36.2,35.1,35.7,35.7,28.06,28.857,27.98,28.458,28.458,1374890.0,49083741000.0,0.0,0.0,0.7,0.558,2.0
BVH,2015-01-09,15:01:14,HOSE,STOCK,34.1,37.4,32.6,34.2,35.6,34.0,35.0,34.7,27.262,28.378,27.103,27.9,27.661,730160.0,25336163000.0,0.0,0.0,0.9,0.7174,2.6393
BVH,2015-01-08,15:01:11,HOSE,STOCK,34.1,36.4,31.8,34.1,34.9,33.7,34.1,34.26,27.183,27.82,26.864,27.183,27.31,565530.0,19376374000.0,0.0,0.0,0.0,0.0,0.0
BVH,2015-01-07,15:01:06,HOSE,STOCK,33.4,36.4,31.8,33.5,34.7,33.4,34.1,34.23,26.704,27.661,26.625,27.183,27.286,1030840.0,35287781000.0,0.0,0.0,0.7,0.558,2.0958
BVH,2015-01-06,15:01:05,HOSE,STOCK,33.3,35.7,31.1,32.1,33.4,32.1,33.4,33.09,25.588,26.625,25.588,26.625,26.378,511140.0,16911967000.0,0.0,0.0,0.1,0.0797,0.3003
BVH,2015-01-05,16:01:04,HOSE,STOCK,32.0,35.6,31.0,32.1,33.8,32.1,33.3,33.18,25.588,26.944,25.588,26.545,26.449,984900.0,32681951000.0,0.0,0.0,1.3,1.0363,4.0625
BVH,2014-12-31,15:12:02,HOSE,STOCK,32.0,34.2,29.8,31.0,32.2,30.7,32.0,31.65,24.712,25.668,24.472,25.509,25.23,486130.0,15385342000.0,0.0,0.0,0.0,0.0,0.0
BVH,2014-12-30,15:12:03,HOSE,STOCK,30.7,32.5,28.3,30.7,30.8,29.6,30.4,30.25,24.472,24.552,23.596,24.233,24.114,526370.0,15921194000.0,0.0,0.0,-0.3,-0.2391,-0.9772
BVH,2014-12-29,15:12:04,HOSE,STOCK,31.7,32.8,28.6,31.8,31.9,30.6,30.7,31.31,25.349,25.429,24.393,24.472,24.959,678780.0,21251742000.0,0.0,0.0,-1.0,-0.7971,-3.1546
BVH,2014-12-26,15:12:03,HOSE,STOCK,31.6,33.9,29.5,31.6,32.2,30.8,31.7,31.66,25.19,25.668,24.552,25.27,25.238,310630.0,9834851000.0,0.0,0.0,0.1,0.0797,0.3165
BVH,2014-12-25,15:12:03,HOSE,STOCK,32.0,34.2,29.8,31.6,32.0,30.7,31.6,31.24,25.19,25.509,24.472,25.19,24.903,194650.0,6081452000.0,0.0,0.0,-0.4,-0.3189,-1.25
BVH,2014-12-24,15:12:02,HOSE,STOCK,33.5,34.2,29.8,32.9,33.9,31.9,32.0,32.89,26.226,27.023,25.429,25.509,26.218,808910.0,26606665000.0,0.0,0.0,-1.5,-1.1957,-4.4776
BVH,2014-12-23,15:12:18,HOSE,STOCK,32.8,35.8,31.2,33.6,34.7,33.0,33.5,34.19,26.784,27.661,26.306,26.704,27.254,493240.0,16865250000.0,0.0,0.0,0.7,0.558,2.1341
BVH,2014-12-22,15:12:46,HOSE,STOCK,30.7,35.0,30.6,32.0,32.8,31.5,32.8,32.57,25.509,26.146,25.11,26.146,25.963,313000.0,10194400000.0,0.0,0.0,2.1,1.674,6.8404
BVH,2014-12-19,15:12:03,HOSE,STOCK,33.0,32.8,28.6,33.0,33.7,30.7,30.7,31.33,26.306,26.864,24.472,24.472,24.975,1707260.0,53493051000.0,0.0,0.0,-2.3,-1.8334,-6.9697
BVH,2014-12-18,15:12:42,HOSE,STOCK,34.1,35.3,30.7,34.1,34.2,33.0,33.0,33.6,27.183,27.262,26.306,26.306,26.784,655440.0,22025902000.0,0.0,0.0,-1.1,-0.8769,-3.2258
BVH,2014-12-17,15:12:13,HOSE,STOCK,35.0,36.4,31.8,35.0,35.7,33.6,34.1,34.56,27.9,28.458,26.784,27.183,27.549,305530.0,10559521000.0,0.0,0.0,-0.9,-0.7174,-2.5714
BVH,2014-12-16,15:12:13,HOSE,STOCK,36.1,37.4,32.6,36.1,36.1,35.0,35.0,35.37,28.777,28.777,27.9,27.9,28.195,163260.0,5774352000.0,0.0,0.0,-1.1,-0.8769,-3.0471
BVH,2014-12-15,15:12:09,HOSE,STOCK,37.1,38.6,33.6,37.0,37.2,36.0,36.1,36.4,29.494,29.654,28.697,28.777,29.016,272700.0,9927130000.0,0.0,0.0,-1.0,-0.7971,-2.6954
BVH,2014-12-12,15:12:47,HOSE,STOCK,36.6,39.6,34.6,36.3,37.3,36.3,37.1,36.85,28.936,29.734,28.936,29.574,29.375,42970.0,1583494000.0,0.0,0.0,0.5,0.3986,1.3661
BVH,2014-12-11,15:12:10,HOSE,STOCK,37.3,39.1,34.1,36.9,37.3,36.3,36.6,36.8,29.415,29.734,28.936,29.176,29.335,141470.0,5205768000.0,0.0,0.0,-0.7,-0.558,-1.8767
BVH,2014-12-10,15:12:10,HOSE,STOCK,36.5,39.9,34.7,36.8,37.3,36.3,37.3,36.58,29.335,29.734,28.936,29.734,29.16,88120.0,3223730000.0,0.0,0.0,0.8,0.6377,2.1918
BVH,2014-12-09,15:12:14,HOSE,STOCK,37.3,39.0,34.0,37.0,37.6,36.5,36.5,36.91,29.494,29.973,29.096,29.096,29.423,132140.0,4876896000.0,0.0,0.0,-0.8,-0.6377,-2.1448
BVH,2014-12-08,15:12:13,HOSE,STOCK,37.5,39.9,34.7,37.5,37.9,37.0,37.3,37.17,29.893,30.212,29.494,29.734,29.63,74370.0,2764323000.0,0.0,0.0,-0.2,-0.1594,-0.5333
BVH,2014-12-05,15:12:11,HOSE,STOCK,37.5,40.1,34.9,37.5,38.0,37.4,37.5,37.71,29.893,30.292,29.813,29.893,30.06,87210.0,3288502000.0,0.0,0.0,0.0,0.0,0.0
BVH,2014-12-04,15:12:17,HOSE,STOCK,37.3,40.1,34.9,37.3,37.7,37.3,37.5,37.48,29.734,30.052,29.734,29.893,29.877,89590.0,3357675000.0,0.0,0.0,0.2,0.1594,0.5362
BVH,2014-12-03,15:12:11,HOSE,STOCK,38.0,39.9,34.7,38.0,38.2,37.3,37.3,37.76,30.292,30.451,29.734,29.734,30.1,160770.0,6070201000.0,0.0,0.0,-0.7,-0.558,-1.8421
BVH,2014-12-02,15:12:11,HOSE,STOCK,37.9,40.6,35.4,37.5,38.1,37.5,38.0,37.8,29.893,30.371,29.893,30.292,30.132,262150.0,9910475000.0,0.0,0.0,0.1,0.0797,0.2639
BVH,2014-12-01,15:12:13,HOSE,STOCK,36.6,40.5,35.3,36.6,38.2,36.6,37.9,37.52,29.176,30.451,29.176,30.212,29.909,308140.0,11560186000.0,0.0,0.0,1.3,1.0363,3.5519
BVH,2014-11-28,15:11:10,HOSE,STOCK,36.7,39.1,34.1,37.1,37.1,36.6,36.6,36.85,29.574,29.574,29.176,29.176,29.375,138500.0,5103635000.0,0.0,0.0,-0.1,-0.0797,-0.2725
BVH,2014-11-27,15:11:10,HOSE,STOCK,36.5,39.2,34.2,36.5,36.9,36.3,36.7,36.63,29.096,29.415,28.936,29.255,29.2,89570.0,3280883000.0,0.0,0.0,0.2,0.1594,0.5479
BVH,2014-11-26,15:11:11,HOSE,STOCK,37.3,39.0,34.0,37.5,37.8,36.4,36.5,37.17,29.893,30.132,29.016,29.096,29.63,329640.0,12252729000.0,0.0,0.0,-0.8,-0.6377,-2.1448
BVH,2014-11-25,15:11:13,HOSE,STOCK,37.6,39.9,34.7,37.8,38.0,37.3,37.3,37.55,30.132,30.292,29.734,29.734,29.933,317870.0,11935161000.0,0.0,0.0,-0.3,-0.2391,-0.7979
BVH,2014-11-24,15:11:13,HOSE,STOCK,37.8,40.2,35.0,37.7,38.2,37.6,37.6,37.66,30.052,30.451,29.973,29.973,30.021,137490.0,5178060000.0,0.0,0.0,-0.2,-0.1594,-0.5291
BVH,2014-11-21,15:11:13,HOSE,STOCK,38.0,40.4,35.2,38.0,38.2,37.8,37.8,37.95,30.292,30.451,30.132,30.132,30.252,161130.0,6115427000.0,0.0,0.0,-0.2,-0.1594,-0.5263
BVH,2014-11-20,15:11:16,HOSE,STOCK,37.8,40.6,35.4,38.2,38.2,37.8,38.0,37.85,30.451,30.451,30.132,30.292,30.172,339220.0,12839740000.0,0.0,0.0,0.2,0.1594,0.5291
BVH,2014-11-19,15:11:13,HOSE,STOCK,38.1,40.4,35.2,38.5,38.5,37.8,37.8,38.0,30.69,30.69,30.132,30.132,30.292,159770.0,6071947000.0,0.0,0.0,-0.3,-0.2391,-0.7874
BVH,2014-11-18,15:11:12,HOSE,STOCK,38.6,40.7,35.5,38.6,38.6,38.1,38.1,38.23,30.77,30.77,30.371,30.371,30.475,135000.0,5161652000.0,0.0,0.0,-0.5,-0.3986,-1.2953
BVH,2014-11-17,15:11:14,HOSE,STOCK,38.6,41.3,35.9,38.8,38.8,38.5,38.6,38.62,30.929,30.929,30.69,30.77,30.786,186340.0,7196185000.0,0.0,0.0,0.0,0.0,0.0
BVH,2014-11-14,15:11:13,HOSE,STOCK,38.7,41.3,35.9,38.7,38.7,37.9,38.6,38.34,30.85,30.85,30.212,30.77,30.563,238320.0,9137145000.0,0.0,0.0,-0.1,-0.0797,-0.2584
BVH,2014-11-13,15:11:12,HOSE,STOCK,38.8,41.4,36.0,39.0,39.0,38.7,38.7,38.79,31.089,31.089,30.85,30.85,30.921,194960.0,7563464000.0,0.0,0.0,-0.1,-0.0797,-0.2577
BVH,2014-11-12,15:11:12,HOSE,STOCK,38.5,41.5,36.1,38.5,38.9,38.5,38.8,38.67,30.69,31.009,30.69,30.929,30.826,131380.0,5080142000.0,0.0,0.0,0.3,0.2391,0.7792
BVH,2014-11-11,15:11:10,HOSE,STOCK,38.3,41.1,35.9,38.5,39.0,38.5,38.5,38.72,30.69,31.089,30.69,30.69,30.866,257600.0,9974599000.0,0.0,0.0,0.2,0.1594,0.5222
BVH,2014-11-10,15:11:14,HOSE,STOCK,38.2,40.9,35.7,38.2,39.2,38.2,38.3,38.56,30.451,31.248,30.451,30.531,30.738,144070.0,5555901000.0,0.0,0.0,0.1,0.0797,0.2618
BVH,2014-11-07,15:11:13,HOSE,STOCK,38.1,40.8,35.6,38.0,38.5,38.0,38.2,38.14,30.292,30.69,30.292,30.451,30.403,129210.0,4927763000.0,0.0,0.0,0.1,0.0797,0.2625
BVH,2014-11-06,15:11:05,HOSE,STOCK,38.1,40.7,35.5,38.2,38.9,38.0,38.1,38.16,30.451,31.009,30.292,30.371,30.419,200610.0,7654709000.0,0.0,0.0,0.0,0.0,0.0
BVH,2014-11-05,15:11:12,HOSE,STOCK,38.4,40.7,35.5,38.8,38.8,37.6,38.1,38.56,30.929,30.929,29.973,30.371,30.738,145240.0,5552856000.0,0.0,0.0,-0.3,-0.2391,-0.7813
BVH,2014-11-04,15:11:07,HOSE,STOCK,38.9,41.0,35.8,38.8,39.1,38.4,38.4,38.56,30.929,31.168,30.61,30.61,30.738,193020.0,7442167000.0,0.0,0.0,-0.5,-0.3986,-1.2853
BVH,2014-11-03,15:11:07,HOSE,STOCK,38.8,41.6,36.2,39.1,39.4,38.9,38.9,39.13,31.168,31.408,31.009,31.009,31.192,372350.0,14570028000.0,0.0,0.0,0.1,0.0797,0.2577
BVH,2014-10-31,15:10:07,HOSE,STOCK,37.7,41.5,36.1,37.7,39.2,37.7,38.8,38.67,30.052,31.248,30.052,30.929,30.826,235630.0,9111340000.0,0.0,0.0,1.1,0.8769,2.9178
BVH,2014-10-30,15:10:06,HOSE,STOCK,37.7,40.3,35.1,37.7,38.0,37.6,37.7,37.81,30.052,30.292,29.973,30.052,30.14,143690.0,5432275000.0,0.0,0.0,0.0,0.0,0.0
BVH,2014-10-29,15:10:09,HOSE,STOCK,37.5,40.3,35.1,37.6,38.1,37.5,37.7,37.68,29.973,30.371,29.893,30.052,30.037,508810.0,19172559000.0,0.0,0.0,0.2,0.1594,0.5333
BVH,2014-10-28,15:10:07,HOSE,STOCK,37.1,40.1,34.9,37.2,37.5,37.2,37.5,37.42,29.654,29.893,29.654,29.893,29.829,170420.0,6377474000.0,0.0,0.0,0.4,0.3189,1.0782
BVH,2014-10-27,15:10:08,HOSE,STOCK,38.4,39.6,34.6,38.3,38.4,37.1,37.1,37.67,30.531,30.61,29.574,29.574,30.029,178170.0,6710972000.0,0.0,0.0,-1.3,-1.0363,-3.3854
BVH,2014-10-24,15:10:07,HOSE,STOCK,38.8,41.0,35.8,38.6,38.9,38.2,38.4,38.45,30.77,31.009,30.451,30.61,30.65,127520.0,4903712000.0,0.0,0.0,-0.4,-0.3189,-1.0309
BVH,2014-10-23,15:10:07,HOSE,STOCK,39.2,41.5,36.1,39.4,39.4,38.7,38.8,38.86,31.408,31.408,30.85,30.929,30.977,150110.0,5833982000.0,0.0,0.0,-0.4,-0.3189,-1.0204
BVH,2014-10-22,15:10:13,HOSE,STOCK,39.1,41.9,36.5,39.3,39.5,39.2,39.2,39.28,31.328,31.487,31.248,31.248,31.312,118410.0,4651706000.0,0.0,0.0,0.1,0.0797,0.2558
BVH,2014-10-21,15:10:07,HOSE,STOCK,39.1,41.8,36.4,39.6,39.6,38.7,39.1,38.96,31.567,31.567,30.85,31.168,31.057,162510.0,6330657000.0,0.0,0.0,0.0,0.0,0.0
BVH,2014-10-20,15:10:11,HOSE,STOCK,38.8,41.5,36.1,38.8,39.8,38.8,39.1,39.23,30.929,31.726,30.929,31.168,31.272,85640.0,3359641000.0,0.0,0.0,0.3,0.2391,0.7732
BVH,2014-10-17,15:10:07,HOSE,STOCK,39.2,41.5,36.1,39.3,39.4,38.8,38.8,39.02,31.328,31.408,30.929,30.929,31.105,425610.0,16607935000.0,0.0,0.0,-0.4,-0.3189,-1.0204
BVH,2014-10-16,15:10:08,HOSE,STOCK,39.8,41.9,36.5,39.6,39.6,38.6,39.2,39.27,31.567,31.567,30.77,31.248,31.304,477550.0,18753861000.0,0.0,0.0,-0.6,-0.4783,-1.5075
BVH,2014-10-15,15:10:07,HOSE,STOCK,40.0,42.5,37.1,40.0,40.2,39.6,39.8,39.81,31.886,32.045,31.567,31.726,31.734,179330.0,7138746000.0,0.0,0.0,-0.2,-0.1594,-0.5
BVH,2014-10-14,16:10:06,HOSE,STOCK,40.2,42.8,37.2,40.1,40.5,40.0,40.0,40.17,31.966,32.285,31.886,31.886,32.021,112440.0,4517193000.0,0.0,0.0,-0.2,-0.1594,-0.4975
BVH,2014-10-13,15:10:07,HOSE,STOCK,40.4,43.0,37.4,40.2,40.5,39.9,40.2,40.19,32.045,32.285,31.806,32.045,32.037,195680.0,7865099000.0,0.0,0.0,-0.2,-0.1594,-0.495
BVH,2014-10-10,15:10:59,HOSE,STOCK,40.9,43.2,37.6,40.9,41.0,40.4,40.4,40.58,32.603,32.683,32.205,32.205,32.348,151960.0,6166869000.0,0.0,0.0,-0.5,-0.3986,-1.2225
BVH,2014-10-09,15:10:15,HOSE,STOCK,40.8,43.7,38.1,41.0,41.4,40.9,40.9,40.89,32.683,33.002,32.603,32.603,32.595,181990.0,7469444000.0,0.0,0.0,0.1,0.0797,0.2451
BVH,2014-10-08,15:10:16,HOSE,STOCK,41.0,43.6,38.0,41.0,41.0,40.8,40.8,40.89,32.683,32.683,32.524,32.524,32.595,191850.0,7844366000.0,0.0,0.0,-0.2,-0.1594,-0.4878
BVH,2014-10-07,15:10:10,HOSE,STOCK,41.2,44.0,38.4,41.2,41.2,40.8,41.0,40.99,32.843,32.843,32.524,32.683,32.675,365270.0,14973692000.0,0.0,0.0,-0.2,-0.1594,-0.4854
BVH,2014-10-06,15:10:13,HOSE,STOCK,41.0,44.0,38.4,41.1,41.2,40.9,41.2,41.03,32.763,32.843,32.603,32.843,32.707,249120.0,10221986000.0,0.0,0.0,0.2,0.1594,0.4878
BVH,2014-10-03,15:10:11,HOSE,STOCK,41.2,44.0,38.4,41.0,41.4,40.9,41.0,41.11,32.683,33.002,32.603,32.683,32.771,233750.0,9608305000.0,0.0,0.0,-0.2,-0.1594,-0.4854
BVH,2014-10-02,15:10:11,HOSE,STOCK,40.3,43.1,37.5,40.3,41.2,40.3,41.2,40.82,32.125,32.843,32.125,32.843,32.54,397890.0,16240206000.0,0.0,0.0,0.9,0.7174,2.2333
BVH,2014-10-01,15:10:11,HOSE,STOCK,40.2,43.0,37.4,40.6,40.8,40.3,40.3,40.51,32.364,32.524,32.125,32.125,32.292,266410.0,10793259000.0,0.0,0.0,0.1,0.0797,0.2488
BVH,2014-09-30,15:09:12,HOSE,STOCK,40.4,43.2,37.6,40.3,40.8,40.1,40.2,40.45,32.125,32.524,31.966,32.045,32.245,181610.0,7346660000.0,0.0,0.0,-0.2,-0.1594,-0.495
BVH,2014-09-29,15:09:14,HOSE,STOCK,40.8,43.6,38.0,40.8,40.9,40.3,40.4,40.55,32.524,32.603,32.125,32.205,32.324,165330.0,6703820000.0,0.0,0.0,-0.4,-0.3189,-0.9804
BVH,2014-09-26,15:09:15,HOSE,STOCK,40.3,43.1,37.5,40.5,40.9,40.4,40.8,40.73,32.285,32.603,32.205,32.524,32.468,243350.0,9910759000.0,0.0,0.0,0.5,0.3986,1.2407
BVH,2014-09-25,15:09:12,HOSE,STOCK,39.8,42.5,37.1,39.8,40.4,39.6,40.3,40.0,31.726,32.205,31.567,32.125,31.886,252940.0,10116875000.0,0.0,0.0,0.5,0.3986,1.2563
BVH,2014-09-24,15:09:11,HOSE,STOCK,41.0,43.8,38.2,40.6,40.6,39.8,39.8,40.15,32.364,32.364,31.726,31.726,32.005,748270.0,30039364000.0,0.0,0.0,-1.2,-0.9566,-2.9268
BVH,2014-09-23,15:09:11,HOSE,STOCK,40.2,43.0,37.4,40.1,41.2,40.1,41.0,40.92,31.966,32.843,31.966,32.683,32.619,53310.0,2181540000.0,0.0,0.0,0.8,0.6377,1.99
BVH,2014-09-22,15:09:10,HOSE,STOCK,40.0,43.0,37.4,42.0,42.0,40.2,40.2,40.94,33.48,33.48,32.045,32.045,32.635,177400.0,7261995000.0,0.0,0.0,0.2,0.1594,0.5
BVH,2014-09-19,15:09:37,HOSE,STOCK,42.7,42.8,37.2,42.6,42.7,40.0,40.0,40.41,33.959,34.038,31.886,31.886,32.213,3008040.0,121548459000.0,0.0,0.0,-2.7,-2.1523,-6.3232
BVH,2014-09-18,15:09:21,HOSE,STOCK,43.9,45.6,39.8,43.9,43.9,42.5,42.7,43.23,34.995,34.995,33.879,34.038,34.461,139140.0,6015229000.0,0.0,0.0,-1.2,-0.9566,-2.7335
BVH,2014-09-17,15:09:16,HOSE,STOCK,42.7,45.6,39.8,44.2,44.2,43.3,43.9,43.62,35.234,35.234,34.517,34.995,34.772,139920.0,6102755000.0,0.0,0.0,1.2,0.9566,2.8103
BVH,2014-09-16,15:09:09,HOSE,STOCK,45.1,45.6,39.8,44.5,45.0,42.1,42.7,43.08,35.473,35.872,33.56,34.038,34.341,365600.0,15751095000.0,0.0,0.0,-2.4,-1.9131,-5.3215
BVH,2014-09-15,15:09:12,HOSE,STOCK,46.4,49.6,43.2,46.1,46.1,45.0,45.1,45.39,36.749,36.749,35.872,35.951,36.183,73490.0,3335764000.0,0.0,0.0,-1.3,-1.0363,-2.8017
BVH,2014-09-12,15:09:12,HOSE,STOCK,46.0,49.6,43.2,46.3,46.4,46.0,46.4,46.17,36.908,36.988,36.669,36.988,36.804,88670.0,4093620000.0,0.0,0.0,0.4,0.3189,0.8696
BVH,2014-09-11,15:09:15,HOSE,STOCK,46.4,49.6,43.2,46.4,46.4,46.0,46.0,46.03,36.988,36.988,36.669,36.669,36.693,87370.0,4021615000.0,0.0,0.0,-0.4,-0.3189,-0.8621
BVH,2014-09-10,15:09:14,HOSE,STOCK,45.5,49.6,43.2,45.2,46.4,44.6,46.4,45.54,36.031,36.988,35.553,36.988,36.302,140180.0,6384253000.0,0.0,0.0,0.9,0.7174,1.978
BVH,2014-09-09,15:09:10,HOSE,STOCK,46.4,49.6,43.2,46.4,46.4,45.5,45.5,45.89,36.988,36.988,36.27,36.27,36.581,138150.0,6339804000.0,0.0,0.0,-0.9,-0.7174,-1.9397
BVH,2014-09-08,15:09:10,HOSE,STOCK,45.9,49.1,42.7,46.2,46.4,46.0,46.4,46.22,36.828,36.988,36.669,36.988,36.844,127630.0,5898768000.0,0.0,0.0,0.5,0.3986,1.0893
BVH,2014-09-05,15:09:13,HOSE,STOCK,45.8,49.1,42.7,46.3,46.3,45.9,45.9,46.18,36.908,36.908,36.589,36.589,36.812,138550.0,6398533000.0,0.0,0.0,0.1,0.0797,0.2183
BVH,2014-09-04,15:09:15,HOSE,STOCK,46.3,49.0,42.6,45.4,46.3,45.4,45.8,45.94,36.191,36.908,36.191,36.509,36.621,141830.0,6516264000.0,0.0,0.0,-0.5,-0.3986,-1.0799
BVH,2014-09-03,15:09:10,HOSE,STOCK,44.3,47.4,41.2,44.5,46.5,44.5,46.3,45.9,35.473,37.067,35.473,36.908,36.589,247700.0,11370201000.0,0.0,0.0,2.0,1.5943,4.5147
BVH,2014-08-29,15:08:15,HOSE,STOCK,44.3,47.4,41.2,44.2,44.3,43.8,44.3,44.11,35.234,35.314,34.915,35.314,35.162,227230.0,10023699000.0,0.0,0.0,0.0,0.0,0.0
BVH,2014-08-28,15:08:10,HOSE,STOCK,44.3,47.4,41.2,44.3,44.3,43.2,44.3,44.18,35.314,35.314,34.437,35.314,35.218,125840.0,5559952000.0,0.0,0.0,0.0,0.0,0.0
BVH,2014-08-27,15:08:10,HOSE,STOCK,44.4,47.4,41.2,44.6,44.8,43.5,44.3,44.07,35.553,35.712,34.676,35.314,35.13,96920.0,4271025000.0,0.0,0.0,-0.1,-0.0797,-0.2252
BVH,2014-08-26,15:08:10,HOSE,STOCK,42.8,47.5,41.3,42.8,44.5,42.8,44.4,43.78,34.118,35.473,34.118,35.393,34.899,371230.0,16251772000.0,0.0,0.0,1.6,1.2754,3.7383
BVH,2014-08-25,15:08:11,HOSE,STOCK,42.7,45.7,39.9,42.8,43.3,42.8,42.8,42.97,34.118,34.517,34.118,34.118,34.253,132270.0,5683547000.0,0.0,0.0,0.1,0.0797,0.2342
BVH,2014-08-22,15:08:10,HOSE,STOCK,42.8,45.6,39.8,42.8,43.1,42.7,42.7,42.96,34.118,34.357,34.038,34.038,34.245,78920.0,3390457000.0,0.0,0.0,-0.1,-0.0797,-0.2336
BVH,2014-08-21,15:08:12,HOSE,STOCK,42.7,45.7,39.9,42.5,43.0,42.5,42.8,42.81,33.879,34.277,33.879,34.118,34.126,93920.0,4020928000.0,0.0,0.0,0.1,0.0797,0.2342
BVH,2014-08-20,15:08:09,HOSE,STOCK,42.5,45.6,39.8,42.7,43.0,42.5,42.7,42.73,34.038,34.277,33.879,34.038,34.062,70230.0,3000803000.0,0.0,0.0,0.2,0.1594,0.4706
BVH,2014-08-19,15:08:16,HOSE,STOCK,42.5,45.4,39.6,42.5,42.7,42.5,42.5,42.55,33.879,34.038,33.879,33.879,33.919,103200.0,4390782000.0,0.0,0.0,0.0,0.0,0.0
BVH,2014-08-18,15:08:11,HOSE,STOCK,41.9,45.4,39.6,41.9,42.7,41.9,42.5,42.5,33.401,34.038,33.401,33.879,33.879,114090.0,4848397000.0,0.0,0.0,0.6,0.4783,1.432
BVH,2014-08-15,15:08:18,HOSE,STOCK,42.2,44.8,39.0,42.3,42.3,41.9,41.9,41.99,33.719,33.719,33.401,33.401,33.472,78620.0,3301343000.0,0.0,0.0,-0.3,-0.2391,-0.7109
BVH,2014-08-14,15:08:06,HOSE,STOCK,42.0,45.1,39.3,41.7,42.2,41.7,42.2,42.0,33.241,33.64,33.241,33.64,33.48,137570.0,5777941000.0,0.0,0.0,0.2,0.1594,0.4762
BVH,2014-08-13,15:08:06,HOSE,STOCK,41.7,44.9,39.1,41.6,42.2,41.6,42.0,41.98,33.161,33.64,33.161,33.48,33.464,64690.0,2715746000.0,0.0,0.0,0.3,0.2391,0.7194
BVH,2014-08-12,16:08:41,HOSE,STOCK,41.8,44.6,38.8,42.4,42.4,41.4,41.7,41.72,33.799,33.799,33.002,33.241,33.257,94710.0,3951751000.0,0.0,0.0,-0.1,-0.0797,-0.2392
BVH,2014-08-11,16:08:54,HOSE,STOCK,42.6,44.7,38.9,42.3,42.9,41.8,41.8,42.11,33.719,34.198,33.321,33.321,33.568,140180.0,5903287000.0,0.0,0.0,-0.8,-0.6377,-1.8779
BVH,2014-08-08,15:08:09,HOSE,STOCK,43.2,45.5,39.7,43.0,43.5,42.6,42.6,42.78,34.277,34.676,33.959,33.959,34.102,63410.0,2712784000.0,0.0,0.0,-0.6,-0.4783,-1.3889
BVH,2014-08-07,15:08:14,HOSE,STOCK,43.1,46.2,40.2,43.0,43.5,42.6,43.2,42.95,34.277,34.676,33.959,34.437,34.238,122790.0,5273938000.0,0.0,0.0,0.1,0.0797,0.232
BVH,2014-08-06,15:08:11,HOSE,STOCK,44.0,46.1,40.1,44.0,44.6,43.1,43.1,44.24,35.075,35.553,34.357,34.357,35.266,208900.0,9241700000.0,0.0,0.0,-0.9,-0.7174,-2.0455
BVH,2014-08-05,15:08:10,HOSE,STOCK,43.9,47.0,41.0,43.5,44.2,43.5,44.0,43.99,34.676,35.234,34.676,35.075,35.067,131370.0,5778417000.0,0.0,0.0,0.1,0.0797,0.2278
BVH,2014-08-04,15:08:10,HOSE,STOCK,42.5,46.9,40.9,42.5,44.0,42.5,43.9,43.66,33.879,35.075,33.879,34.995,34.803,344370.0,15035153000.0,0.0,0.0,1.4,1.116,3.2941
BVH,2014-08-01,15:08:59,HOSE,STOCK,42.2,45.4,39.6,42.2,43.5,42.1,42.5,42.89,33.64,34.676,33.56,33.879,34.19,466270.0,19998235000.0,0.0,0.0,0.3,0.2391,0.7109
BVH,2014-07-31,15:07:13,HOSE,STOCK,41.0,45.1,39.3,40.8,42.6,40.8,42.2,42.06,32.524,33.959,32.524,33.64,33.528,113710.0,4782497000.0,0.0,0.0,1.2,0.9566,2.9268
BVH,2014-07-30,15:07:10,HOSE,STOCK,42.0,43.8,38.2,41.6,42.0,41.0,41.0,41.21,33.161,33.48,32.683,32.683,32.85,71280.0,2937689000.0,0.0,0.0,-1.0,-0.7971,-2.381
BVH,2014-07-29,15:07:08,HOSE,STOCK,41.1,44.9,39.1,41.2,42.0,40.5,42.0,41.49,32.843,33.48,32.285,33.48,33.074,107500.0,4459938000.0,0.0,0.0,0.9,0.7174,2.1898
BVH,2014-07-28,15:07:09,HOSE,STOCK,42.7,43.9,38.3,42.7,42.7,40.1,41.1,41.59,34.038,34.038,31.966,32.763,33.153,59670.0,2481668000.0,0.0,0.0,-1.6,-1.2754,-3.7471
BVH,2014-07-25,15:07:33,HOSE,STOCK,42.5,45.6,39.8,42.7,43.7,42.4,42.7,43.21,34.038,34.835,33.799,34.038,34.445,463040.0,20005891000.0,0.0,0.0,0.2,0.1594,0.4706
BVH,2014-07-24,15:07:07,HOSE,STOCK,42.0,45.4,39.6,42.0,42.7,41.6,42.5,42.4,33.48,34.038,33.161,33.879,33.799,170690.0,7237351000.0,0.0,0.0,0.5,0.3986,1.1905
BVH,2014-07-23,15:07:06,HOSE,STOCK,42.0,44.9,39.1,42.1,42.1,41.5,42.0,41.85,33.56,33.56,33.082,33.48,33.361,61270.0,2564097000.0,0.0,0.0,0.0,0.0,0.0
BVH,2014-07-22,15:07:09,HOSE,STOCK,42.5,44.9,39.1,42.5,42.5,41.8,42.0,42.08,33.879,33.879,33.321,33.48,33.544,56130.0,2362032000.0,0.0,0.0,-0.5,-0.3986,-1.1765
BVH,2014-07-21,15:07:10,HOSE,STOCK,42.6,45.4,39.6,42.6,42.9,42.1,42.5,42.58,33.959,34.198,33.56,33.879,33.943,205830.0,8763972000.0,0.0,0.0,-0.1,-0.0797,-0.2347
BVH,2014-07-18,15:07:10,HOSE,STOCK,42.0,45.5,39.7,41.5,43.0,41.5,42.6,42.34,33.082,34.277,33.082,33.959,33.751,247140.0,10464478000.0,0.0,0.0,0.6,0.4783,1.4286
BVH,2014-07-17,15:07:06,HOSE,STOCK,42.2,44.9,39.1,42.2,42.4,41.6,42.0,41.83,33.64,33.799,33.161,33.48,33.345,92960.0,3888333000.0,0.0,0.0,-0.2,-0.1594,-0.4739
BVH,2014-07-16,15:07:08,HOSE,STOCK,41.9,45.1,39.3,42.5,42.8,42.0,42.2,42.28,33.879,34.118,33.48,33.64,33.703,83120.0,3514264000.0,0.0,0.0,0.3,0.2391,0.716
BVH,2014-07-15,15:07:06,HOSE,STOCK,41.5,44.8,39.0,41.9,42.4,41.9,41.9,42.01,33.401,33.799,33.401,33.401,33.488,59560.0,2501850000.0,0.0,0.0,0.4,0.3189,0.9639
BVH,2014-07-14,15:07:09,HOSE,STOCK,41.3,44.4,38.6,41.3,42.3,41.3,41.5,41.56,32.922,33.719,32.922,33.082,33.129,110740.0,4602545000.0,0.0,0.0,0.2,0.1594,0.4843
BVH,2014-07-11,15:07:06,HOSE,STOCK,42.0,44.1,38.5,41.7,42.0,41.3,41.3,41.528,33.241,33.48,32.922,32.922,33.104,71710.0,2978000000.0,0.0,0.0,-0.7,-0.558,-1.6667
BVH,2014-07-10,15:07:11,HOSE,STOCK,43.3,44.9,39.1,43.4,43.4,41.5,42.0,42.23,34.596,34.596,33.082,33.48,33.664,258520.0,10917918000.0,0.0,0.0,-1.3,-1.0363,-3.0023
BVH,2014-07-09,15:07:11,HOSE,STOCK,43.2,46.3,40.3,43.2,43.4,43.1,43.3,43.25,34.437,34.596,34.357,34.517,34.477,191920.0,8300105000.0,0.0,0.0,0.1,0.0797,0.2315
BVH,2014-07-08,15:07:09,HOSE,STOCK,43.5,46.2,40.2,43.1,43.5,42.8,43.2,43.12,34.357,34.676,34.118,34.437,34.373,88010.0,3794659000.0,0.0,0.0,-0.3,-0.2391,-0.6897
BVH,2014-07-07,15:07:08,HOSE,STOCK,42.9,46.5,40.5,43.6,44.2,43.5,43.5,43.84,34.756,35.234,34.676,34.676,34.947,149410.0,6549426000.0,0.0,0.0,0.6,0.4783,1.3986
BVH,2014-07-04,15:07:09,HOSE,STOCK,41.6,45.9,39.9,42.0,42.9,41.7,42.9,42.56,33.48,34.198,33.241,34.198,33.927,485500.0,20663100000.0,0.0,0.0,1.3,1.0363,3.125
BVH,2014-07-03,15:07:12,HOSE,STOCK,41.3,44.5,38.7,41.3,41.8,41.3,41.6,41.5,32.922,33.321,32.922,33.161,33.082,169440.0,7032225000.0,0.0,0.0,0.3,0.2391,0.7264
BVH,2014-07-02,15:07:14,HOSE,STOCK,41.3,44.1,38.5,41.7,41.7,41.2,41.3,41.33,33.241,33.241,32.843,32.922,32.946,110490.0,4566320000.0,0.0,0.0,0.0,0.0,0.0
BVH,2014-07-01,15:07:10,HOSE,STOCK,41.0,44.1,38.5,41.2,41.8,40.8,41.3,41.23,32.843,33.321,32.524,32.922,32.866,90070.0,3713855000.0,0.0,0.0,0.3,0.2391,0.7317
BVH,2014-06-30,15:06:11,HOSE,STOCK,41.3,43.8,38.2,41.5,41.6,40.8,41.0,41.17,33.082,33.161,32.524,32.683,32.819,56940.0,2344375000.0,0.0,0.0,-0.3,-0.2391,-0.7264
BVH,2014-06-27,15:06:10,HOSE,STOCK,41.8,44.1,38.5,41.8,41.8,41.1,41.3,41.49,33.321,33.321,32.763,32.922,33.074,120570.0,5001935000.0,0.0,0.0,-0.5,-0.3986,-1.1962
BVH,2014-06-26,15:06:12,HOSE,STOCK,40.2,44.7,38.9,40.2,42.0,40.2,41.8,41.29,32.045,33.48,32.045,33.321,32.914,403090.0,16643864000.0,0.0,0.0,1.6,1.2754,3.9801
BVH,2014-06-25,15:06:09,HOSE,STOCK,39.9,43.0,37.4,39.9,40.2,39.8,40.2,40.062,31.806,32.045,31.726,32.045,31.935,158530.0,6351000000.0,0.0,0.0,0.3,0.2391,0.7519
BVH,2014-06-24,15:06:10,HOSE,STOCK,39.5,42.6,37.2,39.5,39.9,39.3,39.9,39.57,31.487,31.806,31.328,31.806,31.543,114710.0,4538876000.0,0.0,0.0,0.4,0.3189,1.0127
BVH,2014-06-23,15:06:13,HOSE,STOCK,39.5,42.2,36.8,39.6,39.6,39.4,39.5,39.5,31.567,31.567,31.408,31.487,31.487,64900.0,2563439000.0,0.0,0.0,0.0,0.0,0.0
BVH,2014-06-20,15:06:09,HOSE,STOCK,39.3,42.2,36.8,39.3,39.6,39.0,39.5,39.48,31.328,31.567,31.089,31.487,31.471,763870.0,30155412000.0,0.0,0.0,0.2,0.1594,0.5089
BVH,2014-06-19,15:06:11,HOSE,STOCK,39.3,42.0,36.6,39.0,39.4,38.4,39.3,38.89,31.089,31.408,30.61,31.328,31.001,366120.0,14236957000.0,0.0,0.0,0.0,0.0,0.0
BVH,2014-06-18,15:06:46,HOSE,STOCK,39.8,42.0,36.6,40.0,40.0,39.3,39.3,39.58,31.886,31.886,31.328,31.328,31.551,129000.0,5105247000.0,0.0,0.0,-0.5,-0.3986,-1.2563
BVH,2014-06-17,15:06:53,HOSE,STOCK,40.1,42.5,37.1,40.0,40.2,39.7,39.8,39.91,31.886,32.045,31.647,31.726,31.814,78680.0,3140139000.0,0.0,0.0,-0.3,-0.2391,-0.7481
BVH,2014-06-16,15:06:06,HOSE,STOCK,40.3,42.9,37.3,40.7,40.7,39.9,40.1,40.3,32.444,32.444,31.806,31.966,32.125,100210.0,4038525000.0,0.0,0.0,-0.2,-0.1594,-0.4963
BVH,2014-06-13,15:06:06,HOSE,STOCK,39.6,43.1,37.5,39.8,40.3,39.7,40.3,40.03,31.726,32.125,31.647,32.125,31.91,293380.0,11744740000.0,0.0,0.0,0.7,0.558,1.7677
BVH,2014-06-12,15:06:06,HOSE,STOCK,39.6,42.3,36.9,39.6,39.9,39.5,39.6,39.63,31.567,31.806,31.487,31.567,31.591,220430.0,8734666000.0,0.0,0.0,0.0,0.0,0.0
BVH,2014-06-11,15:06:07,HOSE,STOCK,39.3,42.3,36.9,39.5,40.0,39.0,39.6,39.58,31.487,31.886,31.089,31.567,31.551,185600.0,7345972000.0,0.0,0.0,0.3,0.2391,0.7634
BVH,2014-06-10,15:06:10,HOSE,STOCK,39.8,42.0,36.6,39.2,39.8,39.0,39.3,39.38,31.248,31.726,31.089,31.328,31.392,174730.0,6880771000.0,0.0,0.0,-0.5,-0.3986,-1.2563
BVH,2014-06-09,15:06:06,HOSE,STOCK,39.0,42.5,37.1,39.0,40.4,38.7,39.8,39.61,31.089,32.205,30.85,31.726,31.575,157250.0,6229297000.0,0.0,0.0,0.8,0.6377,2.0513
BVH,2014-06-06,15:06:09,HOSE,STOCK,37.5,41.7,36.3,37.5,39.0,37.5,39.0,38.03,29.893,31.089,29.893,31.089,30.316,141740.0,5390530000.0,0.0,0.0,1.5,1.1957,4.0
BVH,2014-06-05,15:06:09,HOSE,STOCK,38.1,40.1,34.9,38.1,38.1,36.7,37.5,37.41,30.371,30.371,29.255,29.893,29.821,197920.0,7404365000.0,0.0,0.0,-0.6,-0.4783,-1.5748
BVH,2014-06-04,15:06:12,HOSE,STOCK,39.7,40.7,35.5,40.3,40.3,38.0,38.1,38.53,32.125,32.125,30.292,30.371,30.714,98100.0,3779647000.0,0.0,0.0,-1.6,-1.2754,-4.0302
BVH,2014-06-03,15:06:09,HOSE,STOCK,39.3,42.4,37.0,39.1,40.0,39.1,39.7,39.65,31.168,31.886,31.168,31.647,31.607,111060.0,4403588000.0,0.0,0.0,0.4,0.3189,1.0178
BVH,2014-06-02,15:06:11,HOSE,STOCK,40.5,42.0,36.6,41.0,41.1,39.3,39.3,40.05,32.683,32.763,31.328,31.328,31.926,324980.0,13014582000.0,0.0,0.0,-1.2,-0.9566,-2.963
BVH,2014-05-30,15:05:13,HOSE,STOCK,40.7,43.3,37.7,40.1,41.4,40.1,40.5,40.55,31.966,33.002,31.966,32.285,32.324,306700.0,12437876000.0,0.0,0.0,-0.2,-0.1594,-0.4914
BVH,2014-05-29,15:05:54,HOSE,STOCK,42.2,43.5,37.9,42.0,42.2,40.0,40.7,41.69,33.48,33.64,31.886,32.444,33.233,354040.0,14760343000.0,0.0,0.0,-1.5,-1.1957,-3.5545
BVH,2014-05-28,15:05:10,HOSE,STOCK,41.9,45.1,39.3,41.5,42.2,41.4,42.2,41.74,33.082,33.64,33.002,33.64,33.273,584090.0,24378215000.0,0.0,0.0,0.3,0.2391,0.716
BVH,2014-05-27,15:05:06,HOSE,STOCK,39.3,43.2,37.6,39.3,41.9,39.3,41.9,40.41,30.206,32.205,30.206,32.205,31.06,597230.0,24135197000.0,0.0,0.0,2.6,1.9984,6.6158
BVH,2014-05-26,15:05:10,HOSE,STOCK,37.8,42.0,36.6,37.5,39.7,37.2,39.3,38.65,28.823,30.514,28.592,30.206,29.707,459640.0,17765986000.0,0.0,0.0,1.5,1.1529,3.9683
BVH,2014-05-23,15:05:13,HOSE,STOCK,38.0,40.4,35.2,38.1,38.2,37.8,37.8,37.98,29.284,29.361,29.053,29.053,29.192,254520.0,9666772000.0,0.0,0.0,-0.2,-0.1537,-0.5263
BVH,2014-05-22,15:05:10,HOSE,STOCK,37.7,40.6,35.4,37.9,38.7,37.7,38.0,38.09,29.13,29.745,28.977,29.207,29.276,498210.0,18977834000.0,0.0,0.0,0.3,0.2306,0.7958
BVH,2014-05-21,15:05:11,HOSE,STOCK,37.7,40.3,35.1,37.7,37.9,36.6,37.7,37.46,28.977,29.13,28.131,28.977,28.792,381170.0,14280144000.0,0.0,0.0,0.0,0.0,0.0
BVH,2014-05-20,15:05:15,HOSE,STOCK,37.7,40.3,35.1,37.6,37.7,36.7,37.7,37.4,28.9,28.977,28.208,28.977,28.746,342210.0,12799058000.0,0.0,0.0,0.0,0.0,0.0
BVH,2014-05-19,15:05:10,HOSE,STOCK,37.2,40.3,35.1,37.3,38.5,36.5,37.7,37.33,28.669,29.591,28.054,28.977,28.692,461370.0,17222172000.0,0.0,0.0,0.5,0.3843,1.3441
BVH,2014-05-16,16:05:00,HOSE,STOCK,35.5,39.8,34.6,36.0,37.2,36.0,37.2,36.78,27.67,28.592,27.67,28.592,28.269,598210.0,22004053000.0,0.0,0.0,1.7,1.3066,4.7887
BVH,2014-05-15,15:05:07,HOSE,STOCK,35.6,37.9,33.1,35.6,37.5,34.0,35.5,36.02,27.363,28.823,26.133,27.286,27.685,834940.0,30070617000.0,0.0,0.0,-0.1,-0.0769,-0.2809
BVH,2014-05-14,15:05:14,HOSE,STOCK,33.3,38.0,33.2,33.5,35.6,33.5,35.6,34.97,25.748,27.363,25.748,27.363,26.878,880990.0,30810727000.0,0.0,0.0,2.3,1.7678,6.9069
BVH,2014-05-13,15:05:12,HOSE,STOCK,32.6,35.6,31.0,32.6,33.9,32.6,33.3,33.4,25.057,26.056,25.057,25.595,25.672,820760.0,27417048000.0,0.0,0.0,0.7,0.538,2.1472
BVH,2014-05-12,15:05:08,HOSE,STOCK,35.0,34.8,30.4,34.0,34.0,32.6,32.6,33.02,26.133,26.133,25.057,25.057,25.38,558670.0,18446146000.0,0.0,0.0,-2.4,-1.8447,-6.8571
BVH,2014-05-09,15:05:11,HOSE,STOCK,33.5,37.4,32.6,33.5,35.3,33.5,35.0,34.64,25.748,27.132,25.748,26.901,26.625,786220.0,27237958000.0,0.0,0.0,1.5,1.1529,4.4776
BVH,2014-05-08,15:05:09,HOSE,STOCK,36.0,38.5,33.5,36.0,36.0,33.5,33.5,33.85,27.67,27.67,25.748,25.748,26.017,893860.0,30254008000.0,0.0,0.0,-2.5,-1.9215,-6.9444
BVH,2014-05-07,15:05:12,HOSE,STOCK,33.7,38.5,33.5,33.6,36.0,33.6,36.0,35.06,25.825,27.67,25.825,27.67,26.947,541230.0,18974837000.0,0.0,0.0,2.3,1.7678,6.8249
BVH,2014-05-06,15:05:10,HOSE,STOCK,34.7,36.0,31.4,34.7,34.7,32.7,33.7,33.37,26.671,26.671,25.134,25.902,25.649,486230.0,16227241000.0,0.0,0.0,-1.0,-0.7686,-2.8818
BVH,2014-05-05,15:05:08,HOSE,STOCK,36.7,37.1,32.3,37.0,37.0,34.3,34.7,35.28,28.439,28.439,26.363,26.671,27.117,334620.0,11805902000.0,0.0,0.0,-2.0,-1.5372,-5.4496
BVH,2014-04-29,15:04:08,HOSE,STOCK,36.7,39.2,34.2,37.0,37.2,36.6,36.7,36.83,28.439,28.592,28.131,28.208,28.308,271610.0,10002277000.0,0.0,0.0,0.0,0.0,0.0
BVH,2014-04-28,15:04:10,HOSE,STOCK,37.9,39.6,34.6,37.9,38.2,37.0,37.1,37.46,29.13,29.361,28.439,28.515,28.792,442240.0,16565207000.0,0.0,0.0,-0.8,-0.6149,-2.1108
BVH,2014-04-25,15:04:11,HOSE,STOCK,37.3,40.5,35.3,37.7,38.3,37.7,37.9,38.04,28.977,29.438,28.977,29.13,29.238,314570.0,11967602000.0,0.0,0.0,0.6,0.4612,1.6086
BVH,2014-04-24,15:04:11,HOSE,STOCK,37.9,39.9,34.7,37.9,37.9,37.3,37.3,37.5,29.13,29.13,28.669,28.669,28.823,490070.0,18378723000.0,0.0,0.0,-0.6,-0.4612,-1.5831
BVH,2014-04-23,15:04:10,HOSE,STOCK,39.0,40.5,35.3,37.5,38.7,37.5,37.9,38.2,28.823,29.745,28.823,29.13,29.361,327960.0,12527514000.0,0.0,0.0,-1.1,-0.8455,-2.8205
BVH,2014-04-22,15:04:10,HOSE,STOCK,38.6,41.7,36.3,38.6,39.0,37.3,39.0,38.06,29.668,29.976,28.669,29.976,29.253,643940.0,24505635000.0,0.0,0.0,0.4,0.3074,1.0363
BVH,2014-04-21,15:04:55,HOSE,STOCK,39.6,41.3,35.9,39.5,39.6,38.6,38.6,38.94,30.36,30.437,29.668,29.668,29.93,338640.0,13188084000.0,0.0,0.0,-1.0,-0.7686,-2.5253
BVH,2014-04-18,15:04:11,HOSE,STOCK,41.1,42.3,36.9,41.0,41.0,39.5,39.6,40.12,31.513,31.513,30.36,30.437,30.837,359970.0,14443368000.0,0.0,0.0,-1.5,-1.1529,-3.6496
BVH,2014-04-17,15:04:09,HOSE,STOCK,40.4,43.9,38.3,41.0,41.4,40.4,41.1,40.95,31.513,31.82,31.052,31.59,31.475,365070.0,14950371000.0,0.0,0.0,0.7,0.538,1.7327
BVH,2014-04-16,15:04:08,HOSE,STOCK,42.3,43.2,37.6,42.3,42.3,40.4,40.4,41.1,32.512,32.512,31.052,31.052,31.59,493140.0,20267451000.0,0.0,0.0,-1.9,-1.4604,-4.4917
BVH,2014-04-15,15:04:10,HOSE,STOCK,43.3,45.2,39.4,43.1,43.7,42.3,42.3,42.94,33.127,33.588,32.512,32.512,33.004,313230.0,13450122000.0,0.0,0.0,-1.0,-0.7686,-2.3095
BVH,2014-04-14,15:04:10,HOSE,STOCK,43.8,46.8,40.8,43.8,44.3,43.3,43.3,43.59,33.665,34.049,33.281,33.281,33.504,267230.0,11647355000.0,0.0,0.0,-0.5,-0.3843,-1.1416
BVH,2014-04-11,15:04:08,HOSE,STOCK,44.4,46.8,40.8,44.0,44.2,43.4,43.8,43.89,33.819,33.973,33.358,33.665,33.734,401380.0,17617115000.0,0.0,0.0,-0.6,-0.4612,-1.3514
BVH,2014-04-10,15:04:08,HOSE,STOCK,44.6,47.7,41.5,44.6,45.0,44.3,44.4,44.65,34.28,34.587,34.049,34.126,34.318,288390.0,12876595000.0,0.0,0.0,-0.2,-0.1537,-0.4484
BVH,2014-04-08,15:04:08,HOSE,STOCK,44.5,47.7,41.5,44.5,45.1,44.3,44.6,44.67,34.203,34.664,34.049,34.28,34.334,275020.0,12284610000.0,0.0,0.0,0.1,0.0769,0.2247
BVH,2014-04-07,15:04:10,HOSE,STOCK,43.1,47.6,41.4,43.2,44.5,43.1,44.5,43.93,33.204,34.203,33.127,34.203,33.765,405000.0,17792725000.0,0.0,0.0,1.4,1.076,3.2483
BVH,2014-04-04,15:04:13,HOSE,STOCK,43.6,46.1,40.1,43.9,43.9,43.0,43.1,43.38,33.742,33.742,33.05,33.127,33.342,383010.0,16616561000.0,0.0,0.0,-0.5,-0.3843,-1.1468
BVH,2014-04-03,15:04:08,HOSE,STOCK,43.2,46.6,40.6,43.1,43.7,43.0,43.6,43.41,33.127,33.588,33.05,33.511,33.365,335600.0,14569611000.0,0.0,0.0,0.4,0.3074,0.9259
BVH,2014-04-02,15:04:08,HOSE,STOCK,43.2,46.2,40.2,43.3,43.9,41.8,43.2,42.67,33.281,33.742,32.128,33.204,32.797,640900.0,27350045000.0,0.0,0.0,0.0,0.0,0.0
BVH,2014-04-01,15:04:11,HOSE,STOCK,45.1,46.2,40.2,45.1,45.1,42.5,43.2,44.1,34.664,34.664,32.666,33.204,33.896,752090.0,33167583000.0,0.0,0.0,-1.9,-1.4604,-4.2129
BVH,2014-03-31,15:03:08,HOSE,STOCK,45.9,48.2,42.0,45.9,46.5,44.9,45.1,45.32,35.279,35.74,34.511,34.664,34.833,493870.0,22379999000.0,0.0,0.0,-0.8,-0.6149,-1.7429
BVH,2014-03-28,15:03:08,HOSE,STOCK,45.5,49.1,42.7,45.5,46.5,45.5,45.9,45.96,34.972,35.74,34.972,35.279,35.325,466230.0,21426071000.0,0.0,0.0,0.4,0.3074,0.8791
BVH,2014-03-27,15:03:11,HOSE,STOCK,45.4,48.6,42.4,45.4,46.0,45.1,45.5,45.44,34.895,35.356,34.664,34.972,34.926,567990.0,25808454000.0,0.0,0.0,0.1,0.0769,0.2203
BVH,2014-03-26,15:03:05,HOSE,STOCK,47.2,48.5,42.3,47.2,47.6,45.4,45.4,46.46,36.278,36.586,34.895,34.895,35.71,1211980.0,56309582000.0,0.0,0.0,-1.8,-1.3835,-3.8136
BVH,2014-03-25,15:03:10,HOSE,STOCK,48.4,50.5,43.9,48.9,48.9,47.2,47.2,48.25,37.585,37.585,36.278,36.278,37.085,531730.0,25658051000.0,0.0,0.0,-1.2,-0.9223,-2.4793
BVH,2014-03-24,15:03:08,HOSE,STOCK,47.5,51.5,45.1,48.6,49.0,48.2,48.4,48.52,37.354,37.662,37.047,37.201,37.293,367970.0,17855119000.0,0.0,0.0,0.9,0.6918,1.8947
BVH,2014-03-21,17:03:42,HOSE,STOCK,48.1,51.0,44.8,48.1,49.0,47.5,47.5,47.774,36.97,37.662,36.509,36.509,36.72,1995080.0,95312000000.0,0.0,0.0,-0.6,-0.4612,-1.2474
BVH,2014-03-20,15:03:09,HOSE,STOCK,48.8,51.0,44.8,48.8,48.9,48.0,48.1,48.34,37.508,37.585,36.893,36.97,37.155,583330.0,28197346000.0,0.0,0.0,-0.7,-0.538,-1.4344
BVH,2014-03-19,15:03:08,HOSE,STOCK,48.8,52.0,45.4,48.8,49.5,48.7,48.8,49.07,37.508,38.046,37.431,37.508,37.716,376020.0,18452193000.0,0.0,0.0,0.0,0.0,0.0
BVH,2014-03-18,15:03:09,HOSE,STOCK,49.1,52.0,45.4,49.0,49.1,48.5,48.8,48.78,37.662,37.739,37.278,37.508,37.493,355110.0,17323627000.0,0.0,0.0,-0.3,-0.2306,-0.611
BVH,2014-03-17,15:03:24,HOSE,STOCK,49.7,52.5,45.7,49.7,49.8,48.9,49.1,49.25,38.2,38.277,37.585,37.739,37.854,595190.0,29311676000.0,0.0,0.0,-0.6,-0.4612,-1.2072
BVH,2014-03-14,15:03:05,HOSE,STOCK,51.0,53.0,46.3,50.5,51.0,49.4,49.7,49.92,38.815,39.199,37.969,38.2,38.369,519950.0,25955095000.0,0.0,0.0,-1.3,-0.9992,-2.549
BVH,2014-03-13,15:03:08,HOSE,STOCK,51.0,54.5,47.5,51.0,51.5,49.5,51.0,50.32,39.199,39.583,38.046,39.199,38.676,628310.0,31618541000.0,0.0,0.0,0.0,0.0,0.0
BVH,2014-03-12,15:03:06,HOSE,STOCK,49.8,54.5,47.5,50.5,53.0,50.0,51.0,51.58,38.815,40.736,38.431,39.199,39.645,945810.0,48788530000.0,0.0,0.0,1.2,0.9223,2.4096
BVH,2014-03-11,15:03:05,HOSE,STOCK,47.5,53.0,46.4,47.8,50.0,47.5,49.8,48.61,36.74,38.431,36.509,38.277,37.362,1208160.0,58734654000.0,0.0,0.0,2.3,1.7678,4.8421
BVH,2014-03-10,15:03:07,HOSE,STOCK,46.5,50.5,44.2,47.0,47.5,46.6,47.5,47.14,36.125,36.509,35.817,36.509,36.232,516970.0,24369772000.0,0.0,0.0,1.0,0.7686,2.1505
BVH,2014-03-07,15:03:10,HOSE,STOCK,46.3,49.7,43.3,46.5,47.1,46.4,46.5,46.7,35.74,36.202,35.664,35.74,35.894,189590.0,8853501000.0,0.0,0.0,0.2,0.1537,0.432
BVH,2014-03-06,15:03:09,HOSE,STOCK,46.1,49.5,43.1,46.0,46.6,46.0,46.3,46.21,35.356,35.817,35.356,35.587,35.517,312020.0,14418945000.0,0.0,0.0,0.2,0.1537,0.4338
BVH,2014-03-05,15:03:10,HOSE,STOCK,46.0,49.3,42.9,46.6,46.6,45.9,46.1,46.2,35.817,35.817,35.279,35.433,35.51,196390.0,9072277000.0,0.0,0.0,0.1,0.0769,0.2174
BVH,2014-03-04,15:03:09,HOSE,STOCK,46.5,49.2,42.8,45.6,46.5,45.3,46.0,45.87,35.049,35.74,34.818,35.356,35.256,321810.0,14760896000.0,0.0,0.0,-0.5,-0.3843,-1.0753
BVH,2014-03-03,15:03:11,HOSE,STOCK,46.9,49.7,43.3,47.5,48.1,46.5,46.5,47.39,36.509,36.97,35.74,35.74,36.424,423200.0,20053896000.0,0.0,0.0,-0.4,-0.3074,-0.8529
BVH,2014-02-28,15:02:21,HOSE,STOCK,46.6,50.0,43.7,47.0,47.9,46.4,46.9,46.93,36.125,36.816,35.664,36.048,36.071,480610.0,22554365000.0,0.0,0.0,0.3,0.2306,0.6438
BVH,2014-02-27,15:02:07,HOSE,STOCK,47.4,49.8,43.4,47.4,48.5,46.6,46.6,47.75,36.432,37.278,35.817,35.817,36.701,660790.0,31552751000.0,0.0,0.0,-0.8,-0.6149,-1.6878
BVH,2014-02-26,15:02:08,HOSE,STOCK,47.2,50.5,44.1,47.6,47.7,46.8,47.4,47.29,36.586,36.663,35.971,36.432,36.348,308640.0,14596300000.0,0.0,0.0,0.2,0.1537,0.4237
BVH,2014-02-25,15:02:08,HOSE,STOCK,46.3,50.5,43.9,46.3,47.3,46.0,47.2,46.88,35.587,36.355,35.356,36.278,36.032,520350.0,24392620000.0,0.0,0.0,0.9,0.6917,1.9438
BVH,2014-02-24,15:02:08,HOSE,STOCK,46.0,49.5,43.1,45.6,46.5,45.4,46.3,46.04,35.049,35.74,34.895,35.587,35.387,223550.0,10292891000.0,0.0,0.0,0.3,0.2306,0.6522
BVH,2014-02-21,15:02:07,HOSE,STOCK,46.1,49.2,42.8,46.0,47.0,45.4,46.0,45.96,35.356,36.125,34.895,35.356,35.325,287430.0,13209211000.0,0.0,0.0,-0.1,-0.0769,-0.2169
BVH,2014-02-20,15:02:16,HOSE,STOCK,48.1,49.3,42.9,48.0,48.2,44.8,46.1,46.84,36.893,37.047,34.434,35.433,36.002,663780.0,31089889000.0,0.0,0.0,-2.0,-1.5372,-4.158
BVH,2014-02-19,15:02:07,HOSE,STOCK,47.8,51.0,44.8,48.4,48.5,47.6,48.1,48.23,37.201,37.278,36.586,36.97,37.07,512560.0,24722217000.0,0.0,0.0,0.3,0.2306,0.6276
BVH,2014-02-18,15:02:08,HOSE,STOCK,47.5,51.0,44.5,47.0,48.3,47.0,47.8,47.6,36.125,37.124,36.125,36.74,36.586,292890.0,13940444000.0,0.0,0.0,0.3,0.2306,0.6316
BVH,2014-02-17,15:02:07,HOSE,STOCK,47.8,50.5,44.2,47.5,47.7,46.9,47.5,47.23,36.509,36.663,36.048,36.509,36.301,485480.0,22929820000.0,0.0,0.0,-0.3,-0.2306,-0.6276
BVH,2014-02-14,15:02:06,HOSE,STOCK,48.1,51.0,44.5,48.1,48.5,47.6,47.8,48.03,36.97,37.278,36.586,36.74,36.916,296390.0,14236407000.0,0.0,0.0,-0.3,-0.2306,-0.6237
BVH,2014-02-13,15:02:06,HOSE,STOCK,48.2,51.0,44.8,49.0,49.3,47.9,48.1,48.47,37.662,37.892,36.816,36.97,37.255,459580.0,22276318000.0,0.0,0.0,-0.1,-0.0769,-0.2075
BVH,2014-02-12,15:02:06,HOSE,STOCK,45.9,51.5,44.9,45.9,48.5,45.9,48.2,47.2,35.279,37.278,35.279,37.047,36.278,875470.0,41321590000.0,0.0,0.0,2.3,1.7678,5.0109
BVH,2014-02-11,15:02:13,HOSE,STOCK,46.3,49.1,42.7,47.0,47.0,45.7,45.9,46.52,36.125,36.125,35.125,35.279,35.756,642530.0,29890870000.0,0.0,0.0,-0.4,-0.3074,-0.8639
BVH,2014-02-10,15:02:21,HOSE,STOCK,46.3,49.5,43.1,46.7,46.7,45.5,46.3,46.01,35.894,35.894,34.972,35.587,35.364,483650.0,22255119000.0,0.0,0.0,0.0,0.0,0.0
BVH,2014-02-07,15:02:07,HOSE,STOCK,47.9,49.5,43.1,48.4,48.4,45.6,46.3,46.74,37.201,37.201,35.049,35.587,35.925,397570.0,18582703000.0,0.0,0.0,-1.6,-1.2298,-3.3403
BVH,2014-02-06,15:02:10,HOSE,STOCK,46.5,51.0,44.6,46.5,47.9,46.0,47.9,46.84,35.74,36.816,35.356,36.816,36.002,769170.0,36031548000.0,0.0,0.0,1.4,1.076,3.0108
BVH,2014-01-27,15:01:16,HOSE,STOCK,46.5,49.7,43.3,46.0,46.8,45.7,46.5,46.16,35.356,35.971,35.125,35.74,35.479,286130.0,13207786000.0,0.0,0.0,0.0,0.0,0.0
BVH,2014-01-24,15:01:07,HOSE,STOCK,46.0,49.2,42.8,46.5,47.2,45.3,46.0,46.26,35.74,36.278,34.818,35.356,35.556,738470.0,34158346000.0,0.0,0.0,0.0,0.0,0.0
BVH,2014-01-23,15:01:08,HOSE,STOCK,48.0,49.2,42.8,47.5,48.0,46.0,46.0,47.28,36.509,36.893,35.356,35.356,36.34,811960.0,38386000000.0,0.0,0.0,-2.0,-1.5372,-4.1667
BVH,2014-01-22,15:01:13,HOSE,STOCK,47.2,51.0,44.7,46.8,49.6,46.5,48.0,48.1,35.971,38.123,35.74,36.893,36.97,2055000.0,98841524000.0,0.0,0.0,0.8,0.6149,1.6949
BVH,2014-01-21,15:01:07,HOSE,STOCK,44.2,50.5,43.9,46.8,47.2,45.1,47.2,46.4,35.971,36.278,34.664,36.278,35.664,1724650.0,80031163000.0,0.0,0.0,3.0,2.3058,6.7873
BVH,2014-01-20,15:01:08,HOSE,STOCK,41.4,47.2,41.2,44.0,44.2,43.8,44.2,44.1,33.819,33.973,33.665,33.973,33.896,747920.0,32981106000.0,0.0,0.0,2.8,2.1521,6.7633
BVH,2014-01-17,15:01:06,HOSE,STOCK,38.7,44.2,38.6,39.5,41.4,39.5,41.4,40.68,30.36,31.82,30.36,31.82,31.267,2071220.0,84258944000.0,0.0,0.0,2.7,2.0752,6.9767
BVH,2014-01-16,15:01:09,HOSE,STOCK,38.8,41.4,36.0,38.8,39.0,38.5,38.7,38.74,29.822,29.976,29.591,29.745,29.776,310270.0,12021149000.0,0.0,0.0,-0.1,-0.0769,-0.2577
BVH,2014-01-15,15:01:07,HOSE,STOCK,38.8,41.5,36.1,38.8,39.0,38.7,38.8,38.85,29.822,29.976,29.745,29.822,29.861,312780.0,12150981000.0,0.0,0.0,0.0,0.0,0.0
BVH,2014-01-14,15:01:07,HOSE,STOCK,38.7,41.5,36.1,38.9,39.2,38.8,38.8,38.95,29.899,30.13,29.822,29.822,29.937,186640.0,7269914000.0,0.0,0.0,0.1,0.0769,0.2584
BVH,2014-01-13,15:01:07,HOSE,STOCK,39.1,41.4,36.0,39.2,39.2,38.7,38.7,38.97,30.13,30.13,29.745,29.745,29.953,125420.0,4887331000.0,0.0,0.0,-0.4,-0.3074,-1.023
BVH,2014-01-10,15:01:07,HOSE,STOCK,38.8,41.8,36.4,38.9,39.5,38.9,39.1,39.17,29.899,30.36,29.899,30.053,30.106,551860.0,21614616000.0,0.0,0.0,0.3,0.2306,0.7732
BVH,2014-01-09,15:01:09,HOSE,STOCK,38.4,41.5,36.1,38.4,38.8,38.2,38.8,38.46,29.515,29.822,29.361,29.822,29.561,420190.0,16158438000.0,0.0,0.0,0.4,0.3074,1.0417
BVH,2014-01-08,15:01:14,HOSE,STOCK,38.4,41.0,35.8,38.4,38.6,38.3,38.4,38.47,29.515,29.668,29.438,29.515,29.568,149880.0,5766217000.0,0.0,0.0,0.0,0.0,0.0
BVH,2014-01-07,15:01:05,HOSE,STOCK,38.3,40.9,35.7,38.3,38.8,38.3,38.4,38.57,29.438,29.822,29.438,29.515,29.645,224330.0,8651388000.0,0.0,0.0,0.1,0.0769,0.2611
BVH,2014-01-06,15:01:07,HOSE,STOCK,37.9,40.9,35.7,38.0,38.5,37.8,38.3,38.09,29.207,29.591,29.053,29.438,29.276,162320.0,6182373000.0,0.0,0.0,0.4,0.3074,1.0554
BVH,2014-01-03,15:01:07,HOSE,STOCK,37.8,40.5,35.3,38.0,38.0,37.7,37.9,37.89,29.207,29.207,28.977,29.13,29.123,87240.0,3305142000.0,0.0,0.0,0.1,0.0769,0.2646
BVH,2014-01-02,15:01:09,HOSE,STOCK,37.8,40.4,35.2,37.8,38.2,37.7,37.8,37.86,29.053,29.361,28.977,29.053,29.1,87000.0,3293547000.0,0.0,0.0,0.0,0.0,0.0
BVH,2013-12-31,15:12:05,HOSE,STOCK,37.5,40.4,35.2,37.5,38.0,37.5,37.8,37.77,28.823,29.207,28.823,29.053,29.03,196550.0,7423188000.0,0.0,0.0,0.3,0.2306,0.8
BVH,2013-12-30,15:12:10,HOSE,STOCK,38.3,40.1,34.9,38.1,38.2,37.4,37.5,37.84,29.284,29.361,28.746,28.823,29.084,314220.0,11888758000.0,0.0,0.0,-0.8,-0.6149,-2.0888
BVH,2013-12-27,16:12:11,HOSE,STOCK,38.5,40.9,35.7,38.5,38.7,38.3,38.3,38.53,29.591,29.745,29.438,29.438,29.615,132150.0,5091184000.0,0.0,0.0,-0.2,-0.1537,-0.5195
BVH,2013-12-26,15:12:05,HOSE,STOCK,38.4,41.1,35.9,38.4,38.7,38.4,38.5,38.51,29.515,29.745,29.515,29.591,29.599,209110.0,8053146000.0,0.0,0.0,0.1,0.0769,0.2604
BVH,2013-12-25,15:12:30,HOSE,STOCK,38.6,41.0,35.8,38.7,38.9,38.4,38.4,38.55,29.745,29.899,29.515,29.515,29.63,269420.0,10387059000.0,0.0,0.0,-0.2,-0.1537,-0.5181
BVH,2013-12-24,15:12:05,HOSE,STOCK,39.1,41.3,35.9,39.1,39.1,38.6,38.6,38.85,30.053,30.053,29.668,29.668,29.861,153150.0,5949960000.0,0.0,0.0,-0.5,-0.3843,-1.2788
BVH,2013-12-23,15:12:05,HOSE,STOCK,38.7,41.4,36.0,39.4,39.4,38.8,39.1,38.95,30.283,30.283,29.822,30.053,29.937,207330.0,8075137000.0,0.0,0.0,0.4,0.3074,1.0336
BVH,2013-12-20,16:12:45,HOSE,STOCK,38.8,41.4,36.0,39.0,39.5,38.7,38.7,38.81,29.976,30.36,29.745,29.745,29.83,911900.0,35395000000.0,0.0,0.0,-0.1,-0.0769,-0.2577
BVH,2013-12-19,15:12:07,HOSE,STOCK,38.9,41.5,36.1,38.9,39.2,38.8,38.8,38.95,29.899,30.13,29.822,29.822,29.937,320230.0,12471856000.0,0.0,0.0,-0.1,-0.0769,-0.2571
BVH,2013-12-18,15:12:11,HOSE,STOCK,39.0,41.6,36.2,38.7,39.0,38.7,38.9,38.81,29.745,29.976,29.745,29.899,29.83,146390.0,5681894000.0,0.0,0.0,-0.1,-0.0769,-0.2564
BVH,2013-12-17,15:12:05,HOSE,STOCK,38.8,41.7,36.3,38.8,39.2,38.6,39.0,38.79,29.822,30.13,29.668,29.976,29.814,445950.0,17297346000.0,0.0,0.0,0.2,0.1537,0.5155
BVH,2013-12-16,15:12:07,HOSE,STOCK,39.2,41.5,36.1,39.2,39.5,38.8,38.8,38.97,30.13,30.36,29.822,29.822,29.953,354730.0,13824726000.0,0.0,0.0,-0.4,-0.3074,-1.0204
BVH,2013-12-13,15:12:07,HOSE,STOCK,39.5,41.9,36.5,39.6,39.8,39.2,39.2,39.53,30.437,30.591,30.13,30.13,30.383,289410.0,11439912000.0,0.0,0.0,-0.3,-0.2306,-0.7595
BVH,2013-12-12,15:12:08,HOSE,STOCK,39.0,42.2,36.8,39.0,40.1,39.0,39.5,39.37,29.976,30.821,29.976,30.36,30.26,641530.0,25254407000.0,0.0,0.0,0.5,0.3843,1.2821
BVH,2013-12-11,16:12:44,HOSE,STOCK,40.1,41.7,36.3,40.2,40.3,38.9,39.0,39.33,30.898,30.975,29.899,29.976,30.229,850210.0,33435441000.0,0.0,0.0,-1.1,-0.8455,-2.7431
BVH,2013-12-10,15:12:09,HOSE,STOCK,40.5,42.9,37.3,40.9,40.9,40.0,40.1,40.37,31.436,31.436,30.744,30.821,31.029,281700.0,11372831000.0,0.0,0.0,-0.4,-0.3074,-0.9877
BVH,2013-12-09,15:12:24,HOSE,STOCK,40.5,43.3,37.7,40.9,40.9,40.5,40.5,40.62,31.436,31.436,31.129,31.129,31.221,278460.0,11311793000.0,0.0,0.0,0.0,0.0,0.0
BVH,2013-12-06,15:12:08,HOSE,STOCK,40.5,43.3,37.7,40.5,41.2,40.4,40.5,40.67,31.129,31.667,31.052,31.129,31.259,236720.0,9627353000.0,0.0,0.0,0.0,0.0,0.0
BVH,2013-12-05,15:12:15,HOSE,STOCK,41.0,43.3,37.7,40.7,41.0,40.4,40.5,40.62,31.282,31.513,31.052,31.129,31.221,370060.0,15030340000.0,0.0,0.0,-0.5,-0.3843,-1.2195
BVH,2013-12-04,15:12:08,HOSE,STOCK,41.3,43.8,38.2,41.5,41.5,41.0,41.0,41.23,31.897,31.897,31.513,31.513,31.69,263340.0,10857173000.0,0.0,0.0,-0.3,-0.2306,-0.7264
BVH,2013-12-03,15:12:03,HOSE,STOCK,40.7,44.1,38.5,40.6,41.6,40.6,41.3,41.32,31.206,31.974,31.206,31.744,31.759,364510.0,15061601000.0,0.0,0.0,0.6,0.4612,1.4742
BVH,2013-12-02,15:12:10,HOSE,STOCK,41.3,43.5,37.9,41.0,41.3,40.6,40.7,40.91,31.513,31.744,31.206,31.282,31.444,350780.0,14351678000.0,0.0,0.0,-0.6,-0.4612,-1.4528
BVH,2013-11-29,15:11:05,HOSE,STOCK,41.4,44.1,38.5,41.5,41.6,41.1,41.3,41.37,31.897,31.974,31.59,31.744,31.797,366970.0,15182776000.0,0.0,0.0,-0.1,-0.0769,-0.2415
BVH,2013-11-28,15:11:18,HOSE,STOCK,41.6,44.2,38.6,41.3,41.6,41.0,41.4,41.38,31.744,31.974,31.513,31.82,31.805,526090.0,21767098000.0,0.0,0.0,-0.2,-0.1537,-0.4808
BVH,2013-11-27,15:11:09,HOSE,STOCK,41.4,44.5,38.7,41.4,41.9,41.3,41.6,41.65,31.82,32.205,31.744,31.974,32.013,402030.0,16742830000.0,0.0,0.0,0.2,0.1537,0.4831
BVH,2013-11-26,15:11:14,HOSE,STOCK,41.0,44.2,38.6,40.9,41.9,40.8,41.4,41.5,31.436,32.205,31.359,31.82,31.897,638250.0,26490495000.0,0.0,0.0,0.4,0.3074,0.9756
BVH,2013-11-25,17:11:56,HOSE,STOCK,39.6,43.8,38.2,39.8,41.2,39.8,41.0,40.8,30.591,31.667,30.591,31.513,31.359,1360940.0,55522540000.0,0.0,0.0,1.4,1.0761,3.5354
BVH,2013-11-22,15:11:11,HOSE,STOCK,39.4,42.3,36.9,39.5,39.8,39.3,39.6,39.46,30.36,30.591,30.206,30.437,30.329,321260.0,12678426000.0,0.0,0.0,0.2,0.1537,0.5076
BVH,2013-11-21,15:11:07,HOSE,STOCK,39.5,42.1,36.7,39.6,40.3,39.3,39.4,39.72,30.437,30.975,30.206,30.283,30.529,922030.0,36624558000.0,0.0,0.0,-0.1,-0.0769,-0.2532
BVH,2013-11-20,15:11:53,HOSE,STOCK,39.6,42.2,36.8,39.7,39.8,39.3,39.5,39.53,30.514,30.591,30.206,30.36,30.383,335130.0,13248321000.0,0.0,0.0,-0.1,-0.0769,-0.2525
BVH,2013-11-19,15:11:08,HOSE,STOCK,39.6,42.3,36.9,39.6,39.9,39.5,39.6,39.7,30.437,30.668,30.36,30.437,30.514,444430.0,17644680000.0,0.0,0.0,0.0,0.0,0.0
BVH,2013-11-18,21:11:48,HOSE,STOCK,39.3,42.3,36.9,39.7,39.9,39.6,39.6,39.772,30.514,30.668,30.437,30.437,30.569,299580.0,11915000000.0,0.0,0.0,0.3,0.2306,0.7634
BVH,2013-11-15,16:11:48,HOSE,STOCK,39.0,41.7,36.3,39.3,39.5,39.1,39.3,39.32,30.206,30.36,30.053,30.206,30.222,119940.0,4715493000.0,0.0,0.0,0.3,0.2306,0.7692
BVH,2013-11-14,15:11:09,HOSE,STOCK,39.0,41.7,36.3,39.4,39.4,39.0,39.0,39.09,30.283,30.283,29.976,29.976,30.045,158670.0,6202901000.0,0.0,0.0,0.0,0.0,0.0
BVH,2013-11-13,16:11:02,HOSE,STOCK,39.4,41.7,36.3,39.4,39.4,38.9,39.0,39.14,30.283,30.283,29.899,29.976,30.083,426440.0,16691158000.0,0.0,0.0,-0.4,-0.3074,-1.0152
BVH,2013-11-12,16:11:38,HOSE,STOCK,39.9,42.1,36.7,39.9,40.0,39.2,39.4,39.55,30.668,30.744,30.13,30.283,30.399,405890.0,16053505000.0,0.0,0.0,-0.5,-0.3843,-1.2531
BVH,2013-11-11,15:11:35,HOSE,STOCK,39.6,42.6,37.2,39.5,40.1,39.5,39.9,39.89,30.36,30.821,30.36,30.668,30.66,353930.0,14118764000.0,0.0,0.0,0.3,0.2306,0.7576
BVH,2013-11-08,15:11:57,HOSE,STOCK,39.8,42.3,36.9,39.7,40.0,39.5,39.6,39.65,30.514,30.744,30.36,30.437,30.475,263450.0,10445270000.0,0.0,0.0,-0.2,-0.1537,-0.5025
BVH,2013-11-07,15:11:02,HOSE,STOCK,40.3,42.5,37.1,40.3,40.4,39.8,39.8,39.97,30.975,31.052,30.591,30.591,30.721,210070.0,8397199000.0,0.0,0.0,-0.5,-0.3843,-1.2407
BVH,2013-11-06,16:11:11,HOSE,STOCK,40.1,43.1,37.5,40.1,40.5,40.1,40.3,40.24,30.821,31.129,30.821,30.975,30.929,294640.0,11857444000.0,0.0,0.0,0.2,0.1537,0.4988
BVH,2013-11-05,15:11:56,HOSE,STOCK,39.5,42.9,37.3,39.5,40.1,39.5,40.1,39.91,30.36,30.821,30.36,30.821,30.675,276400.0,11031442000.0,0.0,0.0,0.6,0.4612,1.519
BVH,2013-11-04,15:11:03,HOSE,STOCK,39.4,42.2,36.8,39.4,39.7,39.4,39.5,39.55,30.283,30.514,30.283,30.36,30.399,162180.0,6414938000.0,0.0,0.0,0.1,0.0769,0.2538
BVH,2013-11-01,15:11:16,HOSE,STOCK,39.8,42.1,36.7,39.8,39.8,39.4,39.4,39.51,30.591,30.591,30.283,30.283,30.368,257000.0,10154627000.0,0.0,0.0,-0.4,-0.3074,-1.005
BVH,2013-10-31,15:10:00,HOSE,STOCK,40.3,42.5,37.1,40.0,40.2,39.6,39.8,39.82,30.744,30.898,30.437,30.591,30.606,264420.0,10528339000.0,0.0,0.0,-0.5,-0.3843,-1.2407
BVH,2013-10-30,15:10:03,HOSE,STOCK,40.3,43.1,37.5,40.4,40.4,40.0,40.3,40.29,31.052,31.052,30.744,30.975,30.967,182400.0,7348279000.0,0.0,0.0,0.0,0.0,0.0
BVH,2013-10-29,15:10:05,HOSE,STOCK,39.6,43.1,37.5,39.3,40.5,39.2,40.3,39.71,30.206,31.129,30.13,30.975,30.522,324090.0,12869967000.0,0.0,0.0,0.7,0.538,1.7677
BVH,2013-10-28,16:10:31,HOSE,STOCK,40.2,42.3,36.9,40.2,40.6,39.6,39.6,39.89,30.898,31.206,30.437,30.437,30.66,243490.0,9713663000.0,0.0,0.0,-0.6,-0.4612,-1.4925
BVH,2013-10-25,15:10:06,HOSE,STOCK,40.6,43.0,37.4,40.6,40.8,40.0,40.2,40.5,31.206,31.359,30.744,30.898,31.129,381110.0,15434800000.0,0.0,0.0,-0.4,-0.3074,-0.9852
BVH,2013-10-24,16:10:19,HOSE,STOCK,40.6,43.4,37.8,40.6,41.3,40.4,40.6,40.8,31.206,31.744,31.052,31.206,31.359,653950.0,26681185000.0,0.0,0.0,0.0,0.0,0.0
BVH,2013-10-23,17:10:41,HOSE,STOCK,39.6,42.3,36.9,39.8,40.8,39.8,40.6,40.453,30.591,31.359,30.591,31.206,31.093,719880.0,29121000000.0,0.0,0.0,1.0,0.7686,2.5253
BVH,2013-10-22,15:10:08,HOSE,STOCK,40.0,42.3,36.9,40.0,40.0,39.3,39.6,39.611,30.744,30.744,30.206,30.437,30.445,303390.0,12017511000.0,0.0,0.0,-0.4,-0.3074,-1.0
BVH,2013-10-21,15:10:07,HOSE,STOCK,39.3,42.8,37.2,39.5,40.7,39.3,40.0,39.92,30.36,31.282,30.206,30.744,30.683,839130.0,33500214000.0,0.0,0.0,0.7,0.538,1.7812
BVH,2013-10-18,15:10:12,HOSE,STOCK,39.1,42.0,36.6,39.0,39.4,38.8,39.3,39.2,29.976,30.283,29.822,30.206,30.13,409730.0,16062533000.0,0.0,0.0,0.2,0.1537,0.5115
BVH,2013-10-17,15:10:08,HOSE,STOCK,39.0,41.7,36.3,39.6,39.6,39.1,39.1,39.34,30.437,30.437,30.053,30.053,30.237,307310.0,12088117000.0,0.0,0.0,0.1,0.0769,0.2564
BVH,2013-10-16,15:10:08,HOSE,STOCK,38.3,41.7,36.3,38.4,39.2,38.4,39.0,38.89,29.515,30.13,29.515,29.976,29.891,306310.0,11913579000.0,0.0,0.0,0.7,0.538,1.8277
BVH,2013-10-15,15:10:11,HOSE,STOCK,38.0,40.9,35.7,38.0,38.5,38.0,38.3,38.3,29.207,29.591,29.207,29.438,29.438,296100.0,11341181000.0,0.0,0.0,0.3,0.2306,0.7895
BVH,2013-10-14,15:10:15,HOSE,STOCK,38.6,40.6,35.4,38.5,38.7,38.0,38.0,38.27,29.591,29.745,29.207,29.207,29.415,281280.0,10763506000.0,0.0,0.0,-0.6,-0.4612,-1.5544
BVH,2013-10-11,15:10:07,HOSE,STOCK,38.5,41.1,35.9,38.8,39.2,38.6,38.6,38.89,29.822,30.13,29.668,29.668,29.891,499030.0,19408922000.0,0.0,0.0,0.1,0.0769,0.2597
BVH,2013-10-10,15:10:08,HOSE,STOCK,39.2,41.1,35.9,39.2,39.5,38.5,38.5,39.01,30.13,30.36,29.591,29.591,29.983,867570.0,33842908000.0,0.0,0.0,-0.7,-0.538,-1.7857
BVH,2013-10-09,15:10:08,HOSE,STOCK,39.8,42.5,37.1,39.8,40.0,39.2,39.2,39.56,30.591,30.744,30.13,30.13,30.406,454490.0,17978116000.0,0.0,0.0,-0.6,-0.4612,-1.5075
BVH,2013-10-08,15:10:09,HOSE,STOCK,40.2,43.0,37.4,40.0,40.3,39.5,39.8,39.95,30.744,30.975,30.36,30.591,30.706,737000.0,29439978000.0,0.0,0.0,-0.4,-0.3074,-0.995
BVH,2013-10-07,15:10:05,HOSE,STOCK,39.1,41.8,36.4,39.2,40.4,39.2,40.2,39.92,30.13,31.052,30.13,30.898,30.683,706250.0,28190583000.0,0.0,0.0,1.1,0.8455,2.8133
BVH,2013-10-04,15:10:05,HOSE,STOCK,39.0,41.7,36.3,38.6,39.4,38.4,39.1,39.03,29.668,30.283,29.515,30.053,29.999,621780.0,24267885000.0,0.0,0.0,0.1,0.0769,0.2564
BVH,2013-10-03,15:10:12,HOSE,STOCK,39.5,41.7,36.3,39.5,39.5,38.8,39.0,39.07,30.36,30.36,29.822,29.976,30.03,696740.0,27223023000.0,0.0,0.0,-0.5,-0.3843,-1.2658
BVH,2013-10-02,15:10:10,HOSE,STOCK,38.4,42.2,36.8,38.6,39.5,38.6,39.5,39.11,29.668,30.36,29.668,30.36,30.06,764300.0,29895507000.0,0.0,0.0,1.1,0.8455,2.8646
BVH,2013-10-01,15:10:05,HOSE,STOCK,37.4,40.0,34.8,37.6,39.1,37.4,38.4,38.46,28.9,30.053,28.746,29.515,29.561,1583450.0,60899713000.0,0.0,0.0,1.0,0.7686,2.6738
BVH,2013-09-30,15:09:08,HOSE,STOCK,37.0,40.0,34.8,37.1,37.7,37.1,37.4,37.41,28.515,28.977,28.515,28.746,28.754,446980.0,16723406000.0,0.0,0.0,0.4,0.3074,1.0811
BVH,2013-09-27,15:09:07,HOSE,STOCK,37.0,39.5,34.5,37.2,37.6,36.7,37.0,37.11,28.592,28.9,28.208,28.439,28.523,639960.0,23751618000.0,0.0,0.0,0.0,0.0,0.0
BVH,2013-09-26,15:09:09,HOSE,STOCK,37.1,39.5,34.5,37.1,37.4,36.7,37.0,37.0,28.515,28.746,28.208,28.439,28.439,491080.0,18170901000.0,0.0,0.0,-0.1,-0.0769,-0.2695
BVH,2013-09-25,15:09:04,HOSE,STOCK,36.6,39.1,34.1,36.8,37.8,36.7,37.1,37.27,28.285,29.053,28.208,28.515,28.646,1161240.0,43278329000.0,0.0,0.0,0.5,0.3843,1.3661
BVH,2013-09-24,15:09:14,HOSE,STOCK,35.8,39.1,34.1,35.9,36.8,35.8,36.6,36.52,27.593,28.285,27.516,28.131,28.07,876510.0,32014228000.0,0.0,0.0,0.8,0.6149,2.2346
BVH,2013-09-23,16:09:10,HOSE,STOCK,35.5,37.9,33.1,35.4,36.0,35.3,35.8,35.68,27.209,27.67,27.132,27.516,27.424,353000.0,12595706000.0,0.0,0.0,0.3,0.2306,0.8451
BVH,2013-09-20,15:09:08,HOSE,STOCK,35.8,38.3,33.3,35.9,36.0,35.5,35.5,35.62,27.593,27.67,27.286,27.286,27.378,410790.0,14631623000.0,0.0,0.0,-0.3,-0.2306,-0.838
BVH,2013-09-19,15:09:03,HOSE,STOCK,34.9,38.3,33.3,35.5,36.8,35.4,35.8,35.84,27.286,28.285,27.209,27.516,27.547,1160760.0,41595892000.0,0.0,0.0,0.9,0.6917,2.5788
BVH,2013-09-18,15:09:08,HOSE,STOCK,35.5,37.3,32.5,35.5,35.6,34.9,34.9,35.1,27.286,27.363,26.824,26.824,26.978,343260.0,12047887000.0,0.0,0.0,-0.6,-0.4612,-1.6901
BVH,2013-09-17,15:09:04,HOSE,STOCK,35.1,37.9,33.1,35.1,35.7,35.1,35.5,35.41,26.978,27.439,26.978,27.286,27.216,267790.0,9481783000.0,0.0,0.0,0.4,0.3074,1.1396
BVH,2013-09-16,15:09:03,HOSE,STOCK,36.1,38.6,33.6,35.9,36.0,35.0,35.1,35.36,27.593,27.67,26.901,26.978,27.178,1000040.0,35357323000.0,0.0,0.0,-1.0,-0.7686,-2.7701
BVH,2013-09-13,15:09:09,HOSE,STOCK,36.2,38.6,33.6,36.2,36.7,36.1,36.1,36.3,27.824,28.208,27.747,27.747,27.901,812070.0,29477712000.0,0.0,0.0,-0.1,-0.0769,-0.2762
BVH,2013-09-12,15:09:05,HOSE,STOCK,36.4,38.7,33.7,36.2,36.5,36.1,36.2,36.32,27.824,28.054,27.747,27.824,27.916,265410.0,9640240000.0,0.0,0.0,-0.2,-0.1537,-0.5495
BVH,2013-09-11,15:09:08,HOSE,STOCK,36.3,38.9,33.9,36.5,36.9,36.0,36.4,36.55,28.054,28.362,27.67,27.977,28.093,510290.0,18651995000.0,0.0,0.0,0.1,0.0769,0.2755
BVH,2013-09-10,15:09:11,HOSE,STOCK,35.8,38.8,33.8,36.0,36.5,36.0,36.3,36.31,27.67,28.054,27.67,27.901,27.908,447830.0,16259921000.0,0.0,0.0,0.5,0.3843,1.3966
BVH,2013-09-09,15:09:08,HOSE,STOCK,37.0,38.3,33.3,36.5,36.6,35.7,35.8,36.03,28.054,28.131,27.439,27.516,27.693,497550.0,17925337000.0,0.0,0.0,-1.2,-0.9223,-3.2432
BVH,2013-09-06,15:09:19,HOSE,STOCK,36.6,39.5,34.5,36.9,37.4,35.9,37.0,36.87,28.362,28.746,27.593,28.439,28.339,826040.0,30458833000.0,0.0,0.0,0.4,0.3074,1.0929
BVH,2013-09-05,15:09:08,HOSE,STOCK,34.6,39.1,34.1,34.7,36.7,34.7,36.6,35.68,26.671,28.208,26.671,28.131,27.424,742230.0,26484708000.0,0.0,0.0,2.0,1.5372,5.7803
BVH,2013-09-04,15:09:04,HOSE,STOCK,35.6,38.0,33.2,35.6,35.7,34.4,34.6,34.87,27.363,27.439,26.44,26.594,26.801,445240.0,15523555000.0,0.0,0.0,-1.0,-0.7686,-2.809
BVH,2013-09-03,15:09:05,HOSE,STOCK,35.9,38.4,33.4,36.0,36.9,35.6,35.6,36.15,27.67,28.362,27.363,27.363,27.785,570120.0,20609067000.0,0.0,0.0,-0.3,-0.2306,-0.8357
BVH,2013-08-30,15:08:10,HOSE,STOCK,35.9,38.4,33.4,34.0,35.9,33.6,35.9,34.67,26.133,27.593,25.825,27.593,26.648,516020.0,17890111000.0,0.0,0.0,0.0,0.0,0.0
BVH,2013-08-29,15:08:12,HOSE,STOCK,35.6,36.3,31.7,35.9,36.3,34.0,34.0,35.26,27.593,27.901,26.133,26.133,27.101,1023100.0,36075124000.0,0.0,0.0,-1.6,-1.2298,-4.4944
BVH,2013-08-28,15:08:08,HOSE,STOCK,38.0,38.0,33.2,37.4,37.5,35.6,35.6,36.37,28.746,28.823,27.363,27.363,27.954,1126120.0,40961690000.0,0.0,0.0,-2.4,-1.8447,-6.3158
BVH,2013-08-27,15:08:05,HOSE,STOCK,39.0,40.6,35.4,39.0,39.0,38.0,38.0,38.34,29.976,29.976,29.207,29.207,29.469,241540.0,9261263000.0,0.0,0.0,-1.0,-0.7686,-2.5641
BVH,2013-08-26,15:08:12,HOSE,STOCK,38.7,41.7,36.3,38.7,39.1,37.2,39.0,38.11,29.745,30.053,28.592,29.976,29.292,716250.0,27296682000.0,0.0,0.0,0.3,0.2306,0.7752
BVH,2013-08-23,15:08:13,HOSE,STOCK,41.1,41.4,36.0,41.2,41.4,38.3,38.7,39.67,31.667,31.82,29.438,29.745,30.491,1442460.0,57228117000.0,0.0,0.0,-2.4,-1.8447,-5.8394
BVH,2013-08-22,15:08:08,HOSE,STOCK,41.8,43.9,38.3,42.0,42.0,40.9,41.1,41.29,32.282,32.282,31.436,31.59,31.736,533840.0,22041040000.0,0.0,0.0,-0.7,-0.538,-1.6746
BVH,2013-08-21,15:08:07,HOSE,STOCK,42.1,45.0,39.2,42.1,42.2,41.6,41.8,41.92,32.358,32.435,31.974,32.128,32.22,388030.0,16266845000.0,0.0,0.0,-0.3,-0.2306,-0.7126
BVH,2013-08-20,15:08:05,HOSE,STOCK,42.6,45.0,39.2,42.7,42.9,42.1,42.1,42.47,32.82,32.973,32.358,32.358,32.643,377410.0,16030319000.0,0.0,0.0,-0.5,-0.3843,-1.1737
BVH,2013-08-19,15:08:05,HOSE,STOCK,41.9,44.8,39.0,42.2,43.3,42.0,42.6,42.7,32.435,33.281,32.282,32.743,32.82,887740.0,37910634000.0,0.0,0.0,0.7,0.538,1.6706
BVH,2013-08-16,15:08:04,HOSE,STOCK,41.9,44.8,39.0,42.0,42.2,41.7,41.9,41.93,32.282,32.435,32.051,32.205,32.228,344680.0,14453576000.0,0.0,0.0,0.0,0.0,0.0
BVH,2013-08-15,15:08:04,HOSE,STOCK,41.8,44.8,39.0,41.8,42.5,41.8,41.9,42.18,32.128,32.666,32.128,32.205,32.42,683660.0,28835878000.0,0.0,0.0,0.1,0.0769,0.2392
BVH,2013-08-14,15:08:14,HOSE,STOCK,41.2,44.0,38.4,41.5,41.8,41.1,41.8,41.55,31.897,32.128,31.59,32.128,31.936,376600.0,15648780000.0,0.0,0.0,0.6,0.4612,1.4563
BVH,2013-08-13,15:08:05,HOSE,STOCK,41.8,44.0,38.4,42.0,42.0,41.2,41.2,41.51,32.282,32.282,31.667,31.667,31.905,274170.0,11380893000.0,0.0,0.0,-0.6,-0.4612,-1.4354
BVH,2013-08-12,15:08:05,HOSE,STOCK,41.8,44.7,38.9,42.0,42.3,41.6,41.8,41.74,32.282,32.512,31.974,32.128,32.082,116310.0,4855221000.0,0.0,0.0,0.0,0.0,0.0
BVH,2013-08-09,15:08:04,HOSE,STOCK,41.6,44.7,38.9,41.9,42.2,41.8,41.8,41.95,32.205,32.435,32.128,32.128,32.243,397980.0,16696783000.0,0.0,0.0,0.2,0.1537,0.4808
BVH,2013-08-08,15:08:05,HOSE,STOCK,42.1,44.5,38.7,42.1,42.7,41.6,41.6,42.01,32.358,32.82,31.974,31.974,32.289,226050.0,9495438000.0,0.0,0.0,-0.5,-0.3843,-1.1876
BVH,2013-08-07,15:08:04,HOSE,STOCK,41.8,45.0,39.2,41.8,42.6,41.6,42.1,42.26,32.128,32.743,31.974,32.358,32.481,452160.0,19109088000.0,0.0,0.0,0.3,0.2306,0.7177
BVH,2013-08-06,15:08:05,HOSE,STOCK,41.8,44.7,38.9,41.8,42.0,41.5,41.8,41.702,32.128,32.282,31.897,32.128,32.053,163470.0,6817000000.0,0.0,0.0,0.0,0.0,0.0
BVH,2013-08-05,15:08:04,HOSE,STOCK,41.7,44.7,38.9,42.1,42.1,41.5,41.8,41.72,32.358,32.358,31.897,32.128,32.066,211440.0,8820608000.0,0.0,0.0,0.1,0.0769,0.2398
BVH,2013-08-02,15:08:04,HOSE,STOCK,41.3,44.6,38.8,41.3,42.2,41.3,41.7,41.8,31.744,32.435,31.744,32.051,32.128,152070.0,6356021000.0,0.0,0.0,0.4,0.3074,0.9685
BVH,2013-08-01,15:08:05,HOSE,STOCK,41.7,44.1,38.5,41.6,41.8,41.0,41.3,41.47,31.974,32.128,31.513,31.744,31.874,424170.0,17589912000.0,0.0,0.0,-0.4,-0.3074,-0.9592
BVH,2013-07-31,15:07:06,HOSE,STOCK,41.9,44.6,38.8,42.0,42.0,41.5,41.7,41.7,32.282,32.282,31.897,32.051,32.051,242200.0,10099930000.0,0.0,0.0,-0.2,-0.1537,-0.4773
BVH,2013-07-30,15:07:10,HOSE,STOCK,41.3,44.1,38.5,41.3,42.0,41.3,41.9,41.76,31.744,32.282,31.744,32.205,32.097,124180.0,5185214000.0,0.0,0.0,0.6,0.4612,1.4528
BVH,2013-07-29,15:07:04,HOSE,STOCK,42.5,45.4,39.6,42.5,42.5,41.1,41.3,41.58,32.666,32.666,31.59,31.744,31.959,259560.0,10791420000.0,0.0,0.0,-1.2,-0.9223,-2.8235
BVH,2013-07-26,15:07:05,HOSE,STOCK,42.0,44.9,39.1,42.5,43.4,41.7,42.5,42.23,32.666,33.358,32.051,32.666,32.458,288430.0,12180933000.0,0.0,0.0,0.5,0.3843,1.1905
BVH,2013-07-25,15:07:04,HOSE,STOCK,43.2,46.2,40.2,43.2,43.5,42.0,42.0,42.6,33.204,33.435,32.282,32.282,32.743,329660.0,14044200000.0,0.0,0.0,-1.2,-0.9223,-2.7778
BVH,2013-07-24,15:07:04,HOSE,STOCK,44.6,47.7,41.5,44.6,44.7,43.2,43.2,43.71,34.28,34.357,33.204,33.204,33.596,335750.0,14676833000.0,0.0,0.0,-1.4,-1.0761,-3.139
BVH,2013-07-23,15:07:09,HOSE,STOCK,46.3,49.5,43.1,46.1,46.1,44.1,44.6,45.304,35.433,35.433,33.896,34.28,34.821,257300.0,11656756000.0,0.0,0.0,-1.7,-1.3066,-3.6717
BVH,2013-07-22,15:07:03,HOSE,STOCK,46.3,49.5,43.1,44.5,46.3,44.5,46.3,45.34,34.203,35.587,34.203,35.587,34.849,795220.0,36058052000.0,0.0,0.0,0.0,0.0,0.0
BVH,2013-07-19,14:07:05,HOSE,STOCK,42.6,45.5,39.7,42.6,44.4,42.6,44.0,43.576,32.743,34.126,32.743,33.819,33.493,498370.0,21717000000.0,0.0,0.0,1.4,1.0761,3.2864
BVH,2013-07-18,14:07:05,HOSE,STOCK,42.9,45.9,39.9,43.0,43.2,42.6,42.6,42.83,33.05,33.204,32.743,32.743,32.92,208690.0,8937340000.0,0.0,0.0,-0.3,-0.2306,-0.6993
BVH,2013-07-17,14:07:05,HOSE,STOCK,43.2,46.2,40.2,43.1,43.2,42.6,42.9,42.89,33.127,33.204,32.743,32.973,32.966,292530.0,12545699000.0,0.0,0.0,-0.3,-0.2306,-0.6944
BVH,2013-07-16,14:07:03,HOSE,STOCK,43.4,46.4,40.4,43.1,43.5,43.1,43.2,43.32,33.127,33.435,33.127,33.204,33.296,209650.0,9081250000.0,0.0,0.0,-0.2,-0.1537,-0.4608
BVH,2013-07-15,14:07:05,HOSE,STOCK,42.6,45.5,39.7,42.8,43.8,42.7,43.4,43.29,32.897,33.665,32.82,33.358,33.273,393400.0,17031221000.0,0.0,0.0,0.8,0.6149,1.8779
BVH,2013-07-12,14:07:04,HOSE,STOCK,41.5,44.4,38.6,41.7,42.6,41.7,42.6,42.187,32.051,32.743,32.051,32.743,32.425,253280.0,10685000000.0,0.0,0.0,1.1,0.8455,2.6506
BVH,2013-07-11,14:07:04,HOSE,STOCK,41.7,44.6,38.8,41.8,41.9,41.0,41.5,41.28,32.128,32.205,31.513,31.897,31.728,383780.0,15843094000.0,0.0,0.0,-0.2,-0.1537,-0.4796
BVH,2013-07-10,14:07:05,HOSE,STOCK,42.3,45.2,39.4,42.7,42.7,41.7,41.7,41.9,32.82,32.82,32.051,32.051,32.205,228200.0,9561822000.0,0.0,0.0,-0.6,-0.4612,-1.4184
BVH,2013-07-09,14:07:05,HOSE,STOCK,42.6,45.5,39.7,42.6,42.7,42.2,42.3,42.414,32.743,32.82,32.435,32.512,32.6,66040.0,2801000000.0,0.0,0.0,-0.3,-0.2306,-0.7042
BVH,2013-07-08,14:07:04,HOSE,STOCK,42.6,45.5,39.7,42.4,42.8,42.0,42.6,42.443,32.589,32.897,32.282,32.743,32.622,163890.0,6956000000.0,0.0,0.0,0.0,0.0,0.0
BVH,2013-07-05,14:07:03,HOSE,STOCK,42.5,45.4,39.6,42.9,43.0,42.4,42.4,42.6,32.973,33.05,32.589,32.589,32.743,231780.0,9874036000.0,0.0,0.0,-0.1,-0.0769,-0.2353
BVH,2013-07-04,14:07:04,HOSE,STOCK,42.5,45.4,39.6,42.9,42.9,42.5,42.5,42.61,32.973,32.973,32.666,32.666,32.75,111030.0,4731307000.0,0.0,0.0,0.0,0.0,0.0
BVH,2013-07-03,14:07:06,HOSE,STOCK,43.5,46.5,40.5,43.3,43.5,42.5,42.5,42.71,33.281,33.435,32.666,32.666,32.827,328970.0,14050466000.0,0.0,0.0,-1.0,-0.7686,-2.2989
BVH,2013-07-02,14:07:05,HOSE,STOCK,41.7,44.6,38.8,41.5,43.5,41.5,43.5,42.74,31.897,33.435,31.897,33.435,32.85,441260.0,18859725000.0,0.0,0.0,1.8,1.3835,4.3165
BVH,2013-07-01,14:07:04,HOSE,STOCK,42.1,45.0,39.2,42.1,42.4,41.1,41.7,41.71,32.358,32.589,31.59,32.051,32.059,215080.0,8970279000.0,0.0,0.0,-0.4,-0.3074,-0.9501
BVH,2013-06-28,14:06:04,HOSE,STOCK,42.7,45.6,39.8,43.2,43.5,42.1,42.1,42.84,33.204,33.435,32.358,32.358,32.927,384410.0,16468629000.0,0.0,0.0,-0.6,-0.4612,-1.4052
BVH,2013-06-27,14:06:05,HOSE,STOCK,41.5,44.4,38.6,41.5,42.8,41.5,42.7,42.14,31.897,32.897,31.897,32.82,32.389,373900.0,15755979000.0,0.0,0.0,1.2,0.9223,2.8916
BVH,2013-06-26,14:06:03,HOSE,STOCK,43.0,46.0,40.0,42.1,43.3,41.0,41.5,41.97,32.358,33.281,31.513,31.897,32.259,655490.0,27513908000.0,0.0,0.0,-1.5,-1.1529,-3.4884
BVH,2013-06-25,14:06:04,HOSE,STOCK,45.9,49.1,42.7,45.5,45.8,42.7,43.0,43.56,34.972,35.202,32.82,33.05,33.481,752980.0,32802766000.0,0.0,0.0,-2.9,-2.229,-6.3181
BVH,2013-06-24,14:06:05,HOSE,STOCK,47.6,50.5,44.3,47.9,47.9,45.5,45.9,46.477,36.816,36.816,34.972,35.279,35.723,652620.0,30332000000.0,0.0,0.0,-1.7,-1.3066,-3.5714
BVH,2013-06-21,14:06:04,HOSE,STOCK,48.0,51.0,44.7,47.8,49.0,47.6,47.6,47.694,36.74,37.662,36.586,36.586,36.658,631730.0,30130000000.0,0.0,0.0,-0.4,-0.3074,-0.8333
BVH,2013-06-20,14:06:05,HOSE,STOCK,49.5,52.5,46.1,49.0,49.7,48.0,48.0,48.311,37.662,38.2,36.893,36.893,37.132,226720.0,10953000000.0,0.0,0.0,-1.5,-1.1529,-3.0303
BVH,2013-06-19,14:06:04,HOSE,STOCK,47.7,51.0,44.4,48.4,49.8,48.0,49.5,49.176,37.201,38.277,36.893,38.046,37.797,283270.0,13930000000.0,0.0,0.0,1.8,1.3835,3.7736
BVH,2013-06-18,14:06:05,HOSE,STOCK,47.4,50.5,44.1,47.2,48.0,47.0,47.7,47.35,36.278,36.893,36.125,36.663,36.394,314090.0,14871796000.0,0.0,0.0,0.3,0.2306,0.6329
BVH,2013-06-17,14:06:04,HOSE,STOCK,49.0,52.0,45.6,49.0,50.0,47.3,47.4,48.63,37.662,38.431,36.355,36.432,37.378,498610.0,24246759000.0,0.0,0.0,-1.6,-1.2298,-3.2653
BVH,2013-06-14,14:06:04,HOSE,STOCK,50.5,54.0,47.0,50.5,51.0,49.0,49.0,49.734,38.815,39.199,37.662,37.662,38.226,336710.0,16746000000.0,0.0,0.0,-1.5,-1.1529,-2.9703
BVH,2013-06-13,14:06:04,HOSE,STOCK,51.5,53.5,46.5,51.0,51.5,49.9,50.5,50.34,39.199,39.583,38.354,38.815,38.692,327130.0,16468850000.0,0.0,0.0,-1.0,-0.7686,-1.9417
BVH,2013-06-12,14:06:04,HOSE,STOCK,52.5,56.0,48.9,52.5,53.5,51.5,51.5,52.03,39.178,39.924,38.432,38.432,38.827,387250.0,20146865000.0,0.0,0.0,-1.0,-0.7463,-1.9048
BVH,2013-06-11,14:06:05,HOSE,STOCK,52.0,55.5,48.4,52.5,53.5,52.5,52.5,52.82,39.178,39.924,39.178,39.178,39.417,403170.0,21296130000.0,0.0,0.0,0.5,0.3731,0.9615
BVH,2013-06-10,14:06:04,HOSE,STOCK,52.0,55.5,48.4,52.5,55.0,52.0,52.0,53.24,39.178,41.043,38.805,38.805,39.73,757000.0,40303415000.0,0.0,0.0,0.0,0.0,0.0
BVH,2013-06-07,14:06:04,HOSE,STOCK,52.0,55.5,48.4,52.5,53.0,52.0,52.0,52.44,39.178,39.551,38.805,38.805,39.133,279000.0,14632135000.0,0.0,0.0,0.0,0.0,0.0
BVH,2013-06-06,14:06:07,HOSE,STOCK,51.5,55.0,47.9,51.5,52.0,51.0,52.0,51.46,38.432,38.805,38.058,38.805,38.402,164810.0,8481510000.0,0.0,0.0,0.5,0.3731,0.9709
BVH,2013-06-05,14:06:04,HOSE,STOCK,50.0,53.5,46.5,51.0,51.5,50.5,51.5,51.118,38.058,38.432,37.685,38.432,38.146,108630.0,5553000000.0,0.0,0.0,1.5,1.1194,3.0
BVH,2013-06-04,14:06:07,HOSE,STOCK,51.5,55.0,47.9,52.0,52.5,50.0,50.0,51.25,38.805,39.178,37.312,37.312,38.245,350810.0,17978805000.0,0.0,0.0,-1.5,-1.1194,-2.9126
BVH,2013-06-03,14:06:05,HOSE,STOCK,51.5,55.0,47.9,52.0,52.5,51.0,51.5,51.69,38.805,39.178,38.058,38.432,38.573,104940.0,5424505000.0,0.0,0.0,0.0,0.0,0.0
BVH,2013-05-31,14:05:04,HOSE,STOCK,52.5,56.0,48.9,53.5,53.5,51.5,51.5,52.386,39.924,39.924,38.432,38.432,39.093,222730.0,11668000000.0,0.0,0.0,-1.0,-0.7463,-1.9048
BVH,2013-05-30,14:05:05,HOSE,STOCK,51.5,55.0,47.9,52.0,53.0,51.0,52.5,51.89,38.805,39.551,38.058,39.178,38.723,174570.0,9059030000.0,0.0,0.0,1.0,0.7462,1.9417
BVH,2013-05-29,14:05:03,HOSE,STOCK,53.0,56.5,49.3,53.5,53.5,51.5,51.5,52.51,39.924,39.924,38.432,38.432,39.185,259940.0,13649350000.0,0.0,0.0,-1.5,-1.1194,-2.8302
BVH,2013-05-28,14:05:05,HOSE,STOCK,52.5,56.0,48.9,53.0,54.5,52.5,53.0,53.33,39.551,40.67,39.178,39.551,39.797,381730.0,20357605000.0,0.0,0.0,0.5,0.3731,0.9524
BVH,2013-05-27,14:05:04,HOSE,STOCK,52.0,55.5,48.4,53.0,53.5,52.5,52.5,52.97,39.551,39.924,39.178,39.178,39.529,246970.0,13082735000.0,0.0,0.0,0.5,0.3731,0.9615
BVH,2013-05-24,14:05:03,HOSE,STOCK,52.5,56.0,48.9,52.0,53.5,52.0,52.0,52.352,38.805,39.924,38.805,38.805,39.067,217430.0,11383000000.0,0.0,0.0,-0.5,-0.3731,-0.9524
BVH,2013-05-23,14:05:05,HOSE,STOCK,54.0,57.5,50.5,53.0,54.5,52.5,52.5,53.449,39.551,40.67,39.178,39.178,39.886,338080.0,18070000000.0,0.0,0.0,-1.5,-1.1194,-2.7778
BVH,2013-05-22,14:05:04,HOSE,STOCK,52.0,55.5,48.4,53.0,55.0,52.5,54.0,53.86,39.551,41.043,39.178,40.297,40.193,572400.0,30829325000.0,0.0,0.0,2.0,1.4925,3.8462
BVH,2013-05-21,14:05:05,HOSE,STOCK,51.5,55.0,47.9,51.5,52.5,50.5,52.0,51.728,38.432,39.178,37.685,38.805,38.602,269990.0,13966000000.0,0.0,0.0,0.5,0.3731,0.9709
BVH,2013-05-20,14:05:05,HOSE,STOCK,50.0,53.5,46.5,51.0,52.0,49.5,51.5,50.935,38.058,38.805,36.939,38.432,38.01,75920.0,3867000000.0,0.0,0.0,1.5,1.1194,3.0
BVH,2013-05-17,14:05:03,HOSE,STOCK,51.5,55.0,47.9,51.5,51.5,50.0,50.0,50.45,38.432,38.432,37.312,37.312,37.648,85590.0,4318000000.0,0.0,0.0,-1.5,-1.1194,-2.9126
BVH,2013-05-16,14:05:07,HOSE,STOCK,51.5,55.0,47.9,51.0,52.0,50.5,51.5,51.436,38.058,38.805,37.685,38.432,38.384,255190.0,13126000000.0,0.0,0.0,0.0,0.0,0.0
BVH,2013-05-15,14:05:04,HOSE,STOCK,51.0,54.5,47.5,51.5,52.0,50.0,51.5,51.346,38.432,38.805,37.312,38.432,38.317,44560.0,2288000000.0,0.0,0.0,0.5,0.3731,0.9804
BVH,2013-05-14,14:05:05,HOSE,STOCK,53.0,56.5,49.3,53.0,53.0,50.5,51.0,51.443,39.551,39.551,37.685,38.058,38.389,172870.0,8893000000.0,0.0,0.0,-2.0,-1.4925,-3.7736
BVH,2013-05-13,14:05:05,HOSE,STOCK,50.5,54.0,47.0,50.5,53.0,50.5,53.0,52.23,37.685,39.551,37.685,39.551,38.976,453840.0,23704000000.0,0.0,0.0,2.5,1.8656,4.9505
BVH,2013-05-10,14:05:04,HOSE,STOCK,50.0,53.5,46.5,50.0,51.0,50.0,50.5,50.447,37.312,38.058,37.312,37.685,37.646,242770.0,12247000000.0,0.0,0.0,0.5,0.3731,1.0
BVH,2013-05-09,14:05:04,HOSE,STOCK,49.5,52.5,46.1,49.5,51.0,49.5,50.0,50.177,36.939,38.058,36.939,37.312,37.444,270840.0,13590000000.0,0.0,0.0,0.5,0.3731,1.0101
BVH,2013-05-08,14:05:03,HOSE,STOCK,50.5,54.0,47.0,50.0,50.5,49.1,49.5,49.644,37.312,37.685,36.641,36.939,37.047,101240.0,5026000000.0,0.0,0.0,-1.0,-0.7462,-1.9802
BVH,2013-05-07,14:05:05,HOSE,STOCK,49.2,52.5,45.8,49.2,51.0,48.5,50.5,49.878,36.715,38.058,36.193,37.685,37.221,441300.0,22011000000.0,0.0,0.0,1.3,0.9701,2.6423
BVH,2013-05-06,14:05:04,HOSE,STOCK,46.1,49.3,42.9,46.9,49.2,46.4,49.2,48.114,34.999,36.715,34.626,36.715,35.905,324270.0,15602000000.0,0.0,0.0,3.1,2.3133,6.7245
BVH,2013-05-03,14:05:03,HOSE,STOCK,46.0,49.2,42.8,46.0,46.7,46.0,46.1,46.1,34.327,34.85,34.327,34.402,34.402,71930.0,3316000000.0,0.0,0.0,0.1,0.0746,0.2174
BVH,2013-05-02,14:05:05,HOSE,STOCK,46.9,50.0,43.7,46.5,47.3,46.0,46.0,46.55,34.7,35.297,34.327,34.327,34.738,78260.0,3643000000.0,0.0,0.0,-0.9,-0.6716,-1.919
BVH,2013-04-26,14:04:03,HOSE,STOCK,46.0,49.2,42.8,46.5,47.3,45.6,46.9,46.626,34.7,35.297,34.029,34.999,34.794,302020.0,14082000000.0,0.0,0.0,0.9,0.6716,1.9565
BVH,2013-04-25,14:04:04,HOSE,STOCK,45.2,48.3,42.1,45.2,47.5,45.2,46.0,46.698,33.73,35.447,33.73,34.327,34.848,188060.0,8782000000.0,0.0,0.0,0.8,0.597,1.7699
BVH,2013-04-24,14:04:03,HOSE,STOCK,46.0,49.2,42.8,46.0,46.4,45.0,45.2,45.714,34.327,34.626,33.581,33.73,34.114,234740.0,10731000000.0,0.0,0.0,-0.8,-0.597,-1.7391
BVH,2013-04-23,14:04:05,HOSE,STOCK,45.0,48.1,41.9,45.0,46.5,45.0,46.0,46.109,33.581,34.7,33.581,34.327,34.409,206230.0,9509000000.0,0.0,0.0,1.0,0.7462,2.2222
BVH,2013-04-22,14:04:09,HOSE,STOCK,45.0,48.1,41.9,45.0,45.7,44.4,45.0,45.088,33.581,34.103,33.133,33.581,33.647,430050.0,19390000000.0,0.0,0.0,0.0,0.0,0.0
BVH,2013-04-18,14:04:06,HOSE,STOCK,47.7,51.0,44.4,47.6,47.6,45.0,45.0,45.884,35.521,35.521,33.581,33.581,34.241,361850.0,16603000000.0,0.0,0.0,-2.7,-2.0149,-5.6604
BVH,2013-04-17,14:04:07,HOSE,STOCK,47.5,50.5,44.2,48.5,49.0,47.4,47.7,47.883,36.193,36.566,35.372,35.596,35.732,187330.0,8970000000.0,0.0,0.0,0.2,0.1492,0.4211
BVH,2013-04-16,14:04:07,HOSE,STOCK,48.8,52.0,45.4,47.6,48.9,46.3,47.5,47.53,35.521,36.491,34.551,35.447,35.469,419780.0,19952000000.0,0.0,0.0,-1.3,-0.9701,-2.6639
BVH,2013-04-15,14:04:04,HOSE,STOCK,51.0,54.5,47.5,50.5,50.5,48.8,48.8,49.709,37.685,37.685,36.417,36.417,37.095,364260.0,18107000000.0,0.0,0.0,-2.2,-1.6418,-4.3137
BVH,2013-04-12,14:04:04,HOSE,STOCK,52.0,55.5,48.4,52.0,53.0,50.0,51.0,51.415,38.805,39.551,37.312,38.058,38.368,694430.0,35704000000.0,0.0,0.0,-1.0,-0.7462,-1.9231
BVH,2013-04-11,14:04:05,HOSE,STOCK,51.0,54.5,47.5,51.0,52.5,51.0,52.0,51.894,38.058,39.178,38.058,38.805,38.726,509350.0,26432000000.0,0.0,0.0,1.0,0.7463,1.9608
BVH,2013-04-10,14:04:04,HOSE,STOCK,54.5,58.0,51.0,54.5,55.0,51.0,51.0,52.853,40.67,41.043,38.058,38.058,39.441,490850.0,25943000000.0,0.0,0.0,-3.5,-2.6118,-6.422
BVH,2013-04-09,14:04:04,HOSE,STOCK,56.0,59.5,52.5,55.0,56.0,54.5,54.5,55.104,41.043,41.79,40.67,40.67,41.121,222780.0,12276000000.0,0.0,0.0,-1.5,-1.1194,-2.6786
BVH,2013-04-08,14:04:04,HOSE,STOCK,55.0,58.5,51.5,56.0,56.0,54.5,56.0,55.632,41.79,41.79,40.67,41.79,41.515,322530.0,17943000000.0,0.0,0.0,1.0,0.7463,1.8182
BVH,2013-04-05,14:04:04,HOSE,STOCK,53.0,56.5,49.3,53.5,55.0,53.0,55.0,53.918,39.924,41.043,39.551,41.043,40.236,250880.0,13527000000.0,0.0,0.0,2.0,1.4925,3.7736
BVH,2013-04-04,14:04:05,HOSE,STOCK,55.0,58.5,51.5,55.0,56.0,53.0,53.0,54.481,41.043,41.79,39.551,39.551,40.656,654690.0,35668000000.0,0.0,0.0,-2.0,-1.4925,-3.6364
BVH,2013-04-03,14:04:03,HOSE,STOCK,56.0,59.5,52.5,55.5,57.0,55.0,55.0,55.749,41.417,42.536,41.043,41.043,41.602,609810.0,33996000000.0,0.0,0.0,-1.0,-0.7462,-1.7857
BVH,2013-04-02,14:04:04,HOSE,STOCK,53.0,56.5,49.3,53.5,56.5,53.5,56.0,55.856,39.924,42.163,39.924,41.79,41.682,991010.0,55354000000.0,0.0,0.0,3.0,2.2388,5.6604
BVH,2013-04-01,14:04:04,HOSE,STOCK,49.6,53.0,46.2,50.0,53.0,49.8,53.0,51.824,37.312,39.551,37.163,39.551,38.673,723530.0,37496000000.0,0.0,0.0,3.4,2.5372,6.8548
BVH,2013-03-29,14:03:04,HOSE,STOCK,50.5,54.0,47.0,50.0,50.5,49.6,49.6,49.89,37.312,37.685,37.014,37.014,37.23,314430.0,15687000000.0,0.0,0.0,-0.9,-0.6716,-1.7822
BVH,2013-03-28,14:03:05,HOSE,STOCK,50.5,54.0,47.0,50.5,51.0,50.0,50.5,50.497,37.685,38.058,37.312,37.685,37.683,202130.0,10207000000.0,0.0,0.0,0.0,0.0,0.0
BVH,2013-03-27,14:03:03,HOSE,STOCK,51.0,54.5,47.5,51.5,51.5,50.0,50.5,50.695,38.432,38.432,37.312,37.685,37.831,322320.0,16340000000.0,0.0,0.0,-0.5,-0.3731,-0.9804
BVH,2013-03-26,14:03:05,HOSE,STOCK,51.5,55.0,47.9,52.0,52.0,51.0,51.0,51.32,38.805,38.805,38.058,38.058,38.297,217750.0,11175000000.0,0.0,0.0,-0.5,-0.3731,-0.9709
BVH,2013-03-25,14:03:09,HOSE,STOCK,50.0,53.5,46.5,51.0,52.0,50.5,51.5,51.098,38.058,38.805,37.685,38.432,38.132,383890.0,19616000000.0,0.0,0.0,1.5,1.1194,3.0
BVH,2013-03-22,14:03:04,HOSE,STOCK,51.0,54.5,47.5,51.5,51.5,49.6,50.0,50.609,38.432,38.432,37.014,37.312,37.767,530080.0,26827000000.0,0.0,0.0,-1.0,-0.7462,-1.9608
BVH,2013-03-21,14:03:05,HOSE,STOCK,51.0,54.5,47.5,52.0,52.5,51.0,51.0,51.739,38.805,39.178,38.058,38.058,38.61,393650.0,20367000000.0,0.0,0.0,0.0,0.0,0.0
BVH,2013-03-20,14:03:12,HOSE,STOCK,52.0,55.5,48.4,52.0,52.5,51.0,51.0,51.684,38.805,39.178,38.058,38.058,38.569,273720.0,14147000000.0,0.0,0.0,-1.0,-0.7462,-1.9231
BVH,2013-03-19,14:03:05,HOSE,STOCK,50.5,54.0,47.0,50.0,52.0,50.0,52.0,50.819,37.312,38.805,37.312,38.805,37.923,529620.0,26915000000.0,0.0,0.0,1.5,1.1194,2.9703
BVH,2013-03-18,14:03:04,HOSE,STOCK,52.0,55.5,48.4,52.0,52.5,50.5,50.5,51.343,38.805,39.178,37.685,37.685,38.314,344470.0,17686000000.0,0.0,0.0,-1.5,-1.1194,-2.8846
BVH,2013-03-15,14:03:05,HOSE,STOCK,51.0,54.5,47.5,51.5,53.0,51.0,52.0,52.057,38.432,39.551,38.058,38.805,38.847,1200540.0,62496000000.0,0.0,0.0,1.0,0.7463,1.9608
BVH,2013-03-14,14:03:05,HOSE,STOCK,51.0,54.5,47.5,50.5,51.0,50.0,51.0,50.459,37.685,38.058,37.312,38.058,37.655,541350.0,27316000000.0,0.0,0.0,0.0,0.0,0.0
BVH,2013-03-13,14:03:03,HOSE,STOCK,52.5,56.0,48.9,51.5,53.0,49.9,51.0,50.82,38.432,39.551,37.238,38.058,37.924,786520.0,39971000000.0,0.0,0.0,-1.5,-1.1194,-2.8571
BVH,2013-03-12,14:03:05,HOSE,STOCK,51.5,55.0,47.9,51.5,53.0,50.0,52.5,51.474,38.432,39.551,37.312,39.178,38.412,631250.0,32493000000.0,0.0,0.0,1.0,0.7462,1.9417
BVH,2013-03-11,14:03:05,HOSE,STOCK,52.5,56.0,48.9,52.5,53.5,50.0,51.5,51.311,39.178,39.924,37.312,38.432,38.291,918510.0,47130000000.0,0.0,0.0,-1.0,-0.7463,-1.9048
BVH,2013-03-08,14:03:03,HOSE,STOCK,51.0,54.5,47.5,53.0,53.5,51.0,52.5,52.475,39.551,39.924,38.058,39.178,39.159,135170.0,7093000000.0,0.0,0.0,1.5,1.1194,2.9412
BVH,2013-03-07,14:03:05,HOSE,STOCK,54.0,57.5,50.5,53.0,54.5,51.0,51.0,52.773,39.551,40.67,38.058,38.058,39.382,255320.0,13474000000.0,0.0,0.0,-3.0,-2.2387,-5.5556
BVH,2013-03-06,14:03:07,HOSE,STOCK,50.5,54.0,47.0,52.5,54.0,50.5,54.0,51.993,39.178,40.297,37.685,40.297,38.799,249400.0,12967000000.0,0.0,0.0,3.5,2.6118,6.9307
BVH,2013-03-05,14:03:08,HOSE,STOCK,53.0,56.5,49.3,52.5,52.5,49.5,50.5,50.595,39.178,39.178,36.939,37.685,37.756,252240.0,12762000000.0,0.0,0.0,-2.5,-1.8656,-4.717
BVH,2013-03-04,14:03:04,HOSE,STOCK,56.5,60.0,53.0,56.5,56.5,53.0,53.0,53.709,42.163,42.163,39.551,39.551,40.08,375750.0,20181000000.0,0.0,0.0,-3.5,-2.6119,-6.1947
BVH,2013-03-01,14:03:05,HOSE,STOCK,53.5,57.0,49.8,55.0,57.0,54.5,56.5,55.955,41.043,42.536,40.67,42.163,41.756,446680.0,24994000000.0,0.0,0.0,3.0,2.2387,5.6075
BVH,2013-02-28,14:02:05,HOSE,STOCK,50.0,53.5,46.5,52.0,53.5,52.0,53.5,53.321,38.805,39.924,38.805,39.924,39.79,235610.0,12563000000.0,0.0,0.0,3.5,2.6119,7.0
BVH,2013-02-27,14:02:03,HOSE,STOCK,51.5,55.0,47.9,51.5,51.5,48.5,50.0,50.082,38.432,38.432,36.193,37.312,37.373,352660.0,17662000000.0,0.0,0.0,-1.5,-1.1194,-2.9126
BVH,2013-02-26,14:02:05,HOSE,STOCK,55.0,58.5,51.5,54.5,55.0,51.5,51.5,52.86,40.67,41.043,38.432,38.432,39.446,354580.0,18743000000.0,0.0,0.0,-3.5,-2.6119,-6.3636
BVH,2013-02-25,14:02:04,HOSE,STOCK,53.5,57.0,49.8,55.0,56.5,53.0,55.0,55.079,41.043,42.163,39.551,41.043,41.102,259480.0,14292000000.0,0.0,0.0,1.5,1.1194,2.8037
BVH,2013-02-22,14:02:04,HOSE,STOCK,55.5,59.0,52.0,57.0,57.5,52.0,53.5,54.392,42.536,42.909,38.805,39.924,40.59,437250.0,23783000000.0,0.0,0.0,-2.0,-1.4925,-3.6036
BVH,2013-02-21,14:02:04,HOSE,STOCK,59.5,63.5,55.5,59.5,59.5,55.5,55.5,57.097,44.402,44.402,41.417,41.417,42.608,353260.0,20170000000.0,0.0,0.0,-4.0,-2.985,-6.7227
BVH,2013-02-20,14:02:04,HOSE,STOCK,58.0,62.0,54.0,57.5,59.5,57.5,59.5,58.369,42.909,44.402,42.909,44.402,43.557,293700.0,17143000000.0,0.0,0.0,1.5,1.1194,2.5862
BVH,2013-02-19,14:02:05,HOSE,STOCK,57.5,61.5,53.5,57.0,58.5,56.5,58.0,57.534,42.536,43.655,42.163,43.282,42.934,468680.0,26965000000.0,0.0,0.0,0.5,0.3731,0.8696
BVH,2013-02-18,14:02:04,HOSE,STOCK,59.5,63.5,55.5,61.5,61.5,57.5,57.5,58.967,45.894,45.894,42.909,42.909,44.004,174690.0,10301000000.0,0.0,0.0,-2.0,-1.4925,-3.3613
BVH,2013-02-08,14:02:05,HOSE,STOCK,59.5,63.5,55.5,58.0,60.5,57.5,59.5,59.208,43.282,45.148,42.909,44.402,44.184,207000.0,12256000000.0,0.0,0.0,0.0,0.0,0.0
BVH,2013-02-07,14:02:05,HOSE,STOCK,59.5,63.5,55.5,59.5,61.0,58.0,58.0,59.22,44.402,45.521,43.282,43.282,44.193,445630.0,26390000000.0,0.0,0.0,-1.5,-1.1194,-2.521
BVH,2013-02-06,14:02:04,HOSE,STOCK,56.0,59.5,52.5,56.5,59.5,56.5,59.5,58.348,42.163,44.402,42.163,44.402,43.542,730270.0,42610000000.0,0.0,0.0,3.5,2.6119,6.25
BVH,2013-02-05,14:02:05,HOSE,STOCK,58.0,62.0,54.0,57.0,58.0,56.0,56.0,56.736,42.536,43.282,41.79,41.79,42.339,561500.0,31857000000.0,0.0,0.0,-2.0,-1.4925,-3.4483
BVH,2013-02-04,14:02:05,HOSE,STOCK,56.0,59.5,52.5,58.0,59.0,56.5,58.0,57.912,43.282,44.028,42.163,43.282,43.216,519670.0,30095000000.0,0.0,0.0,2.0,1.4925,3.5714
BVH,2013-02-01,14:02:06,HOSE,STOCK,52.5,56.0,48.9,51.5,56.0,51.0,56.0,53.87,38.432,41.79,38.058,41.79,40.2,884370.0,47641000000.0,0.0,0.0,3.5,2.6119,6.6667
BVH,2013-01-31,14:01:05,HOSE,STOCK,55.0,56.0,48.9,53.5,54.5,51.5,52.5,52.756,39.924,40.67,38.432,39.178,39.369,953990.0,50329000000.0,0.0,0.0,-2.5,-1.8656,-4.5455
BVH,2013-01-30,14:01:03,HOSE,STOCK,52.5,56.0,48.9,54.0,56.0,52.0,55.0,54.171,40.297,41.79,38.805,41.043,40.425,538790.0,29187000000.0,0.0,0.0,2.5,1.8656,4.7619
BVH,2013-01-29,14:01:05,HOSE,STOCK,51.5,55.0,47.9,51.5,54.5,48.0,52.5,52.04,38.432,40.67,35.82,39.178,38.835,1037470.0,53990000000.0,0.0,0.0,1.0,0.7462,1.9417
BVH,2013-01-28,14:01:04,HOSE,STOCK,48.5,51.5,45.2,50.5,51.5,50.0,51.5,51.401,37.685,38.432,37.312,38.432,38.358,862260.0,44321000000.0,0.0,0.0,3.0,2.2388,6.1856
BVH,2013-01-25,14:01:03,HOSE,STOCK,45.4,48.5,42.3,46.4,48.5,46.2,48.5,48.075,34.626,36.193,34.476,36.193,35.876,839880.0,40377000000.0,0.0,0.0,3.1,2.3134,6.8282
BVH,2013-01-24,14:01:04,HOSE,STOCK,42.5,45.4,39.6,42.5,45.4,42.5,45.4,44.649,31.715,33.879,31.715,33.879,33.319,439670.0,19631000000.0,0.0,0.0,2.9,2.1641,6.8235
BVH,2013-01-23,14:01:04,HOSE,STOCK,42.0,44.9,39.1,43.0,44.0,41.9,42.5,42.483,32.088,32.835,31.268,31.715,31.703,429720.0,18256000000.0,0.0,0.0,0.5,0.3731,1.1905
BVH,2013-01-22,14:01:05,HOSE,STOCK,43.5,46.5,40.5,43.0,43.9,41.2,42.0,42.725,32.088,32.76,30.745,31.342,31.883,457370.0,19541000000.0,0.0,0.0,-1.5,-1.1194,-3.4483
BVH,2013-01-21,14:01:04,HOSE,STOCK,44.7,47.8,41.6,44.7,45.0,43.5,43.5,44.054,33.357,33.581,32.462,32.462,32.875,226380.0,9973000000.0,0.0,0.0,-1.2,-0.8955,-2.6846
BVH,2013-01-18,14:01:03,HOSE,STOCK,44.0,47.0,41.0,45.4,46.0,43.5,44.7,44.792,33.879,34.327,32.462,33.357,33.426,422620.0,18930000000.0,0.0,0.0,0.7,0.5224,1.5909
BVH,2013-01-17,14:01:05,HOSE,STOCK,46.5,49.7,43.3,46.5,46.9,44.0,44.0,45.509,34.7,34.999,32.835,32.835,33.961,332240.0,15120000000.0,0.0,0.0,-2.5,-1.8656,-5.3763
BVH,2013-01-16,14:01:03,HOSE,STOCK,44.1,47.1,41.1,45.2,47.1,45.0,46.5,46.763,33.73,35.148,33.581,34.7,34.897,550030.0,25721000000.0,0.0,0.0,2.4,1.791,5.4422
BVH,2013-01-15,14:01:05,HOSE,STOCK,44.7,47.8,41.6,44.5,45.9,42.2,44.1,43.881,33.208,34.253,31.491,32.909,32.746,652740.0,28643000000.0,0.0,0.0,-0.6,-0.4477,-1.3423
BVH,2013-01-14,14:01:11,HOSE,STOCK,47.0,49.3,44.7,46.0,46.2,44.7,44.7,45.195,34.327,34.476,33.357,33.357,33.726,776550.0,35096000000.0,0.0,0.0,-2.3,-1.7164,-4.8936
BVH,2013-01-11,14:01:04,HOSE,STOCK,48.8,51.0,46.4,50.5,50.5,47.0,47.0,48.822,37.685,37.685,35.073,35.073,36.433,500180.0,24420000000.0,0.0,0.0,-1.8,-1.3432,-3.6885
BVH,2013-01-10,14:01:05,HOSE,STOCK,46.5,48.8,44.2,44.3,48.8,44.2,48.8,45.37,33.059,36.417,32.984,36.417,33.857,1482200.0,67248000000.0,0.0,0.0,2.3,1.7164,4.9462
BVH,2013-01-09,14:01:04,HOSE,STOCK,48.9,51.0,46.5,51.0,51.0,46.5,46.5,49.577,38.058,38.058,34.7,34.7,36.997,899740.0,44606000000.0,0.0,0.0,-2.4,-1.791,-4.908
BVH,2013-01-08,14:01:05,HOSE,STOCK,46.6,48.9,44.3,48.9,48.9,48.0,48.9,48.864,36.491,36.491,35.82,36.491,36.464,745150.0,36411000000.0,0.0,0.0,2.3,1.7163,4.9356
BVH,2013-01-07,14:01:04,HOSE,STOCK,44.4,46.6,42.2,46.6,46.6,46.5,46.6,46.588,34.775,34.775,34.7,34.775,34.766,160150.0,7461000000.0,0.0,0.0,2.2,1.6417,4.955
BVH,2013-01-04,14:01:07,HOSE,STOCK,42.3,44.4,40.2,42.5,44.4,42.3,44.4,44.288,31.715,33.133,31.566,33.133,33.05,507990.0,22498000000.0,0.0,0.0,2.1,1.5671,4.9645
BVH,2013-01-03,14:01:06,HOSE,STOCK,40.3,42.3,38.3,41.9,42.3,40.9,42.3,42.129,31.268,31.566,30.521,31.566,31.439,1198550.0,50494000000.0,0.0,0.0,2.0,1.4925,4.9628
BVH,2013-01-02,14:01:04,HOSE,STOCK,38.4,40.3,36.5,39.8,40.3,39.5,40.3,40.013,29.7,30.074,29.477,30.074,29.859,312150.0,12490000000.0,0.0,0.0,1.9,1.4179,4.9479
