code,date,time,floor,type,basicPrice,ceilingPrice,floorPrice,open,high,low,close,average,adOpen,adHigh,adLow,adClose,adAverage,nmVolume,nmValue,ptVolume,ptValue,change,adChange,pctChange
POW,2025-11-03,15:11:03,HOSE,STOCK,14.35,15.35,13.35,14.45,14.6,14.25,14.25,14.395,14.45,14.6,14.25,14.25,14.395,5334200.0,76783770000.0,0.0,0.0,-0.1,-0.1,-0.6969
POW,2025-10-31,15:10:03,HOSE,STOCK,14.2,15.15,13.25,14.35,14.65,14.35,14.35,14.483,14.35,14.65,14.35,14.35,14.483,10117100.0,146529605000.0,0.0,0.0,0.15,0.15,1.0563
POW,2025-10-30,15:10:05,HOSE,STOCK,14.3,15.3,13.3,14.35,14.35,14.0,14.2,14.185,14.35,14.35,14.0,14.2,14.185,4839800.0,68654115000.0,0.0,0.0,-0.1,-0.1,-0.6993
POW,2025-10-29,15:10:03,HOSE,STOCK,13.85,14.8,12.9,13.9,14.4,13.8,14.3,14.212,13.9,14.4,13.8,14.3,14.212,11214600.0,159377590000.0,0.0,0.0,0.45,0.45,3.2491
POW,2025-10-28,15:10:05,HOSE,STOCK,13.85,14.8,12.9,13.9,13.9,13.5,13.85,13.698,13.9,13.9,13.5,13.85,13.698,4519700.0,61909025000.0,0.0,0.0,0.0,0.0,0.0
POW,2025-10-27,15:10:02,HOSE,STOCK,13.4,14.3,12.5,13.45,13.85,13.45,13.85,13.676,13.45,13.85,13.45,13.85,13.676,8312700.0,113681650000.0,0.0,0.0,0.45,0.45,3.3582
POW,2025-10-24,15:10:04,HOSE,STOCK,13.55,14.45,12.65,13.55,13.6,13.15,13.4,13.365,13.55,13.6,13.15,13.4,13.365,6220200.0,83131715000.0,200000.0,2746000000.0,-0.15,-0.15,-1.107
POW,2025-10-23,15:10:02,HOSE,STOCK,13.55,14.45,12.65,13.6,13.65,13.45,13.55,13.54,13.6,13.65,13.45,13.55,13.54,3036300.0,41111655000.0,35000.0,474250000.0,0.0,0.0,0.0
POW,2025-10-22,15:10:03,HOSE,STOCK,13.35,14.25,12.45,13.5,13.65,13.35,13.55,13.472,13.5,13.65,13.35,13.55,13.472,5135900.0,69189965000.0,0.0,0.0,0.2,0.2,1.4981
POW,2025-10-21,15:10:03,HOSE,STOCK,13.2,14.1,12.3,13.15,13.4,12.9,13.35,13.174,13.15,13.4,12.9,13.35,13.174,10150100.0,133721445000.0,0.0,0.0,0.15,0.15,1.1364
POW,2025-10-20,15:10:03,HOSE,STOCK,14.15,15.1,13.2,14.15,14.25,13.2,13.2,13.571,14.15,14.25,13.2,13.2,13.571,14891800.0,202090335000.0,5675000.0,81512500000.0,-0.95,-0.95,-6.7138
POW,2025-10-17,15:10:03,HOSE,STOCK,14.35,15.35,13.35,14.4,14.5,14.15,14.15,14.316,14.4,14.5,14.15,14.15,14.316,7242900.0,103689445000.0,1750000.0,25025000000.0,-0.2,-0.2,-1.3937
POW,2025-10-16,15:10:02,HOSE,STOCK,14.3,15.3,13.3,14.3,14.45,14.25,14.35,14.322,14.3,14.45,14.25,14.35,14.322,6417600.0,91912595000.0,5675000.0,81512500000.0,0.05,0.05,0.3497
POW,2025-10-15,15:10:03,HOSE,STOCK,14.35,15.35,13.35,14.5,14.55,14.25,14.3,14.355,14.5,14.55,14.25,14.3,14.355,6032300.0,86590845000.0,1750000.0,25025000000.0,-0.05,-0.05,-0.3484
POW,2025-10-14,15:10:03,HOSE,STOCK,14.35,15.35,13.35,14.45,14.65,14.3,14.35,14.451,14.45,14.65,14.3,14.35,14.451,7384000.0,106703610000.0,2075000.0,29672500000.0,0.0,0.0,0.0
POW,2025-10-13,15:10:02,HOSE,STOCK,14.6,15.6,13.6,14.4,14.45,14.2,14.35,14.353,14.4,14.45,14.2,14.35,14.353,6032900.0,86590940000.0,0.0,0.0,-0.25,-0.25,-1.7123
POW,2025-10-10,15:10:03,HOSE,STOCK,14.6,15.6,13.6,14.7,14.7,14.55,14.6,14.606,14.7,14.7,14.55,14.6,14.606,5419000.0,79148625000.0,0.0,0.0,0.0,0.0,0.0
POW,2025-10-09,15:10:04,HOSE,STOCK,14.35,15.35,13.35,14.4,14.6,14.2,14.6,14.408,14.4,14.6,14.2,14.6,14.408,6528500.0,94062555000.0,0.0,0.0,0.25,0.25,1.7422
POW,2025-10-08,15:10:04,HOSE,STOCK,14.3,15.3,13.3,14.5,14.55,14.25,14.35,14.369,14.5,14.55,14.25,14.35,14.369,5082900.0,73036550000.0,833000.0,12003530000.0,0.05,0.05,0.3497
POW,2025-10-07,15:10:03,HOSE,STOCK,14.45,15.45,13.45,14.65,14.65,14.3,14.3,14.471,14.65,14.65,14.3,14.3,14.471,5732300.0,82949400000.0,4455000.0,65316000000.0,-0.15,-0.15,-1.0381
POW,2025-10-06,15:10:04,HOSE,STOCK,14.05,15.0,13.1,14.1,14.45,14.1,14.45,14.319,14.1,14.45,14.1,14.45,14.319,5924100.0,84827820000.0,3263000.0,47313500000.0,0.4,0.4,2.847
POW,2025-10-03,15:10:03,HOSE,STOCK,14.2,15.15,13.25,14.25,14.25,13.95,14.05,14.073,14.25,14.25,13.95,14.05,14.073,7181300.0,101059585000.0,4455000.0,65316000000.0,-0.15,-0.15,-1.0563
POW,2025-10-02,15:10:03,HOSE,STOCK,14.4,15.4,13.4,14.45,14.55,14.2,14.2,14.376,14.45,14.55,14.2,14.2,14.376,4621000.0,66430655000.0,2430000.0,35235000000.0,-0.2,-0.2,-1.3889
POW,2025-10-01,15:10:02,HOSE,STOCK,14.35,15.35,13.35,14.4,14.55,14.35,14.4,14.448,14.4,14.55,14.35,14.4,14.448,5112300.0,73862275000.0,2395000.0,35446000000.0,0.05,0.05,0.3484
POW,2025-09-30,15:09:02,HOSE,STOCK,14.75,15.75,13.75,14.8,14.9,14.25,14.35,14.5,14.8,14.9,14.25,14.35,14.5,11431900.0,165759880000.0,600000.0,9450000000.0,-0.4,-0.4,-2.7119
POW,2025-09-29,15:09:03,HOSE,STOCK,14.95,15.95,13.95,15.0,15.1,14.7,14.75,14.882,15.0,15.1,14.7,14.75,14.882,6885100.0,102462370000.0,200000.0,3069400000.0,-0.2,-0.2,-1.3378
POW,2025-09-26,15:09:03,HOSE,STOCK,15.2,16.25,14.15,15.25,15.3,14.95,14.95,15.086,15.25,15.3,14.95,14.95,15.086,8998500.0,135747325000.0,100000.0,1420000000.0,-0.25,-0.25,-1.6447
POW,2025-09-25,15:09:02,HOSE,STOCK,15.1,16.15,14.05,15.2,15.4,15.15,15.2,15.284,15.2,15.4,15.15,15.2,15.284,7909100.0,120882635000.0,1200000.0,18543500000.0,0.1,0.1,0.6623
POW,2025-09-24,15:09:03,HOSE,STOCK,14.95,15.95,13.95,15.05,15.1,14.75,15.1,14.909,15.05,15.1,14.75,15.1,14.909,7221500.0,107666825000.0,760000.0,11780000000.0,0.15,0.15,1.0033
POW,2025-09-23,15:09:03,HOSE,STOCK,15.05,16.1,14.0,15.1,15.2,14.95,14.95,15.047,15.1,15.2,14.95,14.95,15.047,5778200.0,86946740000.0,1300000.0,20224250000.0,-0.1,-0.1,-0.6645
POW,2025-09-22,15:09:03,HOSE,STOCK,15.3,16.35,14.25,15.3,15.35,14.9,15.05,15.103,15.3,15.35,14.9,15.05,15.103,11592900.0,175087865000.0,100000.0,1530000000.0,-0.25,-0.25,-1.634
POW,2025-09-19,15:09:03,HOSE,STOCK,15.35,16.4,14.3,15.4,15.75,15.25,15.3,15.474,15.4,15.75,15.25,15.3,15.474,12810800.0,198229670000.0,1977000.0,30131000000.0,-0.05,-0.05,-0.3257
POW,2025-09-18,15:09:02,HOSE,STOCK,15.25,16.3,14.2,15.35,15.45,15.15,15.35,15.307,15.35,15.45,15.15,15.35,15.307,6208500.0,95032105000.0,0.0,0.0,0.1,0.1,0.6557
POW,2025-09-17,15:09:03,HOSE,STOCK,15.45,16.5,14.4,15.45,15.55,15.2,15.25,15.362,15.45,15.55,15.2,15.25,15.362,9472900.0,145522800000.0,2111000.0,32456000000.0,-0.2,-0.2,-1.2945
POW,2025-09-16,15:09:03,HOSE,STOCK,15.65,16.7,14.6,15.75,15.85,15.3,15.45,15.48,15.75,15.85,15.3,15.45,15.48,18703900.0,289540285000.0,0.0,0.0,-0.2,-0.2,-1.278
POW,2025-09-15,15:09:03,HOSE,STOCK,15.45,16.5,14.4,15.5,15.75,15.4,15.65,15.518,15.5,15.75,15.4,15.65,15.518,26475400.0,410837885000.0,1560000.0,23795000000.0,0.2,0.2,1.2945
POW,2025-09-12,15:09:02,HOSE,STOCK,15.15,16.2,14.1,15.3,15.55,15.2,15.45,15.355,15.3,15.55,15.2,15.45,15.355,16847400.0,258699115000.0,0.0,0.0,0.3,0.3,1.9802
POW,2025-09-11,15:09:02,HOSE,STOCK,15.1,16.15,14.05,15.05,15.25,14.7,15.15,14.965,15.05,15.25,14.7,15.15,14.965,9929600.0,148600810000.0,2535000.0,38645585000.0,0.05,0.05,0.3311
POW,2025-09-10,15:09:03,HOSE,STOCK,15.2,16.25,14.15,15.25,15.25,15.0,15.1,15.087,15.25,15.25,15.0,15.1,15.087,6136700.0,92581860000.0,0.0,0.0,-0.1,-0.1,-0.6579
POW,2025-09-09,15:09:04,HOSE,STOCK,15.2,16.25,14.15,15.35,15.55,14.95,15.2,15.16,15.35,15.55,14.95,15.2,15.16,12456900.0,188844945000.0,2200000.0,33710000000.0,0.0,0.0,0.0
POW,2025-09-08,15:09:03,HOSE,STOCK,16.15,17.25,15.05,16.2,16.3,15.2,15.2,15.652,16.2,16.3,15.2,15.2,15.652,21941300.0,343419930000.0,0.0,0.0,-0.95,-0.95,-5.8824
POW,2025-09-05,15:09:02,HOSE,STOCK,16.75,17.9,15.6,16.9,17.05,16.15,16.15,16.606,16.9,17.05,16.15,16.15,16.606,16827800.0,279437265000.0,0.0,0.0,-0.6,-0.6,-3.5821
POW,2025-09-04,15:09:03,HOSE,STOCK,16.55,17.7,15.4,16.8,17.45,16.65,16.75,17.038,16.8,17.45,16.65,16.75,17.038,26151100.0,445564260000.0,0.0,0.0,0.2,0.2,1.2085
POW,2025-09-03,15:09:02,HOSE,STOCK,16.45,17.6,15.3,16.6,16.8,16.4,16.55,16.568,16.6,16.8,16.4,16.55,16.568,8962600.0,148495325000.0,1250000.0,20447500000.0,0.1,0.1,0.6079
POW,2025-08-29,15:08:03,HOSE,STOCK,16.45,17.6,15.3,16.6,16.85,16.35,16.45,16.584,16.6,16.85,16.35,16.45,16.584,13998300.0,232146070000.0,1465000.0,24047500000.0,0.0,0.0,0.0
POW,2025-08-28,15:08:03,HOSE,STOCK,16.4,17.5,15.3,16.5,16.6,16.25,16.45,16.441,16.5,16.6,16.25,16.45,16.441,10978000.0,180486080000.0,0.0,0.0,0.05,0.05,0.3049
POW,2025-08-27,15:08:03,HOSE,STOCK,16.15,17.25,15.05,16.2,16.85,15.85,16.4,16.402,16.2,16.85,15.85,16.4,16.402,22258500.0,365075930000.0,2715000.0,44672500000.0,0.25,0.25,1.548
POW,2025-08-26,15:08:03,HOSE,STOCK,15.9,17.0,14.8,15.7,16.15,15.6,16.15,15.794,15.7,16.15,15.6,16.15,15.794,12638000.0,199609510000.0,0.0,0.0,0.25,0.25,1.5723
POW,2025-08-25,15:08:03,HOSE,STOCK,16.5,17.65,15.35,16.7,16.7,15.55,15.9,16.122,16.7,16.7,15.55,15.9,16.122,12171400.0,196221565000.0,1250000.0,20625000000.0,-0.6,-0.6,-3.6364
POW,2025-08-22,15:08:03,HOSE,STOCK,16.1,17.2,15.0,15.95,17.0,15.6,16.5,16.43,15.95,17.0,15.6,16.5,16.43,32099900.0,527407520000.0,0.0,0.0,0.4,0.4,2.4845
POW,2025-08-21,15:08:02,HOSE,STOCK,15.95,17.05,14.85,16.15,16.5,15.85,16.1,16.135,16.15,16.5,15.85,16.1,16.135,13612700.0,219646595000.0,84000.0,1352400000.0,0.15,0.15,0.9404
POW,2025-08-20,15:08:02,HOSE,STOCK,16.2,17.3,15.1,16.4,16.4,15.25,15.95,15.772,16.4,16.4,15.25,15.95,15.772,21386000.0,337299405000.0,0.0,0.0,-0.25,-0.25,-1.5432
POW,2025-08-19,15:08:03,HOSE,STOCK,16.35,17.45,15.25,16.6,16.75,16.2,16.2,16.49,16.6,16.75,16.2,16.2,16.49,16199800.0,267130000000.0,0.0,0.0,-0.15,-0.15,-0.9174
POW,2025-08-18,15:08:03,HOSE,STOCK,15.85,16.95,14.75,16.2,16.55,15.9,16.35,16.258,16.2,16.55,15.9,16.35,16.258,15966100.0,259583460000.0,300000.0,5013000000.0,0.5,0.5,3.1546
POW,2025-08-15,15:08:03,HOSE,STOCK,16.4,17.5,15.3,16.35,16.35,15.85,15.85,16.021,16.35,16.35,15.85,15.85,16.021,23808000.0,381433995000.0,0.0,0.0,-0.55,-0.55,-3.3537
POW,2025-08-14,15:08:03,HOSE,STOCK,16.55,17.7,15.4,16.7,16.75,16.1,16.4,16.348,16.7,16.75,16.1,16.4,16.348,16760100.0,273986805000.0,639000.0,10415750000.0,-0.15,-0.15,-0.9063
POW,2025-08-13,15:08:04,HOSE,STOCK,16.15,17.25,15.05,16.55,16.75,16.15,16.55,16.477,16.55,16.75,16.15,16.55,16.477,21049200.0,346837865000.0,0.0,0.0,0.4,0.4,2.4768
POW,2025-08-12,15:08:02,HOSE,STOCK,15.1,16.15,14.05,15.25,16.15,15.0,16.15,15.737,15.25,16.15,15.0,16.15,15.737,39614500.0,623413090000.0,339000.0,5404320000.0,1.05,1.05,6.9536
POW,2025-08-11,15:08:03,HOSE,STOCK,15.15,16.2,14.1,15.35,15.4,15.05,15.1,15.134,15.35,15.4,15.05,15.1,15.134,10666800.0,161430080000.0,0.0,0.0,-0.05,-0.05,-0.33
POW,2025-08-08,15:08:03,HOSE,STOCK,14.9,15.9,13.9,15.15,15.6,14.95,15.15,15.211,15.15,15.6,14.95,15.15,15.211,23215000.0,353127905000.0,580500.0,9001850000.0,0.25,0.25,1.6779
POW,2025-08-07,15:08:03,HOSE,STOCK,14.75,15.75,13.75,14.9,14.95,14.55,14.9,14.759,14.9,14.95,14.55,14.9,14.759,11382000.0,167984610000.0,36000.0,537120000.0,0.15,0.15,1.0169
POW,2025-08-06,15:08:03,HOSE,STOCK,14.5,15.5,13.5,14.7,14.9,14.45,14.75,14.653,14.7,14.9,14.45,14.75,14.653,11321900.0,165898420000.0,0.0,0.0,0.25,0.25,1.7241
POW,2025-08-05,15:08:03,HOSE,STOCK,14.75,15.75,13.75,14.9,15.05,14.0,14.5,14.707,14.9,15.05,14.0,14.5,14.707,27611400.0,406076045000.0,36000.0,540000000.0,-0.25,-0.25,-1.6949
POW,2025-08-04,15:08:02,HOSE,STOCK,14.25,15.2,13.3,14.35,14.85,14.2,14.75,14.615,14.35,14.85,14.2,14.75,14.615,13371900.0,195433540000.0,0.0,0.0,0.5,0.5,3.5088
POW,2025-08-01,15:08:02,HOSE,STOCK,14.4,15.4,13.4,14.4,14.75,14.15,14.25,14.391,14.4,14.75,14.15,14.25,14.391,13451600.0,193583630000.0,0.0,0.0,-0.15,-0.15,-1.0417
POW,2025-07-31,15:07:03,HOSE,STOCK,14.5,15.5,13.5,14.9,14.95,14.4,14.4,14.584,14.9,14.95,14.4,14.4,14.584,15584600.0,227287745000.0,0.0,0.0,-0.1,-0.1,-0.6897
POW,2025-07-30,15:07:03,HOSE,STOCK,14.55,15.55,13.55,14.75,14.85,14.25,14.5,14.475,14.75,14.85,14.25,14.5,14.475,17773400.0,257272420000.0,325000.0,4810000000.0,-0.05,-0.05,-0.3436
POW,2025-07-29,15:07:03,HOSE,STOCK,14.8,15.8,13.8,15.1,15.25,14.5,14.55,14.943,15.1,15.25,14.5,14.55,14.943,30682200.0,458477410000.0,35400.0,528982200.0,-0.25,-0.25,-1.6892
POW,2025-07-28,15:07:03,HOSE,STOCK,14.25,15.2,13.3,14.5,14.9,14.25,14.8,14.503,14.5,14.9,14.25,14.8,14.503,24106100.0,349622035000.0,325000.0,4810000000.0,0.55,0.55,3.8596
POW,2025-07-25,15:07:03,HOSE,STOCK,14.0,14.95,13.05,14.05,14.5,14.05,14.25,14.344,14.05,14.5,14.05,14.25,14.344,21347500.0,306216020000.0,0.0,0.0,0.25,0.25,1.7857
POW,2025-07-24,15:07:03,HOSE,STOCK,14.0,14.95,13.05,14.1,14.15,13.85,14.0,13.956,14.1,14.15,13.85,14.0,13.956,9095800.0,126938335000.0,0.0,0.0,0.0,0.0,0.0
POW,2025-07-23,15:07:03,HOSE,STOCK,13.95,14.9,13.0,14.1,14.25,13.9,14.0,14.066,14.1,14.25,13.9,14.0,14.066,15756100.0,221617695000.0,34000.0,493000000.0,0.05,0.05,0.3584
POW,2025-07-22,15:07:03,HOSE,STOCK,13.95,14.9,13.0,13.95,14.0,13.75,13.95,13.854,13.95,14.0,13.75,13.95,13.854,12534700.0,173658600000.0,0.0,0.0,0.0,0.0,0.0
POW,2025-07-21,15:07:02,HOSE,STOCK,14.0,14.95,13.05,14.15,14.3,13.95,13.95,14.104,14.15,14.3,13.95,13.95,14.104,16266800.0,229427080000.0,34000.0,493000000.0,-0.05,-0.05,-0.3571
POW,2025-07-18,15:07:02,HOSE,STOCK,13.75,14.7,12.8,13.9,14.3,13.65,14.0,13.969,13.9,14.3,13.65,14.0,13.969,22903200.0,319935885000.0,0.0,0.0,0.25,0.25,1.8182
POW,2025-07-17,15:07:02,HOSE,STOCK,13.75,14.7,12.8,13.85,14.05,13.65,13.75,13.825,13.85,14.05,13.65,13.75,13.825,11335200.0,156713065000.0,0.0,0.0,0.0,0.0,0.0
POW,2025-07-16,15:07:02,HOSE,STOCK,13.7,14.65,12.75,13.7,13.9,13.65,13.75,13.737,13.7,13.9,13.65,13.75,13.737,10428300.0,143253225000.0,0.0,0.0,0.05,0.05,0.365
POW,2025-07-15,15:07:02,HOSE,STOCK,13.95,14.9,13.0,14.0,14.0,13.7,13.7,13.825,14.0,14.0,13.7,13.7,13.825,12664400.0,175079395000.0,0.0,0.0,-0.25,-0.25,-1.7921
POW,2025-07-14,15:07:03,HOSE,STOCK,13.45,14.35,12.55,13.75,14.15,13.7,13.95,13.957,13.75,14.15,13.7,13.95,13.957,24373000.0,340179265000.0,2255000.0,31119000000.0,0.5,0.5,3.7175
POW,2025-07-11,15:07:02,HOSE,STOCK,13.5,14.4,12.6,13.55,13.65,13.35,13.45,13.481,13.55,13.65,13.35,13.45,13.481,11405300.0,153757265000.0,1950000.0,26130000000.0,-0.05,-0.05,-0.3704
POW,2025-07-10,15:07:03,HOSE,STOCK,13.55,14.45,12.65,13.55,13.65,13.45,13.5,13.528,13.55,13.65,13.45,13.5,13.528,10785300.0,145908035000.0,0.0,0.0,-0.05,-0.05,-0.369
POW,2025-07-09,15:07:02,HOSE,STOCK,13.45,14.35,12.55,13.5,13.8,13.4,13.55,13.584,13.5,13.8,13.4,13.55,13.584,20496700.0,278417185000.0,1950000.0,26130000000.0,0.1,0.1,0.7435
POW,2025-07-08,15:07:02,HOSE,STOCK,13.45,14.35,12.55,13.45,13.55,13.3,13.45,13.416,13.45,13.55,13.3,13.45,13.416,10418700.0,139773650000.0,0.0,0.0,0.0,0.0,0.0
POW,2025-07-07,15:07:02,HOSE,STOCK,13.45,14.35,12.55,13.5,13.65,13.35,13.45,13.508,13.5,13.65,13.35,13.45,13.508,11470400.0,154936585000.0,2120000.0,27348000000.0,0.0,0.0,0.0
POW,2025-07-04,15:07:02,HOSE,STOCK,13.25,14.15,12.35,13.3,13.6,13.2,13.45,13.416,13.3,13.6,13.2,13.45,13.416,16602500.0,222737840000.0,0.0,0.0,0.2,0.2,1.5094
POW,2025-07-03,15:07:03,HOSE,STOCK,12.9,13.8,12.0,13.0,13.4,13.0,13.25,13.215,13.0,13.4,13.0,13.25,13.215,20442300.0,270149095000.0,4375000.0,58611500000.0,0.35,0.35,2.7132
POW,2025-07-02,15:07:04,HOSE,STOCK,13.0,13.9,12.1,12.95,13.0,12.85,12.9,12.921,12.95,13.0,12.85,12.9,12.921,4450000.0,57499110000.0,50000.0,695000000.0,-0.1,-0.1,-0.7692
POW,2025-07-01,15:07:03,HOSE,STOCK,13.0,13.9,12.1,13.0,13.05,12.85,13.0,12.954,13.0,13.05,12.85,13.0,12.954,5075500.0,65747230000.0,4666000.0,62991000000.0,0.0,0.0,0.0
POW,2025-06-30,15:06:03,HOSE,STOCK,12.95,13.85,12.05,13.0,13.1,12.95,13.0,13.014,13.0,13.1,12.95,13.0,13.014,5041000.0,65604635000.0,50000.0,692500000.0,0.05,0.05,0.3861
POW,2025-06-27,15:06:02,HOSE,STOCK,12.95,13.85,12.05,13.0,13.05,12.85,12.95,12.926,13.0,13.05,12.85,12.95,12.926,4369900.0,56486515000.0,0.0,0.0,0.0,0.0,0.0
POW,2025-06-26,15:06:03,HOSE,STOCK,13.0,13.9,12.1,12.95,13.05,12.9,12.95,12.949,12.95,13.05,12.9,12.95,12.949,3558900.0,46083080000.0,7491000.0,99796490000.0,-0.05,-0.05,-0.3846
POW,2025-06-25,15:06:03,HOSE,STOCK,13.1,14.0,12.2,13.15,13.2,12.95,13.0,13.045,13.15,13.2,12.95,13.0,13.045,5421900.0,70727185000.0,1085000.0,14105000000.0,-0.1,-0.1,-0.7634
POW,2025-06-24,15:06:02,HOSE,STOCK,13.05,13.95,12.15,13.1,13.2,13.0,13.1,13.083,13.1,13.2,13.0,13.1,13.083,5070700.0,66341900000.0,8291000.0,110606600000.0,0.05,0.05,0.3831
POW,2025-06-23,15:06:02,HOSE,STOCK,13.05,13.95,12.15,13.1,13.25,13.0,13.05,13.134,13.1,13.25,13.0,13.05,13.134,7195000.0,94500590000.0,1085000.0,14213500000.0,0.0,0.0,0.0
POW,2025-06-20,15:06:02,HOSE,STOCK,13.0,13.9,12.1,13.0,13.05,12.9,13.05,12.992,13.0,13.05,12.9,13.05,12.992,5060000.0,65738340000.0,7461000.0,100047600000.0,0.05,0.05,0.3846
POW,2025-06-19,15:06:03,HOSE,STOCK,13.1,14.0,12.2,13.05,13.1,12.85,13.0,12.947,13.05,13.1,12.85,13.0,12.947,5355500.0,69337125000.0,6820000.0,90429000000.0,-0.1,-0.1,-0.7634
POW,2025-06-18,15:06:02,HOSE,STOCK,13.2,14.1,12.3,13.3,13.3,13.0,13.1,13.133,13.3,13.3,13.0,13.1,13.133,6147500.0,80737935000.0,1742000.0,22769100000.0,-0.1,-0.1,-0.7576
POW,2025-06-17,15:06:02,HOSE,STOCK,13.05,13.95,12.15,13.0,13.2,12.9,13.2,13.078,13.0,13.2,12.9,13.2,13.078,6644400.0,86895845000.0,6470000.0,86334500000.0,0.15,0.15,1.1494
POW,2025-06-16,15:06:03,HOSE,STOCK,12.8,13.65,11.95,12.85,13.15,12.85,13.05,13.017,12.85,13.15,12.85,13.05,13.017,7311100.0,95166960000.0,240000.0,3168000000.0,0.25,0.25,1.9531
POW,2025-06-13,15:06:03,HOSE,STOCK,13.05,13.95,12.15,12.95,13.0,12.65,12.8,12.822,12.95,13.0,12.65,12.8,12.822,11592400.0,148632165000.0,0.0,0.0,-0.25,-0.25,-1.9157
POW,2025-06-12,15:06:03,HOSE,STOCK,12.95,13.85,12.05,13.0,13.1,12.95,13.05,13.032,13.0,13.1,12.95,13.05,13.032,4930300.0,64249320000.0,460000.0,6348000000.0,0.1,0.1,0.7722
POW,2025-06-11,15:06:02,HOSE,STOCK,13.05,13.95,12.15,13.1,13.15,12.9,12.95,12.99,13.1,13.15,12.9,12.95,12.99,6848400.0,88962230000.0,0.0,0.0,-0.1,-0.1,-0.7663
POW,2025-06-10,15:06:02,HOSE,STOCK,13.1,14.0,12.2,13.1,13.25,13.05,13.05,13.129,13.1,13.25,13.05,13.05,13.129,6344500.0,83294525000.0,0.0,0.0,-0.05,-0.05,-0.3817
POW,2025-06-09,15:06:02,HOSE,STOCK,13.4,14.3,12.5,13.45,13.55,13.1,13.1,13.235,13.45,13.55,13.1,13.1,13.235,10443500.0,138215520000.0,0.0,0.0,-0.3,-0.3,-2.2388
POW,2025-06-06,15:06:02,HOSE,STOCK,13.7,14.65,12.75,13.7,13.85,13.4,13.4,13.559,13.7,13.85,13.4,13.4,13.559,9647200.0,130806320000.0,0.0,0.0,-0.3,-0.3,-2.1898
POW,2025-06-05,15:06:08,HOSE,STOCK,13.55,14.45,12.65,13.65,13.7,13.35,13.7,13.508,13.65,13.7,13.35,13.7,13.508,7804500.0,105419630000.0,0.0,0.0,0.15,0.15,1.107
POW,2025-06-04,15:06:03,HOSE,STOCK,13.45,14.35,12.55,13.55,14.0,13.5,13.55,13.716,13.55,14.0,13.5,13.55,13.716,20005200.0,274389885000.0,4336000.0,60704000000.0,0.1,0.1,0.7435
POW,2025-06-03,15:06:02,HOSE,STOCK,13.45,14.35,12.55,13.5,13.65,13.35,13.45,13.454,13.5,13.65,13.35,13.45,13.454,8179500.0,110049530000.0,0.0,0.0,0.0,0.0,0.0
POW,2025-06-02,15:06:02,HOSE,STOCK,13.1,14.0,12.2,13.1,13.55,13.05,13.45,13.332,13.1,13.55,13.05,13.45,13.332,10457400.0,139421200000.0,0.0,0.0,0.35,0.35,2.6718
POW,2025-05-30,15:05:02,HOSE,STOCK,13.3,14.2,12.4,13.25,13.45,13.1,13.1,13.199,13.25,13.45,13.1,13.1,13.199,9451400.0,124752960000.0,1134000.0,15171000000.0,-0.2,-0.2,-1.5038
POW,2025-05-29,15:05:03,HOSE,STOCK,13.5,14.4,12.6,13.5,13.5,13.25,13.3,13.336,13.5,13.5,13.25,13.3,13.336,7532000.0,100446090000.0,0.0,0.0,-0.2,-0.2,-1.4815
POW,2025-05-28,15:05:03,HOSE,STOCK,13.5,14.4,12.6,13.6,13.65,13.25,13.5,13.43,13.6,13.65,13.25,13.5,13.43,11535000.0,154919140000.0,1134000.0,15224400000.0,0.0,0.0,0.0
POW,2025-05-27,15:05:01,HOSE,STOCK,13.5,14.4,12.6,13.6,13.85,13.4,13.5,13.57,13.6,13.85,13.4,13.5,13.57,15612400.0,211865180000.0,0.0,0.0,0.0,0.0,0.0
POW,2025-05-26,15:05:04,HOSE,STOCK,13.35,14.25,12.45,13.4,13.5,12.95,13.5,13.261,13.4,13.5,12.95,13.5,13.261,11066300.0,146751645000.0,0.0,0.0,0.15,0.15,1.1236
POW,2025-05-23,15:05:02,HOSE,STOCK,13.6,14.55,12.65,13.8,13.8,13.3,13.35,13.479,13.8,13.8,13.3,13.35,13.479,7539900.0,101631685000.0,0.0,0.0,-0.25,-0.25,-1.8382
POW,2025-05-22,15:05:02,HOSE,STOCK,13.15,14.05,12.25,13.15,13.75,13.15,13.6,13.543,13.15,13.75,13.15,13.6,13.543,24104900.0,326458225000.0,0.0,0.0,0.45,0.45,3.4221
POW,2025-05-21,15:05:03,HOSE,STOCK,13.05,13.95,12.15,13.05,13.3,13.0,13.15,13.129,13.05,13.3,13.0,13.15,13.129,12876500.0,169059040000.0,0.0,0.0,0.1,0.1,0.7663
POW,2025-05-20,15:05:01,HOSE,STOCK,12.9,13.8,12.0,13.0,13.2,12.85,13.05,13.024,13.0,13.2,12.85,13.05,13.024,11708900.0,152494240000.0,1730000.0,22917000000.0,0.15,0.15,1.1628
POW,2025-05-19,15:05:03,HOSE,STOCK,12.9,13.8,12.0,12.9,13.35,12.85,12.9,13.107,12.9,13.35,12.85,12.9,13.107,13868600.0,181777530000.0,0.0,0.0,0.0,0.0,0.0
POW,2025-05-16,15:05:03,HOSE,STOCK,12.85,13.7,12.0,12.85,13.2,12.8,12.9,13.001,12.85,13.2,12.8,12.9,13.001,11141600.0,144857225000.0,0.0,0.0,0.05,0.05,0.3891
POW,2025-05-15,15:05:02,HOSE,STOCK,12.9,13.8,12.0,12.95,13.0,12.7,12.85,12.817,12.95,13.0,12.7,12.85,12.817,8514600.0,109135170000.0,0.0,0.0,-0.05,-0.05,-0.3876
POW,2025-05-14,15:05:03,HOSE,STOCK,12.8,13.65,11.95,12.85,13.1,12.75,12.9,12.88,12.85,13.1,12.75,12.9,12.88,9360400.0,120558085000.0,0.0,0.0,0.1,0.1,0.7813
POW,2025-05-13,15:05:02,HOSE,STOCK,12.95,13.85,12.05,13.0,13.0,12.8,12.8,12.864,13.0,13.0,12.8,12.8,12.864,8019900.0,103167220000.0,50000.0,650000000.0,-0.15,-0.15,-1.1583
POW,2025-05-12,15:05:04,HOSE,STOCK,12.75,13.6,11.9,13.15,13.35,12.8,12.95,13.04,13.15,13.35,12.8,12.95,13.04,14920700.0,194568350000.0,0.0,0.0,0.2,0.2,1.5686
POW,2025-05-09,15:05:03,HOSE,STOCK,12.8,13.65,11.95,12.9,12.95,12.65,12.75,12.77,12.9,12.95,12.65,12.75,12.77,7224800.0,92257230000.0,0.0,0.0,-0.05,-0.05,-0.3906
POW,2025-05-08,15:05:03,HOSE,STOCK,12.7,13.55,11.85,12.8,12.9,12.65,12.8,12.775,12.8,12.9,12.65,12.8,12.775,9095900.0,116202135000.0,0.0,0.0,0.1,0.1,0.7874
POW,2025-05-07,15:05:26,HOSE,STOCK,12.2,13.05,11.35,12.2,13.05,12.2,12.7,12.802,12.2,13.05,12.2,12.7,12.802,25020700.0,320318025000.0,1520000.0,18240000000.0,0.5,0.5,4.0984
POW,2025-05-06,15:05:02,HOSE,STOCK,12.3,13.15,11.45,12.35,12.4,12.15,12.2,12.277,12.35,12.4,12.15,12.2,12.277,6464700.0,79370040000.0,95000.0,1249250000.0,-0.1,-0.1,-0.813
POW,2025-05-05,16:05:57,HOSE,STOCK,11.85,12.65,11.05,12.0,12.3,11.8,12.3,12.077,12.0,12.3,11.8,12.3,12.077,12847200.0,155155890000.0,0.0,0.0,0.45,0.45,3.7975
POW,2025-04-29,15:04:17,HOSE,STOCK,11.75,12.55,10.95,11.75,12.0,11.7,11.85,11.836,11.75,12.0,11.7,11.85,11.836,5412800.0,64065515000.0,2085000.0,24897750000.0,0.1,0.1,0.8511
POW,2025-04-28,15:04:18,HOSE,STOCK,11.9,12.7,11.1,11.95,11.95,11.7,11.75,11.778,11.95,11.95,11.7,11.75,11.778,4889700.0,57589915000.0,2570000.0,30525000000.0,-0.15,-0.15,-1.2605
POW,2025-04-25,15:04:20,HOSE,STOCK,12.0,12.8,11.2,12.05,12.05,11.8,11.9,11.912,12.05,12.05,11.8,11.9,11.912,6325700.0,75348895000.0,2090000.0,24895500000.0,-0.1,-0.1,-0.8333
POW,2025-04-24,15:04:18,HOSE,STOCK,11.95,12.75,11.15,12.0,12.05,11.85,12.0,11.961,12.0,12.05,11.85,12.0,11.961,7388200.0,88366765000.0,1050000.0,12285000000.0,0.05,0.05,0.4184
POW,2025-04-23,15:04:19,HOSE,STOCK,11.85,12.65,11.05,12.0,12.0,11.8,11.95,11.915,12.0,12.0,11.8,11.95,11.915,4704600.0,56052865000.0,0.0,0.0,0.1,0.1,0.8439
POW,2025-04-22,15:04:18,HOSE,STOCK,12.1,12.9,11.3,12.05,12.25,11.3,11.85,11.72,12.05,12.25,11.3,11.85,11.72,17132900.0,200799895000.0,1573000.0,18444900000.0,-0.25,-0.25,-2.0661
POW,2025-04-21,15:04:18,HOSE,STOCK,12.0,12.8,11.2,12.3,12.3,12.0,12.1,12.167,12.3,12.3,12.0,12.1,12.167,5944000.0,72321225000.0,0.0,0.0,0.1,0.1,0.8333
POW,2025-04-18,15:04:21,HOSE,STOCK,12.0,12.8,11.2,12.1,12.1,11.95,12.0,12.033,12.1,12.1,11.95,12.0,12.033,7030100.0,84596255000.0,500000.0,5900000000.0,0.0,0.0,0.0
POW,2025-04-17,15:04:19,HOSE,STOCK,11.9,12.7,11.1,11.8,12.0,11.75,12.0,11.888,11.8,12.0,11.75,12.0,11.888,6047200.0,71890905000.0,0.0,0.0,0.1,0.1,0.8403
POW,2025-04-16,15:04:19,HOSE,STOCK,11.8,12.6,11.0,11.8,12.15,11.7,11.9,11.871,11.8,12.15,11.7,11.9,11.871,9439700.0,112058320000.0,500000.0,5900000000.0,0.1,0.1,0.8475
POW,2025-04-15,15:04:19,HOSE,STOCK,11.75,12.55,10.95,11.75,11.9,11.45,11.8,11.675,11.75,11.9,11.45,11.8,11.675,10970500.0,128081785000.0,0.0,0.0,0.05,0.05,0.4255
POW,2025-04-14,15:04:23,HOSE,STOCK,11.3,12.05,10.55,11.55,11.85,11.45,11.75,11.654,11.55,11.85,11.45,11.75,11.654,9199200.0,107210110000.0,0.0,0.0,0.45,0.45,3.9823
POW,2025-04-11,15:04:24,HOSE,STOCK,10.6,11.3,9.86,11.3,11.3,11.0,11.3,11.253,11.3,11.3,11.0,11.3,11.253,16294600.0,183358935000.0,0.0,0.0,0.7,0.7,6.6038
POW,2025-04-10,15:04:20,HOSE,STOCK,9.93,10.6,9.24,10.6,10.6,10.6,10.6,10.6,10.6,10.6,10.6,10.6,10.6,390200.0,4136120000.0,0.0,0.0,0.67,0.67,6.7472
POW,2025-04-09,15:04:26,HOSE,STOCK,10.65,11.35,9.91,9.92,11.0,9.92,9.93,10.407,9.92,11.0,9.92,9.93,10.407,15901100.0,165480503000.0,0.0,0.0,-0.72,-0.72,-6.7606
POW,2025-04-08,15:04:27,HOSE,STOCK,11.4,12.15,10.65,11.15,11.4,10.65,10.65,10.76,11.15,11.4,10.65,10.65,10.76,18663100.0,200821505000.0,0.0,0.0,-0.75,-0.75,-6.5789
POW,2025-04-04,15:04:30,HOSE,STOCK,11.95,12.75,11.15,11.15,11.6,11.15,11.4,11.276,11.15,11.6,11.15,11.4,11.276,26892600.0,303239720000.0,0.0,0.0,-0.55,-0.55,-4.6025
POW,2025-04-03,15:04:21,HOSE,STOCK,12.8,13.65,11.95,12.3,12.5,11.95,11.95,12.12,12.3,12.5,11.95,11.95,12.12,18059600.0,218881740000.0,30000.0,387000000.0,-0.85,-0.85,-6.6406
POW,2025-04-02,15:04:20,HOSE,STOCK,12.95,13.85,12.05,13.0,13.15,12.8,12.8,12.951,13.0,13.15,12.8,12.8,12.951,6889900.0,89232850000.0,0.0,0.0,-0.15,-0.15,-1.1583
POW,2025-04-01,15:04:19,HOSE,STOCK,12.8,13.65,11.95,12.85,13.05,12.85,12.95,12.941,12.85,13.05,12.85,12.95,12.941,6550300.0,84766020000.0,3300000.0,42240000000.0,0.15,0.15,1.1719
POW,2025-03-31,15:03:25,HOSE,STOCK,12.8,13.65,11.95,12.75,13.1,12.65,12.8,12.884,12.75,13.1,12.65,12.8,12.884,10118200.0,130359680000.0,0.0,0.0,0.0,0.0,0.0
POW,2025-03-28,15:03:21,HOSE,STOCK,12.85,13.7,12.0,12.9,13.15,12.8,12.8,12.93,12.9,13.15,12.8,12.8,12.93,8955700.0,115796680000.0,0.0,0.0,-0.05,-0.05,-0.3891
POW,2025-03-27,15:03:19,HOSE,STOCK,13.0,13.9,12.1,13.1,13.1,12.8,12.85,12.9,13.1,13.1,12.8,12.85,12.9,4892900.0,63117150000.0,0.0,0.0,-0.15,-0.15,-1.1538
POW,2025-03-26,15:03:23,HOSE,STOCK,13.05,13.95,12.15,13.15,13.2,12.85,13.0,12.998,13.15,13.2,12.85,13.0,12.998,11214000.0,145758150000.0,0.0,0.0,-0.05,-0.05,-0.3831
POW,2025-03-25,15:03:19,HOSE,STOCK,12.75,13.6,11.9,12.75,13.5,12.65,13.05,13.036,12.75,13.5,12.65,13.05,13.036,25255100.0,329223580000.0,0.0,0.0,0.3,0.3,2.3529
POW,2025-03-24,15:03:27,HOSE,STOCK,12.45,13.3,11.6,12.5,12.75,12.4,12.75,12.547,12.5,12.75,12.4,12.75,12.547,10267700.0,128828485000.0,0.0,0.0,0.3,0.3,2.4096
POW,2025-03-21,15:03:24,HOSE,STOCK,12.85,13.7,12.0,12.75,12.85,12.45,12.45,12.586,12.75,12.85,12.45,12.45,12.586,14341300.0,180496980000.0,0.0,0.0,-0.4,-0.4,-3.1128
POW,2025-03-20,15:03:21,HOSE,STOCK,12.9,13.8,12.0,12.9,13.05,12.65,12.85,12.76,12.9,13.05,12.65,12.85,12.76,10714000.0,136713240000.0,0.0,0.0,-0.05,-0.05,-0.3876
POW,2025-03-19,15:03:21,HOSE,STOCK,12.9,13.8,12.0,13.2,13.2,12.8,12.9,12.983,13.2,13.2,12.8,12.9,12.983,11084100.0,143906845000.0,0.0,0.0,0.0,0.0,0.0
POW,2025-03-18,15:03:25,HOSE,STOCK,12.1,12.9,11.3,12.2,12.9,12.2,12.9,12.774,12.2,12.9,12.2,12.9,12.774,35501000.0,453487170000.0,0.0,0.0,0.8,0.8,6.6116
POW,2025-03-17,15:03:18,HOSE,STOCK,12.0,12.8,11.2,12.1,12.15,12.0,12.1,12.084,12.1,12.15,12.0,12.1,12.084,3997200.0,48302275000.0,0.0,0.0,0.1,0.1,0.8333
POW,2025-03-14,15:03:21,HOSE,STOCK,11.95,12.75,11.15,11.95,12.0,11.8,12.0,11.875,11.95,12.0,11.8,12.0,11.875,8341200.0,99050830000.0,0.0,0.0,0.05,0.05,0.4184
POW,2025-03-13,15:03:19,HOSE,STOCK,12.1,12.9,11.3,12.1,12.2,11.9,11.95,12.037,12.1,12.2,11.9,11.95,12.037,5811100.0,69948010000.0,0.0,0.0,-0.15,-0.15,-1.2397
POW,2025-03-12,15:03:19,HOSE,STOCK,12.05,12.85,11.25,12.0,12.15,12.0,12.1,12.088,12.0,12.15,12.0,12.1,12.088,4648900.0,56197810000.0,0.0,0.0,0.05,0.05,0.4149
POW,2025-03-11,15:03:20,HOSE,STOCK,12.05,12.85,11.25,11.95,12.05,11.9,12.05,11.979,11.95,12.05,11.9,12.05,11.979,3274700.0,39226770000.0,0.0,0.0,0.0,0.0,0.0
POW,2025-03-10,15:03:22,HOSE,STOCK,12.1,12.9,11.3,12.15,12.2,12.05,12.05,12.12,12.15,12.2,12.05,12.05,12.12,5285000.0,64055410000.0,100000.0,1153000000.0,-0.05,-0.05,-0.4132
POW,2025-03-07,15:03:24,HOSE,STOCK,12.1,12.9,11.3,12.1,12.15,12.0,12.1,12.072,12.1,12.15,12.0,12.1,12.072,3976100.0,48000405000.0,0.0,0.0,0.0,0.0,0.0
POW,2025-03-06,15:03:18,HOSE,STOCK,11.95,12.75,11.15,12.0,12.1,11.95,12.1,12.004,12.0,12.1,11.95,12.1,12.004,3485100.0,41835725000.0,100000.0,1200000000.0,0.15,0.15,1.2552
POW,2025-03-05,15:03:21,HOSE,STOCK,12.15,13.0,11.3,12.2,12.25,11.95,11.95,12.059,12.2,12.25,11.95,11.95,12.059,7218100.0,87044040000.0,0.0,0.0,-0.2,-0.2,-1.6461
POW,2025-03-04,15:03:19,HOSE,STOCK,12.3,13.15,11.45,12.25,12.35,12.1,12.15,12.195,12.25,12.35,12.1,12.15,12.195,5233200.0,63818810000.0,0.0,0.0,-0.15,-0.15,-1.2195
POW,2025-03-03,15:03:24,HOSE,STOCK,12.25,13.1,11.4,12.3,12.55,12.25,12.3,12.365,12.3,12.55,12.25,12.3,12.365,6075800.0,75125820000.0,100000.0,1167000000.0,0.05,0.05,0.4082
POW,2025-02-28,15:02:23,HOSE,STOCK,12.0,12.8,11.2,12.05,12.4,12.05,12.25,12.226,12.05,12.4,12.05,12.25,12.226,8478300.0,103651845000.0,0.0,0.0,0.25,0.25,2.0833
POW,2025-02-27,15:02:25,HOSE,STOCK,12.1,12.9,11.3,12.1,12.15,11.9,12.0,12.009,12.1,12.15,11.9,12.0,12.009,6221600.0,74714140000.0,100000.0,1200000000.0,-0.1,-0.1,-0.8264
POW,2025-02-26,15:02:26,HOSE,STOCK,12.25,13.1,11.4,12.3,12.3,12.05,12.1,12.17,12.3,12.3,12.05,12.1,12.17,4522700.0,55043015000.0,0.0,0.0,-0.15,-0.15,-1.2245
POW,2025-02-25,15:02:21,HOSE,STOCK,12.35,13.2,11.5,12.4,12.45,12.2,12.25,12.34,12.4,12.45,12.2,12.25,12.34,6294900.0,77678535000.0,0.0,0.0,-0.1,-0.1,-0.8097
POW,2025-02-24,15:02:21,HOSE,STOCK,12.35,13.2,11.5,12.3,12.4,12.25,12.35,12.307,12.3,12.4,12.25,12.35,12.307,3680600.0,45296530000.0,0.0,0.0,0.0,0.0,0.0
POW,2025-02-21,15:02:20,HOSE,STOCK,12.2,13.05,11.35,12.2,12.45,12.2,12.35,12.336,12.2,12.45,12.2,12.35,12.336,6170900.0,76124055000.0,0.0,0.0,0.15,0.15,1.2295
POW,2025-02-20,15:02:21,HOSE,STOCK,12.4,13.25,11.55,12.45,12.45,12.2,12.2,12.305,12.45,12.45,12.2,12.2,12.305,6509400.0,80097730000.0,0.0,0.0,-0.2,-0.2,-1.6129
POW,2025-02-19,15:02:25,HOSE,STOCK,12.25,13.1,11.4,12.25,12.5,12.25,12.4,12.392,12.25,12.5,12.25,12.4,12.392,7539800.0,93434080000.0,0.0,0.0,0.15,0.15,1.2245
POW,2025-02-18,15:02:18,HOSE,STOCK,12.25,13.1,11.4,12.35,12.4,12.2,12.25,12.287,12.35,12.4,12.2,12.25,12.287,2380100.0,29243735000.0,0.0,0.0,0.0,0.0,0.0
POW,2025-02-17,15:02:18,HOSE,STOCK,12.15,13.0,11.3,12.25,12.5,12.1,12.25,12.341,12.25,12.5,12.1,12.25,12.341,9982800.0,123198480000.0,180000.0,2034000000.0,0.1,0.1,0.823
POW,2025-02-14,15:02:19,HOSE,STOCK,12.15,13.0,11.3,12.15,12.3,12.1,12.15,12.189,12.15,12.3,12.1,12.15,12.189,3849600.0,46923770000.0,190000.0,2470000000.0,0.0,0.0,0.0
POW,2025-02-13,15:02:22,HOSE,STOCK,11.9,12.7,11.1,11.85,12.25,11.85,12.15,12.094,11.85,12.25,11.85,12.15,12.094,7204700.0,87136370000.0,0.0,0.0,0.25,0.25,2.1008
POW,2025-02-12,15:02:21,HOSE,STOCK,11.95,12.75,11.15,11.95,12.05,11.8,11.9,11.909,11.95,12.05,11.8,11.9,11.909,2947600.0,35102295000.0,0.0,0.0,-0.05,-0.05,-0.4184
POW,2025-02-11,15:02:19,HOSE,STOCK,11.8,12.6,11.0,11.85,12.0,11.8,11.95,11.895,11.85,12.0,11.8,11.95,11.895,3703300.0,44050935000.0,0.0,0.0,0.15,0.15,1.2712
POW,2025-02-10,15:02:21,HOSE,STOCK,11.95,12.75,11.15,11.95,12.0,11.8,11.8,11.872,11.95,12.0,11.8,11.8,11.872,3341800.0,39673255000.0,0.0,0.0,-0.15,-0.15,-1.2552
POW,2025-02-07,15:02:20,HOSE,STOCK,11.8,12.6,11.0,11.85,12.2,11.8,11.95,12.034,11.85,12.2,11.8,11.95,12.034,9583500.0,115326985000.0,0.0,0.0,0.15,0.15,1.2712
POW,2025-02-06,15:02:21,HOSE,STOCK,11.75,12.55,10.95,11.8,11.95,11.75,11.8,11.819,11.8,11.95,11.75,11.8,11.819,2868200.0,33900180000.0,0.0,0.0,0.05,0.05,0.4255
POW,2025-02-05,15:02:21,HOSE,STOCK,11.75,12.55,10.95,11.9,11.9,11.75,11.75,11.795,11.9,11.9,11.75,11.75,11.795,3443100.0,40610930000.0,0.0,0.0,0.0,0.0,0.0
POW,2025-02-04,15:02:16,HOSE,STOCK,11.55,12.35,10.75,11.6,11.8,11.55,11.75,11.665,11.6,11.8,11.55,11.75,11.665,5117100.0,59692480000.0,4110000.0,47801200000.0,0.2,0.2,1.7316
POW,2025-02-03,15:02:22,HOSE,STOCK,11.5,12.3,10.7,11.55,11.65,11.5,11.55,11.557,11.55,11.65,11.5,11.55,11.557,3584300.0,41423035000.0,0.0,0.0,0.05,0.05,0.4348
POW,2025-01-24,15:01:16,HOSE,STOCK,11.45,12.25,10.65,11.5,11.5,11.35,11.5,11.456,11.5,11.5,11.35,11.5,11.456,5915500.0,67765570000.0,260000.0,3172000000.0,0.05,0.05,0.4367
POW,2025-01-23,15:01:13,HOSE,STOCK,11.3,12.05,10.55,11.35,11.5,11.35,11.45,11.418,11.35,11.5,11.35,11.45,11.418,3587200.0,40959405000.0,3500000.0,40250000000.0,0.15,0.15,1.3274
POW,2025-01-22,15:01:19,HOSE,STOCK,11.4,12.15,10.65,11.45,11.55,11.3,11.3,11.405,11.45,11.55,11.3,11.3,11.405,3798400.0,43320115000.0,0.0,0.0,-0.1,-0.1,-0.8772
POW,2025-01-21,15:01:14,HOSE,STOCK,11.6,12.4,10.8,11.7,11.7,11.35,11.4,11.516,11.7,11.7,11.35,11.4,11.516,5406100.0,62258905000.0,292595.0,3335583000.0,-0.2,-0.2,-1.7241
POW,2025-01-20,15:01:20,HOSE,STOCK,11.75,12.55,10.95,11.75,11.8,11.6,11.6,11.679,11.75,11.8,11.6,11.6,11.679,3735400.0,43623810000.0,0.0,0.0,-0.15,-0.15,-1.2766
POW,2025-01-17,15:01:17,HOSE,STOCK,11.85,12.65,11.05,11.85,11.85,11.7,11.75,11.776,11.85,11.85,11.7,11.75,11.776,2601900.0,30640430000.0,581497.0,6832589750.0,-0.1,-0.1,-0.8439
POW,2025-01-16,15:01:12,HOSE,STOCK,11.9,12.7,11.1,12.0,12.0,11.75,11.85,11.848,12.0,12.0,11.75,11.85,11.848,2709300.0,32100995000.0,0.0,0.0,-0.05,-0.05,-0.4202
POW,2025-01-15,15:01:15,HOSE,STOCK,11.65,12.45,10.85,11.75,11.9,11.65,11.9,11.782,11.75,11.9,11.65,11.9,11.782,2611100.0,30764320000.0,0.0,0.0,0.25,0.25,2.1459
POW,2025-01-14,15:01:17,HOSE,STOCK,11.8,12.6,11.0,11.85,11.9,11.65,11.65,11.769,11.85,11.9,11.65,11.65,11.769,2465100.0,29011710000.0,0.0,0.0,-0.15,-0.15,-1.2712
POW,2025-01-13,15:01:16,HOSE,STOCK,11.65,12.45,10.85,11.7,11.9,11.7,11.8,11.769,11.7,11.9,11.7,11.8,11.769,3323800.0,39117880000.0,100000.0,1090000000.0,0.15,0.15,1.2876
POW,2025-01-10,15:01:15,HOSE,STOCK,11.7,12.5,10.9,11.7,12.1,11.65,11.65,11.879,11.7,12.1,11.65,11.65,11.879,4739700.0,56304015000.0,0.0,0.0,-0.05,-0.05,-0.4274
POW,2025-01-09,15:01:13,HOSE,STOCK,11.65,12.45,10.85,11.7,11.75,11.6,11.7,11.652,11.7,11.75,11.6,11.7,11.652,2021700.0,23557040000.0,0.0,0.0,0.05,0.05,0.4292
POW,2025-01-08,15:01:19,HOSE,STOCK,11.45,12.25,10.65,11.45,11.75,11.45,11.65,11.574,11.45,11.75,11.45,11.65,11.574,2851600.0,33003420000.0,0.0,0.0,0.2,0.2,1.7467
POW,2025-01-07,15:01:15,HOSE,STOCK,11.55,12.35,10.75,11.6,11.65,11.45,11.45,11.554,11.6,11.65,11.45,11.45,11.554,4024800.0,46501780000.0,0.0,0.0,-0.1,-0.1,-0.8658
POW,2025-01-06,15:01:17,HOSE,STOCK,11.8,12.6,11.0,11.8,11.95,11.5,11.55,11.698,11.8,11.95,11.5,11.55,11.698,5442900.0,63673030000.0,0.0,0.0,-0.25,-0.25,-2.1186
POW,2025-01-03,15:01:17,HOSE,STOCK,12.0,12.8,11.2,12.0,12.0,11.75,11.8,11.869,12.0,12.0,11.75,11.8,11.869,4994500.0,59279060000.0,0.0,0.0,-0.2,-0.2,-1.6667
POW,2025-01-02,15:01:20,HOSE,STOCK,12.0,12.8,11.2,12.0,12.15,11.95,12.0,12.015,12.0,12.15,11.95,12.0,12.015,3025300.0,36348365000.0,0.0,0.0,0.0,0.0,0.0
POW,2024-12-31,15:12:14,HOSE,STOCK,12.15,13.0,11.3,12.15,12.15,12.0,12.0,12.058,12.15,12.15,12.0,12.0,12.058,1844800.0,22244175000.0,1127000.0,13735000000.0,-0.15,-0.15,-1.2346
POW,2024-12-30,15:12:15,HOSE,STOCK,12.0,12.8,11.2,12.0,12.15,11.95,12.15,12.045,12.0,12.15,11.95,12.15,12.045,3269500.0,39381485000.0,0.0,0.0,0.15,0.15,1.25
POW,2024-12-27,15:12:21,HOSE,STOCK,12.15,13.0,11.3,12.2,12.2,12.0,12.0,12.085,12.2,12.2,12.0,12.0,12.085,4154400.0,50204160000.0,0.0,0.0,-0.15,-0.15,-1.2346
POW,2024-12-26,15:12:17,HOSE,STOCK,12.15,13.0,11.3,12.15,12.25,12.05,12.15,12.159,12.15,12.25,12.05,12.15,12.159,3522100.0,42824540000.0,0.0,0.0,0.0,0.0,0.0
POW,2024-12-25,15:12:14,HOSE,STOCK,12.05,12.85,11.25,11.95,12.25,11.95,12.15,12.156,11.95,12.25,11.95,12.15,12.156,4582200.0,55701630000.0,0.0,0.0,0.1,0.1,0.8299
POW,2024-12-24,15:12:13,HOSE,STOCK,12.1,12.9,11.3,12.1,12.15,11.85,12.05,11.953,12.1,12.15,11.85,12.05,11.953,8756900.0,104672470000.0,0.0,0.0,-0.05,-0.05,-0.4132
POW,2024-12-23,15:12:16,HOSE,STOCK,12.2,13.05,11.35,12.25,12.3,12.1,12.1,12.171,12.25,12.3,12.1,12.1,12.171,6143100.0,74768015000.0,1500000.0,19500000000.0,-0.1,-0.1,-0.8197
POW,2024-12-20,15:12:13,HOSE,STOCK,12.4,13.25,11.55,12.5,12.5,12.2,12.2,12.308,12.5,12.5,12.2,12.2,12.308,7568400.0,93154975000.0,1500000.0,18750000000.0,-0.2,-0.2,-1.6129
POW,2024-12-19,15:12:14,HOSE,STOCK,12.6,13.45,11.75,12.45,12.5,12.3,12.4,12.383,12.45,12.5,12.3,12.4,12.383,5092100.0,63053490000.0,1500000.0,19500000000.0,-0.2,-0.2,-1.5873
POW,2024-12-18,15:12:12,HOSE,STOCK,12.35,13.2,11.5,12.35,12.6,12.3,12.6,12.469,12.35,12.6,12.3,12.6,12.469,7025600.0,87601435000.0,1500000.0,18750000000.0,0.25,0.25,2.0243
POW,2024-12-17,15:12:12,HOSE,STOCK,12.4,13.25,11.55,12.4,12.45,12.25,12.35,12.352,12.4,12.45,12.25,12.35,12.352,2391700.0,29541030000.0,3000000.0,39000000000.0,-0.05,-0.05,-0.4032
POW,2024-12-16,15:12:16,HOSE,STOCK,12.25,13.1,11.4,12.3,12.4,12.25,12.4,12.321,12.3,12.4,12.25,12.4,12.321,3610800.0,44486960000.0,0.0,0.0,0.15,0.15,1.2245
POW,2024-12-13,15:12:15,HOSE,STOCK,12.3,13.15,11.45,12.35,12.35,12.2,12.25,12.273,12.35,12.35,12.2,12.25,12.273,3419000.0,41961655000.0,0.0,0.0,-0.05,-0.05,-0.4065
POW,2024-12-12,15:12:13,HOSE,STOCK,12.4,13.25,11.55,12.5,12.55,12.3,12.3,12.391,12.5,12.55,12.3,12.3,12.391,5484900.0,67963515000.0,0.0,0.0,-0.1,-0.1,-0.8065
POW,2024-12-11,15:12:14,HOSE,STOCK,12.65,13.5,11.8,12.65,12.7,12.35,12.4,12.476,12.65,12.7,12.35,12.4,12.476,5617700.0,70084070000.0,0.0,0.0,-0.25,-0.25,-1.9763
POW,2024-12-10,15:12:13,HOSE,STOCK,12.5,13.35,11.65,12.55,13.0,12.55,12.65,12.774,12.55,13.0,12.55,12.65,12.774,12759200.0,162989970000.0,0.0,0.0,0.15,0.15,1.2
POW,2024-12-09,15:12:14,HOSE,STOCK,12.45,13.3,11.6,12.45,12.55,12.35,12.5,12.431,12.45,12.55,12.35,12.5,12.431,5185000.0,64456890000.0,0.0,0.0,0.05,0.05,0.4016
POW,2024-12-06,15:12:16,HOSE,STOCK,12.5,13.35,11.65,12.55,12.65,12.4,12.45,12.524,12.55,12.65,12.4,12.45,12.524,6590400.0,82540955000.0,0.0,0.0,-0.05,-0.05,-0.4
POW,2024-12-05,15:12:14,HOSE,STOCK,12.3,13.15,11.45,12.3,12.55,12.25,12.5,12.422,12.3,12.55,12.25,12.5,12.422,8789400.0,109185370000.0,0.0,0.0,0.2,0.2,1.626
POW,2024-12-04,15:12:12,HOSE,STOCK,12.65,13.5,11.8,12.65,12.65,12.25,12.3,12.436,12.65,12.65,12.25,12.3,12.436,5774600.0,71812635000.0,0.0,0.0,-0.35,-0.35,-2.7668
POW,2024-12-03,15:12:12,HOSE,STOCK,12.4,13.25,11.55,12.4,12.75,12.2,12.65,12.554,12.4,12.75,12.2,12.65,12.554,13626600.0,171061335000.0,0.0,0.0,0.25,0.25,2.0161
POW,2024-12-02,15:12:13,HOSE,STOCK,12.4,13.25,11.55,12.5,12.6,12.25,12.4,12.386,12.5,12.6,12.25,12.4,12.386,4981200.0,61697530000.0,0.0,0.0,0.0,0.0,0.0
POW,2024-11-29,15:11:15,HOSE,STOCK,12.45,13.3,11.6,12.45,12.55,12.4,12.4,12.471,12.45,12.55,12.4,12.4,12.471,6650000.0,82928935000.0,0.0,0.0,-0.05,-0.05,-0.4016
POW,2024-11-28,15:11:12,HOSE,STOCK,12.55,13.4,11.7,12.65,12.65,12.45,12.45,12.51,12.65,12.65,12.45,12.45,12.51,4779600.0,59792300000.0,0.0,0.0,-0.1,-0.1,-0.7968
POW,2024-11-27,15:11:11,HOSE,STOCK,12.35,13.2,11.5,12.25,12.65,12.15,12.55,12.423,12.25,12.65,12.15,12.55,12.423,13053100.0,162163455000.0,0.0,0.0,0.2,0.2,1.6194
POW,2024-11-26,15:11:12,HOSE,STOCK,12.15,13.0,11.3,12.2,12.5,12.2,12.35,12.398,12.2,12.5,12.2,12.35,12.398,10904000.0,135189940000.0,0.0,0.0,0.2,0.2,1.6461
POW,2024-11-25,15:11:12,HOSE,STOCK,11.4,12.15,10.65,11.4,12.15,11.4,12.15,11.966,11.4,12.15,11.4,12.15,11.966,18614000.0,222741410000.0,500000.0,5700000000.0,0.75,0.75,6.5789
POW,2024-11-22,15:11:12,HOSE,STOCK,11.45,12.25,10.65,11.45,11.5,11.3,11.4,11.383,11.45,11.5,11.3,11.4,11.383,3114200.0,35448820000.0,0.0,0.0,-0.05,-0.05,-0.4367
POW,2024-11-21,15:11:11,HOSE,STOCK,11.35,12.1,10.6,11.35,11.45,11.3,11.45,11.366,11.35,11.45,11.3,11.45,11.366,2166800.0,24627940000.0,0.0,0.0,0.1,0.1,0.8811
POW,2024-11-20,15:11:13,HOSE,STOCK,11.2,11.95,10.45,11.15,11.5,11.15,11.35,11.322,11.15,11.5,11.15,11.35,11.322,4157400.0,47071660000.0,500000.0,5700000000.0,0.15,0.15,1.3393
POW,2024-11-19,15:11:10,HOSE,STOCK,11.3,12.05,10.55,11.35,11.4,11.2,11.2,11.284,11.35,11.4,11.2,11.2,11.284,3538300.0,39924265000.0,0.0,0.0,-0.1,-0.1,-0.885
POW,2024-11-18,15:11:11,HOSE,STOCK,11.25,12.0,10.5,11.25,11.4,11.2,11.3,11.28,11.25,11.4,11.2,11.3,11.28,4207200.0,47455120000.0,0.0,0.0,0.05,0.05,0.4444
POW,2024-11-15,15:11:15,HOSE,STOCK,11.5,12.3,10.7,11.45,11.5,11.25,11.25,11.331,11.45,11.5,11.25,11.25,11.331,7686000.0,87089040000.0,22000.0,257400000.0,-0.25,-0.25,-2.1739
POW,2024-11-14,15:11:11,HOSE,STOCK,11.7,12.5,10.9,11.7,11.75,11.45,11.5,11.576,11.7,11.75,11.45,11.5,11.576,5168600.0,59831945000.0,0.0,0.0,-0.2,-0.2,-1.7094
POW,2024-11-13,15:11:12,HOSE,STOCK,11.7,12.5,10.9,11.7,11.75,11.55,11.7,11.634,11.7,11.75,11.55,11.7,11.634,3429600.0,39899040000.0,300000.0,3570000000.0,0.0,0.0,0.0
POW,2024-11-12,15:11:12,HOSE,STOCK,11.7,12.5,10.9,11.75,11.9,11.7,11.7,11.786,11.75,11.9,11.7,11.7,11.786,6230000.0,73427470000.0,0.0,0.0,0.0,0.0,0.0
POW,2024-11-11,15:11:18,HOSE,STOCK,11.7,12.5,10.9,11.7,11.8,11.55,11.7,11.654,11.7,11.8,11.55,11.7,11.654,3695400.0,43066690000.0,300000.0,3570000000.0,0.0,0.0,0.0
POW,2024-11-08,15:11:14,HOSE,STOCK,11.7,12.5,10.9,11.7,11.9,11.65,11.7,11.72,11.7,11.9,11.65,11.7,11.72,4359000.0,51085520000.0,0.0,0.0,0.0,0.0,0.0
POW,2024-11-07,15:11:13,HOSE,STOCK,11.8,12.6,11.0,11.9,11.9,11.7,11.7,11.783,11.9,11.9,11.7,11.7,11.783,2648000.0,31202460000.0,0.0,0.0,-0.1,-0.1,-0.8475
POW,2024-11-06,15:11:11,HOSE,STOCK,11.55,12.35,10.75,11.6,11.85,11.6,11.8,11.746,11.6,11.85,11.6,11.8,11.746,5947200.0,69853300000.0,0.0,0.0,0.25,0.25,2.1645
POW,2024-11-05,15:11:11,HOSE,STOCK,11.45,12.25,10.65,11.45,11.6,11.45,11.55,11.533,11.45,11.6,11.45,11.55,11.533,3472300.0,40045915000.0,0.0,0.0,0.1,0.1,0.8734
POW,2024-11-04,15:11:11,HOSE,STOCK,11.6,12.4,10.8,11.7,11.7,11.45,11.45,11.559,11.7,11.7,11.45,11.45,11.559,5064300.0,58540310000.0,0.0,0.0,-0.15,-0.15,-1.2931
POW,2024-11-01,15:11:13,HOSE,STOCK,11.95,12.75,11.15,12.0,12.0,11.6,11.6,11.763,12.0,12.0,11.6,11.6,11.763,7503200.0,88262785000.0,0.0,0.0,-0.35,-0.35,-2.9289
POW,2024-10-31,15:10:12,HOSE,STOCK,12.05,12.85,11.25,12.2,12.2,11.95,11.95,12.025,12.2,12.2,11.95,11.95,12.025,5657100.0,68025410000.0,400000.0,4930000000.0,-0.1,-0.1,-0.8299
POW,2024-10-30,15:10:11,HOSE,STOCK,12.05,12.85,11.25,12.05,12.1,11.95,12.05,12.015,12.05,12.1,11.95,12.05,12.015,2282000.0,27418430000.0,200000.0,2480000000.0,0.0,0.0,0.0
POW,2024-10-29,15:10:11,HOSE,STOCK,11.95,12.75,11.15,11.95,12.15,11.95,12.05,12.043,11.95,12.15,11.95,12.05,12.043,3469900.0,41788640000.0,700000.0,8650000000.0,0.1,0.1,0.8368
POW,2024-10-28,15:10:12,HOSE,STOCK,11.9,12.7,11.1,11.95,12.0,11.85,11.95,11.924,11.95,12.0,11.85,11.95,11.924,2600000.0,31001255000.0,400000.0,5000000000.0,0.05,0.05,0.4202
POW,2024-10-25,15:10:14,HOSE,STOCK,12.1,12.9,11.3,12.2,12.2,11.9,11.9,12.066,12.2,12.2,11.9,11.9,12.066,4369300.0,52719405000.0,600000.0,7500000000.0,-0.2,-0.2,-1.6529
POW,2024-10-24,15:10:13,HOSE,STOCK,12.25,13.1,11.4,12.25,12.35,12.1,12.1,12.208,12.25,12.35,12.1,12.1,12.208,3452700.0,42150730000.0,400000.0,5040000000.0,-0.15,-0.15,-1.2245
POW,2024-10-23,15:10:13,HOSE,STOCK,12.2,13.05,11.35,12.25,12.4,12.15,12.25,12.274,12.25,12.4,12.15,12.25,12.274,3239400.0,39761740000.0,600000.0,7680000000.0,0.05,0.05,0.4098
POW,2024-10-22,15:10:11,HOSE,STOCK,12.45,13.3,11.6,12.45,12.45,12.05,12.2,12.275,12.45,12.45,12.05,12.2,12.275,8762300.0,107556335000.0,400000.0,5120000000.0,-0.25,-0.25,-2.008
POW,2024-10-21,15:10:18,HOSE,STOCK,12.5,13.35,11.65,12.5,12.55,12.4,12.45,12.462,12.5,12.55,12.4,12.45,12.462,2880300.0,35894905000.0,600000.0,7800000000.0,-0.05,-0.05,-0.4
POW,2024-10-18,15:10:15,HOSE,STOCK,12.55,13.4,11.7,12.55,12.7,12.5,12.5,12.582,12.55,12.7,12.5,12.5,12.582,3456000.0,43483470000.0,200000.0,2600000000.0,-0.05,-0.05,-0.3984
POW,2024-10-17,15:10:13,HOSE,STOCK,12.6,13.45,11.75,12.5,12.65,12.4,12.55,12.502,12.5,12.65,12.4,12.55,12.502,4008500.0,50114710000.0,800000.0,10400000000.0,-0.05,-0.05,-0.3968
POW,2024-10-16,15:10:10,HOSE,STOCK,12.6,13.45,11.75,12.7,12.75,12.5,12.6,12.623,12.7,12.75,12.5,12.6,12.623,2941300.0,37128915000.0,0.0,0.0,0.0,0.0,0.0
POW,2024-10-15,15:10:10,HOSE,STOCK,12.8,13.65,11.95,12.8,12.95,12.5,12.6,12.69,12.8,12.95,12.5,12.6,12.69,5122800.0,65008605000.0,500000.0,6500000000.0,-0.2,-0.2,-1.5625
POW,2024-10-14,15:10:11,HOSE,STOCK,12.6,13.45,11.75,12.8,13.1,12.8,12.8,12.913,12.8,13.1,12.8,12.8,12.913,8349200.0,107810785000.0,0.0,0.0,0.2,0.2,1.5873
POW,2024-10-11,15:10:12,HOSE,STOCK,12.9,13.8,12.0,13.0,13.0,12.6,12.6,12.71,13.0,13.0,12.6,12.6,12.71,8909600.0,113242260000.0,0.0,0.0,-0.3,-0.3,-2.3256
POW,2024-10-10,15:10:11,HOSE,STOCK,12.95,13.85,12.05,13.0,13.1,12.85,12.9,12.943,13.0,13.1,12.85,12.9,12.943,3054900.0,39539525000.0,0.0,0.0,-0.05,-0.05,-0.3861
POW,2024-10-09,15:10:14,HOSE,STOCK,12.8,13.65,11.95,12.85,12.95,12.75,12.95,12.841,12.85,12.95,12.75,12.95,12.841,4342900.0,55766835000.0,0.0,0.0,0.15,0.15,1.1719
POW,2024-10-08,15:10:11,HOSE,STOCK,12.75,13.6,11.9,12.8,12.95,12.7,12.8,12.784,12.8,12.95,12.7,12.8,12.784,2874100.0,36743475000.0,0.0,0.0,0.05,0.05,0.3922
POW,2024-10-07,15:10:12,HOSE,STOCK,12.95,13.85,12.05,13.05,13.1,12.75,12.75,12.877,13.05,13.1,12.75,12.75,12.877,4623000.0,59528690000.0,0.0,0.0,-0.2,-0.2,-1.5444
POW,2024-10-04,15:10:14,HOSE,STOCK,12.8,13.65,11.95,12.9,13.0,12.8,12.95,12.887,12.9,13.0,12.8,12.95,12.887,3379200.0,43548340000.0,2930000.0,37504000000.0,0.15,0.15,1.1719
POW,2024-10-03,15:10:11,HOSE,STOCK,13.15,14.05,12.25,13.1,13.3,12.8,12.8,13.033,13.1,13.3,12.8,12.8,13.033,7901200.0,102972360000.0,100000.0,1225000000.0,-0.35,-0.35,-2.6616
POW,2024-10-02,15:10:11,HOSE,STOCK,13.2,14.1,12.3,13.2,13.2,13.05,13.15,13.134,13.2,13.2,13.05,13.15,13.134,3963100.0,52052985000.0,0.0,0.0,-0.05,-0.05,-0.3788
POW,2024-10-01,15:10:10,HOSE,STOCK,13.1,14.0,12.2,13.1,13.25,13.05,13.2,13.133,13.1,13.25,13.05,13.2,13.133,7410900.0,97323430000.0,0.0,0.0,0.1,0.1,0.7634
POW,2024-09-30,15:09:14,HOSE,STOCK,13.05,13.95,12.15,13.05,13.1,12.9,13.1,12.993,13.05,13.1,12.9,13.1,12.993,4604100.0,59821395000.0,0.0,0.0,0.05,0.05,0.3831
POW,2024-09-27,15:09:14,HOSE,STOCK,13.05,13.95,12.15,13.0,13.25,13.0,13.05,13.1,13.0,13.25,13.0,13.05,13.1,7500100.0,98248050000.0,0.0,0.0,0.0,0.0,0.0
POW,2024-09-26,15:09:11,HOSE,STOCK,13.05,13.95,12.15,13.05,13.15,12.95,13.05,13.054,13.05,13.15,12.95,13.05,13.054,6034400.0,78772050000.0,0.0,0.0,0.0,0.0,0.0
POW,2024-09-25,15:09:12,HOSE,STOCK,12.6,13.45,11.75,12.7,13.05,12.6,13.05,12.883,12.7,13.05,12.6,13.05,12.883,15412500.0,198562775000.0,0.0,0.0,0.45,0.45,3.5714
POW,2024-09-24,15:09:09,HOSE,STOCK,12.5,13.35,11.65,12.55,12.65,12.5,12.6,12.574,12.55,12.65,12.5,12.6,12.574,2322200.0,29199715000.0,0.0,0.0,0.1,0.1,0.8
POW,2024-09-23,15:09:12,HOSE,STOCK,12.55,13.4,11.7,12.65,12.7,12.5,12.5,12.572,12.65,12.7,12.5,12.5,12.572,3154700.0,39659815000.0,0.0,0.0,-0.05,-0.05,-0.3984
POW,2024-09-20,15:09:12,HOSE,STOCK,12.55,13.4,11.7,12.6,12.75,12.5,12.55,12.609,12.6,12.75,12.5,12.55,12.609,5232400.0,65975995000.0,100000.0,1260000000.0,0.0,0.0,0.0
POW,2024-09-19,15:09:12,HOSE,STOCK,12.75,13.6,11.9,12.75,12.8,12.55,12.55,12.625,12.75,12.8,12.55,12.55,12.625,3166200.0,39972295000.0,0.0,0.0,-0.2,-0.2,-1.5686
POW,2024-09-18,15:09:14,HOSE,STOCK,12.55,13.4,11.7,12.6,12.75,12.45,12.75,12.606,12.6,12.75,12.45,12.75,12.606,7347900.0,92624100000.0,100000.0,1260000000.0,0.2,0.2,1.5936
POW,2024-09-17,15:09:14,HOSE,STOCK,12.3,13.15,11.45,12.35,12.55,12.25,12.55,12.348,12.35,12.55,12.25,12.55,12.348,4649700.0,57414230000.0,0.0,0.0,0.25,0.25,2.0325
POW,2024-09-16,15:09:12,HOSE,STOCK,12.8,13.65,11.95,12.85,12.95,12.25,12.3,12.509,12.85,12.95,12.25,12.3,12.509,9058900.0,113317025000.0,0.0,0.0,-0.5,-0.5,-3.9063
POW,2024-09-13,15:09:15,HOSE,STOCK,12.9,13.8,12.0,12.95,13.0,12.8,12.8,12.872,12.95,13.0,12.8,12.8,12.872,2316200.0,29814195000.0,0.0,0.0,-0.1,-0.1,-0.7752
POW,2024-09-12,15:09:10,HOSE,STOCK,12.85,13.7,12.0,12.9,13.05,12.9,12.9,12.963,12.9,13.05,12.9,12.9,12.963,1649200.0,21378095000.0,0.0,0.0,0.05,0.05,0.3891
POW,2024-09-11,15:09:10,HOSE,STOCK,13.0,13.9,12.1,12.95,13.05,12.8,12.85,12.888,12.95,13.05,12.8,12.85,12.888,3784500.0,48775595000.0,100000.0,1300000000.0,-0.15,-0.15,-1.1538
POW,2024-09-10,15:09:09,HOSE,STOCK,13.05,13.95,12.15,13.25,13.25,12.95,13.0,13.064,13.25,13.25,12.95,13.0,13.064,3367500.0,43993950000.0,0.0,0.0,-0.05,-0.05,-0.3831
POW,2024-09-09,15:09:11,HOSE,STOCK,13.1,14.0,12.2,13.1,13.15,12.9,13.05,13.047,13.1,13.15,12.9,13.05,13.047,2527900.0,32982590000.0,100000.0,1300000000.0,-0.05,-0.05,-0.3817
POW,2024-09-06,15:09:14,HOSE,STOCK,13.05,13.95,12.15,13.15,13.15,12.8,13.1,12.96,13.15,13.15,12.8,13.1,12.96,5592800.0,72480420000.0,0.0,0.0,0.05,0.05,0.3831
POW,2024-09-05,15:09:10,HOSE,STOCK,13.2,14.1,12.3,13.2,13.3,12.9,13.05,13.11,13.2,13.3,12.9,13.05,13.11,7870400.0,103184390000.0,0.0,0.0,-0.15,-0.15,-1.1364
POW,2024-09-04,15:09:11,HOSE,STOCK,13.45,14.35,12.55,13.35,13.4,13.2,13.2,13.278,13.35,13.4,13.2,13.2,13.278,6585700.0,87442825000.0,0.0,0.0,-0.25,-0.25,-1.8587
POW,2024-08-30,15:08:11,HOSE,STOCK,13.55,14.45,12.65,13.55,13.6,13.45,13.45,13.504,13.55,13.6,13.45,13.45,13.504,4119300.0,55625755000.0,0.0,0.0,-0.1,-0.1,-0.738
POW,2024-08-29,15:08:11,HOSE,STOCK,13.65,14.6,12.7,13.7,13.85,13.55,13.55,13.677,13.7,13.85,13.55,13.55,13.677,4854000.0,66389080000.0,0.0,0.0,-0.1,-0.1,-0.7326
POW,2024-08-28,15:08:11,HOSE,STOCK,13.45,14.35,12.55,13.45,13.7,13.4,13.65,13.573,13.45,13.7,13.4,13.65,13.573,7769600.0,105456395000.0,0.0,0.0,0.2,0.2,1.487
POW,2024-08-27,15:08:10,HOSE,STOCK,13.4,14.3,12.5,13.4,13.5,13.25,13.45,13.348,13.4,13.5,13.25,13.45,13.348,5942100.0,79317295000.0,0.0,0.0,0.05,0.05,0.3731
POW,2024-08-26,15:08:11,HOSE,STOCK,13.55,14.45,12.65,13.7,13.7,13.4,13.4,13.546,13.7,13.7,13.4,13.4,13.546,6596300.0,89350165000.0,0.0,0.0,-0.15,-0.15,-1.107
POW,2024-08-23,15:08:11,HOSE,STOCK,13.6,14.55,12.65,13.6,13.7,13.5,13.55,13.588,13.6,13.7,13.5,13.55,13.588,5784500.0,78596780000.0,0.0,0.0,-0.05,-0.05,-0.3676
POW,2024-08-22,15:08:14,HOSE,STOCK,13.75,14.7,12.8,13.8,13.8,13.55,13.6,13.649,13.8,13.8,13.55,13.6,13.649,6038100.0,82415370000.0,0.0,0.0,-0.15,-0.15,-1.0909
POW,2024-08-21,15:08:14,HOSE,STOCK,13.5,14.4,12.6,13.5,13.95,13.4,13.75,13.74,13.5,13.95,13.4,13.75,13.74,12635400.0,173614615000.0,0.0,0.0,0.25,0.25,1.8519
POW,2024-08-20,15:08:13,HOSE,STOCK,13.5,14.4,12.6,13.55,13.6,13.3,13.5,13.413,13.55,13.6,13.3,13.5,13.413,9152000.0,122757215000.0,0.0,0.0,0.0,0.0,0.0
POW,2024-08-19,15:08:11,HOSE,STOCK,13.45,14.35,12.55,13.55,13.75,13.5,13.5,13.617,13.55,13.75,13.5,13.5,13.617,8438700.0,114911170000.0,0.0,0.0,0.05,0.05,0.3717
POW,2024-08-16,14:44:56,HOSE,STOCK,13.05,13.95,12.15,13.1,13.55,13.1,13.45,13.41137651,13.1,13.55,13.1,13.45,13.41137651,7606900.0,102019000000.0,3.0,0.4005,0.4,0.4,3.0651
POW,2024-08-15,15:08:12,HOSE,STOCK,13.35,14.25,12.45,13.25,13.35,13.05,13.05,13.138,13.25,13.35,13.05,13.05,13.138,5342100.0,70183390000.0,0.0,0.0,-0.3,-0.3,-2.2472
POW,2024-08-14,15:08:10,HOSE,STOCK,13.4,14.3,12.5,13.45,13.45,13.25,13.35,13.307,13.45,13.45,13.25,13.35,13.307,3128000.0,41623080000.0,0.0,0.0,-0.05,-0.05,-0.3731
POW,2024-08-13,15:08:10,HOSE,STOCK,13.6,14.55,12.65,13.55,13.6,13.05,13.4,13.309,13.55,13.6,13.05,13.4,13.309,12008300.0,159819330000.0,0.0,0.0,-0.2,-0.2,-1.4706
POW,2024-08-12,15:08:11,HOSE,STOCK,13.85,14.8,12.9,13.95,13.95,13.6,13.6,13.72,13.95,13.95,13.6,13.6,13.72,8115300.0,111342435000.0,0.0,0.0,-0.25,-0.25,-1.8051
POW,2024-08-09,15:08:10,HOSE,STOCK,13.8,14.75,12.85,14.0,14.0,13.65,13.85,13.866,14.0,14.0,13.65,13.85,13.866,7389600.0,102466415000.0,0.0,0.0,0.05,0.05,0.3623
POW,2024-08-08,15:08:09,HOSE,STOCK,13.75,14.7,12.8,13.75,14.15,13.55,13.8,13.88,13.75,14.15,13.55,13.8,13.88,12626800.0,175258570000.0,0.0,0.0,0.05,0.05,0.3636
POW,2024-08-07,15:08:10,HOSE,STOCK,13.75,14.7,12.8,13.75,13.85,13.45,13.75,13.654,13.75,13.85,13.45,13.75,13.654,5898800.0,80539840000.0,30000.0,411450000.0,0.0,0.0,0.0
POW,2024-08-06,15:08:09,HOSE,STOCK,13.3,14.2,12.4,13.3,13.85,13.3,13.75,13.575,13.3,13.85,13.3,13.75,13.575,10088700.0,136950145000.0,1743300.0,24418994300.0,0.45,0.45,3.3835
POW,2024-08-05,15:08:09,HOSE,STOCK,13.8,14.75,12.85,13.55,13.75,13.05,13.3,13.418,13.55,13.75,13.05,13.3,13.418,12036900.0,161510665000.0,0.0,0.0,-0.5,-0.5,-3.6232
POW,2024-08-02,15:08:11,HOSE,STOCK,13.15,14.05,12.25,12.95,13.8,12.9,13.8,13.355,12.95,13.8,12.9,13.8,13.355,10746200.0,143512640000.0,3220000.0,40810000000.0,0.65,0.65,4.943
POW,2024-08-01,15:08:09,HOSE,STOCK,13.45,14.35,12.55,13.55,13.6,12.9,13.15,13.155,13.55,13.6,12.9,13.15,13.155,11728300.0,154286855000.0,0.0,0.0,-0.3,-0.3,-2.2305
POW,2024-07-31,15:07:11,HOSE,STOCK,13.4,14.3,12.5,13.6,13.7,13.3,13.45,13.486,13.6,13.7,13.3,13.45,13.486,6437900.0,86821280000.0,0.0,0.0,0.05,0.05,0.3731
POW,2024-07-30,15:07:09,HOSE,STOCK,13.6,14.55,12.65,13.75,13.85,13.4,13.4,13.62,13.75,13.85,13.4,13.4,13.62,10095000.0,137491405000.0,0.0,0.0,-0.2,-0.2,-1.4706
POW,2024-07-29,15:07:09,HOSE,STOCK,13.55,14.45,12.65,13.7,13.7,13.35,13.6,13.509,13.7,13.7,13.35,13.6,13.509,7094300.0,95839380000.0,100000.0,1390700000.0,0.05,0.05,0.369
POW,2024-07-26,21:07:59,HOSE,STOCK,12.9,13.8,12.0,13.0,13.6,13.0,13.55,13.367,13.0,13.6,13.0,13.55,13.367,12849200.0,171755020000.0,0.0,0.0,0.65,0.65,5.0388
POW,2024-07-25,15:07:08,HOSE,STOCK,13.2,14.1,12.3,13.15,13.25,12.7,12.9,12.95,13.15,13.25,12.7,12.9,12.95,8560000.0,110851075000.0,40000.0,492000000.0,-0.3,-0.3,-2.2727
POW,2024-07-24,15:07:09,HOSE,STOCK,12.85,13.7,12.0,12.75,13.3,12.7,13.2,13.075,12.75,13.3,12.7,13.2,13.075,11351400.0,148413775000.0,0.0,0.0,0.35,0.35,2.7237
POW,2024-07-23,15:07:11,HOSE,STOCK,13.45,14.35,12.55,13.5,13.65,12.8,12.85,13.223,13.5,13.65,12.8,12.85,13.223,11634700.0,153846525000.0,0.0,0.0,-0.6,-0.6,-4.461
POW,2024-07-22,15:07:09,HOSE,STOCK,13.3,14.2,12.4,13.4,13.75,13.1,13.45,13.39,13.4,13.75,13.1,13.45,13.39,12605600.0,168793260000.0,100000.0,1395000000.0,0.15,0.15,1.1278
POW,2024-07-19,15:07:09,HOSE,STOCK,14.2,15.15,13.25,14.2,14.25,13.25,13.3,13.617,14.2,14.25,13.25,13.3,13.617,24764400.0,337209215000.0,0.0,0.0,-0.9,-0.9,-6.338
POW,2024-07-18,15:07:10,HOSE,STOCK,13.9,14.85,12.95,14.0,14.2,13.8,14.2,13.983,14.0,14.2,13.8,14.2,13.983,16764200.0,234413620000.0,0.0,0.0,0.3,0.3,2.1583
POW,2024-07-17,15:07:09,HOSE,STOCK,14.9,15.9,13.9,14.95,15.1,13.9,13.9,14.418,14.95,15.1,13.9,13.9,14.418,31977500.0,461048040000.0,0.0,0.0,-1.0,-1.0,-6.7114
POW,2024-07-16,15:07:09,HOSE,STOCK,15.2,16.25,14.15,15.3,15.55,14.9,14.9,15.244,15.3,15.55,14.9,14.9,15.244,15018800.0,228951450000.0,400000.0,6040000000.0,-0.3,-0.3,-1.9737
POW,2024-07-15,15:07:12,HOSE,STOCK,15.2,16.25,14.15,15.35,15.35,14.85,15.2,15.1,15.35,15.35,14.85,15.2,15.1,9147800.0,138131575000.0,0.0,0.0,0.0,0.0,0.0
POW,2024-07-12,15:07:09,HOSE,STOCK,15.1,16.15,14.05,15.1,15.25,15.0,15.2,15.119,15.1,15.25,15.0,15.2,15.119,8413800.0,127209240000.0,200000.0,3069400000.0,0.1,0.1,0.6623
POW,2024-07-11,15:07:09,HOSE,STOCK,15.05,16.1,14.0,15.1,15.45,15.05,15.1,15.259,15.1,15.45,15.05,15.1,15.259,10985400.0,167626140000.0,0.0,0.0,0.05,0.05,0.3322
POW,2024-07-10,15:07:08,HOSE,STOCK,15.3,16.35,14.25,15.3,15.4,15.0,15.05,15.143,15.3,15.4,15.0,15.05,15.143,13690600.0,207318675000.0,1200000.0,19620000000.0,-0.25,-0.25,-1.634
POW,2024-07-09,15:07:11,HOSE,STOCK,15.05,16.1,14.0,15.25,15.9,15.1,15.3,15.514,15.25,15.9,15.1,15.3,15.514,23997200.0,372283430000.0,420000.0,5880000000.0,0.25,0.25,1.6611
POW,2024-07-08,15:07:11,HOSE,STOCK,14.6,15.6,13.6,14.65,15.05,14.6,15.05,14.918,14.65,15.05,14.6,15.05,14.918,15956200.0,238031180000.0,0.0,0.0,0.45,0.45,3.0822
POW,2024-07-05,15:07:10,HOSE,STOCK,14.75,15.75,13.75,14.75,14.9,14.6,14.6,14.684,14.75,14.9,14.6,14.6,14.684,11273000.0,165531720000.0,0.0,0.0,-0.15,-0.15,-1.0169
POW,2024-07-04,15:07:10,HOSE,STOCK,15.1,16.15,14.05,15.25,15.35,14.7,14.75,14.96,15.25,15.35,14.7,14.75,14.96,11047800.0,165277145000.0,0.0,0.0,-0.35,-0.35,-2.3179
POW,2024-07-03,15:07:09,HOSE,STOCK,14.5,15.5,13.5,14.65,15.35,14.55,15.1,15.032,14.65,15.35,14.55,15.1,15.032,18086100.0,271866220000.0,0.0,0.0,0.6,0.6,4.1379
POW,2024-07-02,15:07:08,HOSE,STOCK,14.55,15.55,13.55,14.7,14.7,14.4,14.5,14.522,14.7,14.7,14.4,14.5,14.522,9441100.0,137100360000.0,0.0,0.0,-0.05,-0.05,-0.3436
POW,2024-07-01,15:07:09,HOSE,STOCK,14.9,15.9,13.9,14.8,14.9,14.4,14.55,14.554,14.8,14.9,14.4,14.55,14.554,10115800.0,147223595000.0,8200400.0,130386360000.0,-0.35,-0.35,-2.349
POW,2024-06-28,15:06:10,HOSE,STOCK,14.75,15.75,13.75,14.75,15.0,14.45,14.9,14.757,14.75,15.0,14.45,14.9,14.757,11438300.0,168797265000.0,0.0,0.0,0.15,0.15,1.0169
POW,2024-06-27,15:06:08,HOSE,STOCK,15.3,16.35,14.25,15.3,15.3,14.75,14.75,14.92,15.3,15.3,14.75,14.75,14.92,15074200.0,224902965000.0,4300000.0,70305000000.0,-0.55,-0.55,-3.5948
POW,2024-06-26,15:06:09,HOSE,STOCK,15.0,16.05,13.95,15.0,15.5,15.0,15.3,15.242,15.0,15.5,15.0,15.3,15.242,15892700.0,242230930000.0,0.0,0.0,0.3,0.3,2.0
POW,2024-06-25,15:06:10,HOSE,STOCK,15.0,16.05,13.95,15.2,15.2,14.7,15.0,14.854,15.2,15.2,14.7,15.0,14.854,9122000.0,135498850000.0,3230000.0,51667600000.0,0.0,0.0,0.0
POW,2024-06-24,15:06:10,HOSE,STOCK,14.7,15.7,13.7,14.7,15.3,14.4,15.0,14.811,14.7,15.3,14.4,15.0,14.811,27286700.0,404154095000.0,2000000.0,27400000000.0,0.3,0.3,2.0408
POW,2024-06-21,15:06:10,HOSE,STOCK,15.1,16.15,14.05,15.15,15.3,14.7,14.7,14.914,15.15,15.3,14.7,14.7,14.914,13689500.0,204168060000.0,1965500.0,27615275000.0,-0.4,-0.4,-2.649
POW,2024-06-20,15:06:08,HOSE,STOCK,14.95,15.95,13.95,15.05,15.35,14.85,15.1,15.034,15.05,15.35,14.85,15.1,15.034,13031000.0,195908530000.0,204400.0,2851380000.0,0.15,0.15,1.0033
POW,2024-06-19,15:06:10,HOSE,STOCK,14.9,15.9,13.9,15.1,15.4,14.95,14.95,15.137,15.1,15.4,14.95,14.95,15.137,16186200.0,245012085000.0,0.0,0.0,0.05,0.05,0.3356
POW,2024-06-18,15:06:08,HOSE,STOCK,13.95,14.9,13.0,14.05,14.9,14.0,14.9,14.714,14.05,14.9,14.0,14.9,14.714,36627000.0,538935415000.0,250000.0,3625000000.0,0.95,0.95,6.81
POW,2024-06-17,15:06:08,HOSE,STOCK,13.75,14.7,12.8,13.7,14.15,13.55,13.95,13.919,13.7,14.15,13.55,13.95,13.919,13789400.0,191937890000.0,0.0,0.0,0.2,0.2,1.4545
POW,2024-06-14,15:06:09,HOSE,STOCK,14.15,15.1,13.2,14.15,14.2,13.75,13.75,14.02,14.15,14.2,13.75,13.75,14.02,15722200.0,220422825000.0,0.0,0.0,-0.4,-0.4,-2.8269
POW,2024-06-13,15:06:08,HOSE,STOCK,14.0,14.95,13.05,14.1,14.45,13.95,14.15,14.226,14.1,14.45,13.95,14.15,14.226,17230500.0,245127735000.0,500000.0,6900000000.0,0.15,0.15,1.0714
POW,2024-06-12,15:06:08,HOSE,STOCK,14.15,15.1,13.2,14.15,14.2,13.85,14.0,13.991,14.15,14.2,13.85,14.0,13.991,14075600.0,196926135000.0,500000.0,7050000000.0,-0.15,-0.15,-1.0601
POW,2024-06-11,15:06:08,HOSE,STOCK,13.65,14.6,12.7,13.75,14.4,13.65,14.15,14.036,13.75,14.4,13.65,14.15,14.036,22388100.0,314241800000.0,1200000.0,15790000000.0,0.5,0.5,3.663
POW,2024-06-10,15:06:09,HOSE,STOCK,13.95,14.9,13.0,14.0,14.05,13.55,13.65,13.778,14.0,14.05,13.55,13.65,13.778,16971400.0,233829540000.0,500000.0,7100000000.0,-0.3,-0.3,-2.1505
POW,2024-06-07,15:06:09,HOSE,STOCK,13.55,14.45,12.65,13.75,14.15,13.65,13.95,13.92,13.75,14.15,13.65,13.95,13.92,14504200.0,201891880000.0,0.0,0.0,0.4,0.4,2.952
POW,2024-06-06,15:06:07,HOSE,STOCK,13.75,14.7,12.8,13.75,14.1,13.55,13.55,13.806,13.75,14.1,13.55,13.55,13.806,15882300.0,219264050000.0,60000.0,768000000.0,-0.2,-0.2,-1.4545
POW,2024-06-05,15:06:07,HOSE,STOCK,14.0,14.95,13.05,14.0,14.3,13.75,13.75,13.989,14.0,14.3,13.75,13.75,13.989,24882000.0,348071520000.0,1300000.0,16965000000.0,-0.25,-0.25,-1.7857
POW,2024-06-04,15:06:08,HOSE,STOCK,13.45,14.35,12.55,13.55,14.15,13.35,14.0,13.797,13.55,14.15,13.35,14.0,13.797,35930200.0,495715505000.0,6278000.0,79203300000.0,0.55,0.55,4.0892
POW,2024-06-03,15:06:07,HOSE,STOCK,12.6,13.45,11.75,12.7,13.45,12.65,13.45,13.221,12.7,13.45,12.65,13.45,13.221,42917900.0,567399605000.0,180000.0,2273900000.0,0.85,0.85,6.746
POW,2024-05-31,15:05:07,HOSE,STOCK,12.8,13.65,11.95,12.8,12.85,12.55,12.6,12.687,12.8,12.85,12.55,12.6,12.687,11256800.0,142811095000.0,192000.0,2438400000.0,-0.2,-0.2,-1.5625
POW,2024-05-30,15:05:08,HOSE,STOCK,12.55,13.4,11.7,12.5,12.9,12.4,12.8,12.649,12.5,12.9,12.4,12.8,12.649,21581800.0,272983335000.0,0.0,0.0,0.25,0.25,1.992
POW,2024-05-29,15:05:07,HOSE,STOCK,12.45,13.3,11.6,12.5,12.75,12.3,12.55,12.576,12.5,12.75,12.3,12.55,12.576,28087800.0,353219630000.0,232000.0,2906400000.0,0.1,0.1,0.8032
POW,2024-05-28,15:05:10,HOSE,STOCK,12.1,12.9,11.3,12.4,12.55,12.25,12.45,12.412,12.4,12.55,12.25,12.45,12.412,25331200.0,314401970000.0,0.0,0.0,0.35,0.35,2.8926
POW,2024-05-27,15:05:06,HOSE,STOCK,11.35,12.1,10.6,11.45,12.1,11.4,12.1,11.94,11.45,12.1,11.4,12.1,11.94,41236900.0,492377730000.0,1835000.0,21677000000.0,0.75,0.75,6.6079
POW,2024-05-24,15:05:08,HOSE,STOCK,11.55,12.35,10.75,11.55,11.65,11.25,11.35,11.498,11.55,11.65,11.25,11.35,11.498,13365600.0,153680655000.0,0.0,0.0,-0.2,-0.2,-1.7316
POW,2024-05-23,15:05:06,HOSE,STOCK,11.35,12.1,10.6,11.4,11.65,11.3,11.55,11.509,11.4,11.65,11.3,11.55,11.509,15051800.0,173231575000.0,1355000.0,15989000000.0,0.2,0.2,1.7621
POW,2024-05-22,15:05:07,HOSE,STOCK,11.3,12.05,10.55,11.3,11.6,11.2,11.35,11.388,11.3,11.6,11.2,11.35,11.388,12534000.0,142739370000.0,0.0,0.0,0.05,0.05,0.4425
POW,2024-05-21,15:05:06,HOSE,STOCK,11.35,12.1,10.6,11.4,11.4,11.2,11.3,11.297,11.4,11.4,11.2,11.3,11.297,6114500.0,69075660000.0,320000.0,3520000000.0,-0.05,-0.05,-0.4405
POW,2024-05-20,15:05:07,HOSE,STOCK,11.25,12.0,10.5,11.25,11.5,11.25,11.35,11.36,11.25,11.5,11.25,11.35,11.36,9756200.0,110832160000.0,0.0,0.0,0.1,0.1,0.8889
POW,2024-05-17,15:05:07,HOSE,STOCK,11.15,11.9,10.4,11.25,11.3,11.15,11.25,11.225,11.25,11.3,11.15,11.25,11.225,7171800.0,80504550000.0,919000.0,10109000000.0,0.1,0.1,0.8969
POW,2024-05-16,15:05:06,HOSE,STOCK,11.0,11.75,10.25,11.05,11.3,11.0,11.15,11.151,11.05,11.3,11.0,11.15,11.151,7817300.0,87171320000.0,0.0,0.0,0.15,0.15,1.3636
POW,2024-05-15,15:05:05,HOSE,STOCK,10.95,11.7,10.2,11.0,11.05,10.9,11.0,10.964,11.0,11.05,10.9,11.0,10.964,5216200.0,57191845000.0,919000.0,10109000000.0,0.05,0.05,0.4566
POW,2024-05-14,15:05:06,HOSE,STOCK,11.0,11.75,10.25,11.0,11.05,10.95,10.95,10.993,11.0,11.05,10.95,10.95,10.993,3290900.0,36177545000.0,0.0,0.0,-0.05,-0.05,-0.4545
POW,2024-05-13,15:05:05,HOSE,STOCK,10.95,11.7,10.2,10.95,11.05,10.95,11.0,10.995,10.95,11.05,10.95,11.0,10.995,3019800.0,33202985000.0,304000.0,3344000000.0,0.05,0.05,0.4566
POW,2024-05-10,15:05:07,HOSE,STOCK,11.1,11.85,10.35,11.1,11.15,10.95,10.95,11.027,11.1,11.15,10.95,10.95,11.027,4900500.0,54039005000.0,0.0,0.0,-0.15,-0.15,-1.3514
POW,2024-05-09,15:05:06,HOSE,STOCK,11.15,11.9,10.4,11.2,11.25,11.05,11.1,11.137,11.2,11.25,11.05,11.1,11.137,3679800.0,40980510000.0,0.0,0.0,-0.05,-0.05,-0.4484
POW,2024-05-08,15:05:06,HOSE,STOCK,11.1,11.85,10.35,11.1,11.25,10.95,11.15,11.12,11.1,11.25,10.95,11.15,11.12,6351700.0,70631490000.0,409000.0,4569900000.0,0.05,0.05,0.4505
POW,2024-05-07,15:05:07,HOSE,STOCK,11.1,11.85,10.35,11.1,11.15,11.0,11.1,11.07,11.1,11.15,11.0,11.1,11.07,3262900.0,36121010000.0,0.0,0.0,0.0,0.0,0.0
POW,2024-05-06,15:05:07,HOSE,STOCK,10.95,11.7,10.2,11.0,11.25,10.95,11.1,11.092,11.0,11.25,10.95,11.1,11.092,6152300.0,68242080000.0,109000.0,1220800000.0,0.15,0.15,1.3699
POW,2024-05-03,15:05:08,HOSE,STOCK,11.1,11.85,10.35,11.1,11.15,10.9,10.95,11.056,11.1,11.15,10.9,10.95,11.056,4833100.0,53435010000.0,152300.0,1576305000.0,-0.15,-0.15,-1.3514
POW,2024-05-02,15:05:06,HOSE,STOCK,10.5,11.2,9.77,10.6,11.15,10.55,11.1,10.921,10.6,11.15,10.55,11.1,10.921,9025800.0,98569690000.0,0.0,0.0,0.6,0.6,5.7143
POW,2024-04-26,15:04:06,HOSE,STOCK,10.55,11.25,9.82,10.5,10.6,10.45,10.5,10.506,10.5,10.6,10.45,10.5,10.506,4967600.0,52190035000.0,0.0,0.0,-0.05,-0.05,-0.4739
POW,2024-04-25,15:04:07,HOSE,STOCK,10.65,11.35,9.91,10.65,10.7,10.5,10.55,10.596,10.65,10.7,10.5,10.55,10.596,3360000.0,35603795000.0,0.0,0.0,-0.1,-0.1,-0.939
POW,2024-04-24,16:04:43,HOSE,STOCK,10.45,11.15,9.72,10.45,10.75,10.45,10.65,10.584,10.45,10.75,10.45,10.65,10.584,5505900.0,58276735000.0,0.0,0.0,0.2,0.2,1.9139
POW,2024-04-23,15:04:06,HOSE,STOCK,10.65,11.35,9.91,10.65,10.7,10.4,10.45,10.56,10.65,10.7,10.4,10.45,10.56,4953200.0,52306055000.0,0.0,0.0,-0.2,-0.2,-1.8779
POW,2024-04-22,15:04:08,HOSE,STOCK,10.6,11.3,9.86,10.7,10.8,10.6,10.65,10.695,10.7,10.8,10.6,10.65,10.695,3804500.0,40687980000.0,0.0,0.0,0.05,0.05,0.4717
POW,2024-04-19,15:04:05,HOSE,STOCK,10.95,11.7,10.2,10.9,10.95,10.6,10.6,10.746,10.9,10.95,10.6,10.6,10.746,8536900.0,91734345000.0,0.0,0.0,-0.35,-0.35,-3.1963
POW,2024-04-17,15:04:05,HOSE,STOCK,10.9,11.65,10.15,10.9,11.1,10.85,10.95,10.956,10.9,11.1,10.85,10.95,10.956,6553700.0,71801980000.0,0.0,0.0,0.05,0.05,0.4587
POW,2024-04-16,15:04:06,HOSE,STOCK,11.15,11.9,10.4,11.2,11.2,10.8,10.9,11.005,11.2,11.2,10.8,10.9,11.005,11229400.0,123575270000.0,0.0,0.0,-0.25,-0.25,-2.2422
POW,2024-04-15,15:04:08,HOSE,STOCK,11.25,12.0,10.5,11.35,11.55,11.15,11.15,11.329,11.35,11.55,11.15,11.15,11.329,13277600.0,150425435000.0,0.0,0.0,-0.1,-0.1,-0.8889
POW,2024-04-12,15:04:07,HOSE,STOCK,11.2,11.95,10.45,11.2,11.3,11.2,11.25,11.241,11.2,11.3,11.2,11.25,11.241,5365300.0,60312300000.0,0.0,0.0,0.05,0.05,0.4464
POW,2024-04-11,15:04:05,HOSE,STOCK,11.3,12.05,10.55,11.25,11.25,11.2,11.2,11.214,11.25,11.25,11.2,11.2,11.214,5510500.0,61797090000.0,0.0,0.0,-0.1,-0.1,-0.885
POW,2024-04-10,15:04:05,HOSE,STOCK,11.3,12.05,10.55,11.3,11.35,11.2,11.3,11.283,11.3,11.35,11.2,11.3,11.283,5032400.0,56779515000.0,0.0,0.0,0.0,0.0,0.0
POW,2024-04-09,15:04:05,HOSE,STOCK,11.2,11.95,10.45,11.3,11.35,11.2,11.3,11.279,11.3,11.35,11.2,11.3,11.279,4974800.0,56111780000.0,0.0,0.0,0.1,0.1,0.8929
POW,2024-04-08,15:04:05,HOSE,STOCK,11.25,12.0,10.5,11.25,11.3,11.15,11.2,11.228,11.25,11.3,11.15,11.2,11.228,4047700.0,45447550000.0,0.0,0.0,-0.05,-0.05,-0.4444
POW,2024-04-05,15:04:05,HOSE,STOCK,11.3,12.05,10.55,11.3,11.35,11.2,11.25,11.259,11.3,11.35,11.2,11.25,11.259,7430000.0,83653990000.0,0.0,0.0,-0.05,-0.05,-0.4425
POW,2024-04-04,15:04:05,HOSE,STOCK,11.4,12.15,10.65,11.4,11.45,11.25,11.3,11.328,11.4,11.45,11.25,11.3,11.328,8110600.0,91879395000.0,0.0,0.0,-0.1,-0.1,-0.8772
POW,2024-04-03,15:04:05,HOSE,STOCK,11.55,12.35,10.75,11.55,11.6,11.35,11.4,11.453,11.55,11.6,11.35,11.4,11.453,6917000.0,79222070000.0,0.0,0.0,-0.15,-0.15,-1.2987
POW,2024-04-02,15:04:05,HOSE,STOCK,11.35,12.1,10.6,11.4,11.65,11.3,11.55,11.504,11.4,11.65,11.3,11.55,11.504,8867600.0,102011445000.0,0.0,0.0,0.2,0.2,1.7621
POW,2024-04-01,23:04:02,HOSE,STOCK,11.4,12.15,10.65,11.4,11.45,11.35,11.35,11.378,11.4,11.45,11.35,11.35,11.378,5405700.0,61506500000.0,0.0,0.0,-0.05,-0.05,-0.4386
POW,2024-03-29,14:04:36,HOSE,STOCK,11.45,12.25,10.65,11.5,11.5,11.35,11.4,11.426,11.5,11.5,11.35,11.4,11.426,4807100.0,54926390000.0,0.0,0.0,-0.05,-0.05,-0.4367
POW,2024-03-28,14:04:10,HOSE,STOCK,11.45,12.25,10.65,11.5,11.55,11.4,11.45,11.461,11.5,11.55,11.4,11.45,11.461,4069500.0,46640005000.0,0.0,0.0,0.0,0.0,0.0
POW,2024-03-27,17:03:31,HOSE,STOCK,11.45,12.25,10.65,11.5,11.6,11.45,11.45,11.499,11.5,11.6,11.45,11.45,11.499,5911800.0,67977330000.0,0.0,0.0,0.0,0.0,0.0
POW,2024-03-26,17:03:27,HOSE,STOCK,11.4,12.15,10.65,11.4,11.45,11.3,11.45,11.387,11.4,11.45,11.3,11.45,11.387,4588200.0,52247040000.0,0.0,0.0,0.05,0.05,0.4386
POW,2024-03-25,16:03:36,HOSE,STOCK,11.5,12.3,10.7,11.55,11.65,11.4,11.4,11.503,11.55,11.65,11.4,11.4,11.503,8064500.0,92762435000.0,0.0,0.0,-0.1,-0.1,-0.8696
POW,2024-03-22,15:03:09,HOSE,STOCK,11.4,12.15,10.65,11.4,11.55,11.35,11.5,11.46,11.4,11.55,11.35,11.5,11.46,8793500.0,100782460000.0,42400.0,511040000.0,0.1,0.1,0.8772
POW,2024-03-21,15:03:07,HOSE,STOCK,11.4,12.15,10.65,11.45,11.5,11.4,11.4,11.43,11.45,11.5,11.4,11.4,11.43,6407400.0,73242245000.0,74200.0,831040000.0,0.0,0.0,0.0
POW,2024-03-20,15:03:10,HOSE,STOCK,11.25,12.0,10.5,11.3,11.45,11.25,11.4,11.35,11.3,11.45,11.25,11.4,11.35,5377000.0,61015095000.0,163400.0,1853040000.0,0.15,0.15,1.3333
POW,2024-03-19,15:03:07,HOSE,STOCK,11.3,12.05,10.55,11.3,11.4,11.2,11.25,11.3,11.3,11.4,11.2,11.25,11.3,4143900.0,46808140000.0,26500.0,280900000.0,-0.05,-0.05,-0.4425
POW,2024-03-18,15:03:07,HOSE,STOCK,11.45,12.25,10.65,11.45,11.55,11.2,11.3,11.31,11.45,11.55,11.2,11.3,11.31,12759800.0,144365095000.0,121000.0,1403600000.0,-0.15,-0.15,-1.31
POW,2024-03-15,15:03:11,HOSE,STOCK,11.6,12.4,10.8,11.6,11.65,11.4,11.45,11.5,11.6,11.65,11.4,11.45,11.5,10619100.0,122092675000.0,330000.0,3729000000.0,-0.15,-0.15,-1.2931
POW,2024-03-14,15:03:08,HOSE,STOCK,11.6,12.4,10.8,11.6,11.7,11.55,11.6,11.62,11.6,11.7,11.55,11.6,11.62,6975100.0,81076835000.0,270000.0,3132000000.0,0.0,0.0,0.0
POW,2024-03-13,15:03:07,HOSE,STOCK,11.5,12.3,10.7,11.5,11.65,11.5,11.6,11.57,11.5,11.65,11.5,11.6,11.57,4092200.0,47360110000.0,778000.0,9147400000.0,0.1,0.1,0.8696
POW,2024-03-12,15:03:08,HOSE,STOCK,11.6,12.4,10.8,11.6,11.65,11.5,11.5,11.54,11.6,11.65,11.5,11.5,11.54,5968700.0,68898935000.0,270000.0,3132000000.0,-0.1,-0.1,-0.8621
POW,2024-03-11,15:03:05,HOSE,STOCK,11.7,12.5,10.9,11.75,11.8,11.5,11.6,11.62,11.75,11.8,11.5,11.6,11.62,7002400.0,81392295000.0,448000.0,5331200000.0,-0.1,-0.1,-0.8547
POW,2024-03-08,15:03:07,HOSE,STOCK,11.85,12.65,11.05,11.9,12.05,11.7,11.7,11.84,11.9,12.05,11.7,11.7,11.84,13571700.0,160651150000.0,0.0,0.0,-0.15,-0.15,-1.2658
POW,2024-03-07,15:03:08,HOSE,STOCK,11.9,12.7,11.1,11.9,11.95,11.75,11.85,11.82,11.9,11.95,11.75,11.85,11.82,5715400.0,67571655000.0,0.0,0.0,-0.05,-0.05,-0.4202
POW,2024-03-06,15:03:06,HOSE,STOCK,11.85,12.65,11.05,11.8,12.1,11.8,11.9,11.97,11.8,12.1,11.8,11.9,11.97,8874000.0,106180790000.0,0.0,0.0,0.05,0.05,0.4219
POW,2024-03-05,15:03:06,HOSE,STOCK,11.85,12.65,11.05,11.85,11.9,11.75,11.85,11.8,11.85,11.9,11.75,11.85,11.8,4589800.0,54165695000.0,0.0,0.0,0.0,0.0,0.0
POW,2024-03-04,15:03:06,HOSE,STOCK,11.75,12.55,10.95,11.85,11.9,11.75,11.85,11.85,11.85,11.9,11.75,11.85,11.85,7086300.0,83966525000.0,0.0,0.0,0.1,0.1,0.8511
POW,2024-03-01,15:03:06,HOSE,STOCK,11.65,12.45,10.85,11.65,11.75,11.6,11.75,11.69,11.65,11.75,11.6,11.75,11.69,4801200.0,56113420000.0,0.0,0.0,0.1,0.1,0.8584
POW,2024-02-29,15:02:07,HOSE,STOCK,11.8,12.6,11.0,11.9,11.9,11.65,11.65,11.73,11.9,11.9,11.65,11.65,11.73,6477300.0,76000975000.0,0.0,0.0,-0.15,-0.15,-1.2712
POW,2024-02-28,15:02:06,HOSE,STOCK,11.75,12.55,10.95,11.85,11.9,11.75,11.8,11.81,11.85,11.9,11.75,11.8,11.81,7057300.0,83342600000.0,550000.0,6600000000.0,0.05,0.05,0.4255
POW,2024-02-27,15:02:06,HOSE,STOCK,11.55,12.35,10.75,11.6,11.8,11.55,11.75,11.69,11.6,11.8,11.55,11.75,11.69,6554500.0,76606675000.0,0.0,0.0,0.2,0.2,1.7316
POW,2024-02-26,15:02:10,HOSE,STOCK,11.5,12.3,10.7,11.5,11.6,11.45,11.55,11.53,11.5,11.6,11.45,11.55,11.53,6812700.0,78529500000.0,550000.0,6600000000.0,0.05,0.05,0.4348
POW,2024-02-23,15:02:06,HOSE,STOCK,11.75,12.55,10.95,11.8,11.85,11.5,11.5,11.68,11.8,11.85,11.5,11.5,11.68,9330900.0,109025400000.0,0.0,0.0,-0.25,-0.25,-2.1277
POW,2024-02-22,15:02:05,HOSE,STOCK,11.8,12.6,11.0,11.8,11.9,11.75,11.75,11.82,11.8,11.9,11.75,11.75,11.82,5355200.0,63305770000.0,550000.0,6600000000.0,-0.05,-0.05,-0.4237
POW,2024-02-21,15:02:06,HOSE,STOCK,11.9,12.7,11.1,11.85,11.9,11.75,11.8,11.81,11.85,11.9,11.75,11.8,11.81,6651900.0,78570735000.0,0.0,0.0,-0.1,-0.1,-0.8403
POW,2024-02-20,15:02:06,HOSE,STOCK,12.0,12.8,11.2,12.05,12.25,11.85,11.9,12.0,12.05,12.25,11.85,11.9,12.0,7675800.0,92118335000.0,1400000.0,15939000000.0,-0.1,-0.1,-0.8333
POW,2024-02-19,15:02:08,HOSE,STOCK,11.5,12.3,10.7,11.5,12.1,11.5,12.0,11.84,11.5,12.1,11.5,12.0,11.84,22515100.0,266517735000.0,0.0,0.0,0.5,0.5,4.3478
POW,2024-02-16,15:02:07,HOSE,STOCK,11.4,12.15,10.65,11.45,11.5,11.4,11.5,11.46,11.45,11.5,11.4,11.5,11.46,2896000.0,33182570000.0,1400000.0,16100000000.0,0.1,0.1,0.8772
POW,2024-02-15,15:02:04,HOSE,STOCK,11.35,12.1,10.6,11.4,11.45,11.35,11.4,11.4,11.4,11.45,11.35,11.4,11.4,4291100.0,48934890000.0,0.0,0.0,0.05,0.05,0.4405
POW,2024-02-07,15:02:05,HOSE,STOCK,11.35,12.1,10.6,11.35,11.4,11.3,11.35,11.34,11.35,11.4,11.3,11.35,11.34,2857700.0,32397265000.0,0.0,0.0,0.0,0.0,0.0
POW,2024-02-06,15:02:04,HOSE,STOCK,11.25,12.0,10.5,11.3,11.35,11.25,11.35,11.31,11.3,11.35,11.25,11.35,11.31,3944300.0,44595445000.0,0.0,0.0,0.1,0.1,0.8889
POW,2024-02-05,15:02:05,HOSE,STOCK,11.3,12.05,10.55,11.35,11.35,11.25,11.25,11.3,11.35,11.35,11.25,11.25,11.3,3680400.0,41579380000.0,0.0,0.0,-0.05,-0.05,-0.4425
POW,2024-02-02,15:02:04,HOSE,STOCK,11.35,12.1,10.6,11.4,11.4,11.3,11.3,11.34,11.4,11.4,11.3,11.3,11.34,2618100.0,29690260000.0,6274400.0,75920240000.0,-0.05,-0.05,-0.4405
POW,2024-02-01,15:02:05,HOSE,STOCK,11.35,12.1,10.6,11.35,11.45,11.3,11.35,11.37,11.35,11.45,11.3,11.35,11.37,2541200.0,28883340000.0,0.0,0.0,0.0,0.0,0.0
POW,2024-01-31,15:01:04,HOSE,STOCK,11.5,12.3,10.7,11.55,11.55,11.35,11.35,11.42,11.55,11.55,11.35,11.35,11.42,4573100.0,52222870000.0,0.0,0.0,-0.15,-0.15,-1.3043
POW,2024-01-30,15:01:04,HOSE,STOCK,11.4,12.15,10.65,11.45,11.65,11.4,11.5,11.54,11.45,11.65,11.4,11.5,11.54,7274600.0,83960175000.0,0.0,0.0,0.1,0.1,0.8772
POW,2024-01-29,15:01:05,HOSE,STOCK,11.4,12.15,10.65,11.45,11.5,11.4,11.4,11.46,11.45,11.5,11.4,11.4,11.46,3347200.0,38370905000.0,2678800.0,30628260000.0,0.0,0.0,0.0
POW,2024-01-26,15:01:04,HOSE,STOCK,11.45,12.25,10.65,11.4,11.45,11.4,11.4,11.41,11.4,11.45,11.4,11.4,11.41,2315600.0,26431680000.0,6000000.0,69000000000.0,-0.05,-0.05,-0.4367
POW,2024-01-25,15:01:04,HOSE,STOCK,11.4,12.15,10.65,11.4,11.45,11.35,11.45,11.41,11.4,11.45,11.35,11.45,11.41,1763500.0,20113400000.0,0.0,0.0,0.05,0.05,0.4386
POW,2024-01-24,15:01:04,HOSE,STOCK,11.45,12.25,10.65,11.45,11.5,11.35,11.4,11.41,11.45,11.5,11.35,11.4,11.41,3625700.0,41375110000.0,0.0,0.0,-0.05,-0.05,-0.4367
POW,2024-01-23,15:01:05,HOSE,STOCK,11.55,12.35,10.75,11.55,11.6,11.4,11.45,11.46,11.55,11.6,11.4,11.45,11.46,4086900.0,46852080000.0,2321600.0,28671760000.0,-0.1,-0.1,-0.8658
POW,2024-01-22,15:01:03,HOSE,STOCK,11.55,12.35,10.75,11.6,11.65,11.45,11.55,11.53,11.6,11.65,11.45,11.55,11.53,4024000.0,46412200000.0,0.0,0.0,0.0,0.0,0.0
POW,2024-01-19,15:01:04,HOSE,STOCK,11.4,12.15,10.65,11.45,11.6,11.45,11.55,11.52,11.45,11.6,11.45,11.55,11.52,5917700.0,68155860000.0,0.0,0.0,0.15,0.15,1.3158
POW,2024-01-18,15:01:05,HOSE,STOCK,11.4,12.15,10.65,11.4,11.45,11.35,11.4,11.39,11.4,11.45,11.35,11.4,11.39,3571700.0,40690810000.0,0.0,0.0,0.0,0.0,0.0
POW,2024-01-17,15:01:04,HOSE,STOCK,11.5,12.3,10.7,11.5,11.55,11.4,11.4,11.46,11.5,11.55,11.4,11.4,11.46,4245500.0,48669410000.0,0.0,0.0,-0.1,-0.1,-0.8696
POW,2024-01-16,15:01:03,HOSE,STOCK,11.4,12.15,10.65,11.4,11.5,11.35,11.5,11.42,11.4,11.5,11.35,11.5,11.42,2788400.0,31843015000.0,0.0,0.0,0.1,0.1,0.8772
POW,2024-01-15,15:01:04,HOSE,STOCK,11.45,12.25,10.65,11.55,11.6,11.4,11.4,11.46,11.55,11.6,11.4,11.4,11.46,4254200.0,48748310000.0,0.0,0.0,-0.05,-0.05,-0.4367
POW,2024-01-12,15:01:04,HOSE,STOCK,11.65,12.45,10.85,11.75,11.75,11.35,11.45,11.54,11.75,11.75,11.35,11.45,11.54,8294100.0,95686745000.0,0.0,0.0,-0.2,-0.2,-1.7167
POW,2024-01-11,15:01:04,HOSE,STOCK,11.4,12.15,10.65,11.4,11.8,11.4,11.65,11.64,11.4,11.8,11.4,11.65,11.64,11453500.0,133313020000.0,0.0,0.0,0.25,0.25,2.193
POW,2024-01-10,15:01:04,HOSE,STOCK,11.45,12.25,10.65,11.5,11.55,11.35,11.4,11.45,11.5,11.55,11.35,11.4,11.45,4321200.0,49492625000.0,0.0,0.0,-0.05,-0.05,-0.4367
POW,2024-01-09,15:01:06,HOSE,STOCK,11.4,12.15,10.65,11.4,11.45,11.35,11.45,11.4,11.4,11.45,11.35,11.45,11.4,4060000.0,46299845000.0,0.0,0.0,0.05,0.05,0.4386
POW,2024-01-08,15:01:05,HOSE,STOCK,11.3,12.05,10.55,11.35,11.45,11.3,11.4,11.38,11.35,11.45,11.3,11.4,11.38,6005800.0,68334720000.0,0.0,0.0,0.1,0.1,0.885
POW,2024-01-05,15:01:03,HOSE,STOCK,11.45,12.25,10.65,11.45,11.5,11.3,11.3,11.37,11.45,11.5,11.3,11.3,11.37,4310300.0,49010890000.0,0.0,0.0,-0.15,-0.15,-1.31
POW,2024-01-04,15:01:04,HOSE,STOCK,11.4,12.15,10.65,11.45,11.6,11.4,11.45,11.48,11.45,11.6,11.4,11.45,11.48,7748000.0,88923340000.0,160000.0,1800800000.0,0.05,0.05,0.4386
POW,2024-01-03,15:01:03,HOSE,STOCK,11.25,12.0,10.5,11.25,11.4,11.2,11.4,11.32,11.25,11.4,11.2,11.4,11.32,4520200.0,51186180000.0,80000.0,900000000.0,0.15,0.15,1.3333
POW,2024-01-02,15:01:03,HOSE,STOCK,11.25,12.0,10.5,11.3,11.35,11.2,11.25,11.28,11.3,11.35,11.2,11.25,11.28,3502100.0,39498660000.0,0.0,0.0,0.0,0.0,0.0
POW,2023-12-29,15:12:01,HOSE,STOCK,11.25,12.0,10.5,11.25,11.3,11.2,11.25,11.26,11.25,11.3,11.2,11.25,11.26,5571100.0,62705925000.0,119100.0,1429200000.0,0.0,0.0,0.0
POW,2023-12-28,15:12:03,HOSE,STOCK,11.15,11.9,10.4,11.25,11.3,11.15,11.25,11.22,11.25,11.3,11.15,11.25,11.22,2966200.0,33287605000.0,336000.0,3923000000.0,0.1,0.1,0.8969
POW,2023-12-27,15:12:02,HOSE,STOCK,11.25,12.0,10.5,11.35,11.35,11.15,11.15,11.23,11.35,11.35,11.15,11.15,11.23,6907600.0,77590380000.0,0.0,0.0,-0.1,-0.1,-0.8889
POW,2023-12-26,15:12:01,HOSE,STOCK,11.3,12.05,10.55,11.3,11.4,11.2,11.25,11.28,11.3,11.4,11.2,11.25,11.28,3913700.0,44128970000.0,194690.0,2199997000.0,-0.05,-0.05,-0.4425
POW,2023-12-25,15:12:02,HOSE,STOCK,11.25,12.0,10.5,11.3,11.4,11.2,11.3,11.32,11.3,11.4,11.2,11.3,11.32,3859800.0,43691660000.0,0.0,0.0,0.05,0.05,0.4444
POW,2023-12-22,15:12:02,HOSE,STOCK,11.3,12.05,10.55,11.35,11.35,11.15,11.25,11.25,11.35,11.35,11.15,11.25,11.25,4125900.0,46428975000.0,0.0,0.0,-0.05,-0.05,-0.4425
POW,2023-12-21,15:12:02,HOSE,STOCK,11.3,12.05,10.55,11.3,11.35,11.25,11.3,11.3,11.3,11.35,11.25,11.3,11.3,2088100.0,23585315000.0,194690.0,2199997000.0,0.0,0.0,0.0
POW,2023-12-20,15:12:01,HOSE,STOCK,11.2,11.95,10.45,11.3,11.35,11.2,11.3,11.28,11.3,11.35,11.2,11.3,11.28,2902000.0,32727430000.0,0.0,0.0,0.1,0.1,0.8929
POW,2023-12-19,15:12:02,HOSE,STOCK,11.1,11.85,10.35,11.1,11.25,11.1,11.2,11.17,11.1,11.25,11.1,11.2,11.17,2564200.0,28646515000.0,0.0,0.0,0.1,0.1,0.9009
POW,2023-12-18,15:12:01,HOSE,STOCK,11.2,11.95,10.45,11.25,11.3,11.1,11.1,11.17,11.25,11.3,11.1,11.1,11.17,3359100.0,37513725000.0,0.0,0.0,-0.1,-0.1,-0.8929
POW,2023-12-15,15:12:01,HOSE,STOCK,11.3,12.05,10.55,11.35,11.4,11.2,11.2,11.24,11.35,11.4,11.2,11.2,11.24,6925300.0,77865040000.0,0.0,0.0,-0.1,-0.1,-0.885
POW,2023-12-14,15:12:01,HOSE,STOCK,11.4,12.15,10.65,11.45,11.5,11.25,11.3,11.37,11.45,11.5,11.25,11.3,11.37,3182300.0,36182260000.0,0.0,0.0,-0.1,-0.1,-0.8772
POW,2023-12-13,15:12:03,HOSE,STOCK,11.6,12.4,10.8,11.6,11.6,11.4,11.4,11.49,11.6,11.6,11.4,11.4,11.49,4452700.0,51141620000.0,0.0,0.0,-0.2,-0.2,-1.7241
POW,2023-12-12,15:12:02,HOSE,STOCK,11.6,12.4,10.8,11.65,11.7,11.5,11.6,11.59,11.65,11.7,11.5,11.6,11.59,3002900.0,34811180000.0,0.0,0.0,0.0,0.0,0.0
POW,2023-12-11,15:12:02,HOSE,STOCK,11.65,12.45,10.85,11.7,11.75,11.55,11.6,11.63,11.7,11.75,11.55,11.6,11.63,2423300.0,28188930000.0,0.0,0.0,-0.05,-0.05,-0.4292
POW,2023-12-08,15:12:02,HOSE,STOCK,11.5,12.3,10.7,11.6,11.85,11.55,11.65,11.7,11.6,11.85,11.55,11.65,11.7,6565500.0,76798060000.0,0.0,0.0,0.15,0.15,1.3043
POW,2023-12-07,15:12:03,HOSE,STOCK,11.55,12.35,10.75,11.55,11.7,11.45,11.5,11.54,11.55,11.7,11.45,11.5,11.54,5040900.0,58163600000.0,0.0,0.0,-0.05,-0.05,-0.4329
POW,2023-12-06,15:12:03,HOSE,STOCK,11.45,12.25,10.65,11.5,11.6,11.45,11.55,11.52,11.5,11.6,11.45,11.55,11.52,2318900.0,26723120000.0,0.0,0.0,0.1,0.1,0.8734
POW,2023-12-05,15:12:03,HOSE,STOCK,11.55,12.35,10.75,11.55,11.65,11.45,11.45,11.54,11.55,11.65,11.45,11.45,11.54,3692700.0,42597205000.0,0.0,0.0,-0.1,-0.1,-0.8658
POW,2023-12-04,15:12:02,HOSE,STOCK,11.3,12.05,10.55,11.35,11.6,11.3,11.55,11.51,11.35,11.6,11.3,11.55,11.51,5672800.0,65321420000.0,0.0,0.0,0.25,0.25,2.2124
POW,2023-12-01,15:12:02,HOSE,STOCK,11.25,12.0,10.5,11.35,11.35,11.2,11.3,11.27,11.35,11.35,11.2,11.3,11.27,2525200.0,28471115000.0,0.0,0.0,0.05,0.05,0.4444
POW,2023-11-30,15:11:03,HOSE,STOCK,11.3,12.05,10.55,11.4,11.45,11.2,11.25,11.33,11.4,11.45,11.2,11.25,11.33,4393300.0,49790545000.0,0.0,0.0,-0.05,-0.05,-0.4425
POW,2023-11-29,15:11:02,HOSE,STOCK,11.3,12.05,10.55,11.35,11.4,11.3,11.3,11.34,11.35,11.4,11.3,11.3,11.34,3554900.0,40299360000.0,0.0,0.0,0.0,0.0,0.0
POW,2023-11-28,15:11:01,HOSE,STOCK,11.3,12.05,10.55,11.3,11.35,11.15,11.3,11.22,11.3,11.35,11.15,11.3,11.22,4291700.0,48158420000.0,0.0,0.0,0.0,0.0,0.0
POW,2023-11-27,15:11:01,HOSE,STOCK,11.4,12.15,10.65,11.4,11.45,11.3,11.3,11.37,11.4,11.45,11.3,11.3,11.37,2236400.0,25428280000.0,0.0,0.0,-0.1,-0.1,-0.8772
POW,2023-11-24,15:11:03,HOSE,STOCK,11.45,12.25,10.65,11.45,11.5,11.2,11.4,11.36,11.45,11.5,11.2,11.4,11.36,6311600.0,71671610000.0,0.0,0.0,-0.05,-0.05,-0.4367
POW,2023-11-23,15:11:02,HOSE,STOCK,11.65,12.45,10.85,11.7,11.7,11.45,11.45,11.6,11.7,11.7,11.45,11.45,11.6,5684500.0,65942585000.0,0.0,0.0,-0.2,-0.2,-1.7167
POW,2023-11-22,15:11:03,HOSE,STOCK,11.7,12.5,10.9,11.7,11.7,11.5,11.65,11.62,11.7,11.7,11.5,11.65,11.62,4812300.0,55911340000.0,0.0,0.0,-0.05,-0.05,-0.4274
POW,2023-11-21,15:11:02,HOSE,STOCK,11.65,12.45,10.85,11.7,11.8,11.6,11.7,11.68,11.7,11.8,11.6,11.7,11.68,2911000.0,34013100000.0,0.0,0.0,0.05,0.05,0.4292
POW,2023-11-20,15:11:02,HOSE,STOCK,11.65,12.45,10.85,11.55,11.7,11.45,11.65,11.6,11.55,11.7,11.45,11.65,11.6,4704800.0,54553955000.0,0.0,0.0,0.0,0.0,0.0
POW,2023-11-17,15:11:01,HOSE,STOCK,11.85,12.65,11.05,11.85,11.95,11.6,11.65,11.74,11.85,11.95,11.6,11.65,11.74,5791900.0,67980265000.0,0.0,0.0,-0.2,-0.2,-1.6878
POW,2023-11-16,15:11:01,HOSE,STOCK,11.75,12.55,10.95,11.8,11.85,11.65,11.85,11.79,11.8,11.85,11.65,11.85,11.79,3788600.0,44671950000.0,0.0,0.0,0.1,0.1,0.8511
POW,2023-11-15,15:11:01,HOSE,STOCK,11.85,12.65,11.05,11.95,12.1,11.75,11.75,11.93,11.95,12.1,11.75,11.75,11.93,9811800.0,117042830000.0,0.0,0.0,-0.1,-0.1,-0.8439
POW,2023-11-14,15:11:02,HOSE,STOCK,11.9,12.7,11.1,12.0,12.0,11.7,11.85,11.83,12.0,12.0,11.7,11.85,11.83,6806900.0,80494570000.0,0.0,0.0,-0.05,-0.05,-0.4202
POW,2023-11-13,15:11:01,HOSE,STOCK,11.7,12.5,10.9,11.85,12.1,11.8,11.9,11.93,11.85,12.1,11.8,11.9,11.93,12245700.0,146130085000.0,0.0,0.0,0.2,0.2,1.7094
POW,2023-11-10,15:11:02,HOSE,STOCK,11.55,12.35,10.75,11.75,12.0,11.6,11.7,11.84,11.75,12.0,11.6,11.7,11.84,12128600.0,143566885000.0,0.0,0.0,0.15,0.15,1.2987
POW,2023-11-09,15:11:02,HOSE,STOCK,11.5,12.3,10.7,11.5,11.8,11.4,11.55,11.63,11.5,11.8,11.4,11.55,11.63,10908400.0,126830055000.0,0.0,0.0,0.05,0.05,0.4348
POW,2023-11-08,15:11:01,HOSE,STOCK,11.15,11.9,10.4,11.2,11.5,11.1,11.5,11.28,11.2,11.5,11.1,11.5,11.28,5094000.0,57473675000.0,0.0,0.0,0.35,0.35,3.139
POW,2023-11-07,15:11:01,HOSE,STOCK,11.25,12.0,10.5,11.2,11.3,11.1,11.15,11.2,11.2,11.3,11.1,11.15,11.2,3184300.0,35671650000.0,0.0,0.0,-0.1,-0.1,-0.8889
POW,2023-11-06,15:11:01,HOSE,STOCK,11.1,11.85,10.35,11.15,11.25,11.1,11.25,11.18,11.15,11.25,11.1,11.25,11.18,4854700.0,54271035000.0,0.0,0.0,0.15,0.15,1.3514
POW,2023-11-03,15:11:01,HOSE,STOCK,11.1,11.85,10.35,11.15,11.2,11.0,11.1,11.11,11.15,11.2,11.0,11.1,11.11,4794700.0,53290580000.0,0.0,0.0,0.0,0.0,0.0
POW,2023-11-02,15:11:02,HOSE,STOCK,10.7,11.4,9.96,10.8,11.15,10.8,11.1,10.97,10.8,11.15,10.8,11.1,10.97,4834700.0,53040130000.0,0.0,0.0,0.4,0.4,3.7383
POW,2023-11-01,15:11:02,HOSE,STOCK,10.6,11.3,9.86,10.65,10.7,10.55,10.7,10.65,10.65,10.7,10.55,10.7,10.65,3328300.0,35433405000.0,0.0,0.0,0.1,0.1,0.9434
POW,2023-10-31,15:10:02,HOSE,STOCK,10.85,11.6,10.1,10.9,10.95,10.6,10.6,10.76,10.9,10.95,10.6,10.6,10.76,5343300.0,57474315000.0,0.0,0.0,-0.25,-0.25,-2.3041
POW,2023-10-30,15:10:01,HOSE,STOCK,11.0,11.75,10.25,10.9,11.0,10.85,10.85,10.91,10.9,11.0,10.85,10.85,10.91,2475200.0,26995705000.0,0.0,0.0,-0.15,-0.15,-1.3636
POW,2023-10-27,15:10:02,HOSE,STOCK,10.8,11.55,10.05,10.9,11.0,10.75,11.0,10.89,10.9,11.0,10.75,11.0,10.89,3606800.0,39271225000.0,0.0,0.0,0.2,0.2,1.8519
POW,2023-10-26,15:10:02,HOSE,STOCK,11.2,11.95,10.45,11.15,11.15,10.75,10.8,10.87,11.15,11.15,10.75,10.8,10.87,8779800.0,95476290000.0,0.0,0.0,-0.4,-0.4,-3.5714
POW,2023-10-25,15:10:02,HOSE,STOCK,11.2,11.95,10.45,11.2,11.35,11.15,11.2,11.23,11.2,11.35,11.15,11.2,11.23,2846800.0,31974295000.0,0.0,0.0,0.0,0.0,0.0
POW,2023-10-24,15:10:02,HOSE,STOCK,11.05,11.8,10.3,11.05,11.2,10.95,11.2,11.09,11.05,11.2,10.95,11.2,11.09,3876400.0,42983420000.0,0.0,0.0,0.15,0.15,1.3575
POW,2023-10-23,15:10:02,HOSE,STOCK,11.2,11.95,10.45,11.2,11.25,10.95,11.05,11.05,11.2,11.25,10.95,11.05,11.05,3287800.0,36318005000.0,0.0,0.0,-0.15,-0.15,-1.3393
POW,2023-10-20,15:10:06,HOSE,STOCK,11.05,11.8,10.3,11.1,11.2,10.95,11.2,11.07,11.1,11.2,10.95,11.2,11.07,3866400.0,42795820000.0,0.0,0.0,0.15,0.15,1.3575
POW,2023-10-19,15:10:02,HOSE,STOCK,11.25,12.0,10.5,11.15,11.2,10.95,11.05,11.08,11.15,11.2,10.95,11.05,11.08,3038200.0,33671120000.0,0.0,0.0,-0.2,-0.2,-1.7778
POW,2023-10-18,15:10:02,HOSE,STOCK,11.25,12.0,10.5,11.25,11.3,10.9,11.25,11.11,11.25,11.3,10.9,11.25,11.11,6950500.0,77213280000.0,0.0,0.0,0.0,0.0,0.0
POW,2023-10-17,15:10:02,HOSE,STOCK,11.35,12.1,10.6,11.35,11.45,11.25,11.25,11.34,11.35,11.45,11.25,11.25,11.34,3317900.0,37633370000.0,0.0,0.0,-0.1,-0.1,-0.8811
POW,2023-10-16,15:10:02,HOSE,STOCK,11.4,12.15,10.65,11.4,11.5,11.25,11.35,11.38,11.4,11.5,11.25,11.35,11.38,3084000.0,35084635000.0,586000.0,6240900000.0,-0.05,-0.05,-0.4386
POW,2023-10-13,15:10:02,HOSE,STOCK,11.45,12.25,10.65,11.25,11.45,11.2,11.4,11.31,11.25,11.45,11.2,11.4,11.31,4775000.0,54010465000.0,0.0,0.0,-0.05,-0.05,-0.4367
POW,2023-10-12,15:10:02,HOSE,STOCK,11.5,12.3,10.7,11.55,11.55,11.4,11.45,11.46,11.55,11.55,11.4,11.45,11.46,3238700.0,37125765000.0,0.0,0.0,-0.05,-0.05,-0.4348
POW,2023-10-11,15:10:02,HOSE,STOCK,11.45,12.25,10.65,11.65,11.65,11.35,11.5,11.5,11.65,11.65,11.35,11.5,11.5,3941700.0,45310595000.0,0.0,0.0,0.05,0.05,0.4367
POW,2023-10-10,15:10:02,HOSE,STOCK,11.2,11.95,10.45,11.25,11.45,11.25,11.45,11.38,11.25,11.45,11.25,11.45,11.38,5117300.0,58258650000.0,0.0,0.0,0.25,0.25,2.2321
POW,2023-10-09,15:10:02,HOSE,STOCK,11.2,11.95,10.45,11.0,11.2,11.0,11.2,11.09,11.0,11.2,11.0,11.2,11.09,9548100.0,105872635000.0,0.0,0.0,0.0,0.0,0.0
POW,2023-10-06,15:10:01,HOSE,STOCK,10.9,11.65,10.15,10.95,11.25,10.9,11.2,11.07,10.95,11.25,10.9,11.2,11.07,5141700.0,56918245000.0,0.0,0.0,0.3,0.3,2.7523
POW,2023-10-05,15:10:01,HOSE,STOCK,11.25,12.0,10.5,11.25,11.3,10.9,10.9,11.06,11.25,11.3,10.9,10.9,11.06,8237200.0,91130550000.0,0.0,0.0,-0.35,-0.35,-3.1111
POW,2023-10-04,15:10:01,HOSE,STOCK,11.2,11.95,10.45,11.2,11.4,11.1,11.25,11.27,11.2,11.4,11.1,11.25,11.27,5552200.0,62561180000.0,0.0,0.0,0.05,0.05,0.4464
POW,2023-10-03,15:10:02,HOSE,STOCK,11.75,12.55,10.95,11.7,11.75,11.2,11.2,11.46,11.7,11.75,11.2,11.2,11.46,7906600.0,90579925000.0,0.0,0.0,-0.55,-0.55,-4.6809
POW,2023-10-02,15:10:01,HOSE,STOCK,11.6,12.4,10.8,11.65,11.85,11.6,11.75,11.72,11.65,11.85,11.6,11.75,11.72,2863600.0,33552625000.0,0.0,0.0,0.15,0.15,1.2931
POW,2023-09-29,15:09:01,HOSE,STOCK,11.5,12.3,10.7,11.95,11.95,11.6,11.6,11.74,11.95,11.95,11.6,11.6,11.74,5495500.0,64542500000.0,0.0,0.0,0.1,0.1,0.8696
POW,2023-09-28,15:09:01,HOSE,STOCK,11.75,12.55,10.95,11.75,11.8,11.5,11.5,11.61,11.75,11.8,11.5,11.5,11.61,4856900.0,56405820000.0,0.0,0.0,-0.25,-0.25,-2.1277
POW,2023-09-27,15:09:01,HOSE,STOCK,11.65,12.45,10.85,11.7,11.75,11.5,11.75,11.62,11.7,11.75,11.5,11.75,11.62,4547700.0,52850650000.0,0.0,0.0,0.1,0.1,0.8584
POW,2023-09-26,15:09:01,HOSE,STOCK,11.8,12.6,11.0,11.85,11.95,11.65,11.65,11.79,11.85,11.95,11.65,11.65,11.79,7568700.0,89249785000.0,0.0,0.0,-0.15,-0.15,-1.2712
POW,2023-09-25,15:09:01,HOSE,STOCK,12.3,13.15,11.45,12.35,12.4,11.8,11.8,12.11,12.35,12.4,11.8,11.8,12.11,7935200.0,96130185000.0,0.0,0.0,-0.5,-0.5,-4.065
POW,2023-09-22,15:09:01,HOSE,STOCK,12.7,13.55,11.85,12.6,12.65,12.15,12.3,12.36,12.6,12.65,12.15,12.3,12.36,9838400.0,121580170000.0,0.0,0.0,-0.4,-0.4,-3.1496
POW,2023-09-21,15:09:01,HOSE,STOCK,12.8,13.65,11.95,12.8,12.9,12.65,12.7,12.77,12.8,12.9,12.65,12.7,12.77,5685400.0,72614890000.0,0.0,0.0,-0.1,-0.1,-0.7813
POW,2023-09-20,15:09:02,HOSE,STOCK,12.75,13.6,11.9,12.75,12.85,12.7,12.8,12.78,12.75,12.85,12.7,12.8,12.78,3626400.0,46334100000.0,0.0,0.0,0.05,0.05,0.3922
POW,2023-09-19,15:09:01,HOSE,STOCK,12.65,13.5,11.8,12.7,12.85,12.5,12.75,12.65,12.7,12.85,12.5,12.75,12.65,5469700.0,69199855000.0,0.0,0.0,0.1,0.1,0.7905
POW,2023-09-18,15:09:02,HOSE,STOCK,12.75,13.6,11.9,12.85,12.85,12.6,12.65,12.73,12.85,12.85,12.6,12.65,12.73,5672000.0,72183335000.0,0.0,0.0,-0.1,-0.1,-0.7843
POW,2023-09-15,15:09:03,HOSE,STOCK,12.75,13.6,11.9,12.8,13.05,12.75,12.75,12.87,12.8,13.05,12.75,12.75,12.87,6491600.0,83521975000.0,0.0,0.0,0.0,0.0,0.0
POW,2023-09-14,15:09:03,HOSE,STOCK,12.95,13.85,12.05,13.0,13.0,12.75,12.75,12.84,13.0,13.0,12.75,12.75,12.84,6690500.0,85901060000.0,0.0,0.0,-0.2,-0.2,-1.5444
POW,2023-09-13,15:09:02,HOSE,STOCK,12.9,13.8,12.0,12.95,13.2,12.9,12.95,13.02,12.95,13.2,12.9,12.95,13.02,10777900.0,140294060000.0,0.0,0.0,0.05,0.05,0.3876
POW,2023-09-12,15:09:02,HOSE,STOCK,12.7,13.55,11.85,12.8,12.95,12.7,12.9,12.82,12.8,12.95,12.7,12.9,12.82,3267400.0,41881275000.0,0.0,0.0,0.2,0.2,1.5748
POW,2023-09-11,15:09:02,HOSE,STOCK,12.85,13.7,12.0,13.0,13.05,12.7,12.7,12.86,13.0,13.05,12.7,12.7,12.86,8195000.0,105401280000.0,0.0,0.0,-0.15,-0.15,-1.1673
POW,2023-09-08,15:09:03,HOSE,STOCK,12.9,13.8,12.0,12.9,13.0,12.85,12.85,12.91,12.9,13.0,12.85,12.85,12.91,10413700.0,134491005000.0,0.0,0.0,-0.05,-0.05,-0.3876
POW,2023-09-07,15:09:01,HOSE,STOCK,13.0,13.9,12.1,13.1,13.15,12.9,12.9,13.02,13.1,13.15,12.9,12.9,13.02,8434900.0,109795790000.0,0.0,0.0,-0.1,-0.1,-0.7692
POW,2023-09-06,15:09:03,HOSE,STOCK,13.0,13.9,12.1,13.0,13.1,12.85,13.0,12.95,13.0,13.1,12.85,13.0,12.95,6737400.0,87251570000.0,0.0,0.0,0.0,0.0,0.0
POW,2023-09-05,15:09:04,HOSE,STOCK,12.8,13.65,11.95,12.85,13.05,12.8,13.0,12.94,12.85,13.05,12.8,13.0,12.94,9229000.0,119418280000.0,79000.0,1078350000.0,0.2,0.2,1.5625
POW,2023-08-31,15:08:04,HOSE,STOCK,12.7,13.55,11.85,12.75,12.8,12.7,12.8,12.75,12.75,12.8,12.7,12.8,12.75,7255300.0,92539380000.0,0.0,0.0,0.1,0.1,0.7874
POW,2023-08-30,15:08:02,HOSE,STOCK,12.6,13.45,11.75,12.65,12.8,12.6,12.7,12.69,12.65,12.8,12.6,12.7,12.69,5476400.0,69478685000.0,0.0,0.0,0.1,0.1,0.7937
POW,2023-08-29,15:08:02,HOSE,STOCK,12.7,13.55,11.85,12.7,12.75,12.5,12.6,12.61,12.7,12.75,12.5,12.6,12.61,8648900.0,109095200000.0,0.0,0.0,-0.1,-0.1,-0.7874
POW,2023-08-28,15:08:02,HOSE,STOCK,12.5,13.35,11.65,12.6,12.7,12.5,12.7,12.6,12.6,12.7,12.5,12.7,12.6,4816200.0,60680300000.0,629029.0,7799959600.0,0.2,0.2,1.6
POW,2023-08-25,15:08:03,HOSE,STOCK,12.6,13.45,11.75,12.55,12.7,12.45,12.5,12.55,12.55,12.7,12.45,12.5,12.55,6763200.0,84871810000.0,0.0,0.0,-0.1,-0.1,-0.7937
POW,2023-08-24,15:08:02,HOSE,STOCK,12.35,13.2,11.5,12.5,12.65,12.35,12.6,12.55,12.5,12.65,12.35,12.6,12.55,8288700.0,103985910000.0,629029.0,7799959600.0,0.25,0.25,2.0243
POW,2023-08-23,15:08:01,HOSE,STOCK,12.8,13.65,11.95,12.85,12.95,12.35,12.35,12.54,12.85,12.95,12.35,12.35,12.54,13194700.0,165447880000.0,311110.0,4199985000.0,-0.45,-0.45,-3.5156
POW,2023-08-22,15:08:02,HOSE,STOCK,13.0,13.9,12.1,13.0,13.0,12.3,12.8,12.66,13.0,13.0,12.3,12.8,12.66,13991900.0,177136390000.0,1562543.0,20256777400.0,-0.2,-0.2,-1.5385
POW,2023-08-21,15:08:02,HOSE,STOCK,13.05,13.95,12.15,13.05,13.15,12.7,13.0,12.95,13.05,13.15,12.7,13.0,12.95,9020800.0,116784385000.0,444444.0,5999994000.0,-0.05,-0.05,-0.3831
POW,2023-08-18,15:08:02,HOSE,STOCK,14.0,14.95,13.05,14.05,14.05,13.05,13.05,13.45,14.05,14.05,13.05,13.05,13.45,21143200.0,284364090000.0,533332.0,7199982000.0,-0.95,-0.95,-6.7857
POW,2023-08-17,15:08:02,HOSE,STOCK,13.9,14.85,12.95,13.9,14.1,13.8,14.0,13.97,13.9,14.1,13.8,14.0,13.97,14962000.0,209051010000.0,444444.0,5999994000.0,0.1,0.1,0.7194
POW,2023-08-16,15:08:02,HOSE,STOCK,13.9,14.85,12.95,14.0,14.0,13.75,13.9,13.87,14.0,14.0,13.75,13.9,13.87,8360800.0,115932815000.0,533332.0,7199982000.0,0.0,0.0,0.0
POW,2023-08-15,15:08:02,HOSE,STOCK,13.75,14.7,12.8,13.8,14.15,13.65,13.9,13.95,13.8,14.15,13.65,13.9,13.95,12487000.0,174229690000.0,444444.0,5999994000.0,0.15,0.15,1.0909
POW,2023-08-14,15:08:02,HOSE,STOCK,13.65,14.6,12.7,13.8,13.85,13.65,13.75,13.72,13.8,13.85,13.65,13.75,13.72,8760500.0,120157440000.0,533332.0,7199982000.0,0.1,0.1,0.7326
POW,2023-08-11,14:44:25,HOSE,STOCK,13.8,14.75,12.85,13.8,13.9,13.55,13.65,13.65651727,13.8,13.9,13.55,13.65,13.65651727,10604900.0,144826000000.0,44452.3,6001.00915,-0.15,-0.15,-1.087
POW,2023-08-10,15:08:02,HOSE,STOCK,13.9,14.85,12.95,13.95,14.0,13.75,13.8,13.89,13.95,14.0,13.75,13.8,13.89,14455500.0,200745110000.0,533332.0,7199982000.0,-0.1,-0.1,-0.7194
POW,2023-08-09,15:08:04,HOSE,STOCK,14.1,15.05,13.15,14.2,14.2,13.85,13.9,13.96,14.2,14.2,13.85,13.9,13.96,10276200.0,143445990000.0,444444.0,5999994000.0,-0.2,-0.2,-1.4184
POW,2023-08-08,15:08:02,HOSE,STOCK,13.7,14.65,12.75,13.75,14.15,13.75,14.1,14.03,13.75,14.15,13.75,14.1,14.03,27973800.0,392612195000.0,539307.0,7199879500.0,0.4,0.4,2.9197
POW,2023-08-07,15:08:02,HOSE,STOCK,13.6,14.55,12.65,13.65,13.8,13.55,13.7,13.67,13.65,13.8,13.55,13.7,13.67,11572500.0,158222715000.0,444444.0,5999994000.0,0.1,0.1,0.7353
POW,2023-08-04,15:08:02,HOSE,STOCK,13.5,14.4,12.6,13.5,13.7,13.4,13.6,13.54,13.5,13.7,13.4,13.6,13.54,11430900.0,154772785000.0,323060.0,4199780000.0,0.1,0.1,0.7407
POW,2023-08-03,15:08:02,HOSE,STOCK,13.7,14.65,12.75,13.7,13.7,13.45,13.5,13.54,13.7,13.7,13.45,13.5,13.54,8300800.0,112418325000.0,0.0,0.0,-0.2,-0.2,-1.4599
POW,2023-08-02,15:08:01,HOSE,STOCK,13.45,14.35,12.55,13.5,13.7,13.4,13.7,13.52,13.5,13.7,13.4,13.7,13.52,9705600.0,131230595000.0,484590.0,6299670000.0,0.25,0.25,1.8587
POW,2023-08-01,15:08:02,HOSE,STOCK,13.7,14.65,12.75,13.85,13.85,13.4,13.45,13.63,13.85,13.85,13.4,13.45,13.63,14528600.0,198059015000.0,161530.0,2099890000.0,-0.25,-0.25,-1.8248
POW,2023-07-31,15:07:02,HOSE,STOCK,13.55,14.45,12.65,13.65,13.9,13.55,13.7,13.72,13.65,13.9,13.55,13.7,13.72,14505500.0,198980400000.0,484590.0,6299670000.0,0.15,0.15,1.107
POW,2023-07-28,15:07:03,HOSE,STOCK,13.3,14.2,12.4,13.3,13.6,13.3,13.55,13.47,13.3,13.6,13.3,13.55,13.47,16812900.0,226509645000.0,161530.0,2099890000.0,0.25,0.25,1.8797
POW,2023-07-27,15:07:03,HOSE,STOCK,13.55,14.45,12.65,13.6,13.65,13.3,13.3,13.45,13.6,13.65,13.3,13.3,13.45,12300700.0,165501510000.0,484590.0,6299670000.0,-0.25,-0.25,-1.845
POW,2023-07-26,15:07:02,HOSE,STOCK,13.25,14.15,12.35,13.3,13.8,13.2,13.55,13.56,13.3,13.8,13.2,13.55,13.56,27135300.0,367934760000.0,161530.0,2099890000.0,0.3,0.3,2.2642
POW,2023-07-25,15:07:01,HOSE,STOCK,13.3,14.2,12.4,13.4,13.4,13.2,13.25,13.27,13.4,13.4,13.2,13.25,13.27,9175700.0,121744130000.0,484590.0,6299670000.0,-0.05,-0.05,-0.3759
POW,2023-07-24,15:07:02,HOSE,STOCK,13.25,14.15,12.35,13.35,13.4,13.2,13.3,13.3,13.35,13.4,13.2,13.3,13.3,8856800.0,117753430000.0,687074.0,9299842800.0,0.05,0.05,0.3774
POW,2023-07-21,15:07:02,HOSE,STOCK,13.3,14.2,12.4,13.3,13.3,13.1,13.25,13.2,13.3,13.3,13.1,13.25,13.2,10103000.0,133349470000.0,0.0,0.0,-0.05,-0.05,-0.3759
POW,2023-07-20,15:07:02,HOSE,STOCK,13.3,14.2,12.4,13.3,13.3,13.1,13.3,13.19,13.3,13.3,13.1,13.3,13.19,9016400.0,118884730000.0,1379456.0,18898547200.0,0.0,0.0,0.0
POW,2023-07-19,15:07:02,HOSE,STOCK,13.5,14.4,12.6,13.55,13.55,13.3,13.3,13.39,13.55,13.55,13.3,13.3,13.39,6085500.0,81462385000.0,0.0,0.0,-0.2,-0.2,-1.4815
POW,2023-07-18,15:07:01,HOSE,STOCK,13.35,14.25,12.45,13.35,13.55,13.3,13.5,13.43,13.35,13.55,13.3,13.5,13.43,9685700.0,130116770000.0,1379456.0,18898547200.0,0.15,0.15,1.1236
POW,2023-07-17,15:07:01,HOSE,STOCK,13.3,14.2,12.4,13.4,13.4,13.25,13.35,13.34,13.4,13.4,13.25,13.35,13.34,6167800.0,82248995000.0,0.0,0.0,0.05,0.05,0.3759
POW,2023-07-14,15:07:03,HOSE,STOCK,13.35,14.25,12.45,13.35,13.4,13.2,13.3,13.31,13.35,13.4,13.2,13.3,13.31,7549600.0,100477715000.0,1379456.0,18898547200.0,-0.05,-0.05,-0.3745
POW,2023-07-13,15:07:03,HOSE,STOCK,13.25,14.15,12.35,13.3,13.45,13.25,13.35,13.33,13.3,13.45,13.25,13.35,13.33,8294000.0,110540035000.0,0.0,0.0,0.1,0.1,0.7547
POW,2023-07-12,15:07:02,HOSE,STOCK,13.25,14.15,12.35,13.35,13.4,13.15,13.25,13.25,13.35,13.4,13.15,13.25,13.25,4831300.0,64005085000.0,0.0,0.0,0.0,0.0,0.0
POW,2023-07-11,15:07:02,HOSE,STOCK,13.2,14.1,12.3,13.25,13.35,13.15,13.25,13.25,13.25,13.35,13.15,13.25,13.25,7512800.0,99578035000.0,0.0,0.0,0.05,0.05,0.3788
POW,2023-07-10,15:07:02,HOSE,STOCK,13.1,14.0,12.2,13.1,13.25,13.1,13.2,13.18,13.1,13.25,13.1,13.2,13.18,5453800.0,71873895000.0,0.0,0.0,0.1,0.1,0.7634
POW,2023-07-07,15:07:02,HOSE,STOCK,13.25,14.15,12.35,13.25,13.25,12.9,13.1,13.03,13.25,13.25,12.9,13.1,13.03,10147100.0,132220240000.0,0.0,0.0,-0.15,-0.15,-1.1321
POW,2023-07-06,15:07:01,HOSE,STOCK,13.5,14.4,12.6,13.5,13.55,13.15,13.25,13.31,13.5,13.55,13.15,13.25,13.31,6733000.0,89589625000.0,0.0,0.0,-0.25,-0.25,-1.8519
POW,2023-07-05,15:07:02,HOSE,STOCK,13.4,14.3,12.5,13.45,13.55,13.4,13.5,13.46,13.45,13.55,13.4,13.5,13.46,4851200.0,65287830000.0,0.0,0.0,0.1,0.1,0.7463
POW,2023-07-04,15:07:04,HOSE,STOCK,13.3,14.2,12.4,13.45,13.45,13.25,13.4,13.35,13.45,13.45,13.25,13.4,13.35,5540000.0,73958835000.0,0.0,0.0,0.1,0.1,0.7519
POW,2023-07-03,15:07:24,HOSE,STOCK,13.4,14.3,12.5,13.4,13.55,13.3,13.3,13.37,13.4,13.55,13.3,13.3,13.37,6065100.0,81081825000.0,0.0,0.0,-0.1,-0.1,-0.7463
POW,2023-06-30,15:06:02,HOSE,STOCK,13.55,14.45,12.65,13.55,13.6,13.35,13.4,13.44,13.55,13.6,13.35,13.4,13.44,6924500.0,93066585000.0,0.0,0.0,-0.15,-0.15,-1.107
POW,2023-06-29,15:06:02,HOSE,STOCK,13.8,14.75,12.85,13.7,13.8,13.55,13.55,13.65,13.7,13.8,13.55,13.55,13.65,5218100.0,71217460000.0,0.0,0.0,-0.25,-0.25,-1.8116
POW,2023-06-28,15:06:02,HOSE,STOCK,13.6,14.55,12.65,13.7,13.9,13.65,13.8,13.77,13.7,13.9,13.65,13.8,13.77,8794600.0,121065960000.0,0.0,0.0,0.2,0.2,1.4706
POW,2023-06-27,15:06:03,HOSE,STOCK,13.65,14.6,12.7,13.65,13.75,13.55,13.6,13.63,13.65,13.75,13.55,13.6,13.63,4676600.0,63739680000.0,0.0,0.0,-0.05,-0.05,-0.3663
POW,2023-06-26,15:06:02,HOSE,STOCK,13.7,14.65,12.75,13.75,13.75,13.55,13.65,13.6,13.75,13.75,13.55,13.65,13.6,4815800.0,65513450000.0,0.0,0.0,-0.05,-0.05,-0.365
POW,2023-06-23,15:06:02,HOSE,STOCK,13.75,14.7,12.8,13.85,13.9,13.65,13.7,13.74,13.85,13.9,13.65,13.7,13.74,5242800.0,72046665000.0,0.0,0.0,-0.05,-0.05,-0.3636
POW,2023-06-22,15:06:05,HOSE,STOCK,13.65,14.6,12.7,13.7,13.85,13.6,13.75,13.74,13.7,13.85,13.6,13.75,13.74,8545500.0,117421095000.0,0.0,0.0,0.1,0.1,0.7326
POW,2023-06-21,15:06:02,HOSE,STOCK,13.6,14.55,12.65,13.6,13.75,13.55,13.65,13.64,13.6,13.75,13.55,13.65,13.64,5540500.0,75560225000.0,0.0,0.0,0.05,0.05,0.3676
POW,2023-06-20,15:06:01,HOSE,STOCK,13.55,14.45,12.65,13.55,13.65,13.45,13.6,13.53,13.55,13.65,13.45,13.6,13.53,3980400.0,53855335000.0,0.0,0.0,0.05,0.05,0.369
POW,2023-06-19,15:06:02,HOSE,STOCK,13.5,14.4,12.6,13.55,13.65,13.5,13.55,13.55,13.55,13.65,13.5,13.55,13.55,3465100.0,46951200000.0,0.0,0.0,0.05,0.05,0.3704
POW,2023-06-16,15:06:02,HOSE,STOCK,13.55,14.45,12.65,13.6,13.75,13.5,13.5,13.61,13.6,13.75,13.5,13.5,13.61,7348700.0,100007040000.0,0.0,0.0,-0.05,-0.05,-0.369
POW,2023-06-15,15:06:02,HOSE,STOCK,13.75,14.7,12.8,13.75,13.75,13.55,13.55,13.65,13.75,13.75,13.55,13.55,13.65,5863000.0,80049290000.0,0.0,0.0,-0.2,-0.2,-1.4545
POW,2023-06-14,15:06:02,HOSE,STOCK,13.85,14.8,12.9,13.85,13.95,13.75,13.75,13.82,13.85,13.95,13.75,13.75,13.82,6980400.0,96455980000.0,0.0,0.0,-0.1,-0.1,-0.722
POW,2023-06-13,15:06:02,HOSE,STOCK,13.9,14.85,12.95,14.05,14.05,13.75,13.85,13.84,14.05,14.05,13.75,13.85,13.84,5754600.0,79657165000.0,0.0,0.0,-0.05,-0.05,-0.3597
POW,2023-06-12,15:06:02,HOSE,STOCK,13.75,14.7,12.8,13.75,14.05,13.75,13.9,13.92,13.75,14.05,13.75,13.9,13.92,7899200.0,109958485000.0,50000.0,725000000.0,0.15,0.15,1.0909
POW,2023-06-09,15:06:02,HOSE,STOCK,13.8,14.75,12.85,13.85,13.9,13.7,13.75,13.79,13.85,13.9,13.7,13.75,13.79,5123000.0,70628695000.0,0.0,0.0,-0.05,-0.05,-0.3623
POW,2023-06-08,15:06:03,HOSE,STOCK,13.75,14.7,12.8,13.85,14.2,13.75,13.8,13.95,13.85,14.2,13.75,13.8,13.95,15149300.0,211286225000.0,0.0,0.0,0.05,0.05,0.3636
POW,2023-06-07,15:06:02,HOSE,STOCK,13.8,14.75,12.85,13.9,13.95,13.75,13.75,13.8,13.9,13.95,13.75,13.75,13.8,9267100.0,127930880000.0,0.0,0.0,-0.05,-0.05,-0.3623
POW,2023-06-06,15:06:02,HOSE,STOCK,13.95,14.9,13.0,14.0,14.0,13.75,13.8,13.86,14.0,14.0,13.75,13.8,13.86,6038300.0,83665490000.0,0.0,0.0,-0.15,-0.15,-1.0753
POW,2023-06-05,15:06:03,HOSE,STOCK,13.65,14.6,12.7,13.7,14.1,13.65,13.95,13.87,13.7,14.1,13.65,13.95,13.87,16792700.0,232963120000.0,0.0,0.0,0.3,0.3,2.1978
POW,2023-06-02,15:06:01,HOSE,STOCK,13.65,14.6,12.7,13.7,13.75,13.6,13.65,13.66,13.7,13.75,13.6,13.65,13.66,6661100.0,91008480000.0,0.0,0.0,0.0,0.0,0.0
POW,2023-06-01,15:06:02,HOSE,STOCK,13.65,14.6,12.7,13.7,13.75,13.55,13.65,13.62,13.7,13.75,13.55,13.65,13.62,5145600.0,70080285000.0,0.0,0.0,0.0,0.0,0.0
POW,2023-05-31,15:05:03,HOSE,STOCK,13.65,14.6,12.7,13.65,13.85,13.55,13.65,13.71,13.65,13.85,13.55,13.65,13.71,11996300.0,164433340000.0,0.0,0.0,0.0,0.0,0.0
POW,2023-05-30,15:05:02,HOSE,STOCK,13.6,14.55,12.65,13.65,13.75,13.55,13.65,13.64,13.65,13.75,13.55,13.65,13.64,5709500.0,77895075000.0,0.0,0.0,0.05,0.05,0.3676
POW,2023-05-29,15:05:02,HOSE,STOCK,13.6,14.55,12.65,13.6,13.8,13.55,13.6,13.65,13.6,13.8,13.55,13.6,13.65,6272300.0,85601225000.0,0.0,0.0,0.0,0.0,0.0
POW,2023-05-26,15:05:02,HOSE,STOCK,13.45,14.35,12.55,13.55,13.7,13.5,13.6,13.6,13.55,13.7,13.5,13.6,13.6,5886000.0,80062990000.0,0.0,0.0,0.15,0.15,1.1152
POW,2023-05-25,15:05:01,HOSE,STOCK,13.5,14.4,12.6,13.5,13.65,13.45,13.45,13.51,13.5,13.65,13.45,13.45,13.51,5753700.0,77749770000.0,300000.0,4080000000.0,-0.05,-0.05,-0.3704
POW,2023-05-24,15:05:02,HOSE,STOCK,13.65,14.6,12.7,13.75,13.75,13.5,13.5,13.61,13.75,13.75,13.5,13.5,13.61,4872500.0,66331950000.0,0.0,0.0,-0.15,-0.15,-1.0989
POW,2023-05-23,15:05:02,HOSE,STOCK,13.6,14.55,12.65,13.7,13.9,13.65,13.65,13.77,13.7,13.9,13.65,13.65,13.77,12734300.0,175291300000.0,2000000.0,27600000000.0,0.05,0.05,0.3676
POW,2023-05-22,15:05:02,HOSE,STOCK,13.5,14.4,12.6,13.6,13.75,13.5,13.6,13.63,13.6,13.75,13.5,13.6,13.63,8670800.0,118151845000.0,0.0,0.0,0.1,0.1,0.7407
POW,2023-05-19,15:05:02,HOSE,STOCK,13.4,14.3,12.5,13.4,13.8,13.4,13.5,13.63,13.4,13.8,13.4,13.5,13.63,11078100.0,151008350000.0,0.0,0.0,0.1,0.1,0.7463
POW,2023-05-18,17:05:32,HOSE,STOCK,13.3,14.2,12.4,13.35,13.55,13.3,13.4,13.44,13.35,13.55,13.3,13.4,13.44,5726300.0,76964095000.0,0.0,0.0,0.1,0.1,0.7519
POW,2023-05-17,15:05:14,HOSE,STOCK,13.5,14.4,12.6,13.5,13.6,13.3,13.3,13.42,13.5,13.6,13.3,13.3,13.42,5134700.0,68888995000.0,2000000.0,27000000000.0,-0.2,-0.2,-1.4815
POW,2023-05-16,15:05:08,HOSE,STOCK,13.3,14.2,12.4,13.45,13.6,13.4,13.5,13.52,13.45,13.6,13.4,13.5,13.52,11136600.0,150610780000.0,0.0,0.0,0.2,0.2,1.5038
POW,2023-05-15,15:05:15,HOSE,STOCK,13.4,14.3,12.5,13.45,13.45,13.25,13.3,13.36,13.45,13.45,13.25,13.3,13.36,5494600.0,73382570000.0,0.0,0.0,-0.1,-0.1,-0.7463
POW,2023-05-12,15:05:05,HOSE,STOCK,13.3,14.2,12.4,13.25,13.4,13.2,13.4,13.32,13.25,13.4,13.2,13.4,13.32,4864500.0,64787940000.0,0.0,0.0,0.1,0.1,0.7519
POW,2023-05-11,15:05:03,HOSE,STOCK,13.4,14.3,12.5,13.45,13.55,13.3,13.3,13.36,13.45,13.55,13.3,13.3,13.36,6393200.0,85408310000.0,0.0,0.0,-0.1,-0.1,-0.7463
POW,2023-05-10,15:05:03,HOSE,STOCK,13.35,14.25,12.45,13.35,13.4,13.25,13.4,13.34,13.35,13.4,13.25,13.4,13.34,4861600.0,64877660000.0,50000.0,622500000.0,0.05,0.05,0.3745
POW,2023-05-09,15:05:05,HOSE,STOCK,13.3,14.2,12.4,13.3,13.4,13.25,13.35,13.33,13.3,13.4,13.25,13.35,13.33,5495800.0,73277040000.0,140000.0,1866620000.0,0.05,0.05,0.3759
POW,2023-05-08,15:05:07,HOSE,STOCK,13.05,13.95,12.15,13.15,13.3,13.1,13.3,13.24,13.15,13.3,13.1,13.3,13.24,8132400.0,107673600000.0,0.0,0.0,0.25,0.25,1.9157
POW,2023-05-05,15:05:04,HOSE,STOCK,13.0,13.9,12.1,13.0,13.15,12.95,13.05,13.05,13.0,13.15,12.95,13.05,13.05,4654900.0,60738185000.0,0.0,0.0,0.05,0.05,0.3846
POW,2023-05-04,15:05:05,HOSE,STOCK,13.1,14.0,12.2,13.05,13.35,13.0,13.0,13.19,13.05,13.35,13.0,13.0,13.19,8153900.0,107525690000.0,135000.0,1876500000.0,-0.1,-0.1,-0.7634
POW,2023-04-28,15:04:02,HOSE,STOCK,12.85,13.7,12.0,13.15,13.2,13.05,13.1,13.12,13.15,13.2,13.05,13.1,13.12,6130100.0,80423615000.0,0.0,0.0,0.25,0.25,1.9455
POW,2023-04-27,15:04:07,HOSE,STOCK,12.8,13.65,11.95,12.8,13.0,12.8,12.85,12.87,12.8,13.0,12.8,12.85,12.87,2966000.0,38180400000.0,0.0,0.0,0.05,0.05,0.3906
POW,2023-04-26,15:04:02,HOSE,STOCK,12.8,13.65,11.95,12.75,12.85,12.6,12.8,12.74,12.75,12.85,12.6,12.8,12.74,4308100.0,54864450000.0,2506078.0,32197798400.0,0.0,0.0,0.0
POW,2023-04-25,15:04:04,HOSE,STOCK,13.0,13.9,12.1,13.1,13.25,12.8,12.8,12.98,13.1,13.25,12.8,12.8,12.98,5455600.0,70827910000.0,408000.0,5476200000.0,-0.2,-0.2,-1.5385
POW,2023-04-24,15:04:02,HOSE,STOCK,12.8,13.65,11.95,12.8,13.0,12.75,13.0,12.89,12.8,13.0,12.75,13.0,12.89,3169300.0,40853700000.0,200000.0,2550000000.0,0.2,0.2,1.5625
POW,2023-04-21,15:04:02,HOSE,STOCK,13.15,14.05,12.25,13.15,13.15,12.65,12.8,12.88,13.15,13.15,12.65,12.8,12.88,11791600.0,151844530000.0,0.0,0.0,-0.35,-0.35,-2.6616
POW,2023-04-20,15:04:03,HOSE,STOCK,13.2,14.1,12.3,13.2,13.35,13.1,13.15,13.18,13.2,13.35,13.1,13.15,13.18,3095100.0,40790780000.0,0.0,0.0,-0.05,-0.05,-0.3788
POW,2023-04-19,15:04:02,HOSE,STOCK,13.5,14.4,12.6,13.5,13.55,13.1,13.2,13.28,13.5,13.55,13.1,13.2,13.28,5670000.0,75313295000.0,0.0,0.0,-0.3,-0.3,-2.2222
POW,2023-04-18,15:04:04,HOSE,STOCK,13.35,14.25,12.45,13.45,13.5,13.3,13.5,13.43,13.45,13.5,13.3,13.5,13.43,4644300.0,62354135000.0,0.0,0.0,0.15,0.15,1.1236
POW,2023-04-17,15:04:02,HOSE,STOCK,13.1,14.0,12.2,13.2,13.35,13.15,13.35,13.23,13.2,13.35,13.15,13.35,13.23,6057000.0,80154440000.0,0.0,0.0,0.25,0.25,1.9084
POW,2023-04-14,15:04:01,HOSE,STOCK,13.45,14.35,12.55,13.6,13.65,13.1,13.1,13.32,13.6,13.65,13.1,13.1,13.32,6677000.0,88904500000.0,0.0,0.0,-0.35,-0.35,-2.6022
POW,2023-04-13,15:04:02,HOSE,STOCK,13.65,14.6,12.7,13.7,14.05,13.45,13.45,13.81,13.7,14.05,13.45,13.45,13.81,12100700.0,167054605000.0,0.0,0.0,-0.2,-0.2,-1.4652
POW,2023-04-12,15:04:04,HOSE,STOCK,13.4,14.3,12.5,13.4,13.9,13.4,13.65,13.72,13.4,13.9,13.4,13.65,13.72,16953500.0,232624160000.0,0.0,0.0,0.25,0.25,1.8657
POW,2023-04-11,15:04:02,HOSE,STOCK,13.35,14.25,12.45,13.4,13.4,13.2,13.4,13.31,13.4,13.4,13.2,13.4,13.31,4908300.0,65346025000.0,0.0,0.0,0.05,0.05,0.3745
POW,2023-04-10,15:04:02,HOSE,STOCK,13.05,13.95,12.15,13.15,13.45,13.05,13.35,13.2,13.15,13.45,13.05,13.35,13.2,12230600.0,161448035000.0,0.0,0.0,0.3,0.3,2.2989
POW,2023-04-07,15:04:02,HOSE,STOCK,13.15,14.05,12.25,13.2,13.3,13.05,13.05,13.14,13.2,13.3,13.05,13.05,13.14,4738100.0,62272165000.0,0.0,0.0,-0.1,-0.1,-0.7605
POW,2023-04-06,15:04:02,HOSE,STOCK,13.45,14.35,12.55,13.45,13.45,13.15,13.15,13.3,13.45,13.45,13.15,13.15,13.3,10191400.0,135532925000.0,0.0,0.0,-0.3,-0.3,-2.2305
POW,2023-04-05,15:04:02,HOSE,STOCK,13.5,14.4,12.6,13.5,13.55,13.3,13.45,13.4,13.5,13.55,13.3,13.45,13.4,5962300.0,79914750000.0,0.0,0.0,-0.05,-0.05,-0.3704
POW,2023-04-04,15:04:02,HOSE,STOCK,13.2,14.1,12.3,13.3,13.6,13.2,13.5,13.44,13.3,13.6,13.2,13.5,13.44,11687200.0,157088530000.0,0.0,0.0,0.3,0.3,2.2727
POW,2023-04-03,15:04:02,HOSE,STOCK,13.2,14.1,12.3,13.3,13.4,13.1,13.2,13.19,13.3,13.4,13.1,13.2,13.19,8998300.0,118683680000.0,0.0,0.0,0.0,0.0,0.0
POW,2023-03-31,15:03:02,HOSE,STOCK,13.2,14.1,12.3,13.1,13.35,13.05,13.2,13.18,13.1,13.35,13.05,13.2,13.18,6202000.0,81720185000.0,0.0,0.0,0.0,0.0,0.0
POW,2023-03-30,15:03:01,HOSE,STOCK,13.35,14.25,12.45,13.45,13.45,13.05,13.2,13.25,13.45,13.45,13.05,13.2,13.25,5762300.0,76374855000.0,0.0,0.0,-0.15,-0.15,-1.1236
POW,2023-03-29,15:03:01,HOSE,STOCK,13.3,14.2,12.4,13.3,13.4,13.25,13.35,13.33,13.3,13.4,13.25,13.35,13.33,3577600.0,47685400000.0,0.0,0.0,0.05,0.05,0.3759
POW,2023-03-28,15:03:02,HOSE,STOCK,13.3,14.2,12.4,13.4,13.5,13.25,13.3,13.35,13.4,13.5,13.25,13.3,13.35,5289000.0,70627925000.0,0.0,0.0,0.0,0.0,0.0
POW,2023-03-27,15:03:01,HOSE,STOCK,13.25,14.15,12.35,13.25,13.45,13.1,13.3,13.32,13.25,13.45,13.1,13.3,13.32,6391300.0,85104425000.0,0.0,0.0,0.05,0.05,0.3774
POW,2023-03-24,15:03:01,HOSE,STOCK,13.2,14.1,12.3,13.2,13.3,13.05,13.25,13.19,13.2,13.3,13.05,13.25,13.19,5338500.0,70438030000.0,0.0,0.0,0.05,0.05,0.3788
POW,2023-03-23,15:03:01,HOSE,STOCK,13.15,14.05,12.25,13.0,13.2,12.95,13.2,13.09,13.0,13.2,12.95,13.2,13.09,4558400.0,59654315000.0,2000000.0,26400000000.0,0.05,0.05,0.3802
POW,2023-03-22,15:03:01,HOSE,STOCK,13.2,14.1,12.3,13.3,13.35,13.1,13.15,13.19,13.3,13.35,13.1,13.15,13.19,4001200.0,52762025000.0,0.0,0.0,-0.05,-0.05,-0.3788
POW,2023-03-21,15:03:01,HOSE,STOCK,12.85,13.7,12.0,13.0,13.3,12.85,13.2,13.06,13.0,13.3,12.85,13.2,13.06,5582900.0,72904620000.0,0.0,0.0,0.35,0.35,2.7237
POW,2023-03-20,15:03:01,HOSE,STOCK,13.4,14.3,12.5,13.3,13.3,12.8,12.85,13.03,13.3,13.3,12.8,12.85,13.03,9784800.0,127519645000.0,0.0,0.0,-0.55,-0.55,-4.1045
POW,2023-03-17,15:03:01,HOSE,STOCK,13.25,14.15,12.35,13.4,13.45,13.2,13.4,13.35,13.4,13.45,13.2,13.4,13.35,10682900.0,142638435000.0,0.0,0.0,0.15,0.15,1.1321
POW,2023-03-16,15:03:01,HOSE,STOCK,13.5,14.4,12.6,13.4,13.4,13.15,13.25,13.28,13.4,13.4,13.15,13.25,13.28,9365200.0,124405710000.0,0.0,0.0,-0.25,-0.25,-1.8519
POW,2023-03-15,15:03:01,HOSE,STOCK,12.85,13.7,12.0,13.1,13.55,12.9,13.5,13.25,13.1,13.55,12.9,13.5,13.25,16381500.0,217066910000.0,0.0,0.0,0.65,0.65,5.0584
POW,2023-03-14,15:03:02,HOSE,STOCK,13.15,14.05,12.25,13.0,13.1,12.7,12.85,12.9,13.0,13.1,12.7,12.85,12.9,12245900.0,158008080000.0,0.0,0.0,-0.3,-0.3,-2.2814
POW,2023-03-13,15:03:02,HOSE,STOCK,12.95,13.85,12.05,12.8,13.15,12.8,13.15,13.03,12.8,13.15,12.8,13.15,13.03,13893600.0,181009570000.0,0.0,0.0,0.2,0.2,1.5444
POW,2023-03-10,15:03:01,HOSE,STOCK,13.0,13.9,12.1,12.9,13.1,12.85,12.95,12.97,12.9,13.1,12.85,12.95,12.97,8921900.0,115760230000.0,0.0,0.0,-0.05,-0.05,-0.3846
POW,2023-03-09,15:03:02,HOSE,STOCK,12.75,13.6,11.9,12.75,13.2,12.65,13.0,12.98,12.75,13.2,12.65,13.0,12.98,20902900.0,271342980000.0,0.0,0.0,0.25,0.25,1.9608
POW,2023-03-08,15:03:01,HOSE,STOCK,12.55,13.4,11.7,12.5,12.8,12.45,12.75,12.62,12.5,12.8,12.45,12.75,12.62,7743500.0,97716875000.0,0.0,0.0,0.2,0.2,1.5936
POW,2023-03-07,15:03:01,HOSE,STOCK,12.45,13.3,11.6,12.5,12.75,12.5,12.55,12.62,12.5,12.75,12.5,12.55,12.62,7923100.0,99998415000.0,0.0,0.0,0.1,0.1,0.8032
POW,2023-03-06,15:03:02,HOSE,STOCK,12.35,13.2,11.5,12.45,12.65,12.35,12.45,12.47,12.45,12.65,12.35,12.45,12.47,6097300.0,76023705000.0,0.0,0.0,0.1,0.1,0.8097
POW,2023-03-03,15:03:01,HOSE,STOCK,12.7,13.55,11.85,12.75,12.85,12.35,12.35,12.52,12.75,12.85,12.35,12.35,12.52,7251700.0,90771875000.0,0.0,0.0,-0.35,-0.35,-2.7559
POW,2023-03-02,15:03:01,HOSE,STOCK,12.35,13.2,11.5,12.35,12.9,12.35,12.7,12.67,12.35,12.9,12.35,12.7,12.67,22744500.0,288231890000.0,0.0,0.0,0.35,0.35,2.834
POW,2023-03-01,15:03:02,HOSE,STOCK,12.1,12.9,11.3,12.05,12.35,11.95,12.35,12.19,12.05,12.35,11.95,12.35,12.19,5404700.0,65899545000.0,0.0,0.0,0.25,0.25,2.0661
POW,2023-02-28,15:02:01,HOSE,STOCK,12.0,12.8,11.2,12.1,12.25,12.0,12.1,12.12,12.1,12.25,12.0,12.1,12.12,5103800.0,61877445000.0,70800.0,792960000.0,0.1,0.1,0.8333
POW,2023-02-27,15:02:01,HOSE,STOCK,12.0,12.8,11.2,11.85,12.1,11.85,12.0,11.98,11.85,12.1,11.85,12.0,11.98,6322200.0,75763410000.0,0.0,0.0,0.0,0.0,0.0
POW,2023-02-24,15:02:01,HOSE,STOCK,12.2,13.05,11.35,12.25,12.35,12.0,12.0,12.11,12.25,12.35,12.0,12.0,12.11,4372700.0,52960220000.0,0.0,0.0,-0.2,-0.2,-1.6393
POW,2023-02-23,15:02:02,HOSE,STOCK,12.0,12.8,11.2,12.0,12.2,11.9,12.2,12.02,12.0,12.2,11.9,12.2,12.02,7552500.0,90771450000.0,0.0,0.0,0.2,0.2,1.6667
POW,2023-02-22,15:02:01,HOSE,STOCK,12.45,13.3,11.6,12.35,12.5,12.0,12.0,12.31,12.35,12.5,12.0,12.0,12.31,11102500.0,136664335000.0,86000.0,1056338000.0,-0.45,-0.45,-3.6145
POW,2023-02-21,15:02:01,HOSE,STOCK,12.65,13.5,11.8,12.7,12.7,12.45,12.45,12.55,12.7,12.7,12.45,12.45,12.55,9962600.0,125064365000.0,0.0,0.0,-0.2,-0.2,-1.581
POW,2023-02-20,15:02:01,HOSE,STOCK,12.4,13.25,11.55,12.4,12.7,12.35,12.65,12.54,12.4,12.7,12.35,12.65,12.54,11234100.0,140833645000.0,0.0,0.0,0.25,0.25,2.0161
POW,2023-02-17,15:02:01,HOSE,STOCK,12.35,13.2,11.5,12.3,12.5,12.2,12.4,12.37,12.3,12.5,12.2,12.4,12.37,8017700.0,99158795000.0,0.0,0.0,0.05,0.05,0.4049
POW,2023-02-16,15:02:02,HOSE,STOCK,12.0,12.8,11.2,12.1,12.35,12.05,12.35,12.24,12.1,12.35,12.05,12.35,12.24,7976500.0,97663875000.0,0.0,0.0,0.35,0.35,2.9167
POW,2023-02-15,15:02:01,HOSE,STOCK,11.85,12.65,11.05,11.85,12.05,11.75,12.0,11.93,11.85,12.05,11.75,12.0,11.93,5005900.0,59720830000.0,0.0,0.0,0.15,0.15,1.2658
POW,2023-02-14,15:02:02,HOSE,STOCK,11.7,12.5,10.9,11.8,11.95,11.75,11.85,11.83,11.8,11.95,11.75,11.85,11.83,3555200.0,42075335000.0,0.0,0.0,0.15,0.15,1.2821
POW,2023-02-13,15:02:01,HOSE,STOCK,12.0,12.8,11.2,11.95,12.15,11.55,11.7,11.79,11.95,12.15,11.55,11.7,11.79,6202600.0,73134770000.0,0.0,0.0,-0.3,-0.3,-2.5
POW,2023-02-10,15:02:01,HOSE,STOCK,12.0,12.8,11.2,12.1,12.3,11.95,12.0,12.13,12.1,12.3,11.95,12.0,12.13,7572400.0,91890605000.0,0.0,0.0,0.0,0.0,0.0
POW,2023-02-09,15:02:01,HOSE,STOCK,12.25,13.1,11.4,12.25,12.3,12.0,12.0,12.14,12.25,12.3,12.0,12.0,12.14,3869700.0,46991325000.0,0.0,0.0,-0.25,-0.25,-2.0408
POW,2023-02-08,15:02:02,HOSE,STOCK,12.2,13.05,11.35,12.2,12.35,12.0,12.25,12.18,12.2,12.35,12.0,12.25,12.18,4580300.0,55782130000.0,0.0,0.0,0.05,0.05,0.4098
POW,2023-02-07,15:02:01,HOSE,STOCK,12.55,13.4,11.7,12.6,12.75,12.05,12.2,12.45,12.6,12.75,12.05,12.2,12.45,9291500.0,115700610000.0,50000.0,607500000.0,-0.35,-0.35,-2.7888
POW,2023-02-06,15:02:01,HOSE,STOCK,12.15,13.0,11.3,12.05,12.6,11.95,12.55,12.31,12.05,12.6,11.95,12.55,12.31,9136200.0,112493840000.0,0.0,0.0,0.4,0.4,3.2922
POW,2023-02-03,15:02:02,HOSE,STOCK,12.0,12.8,11.2,12.15,12.2,11.85,12.15,12.06,12.15,12.2,11.85,12.15,12.06,6477100.0,78081975000.0,40000.0,512000000.0,0.15,0.15,1.25
POW,2023-02-02,15:02:01,HOSE,STOCK,11.95,12.75,11.15,12.1,12.1,11.85,12.0,11.95,12.1,12.1,11.85,12.0,11.95,7694100.0,91972180000.0,0.0,0.0,0.05,0.05,0.4184
POW,2023-02-01,15:02:01,HOSE,STOCK,12.4,13.25,11.55,12.55,12.9,11.95,11.95,12.48,12.55,12.9,11.95,11.95,12.48,15662100.0,195425645000.0,0.0,0.0,-0.45,-0.45,-3.629
POW,2023-01-31,15:01:02,HOSE,STOCK,12.35,13.2,11.5,12.45,12.5,12.25,12.4,12.38,12.45,12.5,12.25,12.4,12.38,7521200.0,93120210000.0,0.0,0.0,0.05,0.05,0.4049
POW,2023-01-30,16:01:08,HOSE,STOCK,12.2,13.05,11.35,12.25,12.6,12.1,12.35,12.39,12.25,12.6,12.1,12.35,12.39,11216700.0,138937665000.0,0.0,0.0,0.15,0.15,1.2295
POW,2023-01-27,15:01:02,HOSE,STOCK,12.2,13.05,11.35,12.35,12.45,12.15,12.2,12.33,12.35,12.45,12.15,12.2,12.33,7247000.0,89374090000.0,0.0,0.0,0.0,0.0,0.0
POW,2023-01-19,15:01:02,HOSE,STOCK,12.15,13.0,11.3,12.1,12.25,12.0,12.2,12.14,12.1,12.25,12.0,12.2,12.14,7463800.0,90630965000.0,0.0,0.0,0.05,0.05,0.4115
POW,2023-01-18,15:01:01,HOSE,STOCK,12.15,13.0,11.3,12.25,12.3,12.05,12.15,12.13,12.25,12.3,12.05,12.15,12.13,6386000.0,77474810000.0,0.0,0.0,0.0,0.0,0.0
POW,2023-01-17,15:01:01,HOSE,STOCK,11.85,12.65,11.05,11.9,12.2,11.85,12.15,12.04,11.9,12.2,11.85,12.15,12.04,10913100.0,131373825000.0,0.0,0.0,0.3,0.3,2.5316
POW,2023-01-16,15:01:01,HOSE,STOCK,11.85,12.65,11.05,12.0,12.0,11.75,11.85,11.84,12.0,12.0,11.75,11.85,11.84,4540400.0,53735650000.0,0.0,0.0,0.0,0.0,0.0
POW,2023-01-13,15:01:01,HOSE,STOCK,11.75,12.55,10.95,11.9,12.1,11.75,11.85,11.92,11.9,12.1,11.75,11.85,11.92,9287700.0,110741080000.0,0.0,0.0,0.1,0.1,0.8511
POW,2023-01-12,15:01:02,HOSE,STOCK,11.65,12.45,10.85,11.65,12.1,11.55,11.75,11.82,11.65,12.1,11.55,11.75,11.82,7404600.0,87530875000.0,151200.0,1787335200.0,0.1,0.1,0.8584
POW,2023-01-11,15:01:01,HOSE,STOCK,11.7,12.5,10.9,11.7,11.85,11.6,11.65,11.72,11.7,11.85,11.6,11.65,11.72,6157300.0,72155790000.0,0.0,0.0,-0.05,-0.05,-0.4274
POW,2023-01-10,15:01:02,HOSE,STOCK,11.6,12.4,10.8,11.6,11.75,11.35,11.7,11.56,11.6,11.75,11.35,11.7,11.56,6062700.0,70074130000.0,0.0,0.0,0.1,0.1,0.8621
POW,2023-01-09,15:01:01,HOSE,STOCK,11.75,12.55,10.95,11.85,12.0,11.4,11.6,11.65,11.85,12.0,11.4,11.6,11.65,8656600.0,100836545000.0,0.0,0.0,-0.15,-0.15,-1.2766
POW,2023-01-06,15:01:01,HOSE,STOCK,11.75,12.55,10.95,11.9,12.2,11.6,11.75,11.97,11.9,12.2,11.6,11.75,11.97,15097700.0,180794000000.0,0.0,0.0,0.0,0.0,0.0
POW,2023-01-05,15:01:01,HOSE,STOCK,11.0,11.75,10.25,11.0,11.75,10.95,11.75,11.53,11.0,11.75,10.95,11.75,11.53,23637300.0,272556230000.0,0.0,0.0,0.75,0.75,6.8182
POW,2023-01-04,15:01:01,HOSE,STOCK,11.05,11.8,10.3,11.0,11.15,10.9,11.0,11.0,11.0,11.15,10.9,11.0,11.0,6123400.0,67349735000.0,50000.0,515000000.0,-0.05,-0.05,-0.4525
POW,2023-01-03,15:01:01,HOSE,STOCK,10.65,11.35,9.91,10.6,11.1,10.6,11.05,10.89,10.6,11.1,10.6,11.05,10.89,6100800.0,66435410000.0,0.0,0.0,0.4,0.4,3.7559
POW,2022-12-30,15:12:01,HOSE,STOCK,10.5,11.2,9.77,10.6,10.75,10.55,10.65,10.67,10.6,10.75,10.55,10.65,10.67,3547500.0,37849350000.0,0.0,0.0,0.15,0.15,1.4286
POW,2022-12-29,15:12:01,HOSE,STOCK,10.65,11.35,9.91,10.65,10.7,10.5,10.5,10.59,10.65,10.7,10.5,10.5,10.59,3098300.0,32817360000.0,0.0,0.0,-0.15,-0.15,-1.4085
POW,2022-12-28,15:12:01,HOSE,STOCK,10.65,11.35,9.91,10.6,10.75,10.55,10.65,10.64,10.6,10.75,10.55,10.65,10.64,3577400.0,38060650000.0,0.0,0.0,0.0,0.0,0.0
POW,2022-12-27,15:12:01,HOSE,STOCK,10.3,11.0,9.58,10.5,10.65,10.35,10.65,10.5,10.5,10.65,10.35,10.65,10.5,5246100.0,55100245000.0,0.0,0.0,0.35,0.35,3.3981
POW,2022-12-26,15:12:01,HOSE,STOCK,10.95,11.7,10.2,11.05,11.1,10.3,10.3,10.73,11.05,11.1,10.3,10.3,10.73,6534600.0,70123545000.0,0.0,0.0,-0.65,-0.65,-5.9361
POW,2022-12-23,15:12:01,HOSE,STOCK,10.7,11.4,9.96,10.6,11.2,10.6,10.95,11.04,10.6,11.2,10.6,10.95,11.04,9759400.0,107727645000.0,0.0,0.0,0.25,0.25,2.3364
POW,2022-12-22,15:12:02,HOSE,STOCK,10.45,11.15,9.72,10.6,10.85,10.45,10.7,10.6,10.6,10.85,10.45,10.7,10.6,6755200.0,71613680000.0,67200.0,678190000.0,0.25,0.25,2.3923
POW,2022-12-21,15:12:01,HOSE,STOCK,10.7,11.4,9.96,10.8,10.9,10.4,10.45,10.63,10.8,10.9,10.4,10.45,10.63,6046800.0,64276980000.0,0.0,0.0,-0.25,-0.25,-2.3364
POW,2022-12-20,15:12:01,HOSE,STOCK,11.1,11.85,10.35,11.05,11.15,10.6,10.7,10.83,11.05,11.15,10.6,10.7,10.83,9038200.0,97875765000.0,0.0,0.0,-0.4,-0.4,-3.6036
POW,2022-12-19,15:12:01,HOSE,STOCK,11.45,12.25,10.65,11.35,11.5,11.05,11.1,11.34,11.35,11.5,11.05,11.1,11.34,9353700.0,106075710000.0,0.0,0.0,-0.35,-0.35,-3.0568
POW,2022-12-16,15:12:02,HOSE,STOCK,11.4,12.15,10.65,11.2,11.5,11.15,11.45,11.4,11.2,11.5,11.15,11.45,11.4,7569800.0,86312020000.0,0.0,0.0,0.05,0.05,0.4386
POW,2022-12-15,15:12:01,HOSE,STOCK,11.4,12.15,10.65,11.3,11.45,11.25,11.4,11.36,11.3,11.45,11.25,11.4,11.36,6406100.0,72799160000.0,0.0,0.0,0.0,0.0,0.0
POW,2022-12-14,18:12:45,HOSE,STOCK,11.4,12.15,10.65,11.55,11.55,11.25,11.4,11.397,11.55,11.55,11.25,11.4,11.397,8051000.0,91761890000.0,30200.0,344280000.0,0.0,0.0,0.0
POW,2022-12-13,15:12:02,HOSE,STOCK,11.15,11.9,10.4,11.2,11.4,11.0,11.4,11.17,11.2,11.4,11.0,11.4,11.17,6695200.0,74817050000.0,0.0,0.0,0.25,0.25,2.2422
POW,2022-12-12,15:12:01,HOSE,STOCK,11.2,11.95,10.45,11.2,11.55,11.15,11.15,11.35,11.2,11.55,11.15,11.15,11.35,9549900.0,108416865000.0,0.0,0.0,-0.05,-0.05,-0.4464
POW,2022-12-09,15:12:01,HOSE,STOCK,11.2,11.95,10.45,11.3,11.3,11.05,11.2,11.16,11.3,11.3,11.05,11.2,11.16,4895100.0,54614255000.0,0.0,0.0,0.0,0.0,0.0
POW,2022-12-08,15:12:01,HOSE,STOCK,10.95,11.7,10.2,11.1,11.35,11.0,11.2,11.2,11.1,11.35,11.0,11.2,11.2,7987600.0,89430840000.0,0.0,0.0,0.25,0.25,2.2831
POW,2022-12-07,15:12:01,HOSE,STOCK,10.9,11.65,10.15,10.9,11.15,10.75,10.95,10.93,10.9,11.15,10.75,10.95,10.93,8784400.0,96035125000.0,0.0,0.0,0.05,0.05,0.4587
POW,2022-12-06,15:12:01,HOSE,STOCK,11.5,12.3,10.7,11.5,11.55,10.9,10.9,11.26,11.5,11.55,10.9,10.9,11.26,12336700.0,138940545000.0,0.0,0.0,-0.6,-0.6,-5.2174
POW,2022-12-05,15:12:01,HOSE,STOCK,11.7,12.5,10.9,11.95,11.95,11.5,11.5,11.71,11.95,11.95,11.5,11.5,11.71,13745100.0,160978610000.0,0.0,0.0,-0.2,-0.2,-1.7094
POW,2022-12-02,15:12:01,HOSE,STOCK,11.2,11.95,10.45,11.05,11.7,11.0,11.7,11.35,11.05,11.7,11.0,11.7,11.35,11549000.0,131118130000.0,0.0,0.0,0.5,0.5,4.4643
POW,2022-12-01,15:12:01,HOSE,STOCK,11.65,12.45,10.85,11.85,11.9,11.2,11.2,11.63,11.85,11.9,11.2,11.2,11.63,12492200.0,145313805000.0,0.0,0.0,-0.45,-0.45,-3.8627
POW,2022-11-30,15:11:01,HOSE,STOCK,11.3,12.05,10.55,11.4,11.75,11.15,11.65,11.42,11.4,11.75,11.15,11.65,11.42,11924900.0,136160290000.0,0.0,0.0,0.35,0.35,3.0973
POW,2022-11-29,15:11:02,HOSE,STOCK,11.3,12.05,10.55,11.3,11.45,11.0,11.3,11.25,11.3,11.45,11.0,11.3,11.25,11265900.0,126787990000.0,0.0,0.0,0.0,0.0,0.0
POW,2022-11-28,15:11:01,HOSE,STOCK,10.85,11.6,10.1,10.95,11.3,10.8,11.3,11.06,10.95,11.3,10.8,11.3,11.06,13539700.0,149797510000.0,0.0,0.0,0.45,0.45,4.1475
POW,2022-11-25,15:11:01,HOSE,STOCK,10.6,11.3,9.86,10.75,10.85,10.55,10.85,10.68,10.75,10.85,10.55,10.85,10.68,7832500.0,83672575000.0,0.0,0.0,0.25,0.25,2.3585
POW,2022-11-24,15:11:01,HOSE,STOCK,10.45,11.15,9.72,10.45,10.6,10.3,10.6,10.45,10.45,10.6,10.3,10.6,10.45,4923200.0,51430020000.0,0.0,0.0,0.15,0.15,1.4354
POW,2022-11-23,15:11:01,HOSE,STOCK,10.35,11.05,9.63,10.4,10.75,10.35,10.45,10.56,10.4,10.75,10.35,10.45,10.56,8055200.0,85089475000.0,0.0,0.0,0.1,0.1,0.9662
POW,2022-11-22,15:11:02,HOSE,STOCK,10.3,11.0,9.58,10.3,10.8,10.2,10.35,10.55,10.3,10.8,10.2,10.35,10.55,11403800.0,120303845000.0,0.0,0.0,0.05,0.05,0.4854
POW,2022-11-21,15:11:01,HOSE,STOCK,10.1,10.8,9.4,10.1,10.5,10.1,10.3,10.3,10.1,10.5,10.1,10.3,10.3,7636900.0,78628355000.0,0.0,0.0,0.2,0.2,1.9802
POW,2022-11-18,15:11:01,HOSE,STOCK,10.1,10.8,9.4,10.1,10.25,9.55,10.1,9.97,10.1,10.25,9.55,10.1,9.97,8219200.0,81959642000.0,0.0,0.0,0.0,0.0,0.0
POW,2022-11-17,15:11:01,HOSE,STOCK,10.1,10.8,9.4,10.1,10.45,10.0,10.1,10.17,10.1,10.45,10.0,10.1,10.17,6965000.0,70843915000.0,0.0,0.0,0.0,0.0,0.0
POW,2022-11-16,15:11:01,HOSE,STOCK,9.58,10.25,8.91,8.91,10.15,8.91,10.1,9.31,8.91,10.15,8.91,10.1,9.31,11312400.0,105271364000.0,0.0,0.0,0.52,0.52,5.428
POW,2022-11-15,15:11:02,HOSE,STOCK,10.3,11.0,9.58,10.1,10.15,9.58,9.58,9.66,10.1,10.15,9.58,9.58,9.66,13382200.0,129307159000.0,110000.0,1053800000.0,-0.72,-0.72,-6.9903
POW,2022-11-14,15:11:01,HOSE,STOCK,10.6,11.3,9.86,10.5,10.55,9.96,10.3,10.17,10.5,10.55,9.96,10.3,10.17,7140300.0,72638867000.0,0.0,0.0,-0.3,-0.3,-2.8302
POW,2022-11-11,15:11:01,HOSE,STOCK,10.25,10.95,9.54,10.6,10.8,10.3,10.6,10.63,10.6,10.8,10.3,10.6,10.63,7777600.0,82653745000.0,110000.0,1204500000.0,0.35,0.35,3.4146
POW,2022-11-10,15:11:01,HOSE,STOCK,10.85,11.6,10.1,10.65,10.8,10.1,10.25,10.41,10.65,10.8,10.1,10.25,10.41,12467000.0,129792330000.0,0.0,0.0,-0.6,-0.6,-5.53
POW,2022-11-09,15:11:01,HOSE,STOCK,10.45,11.15,9.72,10.65,10.95,10.6,10.85,10.77,10.65,10.95,10.6,10.85,10.77,10436300.0,112419145000.0,0.0,0.0,0.4,0.4,3.8278
POW,2022-11-08,15:11:01,HOSE,STOCK,9.79,10.45,9.11,9.74,10.45,9.71,10.45,10.18,9.74,10.45,9.71,10.45,10.18,10855800.0,110513091000.0,0.0,0.0,0.66,0.66,6.7416
POW,2022-11-07,15:11:01,HOSE,STOCK,9.8,10.45,9.12,9.8,9.95,9.74,9.79,9.84,9.8,9.95,9.74,9.79,9.84,6363400.0,62595381000.0,233100.0,2435895000.0,-0.01,-0.01,-0.102
POW,2022-11-04,15:11:01,HOSE,STOCK,10.1,10.8,9.4,10.1,10.1,9.7,9.8,9.85,10.1,10.1,9.7,9.8,9.85,7710300.0,75972220000.0,266900.0,2829140000.0,-0.3,-0.3,-2.9703
POW,2022-11-03,15:11:01,HOSE,STOCK,10.2,10.9,9.49,10.05,10.2,10.0,10.1,10.11,10.05,10.2,10.0,10.1,10.11,3667100.0,37083780000.0,233100.0,2482515000.0,-0.1,-0.1,-0.9804
POW,2022-11-02,15:11:01,HOSE,STOCK,10.35,11.05,9.63,10.4,10.4,10.2,10.2,10.26,10.4,10.4,10.2,10.2,10.26,6146100.0,63069790000.0,266900.0,2829140000.0,-0.15,-0.15,-1.4493
POW,2022-11-01,15:11:01,HOSE,STOCK,10.35,11.05,9.63,10.35,10.5,10.25,10.35,10.37,10.35,10.5,10.25,10.35,10.37,4933800.0,51156940000.0,233100.0,2470860000.0,0.0,0.0,0.0
POW,2022-10-31,15:10:01,HOSE,STOCK,10.35,11.05,9.63,10.35,10.35,9.86,10.35,10.11,10.35,10.35,9.86,10.35,10.11,10293400.0,104019726000.0,396900.0,4265640000.0,0.0,0.0,0.0
POW,2022-10-28,15:10:01,HOSE,STOCK,10.4,11.1,9.68,10.5,10.6,10.3,10.35,10.43,10.5,10.6,10.3,10.35,10.43,6174600.0,64412920000.0,0.0,0.0,-0.05,-0.05,-0.4808
POW,2022-10-27,15:10:02,HOSE,STOCK,10.0,10.7,9.3,10.0,10.5,10.0,10.4,10.26,10.0,10.5,10.0,10.4,10.26,6281100.0,64436390000.0,794800.0,7765300000.0,0.4,0.4,4.0
POW,2022-10-26,15:10:01,HOSE,STOCK,9.97,10.65,9.28,10.05,10.2,9.96,10.0,10.03,10.05,10.2,9.96,10.0,10.03,4822300.0,48345642000.0,60000.0,639000000.0,0.03,0.03,0.3009
POW,2022-10-25,15:10:01,HOSE,STOCK,9.88,10.55,9.19,9.75,10.3,9.47,9.97,9.88,9.75,10.3,9.47,9.97,9.88,10167300.0,100449909000.0,266900.0,2815795000.0,0.09,0.09,0.9109
POW,2022-10-24,15:10:01,HOSE,STOCK,10.3,11.0,9.58,10.45,10.55,9.75,9.88,10.09,10.45,10.55,9.75,9.88,10.09,11413900.0,115127777000.0,60000.0,636000000.0,-0.42,-0.42,-4.0777
POW,2022-10-21,15:10:01,HOSE,STOCK,10.85,11.6,10.1,10.9,10.9,10.15,10.3,10.48,10.9,10.9,10.15,10.3,10.48,11890400.0,124654625000.0,266900.0,2962590000.0,-0.55,-0.55,-5.0691
POW,2022-10-20,15:10:01,HOSE,STOCK,11.0,11.75,10.25,10.9,11.05,10.75,10.85,10.9,10.9,11.05,10.75,10.85,10.9,5221800.0,56895015000.0,60000.0,636000000.0,-0.15,-0.15,-1.3636
POW,2022-10-19,15:10:01,HOSE,STOCK,11.1,11.85,10.35,11.15,11.2,10.85,11.0,11.05,11.15,11.2,10.85,11.0,11.05,6868200.0,75880465000.0,266900.0,2962590000.0,-0.1,-0.1,-0.9009
POW,2022-10-18,15:10:02,HOSE,STOCK,11.15,11.9,10.4,11.3,11.4,11.0,11.1,11.22,11.3,11.4,11.0,11.1,11.22,6344500.0,71175230000.0,47300.0,491920000.0,-0.05,-0.05,-0.4484
POW,2022-10-17,15:10:02,HOSE,STOCK,10.8,11.55,10.05,10.65,11.15,10.65,11.15,10.88,10.65,11.15,10.65,11.15,10.88,11090500.0,120666935000.0,0.0,0.0,0.35,0.35,3.2407
POW,2022-10-14,15:10:02,HOSE,STOCK,10.6,11.3,9.86,10.9,11.0,10.75,10.8,10.86,10.9,11.0,10.75,10.8,10.86,11401800.0,123818725000.0,0.0,0.0,0.2,0.2,1.8868
POW,2022-10-13,15:10:02,HOSE,STOCK,10.6,11.3,9.86,10.75,10.75,10.5,10.6,10.62,10.75,10.75,10.5,10.6,10.62,6737600.0,71586285000.0,60000.0,651000000.0,0.0,0.0,0.0
POW,2022-10-12,15:10:01,HOSE,STOCK,10.25,10.95,9.54,10.3,10.9,10.2,10.6,10.52,10.3,10.9,10.2,10.6,10.52,10734600.0,112940095000.0,0.0,0.0,0.35,0.35,3.4146
POW,2022-10-11,15:10:01,HOSE,STOCK,11.0,11.75,10.25,11.0,11.0,10.25,10.25,10.43,11.0,11.0,10.25,10.25,10.43,12471500.0,130042195000.0,60000.0,705000000.0,-0.75,-0.75,-6.8182
POW,2022-10-10,15:10:02,HOSE,STOCK,10.65,11.35,9.91,10.3,11.1,10.3,11.0,10.76,10.3,11.1,10.3,11.0,10.76,9891900.0,106427705000.0,0.0,0.0,0.35,0.35,3.2864
POW,2022-10-07,15:10:01,HOSE,STOCK,11.4,12.15,10.65,11.2,11.5,10.65,10.65,10.85,11.2,11.5,10.65,10.65,10.85,20536500.0,222863300000.0,130000.0,1575000000.0,-0.75,-0.75,-6.5789
POW,2022-10-06,15:10:02,HOSE,STOCK,12.1,12.9,11.3,12.15,12.15,11.4,11.4,11.76,12.15,12.15,11.4,11.4,11.76,8614200.0,101338545000.0,60000.0,750000000.0,-0.7,-0.7,-5.7851
POW,2022-10-05,15:10:01,HOSE,STOCK,11.6,12.4,10.8,11.85,12.2,11.75,12.1,11.98,11.85,12.2,11.75,12.1,11.98,6458800.0,77346575000.0,570000.0,7056000000.0,0.5,0.5,4.3103
POW,2022-10-04,15:10:01,HOSE,STOCK,11.5,12.3,10.7,11.8,11.9,11.5,11.6,11.66,11.8,11.9,11.5,11.6,11.66,9867000.0,115016080000.0,0.0,0.0,0.1,0.1,0.8696
POW,2022-10-03,15:10:02,HOSE,STOCK,12.35,13.2,11.5,12.35,12.4,11.5,11.5,11.83,12.35,12.4,11.5,11.5,11.83,10768100.0,127403600000.0,60000.0,792000000.0,-0.85,-0.85,-6.8826
POW,2022-09-30,15:09:02,HOSE,STOCK,12.55,13.4,11.7,12.5,12.55,11.95,12.35,12.24,12.5,12.55,11.95,12.35,12.24,11444100.0,140045165000.0,740000.0,9618700000.0,-0.2,-0.2,-1.5936
POW,2022-09-29,15:09:01,HOSE,STOCK,12.85,13.7,12.0,13.0,13.1,12.55,12.55,12.75,13.0,13.1,12.55,12.55,12.75,8388000.0,106987600000.0,60000.0,809000000.0,-0.3,-0.3,-2.3346
POW,2022-09-28,15:09:01,HOSE,STOCK,12.95,13.85,12.05,12.95,13.1,12.65,12.85,12.92,12.95,13.1,12.65,12.85,12.92,8809200.0,113854245000.0,270000.0,3564000000.0,-0.1,-0.1,-0.7722
POW,2022-09-27,15:09:01,HOSE,STOCK,12.8,13.65,11.95,12.85,13.25,12.75,12.95,12.97,12.85,13.25,12.75,12.95,12.97,9469600.0,122861960000.0,200000.0,2585000000.0,0.15,0.15,1.1719
POW,2022-09-26,15:09:02,HOSE,STOCK,13.4,14.3,12.5,13.25,13.3,12.65,12.8,12.95,13.25,13.3,12.65,12.8,12.95,19015400.0,246297040000.0,500000.0,6878500000.0,-0.6,-0.6,-4.4776
POW,2022-09-23,15:09:02,HOSE,STOCK,13.65,14.6,12.7,13.7,13.7,13.4,13.4,13.55,13.7,13.7,13.4,13.4,13.55,10415400.0,141155105000.0,200000.0,2726900000.0,-0.25,-0.25,-1.8315
POW,2022-09-22,15:09:01,HOSE,STOCK,13.45,14.35,12.55,13.35,13.65,13.2,13.65,13.4,13.35,13.65,13.2,13.65,13.4,12987600.0,174017090000.0,500000.0,6984500000.0,0.2,0.2,1.487
POW,2022-09-21,15:09:02,HOSE,STOCK,13.7,14.65,12.75,13.6,13.7,13.45,13.45,13.54,13.6,13.7,13.45,13.45,13.54,12076900.0,163498350000.0,200000.0,2865000000.0,-0.25,-0.25,-1.8248
POW,2022-09-20,15:09:01,HOSE,STOCK,13.5,14.4,12.6,13.6,13.8,13.45,13.7,13.6,13.6,13.8,13.45,13.7,13.6,14242600.0,193767065000.0,0.0,0.0,0.2,0.2,1.4815
POW,2022-09-19,15:09:01,HOSE,STOCK,14.25,15.2,13.3,14.3,14.35,13.4,13.5,13.87,14.3,14.35,13.4,13.5,13.87,25475100.0,353441625000.0,700000.0,10026250000.0,-0.75,-0.75,-5.2632
POW,2022-09-16,15:09:02,HOSE,STOCK,14.45,15.45,13.45,14.45,14.75,14.2,14.25,14.45,14.45,14.75,14.2,14.25,14.45,22946600.0,331558395000.0,0.0,0.0,-0.2,-0.2,-1.3841
POW,2022-09-15,15:09:01,HOSE,STOCK,14.15,15.1,13.2,14.2,14.75,14.2,14.45,14.52,14.2,14.75,14.2,14.45,14.52,26860000.0,389979870000.0,500000.0,7317600000.0,0.3,0.3,2.1201
POW,2022-09-14,15:09:01,HOSE,STOCK,14.15,15.1,13.2,13.9,14.4,13.9,14.15,14.15,13.9,14.4,13.9,14.15,14.15,21305200.0,301382950000.0,200000.0,2820000000.0,0.0,0.0,0.0
POW,2022-09-13,15:09:02,HOSE,STOCK,14.1,15.05,13.15,14.1,14.3,13.95,14.15,14.17,14.1,14.3,13.95,14.15,14.17,11687500.0,165617735000.0,0.0,0.0,0.05,0.05,0.3546
POW,2022-09-12,15:09:01,HOSE,STOCK,14.05,15.0,13.1,14.2,14.45,14.1,14.1,14.23,14.2,14.45,14.1,14.1,14.23,10724700.0,152601530000.0,0.0,0.0,0.05,0.05,0.3559
POW,2022-09-09,15:09:02,HOSE,STOCK,13.7,14.65,12.75,13.75,14.2,13.7,14.05,13.91,13.75,14.2,13.7,14.05,13.91,17780200.0,247331915000.0,0.0,0.0,0.35,0.35,2.5547
POW,2022-09-08,15:09:01,HOSE,STOCK,14.0,14.95,13.05,14.15,14.2,13.7,13.7,13.92,14.15,14.2,13.7,13.7,13.92,18270900.0,254268395000.0,0.0,0.0,-0.3,-0.3,-2.1429
POW,2022-09-07,15:09:02,HOSE,STOCK,14.3,15.3,13.3,14.3,14.5,14.0,14.0,14.25,14.3,14.5,14.0,14.0,14.25,17775200.0,253326325000.0,0.0,0.0,-0.3,-0.3,-2.0979
POW,2022-09-06,15:09:02,HOSE,STOCK,14.0,14.95,13.05,14.15,14.7,14.05,14.3,14.42,14.15,14.7,14.05,14.3,14.42,30632900.0,441798935000.0,0.0,0.0,0.3,0.3,2.1429
POW,2022-09-05,15:09:02,HOSE,STOCK,14.0,14.95,13.05,14.0,14.25,14.0,14.0,14.1,14.0,14.25,14.0,14.0,14.1,10861000.0,153103950000.0,0.0,0.0,0.0,0.0,0.0
POW,2022-08-31,15:08:01,HOSE,STOCK,13.85,14.8,12.9,13.75,14.4,13.75,14.0,14.09,13.75,14.4,13.75,14.0,14.09,15219200.0,214449785000.0,0.0,0.0,0.15,0.15,1.083
POW,2022-08-30,15:08:01,HOSE,STOCK,13.95,14.9,13.0,14.2,14.2,13.75,13.85,13.95,14.2,14.2,13.75,13.85,13.95,11044700.0,154046410000.0,0.0,0.0,-0.1,-0.1,-0.7168
POW,2022-08-29,15:08:02,HOSE,STOCK,14.25,15.2,13.3,14.0,14.2,13.6,13.95,13.86,14.0,14.2,13.6,13.95,13.86,14427000.0,199922915000.0,450000.0,6075000000.0,-0.3,-0.3,-2.1053
POW,2022-08-26,15:08:02,HOSE,STOCK,14.1,15.05,13.15,14.2,14.55,14.1,14.25,14.35,14.2,14.55,14.1,14.25,14.35,25202400.0,361696710000.0,0.0,0.0,0.15,0.15,1.0638
POW,2022-08-25,15:08:02,HOSE,STOCK,14.05,15.0,13.1,14.1,14.3,14.0,14.1,14.1,14.1,14.3,14.0,14.1,14.1,10613500.0,149639510000.0,0.0,0.0,0.05,0.05,0.3559
POW,2022-08-24,15:08:03,HOSE,STOCK,13.9,14.85,12.95,13.9,14.25,13.85,14.05,14.04,13.9,14.25,13.85,14.05,14.04,15170100.0,213052805000.0,450000.0,6075000000.0,0.15,0.15,1.0791
POW,2022-08-23,15:08:02,HOSE,STOCK,13.65,14.6,12.7,13.65,13.9,13.6,13.9,13.79,13.65,13.9,13.6,13.9,13.79,9776000.0,134851320000.0,0.0,0.0,0.25,0.25,1.8315
POW,2022-08-22,15:08:01,HOSE,STOCK,13.6,14.55,12.65,13.6,13.75,13.5,13.65,13.64,13.6,13.75,13.5,13.65,13.64,8338200.0,113724880000.0,400000.0,5640000000.0,0.05,0.05,0.3676
POW,2022-08-19,15:08:02,HOSE,STOCK,13.8,14.75,12.85,13.8,13.95,13.5,13.6,13.73,13.8,13.95,13.5,13.6,13.73,11859700.0,162855530000.0,0.0,0.0,-0.2,-0.2,-1.4493
POW,2022-08-18,15:08:03,HOSE,STOCK,13.95,14.9,13.0,13.85,13.95,13.75,13.8,13.82,13.85,13.95,13.75,13.8,13.82,11639800.0,160875380000.0,0.0,0.0,-0.15,-0.15,-1.0753
POW,2022-08-17,15:08:02,HOSE,STOCK,14.1,15.05,13.15,14.2,14.25,13.9,13.95,14.03,14.2,14.25,13.9,13.95,14.03,10690200.0,150035240000.0,75500.0,992825000.0,-0.15,-0.15,-1.0638
POW,2022-08-16,15:08:03,HOSE,STOCK,14.0,14.95,13.05,14.15,14.25,13.95,14.1,14.09,14.15,14.25,13.95,14.1,14.09,10116600.0,142548725000.0,0.0,0.0,0.1,0.1,0.7143
POW,2022-08-15,15:08:02,HOSE,STOCK,14.0,14.95,13.05,14.1,14.35,13.95,14.0,14.15,14.1,14.35,13.95,14.0,14.15,15095600.0,213538755000.0,0.0,0.0,0.0,0.0,0.0
POW,2022-08-12,15:08:02,HOSE,STOCK,13.8,14.75,12.85,13.8,14.1,13.7,14.0,13.9,13.8,14.1,13.7,14.0,13.9,10031700.0,139434995000.0,0.0,0.0,0.2,0.2,1.4493
POW,2022-08-11,15:08:02,HOSE,STOCK,13.95,14.9,13.0,14.1,14.15,13.7,13.8,13.97,14.1,14.15,13.7,13.8,13.97,15627200.0,218286675000.0,0.0,0.0,-0.15,-0.15,-1.0753
POW,2022-08-10,15:08:03,HOSE,STOCK,14.05,15.0,13.1,14.0,14.15,13.85,13.95,13.98,14.0,14.15,13.85,13.95,13.98,10909900.0,152472210000.0,0.0,0.0,-0.1,-0.1,-0.7117
POW,2022-08-09,15:08:02,HOSE,STOCK,14.0,14.95,13.05,14.05,14.35,13.95,14.05,14.11,14.05,14.35,13.95,14.05,14.11,15230300.0,214906355000.0,300000.0,3915000000.0,0.05,0.05,0.3571
POW,2022-08-08,15:08:02,HOSE,STOCK,14.0,14.95,13.05,14.1,14.25,13.95,14.0,14.1,14.1,14.25,13.95,14.0,14.1,10276100.0,144851150000.0,0.0,0.0,0.0,0.0,0.0
POW,2022-08-05,15:08:01,HOSE,STOCK,13.6,14.55,12.65,13.55,14.15,13.45,14.0,13.88,13.55,14.15,13.45,14.0,13.88,25259000.0,350575140000.0,0.0,0.0,0.4,0.4,2.9412
POW,2022-08-04,15:08:03,HOSE,STOCK,13.7,14.65,12.75,13.8,13.8,13.55,13.6,13.65,13.8,13.8,13.55,13.6,13.65,9854300.0,134516705000.0,0.0,0.0,-0.1,-0.1,-0.7299
POW,2022-08-03,15:08:01,HOSE,STOCK,13.75,14.7,12.8,13.7,13.9,13.55,13.7,13.71,13.7,13.9,13.55,13.7,13.71,13621600.0,186782020000.0,380000.0,5130000000.0,-0.05,-0.05,-0.3636
POW,2022-08-02,15:08:01,HOSE,STOCK,13.5,14.4,12.6,13.55,13.9,13.45,13.75,13.71,13.55,13.9,13.45,13.75,13.71,17850500.0,244699475000.0,600000.0,7920000000.0,0.25,0.25,1.8519
POW,2022-08-01,15:08:02,HOSE,STOCK,13.35,14.25,12.45,13.35,13.55,13.3,13.5,13.41,13.35,13.55,13.3,13.5,13.41,10610300.0,142290245000.0,0.0,0.0,0.15,0.15,1.1236
POW,2022-07-29,15:07:02,HOSE,STOCK,13.55,14.45,12.65,13.55,13.7,13.35,13.35,13.49,13.55,13.7,13.35,13.35,13.49,10431600.0,140744725000.0,380000.0,5130000000.0,-0.2,-0.2,-1.476
POW,2022-07-28,15:07:03,HOSE,STOCK,13.1,14.0,12.2,13.25,13.7,13.15,13.55,13.43,13.25,13.7,13.15,13.55,13.43,19451800.0,261177600000.0,600000.0,7980000000.0,0.45,0.45,3.4351
POW,2022-07-27,15:07:03,HOSE,STOCK,13.0,13.9,12.1,13.0,13.1,12.85,13.1,12.96,13.0,13.1,12.85,13.1,12.96,5630000.0,72980310000.0,0.0,0.0,0.1,0.1,0.7692
POW,2022-07-26,15:07:03,HOSE,STOCK,13.15,14.05,12.25,13.15,13.25,13.0,13.0,13.1,13.15,13.25,13.0,13.0,13.1,6413000.0,83981940000.0,0.0,0.0,-0.15,-0.15,-1.1407
POW,2022-07-25,15:07:02,HOSE,STOCK,13.15,14.05,12.25,13.1,13.3,13.05,13.15,13.17,13.1,13.3,13.05,13.15,13.17,7707200.0,101471605000.0,0.0,0.0,0.0,0.0,0.0
POW,2022-07-22,15:07:03,HOSE,STOCK,13.35,14.25,12.45,13.4,13.45,13.05,13.15,13.25,13.4,13.45,13.05,13.15,13.25,8481200.0,112341850000.0,0.0,0.0,-0.2,-0.2,-1.4981
POW,2022-07-21,15:07:02,HOSE,STOCK,13.5,14.4,12.6,13.5,13.55,13.25,13.35,13.38,13.5,13.55,13.25,13.35,13.38,8963000.0,119917545000.0,0.0,0.0,-0.15,-0.15,-1.1111
POW,2022-07-20,15:07:03,HOSE,STOCK,13.45,14.35,12.55,13.65,13.75,13.4,13.5,13.57,13.65,13.75,13.4,13.5,13.57,10633300.0,144323080000.0,0.0,0.0,0.05,0.05,0.3717
POW,2022-07-19,15:07:03,HOSE,STOCK,13.1,14.0,12.2,13.35,13.6,13.2,13.45,13.46,13.35,13.6,13.2,13.45,13.46,14638800.0,196971765000.0,0.0,0.0,0.35,0.35,2.6718
POW,2022-07-18,15:07:03,HOSE,STOCK,13.0,13.9,12.1,13.05,13.4,13.0,13.1,13.21,13.05,13.4,13.0,13.1,13.21,7615100.0,100566700000.0,0.0,0.0,0.1,0.1,0.7692
POW,2022-07-15,15:07:03,HOSE,STOCK,13.1,14.0,12.2,13.25,13.3,13.0,13.0,13.13,13.25,13.3,13.0,13.0,13.13,11003100.0,144418065000.0,0.0,0.0,-0.1,-0.1,-0.7634
POW,2022-07-14,15:07:02,HOSE,STOCK,13.0,13.9,12.1,12.85,13.1,12.85,13.1,13.01,12.85,13.1,12.85,13.1,13.01,9878100.0,128530365000.0,0.0,0.0,0.1,0.1,0.7692
POW,2022-07-13,15:07:03,HOSE,STOCK,12.95,13.85,12.05,12.95,13.25,12.9,13.0,13.09,12.95,13.25,12.9,13.0,13.09,7670200.0,100407640000.0,0.0,0.0,0.05,0.05,0.3861
POW,2022-07-12,15:07:03,HOSE,STOCK,12.5,13.35,11.65,12.5,13.1,12.5,12.95,12.85,12.5,13.1,12.5,12.95,12.85,7991500.0,102679020000.0,0.0,0.0,0.45,0.45,3.6
POW,2022-07-11,15:07:04,HOSE,STOCK,13.0,13.9,12.1,12.95,13.0,12.35,12.5,12.69,12.95,13.0,12.35,12.5,12.69,13694400.0,173789395000.0,0.0,0.0,-0.5,-0.5,-3.8462
POW,2022-07-08,15:07:03,HOSE,STOCK,12.8,13.65,11.95,12.95,13.15,12.9,13.0,13.01,12.95,13.15,12.9,13.0,13.01,6824400.0,88779890000.0,0.0,0.0,0.2,0.2,1.5625
POW,2022-07-07,15:07:02,HOSE,STOCK,12.8,13.65,11.95,12.8,13.0,12.65,12.8,12.78,12.8,13.0,12.65,12.8,12.78,9939600.0,127028665000.0,0.0,0.0,0.0,0.0,0.0
POW,2022-07-06,15:07:02,HOSE,STOCK,13.0,13.9,12.1,12.8,13.3,12.8,12.8,12.98,12.8,13.3,12.8,12.8,12.98,15064800.0,195577855000.0,0.0,0.0,-0.2,-0.2,-1.5385
POW,2022-07-05,15:07:02,HOSE,STOCK,13.5,14.4,12.6,13.5,13.6,12.8,13.0,13.19,13.5,13.6,12.8,13.0,13.19,21074400.0,277998695000.0,0.0,0.0,-0.5,-0.5,-3.7037
POW,2022-07-04,15:07:03,HOSE,STOCK,13.6,14.55,12.65,13.8,13.85,13.4,13.5,13.62,13.8,13.85,13.4,13.5,13.62,8954100.0,121968085000.0,0.0,0.0,-0.1,-0.1,-0.7353
POW,2022-07-01,15:07:02,HOSE,STOCK,13.6,14.55,12.65,13.65,13.85,13.0,13.6,13.41,13.65,13.85,13.0,13.6,13.41,15651400.0,209853555000.0,235000.0,3254750000.0,0.0,0.0,0.0
POW,2022-06-30,15:06:03,HOSE,STOCK,13.75,14.7,12.8,13.9,14.3,13.6,13.6,13.92,13.9,14.3,13.6,13.6,13.92,13179700.0,183463460000.0,0.0,0.0,-0.15,-0.15,-1.0909
POW,2022-06-29,15:06:02,HOSE,STOCK,13.9,14.85,12.95,13.8,14.05,13.65,13.75,13.82,13.8,14.05,13.65,13.75,13.82,11340100.0,156673985000.0,0.0,0.0,-0.15,-0.15,-1.0791
POW,2022-06-28,15:06:02,HOSE,STOCK,13.85,14.8,12.9,13.85,14.4,13.75,13.9,14.1,13.85,14.4,13.75,13.9,14.1,18126900.0,255541935000.0,750000.0,10124850000.0,0.05,0.05,0.361
POW,2022-06-27,15:06:04,HOSE,STOCK,13.55,14.45,12.65,13.65,14.1,13.5,13.85,13.79,13.65,14.1,13.5,13.85,13.79,13339200.0,183944040000.0,0.0,0.0,0.3,0.3,2.214
POW,2022-06-24,15:06:03,HOSE,STOCK,13.9,14.85,12.95,14.05,14.05,13.55,13.55,13.77,14.05,14.05,13.55,13.55,13.77,11086300.0,152648035000.0,0.0,0.0,-0.35,-0.35,-2.518
POW,2022-06-23,15:06:02,HOSE,STOCK,13.0,13.9,12.1,12.6,13.9,12.6,13.9,13.33,12.6,13.9,12.6,13.9,13.33,17533200.0,233665375000.0,750000.0,10125000000.0,0.9,0.9,6.9231
POW,2022-06-22,15:06:04,HOSE,STOCK,13.95,14.9,13.0,13.8,14.05,13.0,13.0,13.2,13.8,14.05,13.0,13.0,13.2,37401500.0,493750130000.0,0.0,0.0,-0.95,-0.95,-6.81
POW,2022-06-21,15:06:02,HOSE,STOCK,15.0,16.05,13.95,14.8,15.15,13.95,13.95,14.42,14.8,15.15,13.95,13.95,14.42,32210000.0,464620905000.0,0.0,0.0,-1.05,-1.05,-7.0
POW,2022-06-20,15:06:02,HOSE,STOCK,16.1,17.2,15.0,16.2,16.4,15.0,15.0,15.73,16.2,16.4,15.0,15.0,15.73,24827400.0,390616540000.0,1400000.0,21775000000.0,-1.1,-1.1,-6.8323
POW,2022-06-17,15:06:04,HOSE,STOCK,15.4,16.45,14.35,15.0,16.35,14.95,16.1,15.75,15.0,16.35,14.95,16.1,15.75,37946700.0,597631450000.0,0.0,0.0,0.7,0.7,4.5455
POW,2022-06-16,15:06:04,HOSE,STOCK,14.5,15.5,13.5,14.8,15.5,14.3,15.4,15.22,14.8,15.5,14.3,15.4,15.22,34414700.0,523939210000.0,0.0,0.0,0.9,0.9,6.2069
POW,2022-06-15,15:06:05,HOSE,STOCK,15.25,16.3,14.2,15.25,15.45,14.2,14.5,14.68,15.25,15.45,14.2,14.5,14.68,24843000.0,364659925000.0,1400000.0,21700000000.0,-0.75,-0.75,-4.918
POW,2022-06-14,15:06:04,HOSE,STOCK,15.25,16.3,14.2,15.2,15.7,14.8,15.25,15.38,15.2,15.7,14.8,15.25,15.38,20958500.0,322433215000.0,200000.0,3202000000.0,0.0,0.0,0.0
POW,2022-06-13,15:06:04,HOSE,STOCK,15.0,16.05,13.95,14.6,15.8,14.55,15.25,15.24,14.6,15.8,14.55,15.25,15.24,40895700.0,623260310000.0,0.0,0.0,0.25,0.25,1.6667
POW,2022-06-10,15:06:03,HOSE,STOCK,15.9,17.0,14.8,15.55,15.95,14.85,15.0,15.46,15.55,15.95,14.85,15.0,15.46,26983200.0,417029080000.0,0.0,0.0,-0.9,-0.9,-5.6604
POW,2022-06-09,15:06:02,HOSE,STOCK,15.4,16.45,14.35,15.1,15.9,15.1,15.9,15.55,15.1,15.9,15.1,15.9,15.55,22633000.0,351855925000.0,200000.0,2870000000.0,0.5,0.5,3.2468
POW,2022-06-08,15:06:04,HOSE,STOCK,14.75,15.75,13.75,15.3,15.75,15.1,15.4,15.48,15.3,15.75,15.1,15.4,15.48,26255700.0,406386785000.0,0.0,0.0,0.65,0.65,4.4068
POW,2022-06-07,15:06:03,HOSE,STOCK,13.8,14.75,12.85,13.8,14.75,13.7,14.75,14.57,13.8,14.75,13.7,14.75,14.57,38045400.0,554503630000.0,0.0,0.0,0.95,0.95,6.8841
POW,2022-06-06,15:06:03,HOSE,STOCK,13.5,14.4,12.6,13.5,14.2,13.2,13.8,13.86,13.5,14.2,13.2,13.8,13.86,24932300.0,345679545000.0,0.0,0.0,0.3,0.3,2.2222
POW,2022-06-03,15:06:05,HOSE,STOCK,13.55,14.45,12.65,13.5,13.65,13.25,13.5,13.43,13.5,13.65,13.25,13.5,13.43,9783700.0,131438830000.0,200000.0,2720000000.0,-0.05,-0.05,-0.369
POW,2022-06-02,15:06:03,HOSE,STOCK,13.95,14.9,13.0,14.0,14.1,13.5,13.55,13.77,14.0,14.1,13.5,13.55,13.77,9044900.0,124539445000.0,390000.0,5811000000.0,-0.4,-0.4,-2.8674
POW,2022-06-01,15:06:04,HOSE,STOCK,13.55,14.45,12.65,13.55,14.2,13.45,13.95,13.93,13.55,14.2,13.45,13.95,13.93,19270100.0,268473370000.0,0.0,0.0,0.4,0.4,2.952
POW,2022-05-31,15:05:03,HOSE,STOCK,13.45,14.35,12.55,13.4,13.6,13.3,13.55,13.46,13.4,13.6,13.3,13.55,13.46,11418700.0,153739230000.0,200000.0,2520000000.0,0.1,0.1,0.7435
POW,2022-05-30,15:05:03,HOSE,STOCK,13.35,14.25,12.45,13.45,13.6,13.35,13.45,13.46,13.45,13.6,13.35,13.45,13.46,9576000.0,128900755000.0,390000.0,5460000000.0,0.1,0.1,0.7491
POW,2022-05-27,15:05:03,HOSE,STOCK,13.15,14.05,12.25,13.2,13.6,13.1,13.35,13.44,13.2,13.6,13.1,13.35,13.44,11357700.0,152611895000.0,0.0,0.0,0.2,0.2,1.5209
POW,2022-05-26,15:05:04,HOSE,STOCK,13.4,14.3,12.5,13.5,13.5,13.1,13.15,13.3,13.5,13.5,13.1,13.15,13.3,10022600.0,133268335000.0,200000.0,2500000000.0,-0.25,-0.25,-1.8657
POW,2022-05-25,15:05:03,HOSE,STOCK,12.85,13.7,12.0,12.9,13.45,12.85,13.4,13.22,12.9,13.45,12.85,13.4,13.22,13931200.0,184131580000.0,0.0,0.0,0.55,0.55,4.2802
POW,2022-05-24,15:05:02,HOSE,STOCK,12.75,13.6,11.9,12.75,12.85,12.3,12.85,12.59,12.75,12.85,12.3,12.85,12.59,9545900.0,120207880000.0,200000.0,2570000000.0,0.1,0.1,0.7843
POW,2022-05-23,15:05:03,HOSE,STOCK,12.8,13.65,11.95,13.0,13.15,12.55,12.75,12.91,13.0,13.15,12.55,12.75,12.91,10742800.0,138723700000.0,1000000.0,13350000000.0,-0.05,-0.05,-0.3906
POW,2022-05-20,15:05:02,HOSE,STOCK,12.8,13.65,11.95,12.95,13.2,12.7,12.8,12.97,12.95,13.2,12.7,12.8,12.97,10580000.0,137235680000.0,200000.0,2560000000.0,0.0,0.0,0.0
POW,2022-05-19,15:05:05,HOSE,STOCK,12.65,13.5,11.8,12.2,13.0,12.2,12.8,12.59,12.2,13.0,12.2,12.8,12.59,12282900.0,154653190000.0,200000.0,2520000000.0,0.15,0.15,1.1858
POW,2022-05-18,15:05:01,HOSE,STOCK,12.4,13.25,11.55,12.7,12.9,12.5,12.65,12.72,12.7,12.9,12.5,12.65,12.72,11226900.0,142851875000.0,0.0,0.0,0.25,0.25,2.0161
POW,2022-05-17,15:05:02,HOSE,STOCK,11.6,12.4,10.8,11.65,12.4,11.6,12.4,12.15,11.65,12.4,11.6,12.4,12.15,10158300.0,123441735000.0,253000.0,2857200000.0,0.8,0.8,6.8966
POW,2022-05-16,15:05:02,HOSE,STOCK,11.45,12.25,10.65,12.0,12.25,11.55,11.6,11.97,12.0,12.25,11.55,11.6,11.97,9065600.0,108490350000.0,0.0,0.0,0.15,0.15,1.31
POW,2022-05-13,15:05:03,HOSE,STOCK,12.3,13.15,11.45,12.35,12.55,11.45,11.45,11.83,12.35,12.55,11.45,11.45,11.83,19896800.0,235386125000.0,0.0,0.0,-0.85,-0.85,-6.9106
POW,2022-05-12,15:05:04,HOSE,STOCK,13.2,14.1,12.3,13.15,13.25,12.3,12.3,12.68,13.15,13.25,12.3,12.3,12.68,10599900.0,134421875000.0,200000.0,2800000000.0,-0.9,-0.9,-6.8182
POW,2022-05-11,15:05:03,HOSE,STOCK,13.3,14.2,12.4,13.4,13.5,13.05,13.2,13.278,13.4,13.5,13.05,13.2,13.278,6896600.0,91573455000.0,100000.0,1340000000.0,-0.1,-0.1,-0.7519
POW,2022-05-10,15:05:03,HOSE,STOCK,12.95,13.85,12.05,12.3,13.3,12.25,13.3,12.88,12.3,13.3,12.25,13.3,12.88,11050700.0,142314655000.0,1000000.0,13000000000.0,0.35,0.35,2.7027
POW,2022-05-09,15:05:02,HOSE,STOCK,13.9,14.85,12.95,13.6,13.85,12.95,12.95,13.27,13.6,13.85,12.95,12.95,13.27,15383500.0,204118125000.0,400000.0,5730000000.0,-0.95,-0.95,-6.8345
POW,2022-05-06,15:05:04,HOSE,STOCK,14.15,15.1,13.2,13.8,14.45,13.75,13.9,14.1,13.8,14.45,13.75,13.9,14.1,11543100.0,162715790000.0,0.0,0.0,-0.25,-0.25,-1.7668
POW,2022-05-05,15:05:03,HOSE,STOCK,14.05,15.0,13.1,14.45,14.5,13.9,14.15,14.22,14.45,14.5,13.9,14.15,14.22,13093700.0,186228170000.0,0.0,0.0,0.1,0.1,0.7117
POW,2022-05-04,15:05:03,HOSE,STOCK,13.15,14.05,12.25,13.55,14.05,13.45,14.05,13.88,13.55,14.05,13.45,14.05,13.88,20394300.0,283005270000.0,400000.0,5510000000.0,0.9,0.9,6.8441
POW,2022-04-29,15:04:02,HOSE,STOCK,12.8,13.65,11.95,12.8,13.35,12.7,13.15,13.05,12.8,13.35,12.7,13.15,13.05,10360800.0,135253555000.0,0.0,0.0,0.35,0.35,2.7344
POW,2022-04-28,15:04:02,HOSE,STOCK,12.95,13.85,12.05,12.95,13.15,12.8,12.8,12.93,12.95,13.15,12.8,12.8,12.93,5831000.0,75391560000.0,0.0,0.0,-0.15,-0.15,-1.1583
POW,2022-04-27,15:04:04,HOSE,STOCK,13.0,13.9,12.1,12.85,13.15,12.7,12.95,12.89,12.85,13.15,12.7,12.95,12.89,6915000.0,89135605000.0,200000.0,2600000000.0,-0.05,-0.05,-0.3846
POW,2022-04-26,15:04:03,HOSE,STOCK,12.45,13.3,11.6,12.0,13.0,11.65,13.0,12.34,12.0,13.0,11.65,13.0,12.34,12858100.0,158711055000.0,0.0,0.0,0.55,0.55,4.4177
POW,2022-04-25,15:04:03,HOSE,STOCK,13.35,14.25,12.45,13.45,13.5,12.45,12.45,12.75,13.45,13.5,12.45,12.45,12.75,13769800.0,175622795000.0,0.0,0.0,-0.9,-0.9,-6.7416
POW,2022-04-22,15:04:04,HOSE,STOCK,13.3,14.2,12.4,13.5,13.75,12.95,13.35,13.41,13.5,13.75,12.95,13.35,13.41,9010700.0,120815195000.0,200000.0,2840000000.0,0.05,0.05,0.3759
POW,2022-04-21,15:04:02,HOSE,STOCK,13.05,13.95,12.15,13.0,13.55,12.55,13.3,13.09,13.0,13.55,12.55,13.3,13.09,16254500.0,212781320000.0,200000.0,2790000000.0,0.25,0.25,1.9157
POW,2022-04-20,15:04:02,HOSE,STOCK,13.5,14.4,12.6,13.5,13.8,13.0,13.05,13.3,13.5,13.8,13.0,13.05,13.3,16671300.0,221808635000.0,28600.0,360360000.0,-0.45,-0.45,-3.3333
POW,2022-04-19,15:04:03,HOSE,STOCK,14.5,15.5,13.5,14.5,14.75,13.5,13.5,14.1,14.5,14.75,13.5,13.5,14.1,11657500.0,164392370000.0,200000.0,3000000000.0,-1.0,-1.0,-6.8966
POW,2022-04-18,15:04:03,HOSE,STOCK,14.7,15.7,13.7,14.7,15.05,14.4,14.5,14.68,14.7,15.05,14.4,14.5,14.68,10908100.0,160101990000.0,200000.0,3000000000.0,-0.2,-0.2,-1.3605
POW,2022-04-15,15:04:02,HOSE,STOCK,15.55,16.6,14.5,15.5,15.5,14.5,14.7,14.98,15.5,15.5,14.5,14.7,14.98,19545500.0,292870680000.0,80000.0,1244000000.0,-0.85,-0.85,-5.4662
POW,2022-04-14,15:04:02,HOSE,STOCK,15.7,16.75,14.65,15.7,15.85,15.55,15.55,15.67,15.7,15.85,15.55,15.55,15.67,6184400.0,96897340000.0,200000.0,3340000000.0,-0.15,-0.15,-0.9554
POW,2022-04-13,15:04:02,HOSE,STOCK,15.6,16.65,14.55,15.7,15.8,15.3,15.7,15.59,15.7,15.8,15.3,15.7,15.59,11796000.0,183891050000.0,200000.0,3330000000.0,0.1,0.1,0.641
POW,2022-04-12,15:04:02,HOSE,STOCK,16.2,17.3,15.1,16.2,16.3,15.6,15.6,15.95,16.2,16.3,15.6,15.6,15.95,10488800.0,167266415000.0,0.0,0.0,-0.6,-0.6,-3.7037
POW,2022-04-08,15:04:02,HOSE,STOCK,16.65,17.8,15.5,16.65,16.75,16.2,16.2,16.45,16.65,16.75,16.2,16.2,16.45,8847800.0,145549010000.0,200000.0,3340000000.0,-0.45,-0.45,-2.7027
POW,2022-04-07,15:04:01,HOSE,STOCK,16.4,17.5,15.3,16.45,16.95,16.4,16.65,16.77,16.45,16.95,16.4,16.65,16.77,23066300.0,386789135000.0,2120000.0,32776000000.0,0.25,0.25,1.5244
POW,2022-04-06,15:04:02,HOSE,STOCK,16.35,17.45,15.25,16.3,16.6,16.15,16.4,16.37,16.3,16.6,16.15,16.4,16.37,8752600.0,143270965000.0,0.0,0.0,0.05,0.05,0.3058
POW,2022-04-05,15:04:02,HOSE,STOCK,16.2,17.3,15.1,16.3,16.6,16.2,16.35,16.45,16.3,16.6,16.2,16.35,16.45,9487000.0,156053165000.0,200000.0,3340000000.0,0.15,0.15,0.9259
POW,2022-04-04,15:04:02,HOSE,STOCK,16.0,17.1,14.9,16.15,16.35,16.1,16.2,16.21,16.15,16.35,16.1,16.2,16.21,7392200.0,119841015000.0,0.0,0.0,0.2,0.2,1.25
POW,2022-04-01,15:04:01,HOSE,STOCK,15.85,16.95,14.75,15.8,16.15,15.7,16.0,15.95,15.8,16.15,15.7,16.0,15.95,8096000.0,129100705000.0,0.0,0.0,0.15,0.15,0.9464
POW,2022-03-31,15:03:04,HOSE,STOCK,15.95,17.05,14.85,15.95,16.15,15.85,15.85,15.96,15.95,16.15,15.85,15.85,15.96,6965600.0,111176455000.0,200000.0,3340000000.0,-0.1,-0.1,-0.627
POW,2022-03-30,15:03:02,HOSE,STOCK,16.25,17.35,15.15,16.05,16.3,15.9,15.95,16.05,16.05,16.3,15.9,15.95,16.05,10562100.0,169501540000.0,0.0,0.0,-0.3,-0.3,-1.8462
POW,2022-03-29,15:03:03,HOSE,STOCK,16.05,17.15,14.95,16.05,16.35,16.05,16.25,16.23,16.05,16.35,16.05,16.25,16.23,6043000.0,98060695000.0,0.0,0.0,0.2,0.2,1.2461
POW,2022-03-28,15:03:04,HOSE,STOCK,16.6,17.75,15.45,16.4,16.5,15.85,16.05,16.13,16.4,16.5,15.85,16.05,16.13,15665500.0,252680225000.0,300000.0,5000000000.0,-0.55,-0.55,-3.3133
POW,2022-03-25,15:03:03,HOSE,STOCK,16.8,17.95,15.65,16.8,16.8,16.6,16.6,16.66,16.8,16.8,16.6,16.6,16.66,8554500.0,142502085000.0,25000.0,448750000.0,-0.2,-0.2,-1.1905
POW,2022-03-24,15:03:03,HOSE,STOCK,16.9,18.05,15.75,16.9,17.1,16.75,16.8,16.89,16.9,17.1,16.75,16.8,16.89,8315300.0,140406345000.0,24000.0,378000000.0,-0.1,-0.1,-0.5917
POW,2022-03-23,15:03:02,HOSE,STOCK,16.5,17.65,15.35,16.6,17.25,16.55,16.9,16.96,16.6,17.25,16.55,16.9,16.96,20680800.0,350691000000.0,500000.0,8240000000.0,0.4,0.4,2.4242
POW,2022-03-22,15:03:03,HOSE,STOCK,16.2,17.3,15.1,16.3,16.5,16.25,16.5,16.39,16.3,16.5,16.25,16.5,16.39,13207500.0,216414840000.0,0.0,0.0,0.3,0.3,1.8519
POW,2022-03-21,15:03:02,HOSE,STOCK,16.1,17.2,15.0,16.2,16.35,16.1,16.2,16.19,16.2,16.35,16.1,16.2,16.19,8155900.0,132011400000.0,0.0,0.0,0.1,0.1,0.6211
POW,2022-03-18,15:03:02,HOSE,STOCK,16.3,17.4,15.2,16.3,16.45,16.05,16.1,16.2,16.3,16.45,16.05,16.1,16.2,11552900.0,187141015000.0,400000.0,6640000000.0,-0.2,-0.2,-1.227
POW,2022-03-17,15:03:02,HOSE,STOCK,16.3,17.4,15.2,16.3,16.45,16.25,16.3,16.33,16.3,16.45,16.25,16.3,16.33,7348600.0,119995145000.0,25000.0,435000000.0,0.0,0.0,0.0
POW,2022-03-16,15:03:04,HOSE,STOCK,16.4,17.5,15.3,16.4,16.7,16.25,16.3,16.43,16.4,16.7,16.25,16.3,16.43,8458000.0,138940510000.0,0.0,0.0,-0.1,-0.1,-0.6098
POW,2022-03-15,15:03:03,HOSE,STOCK,15.65,16.7,14.6,15.7,16.4,15.65,16.4,15.9,15.7,16.4,15.65,16.4,15.9,13518800.0,214959210000.0,200000.0,3340000000.0,0.75,0.75,4.7923
POW,2022-03-14,15:03:04,HOSE,STOCK,16.15,17.25,15.05,16.15,16.2,15.6,15.65,15.8,16.15,16.2,15.6,15.65,15.8,16927900.0,267524715000.0,0.0,0.0,-0.5,-0.5,-3.096
POW,2022-03-11,15:03:03,HOSE,STOCK,16.6,17.75,15.45,16.4,16.7,16.1,16.15,16.32,16.4,16.7,16.1,16.15,16.32,22346800.0,364623270000.0,0.0,0.0,-0.45,-0.45,-2.7108
POW,2022-03-10,15:03:03,HOSE,STOCK,16.75,17.9,15.6,17.0,17.15,16.6,16.6,16.87,17.0,17.15,16.6,16.6,16.87,13857500.0,233840355000.0,0.0,0.0,-0.15,-0.15,-0.8955
POW,2022-03-09,15:03:03,HOSE,STOCK,17.2,18.4,16.0,17.3,17.4,16.75,16.75,16.99,17.3,17.4,16.75,16.75,16.99,18666600.0,317097990000.0,200000.0,3500000000.0,-0.45,-0.45,-2.6163
POW,2022-03-08,15:03:02,HOSE,STOCK,17.05,18.2,15.9,17.0,17.5,16.9,17.2,17.2,17.0,17.5,16.9,17.2,17.2,18365200.0,315945895000.0,0.0,0.0,0.15,0.15,0.8798
POW,2022-03-07,15:03:03,HOSE,STOCK,17.3,18.5,16.1,17.2,17.2,16.9,17.05,17.06,17.2,17.2,16.9,17.05,17.06,20154400.0,343788510000.0,0.0,0.0,-0.25,-0.25,-1.4451
POW,2022-03-04,15:03:03,HOSE,STOCK,17.2,18.4,16.0,17.2,17.6,17.15,17.3,17.33,17.2,17.6,17.15,17.3,17.33,15772500.0,273265525000.0,0.0,0.0,0.1,0.1,0.5814
POW,2022-03-03,15:03:04,HOSE,STOCK,17.45,18.65,16.25,17.45,17.65,17.1,17.2,17.28,17.45,17.65,17.1,17.2,17.28,18767300.0,324319810000.0,0.0,0.0,-0.25,-0.25,-1.4327
POW,2022-03-02,15:03:03,HOSE,STOCK,17.45,18.65,16.25,17.45,17.9,17.25,17.45,17.58,17.45,17.9,17.25,17.45,17.58,13376100.0,235128810000.0,45000.0,787500000.0,0.0,0.0,0.0
POW,2022-03-01,15:03:04,HOSE,STOCK,17.35,18.55,16.15,17.25,17.7,16.85,17.45,17.24,17.25,17.7,16.85,17.45,17.24,26541600.0,457597960000.0,0.0,0.0,0.1,0.1,0.5764
POW,2022-02-28,15:02:03,HOSE,STOCK,17.85,19.05,16.65,17.85,18.0,17.3,17.35,17.51,17.85,18.0,17.3,17.35,17.51,28351900.0,496526815000.0,0.0,0.0,-0.5,-0.5,-2.8011
POW,2022-02-25,15:02:04,HOSE,STOCK,17.75,18.95,16.55,18.0,18.15,17.75,17.85,17.92,18.0,18.15,17.75,17.85,17.92,12072000.0,216312810000.0,0.0,0.0,0.1,0.1,0.5634
POW,2022-02-24,15:02:03,HOSE,STOCK,18.15,19.4,16.9,18.2,18.4,17.35,17.75,17.81,18.2,18.4,17.35,17.75,17.81,23983800.0,427234310000.0,0.0,0.0,-0.4,-0.4,-2.2039
POW,2022-02-23,15:02:03,HOSE,STOCK,17.8,19.0,16.6,17.95,18.6,17.9,18.15,18.29,17.95,18.6,17.9,18.15,18.29,16988300.0,310733050000.0,0.0,0.0,0.35,0.35,1.9663
POW,2022-02-22,15:02:02,HOSE,STOCK,18.4,19.65,17.15,18.2,18.25,17.5,17.8,17.91,18.2,18.25,17.5,17.8,17.91,37116500.0,664647595000.0,241000.0,4723600000.0,-0.6,-0.6,-3.2609
POW,2022-02-21,15:02:03,HOSE,STOCK,18.55,19.8,17.3,18.55,18.7,18.35,18.4,18.51,18.55,18.7,18.35,18.4,18.51,18521400.0,342866510000.0,0.0,0.0,-0.15,-0.15,-0.8086
POW,2022-02-18,15:02:03,HOSE,STOCK,18.6,19.9,17.3,18.4,18.8,18.3,18.55,18.51,18.4,18.8,18.3,18.55,18.51,18704500.0,346283320000.0,0.0,0.0,-0.05,-0.05,-0.2688
POW,2022-02-17,15:02:03,HOSE,STOCK,18.2,19.45,16.95,18.4,18.95,18.15,18.6,18.65,18.4,18.95,18.15,18.6,18.65,34267000.0,639084010000.0,0.0,0.0,0.4,0.4,2.1978
POW,2022-02-16,15:02:03,HOSE,STOCK,18.1,19.35,16.85,18.4,18.6,18.1,18.2,18.35,18.4,18.6,18.1,18.2,18.35,14321700.0,262743265000.0,0.0,0.0,0.1,0.1,0.5525
POW,2022-02-15,15:02:03,HOSE,STOCK,17.7,18.9,16.5,17.7,18.15,17.3,18.1,17.65,17.7,18.15,17.3,18.1,17.65,18577300.0,327920760000.0,0.0,0.0,0.4,0.4,2.2599
POW,2022-02-14,15:02:02,HOSE,STOCK,18.3,19.55,17.05,17.9,18.35,17.7,17.7,17.98,17.9,18.35,17.7,17.7,17.98,18913400.0,340001075000.0,260000.0,4680000000.0,-0.6,-0.6,-3.2787
POW,2022-02-11,15:02:05,HOSE,STOCK,18.55,19.8,17.3,18.5,18.7,18.1,18.3,18.37,18.5,18.7,18.1,18.3,18.37,14833800.0,272518285000.0,20000.0,346000000.0,-0.25,-0.25,-1.3477
POW,2022-02-10,15:02:04,HOSE,STOCK,17.8,19.0,16.6,17.85,18.8,17.85,18.55,18.41,17.85,18.8,17.85,18.55,18.41,30747500.0,566147600000.0,0.0,0.0,0.75,0.75,4.2135
POW,2022-02-09,15:02:03,HOSE,STOCK,17.9,19.15,16.65,17.9,18.15,17.7,17.8,17.87,17.9,18.15,17.7,17.8,17.87,12505600.0,223462235000.0,1158700.0,19860505000.0,-0.1,-0.1,-0.5587
POW,2022-02-08,15:02:03,HOSE,STOCK,17.85,19.05,16.65,17.8,18.15,17.55,17.9,17.89,17.8,18.15,17.55,17.9,17.89,18412600.0,329367885000.0,0.0,0.0,0.05,0.05,0.2801
POW,2022-02-07,15:02:03,HOSE,STOCK,16.8,17.95,15.65,17.0,17.95,16.9,17.85,17.6,17.0,17.95,16.9,17.85,17.6,21663200.0,381237960000.0,300000.0,5295000000.0,1.05,1.05,6.25
POW,2022-01-28,15:01:03,HOSE,STOCK,16.4,17.5,15.3,16.4,16.95,16.2,16.8,16.62,16.4,16.95,16.2,16.8,16.62,13677000.0,227346835000.0,0.0,0.0,0.4,0.4,2.439
POW,2022-01-27,15:01:04,HOSE,STOCK,16.3,17.4,15.2,16.3,16.4,16.0,16.4,16.22,16.3,16.4,16.0,16.4,16.22,7877600.0,127768750000.0,60000.0,990000000.0,0.1,0.1,0.6135
POW,2022-01-26,15:01:03,HOSE,STOCK,16.55,17.7,15.4,16.8,16.85,16.3,16.3,16.57,16.8,16.85,16.3,16.3,16.57,10704700.0,177420575000.0,180000.0,3060000000.0,-0.25,-0.25,-1.5106
POW,2022-01-25,15:01:03,HOSE,STOCK,15.5,16.55,14.45,15.1,16.55,15.1,16.55,16.02,15.1,16.55,15.1,16.55,16.02,14575700.0,233481790000.0,0.0,0.0,1.05,1.05,6.7742
POW,2022-01-24,15:01:03,HOSE,STOCK,16.65,17.8,15.5,16.5,16.5,15.5,15.5,15.84,16.5,16.5,15.5,15.5,15.84,19100700.0,302504560000.0,0.0,0.0,-1.15,-1.15,-6.9069
POW,2022-01-21,15:01:02,HOSE,STOCK,17.0,18.15,15.85,17.0,17.15,16.6,16.65,16.84,17.0,17.15,16.6,16.65,16.84,15083600.0,253972045000.0,250000.0,4218500000.0,-0.35,-0.35,-2.0588
POW,2022-01-20,15:01:03,HOSE,STOCK,16.05,17.15,14.95,16.1,17.1,15.8,17.0,16.51,16.1,17.1,15.8,17.0,16.51,13110700.0,216472290000.0,0.0,0.0,0.95,0.95,5.919
POW,2022-01-19,15:01:02,HOSE,STOCK,15.4,16.45,14.35,15.6,16.1,15.5,16.05,15.82,15.6,16.1,15.5,16.05,15.82,14804200.0,234249895000.0,0.0,0.0,0.65,0.65,4.2208
POW,2022-01-18,15:01:03,HOSE,STOCK,16.5,17.65,15.35,15.8,16.4,15.35,15.4,15.79,15.8,16.4,15.35,15.4,15.79,27316100.0,431256790000.0,250000.0,4250000000.0,-1.1,-1.1,-6.6667
POW,2022-01-17,15:01:03,HOSE,STOCK,17.7,18.9,16.5,17.7,17.7,16.5,16.5,16.82,17.7,17.7,16.5,16.5,16.82,31333400.0,527094105000.0,0.0,0.0,-1.2,-1.2,-6.7797
POW,2022-01-14,15:01:03,HOSE,STOCK,16.9,18.05,15.75,16.5,17.8,16.5,17.7,17.33,16.5,17.8,16.5,17.7,17.33,21841200.0,378438135000.0,80200.0,1263150000.0,0.8,0.8,4.7337
POW,2022-01-13,15:01:02,HOSE,STOCK,18.15,19.4,16.9,18.15,18.65,16.9,16.9,17.45,18.15,18.65,16.9,16.9,17.45,39286800.0,685567310000.0,141700.0,2394730000.0,-1.25,-1.25,-6.8871
POW,2022-01-12,15:01:03,HOSE,STOCK,18.65,19.95,17.35,18.65,19.2,17.35,18.15,18.24,18.65,19.2,17.35,18.15,18.24,42975500.0,783891645000.0,32900.0,656355000.0,-0.5,-0.5,-2.681
POW,2022-01-11,15:01:02,HOSE,STOCK,18.75,20.05,17.45,19.0,19.4,18.45,18.65,18.96,19.0,19.4,18.45,18.65,18.96,32266400.0,611814815000.0,80200.0,1608010000.0,-0.1,-0.1,-0.5333
POW,2022-01-10,15:01:03,HOSE,STOCK,20.15,21.55,18.75,20.5,20.8,18.75,18.75,20.02,20.5,20.8,18.75,18.75,20.02,31601600.0,632784715000.0,82700.0,1782185000.0,-1.4,-1.4,-6.9479
POW,2022-01-07,15:01:02,HOSE,STOCK,19.25,20.55,17.95,19.25,20.35,19.25,20.15,19.93,19.25,20.35,19.25,20.15,19.93,32879500.0,655386395000.0,82900.0,1625595000.0,0.9,0.9,4.6753
POW,2022-01-06,15:01:03,HOSE,STOCK,19.0,20.3,17.7,18.85,19.8,18.85,19.25,19.32,18.85,19.8,18.85,19.25,19.32,27000500.0,521771525000.0,80200.0,1419540000.0,0.25,0.25,1.3158
POW,2022-01-05,15:01:03,HOSE,STOCK,18.7,20.0,17.4,19.2,19.95,19.0,19.0,19.43,19.2,19.95,19.0,19.0,19.43,38787800.0,753547605000.0,106700.0,1918980000.0,0.3,0.3,1.6043
POW,2022-01-04,15:01:02,HOSE,STOCK,17.5,18.7,16.3,17.7,18.7,17.7,18.7,18.44,17.7,18.7,17.7,18.7,18.44,20441700.0,376976745000.0,100000.0,1750000000.0,1.2,1.2,6.8571
POW,2021-12-31,15:12:02,HOSE,STOCK,17.45,18.65,16.25,17.45,17.9,17.3,17.5,17.54,17.45,17.9,17.3,17.5,17.54,15771300.0,276701605000.0,311100.0,5668765000.0,0.05,0.05,0.2865
POW,2021-12-30,15:12:03,HOSE,STOCK,18.0,19.25,16.75,18.0,18.3,17.35,17.45,17.72,18.0,18.3,17.35,17.45,17.72,23769100.0,421090875000.0,155700.0,2935975000.0,-0.55,-0.55,-3.0556
POW,2021-12-29,15:12:02,HOSE,STOCK,18.35,19.6,17.1,18.1,18.7,17.85,18.0,18.21,18.1,18.7,17.85,18.0,18.21,21429000.0,390191770000.0,0.0,0.0,-0.35,-0.35,-1.9074
POW,2021-12-28,15:12:02,HOSE,STOCK,18.45,19.7,17.2,18.45,19.2,18.0,18.35,18.71,18.45,19.2,18.0,18.35,18.71,24942600.0,466676605000.0,285200.0,5069440000.0,-0.1,-0.1,-0.542
POW,2021-12-27,15:12:02,HOSE,STOCK,17.25,18.45,16.05,17.05,18.45,16.5,18.45,17.55,17.05,18.45,16.5,18.45,17.55,32864200.0,576837650000.0,82700.0,1327335000.0,1.2,1.2,6.9565
POW,2021-12-24,15:12:02,HOSE,STOCK,18.5,19.75,17.25,18.15,18.35,17.25,17.25,17.52,18.15,18.35,17.25,17.25,17.52,68470100.0,1199612065000.0,0.0,0.0,-1.25,-1.25,-6.7568
POW,2021-12-23,15:12:04,HOSE,STOCK,19.0,20.3,17.7,19.0,19.35,17.8,18.5,18.53,19.0,19.35,17.8,18.5,18.53,44616000.0,826811385000.0,80200.0,1628060000.0,-0.5,-0.5,-2.6316
POW,2021-12-22,15:12:02,HOSE,STOCK,18.7,20.0,17.4,18.95,19.5,18.7,19.0,19.06,18.95,19.5,18.7,19.0,19.06,28317600.0,539612275000.0,82700.0,1654000000.0,0.3,0.3,1.6043
POW,2021-12-21,15:12:02,HOSE,STOCK,18.25,19.5,17.0,18.1,19.5,17.95,18.7,18.84,18.1,19.5,17.95,18.7,18.84,36657800.0,690684040000.0,0.0,0.0,0.45,0.45,2.4658
POW,2021-12-20,15:12:02,HOSE,STOCK,17.1,18.25,15.95,17.2,18.25,16.8,18.25,17.51,17.2,18.25,16.8,18.25,17.51,38415800.0,672503685000.0,265800.0,4239510000.0,1.15,1.15,6.7251
POW,2021-12-17,15:12:03,HOSE,STOCK,17.2,18.4,16.0,17.5,18.0,17.1,17.1,17.65,17.5,18.0,17.1,17.1,17.65,29536500.0,521437880000.0,82700.0,1323200000.0,-0.1,-0.1,-0.5814
POW,2021-12-16,15:12:03,HOSE,STOCK,16.1,17.2,15.0,16.05,17.2,16.0,17.2,16.7,16.05,17.2,16.0,17.2,16.7,41619500.0,694939385000.0,0.0,0.0,1.1,1.1,6.8323
POW,2021-12-15,15:12:03,HOSE,STOCK,16.6,17.75,15.45,16.6,16.8,16.1,16.1,16.42,16.6,16.8,16.1,16.1,16.42,25358200.0,416323575000.0,290200.0,4668050000.0,-0.5,-0.5,-3.012
POW,2021-12-14,15:12:03,HOSE,STOCK,16.2,17.3,15.1,16.1,16.95,15.95,16.6,16.52,16.1,16.95,15.95,16.6,16.52,26937900.0,445055785000.0,82700.0,1430710000.0,0.4,0.4,2.4691
POW,2021-12-13,15:12:02,HOSE,STOCK,16.25,17.35,15.15,16.25,16.55,15.95,16.2,16.27,16.25,16.55,15.95,16.2,16.27,31156200.0,506936105000.0,90000.0,1363500000.0,-0.05,-0.05,-0.3077
POW,2021-12-10,15:12:03,HOSE,STOCK,15.45,16.5,14.4,15.4,16.35,15.25,16.25,15.89,15.4,16.35,15.25,16.25,15.89,38820900.0,616700215000.0,0.0,0.0,0.8,0.8,5.178
POW,2021-12-09,15:12:03,HOSE,STOCK,15.1,16.15,14.05,15.0,15.6,14.95,15.45,15.4,15.0,15.6,14.95,15.45,15.4,26075800.0,401479045000.0,82700.0,1281850000.0,0.35,0.35,2.3179
POW,2021-12-08,15:12:01,HOSE,STOCK,14.85,15.85,13.85,15.45,15.7,15.05,15.1,15.43,15.45,15.7,15.05,15.1,15.43,41633300.0,642227825000.0,700000.0,9695000000.0,0.25,0.25,1.6835
POW,2021-12-07,15:12:03,HOSE,STOCK,13.9,14.85,12.95,14.1,14.85,14.1,14.85,14.68,14.1,14.85,14.1,14.85,14.68,29798800.0,437577920000.0,585000.0,7698500000.0,0.95,0.95,6.8345
POW,2021-12-06,15:12:02,HOSE,STOCK,13.55,14.45,12.65,13.8,14.3,13.55,13.9,13.87,13.8,14.3,13.55,13.9,13.87,21543500.0,298842300000.0,0.0,0.0,0.35,0.35,2.583
POW,2021-12-03,15:12:06,HOSE,STOCK,14.15,15.1,13.2,14.2,14.35,13.55,13.55,13.97,14.2,14.35,13.55,13.55,13.97,16516800.0,230687790000.0,0.0,0.0,-0.6,-0.6,-4.2403
POW,2021-12-02,15:12:03,HOSE,STOCK,14.0,14.95,13.05,14.0,14.65,14.0,14.15,14.37,14.0,14.65,14.0,14.15,14.37,22710300.0,326383595000.0,500000.0,6550000000.0,0.15,0.15,1.0714
POW,2021-12-01,15:12:03,HOSE,STOCK,13.5,14.4,12.6,13.5,14.15,13.5,14.0,13.88,13.5,14.15,13.5,14.0,13.88,18972500.0,263309870000.0,1150000.0,14720000000.0,0.5,0.5,3.7037
POW,2021-11-30,15:11:03,HOSE,STOCK,13.45,14.35,12.55,13.65,13.9,13.4,13.5,13.62,13.65,13.9,13.4,13.5,13.62,14880000.0,202602955000.0,0.0,0.0,0.05,0.05,0.3717
POW,2021-11-29,15:11:03,HOSE,STOCK,13.55,14.45,12.65,13.2,13.65,13.15,13.45,13.38,13.2,13.65,13.15,13.45,13.38,15010600.0,200790490000.0,0.0,0.0,-0.1,-0.1,-0.738
POW,2021-11-26,15:11:03,HOSE,STOCK,13.85,14.8,12.9,13.95,14.0,13.4,13.55,13.65,13.95,14.0,13.4,13.55,13.65,18721500.0,255613250000.0,72000.0,1065600000.0,-0.3,-0.3,-2.1661
POW,2021-11-25,15:11:02,HOSE,STOCK,13.6,14.55,12.65,13.65,14.2,13.6,13.85,13.95,13.65,14.2,13.6,13.85,13.95,18694800.0,260837545000.0,0.0,0.0,0.25,0.25,1.8382
POW,2021-11-24,15:11:03,HOSE,STOCK,13.8,14.75,12.85,13.9,14.0,13.5,13.6,13.71,13.9,14.0,13.5,13.6,13.71,13961800.0,191427050000.0,1083000.0,15974250000.0,-0.2,-0.2,-1.4493
POW,2021-11-23,15:11:04,HOSE,STOCK,13.05,13.95,12.15,13.3,13.8,13.1,13.8,13.5,13.3,13.8,13.1,13.8,13.5,15381900.0,207673175000.0,0.0,0.0,0.75,0.75,5.7471
POW,2021-11-22,15:11:04,HOSE,STOCK,13.95,14.9,13.0,13.9,13.95,13.05,13.05,13.43,13.9,13.95,13.05,13.05,13.43,23654100.0,317644565000.0,410000.0,6109000000.0,-0.9,-0.9,-6.4516
POW,2021-11-19,15:11:05,HOSE,STOCK,14.65,15.65,13.65,14.8,14.8,13.65,13.95,14.26,14.8,14.8,13.65,13.95,14.26,32141600.0,458389670000.0,170000.0,2320500000.0,-0.7,-0.7,-4.7782
POW,2021-11-18,15:11:03,HOSE,STOCK,14.15,15.1,13.2,14.1,14.95,14.05,14.65,14.5,14.1,14.95,14.05,14.65,14.5,31056300.0,450461700000.0,0.0,0.0,0.5,0.5,3.5336
POW,2021-11-17,15:11:04,HOSE,STOCK,14.05,15.0,13.1,14.0,14.35,13.85,14.15,14.07,14.0,14.35,13.85,14.15,14.07,16772500.0,236019545000.0,0.0,0.0,0.1,0.1,0.7117
POW,2021-11-16,15:11:02,HOSE,STOCK,13.85,14.8,12.9,14.1,14.35,13.8,14.05,14.12,14.1,14.35,13.8,14.05,14.12,29708400.0,419489055000.0,0.0,0.0,0.2,0.2,1.444
POW,2021-11-15,15:11:02,HOSE,STOCK,12.95,13.85,12.05,13.1,13.85,12.8,13.85,13.47,13.1,13.85,12.8,13.85,13.47,44892800.0,604564910000.0,500000.0,6900000000.0,0.9,0.9,6.9498
POW,2021-11-12,15:11:03,HOSE,STOCK,12.9,13.8,12.0,12.85,13.15,12.85,12.95,12.96,12.85,13.15,12.85,12.95,12.96,12660300.0,164052360000.0,170000.0,2210000000.0,0.05,0.05,0.3876
POW,2021-11-11,15:11:04,HOSE,STOCK,13.1,14.0,12.2,13.15,13.25,12.85,12.9,13.05,13.15,13.25,12.85,12.9,13.05,16964600.0,221362145000.0,0.0,0.0,-0.2,-0.2,-1.5267
POW,2021-11-10,15:11:02,HOSE,STOCK,12.85,13.7,12.0,12.9,13.3,12.85,13.1,13.08,12.9,13.3,12.85,13.1,13.08,23014100.0,301137530000.0,0.0,0.0,0.25,0.25,1.9455
POW,2021-11-09,15:11:05,HOSE,STOCK,13.1,14.0,12.2,13.05,13.15,12.85,12.85,12.98,13.05,13.15,12.85,12.85,12.98,15214600.0,197543770000.0,0.0,0.0,-0.25,-0.25,-1.9084
POW,2021-11-08,15:11:03,HOSE,STOCK,13.0,13.9,12.1,13.05,13.35,13.0,13.1,13.17,13.05,13.35,13.0,13.1,13.17,19732600.0,259808710000.0,0.0,0.0,0.1,0.1,0.7692
POW,2021-11-05,15:11:11,HOSE,STOCK,12.65,13.5,11.8,12.7,13.2,12.7,13.0,12.96,12.7,13.2,12.7,13.0,12.96,19544900.0,253299360000.0,0.0,0.0,0.35,0.35,2.7668
POW,2021-11-04,15:11:03,HOSE,STOCK,12.6,13.45,11.75,12.6,12.8,12.5,12.65,12.67,12.6,12.8,12.5,12.65,12.67,12984900.0,164529865000.0,0.0,0.0,0.05,0.05,0.3968
POW,2021-11-03,15:11:01,HOSE,STOCK,12.85,13.7,12.0,12.9,12.95,12.55,12.6,12.74,12.9,12.95,12.55,12.6,12.74,22282500.0,283882865000.0,50000.0,600000000.0,-0.25,-0.25,-1.9455
POW,2021-11-02,15:11:03,HOSE,STOCK,13.1,14.0,12.2,13.1,13.1,12.85,12.85,12.93,13.1,13.1,12.85,12.85,12.93,20217000.0,261359670000.0,0.0,0.0,-0.25,-0.25,-1.9084
POW,2021-11-01,15:11:03,HOSE,STOCK,12.65,13.5,11.8,13.0,13.3,12.9,13.1,13.14,13.0,13.3,12.9,13.1,13.14,32971900.0,433219940000.0,0.0,0.0,0.45,0.45,3.5573
POW,2021-10-29,15:10:03,HOSE,STOCK,12.75,13.6,11.9,12.85,12.9,12.5,12.65,12.67,12.85,12.9,12.5,12.65,12.67,15528700.0,196781030000.0,65000.0,812500000.0,-0.1,-0.1,-0.7843
POW,2021-10-28,15:10:03,HOSE,STOCK,12.4,13.25,11.55,12.45,12.95,12.45,12.75,12.74,12.45,12.95,12.45,12.75,12.74,28317600.0,360865090000.0,0.0,0.0,0.35,0.35,2.8226
POW,2021-10-27,15:10:03,HOSE,STOCK,12.35,13.2,11.5,12.4,12.5,12.25,12.4,12.36,12.4,12.5,12.25,12.4,12.36,16021900.0,198013975000.0,0.0,0.0,0.05,0.05,0.4049
POW,2021-10-26,15:10:02,HOSE,STOCK,12.25,13.1,11.4,12.25,12.4,12.1,12.35,12.24,12.25,12.4,12.1,12.35,12.24,8647600.0,105807210000.0,0.0,0.0,0.1,0.1,0.8163
POW,2021-10-25,15:10:02,HOSE,STOCK,12.1,12.9,11.3,12.25,12.4,12.1,12.25,12.28,12.25,12.4,12.1,12.25,12.28,13687600.0,168072070000.0,20000.0,252000000.0,0.15,0.15,1.2397
POW,2021-10-22,15:10:02,HOSE,STOCK,12.05,12.85,11.25,12.05,12.2,12.0,12.1,12.07,12.05,12.2,12.0,12.1,12.07,10268400.0,123960650000.0,0.0,0.0,0.05,0.05,0.4149
POW,2021-10-21,15:10:03,HOSE,STOCK,12.3,13.15,11.45,12.3,12.3,12.05,12.05,12.12,12.3,12.3,12.05,12.05,12.12,13105800.0,158898350000.0,530000.0,6943000000.0,-0.25,-0.25,-2.0325
POW,2021-10-20,15:10:02,HOSE,STOCK,12.3,13.15,11.45,12.3,12.4,12.05,12.3,12.26,12.3,12.4,12.05,12.3,12.26,13467100.0,165081065000.0,200000.0,2290000000.0,0.0,0.0,0.0
POW,2021-10-19,15:10:03,HOSE,STOCK,12.35,13.2,11.5,12.3,12.5,12.25,12.3,12.37,12.3,12.5,12.25,12.3,12.37,10371700.0,128331800000.0,0.0,0.0,-0.05,-0.05,-0.4049
POW,2021-10-18,15:10:02,HOSE,STOCK,12.3,13.15,11.45,12.3,12.5,12.25,12.35,12.36,12.3,12.5,12.25,12.35,12.36,13404000.0,165642735000.0,30000.0,378000000.0,0.05,0.05,0.4065
POW,2021-10-15,15:10:03,HOSE,STOCK,12.5,13.35,11.65,12.5,12.6,12.2,12.3,12.37,12.5,12.6,12.2,12.3,12.37,17266800.0,213651720000.0,50000.0,665000000.0,-0.2,-0.2,-1.6
POW,2021-10-14,15:10:02,HOSE,STOCK,12.5,13.35,11.65,12.5,12.6,12.4,12.5,12.5,12.5,12.6,12.4,12.5,12.5,13130000.0,164078730000.0,650000.0,7972500000.0,0.0,0.0,0.0
POW,2021-10-13,15:10:02,HOSE,STOCK,12.7,13.55,11.85,12.8,12.8,12.45,12.5,12.64,12.8,12.8,12.45,12.5,12.64,15189100.0,191940910000.0,0.0,0.0,-0.2,-0.2,-1.5748
POW,2021-10-12,15:10:02,HOSE,STOCK,12.4,13.25,11.55,12.4,12.7,12.4,12.7,12.56,12.4,12.7,12.4,12.7,12.56,22139000.0,278015295000.0,100000.0,1247000000.0,0.3,0.3,2.4194
POW,2021-10-11,15:10:02,HOSE,STOCK,12.45,13.3,11.6,12.4,12.6,12.2,12.4,12.41,12.4,12.6,12.2,12.4,12.41,22294500.0,276589170000.0,0.0,0.0,-0.05,-0.05,-0.4016
POW,2021-10-08,15:10:03,HOSE,STOCK,12.65,13.5,11.8,12.7,12.7,12.4,12.45,12.53,12.7,12.7,12.4,12.45,12.53,18392600.0,230374655000.0,0.0,0.0,-0.2,-0.2,-1.581
POW,2021-10-07,15:10:02,HOSE,STOCK,12.85,13.7,12.0,12.85,12.85,12.6,12.65,12.71,12.85,12.85,12.6,12.65,12.71,17101900.0,217401140000.0,100000.0,1270000000.0,-0.2,-0.2,-1.5564
POW,2021-10-06,15:10:03,HOSE,STOCK,12.75,13.6,11.9,12.85,13.1,12.7,12.85,12.9,12.85,13.1,12.7,12.85,12.9,18554500.0,239413025000.0,0.0,0.0,0.1,0.1,0.7843
POW,2021-10-05,15:10:02,HOSE,STOCK,12.65,13.5,11.8,12.7,12.9,12.55,12.75,12.72,12.7,12.9,12.55,12.75,12.72,22312000.0,283860890000.0,0.0,0.0,0.1,0.1,0.7905
POW,2021-10-04,15:10:01,HOSE,STOCK,12.2,13.05,11.35,12.45,12.9,12.45,12.65,12.67,12.45,12.9,12.45,12.65,12.67,32008500.0,405588695000.0,0.0,0.0,0.45,0.45,3.6885
POW,2021-10-01,15:10:02,HOSE,STOCK,11.95,12.75,11.15,11.8,12.35,11.8,12.2,12.13,11.8,12.35,11.8,12.2,12.13,18134400.0,220049250000.0,741310.0,8265606500.0,0.25,0.25,2.0921
POW,2021-09-30,15:09:01,HOSE,STOCK,12.0,12.8,11.2,12.2,12.25,11.85,11.95,12.03,12.2,12.25,11.85,11.95,12.03,9275300.0,111610180000.0,0.0,0.0,-0.05,-0.05,-0.4167
POW,2021-09-29,15:09:01,HOSE,STOCK,11.75,12.55,10.95,11.75,12.4,11.75,12.2,12.14,11.557,12.197,11.557,12.0,11.941,31387100.0,381068735000.0,20060.0,240720000.0,0.45,0.4426,3.8298
POW,2021-09-28,15:09:02,HOSE,STOCK,11.55,12.35,10.75,11.55,11.8,11.45,11.75,11.63,11.361,11.607,11.262,11.557,11.439,7279400.0,84661470000.0,0.0,0.0,0.2,0.1967,1.7316
POW,2021-09-27,15:09:03,HOSE,STOCK,11.6,12.4,10.8,11.65,11.9,11.55,11.55,11.68,11.459,11.705,11.361,11.361,11.489,9429800.0,110139880000.0,0.0,0.0,-0.05,-0.0492,-0.431
POW,2021-09-24,15:09:03,HOSE,STOCK,11.75,12.55,10.95,11.8,11.8,11.6,11.6,11.69,11.607,11.607,11.41,11.41,11.498,7779100.0,90911695000.0,300000.0,3750000000.0,-0.15,-0.1475,-1.2766
POW,2021-09-23,15:09:03,HOSE,STOCK,11.8,12.6,11.0,11.95,11.95,11.75,11.75,11.85,11.754,11.754,11.557,11.557,11.656,7630800.0,90412290000.0,0.0,0.0,-0.05,-0.0492,-0.4237
POW,2021-09-22,15:09:02,HOSE,STOCK,11.65,12.45,10.85,11.7,11.85,11.55,11.8,11.7,11.508,11.656,11.361,11.607,11.508,9702400.0,113508615000.0,0.0,0.0,0.15,0.1475,1.2876
POW,2021-09-21,15:09:02,HOSE,STOCK,11.75,12.55,10.95,11.6,11.75,11.5,11.65,11.61,11.41,11.557,11.311,11.459,11.42,10082200.0,117059175000.0,0.0,0.0,-0.1,-0.0984,-0.8511
POW,2021-09-20,15:09:02,HOSE,STOCK,11.75,12.55,10.95,11.95,12.0,11.7,11.75,11.84,11.754,11.803,11.508,11.557,11.646,9918000.0,117389765000.0,0.0,0.0,0.0,0.0,0.0
POW,2021-09-17,15:09:02,HOSE,STOCK,11.8,12.6,11.0,11.9,12.15,11.7,11.75,11.86,11.705,11.951,11.508,11.557,11.666,15584500.0,184904705000.0,0.0,0.0,-0.05,-0.0492,-0.4237
POW,2021-09-16,15:09:02,HOSE,STOCK,11.8,12.6,11.0,11.85,11.9,11.65,11.8,11.76,11.656,11.705,11.459,11.607,11.567,6024200.0,70853060000.0,0.0,0.0,0.0,0.0,0.0
POW,2021-09-15,15:09:03,HOSE,STOCK,11.5,12.3,10.7,11.5,11.85,11.5,11.8,11.7,11.311,11.656,11.311,11.607,11.508,6169800.0,72166710000.0,0.0,0.0,0.3,0.2951,2.6087
POW,2021-09-14,15:09:01,HOSE,STOCK,11.85,12.65,11.05,11.8,12.0,11.45,11.5,11.71,11.607,11.803,11.262,11.311,11.518,15831400.0,185442110000.0,0.0,0.0,-0.35,-0.3442,-2.9536
POW,2021-09-13,15:09:02,HOSE,STOCK,12.1,12.9,11.3,12.1,12.15,11.85,11.85,11.97,11.902,11.951,11.656,11.656,11.774,10403000.0,124535320000.0,0.0,0.0,-0.25,-0.2459,-2.0661
POW,2021-09-10,15:09:03,HOSE,STOCK,12.1,12.9,11.3,12.05,12.35,12.05,12.1,12.16,11.852,12.148,11.852,11.902,11.961,7819800.0,95066200000.0,0.0,0.0,0.0,0.0,0.0
POW,2021-09-09,15:09:02,HOSE,STOCK,11.9,12.7,11.1,11.95,12.35,11.85,12.1,12.08,11.754,12.148,11.656,11.902,11.882,9601500.0,116007015000.0,0.0,0.0,0.2,0.1967,1.6807
POW,2021-09-08,15:09:03,HOSE,STOCK,12.05,12.85,11.25,12.0,12.2,11.85,11.9,12.01,11.803,12.0,11.656,11.705,11.813,12086400.0,145164095000.0,0.0,0.0,-0.15,-0.1475,-1.2448
POW,2021-09-07,15:09:05,HOSE,STOCK,12.4,13.25,11.55,12.4,12.5,12.05,12.05,12.27,12.197,12.295,11.852,11.852,12.069,14859100.0,182353185000.0,0.0,0.0,-0.35,-0.3442,-2.8226
POW,2021-09-06,15:09:02,HOSE,STOCK,12.45,13.3,11.6,12.5,12.75,12.35,12.4,12.53,12.295,12.541,12.148,12.197,12.325,14454100.0,181141530000.0,0.0,0.0,-0.05,-0.0492,-0.4016
POW,2021-09-01,15:09:03,HOSE,STOCK,11.85,12.65,11.05,11.75,12.45,11.7,12.45,12.19,11.557,12.246,11.508,12.246,11.99,29625300.0,361040535000.0,225000.0,2486250000.0,0.6,0.5902,5.0633
POW,2021-08-31,15:08:02,HOSE,STOCK,11.95,12.75,11.15,11.95,12.0,11.75,11.85,11.88,11.754,11.803,11.557,11.656,11.685,9509900.0,113016130000.0,0.0,0.0,-0.1,-0.0984,-0.8368
POW,2021-08-30,15:08:04,HOSE,STOCK,11.9,12.7,11.1,12.0,12.2,11.85,11.95,12.02,11.803,12.0,11.656,11.754,11.823,13098400.0,157464130000.0,260630.0,3101497000.0,0.05,0.0492,0.4202
POW,2021-08-27,15:08:03,HOSE,STOCK,11.35,12.1,10.6,11.25,12.0,11.05,11.9,11.7,11.066,11.803,10.869,11.705,11.508,26372500.0,308648650000.0,0.0,0.0,0.55,0.541,4.8458
POW,2021-08-26,15:08:03,HOSE,STOCK,11.25,12.0,10.5,11.6,11.65,11.2,11.35,11.5,11.41,11.459,11.016,11.164,11.311,11872100.0,136547465000.0,0.0,0.0,0.1,0.0984,0.8889
POW,2021-08-25,15:08:03,HOSE,STOCK,10.55,11.25,9.82,10.65,11.25,10.55,11.25,11.03,10.475,11.066,10.377,11.066,10.849,13848200.0,152689870000.0,130000.0,1455000000.0,0.7,0.6886,6.6351
POW,2021-08-24,15:08:02,HOSE,STOCK,10.55,11.25,9.82,10.6,10.75,10.4,10.55,10.54,10.426,10.574,10.23,10.377,10.367,9744200.0,102665635000.0,0.0,0.0,0.0,0.0,0.0
POW,2021-08-23,15:08:03,HOSE,STOCK,10.9,11.65,10.15,10.85,10.9,10.55,10.55,10.68,10.672,10.721,10.377,10.377,10.505,8650400.0,92425850000.0,0.0,0.0,-0.35,-0.3443,-3.211
POW,2021-08-20,15:08:01,HOSE,STOCK,11.35,12.1,10.6,11.35,11.4,10.75,10.9,11.04,11.164,11.213,10.574,10.721,10.859,15373900.0,169695860000.0,0.0,0.0,-0.45,-0.4426,-3.9648
POW,2021-08-19,15:08:01,HOSE,STOCK,11.4,12.15,10.65,11.4,11.4,11.25,11.35,11.3,11.213,11.213,11.066,11.164,11.115,6789800.0,76704305000.0,0.0,0.0,-0.05,-0.0492,-0.4386
POW,2021-08-18,15:08:01,HOSE,STOCK,11.35,12.1,10.6,11.35,11.45,11.25,11.4,11.33,11.164,11.262,11.066,11.213,11.144,7345200.0,83240820000.0,1550000.0,16430000000.0,0.05,0.0492,0.4405
POW,2021-08-17,15:08:02,HOSE,STOCK,11.45,12.25,10.65,11.5,11.5,11.3,11.35,11.41,11.311,11.311,11.115,11.164,11.223,6582200.0,75075780000.0,0.0,0.0,-0.1,-0.0984,-0.8734
POW,2021-08-16,15:08:01,HOSE,STOCK,11.3,12.05,10.55,11.3,11.55,11.3,11.45,11.46,11.115,11.361,11.115,11.262,11.272,9434700.0,108125735000.0,0.0,0.0,0.15,0.1475,1.3274
POW,2021-08-13,15:08:01,HOSE,STOCK,11.35,12.1,10.6,11.3,11.45,11.1,11.3,11.25,11.115,11.262,10.918,11.115,11.066,9936000.0,111802675000.0,0.0,0.0,-0.05,-0.0492,-0.4405
POW,2021-08-12,15:08:02,HOSE,STOCK,11.45,12.25,10.65,11.5,11.55,11.35,11.35,11.44,11.311,11.361,11.164,11.164,11.252,7889100.0,90273470000.0,0.0,0.0,-0.1,-0.0984,-0.8734
POW,2021-08-11,15:08:02,HOSE,STOCK,11.25,12.0,10.5,11.25,11.75,11.2,11.45,11.49,11.066,11.557,11.016,11.262,11.302,14088400.0,161846500000.0,0.0,0.0,0.2,0.1967,1.7778
POW,2021-08-10,15:08:03,HOSE,STOCK,11.15,11.9,10.4,11.2,11.4,11.15,11.25,11.27,11.016,11.213,10.967,11.066,11.085,8710300.0,98199385000.0,0.0,0.0,0.1,0.0984,0.8969
POW,2021-08-09,15:08:02,HOSE,STOCK,11.0,11.75,10.25,11.05,11.2,10.9,11.15,11.09,10.869,11.016,10.721,10.967,10.908,6608900.0,73312910000.0,0.0,0.0,0.15,0.1475,1.3636
POW,2021-08-06,15:08:04,HOSE,STOCK,10.8,11.55,10.05,10.8,11.2,10.75,11.0,10.99,10.623,11.016,10.574,10.82,10.81,13384300.0,147044710000.0,0.0,0.0,0.2,0.1967,1.8519
POW,2021-08-05,15:08:05,HOSE,STOCK,10.85,11.6,10.1,10.8,10.9,10.7,10.8,10.82,10.623,10.721,10.525,10.623,10.643,5149400.0,55705145000.0,0.0,0.0,-0.05,-0.0492,-0.4608
POW,2021-08-04,15:08:03,HOSE,STOCK,10.8,11.55,10.05,10.8,10.95,10.75,10.85,10.82,10.623,10.77,10.574,10.672,10.643,7259300.0,78565845000.0,20010.0,215107500.0,0.05,0.0492,0.463
POW,2021-08-03,15:08:02,HOSE,STOCK,10.75,11.5,10.0,10.8,10.85,10.7,10.8,10.77,10.623,10.672,10.525,10.623,10.593,5277700.0,56833885000.0,0.0,0.0,0.05,0.0492,0.4651
POW,2021-08-02,15:08:02,HOSE,STOCK,10.7,11.4,9.96,10.7,10.9,10.65,10.75,10.8,10.525,10.721,10.475,10.574,10.623,8168300.0,88224400000.0,0.0,0.0,0.05,0.0492,0.4673
POW,2021-07-30,15:07:01,HOSE,STOCK,10.65,11.35,9.91,10.65,10.8,10.55,10.7,10.66,10.475,10.623,10.377,10.525,10.485,7996900.0,85247060000.0,0.0,0.0,0.05,0.0492,0.4695
POW,2021-07-29,15:07:03,HOSE,STOCK,10.6,11.3,9.86,10.7,10.7,10.55,10.65,10.632,10.525,10.525,10.377,10.475,10.458,4549800.0,48375280000.0,0.0,0.0,0.05,0.0492,0.4717
POW,2021-07-28,15:07:03,HOSE,STOCK,10.8,11.55,10.05,10.7,10.8,10.6,10.6,10.68,10.525,10.623,10.426,10.426,10.505,5322700.0,56867395000.0,0.0,0.0,-0.2,-0.1967,-1.8519
POW,2021-07-27,15:07:02,HOSE,STOCK,10.5,11.2,9.77,10.6,10.95,10.55,10.8,10.77,10.426,10.77,10.377,10.623,10.593,11297500.0,121623815000.0,0.0,0.0,0.3,0.2951,2.8571
POW,2021-07-26,15:07:03,HOSE,STOCK,10.5,11.2,9.77,10.4,10.55,10.35,10.5,10.435,10.23,10.377,10.18,10.328,10.264,3884200.0,40531070000.0,0.0,0.0,0.0,0.0,0.0
POW,2021-07-23,15:07:02,HOSE,STOCK,10.35,11.05,9.63,10.4,10.75,10.4,10.5,10.57,10.23,10.574,10.23,10.328,10.397,12222200.0,129179105000.0,0.0,0.0,0.15,0.1475,1.4493
POW,2021-07-22,15:07:02,HOSE,STOCK,10.25,10.95,9.54,10.3,10.5,10.2,10.35,10.34,10.131,10.328,10.033,10.18,10.17,8910900.0,92142390000.0,0.0,0.0,0.1,0.0984,0.9756
POW,2021-07-21,15:07:01,HOSE,STOCK,10.3,11.0,9.58,10.3,10.4,10.2,10.25,10.31,10.131,10.23,10.033,10.082,10.141,4317000.0,44518240000.0,0.0,0.0,-0.05,-0.0492,-0.4854
POW,2021-07-20,15:07:02,HOSE,STOCK,10.1,10.8,9.4,10.2,10.3,10.05,10.3,10.166,10.033,10.131,9.885,10.131,9.999,7529300.0,76546615000.0,0.0,0.0,0.2,0.1967,1.9802
POW,2021-07-19,15:07:02,HOSE,STOCK,10.6,11.3,9.86,10.3,10.4,9.98,10.1,10.15,10.131,10.23,9.816,9.934,9.984,11011600.0,111794918000.0,0.0,0.0,-0.5,-0.4918,-4.717
POW,2021-07-16,15:07:02,HOSE,STOCK,10.7,11.4,9.96,10.7,10.7,10.5,10.6,10.58,10.525,10.525,10.328,10.426,10.407,5733300.0,60677300000.0,0.0,0.0,-0.1,-0.0984,-0.9346
POW,2021-07-15,15:07:01,HOSE,STOCK,10.45,11.15,9.72,10.45,10.7,10.3,10.7,10.53,10.279,10.525,10.131,10.525,10.357,5825100.0,61338715000.0,0.0,0.0,0.25,0.2459,2.3923
POW,2021-07-14,15:07:02,HOSE,STOCK,10.55,11.25,9.82,10.6,10.7,10.35,10.45,10.54,10.426,10.525,10.18,10.279,10.367,6468200.0,68164865000.0,0.0,0.0,-0.1,-0.0984,-0.9479
POW,2021-07-13,15:07:02,HOSE,STOCK,10.15,10.85,9.44,10.2,10.55,10.1,10.55,10.26,10.033,10.377,9.934,10.377,10.092,10774400.0,110596600000.0,0.0,0.0,0.4,0.3934,3.9409
POW,2021-07-12,15:07:01,HOSE,STOCK,10.8,11.55,10.05,10.8,10.85,10.05,10.15,10.25,10.623,10.672,9.885,9.984,10.082,17743200.0,181879675000.0,0.0,0.0,-0.65,-0.6394,-6.0185
POW,2021-07-09,15:07:02,HOSE,STOCK,11.35,12.1,10.6,11.3,11.3,10.8,10.8,11.07,11.115,11.115,10.623,10.623,10.889,12818700.0,141925880000.0,0.0,0.0,-0.55,-0.541,-4.8458
POW,2021-07-08,15:07:02,HOSE,STOCK,11.4,12.15,10.65,11.4,11.55,11.3,11.35,11.42,11.213,11.361,11.115,11.164,11.233,6718600.0,76739965000.0,0.0,0.0,-0.05,-0.0492,-0.4386
POW,2021-07-07,15:07:01,HOSE,STOCK,11.45,12.25,10.65,11.45,11.6,11.2,11.4,11.34,11.262,11.41,11.016,11.213,11.154,10777600.0,122208860000.0,0.0,0.0,-0.05,-0.0492,-0.4367
POW,2021-07-06,15:07:02,HOSE,STOCK,11.7,12.5,10.9,11.75,11.85,11.45,11.45,11.68,11.557,11.656,11.262,11.262,11.489,10712400.0,125132065000.0,0.0,0.0,-0.25,-0.2459,-2.1368
POW,2021-07-05,15:07:01,HOSE,STOCK,12.0,12.8,11.2,11.95,12.0,11.65,11.7,11.79,11.754,11.803,11.459,11.508,11.597,15564100.0,183565195000.0,0.0,0.0,-0.3,-0.2951,-2.5
POW,2021-07-02,15:07:02,HOSE,STOCK,12.1,12.9,11.3,12.1,12.2,12.0,12.0,12.05,11.902,12.0,11.803,11.803,11.852,6398400.0,77102110000.0,0.0,0.0,-0.1,-0.0984,-0.8264
POW,2021-07-01,15:07:01,HOSE,STOCK,12.05,12.85,11.25,12.05,12.15,11.95,12.1,12.04,11.852,11.951,11.754,11.902,11.843,7807900.0,93984850000.0,0.0,0.0,0.05,0.0492,0.4149
POW,2021-06-30,15:06:02,HOSE,STOCK,12.05,12.85,11.25,12.05,12.3,12.0,12.05,12.12,11.852,12.098,11.803,11.852,11.921,8039100.0,97398285000.0,130000.0,1664000000.0,0.0,0.0,0.0
POW,2021-06-29,15:06:01,HOSE,STOCK,12.15,13.0,11.3,12.2,12.25,12.05,12.05,12.13,12.0,12.049,11.852,11.852,11.931,7940100.0,96303505000.0,0.0,0.0,-0.1,-0.0984,-0.823
POW,2021-06-28,15:06:02,HOSE,STOCK,12.15,13.0,11.3,12.2,12.25,12.1,12.15,12.16,12.0,12.049,11.902,11.951,11.961,6854600.0,83380275000.0,0.0,0.0,0.0,0.0,0.0
POW,2021-06-25,15:06:02,HOSE,STOCK,12.15,13.0,11.3,12.15,12.25,11.95,12.15,12.09,11.951,12.049,11.754,11.951,11.892,8387300.0,101377900000.0,0.0,0.0,0.0,0.0,0.0
POW,2021-06-24,15:06:02,HOSE,STOCK,12.3,13.15,11.45,12.25,12.35,12.05,12.15,12.2,12.049,12.148,11.852,11.951,12.0,9627100.0,117447880000.0,0.0,0.0,-0.15,-0.1475,-1.2195
POW,2021-06-23,15:06:02,HOSE,STOCK,12.55,13.4,11.7,12.6,12.65,12.2,12.3,12.38,12.393,12.443,12.0,12.098,12.177,8212200.0,101696220000.0,0.0,0.0,-0.25,-0.2459,-1.992
POW,2021-06-22,15:06:01,HOSE,STOCK,12.5,13.35,11.65,12.6,12.8,12.5,12.55,12.65,12.393,12.59,12.295,12.344,12.443,13555100.0,171484345000.0,0.0,0.0,0.05,0.0492,0.4
POW,2021-06-21,15:06:02,HOSE,STOCK,12.3,13.15,11.45,12.3,12.7,12.2,12.5,12.45,12.098,12.492,12.0,12.295,12.246,17757700.0,221000075000.0,0.0,0.0,0.2,0.1967,1.626
POW,2021-06-18,15:06:02,HOSE,STOCK,12.4,13.25,11.55,12.6,12.6,12.25,12.3,12.37,12.393,12.393,12.049,12.098,12.167,9572300.0,118445530000.0,0.0,0.0,-0.1,-0.0984,-0.8065
POW,2021-06-17,15:06:01,HOSE,STOCK,12.05,12.85,11.25,11.95,12.6,11.9,12.4,12.34,11.754,12.393,11.705,12.197,12.138,16648000.0,205503070000.0,0.0,0.0,0.35,0.3443,2.9046
POW,2021-06-16,15:06:03,HOSE,STOCK,12.05,12.85,11.25,12.05,12.3,12.0,12.05,12.12,11.852,12.098,11.803,11.852,11.921,8674000.0,105158710000.0,0.0,0.0,0.0,0.0,0.0
POW,2021-06-15,15:06:02,HOSE,STOCK,12.2,13.05,11.35,12.2,12.35,12.0,12.05,12.12,12.0,12.148,11.803,11.852,11.921,7093600.0,85998245000.0,0.0,0.0,-0.15,-0.1475,-1.2295
POW,2021-06-14,15:06:03,HOSE,STOCK,12.05,12.85,11.25,12.15,12.35,12.0,12.2,12.15,11.951,12.148,11.803,12.0,11.951,10929200.0,132738430000.0,0.0,0.0,0.15,0.1475,1.2448
POW,2021-06-11,15:06:02,HOSE,STOCK,11.9,12.7,11.1,11.9,12.15,11.9,12.05,12.05,11.705,11.951,11.705,11.852,11.852,7187300.0,86574655000.0,0.0,0.0,0.15,0.1475,1.2605
POW,2021-06-10,15:06:03,HOSE,STOCK,12.1,12.9,11.3,12.1,12.2,11.8,11.9,11.96,11.902,12.0,11.607,11.705,11.764,11510500.0,137636375000.0,100000.0,1130000000.0,-0.2,-0.1967,-1.6529
POW,2021-06-09,15:06:02,HOSE,STOCK,12.1,12.9,11.3,12.0,12.2,11.8,12.1,12.07,11.803,12.0,11.607,11.902,11.872,14736400.0,177812660000.0,0.0,0.0,0.0,0.0,0.0
POW,2021-06-08,15:06:01,HOSE,STOCK,12.9,13.8,12.0,12.7,12.8,12.05,12.1,12.47,12.492,12.59,11.852,11.902,12.266,17997100.0,224392835000.0,0.0,0.0,-0.8,-0.7869,-6.2016
POW,2021-06-07,15:06:03,HOSE,STOCK,13.1,14.0,12.2,13.3,13.45,12.8,12.9,13.22,13.082,13.23,12.59,12.689,13.003,16365800.0,216352655000.0,0.0,0.0,-0.2,-0.1967,-1.5267
POW,2021-06-04,15:06:02,HOSE,STOCK,13.1,14.0,12.2,13.0,13.1,12.65,13.1,12.87,12.787,12.885,12.443,12.885,12.659,28089300.0,361565675000.0,0.0,0.0,0.0,0.0,0.0
POW,2021-06-03,15:06:01,HOSE,STOCK,11.9,12.7,11.1,11.95,12.7,11.95,12.7,12.45,11.754,12.492,11.754,12.492,12.246,29463700.0,366679510000.0,20000.0,222000000.0,0.8,0.7869,6.7227
POW,2021-06-02,15:06:04,HOSE,STOCK,12.1,12.9,11.3,12.15,12.2,11.85,11.9,12.05,11.951,12.0,11.656,11.705,11.852,10585300.0,127503985000.0,0.0,0.0,-0.2,-0.1967,-1.6529
POW,2021-06-01,15:06:03,HOSE,STOCK,11.75,12.55,10.95,12.1,12.3,12.0,12.1,12.13,11.902,12.098,11.803,11.902,11.931,15276200.0,185372155000.0,30000.0,357000000.0,0.35,0.3443,2.9787
POW,2021-05-31,15:05:01,HOSE,STOCK,11.7,12.5,10.9,11.7,11.75,11.45,11.75,11.6,11.508,11.557,11.262,11.557,11.41,10786100.0,125141760000.0,0.0,0.0,0.05,0.0492,0.4274
POW,2021-05-28,15:05:02,HOSE,STOCK,11.65,12.45,10.85,11.65,11.8,11.6,11.7,11.68,11.459,11.607,11.41,11.508,11.489,11050400.0,129053635000.0,0.0,0.0,0.05,0.0492,0.4292
POW,2021-05-27,15:05:02,HOSE,STOCK,11.65,12.45,10.85,11.75,11.85,11.55,11.65,11.68,11.557,11.656,11.361,11.459,11.489,10007800.0,116926015000.0,30000.0,363000000.0,0.0,0.0,0.0
POW,2021-05-26,15:05:02,HOSE,STOCK,11.9,12.7,11.1,11.9,11.9,11.65,11.65,11.73,11.705,11.705,11.459,11.459,11.538,10227800.0,119927695000.0,0.0,0.0,-0.25,-0.2459,-2.1008
POW,2021-05-25,15:05:03,HOSE,STOCK,11.8,12.6,11.0,12.0,12.15,11.85,11.9,11.97,11.803,11.951,11.656,11.705,11.774,8904500.0,106604875000.0,0.0,0.0,0.1,0.0984,0.8475
POW,2021-05-24,15:05:02,HOSE,STOCK,11.7,12.5,10.9,11.85,11.95,11.7,11.8,11.84,11.656,11.754,11.508,11.607,11.646,7144500.0,84562970000.0,150000.0,1635000000.0,0.1,0.0984,0.8547
POW,2021-05-21,15:05:02,HOSE,STOCK,11.45,12.25,10.65,11.45,11.95,11.3,11.7,11.61,11.262,11.754,11.115,11.508,11.42,10073200.0,116909975000.0,0.0,0.0,0.25,0.2459,2.1834
POW,2021-05-20,15:05:02,HOSE,STOCK,11.7,12.5,10.9,11.7,11.85,11.4,11.45,11.56,11.508,11.656,11.213,11.262,11.37,14892600.0,172094850000.0,0.0,0.0,-0.25,-0.2459,-2.1368
POW,2021-05-19,15:05:03,HOSE,STOCK,12.0,12.8,11.2,12.0,12.1,11.6,11.7,11.84,11.803,11.902,11.41,11.508,11.646,16967900.0,200953055000.0,235000.0,2632000000.0,-0.3,-0.2951,-2.5
POW,2021-05-18,15:05:03,HOSE,STOCK,12.15,13.0,11.3,12.1,12.25,11.95,12.0,12.06,11.902,12.049,11.754,11.803,11.862,9919200.0,119654195000.0,0.0,0.0,-0.15,-0.1475,-1.2346
POW,2021-05-17,15:05:03,HOSE,STOCK,12.25,13.1,11.4,12.3,12.5,12.15,12.15,12.23,12.098,12.295,11.951,11.951,12.03,7355700.0,89957545000.0,0.0,0.0,-0.1,-0.0984,-0.8163
POW,2021-05-14,15:05:02,HOSE,STOCK,12.2,13.05,11.35,12.35,12.55,12.2,12.25,12.34,12.148,12.344,12.0,12.049,12.138,13201700.0,162973960000.0,0.0,0.0,0.05,0.0492,0.4098
POW,2021-05-13,15:05:02,HOSE,STOCK,12.45,13.3,11.6,12.4,12.6,12.2,12.2,12.37,12.197,12.393,12.0,12.0,12.167,11655400.0,144201580000.0,0.0,0.0,-0.25,-0.2459,-2.008
POW,2021-05-12,15:05:02,HOSE,STOCK,12.3,13.15,11.45,12.3,12.55,12.3,12.45,12.4,12.098,12.344,12.098,12.246,12.197,6957000.0,86252190000.0,40000.0,482000000.0,0.15,0.1475,1.2195
POW,2021-05-11,15:05:02,HOSE,STOCK,12.2,13.05,11.35,12.3,12.65,12.15,12.3,12.39,12.098,12.443,11.951,12.098,12.187,12029400.0,149057660000.0,0.0,0.0,0.1,0.0984,0.8197
POW,2021-05-10,15:05:02,HOSE,STOCK,12.1,12.9,11.3,12.0,12.3,11.95,12.2,12.12,11.803,12.098,11.754,12.0,11.921,10027600.0,121559385000.0,180000.0,2100000000.0,0.1,0.0984,0.8264
POW,2021-05-07,15:05:03,HOSE,STOCK,12.3,13.15,11.45,12.2,12.3,12.0,12.1,12.13,12.0,12.098,11.803,11.902,11.931,10335400.0,125419870000.0,40000.0,492000000.0,-0.2,-0.1967,-1.626
POW,2021-05-06,15:05:02,HOSE,STOCK,12.7,13.55,11.85,12.7,12.8,12.3,12.3,12.48,12.492,12.59,12.098,12.098,12.275,9399100.0,117304600000.0,0.0,0.0,-0.4,-0.3934,-3.1496
POW,2021-05-05,15:05:02,HOSE,STOCK,12.05,12.85,11.25,12.15,12.85,12.15,12.7,12.58,11.951,12.639,11.951,12.492,12.374,17327900.0,218064540000.0,60000.0,756000000.0,0.65,0.6394,5.3942
POW,2021-05-04,15:05:02,HOSE,STOCK,12.3,13.15,11.45,11.95,12.15,11.9,12.05,12.04,11.754,11.951,11.705,11.852,11.843,9725200.0,117100705000.0,0.0,0.0,-0.25,-0.2459,-2.0325
POW,2021-04-29,15:04:05,HOSE,STOCK,12.2,13.05,11.35,12.4,12.45,12.2,12.3,12.29,12.197,12.246,12.0,12.098,12.089,5736700.0,70527910000.0,0.0,0.0,0.1,0.0984,0.8197
POW,2021-04-28,15:04:02,HOSE,STOCK,12.1,12.9,11.3,12.1,12.55,12.1,12.2,12.28,11.902,12.344,11.902,12.0,12.079,7027100.0,86299300000.0,0.0,0.0,0.1,0.0984,0.8264
POW,2021-04-27,15:04:02,HOSE,STOCK,12.1,12.9,11.3,12.1,12.35,11.9,12.1,12.14,11.902,12.148,11.705,11.902,11.941,8043200.0,97630110000.0,40000.0,504000000.0,0.0,0.0,0.0
POW,2021-04-26,15:04:04,HOSE,STOCK,12.6,13.45,11.75,12.75,12.75,12.05,12.1,12.36,12.541,12.541,11.852,11.902,12.157,11207300.0,138498755000.0,50000.0,672500000.0,-0.5,-0.4918,-3.9683
POW,2021-04-23,15:04:04,HOSE,STOCK,12.35,13.2,11.5,12.35,12.6,12.15,12.6,12.37,12.148,12.393,11.951,12.393,12.167,14126600.0,174722705000.0,0.0,0.0,0.25,0.2459,2.0243
POW,2021-04-22,15:04:01,HOSE,STOCK,13.0,13.9,12.1,12.85,13.0,12.35,12.35,12.74,12.639,12.787,12.148,12.148,12.531,16952500.0,216037565000.0,0.0,0.0,-0.65,-0.6394,-5.0
POW,2021-04-20,15:04:03,HOSE,STOCK,13.1,14.0,12.2,13.15,13.3,12.95,13.0,13.11,12.934,13.082,12.738,12.787,12.895,11344700.0,148752775000.0,0.0,0.0,-0.1,-0.0984,-0.7634
POW,2021-04-19,15:04:03,HOSE,STOCK,13.2,14.1,12.3,13.3,13.3,12.95,13.1,13.09,13.082,13.082,12.738,12.885,12.875,11302100.0,147934925000.0,90000.0,1260000000.0,-0.1,-0.0984,-0.7576
POW,2021-04-16,15:04:02,HOSE,STOCK,13.4,14.3,12.5,13.3,13.55,12.8,13.2,13.1,13.082,13.328,12.59,12.984,12.885,21614100.0,283150520000.0,0.0,0.0,-0.2,-0.1967,-1.4925
POW,2021-04-15,15:04:02,HOSE,STOCK,13.8,14.75,12.85,13.9,13.9,13.4,13.4,13.59,13.672,13.672,13.18,13.18,13.367,21610400.0,293656330000.0,0.0,0.0,-0.4,-0.3934,-2.8986
POW,2021-04-14,15:04:03,HOSE,STOCK,13.85,14.8,12.9,13.6,13.9,13.55,13.8,13.75,13.377,13.672,13.328,13.574,13.525,14854400.0,204234350000.0,0.0,0.0,-0.05,-0.0492,-0.361
POW,2021-04-13,15:04:04,HOSE,STOCK,14.25,15.2,13.3,14.3,14.35,13.7,13.85,14.02,14.066,14.115,13.475,13.623,13.79,16991000.0,238179020000.0,0.0,0.0,-0.4,-0.3934,-2.807
POW,2021-04-12,15:04:03,HOSE,STOCK,13.8,14.75,12.85,13.95,14.5,13.75,14.25,14.03,13.721,14.262,13.525,14.016,13.8,39387800.0,552669105000.0,0.0,0.0,0.45,0.4426,3.2609
POW,2021-04-09,15:04:03,HOSE,STOCK,13.8,14.75,12.85,13.85,13.9,13.7,13.8,13.83,13.623,13.672,13.475,13.574,13.603,13053600.0,180568925000.0,0.0,0.0,0.0,0.0,0.0
POW,2021-04-08,15:04:03,HOSE,STOCK,13.95,14.9,13.0,14.0,14.05,13.65,13.8,13.86,13.77,13.82,13.426,13.574,13.633,13369700.0,185316805000.0,0.0,0.0,-0.15,-0.1475,-1.0753
POW,2021-04-07,15:04:03,HOSE,STOCK,13.45,14.35,12.55,13.5,14.05,13.35,13.95,13.7,13.279,13.82,13.131,13.721,13.475,23912700.0,327576425000.0,0.0,0.0,0.5,0.4918,3.7175
POW,2021-04-06,15:04:03,HOSE,STOCK,13.65,14.6,12.7,13.6,13.65,13.35,13.45,13.53,13.377,13.426,13.131,13.23,13.308,13868900.0,187613865000.0,0.0,0.0,-0.2,-0.1967,-1.4652
POW,2021-04-05,15:04:03,HOSE,STOCK,13.6,14.55,12.65,13.85,13.85,13.5,13.65,13.65,13.623,13.623,13.279,13.426,13.426,12615100.0,172169035000.0,0.0,0.0,0.05,0.0492,0.3676
POW,2021-04-02,15:04:02,HOSE,STOCK,13.65,14.6,12.7,13.75,13.85,13.5,13.6,13.68,13.525,13.623,13.279,13.377,13.456,11785100.0,161224430000.0,0.0,0.0,-0.05,-0.0492,-0.3663
POW,2021-04-01,15:04:03,HOSE,STOCK,13.2,14.1,12.3,13.2,13.8,13.0,13.65,13.45,12.984,13.574,12.787,13.426,13.23,21872400.0,294140445000.0,0.0,0.0,0.45,0.4426,3.4091
POW,2021-03-31,15:03:01,HOSE,STOCK,13.2,14.1,12.3,13.0,13.4,13.0,13.2,13.18,12.787,13.18,12.787,12.984,12.964,8988500.0,118443095000.0,0.0,0.0,0.0,0.0,0.0
POW,2021-03-30,15:03:03,HOSE,STOCK,13.1,14.0,12.2,13.2,13.4,13.0,13.2,13.16,12.984,13.18,12.787,12.984,12.944,11588000.0,152553785000.0,0.0,0.0,0.1,0.0984,0.7634
POW,2021-03-29,15:03:03,HOSE,STOCK,12.7,13.55,11.85,12.95,13.25,12.7,13.1,12.94,12.738,13.033,12.492,12.885,12.728,11148900.0,144266005000.0,0.0,0.0,0.4,0.3934,3.1496
POW,2021-03-26,15:03:01,HOSE,STOCK,12.6,13.45,11.75,12.5,12.85,12.1,12.7,12.52,12.295,12.639,11.902,12.492,12.315,14529800.0,181975605000.0,0.0,0.0,0.1,0.0984,0.7937
POW,2021-03-25,15:03:03,HOSE,STOCK,12.75,13.6,11.9,12.8,13.0,12.6,12.6,12.78,12.59,12.787,12.393,12.393,12.57,13389000.0,171125750000.0,0.0,0.0,-0.15,-0.1475,-1.1765
POW,2021-03-24,15:03:02,HOSE,STOCK,13.3,14.2,12.4,12.95,13.1,12.6,12.75,12.89,12.738,12.885,12.393,12.541,12.679,24200900.0,311968300000.0,0.0,0.0,-0.55,-0.541,-4.1353
POW,2021-03-23,15:03:02,HOSE,STOCK,13.55,14.45,12.65,13.6,13.65,13.2,13.3,13.4,13.377,13.426,12.984,13.082,13.18,14109000.0,189098530000.0,0.0,0.0,-0.25,-0.2459,-1.845
POW,2021-03-22,15:03:02,HOSE,STOCK,13.4,14.3,12.5,13.5,13.7,13.45,13.55,13.56,13.279,13.475,13.23,13.328,13.338,14660600.0,198800645000.0,0.0,0.0,0.15,0.1475,1.1194
POW,2021-03-19,15:03:02,HOSE,STOCK,13.85,14.8,12.9,13.7,13.75,13.4,13.4,13.55,13.475,13.525,13.18,13.18,13.328,21629500.0,293121680000.0,0.0,0.0,-0.45,-0.4426,-3.2491
POW,2021-03-18,15:03:02,HOSE,STOCK,13.95,14.9,13.0,14.1,14.15,13.75,13.85,13.91,13.869,13.918,13.525,13.623,13.682,11404800.0,158599140000.0,0.0,0.0,-0.1,-0.0984,-0.7168
POW,2021-03-17,15:03:03,HOSE,STOCK,13.6,14.55,12.65,13.75,14.2,13.7,13.95,13.9,13.525,13.967,13.475,13.721,13.672,25717600.0,357573780000.0,0.0,0.0,0.35,0.3443,2.5735
POW,2021-03-16,15:03:02,HOSE,STOCK,13.7,14.65,12.75,13.7,13.7,13.3,13.6,13.5,13.475,13.475,13.082,13.377,13.279,20292100.0,273853910000.0,100000.0,1365000000.0,-0.1,-0.0984,-0.7299
POW,2021-03-15,15:03:03,HOSE,STOCK,13.75,14.7,12.8,13.75,13.85,13.65,13.7,13.74,13.525,13.623,13.426,13.475,13.515,15883100.0,218174105000.0,20000.0,256000000.0,-0.05,-0.0492,-0.3636
POW,2021-03-12,15:03:03,HOSE,STOCK,13.8,14.75,12.85,13.9,13.95,13.65,13.75,13.78,13.672,13.721,13.426,13.525,13.554,13528800.0,186448740000.0,0.0,0.0,-0.05,-0.0492,-0.3623
POW,2021-03-11,15:03:03,HOSE,STOCK,13.65,14.6,12.7,13.95,13.95,13.7,13.8,13.81,13.721,13.721,13.475,13.574,13.584,13652000.0,188502465000.0,100000.0,1365000000.0,0.15,0.1475,1.0989
POW,2021-03-10,15:03:03,HOSE,STOCK,13.6,14.55,12.65,13.45,14.0,13.35,13.65,13.64,13.23,13.77,13.131,13.426,13.416,22201300.0,302889675000.0,0.0,0.0,0.05,0.0492,0.3676
POW,2021-03-09,15:03:03,HOSE,STOCK,14.15,15.1,13.2,13.95,14.0,13.6,13.6,13.81,13.721,13.77,13.377,13.377,13.584,28684500.0,396052740000.0,0.0,0.0,-0.55,-0.541,-3.8869
POW,2021-03-08,15:03:02,HOSE,STOCK,13.45,14.35,12.55,14.35,14.35,14.05,14.15,14.25,14.115,14.115,13.82,13.918,14.016,34227700.0,487838005000.0,0.0,0.0,0.7,0.6885,5.2045
POW,2021-03-05,15:03:03,HOSE,STOCK,12.6,13.45,11.75,12.95,13.45,12.9,13.45,13.28,12.738,13.23,12.689,13.23,13.062,44357300.0,589145215000.0,0.0,0.0,0.85,0.8361,6.746
POW,2021-03-04,15:03:03,HOSE,STOCK,12.85,13.7,12.0,12.95,12.95,12.4,12.6,12.73,12.738,12.738,12.197,12.393,12.521,10157900.0,129356545000.0,0.0,0.0,-0.25,-0.2459,-1.9455
POW,2021-03-03,15:03:03,HOSE,STOCK,12.95,13.85,12.05,12.9,12.95,12.75,12.85,12.84,12.689,12.738,12.541,12.639,12.63,8794600.0,112926635000.0,0.0,0.0,-0.1,-0.0984,-0.7722
POW,2021-03-02,15:03:03,HOSE,STOCK,13.05,13.95,12.15,13.2,13.2,12.9,12.95,13.04,12.984,12.984,12.689,12.738,12.826,10191700.0,132893720000.0,34700.0,452835000.0,-0.1,-0.0984,-0.7663
POW,2021-03-01,15:03:01,HOSE,STOCK,12.6,13.45,11.75,12.7,13.1,12.65,13.05,12.85,12.492,12.885,12.443,12.836,12.639,10267400.0,131925045000.0,0.0,0.0,0.45,0.4426,3.5714
POW,2021-02-26,15:02:03,HOSE,STOCK,12.7,13.55,11.85,12.5,12.7,12.4,12.6,12.56,12.295,12.492,12.197,12.393,12.354,7515500.0,94421925000.0,0.0,0.0,-0.1,-0.0984,-0.7874
POW,2021-02-25,15:02:03,HOSE,STOCK,12.65,13.5,11.8,12.8,12.9,12.5,12.7,12.69,12.59,12.689,12.295,12.492,12.482,8492300.0,107781755000.0,0.0,0.0,0.05,0.0492,0.3953
POW,2021-02-24,15:02:03,HOSE,STOCK,12.85,13.7,12.0,12.95,13.05,12.5,12.65,12.78,12.738,12.836,12.295,12.443,12.57,10513000.0,134354815000.0,0.0,0.0,-0.2,-0.1967,-1.5564
POW,2021-02-23,15:02:02,HOSE,STOCK,12.9,13.8,12.0,13.0,13.05,12.75,12.85,12.88,12.787,12.836,12.541,12.639,12.669,9370900.0,120659965000.0,0.0,0.0,-0.05,-0.0492,-0.3876
POW,2021-02-22,15:02:02,HOSE,STOCK,13.05,13.95,12.15,13.05,13.15,12.85,12.9,13.01,12.836,12.934,12.639,12.689,12.797,9439200.0,122787295000.0,0.0,0.0,-0.15,-0.1475,-1.1494
POW,2021-02-19,15:02:03,HOSE,STOCK,13.05,13.95,12.15,12.9,13.3,12.9,13.05,13.09,12.689,13.082,12.689,12.836,12.875,8101200.0,106067250000.0,0.0,0.0,0.0,0.0,0.0
POW,2021-02-18,15:02:03,HOSE,STOCK,13.0,13.9,12.1,13.15,13.3,12.8,13.05,13.12,12.934,13.082,12.59,12.836,12.905,11708900.0,153678650000.0,0.0,0.0,0.05,0.0492,0.3846
POW,2021-02-17,15:02:03,HOSE,STOCK,12.35,13.2,11.5,12.65,13.0,12.5,13.0,12.77,12.443,12.787,12.295,12.787,12.561,9935900.0,126919900000.0,0.0,0.0,0.65,0.6394,5.2632
POW,2021-02-09,15:02:03,HOSE,STOCK,12.15,13.0,11.3,12.3,12.45,11.9,12.35,12.26,12.098,12.246,11.705,12.148,12.059,7941500.0,97329935000.0,0.0,0.0,0.2,0.1967,1.6461
POW,2021-02-08,15:02:02,HOSE,STOCK,12.7,13.55,11.85,12.65,12.8,11.9,12.15,12.36,12.443,12.59,11.705,11.951,12.157,12156400.0,150206665000.0,0.0,0.0,-0.55,-0.541,-4.3307
POW,2021-02-05,15:02:03,HOSE,STOCK,12.6,13.45,11.75,12.6,12.8,12.5,12.7,12.66,12.393,12.59,12.295,12.492,12.452,5998400.0,75933325000.0,97400.0,1227240000.0,0.1,0.0984,0.7937
POW,2021-02-04,15:02:02,HOSE,STOCK,12.45,13.3,11.6,12.8,12.95,12.45,12.6,12.66,12.59,12.738,12.246,12.393,12.452,15551800.0,196937515000.0,0.0,0.0,0.15,0.1475,1.2048
POW,2021-02-03,15:02:02,HOSE,STOCK,11.65,12.45,10.85,12.0,12.45,11.9,12.45,12.34,11.803,12.246,11.705,12.246,12.138,16931600.0,208864410000.0,26900.0,313385000.0,0.8,0.7869,6.867
POW,2021-02-02,15:02:02,HOSE,STOCK,11.5,12.3,10.7,11.5,11.8,11.25,11.65,11.6,11.311,11.607,11.066,11.459,11.41,9166200.0,106295530000.0,1097400.0,12649320000.0,0.15,0.1475,1.3043
POW,2021-02-01,15:02:02,HOSE,STOCK,11.9,12.7,11.1,11.85,12.35,11.5,11.5,11.94,11.656,12.148,11.311,11.311,11.744,12195500.0,145631100000.0,143200.0,1706788000.0,-0.4,-0.3934,-3.3613
POW,2021-01-29,15:01:03,HOSE,STOCK,11.95,12.75,11.15,11.15,12.5,11.15,11.9,11.78,10.967,12.295,10.967,11.705,11.587,12247000.0,144311655000.0,0.0,0.0,-0.05,-0.0492,-0.4184
POW,2021-01-28,15:01:02,HOSE,STOCK,12.8,13.65,11.95,11.95,12.3,11.95,11.95,11.99,11.754,12.098,11.754,11.754,11.793,9377000.0,112414120000.0,1000000.0,13500000000.0,-0.85,-0.8361,-6.6406
POW,2021-01-27,15:01:03,HOSE,STOCK,13.5,14.4,12.6,13.1,13.55,12.6,12.8,12.95,12.885,13.328,12.393,12.59,12.738,14521900.0,187989725000.0,0.0,0.0,-0.7,-0.6885,-5.1852
POW,2021-01-26,15:01:02,HOSE,STOCK,14.15,15.1,13.2,14.2,14.2,13.2,13.5,13.8,13.967,13.967,12.984,13.279,13.574,10346400.0,142799515000.0,35000.0,502250000.0,-0.65,-0.6394,-4.5936
POW,2021-01-25,15:01:03,HOSE,STOCK,14.35,15.35,13.35,14.15,14.45,14.1,14.15,14.26,13.918,14.213,13.869,13.918,14.026,7333100.0,104576065000.0,1000000.0,13500000000.0,-0.2,-0.1967,-1.3937
POW,2021-01-22,15:01:03,HOSE,STOCK,14.35,15.35,13.35,14.35,14.75,14.15,14.35,14.44,14.115,14.508,13.918,14.115,14.203,11368400.0,164180295000.0,0.0,0.0,0.0,0.0,0.0
POW,2021-01-21,15:01:03,HOSE,STOCK,14.0,14.95,13.05,14.3,14.6,13.95,14.35,14.25,14.066,14.361,13.721,14.115,14.016,10056900.0,143345465000.0,0.0,0.0,0.35,0.3443,2.5
POW,2021-01-20,15:01:03,HOSE,STOCK,13.85,14.8,12.9,14.05,14.25,13.1,14.0,13.74,13.82,14.016,12.885,13.77,13.515,13429400.0,184459820000.0,400000.0,5920000000.0,0.15,0.1475,1.083
POW,2021-01-19,15:01:02,HOSE,STOCK,14.75,15.75,13.75,14.8,15.1,13.75,13.85,14.54,14.557,14.852,13.525,13.623,14.302,16957800.0,246531870000.0,1585500.0,23386125000.0,-0.9,-0.8852,-6.1017
POW,2021-01-18,15:01:03,HOSE,STOCK,14.35,15.35,13.35,14.5,15.2,14.35,14.75,14.74,14.262,14.951,14.115,14.508,14.498,16600500.0,244650730000.0,0.0,0.0,0.4,0.3934,2.7875
POW,2021-01-15,15:01:03,HOSE,STOCK,14.2,15.15,13.25,14.2,14.6,14.2,14.35,14.34,13.967,14.361,13.967,14.115,14.105,11154600.0,159914520000.0,0.0,0.0,0.15,0.1475,1.0563
POW,2021-01-14,15:01:03,HOSE,STOCK,14.2,15.15,13.25,14.2,14.3,13.9,14.2,14.06,13.967,14.066,13.672,13.967,13.83,13572300.0,190822365000.0,0.0,0.0,0.0,0.0,0.0
POW,2021-01-13,15:01:02,HOSE,STOCK,14.6,15.6,13.6,14.6,14.6,14.2,14.2,14.45,14.361,14.361,13.967,13.967,14.213,12927200.0,186749460000.0,900000.0,12240000000.0,-0.4,-0.3934,-2.7397
POW,2021-01-12,15:01:03,HOSE,STOCK,14.6,15.6,13.6,14.75,14.75,14.35,14.6,14.58,14.508,14.508,14.115,14.361,14.341,10218500.0,149006035000.0,0.0,0.0,0.0,0.0,0.0
POW,2021-01-11,15:01:02,HOSE,STOCK,13.95,14.9,13.0,14.1,14.65,14.05,14.6,14.3,13.869,14.41,13.82,14.361,14.066,14990800.0,214310145000.0,200000.0,2980000000.0,0.65,0.6394,4.6595
POW,2021-01-08,15:01:03,HOSE,STOCK,14.0,14.95,13.05,14.2,14.2,13.8,13.95,13.95,13.967,13.967,13.574,13.721,13.721,17665900.0,246448815000.0,700000.0,10430000000.0,-0.05,-0.0492,-0.3571
POW,2021-01-07,15:01:03,HOSE,STOCK,13.9,14.85,12.95,13.9,14.2,13.65,14.0,13.83,13.672,13.967,13.426,13.77,13.603,18878300.0,261012690000.0,369200.0,5126996000.0,0.1,0.0984,0.7194
POW,2021-01-06,15:01:01,HOSE,STOCK,14.2,15.15,13.25,14.35,14.4,13.8,13.9,14.08,14.115,14.164,13.574,13.672,13.849,15814800.0,222637850000.0,0.0,0.0,-0.3,-0.2951,-2.1127
POW,2021-01-05,15:01:03,HOSE,STOCK,14.1,15.05,13.15,13.95,14.4,13.9,14.2,14.21,13.721,14.164,13.672,13.967,13.977,9595700.0,136327965000.0,0.0,0.0,0.1,0.0984,0.7092
POW,2021-01-04,15:01:01,HOSE,STOCK,13.6,14.55,12.65,13.9,14.35,13.75,14.1,14.09,13.672,14.115,13.525,13.869,13.859,13808900.0,194554335000.0,0.0,0.0,0.5,0.4918,3.6765
POW,2020-12-31,15:12:03,HOSE,STOCK,13.4,14.3,12.5,13.35,13.7,13.2,13.6,13.49,13.131,13.475,12.984,13.377,13.269,11085450.0,149533842000.0,0.0,0.0,0.2,0.1967,1.4925
POW,2020-12-30,15:12:02,HOSE,STOCK,13.45,14.35,12.55,13.45,13.8,13.3,13.4,13.46,13.23,13.574,13.082,13.18,13.239,9297180.0,125184447000.0,0.0,0.0,-0.05,-0.0492,-0.3717
POW,2020-12-29,15:12:03,HOSE,STOCK,13.15,14.05,12.25,13.15,13.7,13.0,13.45,13.47,12.934,13.475,12.787,13.23,13.249,14995030.0,201929613000.0,0.0,0.0,0.3,0.2951,2.2814
POW,2020-12-28,15:12:02,HOSE,STOCK,12.3,13.15,11.45,12.5,13.15,12.4,13.15,12.9,12.295,12.934,12.197,12.934,12.689,27388490.0,353272800000.0,0.0,0.0,0.85,0.836,6.9106
POW,2020-12-25,15:12:01,HOSE,STOCK,12.1,12.9,11.3,12.1,12.35,11.85,12.3,12.13,11.902,12.148,11.656,12.098,11.931,9386900.0,113841215500.0,0.0,0.0,0.2,0.1967,1.6529
POW,2020-12-24,15:12:03,HOSE,STOCK,12.4,13.25,11.55,12.6,12.65,11.65,12.1,12.1,12.393,12.443,11.459,11.902,11.902,11334320.0,137120539000.0,0.0,0.0,-0.3,-0.2951,-2.4194
POW,2020-12-23,15:12:01,HOSE,STOCK,12.2,13.05,11.35,12.4,12.75,12.35,12.4,12.61,12.197,12.541,12.148,12.197,12.403,18064820.0,227732318500.0,0.0,0.0,0.2,0.1967,1.6393
POW,2020-12-22,15:12:02,HOSE,STOCK,12.0,12.8,11.2,12.0,12.2,11.8,12.2,11.96,11.803,12.0,11.607,12.0,11.764,17743390.0,212144511000.0,0.0,0.0,0.2,0.1967,1.6667
POW,2020-12-21,15:12:02,HOSE,STOCK,12.0,12.8,11.2,12.15,12.25,11.9,12.0,12.04,11.951,12.049,11.705,11.803,11.843,11351360.0,136675926000.0,0.0,0.0,0.0,0.0,0.0
POW,2020-12-18,15:12:04,HOSE,STOCK,11.85,12.65,11.05,12.0,12.1,11.9,12.0,12.0,11.803,11.902,11.705,11.803,11.803,12964810.0,155568099500.0,0.0,0.0,0.15,0.1475,1.2658
POW,2020-12-17,15:12:02,HOSE,STOCK,11.7,12.5,10.9,11.7,12.35,11.65,11.85,12.01,11.508,12.148,11.459,11.656,11.813,19076180.0,229012661500.0,0.0,0.0,0.15,0.1475,1.2821
POW,2020-12-16,15:12:02,HOSE,STOCK,11.65,12.45,10.85,11.65,11.8,11.55,11.7,11.68,11.459,11.607,11.361,11.508,11.489,11036240.0,128884491500.0,0.0,0.0,0.05,0.0492,0.4292
POW,2020-12-15,15:12:02,HOSE,STOCK,11.9,12.7,11.1,11.8,11.9,11.6,11.65,11.73,11.607,11.705,11.41,11.459,11.538,12485670.0,146478685500.0,0.0,0.0,-0.25,-0.2459,-2.1008
POW,2020-12-14,15:12:02,HOSE,STOCK,11.65,12.45,10.85,11.75,11.95,11.65,11.9,11.8,11.557,11.754,11.459,11.705,11.607,14781700.0,174457673500.0,0.0,0.0,0.25,0.2459,2.1459
POW,2020-12-11,15:12:03,HOSE,STOCK,11.3,12.05,10.55,11.4,11.65,11.3,11.65,11.5,11.213,11.459,11.115,11.459,11.311,11348420.0,130451583500.0,0.0,0.0,0.35,0.3443,3.0973
POW,2020-12-10,15:12:02,HOSE,STOCK,11.4,12.15,10.65,11.5,11.6,11.25,11.3,11.4,11.311,11.41,11.066,11.115,11.213,9616650.0,109613067000.0,0.0,0.0,-0.1,-0.0984,-0.8772
POW,2020-12-09,15:12:02,HOSE,STOCK,11.35,12.1,10.6,11.35,11.8,11.3,11.4,11.57,11.164,11.607,11.115,11.213,11.38,16813760.0,194486194000.0,0.0,0.0,0.05,0.0492,0.4405
POW,2020-12-08,15:12:02,HOSE,STOCK,11.45,12.25,10.65,11.5,11.6,11.2,11.35,11.38,11.311,11.41,11.016,11.164,11.193,13862110.0,157761666500.0,0.0,0.0,-0.1,-0.0984,-0.8734
POW,2020-12-07,15:12:02,HOSE,STOCK,11.55,12.35,10.75,11.4,11.7,11.4,11.45,11.51,11.213,11.508,11.213,11.262,11.321,11900730.0,136941256500.0,0.0,0.0,-0.1,-0.0984,-0.8658
POW,2020-12-04,15:12:02,HOSE,STOCK,11.4,12.15,10.65,11.25,11.85,11.1,11.55,11.33,11.066,11.656,10.918,11.361,11.144,15525080.0,175951898500.0,0.0,0.0,0.15,0.1475,1.3158
POW,2020-12-03,15:12:02,HOSE,STOCK,10.8,11.55,10.05,11.1,11.55,11.0,11.4,11.34,10.918,11.361,10.82,11.213,11.154,21963320.0,249135580500.0,0.0,0.0,0.6,0.5902,5.5556
POW,2020-12-02,15:12:02,HOSE,STOCK,10.1,10.8,9.4,10.1,10.8,10.1,10.8,10.54,9.934,10.623,9.934,10.623,10.367,24761720.0,261072467500.0,0.0,0.0,0.7,0.6885,6.9307
POW,2020-12-01,15:12:02,HOSE,STOCK,10.1,10.8,9.4,10.0,10.2,9.9,10.1,10.06,9.836,10.033,9.738,9.934,9.895,8243970.0,82933300100.0,0.0,0.0,0.0,0.0,0.0
POW,2020-11-30,15:11:02,HOSE,STOCK,10.25,10.95,9.54,10.35,10.35,10.1,10.1,10.24,10.18,10.18,9.934,9.934,10.072,6046730.0,61938000000.0,0.0,0.0,-0.15,-0.1475,-1.4634
POW,2020-11-27,15:11:03,HOSE,STOCK,9.88,10.55,9.19,9.96,10.35,9.96,10.25,10.23,9.797,10.18,9.797,10.082,10.062,19544810.0,200013020600.0,0.0,0.0,0.37,0.3639,3.7449
POW,2020-11-26,15:11:02,HOSE,STOCK,9.86,10.55,9.17,9.86,9.95,9.8,9.88,9.89,9.698,9.787,9.639,9.718,9.728,3336750.0,33000651700.0,0.0,0.0,0.02,0.0197,0.2028
POW,2020-11-25,15:11:02,HOSE,STOCK,9.9,10.55,9.21,9.9,9.98,9.84,9.86,9.88,9.738,9.816,9.679,9.698,9.718,4487940.0,44359249000.0,0.0,0.0,-0.04,-0.0393,-0.404
POW,2020-11-24,15:11:02,HOSE,STOCK,9.95,10.6,9.26,10.0,10.0,9.84,9.9,9.92,9.836,9.836,9.679,9.738,9.757,4645630.0,46098811700.0,0.0,0.0,-0.05,-0.0492,-0.5025
POW,2020-11-23,15:11:02,HOSE,STOCK,9.88,10.55,9.19,9.94,10.05,9.91,9.95,9.96,9.777,9.885,9.748,9.787,9.797,6737920.0,67131540100.0,0.0,0.0,0.07,0.0689,0.7085
POW,2020-11-20,15:11:02,HOSE,STOCK,9.85,10.5,9.17,9.9,9.96,9.86,9.88,9.9,9.738,9.797,9.698,9.718,9.738,5255050.0,52016560300.0,0.0,0.0,0.03,0.0295,0.3046
POW,2020-11-19,15:11:03,HOSE,STOCK,9.73,10.4,9.05,9.75,9.89,9.72,9.85,9.84,9.59,9.728,9.561,9.689,9.679,6105850.0,60073522200.0,0.0,0.0,0.12,0.118,1.2333
POW,2020-11-18,15:11:02,HOSE,STOCK,9.65,10.3,8.98,9.8,9.8,9.7,9.73,9.75,9.639,9.639,9.541,9.57,9.59,6919760.0,67452183000.0,0.0,0.0,0.08,0.0787,0.829
POW,2020-11-17,15:11:02,HOSE,STOCK,9.8,10.45,9.12,9.9,10.0,9.86,9.95,9.94,9.445,9.539,9.406,9.492,9.482,4452930.0,44276759200.0,0.0,0.0,0.15,0.1431,1.5306
POW,2020-11-16,15:11:02,HOSE,STOCK,10.0,10.7,9.3,10.05,10.1,9.6,9.8,9.93,9.587,9.634,9.158,9.349,9.473,6044390.0,60027226400.0,0.0,0.0,-0.2,-0.1908,-2.0
POW,2020-11-13,15:11:02,HOSE,STOCK,9.96,10.65,9.27,9.98,10.05,9.96,10.0,9.99,9.52,9.587,9.502,9.539,9.53,3946820.0,39418589900.0,0.0,0.0,0.04,0.0382,0.4016
POW,2020-11-12,15:11:02,HOSE,STOCK,9.9,10.55,9.21,9.95,10.0,9.93,9.96,9.97,9.492,9.539,9.473,9.502,9.51,2591170.0,25832605000.0,0.0,0.0,0.06,0.0572,0.6061
POW,2020-11-11,15:11:02,HOSE,STOCK,10.0,10.7,9.3,10.0,10.05,9.89,9.9,9.97,9.539,9.587,9.435,9.445,9.51,5392480.0,53759691900.0,0.0,0.0,-0.1,-0.0954,-1.0
POW,2020-11-10,15:11:02,HOSE,STOCK,10.05,10.75,9.35,10.2,10.2,9.99,10.0,10.07,9.73,9.73,9.53,9.539,9.606,5592880.0,56306240500.0,0.0,0.0,-0.05,-0.0477,-0.4975
POW,2020-11-09,15:11:02,HOSE,STOCK,9.78,10.45,9.1,9.88,10.05,9.85,10.05,9.94,9.425,9.587,9.396,9.587,9.482,5254870.0,52227115700.0,0.0,0.0,0.27,0.2576,2.7607
POW,2020-11-06,15:11:02,HOSE,STOCK,9.77,10.45,9.09,9.77,9.81,9.72,9.78,9.77,9.32,9.358,9.272,9.33,9.32,2033990.0,19863583100.0,0.0,0.0,0.01,0.0095,0.1024
POW,2020-11-05,15:11:02,HOSE,STOCK,9.84,10.5,9.16,9.85,9.86,9.76,9.77,9.8,9.396,9.406,9.311,9.32,9.349,3329460.0,32627037100.0,0.0,0.0,-0.07,-0.0668,-0.7114
POW,2020-11-04,15:11:02,HOSE,STOCK,9.7,10.35,9.03,9.7,9.95,9.66,9.84,9.81,9.254,9.492,9.215,9.387,9.358,5480690.0,53753256400.0,0.0,0.0,0.14,0.1336,1.4433
POW,2020-11-03,15:11:02,HOSE,STOCK,9.5,10.15,8.84,9.6,9.73,9.55,9.7,9.63,9.158,9.282,9.11,9.254,9.187,2808170.0,27052177600.0,0.0,0.0,0.2,0.1908,2.1053
POW,2020-11-02,15:11:01,HOSE,STOCK,9.4,10.05,8.75,9.4,9.55,9.4,9.5,9.49,8.968,9.11,8.968,9.063,9.053,2665030.0,25299304400.0,0.0,0.0,0.1,0.0954,1.0638
POW,2020-10-30,15:10:03,HOSE,STOCK,9.59,10.25,8.92,9.75,9.75,9.35,9.4,9.48,9.301,9.301,8.919,8.968,9.043,7354330.0,69734061900.0,0.0,0.0,-0.19,-0.1813,-1.9812
POW,2020-10-29,15:10:01,HOSE,STOCK,9.68,10.35,9.01,9.55,9.77,9.53,9.59,9.6,9.11,9.32,9.091,9.149,9.158,6089210.0,58481639200.0,0.0,0.0,-0.09,-0.0859,-0.9298
POW,2020-10-28,15:10:02,HOSE,STOCK,9.91,10.6,9.22,9.9,9.94,9.66,9.68,9.8,9.445,9.482,9.215,9.234,9.349,6636170.0,65061294500.0,0.0,0.0,-0.23,-0.2194,-2.3209
POW,2020-10-27,15:10:03,HOSE,STOCK,10.1,10.8,9.4,10.05,10.1,9.91,9.91,9.98,9.587,9.634,9.453,9.453,9.52,10985620.0,109662720800.0,0.0,0.0,-0.19,-0.1812,-1.8812
POW,2020-10-26,15:10:02,HOSE,STOCK,10.3,11.0,9.58,10.3,10.35,10.1,10.1,10.17,9.825,9.873,9.634,9.634,9.701,5099730.0,51887208000.0,0.0,0.0,-0.2,-0.1908,-1.9417
POW,2020-10-23,15:10:03,HOSE,STOCK,10.35,11.05,9.63,10.4,10.45,10.2,10.3,10.3,9.921,9.969,9.73,9.825,9.825,2577600.0,26555462500.0,0.0,0.0,-0.05,-0.0477,-0.4831
POW,2020-10-22,15:10:02,HOSE,STOCK,10.15,10.85,9.44,10.2,10.4,10.15,10.35,10.29,9.73,9.921,9.683,9.873,9.816,6070070.0,62454535500.0,0.0,0.0,0.2,0.1908,1.9704
POW,2020-10-21,15:10:02,HOSE,STOCK,10.2,10.9,9.49,10.2,10.25,10.15,10.15,10.2,9.73,9.778,9.683,9.683,9.73,2587590.0,26381577500.0,0.0,0.0,-0.05,-0.0477,-0.4902
POW,2020-10-20,15:10:02,HOSE,STOCK,10.15,10.85,9.44,10.25,10.25,10.1,10.2,10.164,9.778,9.778,9.634,9.73,9.696,4923960.0,50047396500.0,0.0,0.0,0.05,0.0477,0.4926
POW,2020-10-19,15:10:03,HOSE,STOCK,10.3,11.0,9.58,10.4,10.4,10.1,10.15,10.18,9.921,9.921,9.634,9.683,9.711,6144040.0,62541741500.0,0.0,0.0,-0.15,-0.1431,-1.4563
POW,2020-10-16,15:10:02,HOSE,STOCK,10.15,10.85,9.44,10.2,10.45,10.1,10.3,10.27,9.73,9.969,9.634,9.825,9.797,4795660.0,49235362500.0,0.0,0.0,0.15,0.1431,1.4778
POW,2020-10-15,15:10:01,HOSE,STOCK,10.2,10.9,9.49,10.2,10.3,10.1,10.15,10.16,9.73,9.825,9.634,9.683,9.692,6120520.0,62180409000.0,0.0,0.0,-0.05,-0.0477,-0.4902
POW,2020-10-14,15:10:03,HOSE,STOCK,10.25,10.95,9.54,10.3,10.35,10.1,10.2,10.209,9.825,9.873,9.634,9.73,9.739,8209070.0,83802944500.0,0.0,0.0,-0.05,-0.0477,-0.4878
POW,2020-10-13,15:10:02,HOSE,STOCK,10.35,11.05,9.63,10.4,10.4,10.25,10.25,10.298,9.921,9.921,9.778,9.778,9.824,3308250.0,34066983500.0,0.0,0.0,-0.1,-0.0954,-0.9662
POW,2020-10-12,15:10:02,HOSE,STOCK,10.55,11.25,9.82,10.6,10.7,10.3,10.35,10.46,10.111,10.207,9.825,9.873,9.979,6611940.0,69179885000.0,0.0,0.0,-0.2,-0.1908,-1.8957
POW,2020-10-09,15:10:02,HOSE,STOCK,10.5,11.2,9.77,10.6,10.75,10.5,10.55,10.63,10.111,10.255,10.016,10.064,10.14,4068630.0,43248835500.0,0.0,0.0,0.05,0.0477,0.4762
POW,2020-10-08,15:10:02,HOSE,STOCK,10.55,11.25,9.82,10.65,10.65,10.45,10.5,10.53,10.16,10.16,9.969,10.016,10.046,6586690.0,69369044000.0,0.0,0.0,-0.05,-0.0477,-0.4739
POW,2020-10-07,15:10:02,HOSE,STOCK,10.75,11.5,10.0,10.7,10.8,10.55,10.55,10.64,10.207,10.302,10.064,10.064,10.15,8011390.0,85269335000.0,0.0,0.0,-0.2,-0.1908,-1.8605
POW,2020-10-06,15:10:02,HOSE,STOCK,10.9,11.65,10.15,10.95,10.95,10.7,10.75,10.79,10.446,10.446,10.207,10.255,10.293,6445070.0,69571414000.0,0.0,0.0,-0.15,-0.1431,-1.3761
POW,2020-10-05,15:10:03,HOSE,STOCK,10.6,11.3,9.86,10.85,11.0,10.75,10.9,10.9,10.35,10.493,10.255,10.398,10.398,6133970.0,66843186500.0,0.0,0.0,0.3,0.2862,2.8302
POW,2020-10-02,15:10:02,HOSE,STOCK,10.3,11.0,9.58,10.35,10.8,10.3,10.6,10.58,9.873,10.302,9.825,10.111,10.093,18218010.0,192697259000.0,0.0,0.0,0.3,0.2862,2.9126
POW,2020-10-01,15:10:02,HOSE,STOCK,10.25,10.95,9.54,10.3,10.35,10.2,10.3,10.29,9.825,9.873,9.73,9.825,9.816,5052340.0,52004354500.0,0.0,0.0,0.05,0.0477,0.4878
POW,2020-09-30,15:09:02,HOSE,STOCK,10.15,10.85,9.44,10.15,10.35,10.15,10.25,10.26,9.683,9.873,9.683,9.778,9.788,3394810.0,34815508500.0,0.0,0.0,0.1,0.0954,0.9852
POW,2020-09-29,15:09:03,HOSE,STOCK,10.15,10.85,9.44,10.25,10.4,10.15,10.15,10.31,9.778,9.921,9.683,9.683,9.835,9799620.0,101005339000.0,0.0,0.0,0.0,0.0,0.0
POW,2020-09-28,15:09:02,HOSE,STOCK,10.15,10.85,9.44,10.2,10.25,10.1,10.15,10.16,9.73,9.778,9.634,9.683,9.692,4881850.0,49610084500.0,0.0,0.0,0.0,0.0,0.0
POW,2020-09-25,15:09:02,HOSE,STOCK,10.25,10.95,9.54,10.3,10.3,10.1,10.15,10.19,9.825,9.825,9.634,9.683,9.721,2824500.0,28782923000.0,0.0,0.0,-0.1,-0.0954,-0.9756
POW,2020-09-24,15:09:03,HOSE,STOCK,10.4,11.1,9.68,10.4,10.5,10.2,10.25,10.33,9.921,10.016,9.73,9.778,9.855,4775560.0,49336790000.0,0.0,0.0,-0.15,-0.1431,-1.4423
POW,2020-09-23,15:09:03,HOSE,STOCK,10.0,10.7,9.3,10.1,10.4,10.05,10.4,10.26,9.634,9.921,9.587,9.921,9.788,12209340.0,125311026000.0,0.0,0.0,0.4,0.3816,4.0
POW,2020-09-22,15:09:05,HOSE,STOCK,10.1,10.8,9.4,10.05,10.1,10.0,10.0,10.03,9.587,9.634,9.539,9.539,9.569,5109720.0,51259079000.0,0.0,0.0,-0.1,-0.0954,-0.9901
POW,2020-09-21,15:09:03,HOSE,STOCK,10.0,10.7,9.3,10.1,10.15,10.0,10.1,10.06,9.634,9.683,9.539,9.634,9.597,4680630.0,47104408500.0,0.0,0.0,0.1,0.0954,1.0
POW,2020-09-18,15:09:02,HOSE,STOCK,10.0,10.7,9.3,10.05,10.1,9.99,10.0,10.01,9.587,9.634,9.53,9.539,9.549,7011680.0,70200859800.0,0.0,0.0,0.0,0.0,0.0
POW,2020-09-17,15:09:03,HOSE,STOCK,10.15,10.85,9.44,10.15,10.2,10.0,10.0,10.08,9.683,9.73,9.539,9.539,9.616,2820640.0,28430284500.0,0.0,0.0,-0.15,-0.1431,-1.4778
POW,2020-09-16,15:09:03,HOSE,STOCK,10.15,10.85,9.44,10.15,10.2,10.05,10.15,10.14,9.683,9.73,9.587,9.683,9.673,1159380.0,11756003000.0,0.0,0.0,0.0,0.0,0.0
POW,2020-09-15,15:09:03,HOSE,STOCK,10.0,10.7,9.3,10.0,10.2,10.0,10.15,10.1,9.539,9.73,9.539,9.683,9.634,4040120.0,40810877000.0,0.0,0.0,0.15,0.1431,1.5
POW,2020-09-14,15:09:02,HOSE,STOCK,10.0,10.7,9.3,10.0,10.1,9.99,10.0,10.01,9.539,9.634,9.53,9.539,9.549,4308150.0,43113748900.0,0.0,0.0,0.0,0.0,0.0
POW,2020-09-11,15:09:05,HOSE,STOCK,10.05,10.75,9.35,10.0,10.1,9.96,10.0,10.01,9.539,9.634,9.502,9.539,9.549,4063310.0,40658794500.0,0.0,0.0,-0.05,-0.0477,-0.4975
POW,2020-09-10,15:09:03,HOSE,STOCK,10.0,10.7,9.3,10.05,10.15,10.0,10.05,10.07,9.587,9.683,9.539,9.587,9.606,1980990.0,19951042000.0,0.0,0.0,0.05,0.0477,0.5
POW,2020-09-09,15:09:01,HOSE,STOCK,10.05,10.75,9.35,9.9,10.05,9.89,10.0,9.98,9.445,9.587,9.435,9.539,9.52,2351140.0,23455131300.0,0.0,0.0,-0.05,-0.0477,-0.4975
POW,2020-09-08,15:09:05,HOSE,STOCK,10.05,10.75,9.35,10.05,10.1,9.97,10.05,10.02,9.587,9.634,9.51,9.587,9.559,5113310.0,51246279700.0,0.0,0.0,0.0,0.0,0.0
POW,2020-09-07,15:09:02,HOSE,STOCK,10.4,11.1,9.68,10.4,10.45,10.05,10.05,10.2,9.921,9.969,9.587,9.587,9.73,3614980.0,36855771000.0,0.0,0.0,-0.35,-0.3339,-3.3654
POW,2020-09-04,15:09:03,HOSE,STOCK,10.5,11.2,9.77,10.3,10.45,10.25,10.4,10.36,9.825,9.969,9.778,9.921,9.883,2306270.0,23891081500.0,0.0,0.0,-0.1,-0.0954,-0.9524
POW,2020-09-03,15:09:02,HOSE,STOCK,10.05,10.75,9.35,10.1,10.5,10.05,10.5,10.35,9.634,10.016,9.587,10.016,9.873,9666670.0,100019861500.0,0.0,0.0,0.45,0.4293,4.4776
POW,2020-09-01,15:09:02,HOSE,STOCK,10.05,10.75,9.35,10.05,10.1,9.98,10.05,10.03,9.587,9.634,9.52,9.587,9.569,2752820.0,27616636800.0,0.0,0.0,0.0,0.0,0.0
POW,2020-08-31,15:08:04,HOSE,STOCK,10.1,10.8,9.4,10.15,10.2,10.0,10.05,10.09,9.683,9.73,9.539,9.587,9.626,2433320.0,24540644500.0,0.0,0.0,-0.05,-0.0477,-0.495
POW,2020-08-28,15:08:03,HOSE,STOCK,10.05,10.75,9.35,10.1,10.25,10.1,10.1,10.17,9.634,9.778,9.634,9.634,9.701,4044750.0,41136051000.0,0.0,0.0,0.05,0.0477,0.4975
POW,2020-08-27,15:08:04,HOSE,STOCK,10.05,10.75,9.35,10.1,10.2,10.05,10.05,10.13,9.634,9.73,9.587,9.587,9.664,2666720.0,27012263500.0,0.0,0.0,0.0,0.0,0.0
POW,2020-08-26,15:08:04,HOSE,STOCK,10.0,10.7,9.3,10.0,10.15,9.95,10.05,10.06,9.539,9.683,9.492,9.587,9.597,3805950.0,38269009300.0,0.0,0.0,0.05,0.0477,0.5
POW,2020-08-25,15:08:03,HOSE,STOCK,10.1,10.8,9.4,10.1,10.2,10.0,10.0,10.04,9.634,9.73,9.539,9.539,9.577,3296630.0,33109531000.0,0.0,0.0,-0.1,-0.0954,-0.9901
POW,2020-08-24,15:08:03,HOSE,STOCK,10.05,10.75,9.35,10.15,10.15,10.0,10.1,10.07,9.683,9.683,9.539,9.634,9.606,3766280.0,37930649000.0,0.0,0.0,0.05,0.0477,0.4975
POW,2020-08-21,15:08:03,HOSE,STOCK,10.0,10.7,9.3,10.05,10.1,9.95,10.05,10.0,9.587,9.634,9.492,9.587,9.539,1750300.0,17501760800.0,0.0,0.0,0.05,0.0477,0.5
POW,2020-08-20,15:08:03,HOSE,STOCK,10.2,10.9,9.49,10.2,10.2,9.95,10.0,10.04,9.73,9.73,9.492,9.539,9.577,3244160.0,32585550200.0,0.0,0.0,-0.2,-0.1908,-1.9608
POW,2020-08-19,15:08:02,HOSE,STOCK,9.88,10.55,9.19,9.9,10.2,9.5,10.2,10.0,9.445,9.73,9.063,9.73,9.539,3988970.0,39904859200.0,0.0,0.0,0.32,0.3053,3.2389
POW,2020-08-18,15:08:03,HOSE,STOCK,9.86,10.55,9.17,9.85,9.94,9.82,9.88,9.88,9.396,9.482,9.368,9.425,9.425,1150340.0,11364842100.0,0.0,0.0,0.02,0.0191,0.2028
POW,2020-08-17,15:08:02,HOSE,STOCK,9.99,10.65,9.3,10.0,10.0,9.8,9.86,9.89,9.539,9.539,9.349,9.406,9.435,2572150.0,25436066700.0,0.0,0.0,-0.13,-0.124,-1.3013
POW,2020-08-14,15:08:02,HOSE,STOCK,9.94,10.6,9.25,10.0,10.15,9.95,9.99,10.01,9.539,9.683,9.492,9.53,9.549,5822250.0,58305642800.0,0.0,0.0,0.05,0.0477,0.503
POW,2020-08-13,15:08:02,HOSE,STOCK,9.73,10.4,9.05,9.73,9.95,9.73,9.94,9.85,9.282,9.492,9.282,9.482,9.396,3688550.0,36335417600.0,0.0,0.0,0.21,0.2003,2.1583
POW,2020-08-12,15:08:03,HOSE,STOCK,9.59,10.25,8.92,9.59,9.76,9.59,9.73,9.72,9.149,9.311,9.149,9.282,9.272,3841950.0,37327962500.0,0.0,0.0,0.14,0.1336,1.4599
POW,2020-08-11,15:08:03,HOSE,STOCK,9.66,10.3,8.99,9.66,9.76,9.51,9.59,9.6,9.215,9.311,9.072,9.149,9.158,1769040.0,16975351300.0,0.0,0.0,-0.07,-0.0668,-0.7246
POW,2020-08-10,15:08:02,HOSE,STOCK,9.4,10.05,8.75,9.48,9.9,9.45,9.66,9.63,9.043,9.445,9.015,9.215,9.187,3089970.0,29771062600.0,0.0,0.0,0.26,0.248,2.766
POW,2020-08-07,15:08:02,HOSE,STOCK,9.45,10.1,8.79,9.44,9.45,9.34,9.4,9.38,9.005,9.015,8.91,8.968,8.948,2093060.0,19642520500.0,0.0,0.0,-0.05,-0.0477,-0.5291
POW,2020-08-06,15:08:02,HOSE,STOCK,9.54,10.2,8.88,9.52,9.55,9.41,9.45,9.48,9.082,9.11,8.976,9.015,9.043,3196010.0,30313858900.0,0.0,0.0,-0.09,-0.0859,-0.9434
POW,2020-08-05,15:08:01,HOSE,STOCK,9.34,9.99,8.69,9.35,9.55,9.3,9.54,9.5,8.919,9.11,8.872,9.1,9.063,3235640.0,30723768200.0,0.0,0.0,0.2,0.1908,2.1413
POW,2020-08-04,15:08:03,HOSE,STOCK,9.25,9.89,8.61,9.3,9.39,9.3,9.34,9.34,8.872,8.958,8.872,8.91,8.91,2082970.0,19450356900.0,0.0,0.0,0.09,0.0859,0.973
POW,2020-08-03,15:08:03,HOSE,STOCK,9.15,9.79,8.51,9.15,9.3,9.13,9.25,9.2,8.729,8.872,8.71,8.824,8.777,3426170.0,31520108500.0,0.0,0.0,0.1,0.0954,1.0929
POW,2020-07-31,15:07:04,HOSE,STOCK,9.31,9.96,8.66,9.12,9.26,9.1,9.15,9.2,8.7,8.834,8.681,8.729,8.777,1251940.0,11513394200.0,0.0,0.0,-0.16,-0.1526,-1.7186
POW,2020-07-30,15:07:02,HOSE,STOCK,9.2,9.84,8.56,9.04,9.31,9.04,9.31,9.26,8.623,8.881,8.623,8.881,8.834,1905540.0,17638844600.0,0.0,0.0,0.11,0.1049,1.1957
POW,2020-07-29,15:07:02,HOSE,STOCK,9.31,9.96,8.66,9.0,9.2,8.85,9.2,8.97,8.586,8.777,8.442,8.777,8.557,3664080.0,32880343600.0,0.0,0.0,-0.11,-0.1049,-1.1815
POW,2020-07-28,15:07:03,HOSE,STOCK,8.8,9.41,8.19,8.81,9.37,8.81,9.31,9.082,8.404,8.938,8.404,8.881,8.664,4564900.0,41457994500.0,0.0,0.0,0.51,0.4865,5.7955
POW,2020-07-27,15:07:01,HOSE,STOCK,9.31,9.96,8.66,8.7,8.98,8.66,8.8,8.77,8.3,8.566,8.261,8.395,8.367,6562990.0,57549673600.0,0.0,0.0,-0.51,-0.4865,-5.478
POW,2020-07-24,15:07:02,HOSE,STOCK,9.65,10.3,8.98,9.61,9.63,8.98,9.31,9.28,9.167,9.187,8.566,8.881,8.852,8622390.0,79975603000.0,0.0,0.0,-0.34,-0.3243,-3.5233
POW,2020-07-23,15:07:01,HOSE,STOCK,9.73,10.4,9.05,9.72,9.74,9.59,9.65,9.65,9.272,9.291,9.149,9.206,9.206,2756070.0,26609003100.0,0.0,0.0,-0.08,-0.0763,-0.8222
POW,2020-07-22,15:07:02,HOSE,STOCK,9.82,10.5,9.14,9.82,9.84,9.72,9.73,9.78,9.368,9.387,9.272,9.282,9.33,2040390.0,19952075400.0,0.0,0.0,-0.09,-0.0859,-0.9165
POW,2020-07-21,15:07:02,HOSE,STOCK,9.86,10.55,9.17,9.89,9.89,9.79,9.82,9.82,9.435,9.435,9.339,9.368,9.368,2969690.0,29158967300.0,0.0,0.0,-0.04,-0.0382,-0.4057
POW,2020-07-20,15:07:02,HOSE,STOCK,10.0,10.7,9.3,10.0,10.05,9.86,9.86,9.93,9.539,9.587,9.406,9.406,9.473,2396230.0,23790971300.0,0.0,0.0,-0.14,-0.1336,-1.4
POW,2020-07-17,15:07:02,HOSE,STOCK,10.1,10.8,9.4,10.1,10.1,10.0,10.0,10.04,9.634,9.634,9.539,9.539,9.577,2046110.0,20538482000.0,0.0,0.0,-0.1,-0.0954,-0.9901
POW,2020-07-16,15:07:03,HOSE,STOCK,10.0,10.7,9.3,10.05,10.1,10.0,10.1,10.06,9.587,9.634,9.539,9.634,9.597,2230860.0,22438215500.0,0.0,0.0,0.1,0.0954,1.0
POW,2020-07-15,15:07:02,HOSE,STOCK,10.05,10.75,9.35,10.1,10.15,10.0,10.0,10.07,9.634,9.683,9.539,9.539,9.606,1994200.0,20088630000.0,0.0,0.0,-0.05,-0.0477,-0.4975
POW,2020-07-14,15:07:02,HOSE,STOCK,10.05,10.75,9.35,10.0,10.05,9.95,10.05,9.999,9.539,9.587,9.492,9.587,9.539,1668900.0,16687783200.0,0.0,0.0,0.0,0.0,0.0
POW,2020-07-13,15:07:02,HOSE,STOCK,10.05,10.75,9.35,10.15,10.15,10.0,10.05,10.08,9.683,9.683,9.539,9.587,9.616,2304090.0,23220807000.0,0.0,0.0,0.0,0.0,0.0
POW,2020-07-10,15:07:02,HOSE,STOCK,9.98,10.65,9.29,9.97,10.15,9.97,10.05,10.05,9.51,9.683,9.51,9.587,9.587,4168490.0,41909920400.0,0.0,0.0,0.07,0.0668,0.7014
POW,2020-07-09,15:07:02,HOSE,STOCK,9.86,10.55,9.17,9.86,10.05,9.86,9.98,9.94,9.406,9.587,9.406,9.52,9.482,2363370.0,23496097900.0,0.0,0.0,0.12,0.1145,1.217
POW,2020-07-08,15:07:02,HOSE,STOCK,9.9,10.55,9.21,9.85,9.93,9.84,9.86,9.87,9.396,9.473,9.387,9.406,9.415,1789350.0,17667214700.0,0.0,0.0,-0.04,-0.0382,-0.404
POW,2020-07-07,15:07:02,HOSE,STOCK,9.99,10.65,9.3,10.1,10.15,9.9,9.9,10.0,9.634,9.683,9.445,9.445,9.539,2967540.0,29666922200.0,0.0,0.0,-0.09,-0.0859,-0.9009
POW,2020-07-06,15:07:03,HOSE,STOCK,9.67,10.3,9.0,9.75,9.99,9.68,9.99,9.86,9.301,9.53,9.234,9.53,9.406,2493770.0,24581149200.0,0.0,0.0,0.32,0.3053,3.3092
POW,2020-07-03,15:07:02,HOSE,STOCK,9.61,10.25,8.94,9.64,9.75,9.64,9.67,9.69,9.196,9.301,9.196,9.224,9.244,2215180.0,21462961300.0,0.0,0.0,0.06,0.0572,0.6243
POW,2020-07-02,15:07:02,HOSE,STOCK,9.8,10.45,9.12,9.85,9.85,9.6,9.61,9.69,9.396,9.396,9.158,9.167,9.244,3584950.0,34726739200.0,0.0,0.0,-0.19,-0.1812,-1.9388
POW,2020-07-01,15:07:02,HOSE,STOCK,9.7,10.35,9.03,9.67,9.84,9.67,9.8,9.75,9.224,9.387,9.224,9.349,9.301,3392940.0,33073819400.0,0.0,0.0,0.1,0.0954,1.0309
POW,2020-06-30,15:06:02,HOSE,STOCK,9.8,10.45,9.12,10.0,10.0,9.52,9.7,9.78,9.539,9.539,9.082,9.254,9.33,3469960.0,33935133800.0,0.0,0.0,-0.1,-0.0954,-1.0204
POW,2020-06-29,15:06:02,HOSE,STOCK,10.2,10.9,9.49,10.15,10.15,9.71,9.8,9.92,9.683,9.683,9.263,9.349,9.463,6871990.0,68194869000.0,0.0,0.0,-0.4,-0.3816,-3.9216
POW,2020-06-26,15:06:02,HOSE,STOCK,10.25,10.95,9.54,10.4,10.4,10.15,10.2,10.25,9.921,9.921,9.683,9.73,9.778,2136030.0,21884315000.0,0.0,0.0,-0.05,-0.0477,-0.4878
POW,2020-06-25,15:06:02,HOSE,STOCK,10.35,11.05,9.63,10.2,10.3,10.15,10.25,10.23,9.73,9.825,9.683,9.778,9.759,2011800.0,20588293500.0,0.0,0.0,-0.1,-0.0954,-0.9662
POW,2020-06-24,15:06:02,HOSE,STOCK,10.5,11.2,9.77,10.5,10.55,10.3,10.35,10.39,10.016,10.064,9.825,9.873,9.912,3628640.0,37693389000.0,0.0,0.0,-0.15,-0.1431,-1.4286
POW,2020-06-23,15:06:02,HOSE,STOCK,10.5,11.2,9.77,10.5,10.6,10.4,10.5,10.51,10.016,10.111,9.921,10.016,10.026,3121350.0,32809853500.0,0.0,0.0,0.0,0.0,0.0
POW,2020-06-22,15:06:02,HOSE,STOCK,10.4,11.1,9.68,10.6,10.7,10.45,10.5,10.54,10.111,10.207,9.969,10.016,10.054,3155170.0,33245022000.0,0.0,0.0,0.1,0.0954,0.9615
POW,2020-06-19,15:06:02,HOSE,STOCK,10.4,11.1,9.68,10.45,10.55,10.4,10.4,10.43,9.969,10.064,9.921,9.921,9.95,5510450.0,57472227000.0,0.0,0.0,0.0,0.0,0.0
POW,2020-06-18,15:06:02,HOSE,STOCK,10.55,11.25,9.82,10.4,10.5,10.3,10.4,10.42,9.921,10.016,9.825,9.921,9.94,2110880.0,21991247000.0,0.0,0.0,-0.15,-0.1431,-1.4218
POW,2020-06-17,15:06:02,HOSE,STOCK,10.7,11.4,9.96,10.75,10.8,10.45,10.55,10.58,10.255,10.302,9.969,10.064,10.093,2289770.0,24236862000.0,0.0,0.0,-0.15,-0.1431,-1.4019
POW,2020-06-16,15:06:02,HOSE,STOCK,10.5,11.2,9.77,10.85,10.85,10.6,10.7,10.69,10.35,10.35,10.111,10.207,10.198,2829510.0,30247554000.0,0.0,0.0,0.2,0.1908,1.9048
POW,2020-06-15,15:06:02,HOSE,STOCK,10.45,11.15,9.72,10.65,10.9,10.45,10.5,10.62,10.16,10.398,9.969,10.016,10.131,7993180.0,84916745500.0,0.0,0.0,0.05,0.0477,0.4785
POW,2020-06-12,15:06:02,HOSE,STOCK,10.5,11.2,9.77,10.0,10.45,9.95,10.45,10.22,9.539,9.969,9.492,9.969,9.75,8061350.0,82419928200.0,0.0,0.0,-0.05,-0.0477,-0.4762
POW,2020-06-11,15:06:02,HOSE,STOCK,11.25,12.0,10.5,11.25,11.4,10.5,10.5,10.95,10.732,10.875,10.016,10.016,10.446,8025890.0,87844371500.0,0.0,0.0,-0.75,-0.7154,-6.6667
POW,2020-06-10,15:06:02,HOSE,STOCK,11.05,11.8,10.3,11.1,11.6,10.95,11.25,11.24,10.589,11.066,10.446,10.732,10.722,8462490.0,95077599000.0,0.0,0.0,0.2,0.1908,1.81
POW,2020-06-09,15:06:03,HOSE,STOCK,10.7,11.4,9.96,10.7,11.2,10.65,11.05,11.01,10.207,10.684,10.16,10.541,10.503,11287760.0,124324103500.0,0.0,0.0,0.35,0.3339,3.271
POW,2020-06-08,15:06:03,HOSE,STOCK,10.55,11.25,9.82,10.6,10.95,10.55,10.7,10.73,10.111,10.446,10.064,10.207,10.235,9229590.0,99031010500.0,0.0,0.0,0.15,0.1431,1.4218
POW,2020-06-05,15:06:03,HOSE,STOCK,10.6,11.3,9.86,10.45,10.6,10.45,10.55,10.51,9.969,10.111,9.969,10.064,10.026,3629740.0,38154836000.0,0.0,0.0,-0.05,-0.0477,-0.4717
POW,2020-06-04,15:06:04,HOSE,STOCK,10.6,11.3,9.86,10.6,10.7,10.55,10.6,10.6,10.111,10.207,10.064,10.111,10.111,4422880.0,46886912500.0,0.0,0.0,0.0,0.0,0.0
POW,2020-06-03,15:06:02,HOSE,STOCK,10.5,11.2,9.77,10.5,10.6,10.5,10.6,10.55,10.016,10.111,10.016,10.111,10.064,1852120.0,19538021000.0,0.0,0.0,0.1,0.0954,0.9524
POW,2020-06-02,15:06:03,HOSE,STOCK,10.45,11.15,9.72,10.45,10.8,10.4,10.5,10.58,9.969,10.302,9.921,10.016,10.093,8399210.0,88877514500.0,0.0,0.0,0.05,0.0477,0.4785
POW,2020-06-01,15:06:04,HOSE,STOCK,10.25,10.95,9.54,10.3,10.5,10.2,10.45,10.34,9.825,10.016,9.73,9.969,9.864,5895450.0,60948589500.0,0.0,0.0,0.2,0.1908,1.9512
POW,2020-05-29,15:05:02,HOSE,STOCK,10.4,11.1,9.68,10.4,10.4,10.25,10.25,10.29,9.921,9.921,9.778,9.778,9.816,3266210.0,33606484500.0,0.0,0.0,-0.15,-0.1431,-1.4423
POW,2020-05-28,15:05:03,HOSE,STOCK,10.3,11.0,9.58,10.35,10.5,10.25,10.4,10.36,9.873,10.016,9.778,9.921,9.883,4370760.0,45279580500.0,0.0,0.0,0.1,0.0954,0.9709
POW,2020-05-27,15:05:03,HOSE,STOCK,10.6,11.3,9.86,10.8,10.85,10.3,10.3,10.61,10.302,10.35,9.825,9.825,10.121,6554400.0,69545165500.0,0.0,0.0,-0.3,-0.2862,-2.8302
POW,2020-05-26,15:05:03,HOSE,STOCK,10.2,10.9,9.49,10.3,10.7,10.25,10.6,10.49,9.825,10.207,9.778,10.111,10.007,9494050.0,99559260000.0,0.0,0.0,0.4,0.3815,3.9216
POW,2020-05-25,15:05:03,HOSE,STOCK,10.1,10.8,9.4,10.1,10.4,10.0,10.2,10.2,9.634,9.921,9.539,9.73,9.73,6129070.0,62541299500.0,0.0,0.0,0.1,0.0954,0.9901
POW,2020-05-22,15:05:02,HOSE,STOCK,10.2,10.9,9.49,10.15,10.2,10.1,10.1,10.13,9.683,9.73,9.634,9.634,9.664,3427860.0,34715946000.0,0.0,0.0,-0.1,-0.0954,-0.9804
POW,2020-05-21,15:05:02,HOSE,STOCK,10.2,10.9,9.49,10.25,10.3,10.1,10.2,10.19,9.778,9.825,9.634,9.73,9.721,3418370.0,34829060000.0,0.0,0.0,0.0,0.0,0.0
POW,2020-05-20,15:05:03,HOSE,STOCK,10.2,10.9,9.49,10.2,10.25,10.1,10.2,10.16,9.73,9.778,9.634,9.73,9.692,2829110.0,28752288000.0,0.0,0.0,0.0,0.0,0.0
POW,2020-05-19,15:05:02,HOSE,STOCK,10.1,10.8,9.4,10.3,10.3,10.15,10.2,10.22,9.825,9.825,9.683,9.73,9.75,5691970.0,58155326500.0,0.0,0.0,0.1,0.0954,0.9901
POW,2020-05-18,15:05:02,HOSE,STOCK,10.0,10.7,9.3,10.05,10.15,9.96,10.1,10.03,9.587,9.683,9.502,9.634,9.569,4182830.0,41945296700.0,0.0,0.0,0.1,0.0954,1.0
POW,2020-05-15,15:05:02,HOSE,STOCK,10.15,10.85,9.44,10.15,10.35,9.98,10.0,10.1,9.683,9.873,9.52,9.539,9.634,6774570.0,68400106000.0,0.0,0.0,-0.15,-0.1431,-1.4778
POW,2020-05-14,15:05:02,HOSE,STOCK,10.3,11.0,9.58,10.25,10.3,10.15,10.15,10.21,9.778,9.825,9.683,9.683,9.74,4737210.0,48356282000.0,0.0,0.0,-0.15,-0.1431,-1.4563
POW,2020-05-13,15:05:02,HOSE,STOCK,10.4,11.1,9.68,10.4,10.55,10.15,10.3,10.35,9.921,10.064,9.683,9.825,9.873,5437450.0,56255292500.0,0.0,0.0,-0.1,-0.0954,-0.9615
POW,2020-05-12,15:05:02,HOSE,STOCK,10.15,10.85,9.44,10.15,10.7,10.0,10.4,10.26,9.683,10.207,9.539,9.921,9.788,9616910.0,98703087000.0,0.0,0.0,0.25,0.2385,2.4631
POW,2020-05-11,15:05:02,HOSE,STOCK,10.1,10.8,9.4,10.1,10.2,9.97,10.15,10.03,9.634,9.73,9.51,9.683,9.569,6886910.0,69077740100.0,0.0,0.0,0.05,0.0477,0.495
POW,2020-05-08,15:05:01,HOSE,STOCK,10.2,10.9,9.49,10.2,10.4,10.0,10.1,10.15,9.73,9.921,9.539,9.634,9.683,9446390.0,95894353000.0,0.0,0.0,-0.1,-0.0954,-0.9804
POW,2020-05-07,15:05:02,HOSE,STOCK,9.95,10.6,9.26,9.96,10.2,9.95,10.2,10.12,9.502,9.73,9.492,9.73,9.654,5567040.0,56334138300.0,0.0,0.0,0.25,0.2385,2.5126
POW,2020-05-06,15:05:02,HOSE,STOCK,9.66,10.3,8.99,9.56,9.95,9.56,9.95,9.78,9.12,9.492,9.12,9.492,9.33,3990060.0,39038361800.0,0.0,0.0,0.29,0.2767,3.0021
POW,2020-05-05,15:05:02,HOSE,STOCK,9.82,10.5,9.14,9.82,9.82,9.51,9.66,9.64,9.368,9.368,9.072,9.215,9.196,4936160.0,47587096200.0,0.0,0.0,-0.16,-0.1526,-1.6293
POW,2020-05-04,15:05:02,HOSE,STOCK,10.55,11.25,9.82,9.95,10.25,9.82,9.82,9.96,9.492,9.778,9.368,9.368,9.502,9813410.0,97722380900.0,0.0,0.0,-0.73,-0.6964,-6.9194
POW,2020-04-29,15:04:03,HOSE,STOCK,10.3,11.0,9.58,10.3,10.7,10.3,10.55,10.58,9.825,10.207,9.825,10.064,10.093,7596170.0,80341510000.0,0.0,0.0,0.25,0.2385,2.4272
POW,2020-04-28,15:04:02,HOSE,STOCK,9.9,10.55,9.21,9.9,10.3,9.9,10.3,10.09,9.445,9.825,9.445,9.825,9.626,6732100.0,67934219100.0,0.0,0.0,0.4,0.3816,4.0404
POW,2020-04-27,15:04:03,HOSE,STOCK,9.55,10.2,8.89,9.68,9.98,9.65,9.9,9.86,9.234,9.52,9.206,9.445,9.406,7551040.0,74424509300.0,0.0,0.0,0.35,0.3339,3.6649
POW,2020-04-24,15:04:02,HOSE,STOCK,9.5,10.15,8.84,9.5,9.55,9.34,9.55,9.44,9.063,9.11,8.91,9.11,9.005,4195500.0,39608705900.0,0.0,0.0,0.05,0.0477,0.5263
POW,2020-04-23,15:04:02,HOSE,STOCK,9.48,10.1,8.82,9.66,9.69,9.5,9.5,9.58,9.215,9.244,9.063,9.063,9.139,5040470.0,48278601500.0,0.0,0.0,0.02,0.0191,0.211
POW,2020-04-22,15:04:02,HOSE,STOCK,9.33,9.98,8.68,9.15,9.64,9.15,9.48,9.46,8.729,9.196,8.729,9.043,9.025,6720180.0,63590800300.0,0.0,0.0,0.15,0.1431,1.6077
POW,2020-04-21,15:04:02,HOSE,STOCK,9.4,10.05,8.75,9.16,9.72,9.1,9.33,9.35,8.738,9.272,8.681,8.901,8.919,8218710.0,76853537900.0,0.0,0.0,-0.07,-0.0668,-0.7447
POW,2020-04-20,15:04:03,HOSE,STOCK,9.04,9.67,8.41,9.05,9.65,9.05,9.4,9.31,8.633,9.206,8.633,8.968,8.881,9313990.0,86701903900.0,0.0,0.0,0.36,0.3435,3.9823
POW,2020-04-17,15:04:01,HOSE,STOCK,8.95,9.57,8.33,9.1,9.15,9.01,9.04,9.06,8.681,8.729,8.595,8.623,8.643,7226610.0,65448194800.0,0.0,0.0,0.09,0.0858,1.0056
POW,2020-04-16,15:04:02,HOSE,STOCK,9.06,9.69,8.43,9.04,9.04,8.87,8.95,8.95,8.623,8.623,8.462,8.538,8.538,6101990.0,54594394000.0,0.0,0.0,-0.11,-0.1049,-1.2141
POW,2020-04-15,15:04:02,HOSE,STOCK,9.05,9.68,8.42,9.05,9.18,9.01,9.06,9.07,8.633,8.757,8.595,8.643,8.653,5992790.0,54349942200.0,0.0,0.0,0.01,0.0095,0.1105
POW,2020-04-14,15:04:02,HOSE,STOCK,8.8,9.41,8.19,8.9,9.11,8.85,9.05,9.02,8.49,8.69,8.442,8.633,8.605,8810870.0,79446790700.0,0.0,0.0,0.25,0.2385,2.8409
POW,2020-04-13,15:04:03,HOSE,STOCK,8.53,9.12,7.94,8.5,9.0,8.5,8.8,8.77,8.109,8.586,8.109,8.395,8.367,9334920.0,81890005700.0,0.0,0.0,0.27,0.2576,3.1653
POW,2020-04-10,15:04:01,HOSE,STOCK,8.71,9.31,8.11,8.71,8.71,8.5,8.53,8.62,8.309,8.309,8.109,8.137,8.223,4340530.0,37410827400.0,0.0,0.0,-0.18,-0.1717,-2.0666
POW,2020-04-09,15:04:02,HOSE,STOCK,8.54,9.13,7.95,9.0,9.0,8.7,8.71,8.88,8.586,8.586,8.3,8.309,8.471,8939620.0,79423567400.0,0.0,0.0,0.17,0.1622,1.9906
POW,2020-04-08,15:04:02,HOSE,STOCK,7.99,8.54,7.44,7.9,8.54,7.75,8.54,8.23,7.536,8.147,7.393,8.147,7.851,9412400.0,77443420800.0,0.0,0.0,0.55,0.5247,6.8836
POW,2020-04-07,15:04:02,HOSE,STOCK,8.14,8.7,7.58,8.2,8.2,7.85,7.99,8.01,7.823,7.823,7.488,7.622,7.641,3974120.0,31841260900.0,0.0,0.0,-0.15,-0.1431,-1.8428
POW,2020-04-06,15:04:02,HOSE,STOCK,7.7,8.23,7.17,7.8,8.19,7.8,8.14,8.07,7.441,7.813,7.441,7.766,7.699,5085950.0,41057296200.0,0.0,0.0,0.44,0.4198,5.7143
POW,2020-04-03,15:04:02,HOSE,STOCK,7.36,7.87,6.85,7.58,7.74,7.5,7.7,7.64,7.23,7.384,7.155,7.346,7.289,4559830.0,34853298100.0,0.0,0.0,0.34,0.3244,4.6196
POW,2020-04-01,15:04:02,HOSE,STOCK,7.09,7.58,6.6,7.0,7.36,7.0,7.36,7.27,6.678,7.021,6.678,7.021,6.935,2786690.0,20267650900.0,0.0,0.0,0.27,0.2576,3.8082
POW,2020-03-31,15:03:03,HOSE,STOCK,7.14,7.63,6.65,7.14,7.32,6.85,7.09,7.1,6.811,6.983,6.534,6.763,6.773,3326670.0,23608892000.0,0.0,0.0,-0.05,-0.0477,-0.7003
POW,2020-03-30,15:03:02,HOSE,STOCK,7.62,8.15,7.09,7.2,7.5,7.09,7.14,7.13,6.869,7.155,6.763,6.811,6.802,6321180.0,45051584800.0,0.0,0.0,-0.48,-0.4579,-6.2992
POW,2020-03-27,15:03:02,HOSE,STOCK,7.6,8.13,7.07,7.55,7.99,7.55,7.62,7.67,7.202,7.622,7.202,7.269,7.317,3296170.0,25297965300.0,0.0,0.0,0.02,0.0191,0.2632
POW,2020-03-26,15:03:02,HOSE,STOCK,7.85,8.39,7.31,7.8,7.8,7.6,7.6,7.68,7.441,7.441,7.25,7.25,7.326,2129230.0,16342538000.0,0.0,0.0,-0.25,-0.2385,-3.1847
POW,2020-03-25,15:03:02,HOSE,STOCK,7.53,8.05,7.01,7.88,7.92,7.77,7.85,7.87,7.517,7.555,7.412,7.488,7.508,2458770.0,19338698800.0,0.0,0.0,0.32,0.3052,4.2497
POW,2020-03-24,15:03:02,HOSE,STOCK,7.87,8.42,7.32,7.51,7.8,7.46,7.53,7.53,7.165,7.441,7.116,7.183,7.183,5979090.0,45009958700.0,0.0,0.0,-0.34,-0.3243,-4.3202
POW,2020-03-23,15:03:02,HOSE,STOCK,8.46,9.05,7.87,8.15,8.46,7.87,7.87,7.92,7.774,8.07,7.508,7.508,7.555,4628880.0,36665158300.0,0.0,0.0,-0.59,-0.5629,-6.974
POW,2020-03-20,15:03:02,HOSE,STOCK,8.47,9.06,7.88,8.5,8.7,8.41,8.46,8.46,8.109,8.3,8.022,8.07,8.07,1980340.0,16756341600.0,0.0,0.0,-0.01,-0.0095,-0.1181
POW,2020-03-19,15:03:02,HOSE,STOCK,8.76,9.37,8.15,8.51,8.69,8.4,8.47,8.48,8.118,8.29,8.013,8.08,8.089,2633250.0,22337141300.0,0.0,0.0,-0.29,-0.2766,-3.3105
POW,2020-03-18,15:03:02,HOSE,STOCK,8.85,9.46,8.24,8.9,8.95,8.62,8.76,8.82,8.49,8.538,8.223,8.357,8.414,1935700.0,17077866300.0,0.0,0.0,-0.09,-0.0859,-1.0169
POW,2020-03-17,15:03:02,HOSE,STOCK,8.88,9.5,8.26,8.41,9.39,8.41,8.85,8.92,8.022,8.958,8.022,8.442,8.509,3061070.0,27298936300.0,0.0,0.0,-0.03,-0.0286,-0.3378
POW,2020-03-16,15:03:03,HOSE,STOCK,8.9,9.52,8.28,8.8,8.88,8.31,8.88,8.65,8.395,8.471,7.927,8.471,8.251,3241750.0,28029780700.0,0.0,0.0,-0.02,-0.0191,-0.2247
POW,2020-03-13,15:03:03,HOSE,STOCK,8.39,8.97,7.81,7.82,8.9,7.81,8.9,7.97,7.46,8.49,7.451,8.49,7.603,4570810.0,36409672000.0,0.0,0.0,0.51,0.4865,6.0787
POW,2020-03-12,15:03:07,HOSE,STOCK,9.02,9.65,8.39,8.5,8.65,8.39,8.39,8.42,8.109,8.251,8.004,8.004,8.032,5361200.0,45143778800.0,0.0,0.0,-0.63,-0.601,-6.9845
POW,2020-03-11,15:03:03,HOSE,STOCK,9.5,10.15,8.84,9.57,9.65,8.97,9.02,9.22,9.129,9.206,8.557,8.605,8.795,5177740.0,47755542300.0,0.0,0.0,-0.48,-0.4579,-5.0526
POW,2020-03-10,15:03:03,HOSE,STOCK,9.4,10.05,8.75,9.2,9.59,9.0,9.5,9.32,8.777,9.149,8.586,9.063,8.891,2871290.0,26773210100.0,0.0,0.0,0.1,0.0954,1.0638
POW,2020-03-09,15:03:02,HOSE,STOCK,10.1,10.8,9.4,9.4,9.8,9.4,9.4,9.45,8.968,9.349,8.968,8.968,9.015,4943410.0,46728181700.0,0.0,0.0,-0.7,-0.6678,-6.9307
POW,2020-03-06,15:03:04,HOSE,STOCK,10.2,10.9,9.49,10.15,10.25,10.0,10.1,10.09,9.683,9.778,9.539,9.634,9.626,2292720.0,23142436500.0,0.0,0.0,-0.1,-0.0954,-0.9804
POW,2020-03-05,15:03:04,HOSE,STOCK,9.96,10.65,9.27,10.15,10.4,10.1,10.2,10.25,9.683,9.921,9.634,9.73,9.778,3579000.0,36697481000.0,0.0,0.0,0.24,0.2289,2.4096
POW,2020-03-04,15:03:02,HOSE,STOCK,9.93,10.6,9.24,9.95,10.1,9.9,9.96,9.96,9.492,9.634,9.445,9.502,9.502,2680650.0,26707326800.0,0.0,0.0,0.03,0.0286,0.3021
POW,2020-03-03,15:03:03,HOSE,STOCK,9.98,10.65,9.29,10.2,10.25,9.93,9.93,10.09,9.73,9.778,9.473,9.473,9.626,2539230.0,25618454500.0,0.0,0.0,-0.05,-0.0477,-0.501
POW,2020-03-02,15:03:04,HOSE,STOCK,9.85,10.5,9.17,9.85,9.99,9.78,9.98,9.86,9.396,9.53,9.33,9.52,9.406,1786920.0,17615899800.0,0.0,0.0,0.13,0.124,1.3198
POW,2020-02-28,15:02:02,HOSE,STOCK,10.1,10.8,9.4,9.9,9.98,9.75,9.85,9.85,9.445,9.52,9.301,9.396,9.396,2284820.0,22499699100.0,0.0,0.0,-0.25,-0.2385,-2.4752
POW,2020-02-27,15:02:02,HOSE,STOCK,10.2,10.9,9.49,10.2,10.35,10.0,10.1,10.12,9.73,9.873,9.539,9.634,9.654,1045640.0,10577522500.0,0.0,0.0,-0.1,-0.0954,-0.9804
POW,2020-02-26,15:02:03,HOSE,STOCK,9.95,10.6,9.26,9.7,10.4,9.7,10.2,10.01,9.254,9.921,9.254,9.73,9.549,2278130.0,22795246900.0,0.0,0.0,0.25,0.2385,2.5126
POW,2020-02-25,15:02:02,HOSE,STOCK,10.0,10.7,9.3,9.62,9.98,9.62,9.95,9.83,9.177,9.52,9.177,9.492,9.378,3369430.0,33111540000.0,0.0,0.0,-0.05,-0.0477,-0.5
POW,2020-02-24,15:02:03,HOSE,STOCK,10.75,11.5,10.0,10.4,10.45,10.0,10.0,10.18,9.921,9.969,9.539,9.539,9.711,3312940.0,33730192000.0,0.0,0.0,-0.75,-0.7154,-6.9767
POW,2020-02-21,15:02:02,HOSE,STOCK,10.9,11.65,10.15,10.9,10.95,10.65,10.75,10.83,10.398,10.446,10.16,10.255,10.331,1762570.0,19083505500.0,0.0,0.0,-0.15,-0.1431,-1.3761
POW,2020-02-20,15:02:03,HOSE,STOCK,10.45,11.15,9.72,10.5,10.95,10.5,10.9,10.74,10.016,10.446,10.016,10.398,10.245,4728350.0,50778154500.0,0.0,0.0,0.45,0.4293,4.3062
POW,2020-02-19,15:02:02,HOSE,STOCK,10.35,11.05,9.63,10.4,10.6,10.35,10.45,10.49,9.921,10.111,9.873,9.969,10.007,1982300.0,20794805500.0,0.0,0.0,0.1,0.0954,0.9662
POW,2020-02-18,15:02:04,HOSE,STOCK,10.35,11.05,9.63,10.4,10.45,10.3,10.35,10.37,9.921,9.969,9.825,9.873,9.892,1786200.0,18517833500.0,0.0,0.0,0.0,0.0,0.0
POW,2020-02-17,15:02:03,HOSE,STOCK,10.4,11.1,9.68,10.35,10.45,10.25,10.35,10.35,9.873,9.969,9.778,9.873,9.873,2084770.0,21579209000.0,0.0,0.0,-0.05,-0.0477,-0.4808
POW,2020-02-14,15:02:03,HOSE,STOCK,10.55,11.25,9.82,10.55,10.55,10.3,10.4,10.44,10.064,10.064,9.825,9.921,9.959,1156570.0,12071899000.0,0.0,0.0,-0.15,-0.1431,-1.4218
POW,2020-02-13,15:02:03,HOSE,STOCK,10.55,11.25,9.82,10.7,10.95,10.35,10.55,10.63,10.207,10.446,9.873,10.064,10.14,3076810.0,32709321000.0,0.0,0.0,0.0,0.0,0.0
POW,2020-02-12,15:02:02,HOSE,STOCK,9.86,10.55,9.17,9.94,10.55,9.9,10.55,10.23,9.482,10.064,9.445,10.064,9.759,3050250.0,31217885600.0,0.0,0.0,0.69,0.6582,6.998
POW,2020-02-11,15:02:04,HOSE,STOCK,9.68,10.35,9.01,9.72,9.96,9.7,9.86,9.88,9.272,9.502,9.254,9.406,9.425,1775070.0,17530217400.0,0.0,0.0,0.18,0.1717,1.8595
POW,2020-02-10,15:02:02,HOSE,STOCK,9.91,10.6,9.22,9.7,9.8,9.65,9.68,9.69,9.254,9.349,9.206,9.234,9.244,1441160.0,13965900200.0,0.0,0.0,-0.23,-0.2194,-2.3209
POW,2020-02-07,15:02:03,HOSE,STOCK,10.05,10.75,9.35,10.05,10.1,9.89,9.91,9.94,9.587,9.634,9.435,9.453,9.482,1520380.0,15118097400.0,0.0,0.0,-0.14,-0.1335,-1.393
POW,2020-02-06,15:02:03,HOSE,STOCK,9.57,10.2,8.91,9.6,10.05,9.56,10.05,9.86,9.158,9.587,9.12,9.587,9.406,2202420.0,21721275200.0,0.0,0.0,0.48,0.4579,5.0157
POW,2020-02-05,15:02:02,HOSE,STOCK,9.5,10.15,8.84,9.6,9.7,9.47,9.57,9.56,9.158,9.254,9.033,9.129,9.12,2301300.0,21997108100.0,0.0,0.0,0.07,0.0668,0.7368
POW,2020-02-04,15:02:02,HOSE,STOCK,9.99,10.65,9.3,10.1,10.2,9.5,9.5,9.8,9.634,9.73,9.063,9.063,9.349,3640180.0,35686617400.0,0.0,0.0,-0.49,-0.4675,-4.9049
POW,2020-02-03,15:02:03,HOSE,STOCK,10.5,11.2,9.77,9.9,10.2,9.77,9.99,9.87,9.445,9.73,9.32,9.53,9.415,3839880.0,37900641100.0,0.0,0.0,-0.51,-0.4865,-4.8571
POW,2020-01-31,15:01:02,HOSE,STOCK,11.1,11.85,10.35,11.1,11.2,10.5,10.5,10.82,10.589,10.684,10.016,10.016,10.322,2556250.0,27654614000.0,0.0,0.0,-0.6,-0.5723,-5.4054
POW,2020-01-30,15:01:01,HOSE,STOCK,11.1,11.85,10.35,11.0,11.35,11.0,11.1,11.16,10.493,10.828,10.493,10.589,10.647,3263130.0,36430825000.0,0.0,0.0,0.0,0.0,0.0
POW,2020-01-22,15:01:02,HOSE,STOCK,10.9,11.65,10.15,11.0,11.15,10.95,11.1,11.05,10.493,10.637,10.446,10.589,10.541,1844340.0,20380294000.0,0.0,0.0,0.2,0.1908,1.8349
POW,2020-01-21,15:01:03,HOSE,STOCK,10.7,11.4,9.96,10.9,11.2,10.9,10.9,11.0,10.398,10.684,10.398,10.398,10.493,2980510.0,32772251500.0,0.0,0.0,0.2,0.1908,1.8692
POW,2020-01-20,15:01:02,HOSE,STOCK,10.8,11.55,10.05,10.8,10.9,10.65,10.7,10.76,10.302,10.398,10.16,10.207,10.265,1136080.0,12228783500.0,0.0,0.0,-0.1,-0.0954,-0.9259
POW,2020-01-17,15:01:02,HOSE,STOCK,11.0,11.75,10.25,11.05,11.05,10.8,10.8,10.88,10.541,10.541,10.302,10.302,10.379,1629430.0,17728896500.0,0.0,0.0,-0.2,-0.1908,-1.8182
POW,2020-01-16,15:01:01,HOSE,STOCK,10.9,11.65,10.15,11.0,11.05,10.9,11.0,10.97,10.493,10.541,10.398,10.493,10.465,1479520.0,16236578000.0,0.0,0.0,0.1,0.0954,0.9174
POW,2020-01-15,15:01:02,HOSE,STOCK,10.9,11.65,10.15,10.9,10.9,10.8,10.9,10.86,10.398,10.398,10.302,10.398,10.36,1119580.0,12158672000.0,0.0,0.0,0.0,0.0,0.0
POW,2020-01-14,15:01:02,HOSE,STOCK,11.0,11.75,10.25,11.1,11.1,10.9,10.9,10.98,10.589,10.589,10.398,10.398,10.474,1438620.0,15791091500.0,0.0,0.0,-0.1,-0.0954,-0.9091
POW,2020-01-13,15:01:03,HOSE,STOCK,11.1,11.85,10.35,11.1,11.1,11.0,11.0,11.04,10.589,10.589,10.493,10.493,10.531,1298370.0,14340421000.0,0.0,0.0,-0.1,-0.0954,-0.9009
POW,2020-01-10,15:01:03,HOSE,STOCK,10.9,11.65,10.15,10.95,11.15,10.8,11.1,11.02,10.446,10.637,10.302,10.589,10.513,1461150.0,16096760500.0,0.0,0.0,0.2,0.1908,1.8349
POW,2020-01-09,15:01:03,HOSE,STOCK,10.75,11.5,10.0,10.85,11.1,10.8,10.9,10.96,10.35,10.589,10.302,10.398,10.456,2226540.0,24394038000.0,0.0,0.0,0.15,0.1431,1.3953
POW,2020-01-08,15:01:02,HOSE,STOCK,11.25,12.0,10.5,11.2,11.2,10.5,10.75,10.78,10.684,10.684,10.016,10.255,10.284,5339280.0,57542736500.0,0.0,0.0,-0.5,-0.477,-4.4444
POW,2020-01-07,15:01:02,HOSE,STOCK,11.35,12.1,10.6,11.4,11.45,11.2,11.25,11.29,10.875,10.923,10.684,10.732,10.77,1893960.0,21383862000.0,0.0,0.0,-0.1,-0.0954,-0.8811
POW,2020-01-06,15:01:02,HOSE,STOCK,11.7,12.5,10.9,11.65,11.7,11.35,11.35,11.48,11.114,11.161,10.828,10.828,10.951,2064670.0,23705145500.0,0.0,0.0,-0.35,-0.3339,-2.9915
POW,2020-01-03,15:01:03,HOSE,STOCK,11.9,12.7,11.1,11.9,12.0,11.65,11.7,11.84,11.352,11.447,11.114,11.161,11.295,1245410.0,14746746000.0,0.0,0.0,-0.2,-0.1908,-1.6807
POW,2020-01-02,15:01:02,HOSE,STOCK,11.45,12.25,10.65,11.5,11.9,11.45,11.9,11.72,10.97,11.352,10.923,11.352,11.181,1569270.0,18385012500.0,0.0,0.0,0.45,0.4293,3.9301
POW,2019-12-31,15:12:01,HOSE,STOCK,11.5,12.3,10.7,11.5,11.6,11.4,11.45,11.5,10.97,11.066,10.875,10.923,10.97,1263220.0,14532077500.0,0.0,0.0,-0.05,-0.0477,-0.4348
POW,2019-12-30,15:12:02,HOSE,STOCK,11.75,12.55,10.95,11.7,11.8,11.35,11.5,11.53,11.161,11.256,10.828,10.97,10.999,3067050.0,35350115500.0,0.0,0.0,-0.25,-0.2385,-2.1277
POW,2019-12-27,15:12:02,HOSE,STOCK,12.25,13.1,11.4,12.25,12.3,11.7,11.75,11.92,11.686,11.733,11.161,11.209,11.371,3954730.0,47144980500.0,0.0,0.0,-0.5,-0.477,-4.0816
POW,2019-12-26,15:12:03,HOSE,STOCK,12.3,13.15,11.45,12.25,12.35,12.2,12.25,12.25,11.686,11.782,11.638,11.686,11.686,818600.0,10029492500.0,0.0,0.0,-0.05,-0.0477,-0.4065
POW,2019-12-25,15:12:01,HOSE,STOCK,12.4,13.25,11.55,12.4,12.4,12.15,12.3,12.28,11.829,11.829,11.591,11.733,11.715,2503850.0,30736143000.0,0.0,0.0,-0.1,-0.0954,-0.8065
POW,2019-12-24,15:12:03,HOSE,STOCK,12.4,13.25,11.55,12.5,12.55,12.35,12.4,12.45,11.924,11.972,11.782,11.829,11.877,964320.0,12004716000.0,0.0,0.0,0.0,0.0,0.0
POW,2019-12-23,15:12:01,HOSE,STOCK,12.35,13.2,11.5,12.45,12.55,12.4,12.4,12.49,11.877,11.972,11.829,11.829,11.914,1691740.0,21125313000.0,0.0,0.0,0.05,0.0477,0.4049
POW,2019-12-20,15:12:02,HOSE,STOCK,12.45,13.3,11.6,12.5,12.55,12.35,12.35,12.4,11.924,11.972,11.782,11.782,11.829,2979160.0,36940421500.0,0.0,0.0,-0.1,-0.0954,-0.8032
POW,2019-12-19,15:12:02,HOSE,STOCK,12.35,13.2,11.5,12.35,12.55,12.35,12.45,12.46,11.782,11.972,11.782,11.877,11.886,983350.0,12248673500.0,0.0,0.0,0.1,0.0954,0.8097
POW,2019-12-18,15:12:02,HOSE,STOCK,12.35,13.2,11.5,12.35,12.45,12.3,12.35,12.38,11.782,11.877,11.733,11.782,11.81,1228730.0,15217790500.0,0.0,0.0,0.0,0.0,0.0
POW,2019-12-17,15:12:01,HOSE,STOCK,12.65,13.5,11.8,12.7,12.7,12.35,12.35,12.46,12.115,12.115,11.782,11.782,11.886,704870.0,8784949500.0,0.0,0.0,-0.3,-0.2862,-2.3715
POW,2019-12-16,15:12:02,HOSE,STOCK,12.35,13.2,11.5,12.4,12.65,12.35,12.65,12.48,11.829,12.068,11.782,12.068,11.906,1470600.0,18358640500.0,0.0,0.0,0.3,0.2862,2.4291
POW,2019-12-13,15:12:01,HOSE,STOCK,12.4,13.25,11.55,12.45,12.5,12.35,12.35,12.43,11.877,11.924,11.782,11.782,11.857,994940.0,12371118000.0,0.0,0.0,-0.05,-0.0477,-0.4032
POW,2019-12-12,15:12:02,HOSE,STOCK,12.5,13.35,11.65,12.55,12.55,12.4,12.4,12.44,11.972,11.972,11.829,11.829,11.867,752860.0,9369245500.0,0.0,0.0,-0.1,-0.0954,-0.8
POW,2019-12-11,15:12:02,HOSE,STOCK,12.35,13.2,11.5,12.4,12.5,12.35,12.5,12.45,11.829,11.924,11.782,11.924,11.877,583750.0,7270571000.0,0.0,0.0,0.15,0.1431,1.2146
POW,2019-12-10,15:12:04,HOSE,STOCK,12.6,13.45,11.75,12.55,12.6,12.35,12.35,12.42,11.972,12.02,11.782,11.782,11.849,1932240.0,23995566500.0,0.0,0.0,-0.25,-0.2385,-1.9841
POW,2019-12-09,15:12:02,HOSE,STOCK,12.65,13.5,11.8,12.7,12.7,12.55,12.6,12.61,12.115,12.115,11.972,12.02,12.03,782040.0,9861010000.0,0.0,0.0,-0.05,-0.0477,-0.3953
POW,2019-12-06,15:12:02,HOSE,STOCK,12.65,13.5,11.8,12.6,12.65,12.55,12.65,12.61,12.02,12.068,11.972,12.068,12.03,462520.0,5830954500.0,0.0,0.0,0.0,0.0,0.0
POW,2019-12-05,15:12:02,HOSE,STOCK,12.7,13.55,11.85,12.75,12.75,12.55,12.65,12.62,12.163,12.163,11.972,12.068,12.038,843930.0,10646840000.0,0.0,0.0,-0.05,-0.0477,-0.3937
POW,2019-12-04,15:12:02,HOSE,STOCK,12.4,13.25,11.55,12.3,12.7,12.3,12.7,12.47,11.733,12.115,11.733,12.115,11.896,873600.0,10893495000.0,0.0,0.0,0.3,0.2862,2.4194
POW,2019-12-03,15:12:03,HOSE,STOCK,12.6,13.45,11.75,12.5,12.6,12.3,12.4,12.43,11.924,12.02,11.733,11.829,11.857,2078100.0,25834539000.0,0.0,0.0,-0.2,-0.1908,-1.5873
POW,2019-12-02,15:12:02,HOSE,STOCK,12.8,13.65,11.95,12.8,13.15,12.5,12.6,12.66,12.21,12.545,11.924,12.02,12.077,1412320.0,17874916500.0,0.0,0.0,-0.2,-0.1908,-1.5625
POW,2019-11-29,15:11:02,HOSE,STOCK,12.9,13.8,12.0,12.9,12.95,12.7,12.8,12.82,12.306,12.354,12.115,12.21,12.229,1573450.0,20176678000.0,0.0,0.0,-0.1,-0.0954,-0.7752
POW,2019-11-28,15:11:04,HOSE,STOCK,13.25,14.15,12.35,13.25,13.25,12.85,12.9,12.99,12.639,12.639,12.259,12.306,12.391,2086560.0,27111732500.0,0.0,0.0,-0.35,-0.3339,-2.6415
POW,2019-11-27,15:11:03,HOSE,STOCK,13.4,14.3,12.5,13.35,13.45,13.2,13.25,13.32,12.735,12.83,12.592,12.639,12.706,1190110.0,15847315000.0,0.0,0.0,-0.15,-0.1431,-1.1194
POW,2019-11-26,15:11:02,HOSE,STOCK,13.3,14.2,12.4,13.3,13.45,13.25,13.4,13.36,12.688,12.83,12.639,12.783,12.745,1976450.0,26402146500.0,0.0,0.0,0.1,0.0954,0.7519
POW,2019-11-25,15:11:03,HOSE,STOCK,13.3,14.2,12.4,13.35,13.4,13.15,13.3,13.25,12.735,12.783,12.545,12.688,12.639,1251490.0,16587765500.0,0.0,0.0,0.0,0.0,0.0
POW,2019-11-22,15:11:02,HOSE,STOCK,13.7,14.65,12.75,13.65,13.7,13.3,13.3,13.48,13.021,13.069,12.688,12.688,12.86,1981770.0,26706269500.0,0.0,0.0,-0.4,-0.3816,-2.9197
POW,2019-11-21,15:11:04,HOSE,STOCK,13.7,14.65,12.75,13.7,13.7,13.5,13.7,13.62,13.069,13.069,12.878,13.069,12.992,1206600.0,16431933000.0,0.0,0.0,0.0,0.0,0.0
POW,2019-11-20,15:11:04,HOSE,STOCK,13.75,14.7,12.8,13.8,13.85,13.65,13.7,13.73,13.165,13.212,13.021,13.069,13.098,1408400.0,19342210500.0,0.0,0.0,-0.05,-0.0477,-0.3636
POW,2019-11-19,15:11:04,HOSE,STOCK,13.65,14.6,12.7,13.7,13.8,13.65,13.75,13.73,13.069,13.165,13.021,13.116,13.098,1239810.0,17017495500.0,0.0,0.0,0.1,0.0954,0.7326
POW,2019-11-18,15:11:02,HOSE,STOCK,13.45,14.35,12.55,13.6,13.7,13.5,13.65,13.6,12.974,13.069,12.878,13.021,12.974,2409180.0,32756502500.0,0.0,0.0,0.2,0.1908,1.487
POW,2019-11-15,15:11:02,HOSE,STOCK,13.4,14.3,12.5,13.45,13.5,13.35,13.45,13.46,12.83,12.878,12.735,12.83,12.84,1774620.0,23888641500.0,0.0,0.0,0.05,0.0477,0.3731
POW,2019-11-14,15:11:02,HOSE,STOCK,13.4,14.3,12.5,13.4,13.5,13.35,13.4,13.43,12.783,12.878,12.735,12.783,12.811,1245380.0,16730755500.0,0.0,0.0,0.0,0.0,0.0
POW,2019-11-13,15:11:05,HOSE,STOCK,13.4,14.3,12.5,13.4,13.6,13.4,13.4,13.49,12.783,12.974,12.783,12.783,12.869,1900110.0,25636240000.0,0.0,0.0,0.0,0.0,0.0
POW,2019-11-12,15:11:03,HOSE,STOCK,13.4,14.3,12.5,13.4,13.45,13.3,13.4,13.39,12.783,12.83,12.688,12.783,12.773,1766020.0,23641756500.0,0.0,0.0,0.0,0.0,0.0
POW,2019-11-11,15:11:02,HOSE,STOCK,13.5,14.4,12.6,13.55,13.55,13.35,13.4,13.44,12.926,12.926,12.735,12.783,12.821,2413190.0,32430344500.0,0.0,0.0,-0.1,-0.0954,-0.7407
POW,2019-11-08,15:11:01,HOSE,STOCK,13.6,14.55,12.65,13.7,13.7,13.5,13.5,13.58,13.069,13.069,12.878,12.878,12.955,1541280.0,20924472500.0,0.0,0.0,-0.1,-0.0954,-0.7353
POW,2019-11-07,15:11:02,HOSE,STOCK,13.6,14.55,12.65,13.75,13.75,13.55,13.6,13.62,13.116,13.116,12.926,12.974,12.992,1584190.0,21575961000.0,0.0,0.0,0.0,0.0,0.0
POW,2019-11-06,15:11:01,HOSE,STOCK,13.7,14.65,12.75,13.7,13.85,13.6,13.6,13.74,13.069,13.212,12.974,12.974,13.108,3032590.0,41668394500.0,0.0,0.0,-0.1,-0.0954,-0.7299
POW,2019-11-05,15:11:03,HOSE,STOCK,13.75,14.7,12.8,13.8,13.85,13.7,13.7,13.75,13.165,13.212,13.069,13.069,13.116,2233670.0,30715920000.0,0.0,0.0,-0.05,-0.0477,-0.3636
POW,2019-11-04,15:11:03,HOSE,STOCK,13.55,14.45,12.65,13.6,13.95,13.45,13.75,13.8,12.974,13.307,12.83,13.116,13.165,5394180.0,74435676000.0,0.0,0.0,0.2,0.1908,1.476
POW,2019-11-01,15:11:03,HOSE,STOCK,13.05,13.95,12.15,13.15,13.55,13.0,13.55,13.26,12.545,12.926,12.401,12.926,12.649,3475030.0,46081295500.0,0.0,0.0,0.5,0.477,3.8314
POW,2019-10-31,15:10:04,HOSE,STOCK,12.95,13.85,12.05,13.1,13.35,13.0,13.05,13.15,12.497,12.735,12.401,12.45,12.545,2865390.0,37666812500.0,0.0,0.0,0.1,0.0954,0.7722
POW,2019-10-30,15:10:04,HOSE,STOCK,12.9,13.8,12.0,12.9,13.05,12.85,12.95,12.95,12.306,12.45,12.259,12.354,12.354,1328290.0,17198556500.0,0.0,0.0,0.05,0.0477,0.3876
POW,2019-10-29,15:10:01,HOSE,STOCK,13.1,14.0,12.2,13.05,13.2,12.9,12.9,13.06,12.45,12.592,12.306,12.306,12.458,2227560.0,29085255000.0,0.0,0.0,-0.2,-0.1908,-1.5267
POW,2019-10-28,15:10:03,HOSE,STOCK,13.2,14.1,12.3,13.25,13.3,13.1,13.1,13.21,12.639,12.688,12.497,12.497,12.602,1910680.0,25234777500.0,0.0,0.0,-0.1,-0.0954,-0.7576
POW,2019-10-25,15:10:01,HOSE,STOCK,13.1,14.0,12.2,13.2,13.3,13.1,13.2,13.23,12.592,12.688,12.497,12.592,12.621,1917280.0,25363395000.0,0.0,0.0,0.1,0.0954,0.7634
POW,2019-10-24,15:10:01,HOSE,STOCK,13.0,13.9,12.1,13.1,13.2,13.05,13.1,13.08,12.497,12.592,12.45,12.497,12.478,1342400.0,17562444500.0,0.0,0.0,0.1,0.0954,0.7692
POW,2019-10-23,15:10:03,HOSE,STOCK,13.05,13.95,12.15,13.05,13.2,12.9,13.0,13.04,12.45,12.592,12.306,12.401,12.44,2690170.0,35066565000.0,0.0,0.0,-0.05,-0.0477,-0.3831
POW,2019-10-22,15:10:02,HOSE,STOCK,13.15,14.05,12.25,13.15,13.15,12.95,13.05,13.03,12.545,12.545,12.354,12.45,12.43,2448870.0,31898226000.0,0.0,0.0,-0.1,-0.0954,-0.7605
POW,2019-10-21,15:10:03,HOSE,STOCK,13.3,14.2,12.4,13.3,13.3,13.1,13.15,13.2,12.688,12.688,12.497,12.545,12.592,1395670.0,18417093500.0,0.0,0.0,-0.15,-0.1431,-1.1278
POW,2019-10-18,15:10:05,HOSE,STOCK,13.2,14.1,12.3,13.25,13.5,13.25,13.3,13.4,12.639,12.878,12.639,12.688,12.783,4298110.0,57607529000.0,0.0,0.0,0.1,0.0954,0.7576
POW,2019-10-17,15:10:02,HOSE,STOCK,13.15,14.05,12.25,13.25,13.3,13.1,13.2,13.19,12.639,12.688,12.497,12.592,12.582,1820970.0,24025045000.0,0.0,0.0,0.05,0.0477,0.3802
POW,2019-10-16,15:10:03,HOSE,STOCK,12.8,13.65,11.95,12.85,13.25,12.8,13.15,13.1,12.259,12.639,12.21,12.545,12.497,4518750.0,59203423500.0,0.0,0.0,0.35,0.3339,2.7344
POW,2019-10-15,15:10:02,HOSE,STOCK,12.85,13.7,12.0,12.8,12.85,12.75,12.8,12.8,12.21,12.259,12.163,12.21,12.21,1110460.0,14213359000.0,0.0,0.0,-0.05,-0.0477,-0.3891
POW,2019-10-14,15:10:02,HOSE,STOCK,12.75,13.6,11.9,12.8,12.9,12.7,12.85,12.79,12.21,12.306,12.115,12.259,12.201,1608460.0,20570861500.0,0.0,0.0,0.1,0.0954,0.7843
POW,2019-10-11,15:10:03,HOSE,STOCK,12.9,13.8,12.0,12.95,12.95,12.7,12.75,12.79,12.354,12.354,12.115,12.163,12.201,1290330.0,16500481500.0,0.0,0.0,-0.15,-0.1431,-1.1628
POW,2019-10-10,15:10:03,HOSE,STOCK,12.85,13.7,12.0,12.9,13.0,12.8,12.9,12.89,12.306,12.401,12.21,12.306,12.296,2137300.0,27552047500.0,0.0,0.0,0.05,0.0477,0.3891
POW,2019-10-09,15:10:01,HOSE,STOCK,12.95,13.85,12.05,12.95,13.0,12.85,12.85,12.91,12.354,12.401,12.259,12.259,12.316,1281030.0,16543663000.0,0.0,0.0,-0.1,-0.0954,-0.7722
POW,2019-10-08,15:10:02,HOSE,STOCK,13.0,13.9,12.1,13.1,13.2,12.85,12.95,13.02,12.497,12.592,12.259,12.354,12.42,1731410.0,22539202000.0,0.0,0.0,-0.05,-0.0477,-0.3846
POW,2019-10-07,15:10:02,HOSE,STOCK,12.85,13.7,12.0,12.85,13.1,12.85,13.0,13.0,12.259,12.497,12.259,12.401,12.401,2550910.0,33153695500.0,0.0,0.0,0.15,0.1431,1.1673
POW,2019-10-04,15:10:04,HOSE,STOCK,12.6,13.45,11.75,12.65,13.0,12.65,12.85,12.87,12.068,12.401,12.068,12.259,12.277,2776940.0,35746773500.0,0.0,0.0,0.25,0.2385,1.9841
POW,2019-10-03,15:10:02,HOSE,STOCK,12.8,13.65,11.95,12.7,12.75,12.5,12.6,12.6,12.115,12.163,11.924,12.02,12.02,1066530.0,13437730000.0,0.0,0.0,-0.2,-0.1908,-1.5625
POW,2019-10-02,15:10:03,HOSE,STOCK,12.85,13.7,12.0,12.85,12.85,12.7,12.8,12.79,12.259,12.259,12.115,12.21,12.201,949780.0,12148903000.0,0.0,0.0,-0.05,-0.0477,-0.3891
POW,2019-10-01,15:10:03,HOSE,STOCK,12.9,13.8,12.0,12.9,13.0,12.8,12.85,12.9,12.306,12.401,12.21,12.259,12.306,1071420.0,13823119000.0,0.0,0.0,-0.05,-0.0477,-0.3876
POW,2019-09-30,15:09:03,HOSE,STOCK,12.7,13.55,11.85,12.75,13.1,12.7,12.9,12.93,12.163,12.497,12.115,12.306,12.334,2611700.0,33760740500.0,0.0,0.0,0.2,0.1908,1.5748
POW,2019-09-27,15:09:09,HOSE,STOCK,12.3,13.15,11.45,12.5,12.85,12.35,12.7,12.59,11.924,12.259,11.782,12.115,12.01,3040780.0,38295505000.0,0.0,0.0,0.4,0.3816,3.252
POW,2019-09-26,15:09:02,HOSE,STOCK,12.35,13.2,11.5,12.45,12.45,12.2,12.3,12.31,11.877,11.877,11.638,11.733,11.743,1515400.0,18647218500.0,0.0,0.0,-0.05,-0.0477,-0.4049
POW,2019-09-25,15:09:03,HOSE,STOCK,12.5,13.35,11.65,12.5,12.55,12.3,12.35,12.43,11.924,11.972,11.733,11.782,11.857,979390.0,12169438000.0,0.0,0.0,-0.15,-0.1431,-1.2
POW,2019-09-24,15:09:04,HOSE,STOCK,12.55,13.4,11.7,12.55,12.6,12.5,12.5,12.55,11.972,12.02,11.924,11.924,11.972,485060.0,6085923500.0,0.0,0.0,-0.05,-0.0477,-0.3984
POW,2019-09-23,15:09:02,HOSE,STOCK,12.55,13.4,11.7,12.55,12.75,12.55,12.55,12.61,11.972,12.163,11.972,11.972,12.03,650780.0,8209506000.0,0.0,0.0,0.0,0.0,0.0
POW,2019-09-20,15:09:03,HOSE,STOCK,12.7,13.55,11.85,12.75,12.75,12.55,12.55,12.58,12.163,12.163,11.972,11.972,12.001,1311040.0,16499046500.0,0.0,0.0,-0.15,-0.1431,-1.1811
POW,2019-09-19,15:09:04,HOSE,STOCK,12.7,13.55,11.85,12.8,12.8,12.65,12.7,12.73,12.21,12.21,12.068,12.115,12.144,707480.0,9003922000.0,0.0,0.0,0.0,0.0,0.0
POW,2019-09-18,15:09:02,HOSE,STOCK,12.5,13.35,11.65,12.5,12.9,12.5,12.7,12.76,11.924,12.306,11.924,12.115,12.172,713690.0,9106771000.0,0.0,0.0,0.2,0.1908,1.6
POW,2019-09-17,15:09:02,HOSE,STOCK,12.7,13.55,11.85,12.65,12.7,12.5,12.5,12.58,12.068,12.115,11.924,11.924,12.001,522850.0,6578098500.0,0.0,0.0,-0.2,-0.1908,-1.5748
POW,2019-09-16,15:09:03,HOSE,STOCK,12.65,13.5,11.8,12.9,12.95,12.65,12.7,12.79,12.306,12.354,12.068,12.115,12.201,820120.0,10487057000.0,0.0,0.0,0.05,0.0477,0.3953
POW,2019-09-13,15:09:03,HOSE,STOCK,12.4,13.25,11.55,12.5,12.8,12.5,12.65,12.68,11.924,12.21,11.924,12.068,12.096,802520.0,10175905000.0,0.0,0.0,0.25,0.2385,2.0161
POW,2019-09-12,15:09:03,HOSE,STOCK,12.2,13.05,11.35,12.2,12.65,12.2,12.4,12.45,11.638,12.068,11.638,11.829,11.877,720450.0,8972786000.0,0.0,0.0,0.2,0.1908,1.6393
POW,2019-09-11,15:09:02,HOSE,STOCK,12.3,13.15,11.45,12.3,12.4,12.1,12.2,12.23,11.733,11.829,11.543,11.638,11.667,559360.0,6838330500.0,0.0,0.0,-0.1,-0.0954,-0.813
POW,2019-09-10,15:09:02,HOSE,STOCK,12.6,13.45,11.75,12.6,12.75,12.3,12.3,12.49,12.02,12.163,11.733,11.733,11.914,763800.0,9542283000.0,0.0,0.0,-0.3,-0.2862,-2.381
POW,2019-09-09,15:09:06,HOSE,STOCK,12.8,13.65,11.95,12.8,12.9,12.6,12.6,12.73,12.21,12.306,12.02,12.02,12.144,628570.0,8003431000.0,0.0,0.0,-0.2,-0.1908,-1.5625
POW,2019-09-06,15:09:03,HOSE,STOCK,12.85,13.7,12.0,12.95,12.95,12.8,12.8,12.84,12.354,12.354,12.21,12.21,12.249,230770.0,2964214000.0,0.0,0.0,-0.05,-0.0477,-0.3891
POW,2019-09-05,15:09:04,HOSE,STOCK,12.9,13.8,12.0,12.9,12.95,12.8,12.85,12.83,12.306,12.354,12.21,12.259,12.239,404840.0,5193517500.0,0.0,0.0,-0.05,-0.0477,-0.3876
POW,2019-09-04,15:09:04,HOSE,STOCK,12.9,13.8,12.0,12.9,12.95,12.8,12.9,12.86,12.306,12.354,12.21,12.306,12.268,278680.0,3584344000.0,0.0,0.0,0.0,0.0,0.0
POW,2019-09-03,15:09:04,HOSE,STOCK,12.9,13.8,12.0,13.0,13.0,12.85,12.9,12.93,12.401,12.401,12.259,12.306,12.334,324860.0,4200860500.0,0.0,0.0,0.0,0.0,0.0
POW,2019-08-30,15:08:01,HOSE,STOCK,12.8,13.65,11.95,12.95,13.0,12.85,12.9,12.95,12.354,12.401,12.259,12.306,12.354,309500.0,4008309000.0,0.0,0.0,0.1,0.0954,0.7813
POW,2019-08-29,15:08:03,HOSE,STOCK,12.9,13.8,12.0,13.0,13.0,12.8,12.8,12.86,12.401,12.401,12.21,12.21,12.268,744490.0,9573753500.0,0.0,0.0,-0.1,-0.0954,-0.7752
POW,2019-08-28,15:08:07,HOSE,STOCK,13.15,14.05,12.25,13.15,13.2,12.9,12.9,13.02,12.545,12.592,12.306,12.306,12.42,730320.0,9509773000.0,0.0,0.0,-0.25,-0.2385,-1.9011
POW,2019-08-27,15:08:02,HOSE,STOCK,12.9,13.8,12.0,12.95,13.15,12.9,13.15,13.03,12.354,12.545,12.306,12.545,12.43,1379470.0,17971981000.0,0.0,0.0,0.25,0.2385,1.938
POW,2019-08-26,15:08:02,HOSE,STOCK,13.2,14.1,12.3,13.0,13.2,12.9,12.9,12.95,12.401,12.592,12.306,12.306,12.354,1082960.0,14022817000.0,0.0,0.0,-0.3,-0.2862,-2.2727
POW,2019-08-23,15:08:08,HOSE,STOCK,13.25,14.15,12.35,13.3,13.3,13.2,13.2,13.26,12.688,12.688,12.592,12.592,12.649,924650.0,12259783500.0,0.0,0.0,-0.05,-0.0477,-0.3774
POW,2019-08-22,15:08:03,HOSE,STOCK,13.3,14.2,12.4,13.4,13.45,13.25,13.25,13.34,12.783,12.83,12.639,12.639,12.726,1289090.0,17190691500.0,0.0,0.0,-0.05,-0.0477,-0.3759
POW,2019-08-21,15:08:03,HOSE,STOCK,12.95,13.85,12.05,13.0,13.3,12.95,13.3,13.2,12.401,12.688,12.354,12.688,12.592,2333080.0,30794052500.0,0.0,0.0,0.35,0.3339,2.7027
POW,2019-08-20,15:08:03,HOSE,STOCK,12.95,13.85,12.05,12.95,13.05,12.9,12.95,12.98,12.354,12.45,12.306,12.354,12.383,821310.0,10660373500.0,0.0,0.0,0.0,0.0,0.0
POW,2019-08-19,15:08:03,HOSE,STOCK,12.9,13.8,12.0,13.15,13.15,12.8,12.95,12.94,12.545,12.545,12.21,12.354,12.344,937260.0,12131145500.0,0.0,0.0,0.05,0.0477,0.3876
POW,2019-08-16,15:08:04,HOSE,STOCK,12.8,13.65,11.95,12.8,13.0,12.8,12.9,12.92,12.21,12.401,12.21,12.306,12.325,1054600.0,13620793500.0,0.0,0.0,0.1,0.0954,0.7813
POW,2019-08-15,15:08:02,HOSE,STOCK,12.9,13.8,12.0,12.65,12.9,12.6,12.8,12.74,12.068,12.306,12.02,12.21,12.153,900070.0,11462803500.0,0.0,0.0,-0.1,-0.0954,-0.7752
POW,2019-08-14,15:08:03,HOSE,STOCK,12.9,13.8,12.0,13.1,13.2,12.9,12.9,13.04,12.497,12.592,12.306,12.306,12.44,1316790.0,17166907500.0,0.0,0.0,0.0,0.0,0.0
POW,2019-08-13,15:08:02,HOSE,STOCK,13.3,14.2,12.4,13.3,13.35,12.75,12.9,12.98,12.688,12.735,12.163,12.306,12.383,2625640.0,34075967000.0,0.0,0.0,-0.4,-0.3816,-3.0075
POW,2019-08-12,15:08:03,HOSE,STOCK,13.45,14.35,12.55,13.5,13.55,13.3,13.3,13.41,12.878,12.926,12.688,12.688,12.793,1058150.0,14193610500.0,0.0,0.0,-0.15,-0.1431,-1.1152
POW,2019-08-09,15:08:04,HOSE,STOCK,13.35,14.25,12.45,13.55,13.6,13.4,13.45,13.47,12.926,12.974,12.783,12.83,12.85,1188030.0,16008414000.0,0.0,0.0,0.1,0.0954,0.7491
POW,2019-08-08,15:08:04,HOSE,STOCK,13.4,14.3,12.5,13.45,13.55,13.25,13.35,13.36,12.83,12.926,12.639,12.735,12.745,1407860.0,18813986500.0,0.0,0.0,-0.05,-0.0477,-0.3731
POW,2019-08-07,15:08:02,HOSE,STOCK,13.45,14.35,12.55,13.5,13.8,13.35,13.4,13.47,12.878,13.165,12.735,12.783,12.85,2120610.0,28574160000.0,0.0,0.0,-0.05,-0.0477,-0.3717
POW,2019-08-06,15:08:03,HOSE,STOCK,13.9,14.85,12.95,13.4,13.85,13.4,13.45,13.58,12.783,13.212,12.783,12.83,12.955,1577560.0,21422451500.0,0.0,0.0,-0.45,-0.4293,-3.2374
POW,2019-08-05,15:08:03,HOSE,STOCK,14.0,14.95,13.05,14.05,14.35,13.9,13.9,14.1,13.403,13.689,13.26,13.26,13.451,1529800.0,21566223000.0,0.0,0.0,-0.1,-0.0954,-0.7143
POW,2019-08-02,15:08:03,HOSE,STOCK,13.9,14.85,12.95,13.95,14.25,13.8,14.0,14.1,13.307,13.593,13.165,13.355,13.451,2041200.0,28784932000.0,0.0,0.0,0.1,0.0954,0.7194
POW,2019-08-01,15:08:03,HOSE,STOCK,14.1,15.05,13.15,14.2,14.25,13.8,13.9,13.97,13.546,13.593,13.165,13.26,13.327,1116990.0,15605028000.0,0.0,0.0,-0.2,-0.1908,-1.4184
POW,2019-07-31,15:07:03,HOSE,STOCK,13.8,14.75,12.85,13.8,14.1,13.7,14.1,13.88,13.165,13.451,13.069,13.451,13.241,981860.0,13629616500.0,0.0,0.0,0.3,0.2862,2.1739
POW,2019-07-30,15:07:04,HOSE,STOCK,14.05,15.0,13.1,14.05,14.1,13.8,13.8,13.93,13.403,13.451,13.165,13.165,13.289,1393240.0,19412345500.0,0.0,0.0,-0.25,-0.2385,-1.7794
POW,2019-07-29,15:07:03,HOSE,STOCK,14.15,15.1,13.2,14.25,14.3,13.95,14.05,14.05,13.593,13.642,13.307,13.403,13.403,785670.0,11042271000.0,0.0,0.0,-0.1,-0.0954,-0.7067
POW,2019-07-26,15:07:04,HOSE,STOCK,14.15,15.1,13.2,14.3,14.4,14.15,14.15,14.22,13.642,13.737,13.498,13.498,13.565,948270.0,13482715000.0,0.0,0.0,0.0,0.0,0.0
POW,2019-07-25,15:07:02,HOSE,STOCK,14.05,15.0,13.1,14.3,14.3,14.1,14.15,14.22,13.642,13.642,13.451,13.498,13.565,1064760.0,15144983500.0,0.0,0.0,0.1,0.0954,0.7117
POW,2019-07-24,15:07:01,HOSE,STOCK,14.1,15.05,13.15,14.4,14.4,14.05,14.05,14.19,13.737,13.737,13.403,13.403,13.536,698410.0,9910462000.0,0.0,0.0,-0.05,-0.0477,-0.3546
POW,2019-07-23,15:07:13,HOSE,STOCK,14.0,14.95,13.05,14.0,14.15,13.95,14.1,14.02,13.355,13.498,13.307,13.451,13.374,668930.0,9379927500.0,0.0,0.0,0.1,0.0954,0.7143
POW,2019-07-22,15:07:02,HOSE,STOCK,14.05,15.0,13.1,14.1,14.4,13.9,14.0,14.04,13.451,13.737,13.26,13.355,13.394,1507590.0,21160906500.0,0.0,0.0,-0.05,-0.0477,-0.3559
POW,2019-07-19,15:07:03,HOSE,STOCK,14.35,15.35,13.35,14.4,14.5,14.0,14.05,14.22,13.737,13.832,13.355,13.403,13.565,1377980.0,19595628500.0,0.0,0.0,-0.3,-0.2862,-2.0906
POW,2019-07-18,15:07:01,HOSE,STOCK,14.55,15.55,13.55,14.55,14.55,14.3,14.35,14.41,13.88,13.88,13.642,13.689,13.747,886370.0,12776379000.0,0.0,0.0,-0.2,-0.1908,-1.3746
POW,2019-07-17,15:07:02,HOSE,STOCK,14.6,15.6,13.6,14.6,14.6,14.45,14.55,14.52,13.928,13.928,13.784,13.88,13.851,640600.0,9299220000.0,0.0,0.0,-0.05,-0.0477,-0.3425
POW,2019-07-16,15:07:02,HOSE,STOCK,14.7,15.7,13.7,14.7,14.8,14.6,14.6,14.67,14.023,14.119,13.928,13.928,13.995,1042270.0,15289441000.0,0.0,0.0,-0.1,-0.0954,-0.6803
POW,2019-07-15,15:07:02,HOSE,STOCK,14.9,15.9,13.9,14.75,14.9,14.7,14.7,14.73,14.07,14.214,14.023,14.023,14.052,410750.0,6051855500.0,0.0,0.0,-0.2,-0.1908,-1.3423
POW,2019-07-12,15:07:02,HOSE,STOCK,14.8,15.8,13.8,14.9,15.0,14.7,14.9,14.88,14.214,14.31,14.023,14.214,14.194,1071280.0,15939190000.0,0.0,0.0,0.1,0.0954,0.6757
POW,2019-07-11,15:07:01,HOSE,STOCK,14.7,15.7,13.7,14.8,14.85,14.65,14.8,14.76,14.119,14.166,13.975,14.119,14.08,588150.0,8680494500.0,0.0,0.0,0.1,0.0954,0.6803
POW,2019-07-10,15:07:02,HOSE,STOCK,14.5,15.5,13.5,14.6,14.85,14.6,14.7,14.78,13.928,14.166,13.928,14.023,14.099,990310.0,14640820000.0,0.0,0.0,0.2,0.1908,1.3793
POW,2019-07-09,15:07:02,HOSE,STOCK,14.65,15.65,13.65,14.6,14.7,14.5,14.5,14.61,13.928,14.023,13.832,13.832,13.937,461750.0,6746476000.0,0.0,0.0,-0.15,-0.1431,-1.0239
POW,2019-07-08,15:07:05,HOSE,STOCK,14.7,15.7,13.7,14.7,14.8,14.6,14.65,14.65,14.023,14.119,13.928,13.975,13.975,563020.0,8249726500.0,0.0,0.0,-0.05,-0.0477,-0.3401
POW,2019-07-05,15:07:02,HOSE,STOCK,14.8,15.8,13.8,14.85,14.85,14.65,14.7,14.69,14.166,14.166,13.975,14.023,14.013,563140.0,8270230500.0,0.0,0.0,-0.1,-0.0954,-0.6757
POW,2019-07-04,15:07:03,HOSE,STOCK,14.75,15.75,13.75,14.85,14.95,14.7,14.8,14.79,14.166,14.261,14.023,14.119,14.109,541380.0,8008198500.0,0.0,0.0,0.05,0.0477,0.339
POW,2019-07-03,15:07:03,HOSE,STOCK,14.8,15.8,13.8,14.7,14.85,14.6,14.75,14.75,14.023,14.166,13.928,14.07,14.07,494650.0,7296061500.0,0.0,0.0,-0.05,-0.0477,-0.3378
POW,2019-07-02,15:07:02,HOSE,STOCK,15.0,16.05,13.95,15.0,15.0,14.5,14.8,14.8,14.31,14.31,13.832,14.119,14.119,355030.0,5256012000.0,0.0,0.0,-0.2,-0.1908,-1.3333
POW,2019-07-01,15:07:01,HOSE,STOCK,15.2,16.25,14.15,15.0,15.1,14.9,15.0,14.98,14.31,14.405,14.214,14.31,14.29,935300.0,14010379500.0,0.0,0.0,-0.2,-0.1908,-1.3158
POW,2019-06-28,15:06:02,HOSE,STOCK,14.45,15.45,13.45,14.45,15.2,14.35,15.2,14.79,13.784,14.5,13.689,14.5,14.109,2710410.0,40088165500.0,0.0,0.0,0.75,0.7155,5.1903
POW,2019-06-27,15:06:02,HOSE,STOCK,14.8,15.8,13.8,14.8,14.85,14.4,14.45,14.56,14.119,14.166,13.737,13.784,13.89,1137220.0,16562070500.0,0.0,0.0,-0.35,-0.3339,-2.3649
POW,2019-06-26,15:06:01,HOSE,STOCK,14.85,15.85,13.85,14.85,15.0,14.8,14.8,14.89,14.166,14.31,14.119,14.119,14.204,882080.0,13131120000.0,0.0,0.0,-0.05,-0.0477,-0.3367
POW,2019-06-25,15:06:01,HOSE,STOCK,14.85,15.85,13.85,14.85,15.2,14.75,14.85,14.9,14.166,14.5,14.07,14.166,14.214,2049410.0,30536112000.0,0.0,0.0,0.0,0.0,0.0
POW,2019-06-24,15:06:02,HOSE,STOCK,15.4,16.45,14.35,15.4,15.4,14.8,14.85,15.03,14.691,14.691,14.119,14.166,14.338,2920390.0,43897315000.0,0.0,0.0,-0.55,-0.5247,-3.5714
POW,2019-06-21,15:06:02,HOSE,STOCK,15.5,16.55,14.45,15.6,15.7,15.3,15.4,15.4,14.882,14.977,14.596,14.691,14.691,33346330.0,513657420499.99994,0.0,0.0,-0.1,-0.0954,-0.6452
POW,2019-06-20,15:06:05,HOSE,STOCK,15.65,16.7,14.6,15.6,15.65,15.45,15.5,15.52,14.882,14.929,14.738,14.787,14.805,1217460.0,18893225500.0,0.0,0.0,-0.15,-0.1431,-0.9585
POW,2019-06-19,15:06:02,HOSE,STOCK,15.8,16.9,14.7,15.9,15.9,15.65,15.65,15.71,15.168,15.168,14.929,14.929,14.986,1797490.0,28236762500.0,0.0,0.0,-0.15,-0.1431,-0.9494
POW,2019-06-18,15:06:03,HOSE,STOCK,15.95,17.05,14.85,16.0,16.05,15.75,15.8,15.86,15.264,15.311,15.025,15.073,15.13,3147750.0,49938730000.0,0.0,0.0,-0.15,-0.1431,-0.9404
POW,2019-06-17,15:06:02,HOSE,STOCK,15.6,16.65,14.55,15.95,16.0,15.7,15.95,15.89,15.215,15.264,14.977,15.215,15.158,3637680.0,57785048000.0,0.0,0.0,0.35,0.3339,2.2436
POW,2019-06-14,15:06:03,HOSE,STOCK,15.6,16.65,14.55,15.4,15.75,15.4,15.6,15.55,14.691,15.025,14.691,14.882,14.834,520010.0,8084709000.0,0.0,0.0,0.0,0.0,0.0
POW,2019-06-13,15:06:02,HOSE,STOCK,15.75,16.85,14.65,15.75,15.75,15.45,15.6,15.59,15.025,15.025,14.738,14.882,14.872,1315050.0,20496060500.0,0.0,0.0,-0.15,-0.1431,-0.9524
POW,2019-06-12,15:06:02,HOSE,STOCK,15.85,16.95,14.75,15.85,15.85,15.65,15.75,15.73,15.12,15.12,14.929,15.025,15.006,1922670.0,30252913000.0,0.0,0.0,-0.1,-0.0954,-0.6309
POW,2019-06-11,15:06:01,HOSE,STOCK,16.1,17.2,15.0,16.1,16.15,15.8,15.85,15.89,15.359,15.406,15.073,15.12,15.158,1320290.0,20983490000.0,0.0,0.0,-0.25,-0.2385,-1.5528
POW,2019-06-10,15:06:01,HOSE,STOCK,16.05,17.15,14.95,16.3,16.4,16.05,16.1,16.2,15.55,15.645,15.311,15.359,15.454,2921550.0,47322237000.0,0.0,0.0,0.05,0.0477,0.3115
POW,2019-06-07,15:06:01,HOSE,STOCK,15.75,16.85,14.65,15.85,16.1,15.85,16.05,15.95,15.12,15.359,15.12,15.311,15.215,3216140.0,51290215000.0,0.0,0.0,0.3,0.2862,1.9048
POW,2019-06-06,15:06:02,HOSE,STOCK,15.6,16.65,14.55,15.6,15.75,15.5,15.75,15.62,14.882,15.025,14.787,15.025,14.901,1463300.0,22856790500.0,0.0,0.0,0.15,0.1431,0.9615
POW,2019-06-05,15:06:01,HOSE,STOCK,15.5,16.55,14.45,15.6,15.65,15.5,15.6,15.57,14.882,14.929,14.787,14.882,14.853,1431870.0,22293797000.0,0.0,0.0,0.1,0.0954,0.6452
POW,2019-06-04,15:06:01,HOSE,STOCK,15.2,16.25,14.15,15.2,15.6,15.2,15.5,15.46,14.5,14.882,14.5,14.787,14.748,857300.0,13254916500.0,0.0,0.0,0.3,0.2862,1.9737
POW,2019-06-03,15:06:01,HOSE,STOCK,15.25,16.3,14.2,15.15,15.4,14.9,15.2,15.09,14.452,14.691,14.214,14.5,14.395,1182880.0,17851415500.0,0.0,0.0,-0.05,-0.0477,-0.3279
POW,2019-05-31,15:05:02,HOSE,STOCK,15.7,16.75,14.65,15.7,15.7,15.25,15.25,15.43,14.977,14.977,14.548,14.548,14.72,1733870.0,26747277000.0,0.0,0.0,-0.45,-0.4293,-2.8662
POW,2019-05-30,15:05:01,HOSE,STOCK,15.7,16.75,14.65,15.8,15.8,15.65,15.7,15.72,15.073,15.073,14.929,14.977,14.996,1021950.0,16065929000.0,0.0,0.0,0.0,0.0,0.0
POW,2019-05-29,15:05:02,HOSE,STOCK,16.0,17.1,14.9,15.8,15.9,15.7,15.7,15.76,15.073,15.168,14.977,14.977,15.034,1945380.0,30650263000.0,0.0,0.0,-0.3,-0.2862,-1.875
POW,2019-05-28,15:05:02,HOSE,STOCK,15.8,16.9,14.7,16.0,16.2,15.8,16.0,16.01,15.264,15.454,15.073,15.264,15.272,5215080.0,83496717500.0,0.0,0.0,0.2,0.1908,1.2658
POW,2019-05-27,15:05:01,HOSE,STOCK,15.7,16.75,14.65,15.8,15.95,15.7,15.8,15.84,15.073,15.215,14.977,15.073,15.11,2310430.0,36594246000.0,0.0,0.0,0.1,0.0954,0.6369
POW,2019-05-24,15:05:01,HOSE,STOCK,15.5,16.55,14.45,15.5,15.8,15.3,15.7,15.64,14.787,15.073,14.596,14.977,14.919,2890960.0,45203235500.0,0.0,0.0,0.2,0.1908,1.2903
POW,2019-05-23,15:05:01,HOSE,STOCK,15.45,16.5,14.4,15.35,15.5,15.3,15.5,15.4,14.643,14.787,14.596,14.787,14.691,1087530.0,16743682000.0,0.0,0.0,0.05,0.0477,0.3236
POW,2019-05-22,15:05:01,HOSE,STOCK,15.4,16.45,14.35,15.45,15.75,15.4,15.45,15.56,14.738,15.025,14.691,14.738,14.844,2668910.0,41525118000.0,0.0,0.0,0.05,0.0477,0.3247
POW,2019-05-21,15:05:01,HOSE,STOCK,15.5,16.55,14.45,15.5,15.6,15.35,15.4,15.44,14.787,14.882,14.643,14.691,14.729,2095150.0,32343594000.0,0.0,0.0,-0.1,-0.0954,-0.6452
POW,2019-05-20,15:05:01,HOSE,STOCK,15.45,16.5,14.4,15.5,15.6,15.4,15.5,15.49,14.787,14.882,14.691,14.787,14.777,2200780.0,34088771500.0,0.0,0.0,0.05,0.0477,0.3236
POW,2019-05-17,15:05:01,HOSE,STOCK,15.2,16.25,14.15,15.3,15.65,15.25,15.45,15.45,14.596,14.929,14.548,14.738,14.738,3015910.0,46599424500.0,0.0,0.0,0.25,0.2385,1.6447
POW,2019-05-16,15:05:01,HOSE,STOCK,15.5,16.55,14.45,15.4,15.6,15.2,15.2,15.38,14.691,14.882,14.5,14.5,14.671,2155740.0,33157984000.0,0.0,0.0,-0.3,-0.2862,-1.9355
POW,2019-05-15,15:05:01,HOSE,STOCK,15.2,16.25,14.15,15.75,15.95,15.45,15.5,15.67,15.025,15.215,14.738,14.787,14.949,4049060.0,63436643000.0,0.0,0.0,0.3,0.2862,1.9737
POW,2019-05-14,15:05:02,HOSE,STOCK,14.25,15.2,13.3,14.4,15.2,14.4,15.2,14.98,13.737,14.5,13.737,14.5,14.29,5562230.0,83323526000.0,0.0,0.0,0.95,0.9063,6.6667
POW,2019-05-13,15:05:01,HOSE,STOCK,13.6,14.55,12.65,13.8,14.3,13.8,14.25,14.1,13.165,13.642,13.165,13.593,13.451,2065340.0,29130558500.0,0.0,0.0,0.65,0.62,4.7794
POW,2019-05-10,15:05:01,HOSE,STOCK,13.5,14.4,12.6,13.65,13.65,13.35,13.6,13.49,13.021,13.021,12.735,12.974,12.869,1510150.0,20367341500.0,0.0,0.0,0.1,0.0954,0.7407
POW,2019-05-09,15:05:02,HOSE,STOCK,13.7,14.65,12.75,13.85,13.9,13.3,13.5,13.54,13.212,13.26,12.688,12.878,12.917,2839890.0,38460126000.0,0.0,0.0,-0.2,-0.1908,-1.4599
POW,2019-05-08,15:05:01,HOSE,STOCK,13.9,14.85,12.95,13.9,14.0,13.65,13.7,13.8,13.26,13.355,13.021,13.069,13.165,1830900.0,25263225500.0,0.0,0.0,-0.2,-0.1908,-1.4388
POW,2019-05-07,15:05:02,HOSE,STOCK,14.25,15.2,13.3,14.25,14.35,13.9,13.9,14.03,13.593,13.689,13.26,13.26,13.384,1733430.0,24316446500.0,0.0,0.0,-0.35,-0.3339,-2.4561
POW,2019-05-06,15:05:01,HOSE,STOCK,14.6,15.6,13.6,14.2,14.4,14.1,14.25,14.24,13.546,13.737,13.451,13.593,13.585,719510.0,10245151500.0,0.0,0.0,-0.35,-0.3339,-2.3973
POW,2019-05-03,15:05:03,HOSE,STOCK,14.65,15.65,13.65,14.65,14.7,14.55,14.6,14.61,13.975,14.023,13.88,13.928,13.937,548580.0,8012254500.0,0.0,0.0,-0.05,-0.0477,-0.3413
POW,2019-05-02,15:05:04,HOSE,STOCK,14.8,15.8,13.8,14.8,14.85,14.6,14.65,14.69,14.119,14.166,13.928,13.975,14.013,741980.0,10900794000.0,0.0,0.0,-0.15,-0.1431,-1.0135
POW,2019-04-26,15:04:02,HOSE,STOCK,14.35,15.35,13.35,14.2,14.8,14.15,14.8,14.56,13.546,14.119,13.498,14.119,13.89,1125830.0,16396816000.0,0.0,0.0,0.45,0.4293,3.1359
POW,2019-04-25,15:04:02,HOSE,STOCK,14.5,15.5,13.5,14.5,14.5,14.25,14.35,14.36,13.832,13.832,13.593,13.689,13.699,507830.0,7291707500.0,0.0,0.0,-0.15,-0.1431,-1.0345
POW,2019-04-24,15:04:02,HOSE,STOCK,14.15,15.1,13.2,14.2,14.5,14.1,14.5,14.33,13.546,13.832,13.451,13.832,13.67,1116670.0,16005642500.0,0.0,0.0,0.35,0.3339,2.4735
POW,2019-04-23,15:04:01,HOSE,STOCK,14.25,15.2,13.3,14.2,14.5,14.0,14.15,14.15,13.546,13.832,13.355,13.498,13.498,1585540.0,22428699500.0,0.0,0.0,-0.1,-0.0954,-0.7018
POW,2019-04-22,15:04:02,HOSE,STOCK,14.1,15.05,13.15,14.1,14.35,14.0,14.25,14.15,13.451,13.689,13.355,13.593,13.498,644070.0,9114685500.0,0.0,0.0,0.15,0.1431,1.0638
POW,2019-04-19,15:04:02,HOSE,STOCK,14.4,15.4,13.4,14.4,14.6,13.95,14.1,14.14,13.737,13.928,13.307,13.451,13.489,2911730.0,41178642000.0,0.0,0.0,-0.3,-0.2862,-2.0833
POW,2019-04-18,15:04:01,HOSE,STOCK,14.65,15.65,13.65,14.65,14.95,14.3,14.4,14.5,13.975,14.261,13.642,13.737,13.832,1797300.0,26060105000.0,0.0,0.0,-0.25,-0.2385,-1.7065
POW,2019-04-17,15:04:01,HOSE,STOCK,15.0,16.05,13.95,15.1,15.1,14.65,14.65,14.86,14.405,14.405,13.975,13.975,14.176,1109360.0,16479579000.0,0.0,0.0,-0.35,-0.3339,-2.3333
POW,2019-04-16,15:04:01,HOSE,STOCK,15.15,16.2,14.1,15.05,15.05,14.9,15.0,14.98,14.357,14.357,14.214,14.31,14.29,671970.0,10065456500.0,0.0,0.0,-0.15,-0.1431,-0.9901
POW,2019-04-12,15:04:01,HOSE,STOCK,15.05,16.1,14.0,15.0,15.15,14.95,15.15,15.05,14.31,14.452,14.261,14.452,14.357,600920.0,9043293500.0,0.0,0.0,0.1,0.0954,0.6645
POW,2019-04-11,15:04:01,HOSE,STOCK,15.05,16.1,14.0,15.1,15.15,15.0,15.05,15.07,14.405,14.452,14.31,14.357,14.376,681090.0,10261609500.0,0.0,0.0,0.0,0.0,0.0
POW,2019-04-10,15:04:01,HOSE,STOCK,15.25,16.3,14.2,15.25,15.25,15.0,15.05,15.11,14.548,14.548,14.31,14.357,14.414,1394870.0,21070692500.0,0.0,0.0,-0.2,-0.1908,-1.3115
POW,2019-04-09,15:04:01,HOSE,STOCK,15.55,16.6,14.5,15.65,15.65,15.25,15.25,15.38,14.929,14.929,14.548,14.548,14.671,999160.0,15370618000.0,0.0,0.0,-0.3,-0.2862,-1.9293
POW,2019-04-08,15:04:02,HOSE,STOCK,15.4,16.45,14.35,15.45,15.6,15.4,15.55,15.51,14.738,14.882,14.691,14.834,14.795,2362440.0,36637622500.0,0.0,0.0,0.15,0.1431,0.974
POW,2019-04-05,15:04:01,HOSE,STOCK,15.25,16.3,14.2,15.4,15.55,15.25,15.4,15.42,14.691,14.834,14.548,14.691,14.71,1648190.0,25407390000.0,0.0,0.0,0.15,0.1431,0.9836
POW,2019-04-04,15:04:01,HOSE,STOCK,15.3,16.35,14.25,15.4,15.45,15.25,15.25,15.35,14.691,14.738,14.548,14.548,14.643,1308300.0,20084188000.0,0.0,0.0,-0.05,-0.0477,-0.3268
POW,2019-04-03,15:04:01,HOSE,STOCK,15.3,16.35,14.25,15.35,15.35,15.2,15.3,15.26,14.643,14.643,14.5,14.596,14.557,587910.0,8970816000.0,0.0,0.0,0.0,0.0,0.0
POW,2019-04-02,15:04:01,HOSE,STOCK,15.3,16.35,14.25,15.5,15.55,15.3,15.3,15.44,14.787,14.834,14.596,14.596,14.729,2096660.0,32369080500.0,0.0,0.0,0.0,0.0,0.0
POW,2019-04-01,15:04:01,HOSE,STOCK,15.15,16.2,14.1,15.2,15.3,15.05,15.3,15.15,14.5,14.596,14.357,14.596,14.452,1403170.0,21263068000.0,0.0,0.0,0.15,0.1431,0.9901
POW,2019-03-29,15:03:01,HOSE,STOCK,15.25,16.3,14.2,15.4,15.45,15.15,15.15,15.26,14.691,14.738,14.452,14.452,14.557,696560.0,10628938000.0,0.0,0.0,-0.1,-0.0954,-0.6557
POW,2019-03-28,15:03:02,HOSE,STOCK,15.4,16.45,14.35,15.35,15.4,15.25,15.25,15.3,14.643,14.691,14.548,14.548,14.596,457770.0,7001592500.0,0.0,0.0,-0.15,-0.1431,-0.974
POW,2019-03-27,15:03:01,HOSE,STOCK,14.85,15.85,13.85,15.0,15.55,15.0,15.4,15.33,14.31,14.834,14.31,14.691,14.624,3047950.0,46709864000.0,0.0,0.0,0.55,0.5247,3.7037
POW,2019-03-26,15:03:02,HOSE,STOCK,14.9,15.9,13.9,15.15,15.15,14.8,14.85,14.89,14.452,14.452,14.119,14.166,14.204,1539410.0,22924288500.0,0.0,0.0,-0.05,-0.0477,-0.3356
POW,2019-03-25,15:03:02,HOSE,STOCK,15.5,16.55,14.45,15.1,15.25,14.85,14.9,15.01,14.405,14.548,14.166,14.214,14.318,3191830.0,47894083500.0,0.0,0.0,-0.6,-0.5724,-3.871
POW,2019-03-22,15:03:01,HOSE,STOCK,15.3,16.35,14.25,15.3,15.65,15.3,15.5,15.49,14.596,14.929,14.596,14.787,14.777,2211480.0,34256217500.0,0.0,0.0,0.2,0.1908,1.3072
POW,2019-03-21,15:03:02,HOSE,STOCK,15.85,16.95,14.75,15.95,16.0,15.3,15.3,15.61,15.215,15.264,14.596,14.596,14.891,2162840.0,33757599000.0,0.0,0.0,-0.55,-0.5247,-3.47
POW,2019-03-20,15:03:02,HOSE,STOCK,15.55,16.6,14.5,15.55,16.15,15.25,15.85,15.58,14.834,15.406,14.548,15.12,14.862,4660610.0,72634372000.0,0.0,0.0,0.3,0.2862,1.9293
POW,2019-03-19,15:03:02,HOSE,STOCK,15.8,16.9,14.7,15.8,16.1,15.5,15.55,15.65,15.073,15.359,14.787,14.834,14.929,2644790.0,41382189500.0,0.0,0.0,-0.25,-0.2385,-1.5823
POW,2019-03-18,15:03:02,HOSE,STOCK,16.3,17.4,15.2,16.3,16.3,15.6,15.8,15.96,15.55,15.55,14.882,15.073,15.225,5694310.0,90891851000.0,0.0,0.0,-0.5,-0.477,-3.0675
POW,2019-03-15,15:03:02,HOSE,STOCK,16.6,17.75,15.45,16.6,16.6,16.3,16.3,16.37,15.835,15.835,15.55,15.55,15.616,1643500.0,26907311000.0,0.0,0.0,-0.3,-0.2862,-1.8072
POW,2019-03-14,15:03:02,HOSE,STOCK,16.5,17.65,15.35,16.55,16.6,16.45,16.6,16.52,15.788,15.835,15.692,15.835,15.759,1449750.0,23942728500.0,0.0,0.0,0.1,0.0954,0.6061
POW,2019-03-13,15:03:02,HOSE,STOCK,16.35,17.45,15.25,16.7,16.75,16.5,16.5,16.62,15.93,15.979,15.741,15.741,15.855,2715120.0,45127518000.0,0.0,0.0,0.15,0.1431,0.9174
POW,2019-03-12,15:03:03,HOSE,STOCK,16.35,17.45,15.25,16.55,16.7,16.2,16.35,16.44,15.788,15.93,15.454,15.597,15.683,3079800.0,50623574000.0,0.0,0.0,0.0,0.0,0.0
POW,2019-03-11,15:03:02,HOSE,STOCK,16.7,17.85,15.55,16.7,16.7,16.15,16.35,16.35,15.93,15.93,15.406,15.597,15.597,2640560.0,43165689500.0,0.0,0.0,-0.35,-0.3339,-2.0958
POW,2019-03-08,15:03:01,HOSE,STOCK,16.95,18.1,15.8,16.8,16.8,16.6,16.7,16.68,16.026,16.026,15.835,15.93,15.912,1326590.0,22132954500.0,0.0,0.0,-0.25,-0.2385,-1.4749
POW,2019-03-07,15:03:03,HOSE,STOCK,16.85,18.0,15.7,16.9,17.0,16.7,16.95,16.87,16.121,16.217,15.93,16.17,16.093,1974070.0,33299106000.0,0.0,0.0,0.1,0.0954,0.5935
POW,2019-03-06,15:03:01,HOSE,STOCK,16.8,17.95,15.65,16.9,17.05,16.65,16.85,16.8,16.121,16.265,15.883,16.074,16.026,2418960.0,40639379000.0,0.0,0.0,0.05,0.0477,0.2976
POW,2019-03-05,15:03:02,HOSE,STOCK,16.45,17.6,15.3,16.6,17.1,16.45,16.8,16.85,15.835,16.312,15.692,16.026,16.074,3907610.0,65843463500.0,0.0,0.0,0.35,0.3339,2.1277
POW,2019-03-04,15:03:01,HOSE,STOCK,16.7,17.85,15.55,16.8,16.95,16.45,16.45,16.63,16.026,16.17,15.692,15.692,15.865,2024920.0,33675220000.0,0.0,0.0,-0.25,-0.2385,-1.497
POW,2019-03-01,15:03:01,HOSE,STOCK,16.1,17.2,15.0,16.1,16.7,16.05,16.7,16.44,15.359,15.93,15.311,15.93,15.683,2603830.0,42812721500.0,0.0,0.0,0.6,0.5723,3.7267
POW,2019-02-28,15:02:02,HOSE,STOCK,16.4,17.5,15.3,16.45,16.45,16.1,16.1,16.2,15.692,15.692,15.359,15.359,15.454,1692050.0,27418805500.0,0.0,0.0,-0.3,-0.2862,-1.8293
POW,2019-02-27,15:02:02,HOSE,STOCK,16.25,17.35,15.15,16.25,16.5,16.25,16.4,16.36,15.502,15.741,15.502,15.645,15.607,1365590.0,22337154500.0,0.0,0.0,0.15,0.1431,0.9231
POW,2019-02-26,15:02:01,HOSE,STOCK,16.4,17.5,15.3,16.4,16.45,16.15,16.25,16.26,15.645,15.692,15.406,15.502,15.511,1675950.0,27245293500.0,0.0,0.0,-0.15,-0.1431,-0.9146
POW,2019-02-25,15:02:02,HOSE,STOCK,16.2,17.3,15.1,16.2,16.5,16.2,16.4,16.33,15.454,15.741,15.454,15.645,15.578,1893470.0,30923540500.0,0.0,0.0,0.2,0.1908,1.2346
POW,2019-02-22,15:02:01,HOSE,STOCK,16.45,17.6,15.3,16.45,16.55,15.95,16.2,16.18,15.692,15.788,15.215,15.454,15.435,5377940.0,87027439500.0,0.0,0.0,-0.25,-0.2385,-1.5198
POW,2019-02-21,15:02:01,HOSE,STOCK,16.55,17.7,15.4,16.5,16.8,16.35,16.45,16.6,15.741,16.026,15.597,15.692,15.835,4536990.0,75302743500.0,0.0,0.0,-0.1,-0.0954,-0.6042
POW,2019-02-20,15:02:01,HOSE,STOCK,16.95,18.1,15.8,16.9,17.0,16.55,16.55,16.76,16.121,16.217,15.788,15.788,15.989,3391290.0,56844724500.0,0.0,0.0,-0.4,-0.3816,-2.3599
POW,2019-02-19,15:02:01,HOSE,STOCK,17.5,18.7,16.3,17.5,17.6,16.9,16.95,17.32,16.694,16.789,16.121,16.17,16.523,3702110.0,64109322000.0,0.0,0.0,-0.55,-0.5247,-3.1429
POW,2019-02-18,15:02:01,HOSE,STOCK,16.75,17.9,15.6,16.85,17.5,16.85,17.5,17.17,16.074,16.694,16.074,16.694,16.379,8489990.0,145739099500.0,0.0,0.0,0.75,0.7155,4.4776
POW,2019-02-15,15:02:01,HOSE,STOCK,16.85,18.0,15.7,16.95,17.0,16.75,16.75,16.86,16.17,16.217,15.979,15.979,16.084,3055960.0,51523419000.0,0.0,0.0,-0.1,-0.0954,-0.5935
POW,2019-02-14,15:02:01,HOSE,STOCK,16.85,18.0,15.7,16.8,17.2,16.7,16.85,16.93,16.026,16.408,15.93,16.074,16.151,5089900.0,86162013000.0,0.0,0.0,0.0,0.0,0.0
POW,2019-02-13,15:02:02,HOSE,STOCK,16.9,18.05,15.75,16.9,16.9,16.7,16.85,16.8,16.121,16.121,15.93,16.074,16.026,3916110.0,65799927500.0,0.0,0.0,-0.05,-0.0477,-0.2959
POW,2019-02-12,15:02:02,HOSE,STOCK,16.95,18.1,15.8,17.0,17.0,16.85,16.9,16.91,16.217,16.217,16.074,16.121,16.131,2686510.0,45438360500.0,0.0,0.0,-0.05,-0.0477,-0.295
POW,2019-02-11,15:02:02,HOSE,STOCK,16.55,17.7,15.4,16.65,17.1,16.65,16.95,16.94,15.883,16.312,15.883,16.17,16.16,3752380.0,63550524000.0,0.0,0.0,0.4,0.3816,2.4169
POW,2019-02-01,15:02:01,HOSE,STOCK,16.45,17.6,15.3,16.35,16.7,16.35,16.55,16.51,15.597,15.93,15.597,15.788,15.75,1619200.0,26740698000.0,0.0,0.0,0.1,0.0954,0.6079
POW,2019-01-31,15:01:02,HOSE,STOCK,16.8,17.95,15.65,16.8,16.95,16.4,16.45,16.61,16.026,16.17,15.645,15.692,15.845,2362380.0,39248142500.0,0.0,0.0,-0.35,-0.3339,-2.0833
POW,2019-01-30,15:01:01,HOSE,STOCK,16.3,17.4,15.2,16.3,17.35,16.3,16.8,16.77,15.55,16.551,15.55,16.026,15.997,7552940.0,126677077500.0,0.0,0.0,0.5,0.477,3.0675
POW,2019-01-29,15:01:01,HOSE,STOCK,15.75,16.85,14.65,15.8,16.4,15.65,16.3,16.13,15.073,15.645,14.929,15.55,15.388,4980230.0,80321010000.0,0.0,0.0,0.55,0.5247,3.4921
POW,2019-01-28,15:01:01,HOSE,STOCK,15.4,16.45,14.35,15.4,15.85,15.4,15.75,15.69,14.691,15.12,14.691,15.025,14.968,3064880.0,48073715500.0,0.0,0.0,0.35,0.3339,2.2727
POW,2019-01-25,15:01:01,HOSE,STOCK,15.4,16.45,14.35,15.4,15.4,15.3,15.4,15.35,14.691,14.691,14.596,14.691,14.643,435200.0,6681918000.0,0.0,0.0,0.0,0.0,0.0
POW,2019-01-24,15:01:01,HOSE,STOCK,15.5,16.55,14.45,15.4,15.5,15.35,15.4,15.41,14.691,14.787,14.643,14.691,14.7,517110.0,7969393000.0,0.0,0.0,-0.1,-0.0954,-0.6452
POW,2019-01-23,15:01:01,HOSE,STOCK,15.5,16.55,14.45,15.5,15.5,15.35,15.5,15.48,14.787,14.787,14.643,14.787,14.767,977240.0,15126259000.0,0.0,0.0,0.0,0.0,0.0
POW,2019-01-22,15:01:02,HOSE,STOCK,15.35,16.4,14.3,15.35,15.55,15.35,15.5,15.49,14.643,14.834,14.643,14.787,14.777,1768140.0,27388237000.0,0.0,0.0,0.15,0.1431,0.9772
POW,2019-01-21,15:01:01,HOSE,STOCK,15.2,16.25,14.15,15.2,15.55,14.8,15.35,15.26,14.5,14.834,14.119,14.643,14.557,1817190.0,27735708500.0,0.0,0.0,0.15,0.1431,0.9868
POW,2019-01-18,15:01:01,HOSE,STOCK,15.6,16.65,14.55,15.5,15.55,15.2,15.2,15.46,14.787,14.834,14.5,14.5,14.748,1448780.0,22392897000.0,0.0,0.0,-0.4,-0.3816,-2.5641
POW,2019-01-17,15:01:01,HOSE,STOCK,15.6,16.65,14.55,15.55,15.7,15.45,15.6,15.58,14.834,14.977,14.738,14.882,14.862,2113620.0,32938240500.0,0.0,0.0,0.0,0.0,0.0
POW,2019-01-16,15:01:01,HOSE,STOCK,15.7,16.75,14.65,15.7,15.7,15.55,15.6,15.61,14.977,14.977,14.834,14.882,14.891,2143250.0,33446569500.0,0.0,0.0,-0.1,-0.0954,-0.6369
POW,2019-01-15,15:01:01,HOSE,STOCK,15.6,16.65,14.55,15.65,15.8,15.35,15.7,15.66,14.929,15.073,14.643,14.977,14.939,2169510.0,33972550500.0,0.0,0.0,0.1,0.0954,0.641
POW,2019-01-14,15:01:01,HOSE,STOCK,14.9,17.85,11.95,15.7,15.8,15.3,15.6,15.52,14.977,15.073,14.596,14.882,14.805,5012350.0,77793442500.0,0.0,0.0,0.7,0.6678,4.698
POW,2018-12-27,15:12:02,UPCOM,STOCK,14.8,17.0,12.6,15.0,16.1,14.9,16.0,15.472,14.31,15.359,14.214,15.264,14.76,6707000.0,103770291000.0,0.0,0.0,1.2,1.1448,8.1081
POW,2018-12-26,15:12:01,UPCOM,STOCK,14.4,16.5,12.3,14.7,14.9,14.7,14.9,14.849,14.023,14.214,14.023,14.214,14.165,1406680.0,20888298000.0,0.0,0.0,0.5,0.477,3.4722
POW,2018-12-25,15:12:01,UPCOM,STOCK,14.8,17.0,12.6,14.6,14.8,14.2,14.7,14.442,13.928,14.119,13.546,14.023,13.777,1487785.0,21486861100.0,0.0,0.0,-0.1,-0.0954,-0.6757
POW,2018-12-24,15:12:01,UPCOM,STOCK,14.9,17.1,12.7,13.4,15.0,13.4,14.8,14.81,12.783,14.31,12.783,14.119,14.128,947390.0,14030875000.0,0.0,0.0,-0.1,-0.0954,-0.6711
POW,2018-12-21,15:12:01,UPCOM,STOCK,15.0,17.2,12.8,15.0,15.0,14.8,15.0,14.897,14.31,14.31,14.119,14.31,14.211,951510.0,14175050000.0,0.0,0.0,0.0,0.0,0.0
POW,2018-12-20,15:12:01,UPCOM,STOCK,14.9,17.1,12.7,14.8,15.1,14.4,15.0,15.001,14.119,14.405,13.737,14.31,14.31,707270.0,10609506000.0,0.0,0.0,0.1,0.0954,0.6711
POW,2018-12-19,15:12:01,UPCOM,STOCK,14.7,16.9,12.5,15.0,15.1,14.8,15.0,14.914,14.31,14.405,14.119,14.31,14.227,1034990.0,15436136000.000002,0.0,0.0,0.3,0.2862,2.0408
POW,2018-12-18,15:12:01,UPCOM,STOCK,15.0,17.2,12.8,14.7,15.0,14.4,15.0,14.734,14.023,14.31,13.737,14.31,14.056,1879706.0,27694850600.0,0.0,0.0,0.0,0.0,0.0
POW,2018-12-17,15:12:01,UPCOM,STOCK,15.4,17.7,13.1,15.3,15.3,14.8,14.8,14.996,14.596,14.596,14.119,14.119,14.306,983130.0,14742783000.0,0.0,0.0,-0.6,-0.5724,-3.8961
POW,2018-12-14,15:12:01,UPCOM,STOCK,15.4,17.7,13.1,15.4,15.5,15.2,15.2,15.365,14.691,14.787,14.5,14.5,14.658,1083590.0,16649366000.0,0.0,0.0,-0.2,-0.1908,-1.2987
POW,2018-12-13,15:12:01,UPCOM,STOCK,15.3,17.5,13.1,15.4,15.5,15.3,15.4,15.4,14.691,14.787,14.596,14.691,14.691,896689.0,13808739700.0,0.0,0.0,0.1,0.0954,0.6536
POW,2018-12-12,15:12:01,UPCOM,STOCK,15.1,17.3,12.9,15.1,15.4,15.1,15.3,15.257,14.405,14.691,14.405,14.596,14.554,540080.0,8240193000.0,0.0,0.0,0.2,0.1908,1.3245
POW,2018-12-11,15:12:01,UPCOM,STOCK,15.3,17.5,13.1,15.2,15.3,14.9,15.0,15.068,14.5,14.596,14.214,14.31,14.374,1740230.0,26221064000.0,0.0,0.0,-0.3,-0.2862,-1.9608
POW,2018-12-10,15:12:01,UPCOM,STOCK,15.4,17.7,13.1,15.5,15.5,15.2,15.3,15.287,14.787,14.787,14.5,14.596,14.583,1176472.0,17985116000.0,0.0,0.0,-0.1,-0.0954,-0.6494
POW,2018-12-07,15:12:02,UPCOM,STOCK,15.4,17.7,13.1,15.4,15.5,15.3,15.5,15.392,14.691,14.787,14.596,14.787,14.683,1204452.0,18538483800.0,0.0,0.0,0.1,0.0954,0.6494
POW,2018-12-06,15:12:01,UPCOM,STOCK,15.5,17.8,13.2,15.6,15.6,15.2,15.4,15.388,14.882,14.882,14.5,14.691,14.679,1615808.0,24864352200.0,0.0,0.0,-0.1,-0.0954,-0.6452
POW,2018-12-05,15:12:01,UPCOM,STOCK,15.4,17.7,13.1,15.4,15.6,15.2,15.6,15.477,14.691,14.882,14.5,14.882,14.764,1799701.0,27853093700.0,0.0,0.0,0.2,0.1908,1.2987
POW,2018-12-04,15:12:01,UPCOM,STOCK,14.9,17.1,12.7,15.0,15.7,15.0,15.6,15.392,14.31,14.977,14.31,14.882,14.683,3482852.0,53608731700.0,0.0,0.0,0.7,0.6678,4.698
POW,2018-12-03,15:12:01,UPCOM,STOCK,14.7,16.9,12.5,15.0,15.1,14.8,15.0,14.938,14.31,14.405,14.119,14.31,14.25,1255405.0,18752741000.0,0.0,0.0,0.3,0.2862,2.0408
POW,2018-11-30,15:11:01,UPCOM,STOCK,14.8,17.0,12.6,14.7,14.8,14.5,14.8,14.677,14.023,14.119,13.832,14.119,14.001,738390.0,10837646300.0,0.0,0.0,0.0,0.0,0.0
POW,2018-11-29,15:11:01,UPCOM,STOCK,14.9,17.1,12.7,15.0,15.1,14.6,14.7,14.826,14.31,14.405,13.928,14.023,14.143,1219592.0,18082286600.0,0.0,0.0,-0.2,-0.1908,-1.3423
POW,2018-11-28,15:11:01,UPCOM,STOCK,14.9,17.1,12.7,14.9,15.0,14.8,14.9,14.867,14.214,14.31,14.119,14.214,14.183,647448.0,9625460000.0,0.0,0.0,0.0,0.0,0.0
POW,2018-11-27,15:11:01,UPCOM,STOCK,15.0,17.2,12.8,15.1,15.2,14.7,14.8,14.887,14.405,14.5,14.023,14.119,14.201,1115600.0,16608190000.0,0.0,0.0,-0.2,-0.1908,-1.3333
POW,2018-11-26,15:11:01,UPCOM,STOCK,14.5,16.6,12.4,14.4,15.3,14.4,15.1,15.012,13.737,14.596,13.737,14.405,14.32,1481185.0,22235695500.0,0.0,0.0,0.6,0.5724,4.1379
POW,2018-11-23,15:11:01,UPCOM,STOCK,14.4,16.5,12.3,14.8,14.8,14.3,14.4,14.474,14.119,14.119,13.642,13.737,13.808,1279600.0,18520450200.000004,0.0,0.0,0.0,0.0,0.0
POW,2018-11-22,15:11:01,UPCOM,STOCK,14.0,16.1,11.9,14.1,14.6,14.1,14.6,14.385,13.451,13.928,13.451,13.928,13.722,1713090.0,24642003000.0,0.0,0.0,0.6,0.5724,4.2857
POW,2018-11-21,15:11:01,UPCOM,STOCK,14.1,16.2,12.0,14.0,14.3,13.7,14.2,14.047,13.355,13.642,13.069,13.546,13.4,705927.0,9915969900.0,0.0,0.0,0.1,0.0954,0.7092
POW,2018-11-20,15:11:01,UPCOM,STOCK,14.3,16.4,12.2,14.2,14.3,14.0,14.2,14.072,13.546,13.642,13.355,13.546,13.424,608860.0,8567995000.0,0.0,0.0,-0.1,-0.0954,-0.6993
POW,2018-11-19,15:11:01,UPCOM,STOCK,14.0,16.1,11.9,14.4,14.6,14.1,14.3,14.301,13.737,13.928,13.451,13.642,13.643,1083143.0,15489667900.0,0.0,0.0,0.3,0.2862,2.1429
POW,2018-11-16,15:11:02,UPCOM,STOCK,13.4,15.4,11.4,13.5,14.4,13.5,14.2,14.041,12.878,13.737,12.878,13.546,13.395,2029903.0,28501425200.0,0.0,0.0,0.8,0.7632,5.9701
POW,2018-11-15,15:11:01,UPCOM,STOCK,13.6,15.6,11.6,13.6,13.6,13.3,13.4,13.44,12.974,12.974,12.688,12.783,12.821,435230.0,5849655000.0,0.0,0.0,-0.2,-0.1908,-1.4706
POW,2018-11-14,15:11:01,UPCOM,STOCK,13.7,15.7,11.7,13.7,13.8,13.4,13.5,13.581,13.069,13.165,12.783,12.878,12.956,666702.0,9054357400.0,0.0,0.0,-0.2,-0.1908,-1.4599
POW,2018-11-13,15:11:01,UPCOM,STOCK,13.9,15.9,11.9,13.8,13.9,13.6,13.8,13.705,13.165,13.26,12.974,13.165,13.074,586620.0,8039838000.0,0.0,0.0,-0.1,-0.0954,-0.7194
POW,2018-11-12,15:11:01,UPCOM,STOCK,14.0,16.1,11.9,13.7,14.0,13.7,13.9,13.888,13.069,13.355,13.069,13.26,13.248,422097.0,5862036600.0,0.0,0.0,-0.1,-0.0954,-0.7143
POW,2018-11-09,15:11:01,UPCOM,STOCK,14.2,16.3,12.1,14.3,14.3,13.8,13.8,13.995,13.642,13.642,13.165,13.165,13.35,865720.0,12115592600.0,0.0,0.0,-0.4,-0.3816,-2.8169
POW,2018-11-08,15:11:01,UPCOM,STOCK,13.8,15.8,11.8,14.0,14.4,13.9,14.4,14.224,13.355,13.737,13.26,13.737,13.569,1541791.0,21929782400.0,0.0,0.0,0.6,0.5724,4.3478
POW,2018-11-07,15:11:02,UPCOM,STOCK,14.0,16.1,11.9,14.0,14.0,13.7,13.9,13.841,13.355,13.355,13.069,13.26,13.204,385667.0,5337848300.0,0.0,0.0,-0.1,-0.0954,-0.7143
POW,2018-11-06,15:11:01,UPCOM,STOCK,13.7,15.7,11.7,13.8,14.2,13.8,14.0,13.986,13.165,13.546,13.165,13.355,13.342,1149809.0,16080694000.000002,0.0,0.0,0.3,0.2862,2.1898
POW,2018-11-05,15:11:01,UPCOM,STOCK,13.7,15.7,11.7,13.7,13.9,13.6,13.8,13.731,13.069,13.26,12.974,13.165,13.099,493960.0,6782652000.0,0.0,0.0,0.1,0.0954,0.7299
POW,2018-11-02,15:11:01,UPCOM,STOCK,13.7,15.7,11.7,13.6,13.9,13.6,13.8,13.745,12.974,13.26,12.974,13.165,13.112,559767.0,7693870100.0,0.0,0.0,0.1,0.0954,0.7299
POW,2018-11-01,15:11:01,UPCOM,STOCK,13.7,15.7,11.7,13.8,13.8,13.6,13.6,13.701,13.165,13.165,12.974,12.974,13.07,455510.0,6241027000.0,0.0,0.0,-0.1,-0.0954,-0.7299
POW,2018-10-31,15:10:01,UPCOM,STOCK,13.5,15.5,11.5,13.8,14.0,13.6,13.9,13.738,13.165,13.355,12.974,13.26,13.106,822940.0,11305182000.0,0.0,0.0,0.4,0.3816,2.963
POW,2018-10-30,15:10:01,UPCOM,STOCK,13.6,15.6,11.6,13.6,13.6,13.4,13.6,13.498,12.974,12.974,12.783,12.974,12.876,809993.0,10933154800.0,0.0,0.0,0.0,0.0,0.0
POW,2018-10-29,15:10:01,UPCOM,STOCK,13.7,15.7,11.7,13.7,13.8,13.5,13.5,13.626,13.069,13.165,12.878,12.878,12.998,625800.0,8527089999.999999,0.0,0.0,-0.2,-0.1908,-1.4599
POW,2018-10-26,15:10:01,UPCOM,STOCK,13.4,15.4,11.4,13.7,14.0,13.6,13.8,13.731,13.069,13.355,12.974,13.165,13.099,592140.0,8130407999.999999,0.0,0.0,0.4,0.3816,2.9851
POW,2018-10-25,15:10:01,UPCOM,STOCK,13.9,15.9,11.9,13.3,13.8,13.0,13.8,13.447,12.688,13.165,12.401,13.165,12.828,1658171.0,22297323500.0,0.0,0.0,-0.1,-0.0954,-0.7194
POW,2018-10-24,15:10:01,UPCOM,STOCK,14.1,16.2,12.0,14.0,14.2,13.4,13.7,13.9,13.355,13.546,12.783,13.069,13.26,1657100.0,23034140000.0,0.0,0.0,-0.4,-0.3816,-2.8369
POW,2018-10-23,15:10:01,UPCOM,STOCK,14.3,16.4,12.2,14.1,14.2,13.8,14.1,14.074,13.451,13.546,13.165,13.451,13.426,1658420.0,23340341000.0,0.0,0.0,-0.2,-0.1908,-1.3986
POW,2018-10-22,15:10:01,UPCOM,STOCK,14.2,16.3,12.1,14.3,14.5,14.1,14.2,14.317,13.642,13.832,13.451,13.546,13.657,803910.0,11509194000.0,0.0,0.0,0.0,0.0,0.0
POW,2018-10-19,15:10:01,UPCOM,STOCK,14.6,16.7,12.5,14.4,14.4,14.1,14.2,14.196,13.737,13.737,13.451,13.546,13.542,2106500.0,29903959999.999996,0.0,0.0,-0.4,-0.3816,-2.7397
POW,2018-10-18,15:10:01,UPCOM,STOCK,14.9,17.1,12.7,14.8,14.9,14.4,14.4,14.605,14.119,14.214,13.737,13.737,13.933,1474055.0,21529198500.0,0.0,0.0,-0.5,-0.477,-3.3557
POW,2018-10-17,15:10:01,UPCOM,STOCK,14.7,16.9,12.5,14.8,15.2,14.7,14.8,14.924,14.119,14.5,14.023,14.119,14.237,989425.0,14765771999.999998,0.0,0.0,0.1,0.0954,0.6803
POW,2018-10-16,15:10:01,UPCOM,STOCK,14.9,17.1,12.7,14.9,15.0,14.5,14.6,14.678,14.214,14.31,13.832,13.928,14.002,1852950.0,27198212999.999996,0.0,0.0,-0.3,-0.2862,-2.0134
POW,2018-10-15,15:10:01,UPCOM,STOCK,14.8,17.0,12.6,15.1,15.2,14.7,14.8,14.907,14.405,14.5,14.023,14.119,14.221,1275500.0,19013308600.000004,0.0,0.0,0.0,0.0,0.0
POW,2018-10-12,15:10:01,UPCOM,STOCK,14.3,16.4,12.2,14.1,15.2,13.8,15.1,14.789,13.451,14.5,13.165,14.405,14.108,2866537.0,42393957400.0,0.0,0.0,0.8,0.7632,5.5944
POW,2018-10-11,15:10:01,UPCOM,STOCK,15.4,17.7,13.1,15.2,15.3,13.8,14.4,14.331,14.5,14.596,13.165,13.737,13.671,4019253.0,57600157700.0,0.0,0.0,-1.0,-0.954,-6.4935
POW,2018-10-10,15:10:01,UPCOM,STOCK,15.3,17.5,13.1,15.3,15.6,15.1,15.5,15.368,14.596,14.882,14.405,14.787,14.661,1646091.0,25297355400.0,0.0,0.0,0.2,0.1908,1.3072
POW,2018-10-09,15:10:01,UPCOM,STOCK,15.6,17.9,13.3,15.5,15.6,15.0,15.2,15.34,14.787,14.882,14.31,14.5,14.633,2149499.0,32972505000.0,0.0,0.0,-0.4,-0.3816,-2.5641
POW,2018-10-08,15:10:02,UPCOM,STOCK,16.2,18.6,13.8,16.1,16.1,15.4,15.5,15.571,15.359,15.359,14.691,14.787,14.854,2445695.0,38081394000.0,0.0,0.0,-0.7,-0.6678,-4.321
POW,2018-10-05,15:10:01,UPCOM,STOCK,16.5,18.9,14.1,16.5,16.5,15.8,15.9,16.187,15.741,15.741,15.073,15.168,15.442,3367523.0,54509743300.0,0.0,0.0,-0.6,-0.5724,-3.6364
POW,2018-10-04,15:10:01,UPCOM,STOCK,16.6,19.0,14.2,16.8,16.8,16.4,16.5,16.523,16.026,16.026,15.645,15.741,15.762,3301577.0,54552831300.0,0.0,0.0,-0.1,-0.0954,-0.6024
POW,2018-10-03,15:10:01,UPCOM,STOCK,16.6,19.0,14.2,16.5,16.7,16.4,16.6,16.556,15.741,15.93,15.645,15.835,15.794,1705816.0,28241808400.0,0.0,0.0,0.0,0.0,0.0
POW,2018-10-02,15:10:01,UPCOM,STOCK,16.7,19.2,14.2,16.7,16.8,16.4,16.6,16.602,15.93,16.026,15.645,15.835,15.837,4365303.0,72474722300.0,0.0,0.0,-0.1,-0.0954,-0.5988
POW,2018-10-01,15:10:01,UPCOM,STOCK,16.5,18.9,14.1,16.7,16.9,16.4,16.5,16.716,15.93,16.121,15.645,15.741,15.946,3473515.0,58062782500.0,0.0,0.0,0.0,0.0,0.0
POW,2018-09-28,15:09:01,UPCOM,STOCK,16.0,18.4,13.6,16.2,16.7,16.2,16.7,16.514,15.454,15.93,15.454,15.93,15.753,5984645.0,98830327200.0,0.0,0.0,0.7,0.6677,4.375
POW,2018-09-27,15:09:01,UPCOM,STOCK,16.0,18.4,13.6,16.0,16.2,15.9,16.2,16.033,15.264,15.454,15.168,15.454,15.295,2097285.0,33626672800.0,0.0,0.0,0.2,0.1908,1.25
POW,2018-09-26,15:09:01,UPCOM,STOCK,16.1,18.5,13.7,16.1,16.2,15.9,16.0,16.043,15.359,15.454,15.168,15.264,15.304,2119376.0,34002014900.0,0.0,0.0,-0.1,-0.0954,-0.6211
POW,2018-09-25,15:09:01,UPCOM,STOCK,15.8,18.1,13.5,15.8,16.3,15.8,16.1,16.097,15.073,15.55,15.073,15.359,15.356,2615932.0,42107789700.00001,0.0,0.0,0.3,0.2862,1.8987
POW,2018-09-24,15:09:01,UPCOM,STOCK,15.9,18.2,13.6,15.9,16.1,15.7,15.9,15.843,15.168,15.359,14.977,15.168,15.113,1859443.0,29459594000.0,0.0,0.0,0.0,0.0,0.0
POW,2018-09-21,15:09:01,UPCOM,STOCK,16.0,18.4,13.6,16.5,16.5,15.5,15.9,15.918,15.741,15.741,14.787,15.168,15.185,3322352.0,52886418299.99999,0.0,0.0,-0.1,-0.0954,-0.625
POW,2018-09-20,15:09:02,UPCOM,STOCK,15.3,17.5,13.1,15.4,16.4,15.4,16.3,15.951,14.691,15.645,14.691,15.55,15.216,4010545.0,63970464800.0,0.0,0.0,1.0,0.954,6.5359
POW,2018-09-19,15:09:01,UPCOM,STOCK,15.0,17.2,12.8,15.1,15.4,14.9,15.3,15.302,14.405,14.691,14.214,14.596,14.598,2621699.0,40117482200.0,0.0,0.0,0.3,0.2862,2.0
POW,2018-09-18,15:09:01,UPCOM,STOCK,15.1,17.3,12.9,15.1,15.1,14.9,15.1,14.973,14.405,14.405,14.214,14.405,14.284,2865790.0,42910547000.0,0.0,0.0,0.0,0.0,0.0
POW,2018-09-17,15:09:01,UPCOM,STOCK,14.8,17.0,12.6,14.8,15.3,14.8,15.1,15.105,14.119,14.596,14.119,14.405,14.41,2722172.0,41117554200.0,0.0,0.0,0.3,0.2862,2.027
POW,2018-09-14,15:09:02,UPCOM,STOCK,14.7,16.9,12.5,14.6,15.0,14.6,14.8,14.828,13.928,14.31,13.928,14.119,14.145,1299603.0,19270958099.999996,0.0,0.0,0.1,0.0954,0.6803
POW,2018-09-13,15:09:01,UPCOM,STOCK,14.9,17.1,12.7,14.7,14.9,14.6,14.7,14.696,14.023,14.214,13.928,14.023,14.019,1475238.0,21679617000.0,0.0,0.0,-0.2,-0.1908,-1.3423
POW,2018-09-12,15:09:02,UPCOM,STOCK,14.9,17.1,12.7,15.0,15.1,14.7,14.7,14.859,14.31,14.405,14.023,14.023,14.175,1712540.0,25446590000.0,0.0,0.0,-0.2,-0.1908,-1.3423
POW,2018-09-11,15:09:01,UPCOM,STOCK,14.4,16.5,12.3,14.6,15.0,14.5,15.0,14.852,13.928,14.31,13.832,14.31,14.168,4406265.0,65439982400.00001,0.0,0.0,0.6,0.5724,4.1667
POW,2018-09-10,15:09:01,UPCOM,STOCK,14.0,16.1,11.9,14.2,14.6,14.1,14.6,14.418,13.546,13.928,13.451,13.928,13.754,4048811.0,58374567700.0,0.0,0.0,0.6,0.5724,4.2857
POW,2018-09-07,15:09:01,UPCOM,STOCK,13.7,15.7,11.7,13.7,14.2,13.7,14.1,14.023,13.069,13.546,13.069,13.451,13.377,1986280.0,27854479700.0,0.0,0.0,0.4,0.3816,2.9197
POW,2018-09-06,15:09:01,UPCOM,STOCK,13.6,15.6,11.6,13.5,13.9,13.5,13.8,13.709,12.878,13.26,12.878,13.165,13.078,591107.0,8103454500.0,0.0,0.0,0.2,0.1908,1.4706
POW,2018-09-05,15:09:01,UPCOM,STOCK,13.9,15.9,11.9,13.7,13.8,13.4,13.7,13.596,13.069,13.165,12.783,13.069,12.97,1462960.0,19890770400.0,0.0,0.0,-0.2,-0.1908,-1.4388
POW,2018-09-04,15:09:01,UPCOM,STOCK,14.1,16.2,12.0,14.1,14.1,13.8,13.8,13.86,13.451,13.451,13.165,13.165,13.222,1650290.0,22873327000.0,0.0,0.0,-0.3,-0.2862,-2.1277
POW,2018-08-31,15:08:02,UPCOM,STOCK,14.0,16.1,11.9,14.3,14.3,13.9,14.1,14.126,13.642,13.642,13.26,13.451,13.475,3188217.0,45036454300.0,0.0,0.0,0.1,0.0954,0.7143
POW,2018-08-30,15:08:16,UPCOM,STOCK,13.8,15.8,11.8,13.9,14.2,13.7,14.1,13.962,13.26,13.546,13.069,13.451,13.319,2004651.0,27988194600.0,0.0,0.0,0.3,0.2862,2.1739
POW,2018-08-29,15:08:02,UPCOM,STOCK,13.2,15.1,11.3,13.3,14.0,13.3,13.9,13.785,12.688,13.355,12.688,13.26,13.15,3400083.0,46869227699.99999,0.0,0.0,0.7,0.6678,5.303
POW,2018-08-28,15:08:02,UPCOM,STOCK,13.1,15.0,11.2,13.3,13.4,13.2,13.3,13.221,12.688,12.783,12.592,12.688,12.612,1527425.0,20193939500.0,0.0,0.0,0.2,0.1908,1.5267
POW,2018-08-27,15:08:01,UPCOM,STOCK,13.2,15.1,11.3,13.1,13.3,13.0,13.3,13.133,12.497,12.688,12.401,12.688,12.528,1136652.0,14927965400.0,0.0,0.0,0.1,0.0954,0.7576
POW,2018-08-24,15:08:01,UPCOM,STOCK,13.2,15.1,11.3,13.3,13.3,13.1,13.1,13.184,12.688,12.688,12.497,12.497,12.576,273220.0,3602016000.0,0.0,0.0,-0.1,-0.0954,-0.7576
POW,2018-08-23,15:08:01,UPCOM,STOCK,13.1,15.0,11.2,13.2,13.3,13.1,13.2,13.182,12.592,12.688,12.497,12.592,12.575,448010.0,5905562000.0,0.0,0.0,0.1,0.0954,0.7634
POW,2018-08-22,15:08:01,UPCOM,STOCK,13.1,15.0,11.2,13.2,13.3,13.0,13.1,13.123,12.592,12.688,12.401,12.497,12.518,502713.0,6597350300.0,0.0,0.0,0.0,0.0,0.0
POW,2018-08-21,15:08:01,UPCOM,STOCK,13.1,15.0,11.2,13.1,13.3,13.0,13.0,13.05,12.497,12.688,12.401,12.401,12.45,471320.0,6150899000.0,0.0,0.0,-0.1,-0.0954,-0.7634
POW,2018-08-20,15:08:01,UPCOM,STOCK,13.2,15.1,11.3,13.2,13.3,13.0,13.0,13.139,12.592,12.688,12.401,12.401,12.534,270855.0,3558817000.0,0.0,0.0,-0.2,-0.1908,-1.5152
POW,2018-08-17,15:08:01,UPCOM,STOCK,12.8,14.7,10.9,13.2,13.4,13.0,13.2,13.223,12.592,12.783,12.401,12.592,12.614,808090.0,10685090000.0,0.0,0.0,0.4,0.3816,3.125
POW,2018-08-16,15:08:01,UPCOM,STOCK,13.2,15.1,11.3,12.9,13.0,12.7,13.0,12.836,12.306,12.401,12.115,12.401,12.245,942255.0,12095141600.0,0.0,0.0,-0.2,-0.1908,-1.5152
POW,2018-08-15,15:08:01,UPCOM,STOCK,13.5,15.5,11.5,13.5,13.6,12.8,13.0,13.181,12.878,12.974,12.21,12.401,12.574,1131472.0,14913972000.0,0.0,0.0,-0.5,-0.477,-3.7037
POW,2018-08-14,15:08:01,UPCOM,STOCK,13.7,15.7,11.7,13.7,13.7,13.4,13.4,13.545,13.069,13.069,12.783,12.783,12.922,988038.0,13383359600.0,0.0,0.0,-0.3,-0.2862,-2.1898
POW,2018-08-13,15:08:01,UPCOM,STOCK,13.7,15.7,11.7,13.7,13.9,13.6,13.7,13.705,13.069,13.26,12.974,13.069,13.074,1984650.0,27200112000.0,0.0,0.0,0.0,0.0,0.0
POW,2018-08-10,15:08:01,UPCOM,STOCK,13.9,15.9,11.9,13.9,13.9,13.5,13.9,13.739,13.26,13.26,12.878,13.26,13.107,1147385.0,15764263000.0,0.0,0.0,0.0,0.0,0.0
POW,2018-08-09,15:08:01,UPCOM,STOCK,13.6,15.6,11.6,13.8,14.1,13.6,13.9,13.915,13.165,13.451,12.974,13.26,13.274,2164320.0,30115925000.0,0.0,0.0,0.3,0.2862,2.2059
POW,2018-08-08,15:08:01,UPCOM,STOCK,0.0,0.0,0.0,13.4,13.8,13.2,13.7,13.568,12.783,13.165,12.592,13.069,12.943,2619510.0,35542667000.0,0.0,0.0,0.0,0.0,0.0
POW,2018-08-07,15:08:01,UPCOM,STOCK,0.0,0.0,0.0,13.2,13.4,13.1,13.3,13.271,12.592,12.783,12.497,12.688,12.66,721763.0,9578487899.999998,0.0,0.0,0.0,0.0,0.0
POW,2018-08-06,18:08:21,UPCOM,STOCK,0.0,0.0,0.0,13.5,13.5,13.2,13.3,13.291,12.878,12.878,12.592,12.688,12.679,553870.0,7361434400.0,0.0,0.0,0.0,0.0,0.0
POW,2018-08-03,15:08:01,UPCOM,STOCK,12.8,14.7,10.9,13.0,13.6,12.9,13.3,13.318,12.401,12.974,12.306,12.688,12.704,2312204.0,30793809999.999996,0.0,0.0,0.5,0.477,3.9063
POW,2018-08-02,15:08:01,UPCOM,STOCK,12.9,14.8,11.0,12.9,13.0,12.7,12.9,12.8,12.306,12.401,12.115,12.306,12.21,503478.0,6444678700.0,0.0,0.0,0.0,0.0,0.0
POW,2018-08-01,15:08:01,UPCOM,STOCK,13.1,15.0,11.2,13.0,13.1,12.8,13.0,12.945,12.401,12.497,12.21,12.401,12.349,869520.0,11256174000.0,0.0,0.0,-0.1,-0.0954,-0.7634
POW,2018-07-31,15:07:01,UPCOM,STOCK,13.1,15.0,11.2,13.1,13.3,12.9,13.1,13.1,12.497,12.688,12.306,12.497,12.497,1040300.0,13627629999.999998,0.0,0.0,0.0,0.0,0.0
POW,2018-07-30,15:07:01,UPCOM,STOCK,13.0,14.9,11.1,13.1,13.3,13.0,13.2,13.116,12.497,12.688,12.401,12.592,12.512,1077075.0,14126540500.0,0.0,0.0,0.2,0.1908,1.5385
POW,2018-07-27,15:07:11,UPCOM,STOCK,12.7,14.6,10.8,12.7,13.2,12.5,13.1,12.989,12.115,12.592,11.924,12.497,12.39,2084160.0,27071079000.0,0.0,0.0,0.4,0.3816,3.1496
POW,2018-07-26,15:07:01,UPCOM,STOCK,12.7,14.6,10.8,12.6,12.8,12.5,12.7,12.655,12.02,12.21,11.924,12.115,12.072,607800.0,7691790000.0,0.0,0.0,0.0,0.0,0.0
POW,2018-07-25,15:07:01,UPCOM,STOCK,12.6,14.4,10.8,12.6,12.8,12.6,12.6,12.654,12.02,12.21,12.02,12.02,12.071,1128100.0,14274660000.0,0.0,0.0,0.0,0.0,0.0
POW,2018-07-24,15:07:01,UPCOM,STOCK,12.7,14.6,10.8,12.6,12.9,12.3,12.6,12.614,12.02,12.306,11.733,12.02,12.033,1534210.0,19352013999.999996,0.0,0.0,-0.1,-0.0954,-0.7874
POW,2018-07-23,15:07:01,UPCOM,STOCK,12.8,14.7,10.9,12.9,12.9,12.5,12.6,12.65,12.306,12.306,11.924,12.02,12.068,802090.0,10146603000.0,0.0,0.0,-0.2,-0.1908,-1.5625
POW,2018-07-20,15:07:01,UPCOM,STOCK,12.7,14.6,10.8,13.0,13.0,12.6,12.9,12.841,12.401,12.401,12.02,12.306,12.25,1244770.0,15984468000.0,0.0,0.0,0.2,0.1908,1.5748
POW,2018-07-19,15:07:01,UPCOM,STOCK,11.5,13.2,9.8,11.7,13.2,11.7,13.0,12.733,11.161,12.592,11.161,12.401,12.147,3757005.0,47837330000.0,0.0,0.0,1.5,1.4309,13.0435
POW,2018-07-18,15:07:01,UPCOM,STOCK,10.9,12.5,9.3,11.0,11.8,10.9,11.8,11.509,10.493,11.256,10.398,11.256,10.979,2205187.0,25378749600.0,0.0,0.0,0.9,0.8585,8.2569
POW,2018-07-17,15:07:02,UPCOM,STOCK,11.0,12.6,9.4,11.1,11.1,10.9,11.0,10.926,10.589,10.589,10.398,10.493,10.423,697600.0,7621680000.0,0.0,0.0,0.0,0.0,0.0
POW,2018-07-16,15:07:01,UPCOM,STOCK,10.9,12.5,9.3,10.9,11.1,10.9,11.0,10.974,10.398,10.589,10.398,10.493,10.469,315451.0,3461918900.0,0.0,0.0,0.1,0.0954,0.9174
POW,2018-07-13,15:07:02,UPCOM,STOCK,10.8,12.4,9.2,10.8,11.0,10.7,11.0,10.867,10.302,10.493,10.207,10.493,10.366,489946.0,5324195000.0,0.0,0.0,0.2,0.1908,1.8519
POW,2018-07-12,15:07:01,UPCOM,STOCK,11.0,12.6,9.4,11.0,11.0,10.7,11.0,10.821,10.493,10.493,10.207,10.493,10.323,1317750.0,14259040000.0,0.0,0.0,0.0,0.0,0.0
POW,2018-07-11,15:07:01,UPCOM,STOCK,11.4,13.1,9.7,11.6,11.6,10.8,11.1,10.974,11.066,11.066,10.302,10.589,10.469,1295200.0,14213480000.0,0.0,0.0,-0.3,-0.2862,-2.6316
POW,2018-07-10,15:07:01,UPCOM,STOCK,11.8,13.5,10.1,11.9,11.9,11.3,11.6,11.429,11.352,11.352,10.779,11.066,10.902,851630.0,9733548000.0,0.0,0.0,-0.2,-0.1908,-1.6949
POW,2018-07-09,15:07:01,UPCOM,STOCK,11.7,13.4,10.0,11.8,12.1,11.4,11.7,11.766,11.256,11.543,10.875,11.161,11.224,1407200.0,16557179999.999998,0.0,0.0,0.0,0.0,0.0
POW,2018-07-06,15:07:01,UPCOM,STOCK,12.0,13.8,10.2,12.0,12.1,11.4,11.8,11.733,11.447,11.543,10.875,11.256,11.192,1868830.0,21926487000.0,0.0,0.0,-0.2,-0.1908,-1.6667
POW,2018-07-05,15:07:01,UPCOM,STOCK,12.2,14.0,10.4,12.3,12.4,11.7,12.0,11.981,11.733,11.829,11.161,11.447,11.43,816591.0,9783517300.0,0.0,0.0,-0.2,-0.1908,-1.6393
POW,2018-07-04,15:07:02,UPCOM,STOCK,12.6,14.4,10.8,12.4,12.5,12.0,12.4,12.225,11.829,11.924,11.447,11.829,11.662,1150780.0,14068221000.0,0.0,0.0,-0.2,-0.1908,-1.5873
POW,2018-07-03,15:07:01,UPCOM,STOCK,12.8,14.7,10.9,12.8,12.9,12.4,12.4,12.565,12.21,12.306,11.829,11.829,11.986,1193780.0,15000452000.0,0.0,0.0,-0.4,-0.3816,-3.125
POW,2018-07-02,15:07:01,UPCOM,STOCK,13.1,15.0,11.2,13.1,13.1,12.7,12.8,12.83,12.497,12.497,12.115,12.21,12.239,730416.0,9371469600.0,0.0,0.0,-0.3,-0.2862,-2.2901
POW,2018-06-29,15:06:01,UPCOM,STOCK,13.1,15.0,11.2,13.1,13.3,12.9,13.1,13.074,12.497,12.688,12.306,12.497,12.472,831540.0,10871253000.0,0.0,0.0,0.0,0.0,0.0
POW,2018-06-28,15:06:01,UPCOM,STOCK,13.4,15.4,11.4,13.3,13.4,13.0,13.1,13.086,12.688,12.783,12.401,12.497,12.483,635970.0,8322445000.0,0.0,0.0,-0.3,-0.2862,-2.2388
POW,2018-06-27,15:06:01,UPCOM,STOCK,13.1,15.0,11.2,13.8,13.8,13.2,13.2,13.374,13.165,13.165,12.592,12.592,12.758,712980.0,9535556000.0,0.0,0.0,0.1,0.0954,0.7634
POW,2018-06-26,15:06:01,UPCOM,STOCK,13.3,15.2,11.4,13.3,13.5,12.8,13.5,13.148,12.688,12.878,12.21,12.878,12.543,2845960.0,37419837000.0,0.0,0.0,0.2,0.1908,1.5038
POW,2018-06-25,15:06:01,UPCOM,STOCK,13.1,15.0,11.2,13.3,13.4,13.1,13.1,13.26,12.688,12.783,12.497,12.497,12.649,986135.0,13076599000.0,0.0,0.0,0.0,0.0,0.0
POW,2018-06-22,15:06:01,UPCOM,STOCK,13.1,15.0,11.2,13.0,13.3,13.0,13.0,13.078,12.401,12.688,12.401,12.401,12.476,942700.0,12328280000.0,0.0,0.0,-0.1,-0.0954,-0.7634
POW,2018-06-21,15:06:01,UPCOM,STOCK,12.8,14.7,10.9,13.1,13.2,12.8,13.0,12.924,12.497,12.592,12.21,12.401,12.329,1690195.0,21843455500.0,0.0,0.0,0.2,0.1908,1.5625
POW,2018-06-20,15:06:01,UPCOM,STOCK,13.0,14.9,11.1,13.0,13.5,12.5,13.0,12.846,12.401,12.878,11.924,12.401,12.255,2175293.0,27943273800.0,0.0,0.0,0.0,0.0,0.0
POW,2018-06-19,15:06:01,UPCOM,STOCK,13.6,15.6,11.6,13.5,13.5,12.6,12.9,12.998,12.878,12.878,12.02,12.306,12.399,1394131.0,18120330000.000004,0.0,0.0,-0.7,-0.6678,-5.1471
POW,2018-06-18,15:06:01,UPCOM,STOCK,13.6,15.6,11.6,13.8,13.9,13.4,13.5,13.571,13.165,13.26,12.783,12.878,12.946,1032660.0,14014572000.0,0.0,0.0,-0.1,-0.0954,-0.7353
POW,2018-06-15,15:06:02,UPCOM,STOCK,13.6,15.6,11.6,13.6,13.8,13.5,13.8,13.593,12.974,13.165,12.878,13.165,12.967,830840.0,11293794000.0,0.0,0.0,0.2,0.1908,1.4706
POW,2018-06-14,15:06:01,UPCOM,STOCK,13.6,15.6,11.6,13.6,13.8,13.6,13.6,13.643,12.974,13.165,12.974,12.974,13.015,729128.0,9947823600.0,0.0,0.0,0.0,0.0,0.0
POW,2018-06-13,15:06:01,UPCOM,STOCK,13.6,15.6,11.6,13.6,13.8,13.5,13.7,13.625,12.974,13.165,12.878,13.069,12.997,790800.0,10774610000.0,0.0,0.0,0.1,0.0954,0.7353
POW,2018-06-12,15:06:01,UPCOM,STOCK,13.8,15.8,11.8,13.7,13.7,13.5,13.6,13.61,13.069,13.069,12.878,12.974,12.984,517513.0,7043338800.0,0.0,0.0,-0.2,-0.1908,-1.4493
POW,2018-06-11,15:06:02,UPCOM,STOCK,13.8,15.8,11.8,13.8,13.9,13.6,13.9,13.765,13.165,13.26,12.974,13.26,13.131,512900.0,7060140000.0,0.0,0.0,0.1,0.0954,0.7246
POW,2018-06-08,15:06:01,UPCOM,STOCK,14.2,16.3,12.1,14.0,14.1,13.6,13.9,13.835,13.355,13.451,12.974,13.26,13.198,2020050.0,27947859000.0,0.0,0.0,-0.3,-0.2862,-2.1127
POW,2018-06-07,15:06:01,UPCOM,STOCK,14.2,16.3,12.1,14.2,14.3,14.0,14.0,14.156,13.546,13.642,13.355,13.355,13.504,973810.0,13785672000.0,0.0,0.0,-0.2,-0.1908,-1.4085
POW,2018-06-06,15:06:01,UPCOM,STOCK,14.1,16.2,12.0,14.2,14.3,14.1,14.1,14.187,13.546,13.642,13.451,13.451,13.533,1186745.0,16836873500.0,0.0,0.0,0.0,0.0,0.0
POW,2018-06-05,15:06:01,UPCOM,STOCK,14.0,16.1,11.9,14.2,14.4,14.0,14.2,14.117,13.546,13.737,13.355,13.546,13.467,2905010.0,41009231000.0,0.0,0.0,0.2,0.1908,1.4286
POW,2018-06-04,15:06:01,UPCOM,STOCK,14.0,16.1,11.9,14.1,14.2,13.9,14.2,13.971,13.451,13.546,13.26,13.546,13.328,745251.0,10411620300.0,0.0,0.0,0.2,0.1908,1.4286
POW,2018-06-01,15:06:01,UPCOM,STOCK,14.0,16.1,11.9,13.9,14.1,13.9,14.1,13.966,13.26,13.451,13.26,13.451,13.323,957870.0,13377441500.0,0.0,0.0,0.1,0.0954,0.7143
POW,2018-05-31,15:05:02,UPCOM,STOCK,13.7,15.7,11.7,13.7,14.1,13.6,14.0,13.989,13.069,13.451,12.974,13.355,13.345,1830351.0,25605062100.0,0.0,0.0,0.3,0.2862,2.1898
POW,2018-05-30,15:05:01,UPCOM,STOCK,13.8,15.8,11.8,13.8,13.9,13.5,13.7,13.655,13.165,13.26,12.878,13.069,13.026,475750.0,6496166000.0,0.0,0.0,-0.1,-0.0954,-0.7246
POW,2018-05-29,15:05:01,UPCOM,STOCK,13.6,15.6,11.6,13.3,14.0,13.3,13.9,13.768,12.688,13.355,12.688,13.26,13.134,728556.0,10030815500.0,0.0,0.0,0.3,0.2862,2.2059
POW,2018-05-28,15:05:01,UPCOM,STOCK,14.2,16.3,12.1,14.0,14.1,13.2,13.4,13.623,13.355,13.451,12.592,12.783,12.995,2170653.0,29570610800.0,0.0,0.0,-0.8,-0.7632,-5.6338
POW,2018-05-25,15:05:01,UPCOM,STOCK,14.1,16.2,12.0,14.0,14.4,13.9,14.2,14.196,13.355,13.737,13.26,13.546,13.542,2197911.0,31202625899.999996,0.0,0.0,0.1,0.0954,0.7092
POW,2018-05-24,15:05:02,UPCOM,STOCK,14.1,16.2,12.0,14.2,14.4,13.9,14.2,14.097,13.546,13.737,13.26,13.546,13.448,388138.0,5471403400.0,0.0,0.0,0.1,0.0954,0.7092
POW,2018-05-23,15:05:01,UPCOM,STOCK,14.0,16.1,11.9,13.8,14.4,13.7,14.2,14.115,13.165,13.737,13.069,13.546,13.465,1919170.0,27089591000.0,0.0,0.0,0.2,0.1908,1.4286
POW,2018-05-22,15:05:01,UPCOM,STOCK,14.7,16.9,12.5,14.4,14.5,13.6,14.0,14.0,13.737,13.832,12.974,13.355,13.355,1429020.0,20005881000.0,0.0,0.0,-0.7,-0.6678,-4.7619
POW,2018-05-21,15:05:02,UPCOM,STOCK,14.7,16.9,12.5,14.8,15.0,14.4,14.6,14.683,14.119,14.31,13.737,13.928,14.007,3160750.0,46410160000.0,0.0,0.0,-0.1,-0.0954,-0.6803
POW,2018-05-18,15:05:49,UPCOM,STOCK,14.5,16.6,12.4,14.5,15.0,14.4,14.8,14.739,13.832,14.31,13.737,14.119,14.061,1976452.0,29130624200.0,0.0,0.0,0.3,0.2862,2.069
POW,2018-05-17,15:05:01,UPCOM,STOCK,14.4,16.5,12.3,14.5,14.6,14.3,14.5,14.454,13.832,13.928,13.642,13.832,13.788,1184478.0,17120618000.0,0.0,0.0,0.1,0.0954,0.6944
POW,2018-05-16,15:05:01,UPCOM,STOCK,14.4,16.5,12.3,14.5,14.6,14.3,14.5,14.442,13.832,13.928,13.642,13.832,13.777,693830.0,10020617000.0,0.0,0.0,0.1,0.0954,0.6944
POW,2018-05-15,15:05:02,UPCOM,STOCK,14.0,16.1,11.9,13.8,14.6,13.8,14.4,14.374,13.165,13.928,13.165,13.737,13.712,1895181.0,27241136200.0,0.0,0.0,0.4,0.3816,2.8571
POW,2018-05-14,15:05:02,UPCOM,STOCK,13.9,15.9,11.9,14.0,14.2,13.8,14.1,14.027,13.355,13.546,13.165,13.451,13.381,623290.0,8742962000.0,0.0,0.0,0.2,0.1908,1.4388
POW,2018-05-11,15:05:01,UPCOM,STOCK,13.9,15.9,11.9,13.8,14.1,13.7,14.0,13.896,13.165,13.451,13.069,13.355,13.256,819030.0,11381620000.0,0.0,0.0,0.1,0.0954,0.7194
POW,2018-05-10,15:05:01,UPCOM,STOCK,14.5,16.6,12.4,14.2,14.3,13.7,13.7,13.905,13.546,13.642,13.069,13.069,13.265,1152051.0,16019611000.000002,0.0,0.0,-0.8,-0.7632,-5.5172
POW,2018-05-09,15:05:01,UPCOM,STOCK,14.4,16.5,12.3,14.4,14.9,14.2,14.2,14.517,13.737,14.214,13.546,13.546,13.848,1083060.0,15722572000.0,0.0,0.0,-0.2,-0.1908,-1.3889
POW,2018-05-08,15:05:02,UPCOM,STOCK,14.4,16.5,12.3,14.6,14.6,14.2,14.4,14.379,13.928,13.928,13.546,13.737,13.716,1537398.0,22106340900.0,0.0,0.0,0.0,0.0,0.0
POW,2018-05-07,15:05:01,UPCOM,STOCK,13.3,15.2,11.4,13.8,15.1,13.6,14.4,14.373,13.165,14.405,12.974,13.737,13.711,1944203.0,27944844700.0,0.0,0.0,1.1,1.0494,8.2707
POW,2018-05-04,15:05:01,UPCOM,STOCK,13.1,15.0,11.2,13.2,13.5,13.2,13.4,13.322,12.592,12.878,12.592,12.783,12.708,976440.0,13007655999.999998,0.0,0.0,0.3,0.2862,2.2901
POW,2018-05-03,15:05:01,UPCOM,STOCK,13.6,15.6,11.6,13.6,13.6,12.9,13.3,13.056,12.974,12.974,12.306,12.688,12.454,1736969.0,22677361900.0,0.0,0.0,-0.3,-0.2862,-2.2059
POW,2018-05-02,15:05:01,UPCOM,STOCK,13.5,15.5,11.5,13.6,14.2,13.4,13.5,13.589,12.974,13.546,12.783,12.878,12.963,1171176.0,15915277500.0,0.0,0.0,0.0,0.0,0.0
POW,2018-04-27,15:04:01,UPCOM,STOCK,14.0,16.1,11.9,13.8,13.8,13.4,13.6,13.536,13.165,13.165,12.783,12.974,12.913,1100812.0,14901112199.999998,0.0,0.0,-0.4,-0.3816,-2.8571
POW,2018-04-26,15:04:01,UPCOM,STOCK,13.9,15.9,11.9,14.4,14.5,13.5,13.6,13.983,13.737,13.832,12.878,12.974,13.339,2116175.0,29590739300.000004,0.0,0.0,-0.3,-0.2862,-2.1583
POW,2018-04-24,15:04:01,UPCOM,STOCK,14.2,16.3,12.1,14.2,14.3,13.7,13.8,13.937,13.546,13.642,13.069,13.165,13.295,1109190.0,15458486000.0,0.0,0.0,-0.4,-0.3816,-2.8169
POW,2018-04-23,15:04:01,UPCOM,STOCK,14.4,16.5,12.3,14.7,14.8,13.4,14.2,14.205,14.023,14.119,12.783,13.546,13.551,859630.0,12211358000.0,0.0,0.0,-0.2,-0.1908,-1.3889
POW,2018-04-20,15:04:01,UPCOM,STOCK,14.6,16.7,12.5,14.5,14.7,14.2,14.6,14.401,13.832,14.023,13.546,13.928,13.738,1461117.0,21041497500.000004,0.0,0.0,0.0,0.0,0.0
POW,2018-04-19,15:04:02,UPCOM,STOCK,15.2,17.4,13.0,15.2,15.2,14.5,14.6,14.643,14.5,14.5,13.832,13.928,13.968,2236680.0,32752676000.0,0.0,0.0,-0.6,-0.5724,-3.9474
POW,2018-04-18,15:04:01,UPCOM,STOCK,15.5,17.8,13.2,15.6,15.6,15.0,15.1,15.229,14.882,14.882,14.31,14.405,14.528,1683810.0,25643186000.0,0.0,0.0,-0.4,-0.3816,-2.5806
POW,2018-04-17,15:04:02,UPCOM,STOCK,15.5,17.8,13.2,15.5,15.6,15.3,15.6,15.461,14.787,14.882,14.596,14.882,14.749,742496.0,11479978000.0,0.0,0.0,0.1,0.0954,0.6452
POW,2018-04-16,15:04:01,UPCOM,STOCK,15.5,17.8,13.2,15.7,15.9,15.3,15.5,15.535,14.977,15.168,14.596,14.787,14.82,1698800.0,26390560000.0,0.0,0.0,0.0,0.0,0.0
POW,2018-04-13,15:04:01,UPCOM,STOCK,15.6,17.9,13.3,15.6,15.7,15.3,15.6,15.513,14.882,14.977,14.596,14.882,14.798,1503780.0,23328409000.0,0.0,0.0,0.0,0.0,0.0
POW,2018-04-12,15:04:01,UPCOM,STOCK,15.7,18.0,13.4,15.6,15.7,15.5,15.7,15.602,14.882,14.977,14.787,14.977,14.884,977010.0,15242931000.0,0.0,0.0,0.0,0.0,0.0
POW,2018-04-11,15:04:01,UPCOM,STOCK,15.9,18.2,13.6,15.9,16.0,15.3,15.6,15.655,15.168,15.264,14.596,14.882,14.934,2053300.0,32143610000.000004,0.0,0.0,-0.3,-0.2862,-1.8868
POW,2018-04-10,15:04:01,UPCOM,STOCK,15.9,18.2,13.6,15.9,16.1,15.7,15.9,15.872,15.168,15.359,14.977,15.168,15.141,1485078.0,23571633200.0,0.0,0.0,0.0,0.0,0.0
POW,2018-04-09,15:04:01,UPCOM,STOCK,16.0,18.4,13.6,16.1,16.1,15.7,16.0,15.856,15.359,15.359,14.977,15.264,15.126,1733995.0,27495041500.0,0.0,0.0,0.0,0.0,0.0
POW,2018-04-06,15:04:01,UPCOM,STOCK,16.2,18.6,13.8,16.2,16.3,15.9,16.1,16.038,15.454,15.55,15.168,15.359,15.299,1731257.0,27766499700.0,0.0,0.0,-0.1,-0.0954,-0.6173
POW,2018-04-05,15:04:01,UPCOM,STOCK,16.5,18.9,14.1,16.5,16.6,16.1,16.2,16.242,15.741,15.835,15.359,15.454,15.494,1725227.0,28020888400.0,0.0,0.0,-0.3,-0.2862,-1.8182
POW,2018-04-04,15:04:02,UPCOM,STOCK,16.2,18.6,13.8,16.5,16.9,16.2,16.4,16.458,15.741,16.121,15.454,15.645,15.7,2402101.0,39533266600.0,0.0,0.0,0.2,0.1908,1.2346
POW,2018-04-03,15:04:01,UPCOM,STOCK,16.6,19.0,14.2,16.6,16.6,16.0,16.2,16.189,15.835,15.835,15.264,15.454,15.444,2257070.0,36539320000.0,0.0,0.0,-0.4,-0.3816,-2.4096
POW,2018-04-02,15:04:01,UPCOM,STOCK,16.5,18.9,14.1,16.6,16.8,16.4,16.6,16.55,15.835,16.026,15.645,15.835,15.788,2577643.0,42658842100.0,0.0,0.0,0.1,0.0954,0.6061
POW,2018-03-30,15:03:01,UPCOM,STOCK,16.2,18.6,13.8,16.3,16.7,16.2,16.6,16.482,15.55,15.93,15.454,15.835,15.723,2354364.0,38804971200.0,0.0,0.0,0.4,0.3816,2.4691
POW,2018-03-29,16:03:16,UPCOM,STOCK,15.6,17.9,13.3,15.7,16.6,15.6,16.2,16.185,14.977,15.835,14.882,15.454,15.44,2103906.0,34052605000.0,0.0,0.0,0.6,0.5724,3.8462
POW,2018-03-28,15:03:01,UPCOM,STOCK,15.7,18.0,13.4,15.6,15.7,15.5,15.6,15.579,14.882,14.977,14.787,14.882,14.861,1694196.0,26394149000.0,0.0,0.0,-0.1,-0.0954,-0.6369
POW,2018-03-27,15:03:02,UPCOM,STOCK,15.8,18.1,13.5,15.7,15.8,15.6,15.6,15.69,14.977,15.073,14.882,14.882,14.968,1055477.0,16560858100.0,0.0,0.0,-0.2,-0.1908,-1.2658
POW,2018-03-26,15:03:01,UPCOM,STOCK,16.0,18.4,13.6,16.0,16.0,15.6,15.7,15.786,15.264,15.264,14.882,14.977,15.059,1932826.0,30511252400.0,0.0,0.0,-0.3,-0.2862,-1.875
POW,2018-03-23,15:03:01,UPCOM,STOCK,16.3,18.7,13.9,16.0,16.2,15.6,16.1,15.989,15.264,15.454,14.882,15.359,15.253,3356387.0,53663828300.0,0.0,0.0,-0.2,-0.1908,-1.227
POW,2018-03-22,15:03:01,UPCOM,STOCK,16.8,19.3,14.3,16.8,16.8,16.0,16.3,16.341,16.026,16.026,15.264,15.55,15.588,3131060.0,51165562000.0,0.0,0.0,-0.5,-0.477,-2.9762
POW,2018-03-21,15:03:01,UPCOM,STOCK,16.8,19.3,14.3,17.0,17.0,16.7,16.7,16.807,16.217,16.217,15.93,15.93,16.033,1929052.0,32422179600.0,0.0,0.0,-0.1,-0.0954,-0.5952
POW,2018-03-20,15:03:01,UPCOM,STOCK,16.9,19.4,14.4,17.0,17.0,16.7,16.7,16.807,16.217,16.217,15.93,15.93,16.033,2469883.0,41510130700.0,0.0,0.0,-0.2,-0.1908,-1.1834
POW,2018-03-19,15:03:01,UPCOM,STOCK,17.0,19.5,14.5,17.2,17.3,16.8,17.0,16.945,16.408,16.503,16.026,16.217,16.165,2652660.0,44950129000.00001,0.0,0.0,0.0,0.0,0.0
POW,2018-03-16,15:03:01,UPCOM,STOCK,16.8,19.3,14.3,16.7,17.2,16.7,17.1,17.014,15.93,16.408,15.93,16.312,16.23,3923430.0,66754622000.0,0.0,0.0,0.3,0.2862,1.7857
POW,2018-03-15,15:03:01,UPCOM,STOCK,17.1,19.6,14.6,17.1,17.1,16.6,16.7,16.795,16.312,16.312,15.835,15.93,16.022,3704865.0,62224336499.99999,0.0,0.0,-0.4,-0.3816,-2.3392
POW,2018-03-14,15:03:02,UPCOM,STOCK,17.2,19.7,14.7,17.2,17.3,16.9,17.0,17.09,16.408,16.503,16.121,16.217,16.303,4455422.0,76144977399.99998,0.0,0.0,-0.2,-0.1908,-1.1628
POW,2018-03-13,15:03:01,UPCOM,STOCK,17.3,19.8,14.8,17.3,17.4,17.1,17.2,17.193,16.503,16.598,16.312,16.408,16.402,4454169.0,76578648999.99998,0.0,0.0,-0.1,-0.0954,-0.578
POW,2018-03-12,15:03:01,UPCOM,STOCK,17.3,19.8,14.8,17.7,17.7,17.2,17.3,17.318,16.885,16.885,16.408,16.503,16.521,4343745.0,75223054500.0,0.0,0.0,0.0,0.0,0.0
POW,2018-03-09,15:03:01,UPCOM,STOCK,17.1,19.6,14.6,17.1,17.6,17.1,17.5,17.334,16.312,16.789,16.312,16.694,16.535,5309486.0,92034027000.00002,0.0,0.0,0.4,0.3816,2.3392
POW,2018-03-08,15:03:02,UPCOM,STOCK,17.2,19.7,14.7,17.2,17.5,16.7,17.2,17.068,16.408,16.694,15.93,16.408,16.282,6824944.0,116485332400.0,0.0,0.0,0.0,0.0,0.0
POW,2018-03-07,15:03:01,UPCOM,STOCK,17.5,20.1,14.9,18.2,18.2,16.5,16.8,17.157,17.362,17.362,15.741,16.026,16.367,7174392.0,123090361799.99998,0.0,0.0,-0.7,-0.6678,-4.0
POW,2018-03-06,15:03:02,UPCOM,STOCK,14.9,20.8,9.0,17.5,18.3,16.8,17.8,17.502,16.694,17.457,16.026,16.98,16.696,14922100.0,261168270000.0,0.0,0.0,2.9,2.7664,19.4631
